codec,rate_label,sample_rate,seed,theta_cents,f1_nominal,f2_nominal,reference_label,rep,f1_hat_coded,f2_hat_coded,f1_hat_uncoded,f2_hat_uncoded,f1_crosscheck_coded,f2_crosscheck_coded,disagreement_f1_cents,disagreement_f2_cents,octave_flag,interval_coded_cents,interval_uncoded_cents,residual_coded_cents,residual_uncoded_cents,abs_residual_f2_coded_cents,abs_residual_f2_uncoded_cents
trained_53tet,53tet-Q4,24000,20260826,0.0,440.0,440.0,440Hz_ongrid,0,439.9893639201963,439.9976858176056,439.99999890643517,439.9999989203443,62.85467822518322,62.85673768637592,3368.8519401120425,3368.8279604053164,0,0.032744009477480795,5.472708211618874e-08,0.032744009477480795,5.472708211618874e-08,-0.009105458847282352,-4.248038008234651e-06
trained_53tet,53tet-Q4,24000,20260826,0.0,440.0,440.0,440Hz_ongrid,1,439.99775593198643,440.00152015102964,439.99999890817907,439.99999891358925,62.858389560668336,62.856705927612424,3368.7827400687147,3368.8439217919436,0,0.014810794401435763,2.1287153528899714e-08,0.014810794401435763,2.1287153528899714e-08,0.005981210627536645,-4.274616581728104e-06
trained_53tet,53tet-Q4,24000,20260826,0.0,440.0,440.0,440Hz_ongrid,2,439.98770404055006,439.99732151962064,439.99999891806067,439.9999989143099,62.8565683786786,93.96650147229005,3368.7933483951438,2672.731560563283,0,0.037841796735817314,-1.4757737423427693e-08,0.037841796735817314,-1.4757737423427693e-08,-0.010538842151287198,-4.271780972648458e-06
trained_53tet,53tet-Q4,24000,20260826,0.0,440.0,440.0,440Hz_ongrid,3,439.9797575116435,440.0002965814715,439.9999989132737,439.9999989089345,62.85593136868024,62.8578496028971,3368.779625652748,3368.8076080684928,0,0.0808153249915794,-1.7073045963346246e-08,0.0808153249915794,-1.7073045963346246e-08,0.0011669358378888575,-4.292931275849563e-06
trained_53tet,53tet-Q4,24000,20260826,0.0,440.0,440.0,440Hz_ongrid,4,440.0079398683443,440.0120939592644,439.9999989199129,439.9999989139952,62.85905876080458,93.72616194133923,3368.8043788706373,2677.223359687043,0,0.01634440891657674,-2.3283785200484923e-08,0.01634440891657674,-2.3283785200484923e-08,0.047584514375589165,-4.273019161063769e-06
trained_53tet,53tet-Q4,24000,20260826,0.0,452.8929,452.8929,452.9Hz_+50c,0,452.85345560760965,452.8412696633967,452.8929010465134,452.8929010391853,90.59038260988223,90.58704733393259,2785.9373573489647,2785.954510727674,0,-0.04658682656334722,-2.8012427131366254e-08,-0.04658682656334722,-2.8012427131366254e-08,-0.19737401940453306,3.972402496508183e-06
trained_53tet,53tet-Q4,24000,20260826,0.0,452.8929,452.8929,452.9Hz_+50c,1,452.8361390808351,452.86913018073835,452.8929010416567,452.8929010401568,90.58388905584852,90.58499313135248,2785.9952559274434,2786.1002784322013,0,0.1261234033463852,-5.733684962127663e-09,0.1261234033463852,-5.733684962127663e-09,-0.0908651921457039,3.9761162929140605e-06
trained_53tet,53tet-Q4,24000,20260826,0.0,452.8929,452.8929,452.9Hz_+50c,2,452.9029379557617,452.86489395630474,452.8929010469178,452.8929010376845,90.60097155453104,90.59139380216128,2785.924166365946,2785.961760624383,0,-0.14543035188655581,-3.529528915086247e-08,-0.14543035188655581,-3.529528915086247e-08,-0.10705956220044653,3.966665928475366e-06
trained_53tet,53tet-Q4,24000,20260826,0.0,452.8929,452.8929,452.9Hz_+50c,3,452.86386619634214,452.82519269974046,452.89290104897003,452.8929010538118,90.59121162797261,90.57909899146132,2785.961313066539,2786.04495625793,0,-0.14784958147911084,1.8508245105402287e-08,-0.14784958147911084,1.8508245105402287e-08,-0.25883811915174837,4.028313949343033e-06
trained_53tet,53tet-Q4,24000,20260826,0.0,452.8929,452.8929,452.9Hz_+50c,4,452.8682248000938,452.89400919718565,452.8929010417582,452.89290105219743,90.58201939100834,90.5906098448804,2786.1536515214025,2786.0880419822156,0,0.09856632241156468,3.990534023168282e-08,0.09856632241156468,3.990534023168282e-08,0.004240025806167704,4.022142996677492e-06
trained_53tet,53tet-Q4,24000,20260826,5.0,440.0,441.2726066625215,440Hz_ongrid,0,440.0042062066901,441.28116359842255,439.9999989194952,441.2726035505878,93.88980590549086,147.09518378694193,2674.1722613638167,1901.937786883616,0,5.017021134502855,4.999992042405136,0.017021134502854807,-7.957594863938766e-06,0.033570892306265705,-1.2208973710158361e-05
trained_53tet,53tet-Q4,24000,20260826,5.0,440.0,441.2726066625215,440Hz_ongrid,1,440.01245148524606,441.2516599938979,439.99999891724445,441.2726035387518,62.86035157499933,92.93514514697438,3368.786524267842,2696.7666228757694,0,4.868827290588395,4.999992004825387,-0.1311727094116053,-7.995174613029121e-06,-0.0821815043793608,-1.2255409620057808e-05
trained_53tet,53tet-Q4,24000,20260826,5.0,440.0,441.2726066625215,440Hz_ongrid,2,439.9959124756927,441.2365338420788,439.99999891499056,441.2726035591435,62.86044791443014,93.93074336837118,3368.7187968438166,2678.2595008773283,0,4.874553540164299,4.999992093695618,-0.12544645983570124,-7.906304381855023e-06,-0.14152940103344058,-1.2175407502261169e-05
trained_53tet,53tet-Q4,24000,20260826,5.0,440.0,441.2726066625215,440Hz_ongrid,3,439.98211204479793,441.2637300910152,439.9999989041002,441.2726035445015,62.85480208014803,93.59779764821165,3368.8199944041603,2684.5136163844163,0,5.035558201149284,4.999992079100606,0.035558201149283875,-7.920899394164849e-06,-0.034825586644540746,-1.2232851795212234e-05
trained_53tet,53tet-Q4,24000,20260826,5.0,440.0,441.2726066625215,440Hz_ongrid,4,439.9914428257729,441.28753526444933,439.9999989117146,441.27260353212836,62.85611190659004,94.00955857445433,3368.820631932566,2677.0075672639964,0,5.092237609491117,4.999992000597559,0.09223760949111703,-7.999402440894698e-06,0.058568028935431185,-1.2281395239424132e-05
trained_53tet,53tet-Q4,24000,20260826,5.0,452.8929,454.2027966407925,452.9Hz_+50c,0,452.9041956555708,454.16288923320235,452.89290104729764,454.20279597260856,90.61386806823124,90.84853407870574,2785.6825605374697,2786.0096209184135,0,4.804704335353215,4.999993449744951,-0.19529566464678538,-6.550255048587417e-06,-0.15211728921271747,-2.5468420866386073e-06
trained_53tet,53tet-Q4,24000,20260826,5.0,452.8929,454.2027966407925,452.9Hz_+50c,1,452.83598118088975,454.1776238722598,452.89290103877096,454.20279599500236,90.58667363860364,90.86387661409226,2785.9414342947657,2785.7734405324823,0,5.121641373535286,4.999993567695198,0.1216413735352857,-6.432304801684552e-06,-0.09595088802029775,-2.4614860825671637e-06
trained_53tet,53tet-Q4,24000,20260826,5.0,452.8929,454.2027966407925,452.9Hz_+50c,2,452.855375004402,454.1663883110436,452.8929010336284,454.202795977194,90.59232127879157,151.39801151716543,2785.907646406841,1901.8496195396262,0,5.0046703345627135,4.99999351947497,0.004670334562713485,-6.480525030383433e-06,-0.13877912463093328,-2.5293642556766996e-06
trained_53tet,53tet-Q4,24000,20260826,5.0,452.8929,454.2027966407925,452.9Hz_+50c,3,452.83509366192794,454.158848771254,452.8929010486558,454.20279596911234,90.5876612506468,151.39805801102148,2785.919166722798,1901.820347719454,0,5.053466044050053,4.999993431227221,0.05346604405005273,-6.568772779047549e-06,-0.1675192883201782,-2.560168084640012e-06
trained_53tet,53tet-Q4,24000,20260826,5.0,452.8929,454.2027966407925,452.9Hz_+50c,4,452.80768471341605,454.16987216651063,452.89290104124984,454.20279597391317,129.34421502502173,90.85164964291998,2169.2194948825445,2785.976869109319,0,5.200276578619772,4.999993477836045,0.20027657861977222,-6.522163954691962e-06,-0.12549908843955915,-2.5418693436008966e-06
trained_53tet,53tet-Q4,24000,20260826,10.0,440.0,442.5488940698555,440Hz_ongrid,0,439.9915982048846,442.5320647620076,439.9999989138072,442.5488917551582,93.41481769661156,147.51364979323154,2682.9031896901743,1901.920243613935,0,9.967221361453651,9.999995218753218,-0.03277863854634866,-4.781246781604409e-06,-0.06583684911829782,-9.0550058497944e-06
trained_53tet,53tet-Q4,24000,20260826,10.0,440.0,442.5488940698555,440Hz_ongrid,1,440.00510481842645,442.5534686518592,439.9999989165796,442.5488917577972,92.76848912766557,93.5077158583989,2694.9762135051237,2691.2333399052964,0,9.997810075603763,9.999995218168456,-0.0021899243962373305,-4.781831544065085e-06,0.017895494258408303,-9.044682103078059e-06
trained_53tet,53tet-Q4,24000,20260826,10.0,440.0,442.5488940698555,440Hz_ongrid,2,440.0058394722145,442.5370755678784,439.99999891257096,442.5488917574984,62.857454828793934,147.51500810916914,3368.8402900232427,1901.9239050759243,0,9.930789894620645,9.99999523277221,-0.06921010537935501,-4.767227789415074e-06,-0.04623413710046967,-9.04585109748394e-06
trained_53tet,53tet-Q4,24000,20260826,10.0,440.0,442.5488940698555,440Hz_ongrid,3,439.9976275016167,442.53630902130175,439.99999890971145,442.548891755722,62.85466578608622,94.05449644232131,3368.8847972844296,2681.072410248192,0,9.960101991336408,9.999995237074222,-0.03989800866359161,-4.762925778223348e-06,-0.049232920154669194,-9.052800098429398e-06
trained_53tet,53tet-Q4,24000,20260826,10.0,440.0,442.5488940698555,440Hz_ongrid,4,439.984104552665,442.54892891936686,439.9999989072217,442.5488917616802,62.85537155539259,147.5186219831217,3368.81214926692,1901.9278636888582,0,10.062680049778198,9.999995270178227,0.06268004977819785,-4.729821773352683e-06,0.00013632992672852658,-9.029492095202977e-06
trained_53tet,53tet-Q4,24000,20260826,10.0,452.8929,455.5164818797492,452.9Hz_+50c,0,452.8526822692532,455.45091008209687,452.89290104225273,455.51648048738895,90.58490355857435,227.75337805936422,2786.0391118883813,1199.7877342409415,0,9.904513785090945,9.99999072407285,-0.09548621490905518,-9.275927149943186e-06,-0.24922984061116527,-5.2917987443074446e-06
trained_53tet,53tet-Q4,24000,20260826,10.0,452.8929,455.5164818797492,452.9Hz_+50c,1,452.82424191447166,455.44468570461925,452.89290103715007,455.5164804833719,90.592196965578,91.15083124038424,2785.790998363439,2785.1377556478783,0,9.989583398727188,9.999990728311035,-0.010416601272812187,-9.271688965029057e-06,-0.27288975130467374,-5.307066018797241e-06
trained_53tet,53tet-Q4,24000,20260826,10.0,452.8929,455.5164818797492,452.9Hz_+50c,2,452.84586530233906,455.52574060790073,452.89290103918273,455.51648048177447,90.5832074914846,91.14158794759213,2786.045465831769,2785.6214011273296,0,10.214993085022336,9.99999071447015,0.2149930850223356,-9.28552985079989e-06,0.03518832614292111,-5.3131370245888315e-06
trained_53tet,53tet-Q4,24000,20260826,10.0,452.8929,455.5164818797492,452.9Hz_+50c,3,452.8690165000599,455.55425926979893,452.8929010418669,455.516480482971,90.58344096124829,91.14006879646624,2786.129508730015,2785.758639948834,0,10.234870410608714,9.999990708757064,0.23487041060871405,-9.291242935915989e-06,0.14357063842033066,-5.308589440310065e-06
trained_53tet,53tet-Q4,24000,20260826,10.0,452.8929,455.5164818797492,452.9Hz_+50c,4,452.85982056732655,455.46869572308043,452.89290103859065,455.51648048812365,90.58565684139825,79.39646019425517,2786.052004567238,3024.2463700439457,0,9.94482907470264,9.999990740863916,-0.05517092529735912,-9.25913608362805e-06,-0.18162539547050988,-5.289006381484066e-06
trained_53tet,53tet-Q4,24000,20260826,15.0,440.0,443.82887286777554,440Hz_ongrid,0,439.9828380820068,443.81181890767425,439.9999989129592,443.82887074885815,62.85639868064972,93.4118977541678,3368.7788759758123,2697.923840022792,0,15.001003686047587,14.999996011878428,0.0010036860475874931,-3.988121571651959e-06,-0.06652330537782253,-8.265216930323547e-06
trained_53tet,53tet-Q4,24000,20260826,15.0,440.0,443.82887286777554,440Hz_ongrid,1,440.0058045840814,443.8214008594872,439.9999989162026,443.82887077318014,93.52939908661476,92.41232748060321,2680.8368788944986,2716.5864182832715,0,14.948015148956184,14.999996093989136,-0.051984851043815894,-3.906010864085374e-06,-0.02914615259372726,-8.17034463494741e-06
trained_53tet,53tet-Q4,24000,20260826,15.0,440.0,443.82887286777554,440Hz_ongrid,2,439.97988163850766,443.81544253659695,439.9999989125316,443.8288707489059,62.85401178564133,91.49627246726827,3368.8329857407593,2733.8099906404796,0,15.026771768350404,14.999996013746937,0.026771768350403846,-3.986253062748801e-06,-0.05238820600753834,-8.265030683105728e-06
trained_53tet,53tet-Q4,24000,20260826,15.0,440.0,443.82887286777554,440Hz_ongrid,3,439.9931009675518,443.79203485990325,439.99999891108916,443.828870770215,62.85649539082377,93.5146560985324,3368.816594007884,2695.9432559693,0,14.883446089045691,14.999996102542811,-0.116553910954309,-3.897457188983822e-06,-0.14369921440482414,-8.181910798599647e-06
trained_53tet,53tet-Q4,24000,20260826,15.0,440.0,443.82887286777554,440Hz_ongrid,4,439.99040846693816,443.83095953967535,439.99999890444565,443.82887075755264,62.85489269911576,92.20923514838859,3368.8501427641995,2720.432581836484,0,15.045878894911276,14.999996079290307,0.045878894911275836,-3.9207096929061436e-06,0.008139418525790329,-8.23130263817726e-06
trained_53tet,53tet-Q4,24000,20260826,15.0,452.8929,456.8339666745868,452.9Hz_+50c,0,452.8693123347067,456.8358814646263,452.8929010403328,456.8339639188895,129.3644142666703,91.38935285210613,2169.184761933242,2785.8935612747946,0,15.097425192101916,14.999985580123502,0.09742519210191602,-1.4419876498195094e-05,0.00725634039460544,-1.044308733705033e-05
trained_53tet,53tet-Q4,24000,20260826,15.0,452.8929,456.8339666745868,452.9Hz_+50c,1,452.8190721382205,456.8296082168687,452.89290104809555,456.8339639312671,90.58232492560465,91.38733746436951,2785.959900037387,2785.9079668062345,0,15.265721267130465,14.99998559735623,0.2657212671304645,-1.4402643769173551e-05,-0.016517043276078024,-1.0396180907911786e-05
trained_53tet,53tet-Q4,24000,20260826,15.0,452.8929,456.8339666745868,452.9Hz_+50c,2,452.84973443368216,456.84617539116476,452.8929010517624,456.8339639239499,90.59005319275103,152.2783079056634,2785.9294268069734,1901.9976399907016,0,15.2112790591827,14.999985555609571,0.21127905918270073,-1.4444390428636211e-05,0.046265963028607075,-1.0423910216375257e-05
trained_53tet,53tet-Q4,24000,20260826,15.0,452.8929,456.8339666745868,452.9Hz_+50c,3,452.8425592468895,456.83837431162186,452.89290103951015,456.83396392937635,90.58100283470418,91.40794069915644,2786.0749628069007,2785.5509251454378,0,15.209147142010213,14.999985623009634,0.20914714201021312,-1.4376990366216091e-05,0.016703255573837256,-1.0403345947947383e-05
trained_53tet,53tet-Q4,24000,20260826,15.0,452.8929,456.8339666745868,452.9Hz_+50c,4,452.8794699157944,456.8458398386809,452.89290104192395,456.8339639344538,90.59582590051814,152.2771852260292,2785.9327844995137,1902.009132061595,0,15.096333143682363,14.999985633024046,0.09633314368236334,-1.436697595380565e-05,0.04499437506329213,-1.0384104438399637e-05
trained_53tet,53tet-Q4,24000,20260826,20.0,440.0,445.1125537328459,440Hz_ongrid,0,440.0087852090937,445.07984720932086,439.9999989207328,445.1125513912131,62.85910411794533,94.64022100427667,3368.8064557002754,2680.2465967586736,0,19.838219458279134,19.999995138893,-0.16178054172086576,-4.861107001374876e-06,-0.12721440245675594,-9.107616556433415e-06
trained_53tet,53tet-Q4,24000,20260826,20.0,440.0,445.1125537328459,440Hz_ongrid,1,440.0120688327735,445.1336501957951,439.99999890821977,445.1125513904952,62.85810794343346,140.5086471230569,3368.8468115730807,1996.2955770887534,0,20.03456561428061,19.99999518533457,0.034565614280609225,-4.814665430785681e-06,0.08205126810568032,-9.110408919262954e-06
trained_53tet,53tet-Q4,24000,20260826,20.0,440.0,445.1125537328459,440Hz_ongrid,2,440.00958342225056,445.12034723263105,439.9999989098952,445.1125513886626,93.2308542766562,94.40454280398554,2686.386665327337,2684.7207128261907,0,19.992605263836996,19.99999517161482,-0.007394736163004012,-4.828385179678207e-06,0.030312005263231377,-9.117536479202936e-06
trained_53tet,53tet-Q4,24000,20260826,20.0,440.0,445.1125537328459,440Hz_ongrid,3,439.99715736013405,445.1193192737858,439.99999890529404,445.1125513986276,62.85535350217987,93.46622717491407,3368.8640054770685,2702.0100645382927,0,20.03749864871056,19.999995228476635,0.03749864871056019,-4.7715233648659705e-06,0.026313896841315187,-9.078778413935183e-06
trained_53tet,53tet-Q4,24000,20260826,20.0,440.0,445.1125537328459,440Hz_ongrid,4,439.9963409155776,445.12532866668215,439.99999891251605,445.1125513971095,62.85797683786737,140.97100854533468,3368.7885396472616,1990.57572093996,0,20.064083672871355,19.999995194156174,0.06408367287135519,-4.805843826005685e-06,0.049686495869453534,-9.084682969697989e-06
trained_53tet,53tet-Q4,24000,20260826,20.0,452.8929,458.15526201471454,452.9Hz_+50c,0,452.8413665907267,458.1535141830292,452.89290104441415,458.1552639768671,90.59040441508445,114.54064996253598,2785.8907243703848,2399.9656681443726,0,20.1903989068607,20.000003422007016,0.19039890686070038,3.422007015529971e-06,-0.006604554718429196,7.414397899159297e-06
trained_53tet,53tet-Q4,24000,20260826,20.0,452.8929,458.15526201471454,452.9Hz_+50c,1,452.8287216652002,458.15315854689027,452.8929010450281,458.1552639724207,90.583319672025,114.55498854467604,2785.9777803005377,2399.7476161822647,0,20.23739788251762,20.000003402858646,0.2373978825176195,3.4028586455292498e-06,-0.007948404787739817,7.397596055355724e-06
trained_53tet,53tet-Q4,24000,20260826,20.0,452.8929,458.15526201471454,452.9Hz_+50c,2,452.8124844229667,458.1380816007316,452.89290104683323,458.15526397104134,150.94559615188078,114.5409652831645,1901.862081961419,2399.9025858150676,0,20.242503930775925,20.000003390745896,0.24250393077592491,3.390745895615055e-06,-0.0649209510798723,7.392383824182161e-06
trained_53tet,53tet-Q4,24000,20260826,20.0,452.8929,458.15526201471454,452.9Hz_+50c,3,452.85144752405233,458.15489095417234,452.8929010392267,458.15526398040925,90.59212637607659,114.54135295722944,2785.8963564890205,2399.960245131466,0,20.157061874448033,20.00000345522169,0.15706187444803277,3.4552216909844446e-06,-0.0014021292743957403,7.427782327583102e-06
trained_53tet,53tet-Q4,24000,20260826,20.0,452.8929,458.15526201471454,452.9Hz_+50c,4,452.8468699344462,458.1561529844807,452.8929010482023,458.15526397873447,90.585149337392,229.09956153542126,2786.0121942174733,1199.8376366053662,0,20.179330754590985,20.000003414582654,0.17933075459098546,3.4145826539599966e-06,0.003366709549909896,7.421453766346366e-06
trained_53tet,53tet-Q4,24000,20260826,25.0,440.0,446.39994737251044,440Hz_ongrid,0,439.9989702952573,446.40813153343043,439.99999891568217,446.39994423767087,93.48972242964727,94.70624856754053,2681.5445614984924,2684.1981433247847,0,25.035791132310703,24.999992108806556,0.03579113231070252,-7.891193444464761e-06,0.03173962777211076,-1.2157575436296775e-05
trained_53tet,53tet-Q4,24000,20260826,25.0,440.0,446.39994737251044,440Hz_ongrid,1,440.00086040213245,446.38964440989815,439.9999989191839,446.3999442246234,62.85592916905554,94.98544444662473,3368.862719980496,2679.0302423754206,0,24.95665710146668,24.99999204442766,-0.04334289853332152,-7.955572339568562e-06,-0.03995754396245093,-1.2208176249158879e-05
trained_53tet,53tet-Q4,24000,20260826,25.0,440.0,446.39994737251044,440Hz_ongrid,2,439.97615211935187,446.37204612680887,439.9999989123743,446.39994423060483,62.852838664117634,92.49766078232584,3368.8506232025966,2724.909474710317,0,24.985624605113482,24.999992094418204,-0.014375394886517512,-7.90558179630807e-06,-0.10821035367904368,-1.2184978956310727e-05
trained_53tet,53tet-Q4,24000,20260826,25.0,440.0,446.39994737251044,440Hz_ongrid,3,439.99589395735177,446.39361635611084,439.99999890651264,446.3999442252734,62.85488309089476,91.55223049745747,3368.871991078596,2742.779347166982,0,24.99160260077327,24.999992096804895,-0.008397399226730329,-7.903195104574934e-06,-0.024553203790198118,-1.220565547282525e-05
trained_53tet,53tet-Q4,24000,20260826,25.0,440.0,446.39994737251044,440Hz_ongrid,4,439.99886338563186,446.4211523469253,439.9999989154983,446.399944228535,93.43919088149168,92.93706680415949,2682.480132368392,2716.8952427838876,0,25.086707607475237,24.999992074098937,0.08670760747523687,-7.925901062577623e-06,0.08223545284727976,-1.2193006230637564e-05
trained_53tet,53tet-Q4,24000,20260826,25.0,452.8929,459.48037892132646,452.9Hz_+50c,0,452.8484009914384,459.4674817231056,452.8929010419486,459.48037989074123,90.59336765907952,65.64176548112358,2785.8609886609097,3368.7321759434462,0,25.121515968181036,24.99999966960359,0.12151596818103627,-3.3039641067489356e-07,-0.04859485430078397,3.652569319782188e-06
trained_53tet,53tet-Q4,24000,20260826,25.0,452.8929,459.48037892132646,452.9Hz_+50c,1,452.8645822347633,459.5059280060544,452.8929010487058,459.4803798901742,90.58691336042375,122.79207472860193,2786.046193926701,2284.6392295199867,0,25.204512607741385,24.99999964163698,0.20451260774138547,-3.583630210357569e-07,0.09626138078766139,3.65043276244571e-06
trained_53tet,53tet-Q4,24000,20260826,25.0,452.8929,459.48037892132646,452.9Hz_+50c,2,452.87633905033545,459.4539956275076,452.8929010412493,459.4803798891545,90.59035473007873,114.87714982145022,2786.025370090626,2399.7942642865437,0,24.963897199089836,24.99999966629844,-0.03610280091016449,-3.337015606064142e-07,-0.0994100511708356,3.646590572705132e-06
trained_53tet,53tet-Q4,24000,20260826,25.0,452.8929,459.48037892132646,452.9Hz_+50c,3,452.868696998442,459.4762479308974,452.89290104340967,459.48037989946954,90.59197502879294,65.65891960891473,2785.9651916047796,3368.3128425758437,0,25.07695631733356,24.999999696905224,0.07695631733356123,-3.03094775944146e-07,-0.015564850566935639,3.6854556962006557e-06
trained_53tet,53tet-Q4,24000,20260826,25.0,452.8929,459.48037892132646,452.9Hz_+50c,4,452.9070344692898,459.4541950448849,452.89290104662945,459.4803798933436,90.59556325383635,114.87942236960163,2786.043172057724,2399.7607680337887,0,24.84731160277507,24.999999661515588,-0.15268839722493155,-3.384844120546404e-07,-0.09865864171110172,3.6623741113302303e-06
trained_53tet,53tet-Q4,24000,20260826,30.0,440.0,447.69106452518196,440Hz_ongrid,0,439.9813188202508,447.66570428278044,439.99999891886023,447.69106371802536,62.85207410667143,92.84835579740466,3368.8920124909273,2723.3682358571027,0,29.975433402247525,30.000001132579378,-0.02456659775247516,1.1325793778382831e-06,-0.09807155466814398,-3.1212975064035648e-06
trained_53tet,53tet-Q4,24000,20260826,30.0,440.0,447.69106452518196,440Hz_ongrid,1,439.98190850201263,447.67498268907343,439.9999989122729,447.6910637038283,62.85288219998984,92.21111716304222,3368.8720743144004,2735.326917804402,0,30.008994651108146,30.000001103597786,0.008994651108146456,1.1035977856010959e-06,-0.062190033522559085,-3.1761977658572672e-06
trained_53tet,53tet-Q4,24000,20260826,30.0,440.0,447.69106452518196,440Hz_ongrid,2,439.976257375669,447.6809879265403,439.99999891290906,447.6910637198586,93.8880551011091,92.31270653432608,2674.0945741949963,2733.443883027901,0,30.054453861095322,30.00000116308429,0.0544538610953218,1.1630842884358117e-06,-0.03896693138942064,-3.114208195400795e-06
trained_53tet,53tet-Q4,24000,20260826,30.0,440.0,447.69106452518196,440Hz_ongrid,3,440.01233113461285,447.67795375209334,439.9999989139614,447.69106370719226,62.859863284362454,92.50731889381395,3368.7994987890115,2729.7862278179846,0,29.900781842056983,30.000001109962707,-0.09921815794301736,1.1099627066357698e-06,-0.0507004739251025,-3.1631892914867583e-06
trained_53tet,53tet-Q4,24000,20260826,30.0,440.0,447.69106452518196,440Hz_ongrid,4,440.00827174083105,447.67492671804473,439.9999989104766,447.6910636964238,62.85830867196025,92.14861377285482,3368.8263433501133,2736.5005802804717,0,29.90504764266258,30.000001082031794,-0.09495235733741936,1.082031793941951e-06,-0.062406482867288574,-3.2048314015087954e-06
trained_53tet,53tet-Q4,24000,20260826,30.0,452.8929,460.8093284474927,452.9Hz_+50c,0,452.8493845374452,460.8322606243801,452.8929010497966,460.80932745747197,75.48728861369193,115.26348072742464,3101.6707965622327,2399.16746923864,0,30.252503463126526,29.999992267583657,0.2525034631265264,-7.732416342776105e-06,0.08615272124347644,-3.71945072245157e-06
trained_53tet,53tet-Q4,24000,20260826,30.0,452.8929,460.8093284474927,452.9Hz_+50c,1,452.89506795691375,460.79980753555134,452.8929010522669,460.8093274584197,90.59643152598895,115.2243830966943,2785.9808373922197,2399.632884715648,0,29.955942874548917,29.9999922617012,-0.04405712545108287,-7.738298801740484e-06,-0.03576988614384595,-3.715890113884934e-06
trained_53tet,53tet-Q4,24000,20260826,30.0,452.8929,460.8093284474927,452.9Hz_+50c,2,452.8322865726856,460.8148054474044,452.8929010404301,460.8093274445567,90.58638816629981,115.23418753432432,2785.9327651775966,2399.541926890824,0,30.252293800023374,29.99999225486591,0.25229380002337365,-7.74513409140809e-06,0.020576650253225248,-3.7679726393986007e-06
trained_53tet,53tet-Q4,24000,20260826,30.0,452.8929,460.8093284474927,452.9Hz_+50c,3,452.8656157745273,460.8383776620534,452.89290104448145,460.8093274642273,90.58766139477557,115.2201685777273,2786.0358491382804,2399.8411112397966,0,30.21343294500059,29.999992313280575,0.21343294500059073,-7.6867194245267e-06,0.10913278257945498,-3.6940713196466366e-06
trained_53tet,53tet-Q4,24000,20260826,30.0,452.8929,460.8093284474927,452.9Hz_+50c,4,452.8698351180591,460.78977856019,452.89290103262255,460.8093274543729,90.58243722326463,115.23035283164853,2786.15182173507,2399.50551293893,0,30.014720994373274,29.999992321590444,0.01472099437327401,-7.678409556177712e-06,-0.07344935623657906,-3.7310937683103296e-06
trained_53tet,53tet-Q4,24000,20260826,35.0,440.0,448.9859159603322,440Hz_ongrid,0,439.9842148244098,448.9765329996946,439.99999891972504,448.98591909482354,62.853132755354785,112.25175726553545,3368.8742478324566,2399.8824124985763,0,35.02592991507114,35.00001633668464,0.02592991507113851,1.6336684637963117e-05,-0.03617991143460344,1.2086209992384786e-05
trained_53tet,53tet-Q4,24000,20260826,35.0,440.0,448.9859159603322,440Hz_ongrid,1,440.0194692557336,448.9719681116913,439.9999989100407,448.9859190981038,62.86055506977092,149.66382329276436,3368.808531115256,1901.8798037672987,0,34.86961550530851,35.000016387437164,-0.13038449469149072,1.6387437163700724e-05,-0.053782011180267625,1.2098858273367041e-05
trained_53tet,53tet-Q4,24000,20260826,35.0,440.0,448.9859159603322,440Hz_ongrid,2,439.9938387869579,448.9806118936509,439.9999989050588,448.9859190963403,62.85464859707857,74.83387143119863,3368.8703634211984,3101.8677948641694,0,35.00379027468578,35.00001640023916,0.003790274685776751,1.640023916138489e-05,-0.020451944593533666,1.209205842404343e-05
trained_53tet,53tet-Q4,24000,20260826,35.0,440.0,448.9859159603322,440Hz_ongrid,3,439.9895963969873,448.9514101639487,439.9999989109429,448.9859190932479,62.85727222190914,149.65552246882513,3368.7814087238803,1901.89655291132,0,34.90787955052271,35.00001636516336,-0.09212044947729225,1.636516336134264e-05,-0.133055187440586,1.2080134758131233e-05
trained_53tet,53tet-Q4,24000,20260826,35.0,440.0,448.9859159603322,440Hz_ongrid,4,440.0005351249864,448.9822594640098,439.9999989211693,448.98591909495013,62.85845092565491,112.25249839220344,3368.7919850640046,2399.8930631608237,0,34.98379543220743,35.00001633149007,-0.0162045677925704,1.6331490073184796e-05,-0.014099054079867003,1.208669819458056e-05
trained_53tet,53tet-Q4,24000,20260826,35.0,452.8929,462.1421216782526,452.9Hz_+50c,0,452.8579550577652,462.139717508753,452.8929010434381,462.14211923104574,90.58941073133943,115.55482799314419,2785.973131670635,2399.701854708323,0,35.12457982515802,34.99998684384066,0.12457982515802257,-1.315615934061043e-05,-0.009006300721240385,-9.167499746030018e-06
trained_53tet,53tet-Q4,24000,20260826,35.0,452.8929,462.1421216782526,452.9Hz_+50c,1,452.84451583683375,462.139498311534,452.89290103778274,462.142119231039,90.58823002782452,115.58662925299237,2785.9443183194,2399.2246549476413,0,35.175136344499855,34.999986865433364,0.1751363444998546,-1.3134566636097134e-05,-0.009827441524760854,-9.167525117168062e-06
trained_53tet,53tet-Q4,24000,20260826,35.0,452.8929,462.1421216782526,452.9Hz_+50c,2,452.87342186771804,462.1455555800828,452.8929010437473,462.14211923008514,90.59412793251067,115.59208795642797,2785.942111810159,2399.1655886389285,0,35.0873226700914,34.999986839060114,0.08732267009140315,-1.3160939886347478e-05,0.012863717467933834,-9.171098411314934e-06
trained_53tet,53tet-Q4,24000,20260826,35.0,452.8929,462.1421216782526,452.9Hz_+50c,3,452.8485313416078,462.13590234610047,452.8929010515189,462.1421192349571,129.33409350986886,115.5452771802424,2169.511136840718,2399.830658065288,0,35.1463140520712,34.999986827602996,0.1463140520711974,-1.3172397004268532e-05,-0.023298443335260235,-9.152847529398162e-06
trained_53tet,53tet-Q4,24000,20260826,35.0,452.8929,462.1421216782526,452.9Hz_+50c,4,452.90210546752854,462.1064677683066,452.89290104260317,462.1421192288381,90.60882332892335,115.56014209516083,2785.770956290188,2399.4976788183926,0,34.83124289220553,34.999986838762126,-0.16875710779446962,-1.3161237873760001e-05,-0.1335685304068497,-9.17576977600461e-06
trained_53tet,53tet-Q4,24000,20260826,40.0,440.0,450.284512478581,440Hz_ongrid,0,440.00394584387396,450.21114919499024,439.99999891521117,450.28451457659605,93.34429958217864,150.0788768151116,2684.259161797285,1901.857018485468,0,39.70238776229584,40.0000123345907,-0.2976122377041577,1.2334590699936143e-05,-0.28208689989377417,8.06635579860017e-06
trained_53tet,53tet-Q4,24000,20260826,40.0,440.0,450.284512478581,440Hz_ongrid,1,440.0138828127143,450.27518201160956,439.99999890522633,450.28451458040655,62.86071701468455,150.09661781289992,3368.782091304769,1901.898592559203,0,39.909503489863624,40.000012388527956,-0.09049651013637572,1.2388527956375128e-05,-0.03587373988445116,8.081006093030275e-06
trained_53tet,53tet-Q4,24000,20260826,40.0,440.0,450.284512478581,440Hz_ongrid,2,440.0037487190356,450.3027359508883,439.9999989053124,450.2845145851303,92.99088026253547,112.58147456233819,2690.825608699175,2399.9109525097415,0,40.055313652739535,40.000012406350905,0.05531365273953526,1.2406350904825558e-05,0.0700633854408137,8.099167983577313e-06
trained_53tet,53tet-Q4,24000,20260826,40.0,440.0,450.284512478581,440Hz_ongrid,3,439.9843563163595,450.2852703861342,439.9999989211383,450.2845145807951,62.85519002374463,150.10289415169171,3368.818139855701,1901.8649896660208,0,40.064467056271674,40.00001232741426,0.06446705627167404,1.232741426093753e-05,0.002913967106500266,8.08249991487056e-06
trained_53tet,53tet-Q4,24000,20260826,40.0,440.0,450.284512478581,440Hz_ongrid,4,439.9913104561171,450.21643592318475,439.999998914879,450.2845145855892,62.85458943505803,112.55997680808493,3368.8620447521325,2399.909747252261,0,39.77243288796256,40.000012370474366,-0.22756711203744118,1.237047436575267e-05,-0.26175752747149006,8.10093204647618e-06
trained_53tet,53tet-Q4,24000,20260826,40.0,452.8929,463.47876973070623,452.9Hz_+50c,0,452.82445898225365,463.49575862259377,452.8929010529952,463.4787714606095,90.5800890265608,115.93116637949025,2786.023228727899,2399.1452055863756,0,40.32510076925813,40.00000243652186,0.32510076925812825,2.4365218607158567e-06,0.06345751084914464,6.461714365326972e-06
trained_53tet,53tet-Q4,24000,20260826,40.0,452.8929,463.47876973070623,452.9Hz_+50c,1,452.88324374923604,463.50209589458785,452.8929010368456,463.4787714632814,90.60055244344137,115.90857953351268,2785.856891613291,2399.5062050393226,0,40.12404061620785,40.000002508235866,0.12404061620785001,2.5082358661165927e-06,0.08712811807034514,6.471694832767918e-06
trained_53tet,53tet-Q4,24000,20260826,40.0,452.8929,463.47876973070623,452.9Hz_+50c,2,452.88863575989313,463.43156266029314,452.8929010489353,463.47877145731024,90.59252284431373,115.89053152071483,2786.0309433061198,2399.5123249555013,0,39.839958879975434,40.000002439717726,-0.16004112002456594,2.439717725621904e-06,-0.1763417341906457,6.449390527338631e-06
trained_53tet,53tet-Q4,24000,20260826,40.0,452.8929,463.47876973070623,452.9Hz_+50c,3,452.86085632417513,463.4844998531196,452.89290104126303,463.47877144188374,90.58644217633572,115.89844119761129,2786.0409552310275,2399.5919154014127,0,40.14389850464341,40.0000024114233,0.1438985046434098,2.411423302817184e-06,0.02140361620145609,6.3917680604240706e-06
trained_53tet,53tet-Q4,24000,20260826,40.0,452.8929,463.47876973070623,452.9Hz_+50c,4,452.85878000201,463.4794167946138,452.89290103699005,463.4787714537215,129.3331047287744,115.89483483701669,2169.5635525215807,2399.626799647097,0,40.132849421895195,40.00000247197468,0.13284942189519455,2.4719746818391286e-06,0.0024169786406703564,6.435985725114772e-06
trained_53tet,53tet-Q4,24000,20260826,45.0,440.0,451.58686491178656,440Hz_ongrid,0,439.99682085516196,451.5744242191988,439.99999890405655,451.5868662787025,62.85815911740874,90.32815225208368,3368.7854077083484,2786.059411354145,0,44.96481464081172,45.000009552425325,-0.035185359188282916,9.552425325409786e-06,-0.047694140265804194,5.240301661115586e-06
trained_53tet,53tet-Q4,24000,20260826,45.0,440.0,451.58686491178656,440Hz_ongrid,1,440.0010990876585,451.5399589887168,439.9999989132526,451.5868662880137,62.859255629387995,112.89374351615493,3368.7720412035646,2399.865755089534,0,44.815844440772175,45.00000955193841,-0.18415555922782545,9.551938411789251e-06,-0.1798310692257273,5.275997698813299e-06
trained_53tet,53tet-Q4,24000,20260826,45.0,440.0,451.58686491178656,440Hz_ongrid,2,440.0145097909052,451.5283197942901,439.99999891522276,451.58686627926573,62.859907193335864,150.51522611221532,3368.806861414378,1901.8884466303311,0,44.71845330147587,45.00000951065012,-0.2815466985241315,9.51065012344543e-06,-0.22445708515349072,5.24246089870968e-06
trained_53tet,53tet-Q4,24000,20260826,45.0,440.0,451.58686491178656,440Hz_ongrid,3,440.02386552938134,451.5726366350475,439.9999989110505,451.58686628396765,62.86136826078753,90.32782180153943,3368.803432103197,2786.058891591727,0,44.851553343022914,45.00000954509168,-0.14844665697708592,9.545091678830886e-06,-0.05454734653187848,5.260486707729029e-06
trained_53tet,53tet-Q4,24000,20260826,45.0,440.0,451.58686491178656,440Hz_ongrid,4,440.0080462545964,451.5698110380839,439.999998907672,451.58686627288205,62.859208852656494,112.89864859193825,3368.8006636999444,2399.904987964702,0,44.90296119037488,45.000009515886305,-0.09703880962511846,9.515886304711785e-06,-0.06538012199268431,5.21798812980213e-06
trained_53tet,53tet-Q4,24000,20260826,45.0,452.8929,464.81928375410746,452.9Hz_+50c,0,452.8891998807355,464.85271466823457,452.8929010490555,464.81928317417135,129.31798932466654,116.23588081122348,2169.8821852009974,2399.6618379512643,0,45.13865419401574,44.99999382987688,0.13865419401574286,-6.170123121762572e-06,0.12451001418019834,-2.1599902790702094e-06
trained_53tet,53tet-Q4,24000,20260826,45.0,452.8929,464.81928375410746,452.9Hz_+50c,1,452.81913381081057,464.8188426862163,452.8929010408941,464.8192831682145,90.58420793364766,116.26859118928382,2785.9241476380325,2399.0485605937197,0,45.28035974955417,44.9999938388885,0.2803597495541723,-6.161111500091465e-06,-0.0016427720191891176,-2.1821767625837444e-06
trained_53tet,53tet-Q4,24000,20260826,45.0,452.8929,464.81928375410746,452.9Hz_+50c,2,452.8398629401815,464.8570085292223,452.89290104050764,464.8192831782561,90.59558380294685,116.24942792064412,2785.785997620888,2399.4760684944386,0,45.34325340910799,44.99999387776583,0.3432534091079873,-6.122234168515206e-06,0.14050141054513834,-2.1447764377623167e-06
trained_53tet,53tet-Q4,24000,20260826,45.0,452.8929,464.81928375410746,452.9Hz_+50c,3,452.8555898676728,464.7839061516007,452.8929010391532,464.8192831612467,90.57980221707238,92.95012597183447,2786.147725658992,2786.437666334101,0,45.010858043927215,44.999993819591424,0.010858043927214567,-6.18040857602864e-06,-0.1317700083834972,-2.208128553614946e-06
trained_53tet,53tet-Q4,24000,20260826,45.0,452.8929,464.81928375410746,452.9Hz_+50c,4,452.83806161580486,464.82621450237525,452.8929010376544,464.8192831635011,90.57944981883769,92.9531305139837,2786.087450459201,2786.539290020153,0,45.235452181329066,44.9999938337175,0.23545218132906598,-6.166282503272669e-06,0.025813597568938623,-2.1997320523951075e-06
trained_53tet,53tet-Q4,24000,20260826,50.0,440.0,452.8929841231365,440Hz_ongrid,0,439.99775402534084,452.84779991622867,439.99999891302434,452.8929851731742,62.85756915717997,90.5930638194053,3368.805328114161,2785.864497124457,0,49.83610678824098,50.00000829072583,-0.16389321175901728,8.290725830306656e-06,-0.17273029750287514,4.013886613362782e-06
trained_53tet,53tet-Q4,24000,20260826,50.0,440.0,452.8929841231365,440Hz_ongrid,1,439.9971177783946,452.88179405381925,439.9999989175356,452.8929851719362,62.855745883903644,129.3717442167263,3368.853042344274,2169.134385421155,0,49.968564673028574,50.00000826824307,-0.031435326971426036,8.268243071540837e-06,-0.04277581906927649,4.009154127331132e-06
trained_53tet,53tet-Q4,24000,20260826,50.0,440.0,452.8929841231365,440Hz_ongrid,2,439.99010770572266,452.8717269792442,439.99999891221074,452.8929851657242,62.853019552947295,90.58205034617191,3368.9005528376038,2786.166448047373,0,49.957663169185274,50.00000826544841,-0.042336830814726056,8.26544840748511e-06,-0.08125971534969594,3.985407895535541e-06
trained_53tet,53tet-Q4,24000,20260826,50.0,440.0,452.8929841231365,440Hz_ongrid,3,440.0016921176699,452.8174214817006,439.99999891142545,452.8929851701444,93.14165154094285,90.58093921038704,2688.0128439628697,2785.9800735459103,0,49.70447142698217,50.00000828543491,-0.2955285730178332,8.285434908827938e-06,-0.28887074099006677,4.0023046889335835e-06
trained_53tet,53tet-Q4,24000,20260826,50.0,440.0,452.8929841231365,440Hz_ongrid,4,439.99021510886087,452.87865542144334,439.9999989099569,452.8929851643632,62.85606805770026,90.58356296651972,3368.8170089510086,2786.1640243745314,0,49.983726354107844,50.000008269114,-0.01627364589215574,8.269113997982913e-06,-0.05477393013695693,3.980205659042374e-06
trained_53tet,53tet-Q4,24000,20260826,50.0,452.8929,466.1636749299574,452.9Hz_+50c,0,452.84471180963413,466.1597251261693,452.892901039149,466.16367300870894,90.58301350206787,116.55473972925444,2786.044763558953,2399.7800302442233,0,50.16954577365624,49.999988892622405,0.1695457736562389,-1.1107377595465096e-05,-0.01466880441857749,-7.13511340465186e-06
trained_53tet,53tet-Q4,24000,20260826,50.0,452.8929,466.1636749299574,452.9Hz_+50c,1,452.8376119951096,466.132647200782,452.8929010453578,466.16367300505334,90.58637328696538,116.55167346570622,2785.9534091740957,2399.7250097745064,0,50.09612320942523,49.9999888553126,0.09612320942522956,-1.1144687398711994e-05,-0.11523430900309589,-7.148689654368095e-06
trained_53tet,53tet-Q4,24000,20260826,50.0,452.8929,466.1636749299574,452.9Hz_+50c,2,452.8538573603954,466.19953986720157,452.89290105197335,466.1636730092907,90.58328890271216,93.22669194914947,2786.074463338421,2786.55912008014,0,50.28244104054523,49.99998884576041,0.2824410405452298,-1.1154239587085613e-05,0.1331897259993829,-7.132953013808785e-06
trained_53tet,53tet-Q4,24000,20260826,50.0,452.8929,466.1636749299574,452.9Hz_+50c,3,452.84453729031065,233.09042859879642,452.89290104696363,466.1636730109462,90.58830516047038,93.23338804324695,2785.942964475111,1586.36539747916,1,-1149.7513080713024,49.99998887105912,-1199.7513080713024,-1.112894088350913e-05,-1199.9361898402383,-7.126804741363222e-06
trained_53tet,53tet-Q4,24000,20260826,50.0,452.8929,466.1636749299574,452.9Hz_+50c,4,452.89389373698896,466.12434652507943,452.892901042152,466.1636730144536,90.59211234475059,93.23362542442169,2786.058887301514,2786.151115833716,0,49.85013772989296,49.999988902477845,-0.14986227010704312,-1.1097522154557282e-05,-0.14606360286445907,-7.113778968459837e-06
trained_53tet,53tet-Q4,24000,20260826,55.0,440.0,454.2028810072373,440Hz_ongrid,0,440.0004537264094,454.1640309043406,439.9999989102189,454.20288035169943,62.85665566705278,151.40328704434722,3368.841110127286,1901.7803088070475,0,54.850127856510106,55.00000178923788,-0.14987214348989397,1.7892378778583407e-06,-0.14808690211749603,-2.4986399998284046e-06
trained_53tet,53tet-Q4,24000,20260826,55.0,440.0,454.2028810072373,440Hz_ongrid,1,439.9952302276212,454.1724022824245,439.99999890849165,454.20288033401533,62.854755942480956,151.40452982392694,3368.872881622915,1901.7980088701452,0,54.9025911308718,55.00000172862943,-0.09740886912820201,1.7286294280438597e-06,-0.11617622618857674,-2.56604438615878e-06
trained_53tet,53tet-Q4,24000,20260826,55.0,440.0,454.2028810072373,440Hz_ongrid,2,440.00040143052337,454.1913024160252,439.99999891618677,454.2028803534571,62.85903192644997,151.413265113377,3368.7754573012453,1901.770170994112,0,54.95428714630823,55.00000177245572,-0.04571285369176792,1.7724557181963974e-06,-0.044133376706808336,-2.4919404817657297e-06
trained_53tet,53tet-Q4,24000,20260826,55.0,440.0,454.2028810072373,440Hz_ongrid,3,440.00627832827564,454.16395889393607,439.9999989122351,454.20288034498,62.85887682774924,90.85962611075244,3368.8028521629667,2785.802338540982,0,54.826935922837244,55.00000175569292,-0.1730640771627563,1.7556929208240035e-06,-0.1483613995801781,-2.5242517791747393e-06
trained_53tet,53tet-Q4,24000,20260826,55.0,440.0,454.2028810072373,440Hz_ongrid,4,440.01287521497284,454.16219982501497,439.9999989139783,454.2028803399006,62.858977977660395,90.84887906196974,3368.826022030932,2786.000418864173,0,54.79427479390452,55.000001729473645,-0.2057252060954795,1.7294736451844983e-06,-0.15506683238454888,-2.5436122638956524e-06
trained_53tet,53tet-Q4,24000,20260826,55.0,452.8929,467.5119544720969,452.9Hz_+50c,0,452.86175910689036,467.4388862774809,452.8929010414164,467.51195596029334,90.57907346927412,116.89749456426348,2786.185238522285,2399.440497311311,0,54.84844516106603,55.00000152997874,-0.15155483893396848,1.5299787392564212e-06,-0.2705984981609795,5.510910217225671e-06
trained_53tet,53tet-Q4,24000,20260826,55.0,452.8929,467.5119544720969,452.9Hz_+50c,1,452.81401966119057,467.544018489876,452.89290103818513,467.51195596481807,90.58589444710437,93.50427654494638,2785.8723627966674,2786.397532188774,0,55.42028677206173,55.00000155908629,0.42028677206172915,1.5590862929570903e-06,0.11873154325751722,5.527665547294868e-06
trained_53tet,53tet-Q4,24000,20260826,55.0,452.8929,467.5119544720969,452.9Hz_+50c,2,452.877881694867,467.4641463032285,452.89290103853,467.5119559487727,90.59873238782328,93.48627063963715,2785.8711727483733,2786.4351660273023,0,54.88036359804202,55.000001498350855,-0.1196364019579832,1.4983508549448743e-06,-0.17704651439103655,5.468248264553743e-06
trained_53tet,53tet-Q4,24000,20260826,55.0,452.8929,467.5119544720969,452.9Hz_+50c,3,452.87162458918215,467.4929437692758,452.8929010416437,467.51195594833615,90.58305412102425,93.50489349146112,2786.1468722614527,2786.196978322941,0,55.010929981190145,55.000001484831586,0.0109299811901451,1.4848315856852423e-06,-0.07039957991004435,5.466631815545022e-06
trained_53tet,53tet-Q4,24000,20260826,55.0,452.8929,467.5119544720969,452.9Hz_+50c,4,452.866195286072,467.4641219273612,452.89290103679184,467.5119559636952,90.5911215493259,93.48841164845075,2785.971938261482,2786.395427738854,0,54.92494799290963,55.000001560254105,-0.07505200709037041,1.5602541054704488e-06,-0.17713678940541658,5.523507371569128e-06
trained_53tet,53tet-Q4,24000,20260826,60.0,440.0,455.5165664902061,440Hz_ongrid,0,439.9902393064995,455.4590852772058,439.99999891512374,455.5165650967767,93.0463438751478,91.12141899205722,2689.740182013697,2785.7512093821692,0,59.81992846977369,59.999998972717876,-0.18007153022630717,-1.02728212425518e-06,-0.21847660377474507,-5.295861201674945e-06
trained_53tet,53tet-Q4,24000,20260826,60.0,440.0,455.5165664902061,440Hz_ongrid,1,440.00395746353723,455.5386306215048,439.99999891656654,455.51656510064055,62.85882138552167,121.80022790537866,3368.7952475101106,2283.6678840204427,0,60.06828374295665,59.99999898172602,0.06828374295665185,-1.0182739771380511e-06,0.0838547993488505,-5.281176117919827e-06
trained_53tet,53tet-Q4,24000,20260826,60.0,440.0,455.5165664902061,440Hz_ongrid,2,439.99218192434233,455.5044373796094,439.9999989181925,455.51656509444973,62.85414324012804,91.12317693254441,3368.8777635194365,2785.890188392962,0,59.9846629997973,59.99999895179975,-0.015337000202698903,-1.0482002466005724e-06,-0.04609845253176101,-5.3047049653196325e-06
trained_53tet,53tet-Q4,24000,20260826,60.0,440.0,455.5165664902061,440Hz_ongrid,3,439.9724746103176,455.47049092779775,439.9999989062122,455.5165650955739,62.85220208126322,91.14134713153187,3368.853687030321,2785.415985261704,0,59.933181998977595,59.999999003210036,-0.06681800102240487,-9.967899643470446e-07,-0.17512341561778166,-5.300432427241349e-06
trained_53tet,53tet-Q4,24000,20260826,60.0,440.0,455.5165664902061,440Hz_ongrid,4,439.99047450093565,455.4937947868813,439.99999892093604,455.5165650940683,93.56546933106182,108.82889093200932,2680.1090271516664,2478.4437586778827,0,59.950931463536485,59.99999893955521,-0.0490685364635155,-1.060444787981396e-06,-0.08654818833032797,-5.30615457988558e-06
trained_53tet,53tet-Q4,24000,20260826,60.0,452.8929,468.86413362680065,452.9Hz_+50c,0,452.8454949278876,468.83916172574516,452.89290103640246,468.8641326613622,90.58478961379541,93.74109776912442,2786.013812492581,2786.807384311214,0,60.08901199499071,59.999992473449836,0.0890119949907131,-7.526550163561296e-06,-0.09220870951764758,-3.564785190136081e-06
trained_53tet,53tet-Q4,24000,20260826,60.0,452.8929,468.86413362680065,452.9Hz_+50c,1,452.8669622665238,468.8536374454149,452.8929010509163,468.8641326586523,90.5865607413909,93.77273331155136,2786.062031433472,2786.2766819348603,0,60.06039620617614,59.99999240796331,0.0603962061761365,-7.5920366882087365e-06,-0.03875653669255157,-3.574791220978439e-06
trained_53tet,53tet-Q4,24000,20260826,60.0,452.8929,468.86413362680065,452.9Hz_+50c,2,452.8451359975169,468.9386699687991,452.89290105261193,468.8641326546633,90.5865646505738,93.79379032551005,2785.9785165660733,2786.2019232417433,0,60.45778903531225,59.99999238675258,0.4577890353122527,-7.613247419158142e-06,0.2751961349177734,-3.5895201275937455e-06
trained_53tet,53tet-Q4,24000,20260826,60.0,452.8929,468.86413362680065,452.9Hz_+50c,3,452.81878002720106,468.8791331093556,452.89290104737563,468.8641326559009,90.58200700689933,93.7627921685696,2785.9648593872353,2786.5543649856377,0,60.33873832745972,59.99999241133858,0.33873832745972265,-7.588661418367337e-06,0.05538320741048891,-3.5849504396765852e-06
trained_53tet,53tet-Q4,24000,20260826,60.0,452.8929,468.86413362680065,452.9Hz_+50c,4,452.89094714014436,468.8067614932804,452.8929010395053,468.8641326547775,75.50020334547828,93.74608497997943,3101.533519669993,2786.5956365701204,0,59.79561119987732,59.99999243727579,-0.20438880012267902,-7.562724206877647e-06,-0.2118538426620778,-3.5890984285279094e-06
trained_53tet,53tet-Q4,24000,20260826,65.0,440.0,456.83405152976144,440Hz_ongrid,0,440.00212907990624,456.83646222380617,439.99999892094144,456.8340487494155,62.85830943438982,152.27720620828313,3368.802153583081,1901.9733563351906,0,65.00075851888342,64.99999370919382,0.0007585188834156043,-6.29080618352873e-06,0.009135625040521672,-1.0536494641533376e-05
trained_53tet,53tet-Q4,24000,20260826,65.0,440.0,456.83405152976144,440Hz_ongrid,1,439.98785360843243,456.8115292603164,439.9999989098768,456.83404876143004,62.85453461568121,152.27477620647312,3368.849952955232,1901.9064942615896,0,64.9624388576653,64.99999379825942,-0.03756114233469532,-6.201740575306758e-06,-0.08535327166950504,-1.0490964020015499e-05
trained_53tet,53tet-Q4,24000,20260826,65.0,440.0,456.83405152976144,440Hz_ongrid,2,439.99559610097145,456.8210556267879,439.9999989114667,456.8340487502113,93.25430518011301,91.3772268780082,2685.8962181243046,2786.0670996929503,0,64.96807734656021,64.99999374948878,-0.031922653439792725,-6.250511219718646e-06,-0.04925042185271771,-1.0533478935804333e-05
trained_53tet,53tet-Q4,24000,20260826,65.0,440.0,456.83405152976144,440Hz_ongrid,3,439.9907891447492,456.8373061504056,439.9999989130417,456.8340487708013,62.856300617790595,91.41411715831516,3368.8128622631048,2785.429901239777,0,65.04857539927755,64.99999382132056,0.04857539927755283,-6.178679441859458e-06,0.012333778504995268,-1.0455450385099652e-05
trained_53tet,53tet-Q4,24000,20260826,65.0,440.0,456.83405152976144,440Hz_ongrid,4,439.9959386736782,456.8419232618915,439.99999890526465,456.8340487783149,62.85571183240525,91.40090637398022,3368.849340855042,2785.697606946112,0,65.04581059112378,64.99999388039402,0.045810591123782274,-6.119605984622467e-06,0.02983073007278157,-1.0426976472174645e-05
trained_53tet,53tet-Q4,24000,20260826,65.0,452.8929,470.22022367287065,452.9Hz_+50c,0,452.8334102488219,470.2234261799463,452.8929010470035,470.2202258920145,90.58129217716126,94.01180088610337,2786.03445542793,2786.9191756381356,0,65.23921199704881,65.00000416804791,0.23921199704881246,4.168047908592598e-06,0.011790795317948022,8.170336331548139e-06
trained_53tet,53tet-Q4,24000,20260826,65.0,452.8929,470.22022367287065,452.9Hz_+50c,1,452.8637628088567,235.10891760262257,452.89290103703064,470.2202258943821,140.51906268179607,117.55629715363666,2025.9734931321636,1199.972926647894,1,-1134.897409993429,65.00000421488697,-1199.897409993429,4.214886970999032e-06,-1200.0087937667759,8.179053239435039e-06
trained_53tet,53tet-Q4,24000,20260826,65.0,452.8929,470.22022367287065,452.9Hz_+50c,2,452.88636108868087,235.1131557085783,452.8929010371405,470.22022589983635,90.59047885426426,94.05922502550249,2786.061309353146,1586.056699533256,1,-1134.952590678552,65.00000423454814,-1199.952590678552,4.234548143244865e-06,-1199.9775865829758,8.199134494995985e-06
trained_53tet,53tet-Q4,24000,20260826,65.0,452.8929,470.22022367287065,452.9Hz_+50c,3,452.8475155427711,470.194992517782,452.89290104392467,470.2202258888726,113.21629622363922,94.01525104283466,2399.9324514640775,2786.750953787868,0,65.08059854815359,65.00000416824895,0.08059854815358847,4.168248949554254e-06,-0.09289733735742145,8.158768630360355e-06
trained_53tet,53tet-Q4,24000,20260826,65.0,452.8929,470.22022367287065,452.9Hz_+50c,4,452.8046911686817,470.1668405313778,452.8929010485716,470.22022590262117,90.57944346057305,94.01900906238117,2785.9599895478473,2786.578096226011,0,65.14066639716111,65.0000042011042,0.1406663971611124,4.201104204071271e-06,-0.19655462269901702,8.209387509952566e-06
trained_53tet,53tet-Q4,24000,20260826,70.0,440.0,458.15534711531484,440Hz_ongrid,0,440.0010370683713,458.17648407928505,439.9999989085183,458.1553490904212,62.855208795363126,229.09015452566788,3368.8832563822984,1199.9855472848556,0,70.07578804783348,70.00001175791385,0.07578804783348403,1.175791385321645e-05,0.0798685159238687,7.463344974556668e-06
trained_53tet,53tet-Q4,24000,20260826,70.0,440.0,458.15534711531484,440Hz_ongrid,1,439.98964006853265,458.15889202445373,439.9999989095976,458.1553490890538,62.85538071100926,114.5387937464838,3368.833677909546,2400.014045541538,0,70.05415801806177,70.00001174850017,0.05415801806177001,1.1748500170938314e-05,0.013395115212736647,7.458177719491223e-06
trained_53tet,53tet-Q4,24000,20260826,70.0,440.0,458.15534711531484,440Hz_ongrid,2,440.0089479593013,458.1584801545723,439.9999989137873,458.1553490865279,62.85881057688932,114.54875925941542,3368.8151806280807,2399.8618687666312,0,69.9766323045972,70.0000117224709,-0.02336769540279704,1.1722470901531779e-05,0.011838791641650909,7.4486331743327285e-06
trained_53tet,53tet-Q4,24000,20260826,70.0,440.0,458.15534711531484,440Hz_ongrid,3,439.9800654185936,458.1903782563601,439.99999890910294,458.15534909189086,93.64818415404146,114.82685851792898,2678.538280611167,2395.7844345963367,0,70.2108041348504,70.00001176116704,0.21080413485040594,1.1761167044710419e-05,0.13236729872909908,7.468898178445613e-06
trained_53tet,53tet-Q4,24000,20260826,70.0,440.0,458.15534711531484,440Hz_ongrid,4,440.0058218486133,458.11565272125324,439.9999989169992,458.1553490917712,93.12857817560096,114.53350292825156,2688.2721058822144,2399.930622159293,0,69.82709345681857,70.00001172964626,-0.1729065431814263,1.1729646260505433e-05,-0.14999991620765923,7.468446110899345e-06
trained_53tet,53tet-Q4,24000,20260826,70.0,452.8929,471.58023592173083,452.9Hz_+50c,0,452.85238246625005,235.8024735503437,452.8929010410076,471.5802365249688,90.59561626256873,94.30250890281901,2785.8332395746675,1586.6529515654706,1,-1129.754394578849,69.9999982351989,-1199.754394578849,-1.7648010981474727e-06,-1199.909284337409,2.2145674380629987e-06
trained_53tet,53tet-Q4,24000,20260826,70.0,452.8929,471.58023592173083,452.9Hz_+50c,1,452.82555351971763,235.8182943722375,452.8929010367737,471.58023653801456,90.58544123985878,94.30092461711982,2785.925120887531,1586.7981873256033,1,-1129.535674980257,69.99999829927604,-1199.535674980257,-1.7007239563326948e-06,-1199.7931336187808,2.2624600737407674e-06
trained_53tet,53tet-Q4,24000,20260826,70.0,452.8929,471.58023592173083,452.9Hz_+50c,2,452.8656332321535,235.78553998755643,452.8929010464789,471.58023653672507,90.58872633260482,117.92612902436476,2786.0155638130213,1199.510197950877,1,-1129.9293796049112,69.99999825744263,-1199.9293796049112,-1.7425573730633914e-06,-1200.033613029574,2.25772605005961e-06
trained_53tet,53tet-Q4,24000,20260826,70.0,452.8929,471.58023592173083,452.9Hz_+50c,3,452.8111905254014,235.82214424269546,452.89290103995273,471.58023653468575,90.58038545133259,94.2975087606343,2785.9668346685366,1586.8891620133898,1,-1129.4524986130398,69.99999827490326,-1199.4524986130398,-1.7250967374593529e-06,-1199.7648704493163,2.2502392579187615e-06
trained_53tet,53tet-Q4,24000,20260826,70.0,452.8929,471.58023592173083,452.9Hz_+50c,4,452.87891680062137,471.56081992909867,452.89290104106726,471.58023652933275,90.59874911525077,117.94928361976275,2785.8748100420153,2399.1326393087306,0,69.98217300725608,69.99999825099124,-0.0178269927439203,-1.74900876004358e-06,-0.07128017031475627,2.23058777398801e-06
trained_53tet,53tet-Q4,24000,20260826,75.0,440.0,459.48046426806206,440Hz_ongrid,0,439.99226288160116,459.47461670090934,439.9999989042178,459.4804652328972,62.85520117863652,91.9132192334665,3368.8489427928826,2785.969066744489,0,75.0084102614485,75.00000794680263,0.00841026144850332,7.946802625724558e-06,-0.02203264897007682,3.635313101927759e-06
trained_53tet,53tet-Q4,24000,20260826,75.0,440.0,459.48046426806206,440Hz_ongrid,1,440.0128644759798,459.4441901399811,439.9999989067901,459.480465235062,92.4131014362229,91.91899976785186,2701.6516814879483,2785.7455440619365,0,74.81270454322896,75.00000794483839,-0.18729545677103943,7.944838387174968e-06,-0.1366793357111948,3.643469922748746e-06
trained_53tet,53tet-Q4,24000,20260826,75.0,440.0,459.48046426806206,440Hz_ongrid,2,439.98853508039497,459.45279358174565,439.99999890995576,459.4804652410171,62.85813030054479,141.7446479370555,3368.7535994389714,2035.946852871584,0,74.94084975678629,75.00000795482052,-0.059150243213707654,7.954820517852568e-06,-0.10426096545602977,3.6659076188935196e-06
trained_53tet,53tet-Q4,24000,20260826,75.0,440.0,459.48046426806206,440Hz_ongrid,3,440.00316126003776,459.4762327534425,439.999998908162,459.4804652433641,62.8549638974367,91.91514299738847,3368.898359522978,2785.938921055771,0,74.97161807179317,75.00000797072117,-0.0283819282068265,7.9707211710911e-06,-0.01594360694537187,3.6747506136700232e-06
trained_53tet,53tet-Q4,24000,20260826,75.0,440.0,459.48046426806206,440Hz_ongrid,4,439.9899420580678,459.4841719402794,439.99999891990836,459.4804652324481,93.13227635685578,114.87603123893582,2688.1408778115097,2399.9248231128195,0,75.05354440006727,75.00000788337448,0.053544400067266906,7.883374479433769e-06,0.013969739710587837,3.633621308326116e-06
trained_53tet,53tet-Q4,24000,20260826,75.0,452.8929,472.94418171752045,452.9Hz_+50c,0,452.85360903472593,236.46154109005508,452.8929010431757,472.9441794333139,90.59047492808864,118.23513818183852,2785.9361796395074,1199.9360465819136,1,-1124.9270369059361,74.9999876508997,-1199.9270369059361,-1.2349100302344596e-05,-1200.0772375553834,-8.361443890711362e-06
trained_53tet,53tet-Q4,24000,20260826,75.0,452.8929,472.94418171752045,452.9Hz_+50c,1,452.84136101095527,236.45005845490746,452.89290103834855,472.9441794321435,90.58809403998062,118.24324641391712,2785.93485618133,1199.733256281753,1,-1124.9642839879155,74.99998766506765,-1199.9642839879155,-1.2334932350199779e-05,-1200.1613087812261,-8.36572796113267e-06
trained_53tet,53tet-Q4,24000,20260826,75.0,452.8929,472.94418171752045,452.9Hz_+50c,2,452.87233448807825,236.5051473250568,452.89290103837,472.94417943140047,90.5982566242106,118.26453755514736,2785.85905839424,1199.8248558155276,1,-1124.6793916990928,74.99998766226594,-1199.6793916990928,-1.2337734062839445e-05,-1199.758007466459,-8.368447862453144e-06
trained_53tet,53tet-Q4,24000,20260826,75.0,452.8929,472.94418171752045,452.9Hz_+50c,3,452.87357838974344,236.5213705337899,452.89290104829934,472.94417943057624,90.60157160066676,118.26758103806057,2785.8004691254982,1199.8990548231181,1,-1124.5653959244812,74.9999876212927,-1199.5653959244812,-1.237870729653423e-05,-1199.639256528427,-8.371465105823145e-06
trained_53tet,53tet-Q4,24000,20260826,75.0,452.8929,472.94418171752045,452.9Hz_+50c,4,452.900228494613,236.48906179562786,452.89290105042875,472.94417943145686,90.58294400486542,118.26404173199336,2786.258320145163,1199.7143628228089,1,-1124.903772427954,74.99998761637619,-1199.903772427954,-1.2383623811729194e-05,-1199.8757586596807,-8.36824143364824e-06
trained_53tet,53tet-Q4,24000,20260826,80.0,440.0,460.80941404107574,440Hz_ongrid,0,439.97520299866125,460.82916244608407,439.99999891234376,460.8094130311464,92.59195457535974,115.22758235453526,2698.1561630276315,2399.6951003460563,0,80.17176161136871,80.00000048527147,0.1717616113687086,4.85271471006854e-07,0.07419201418584447,-3.7942456059955506e-06
trained_53tet,53tet-Q4,24000,20260826,80.0,440.0,460.80941404107574,440Hz_ongrid,1,439.9993721624607,460.82822107570655,439.99999891144535,460.8094130484216,62.85802801464101,115.21093920999822,3368.799057008738,2399.9416364069693,0,80.07312579430254,80.00000055370828,0.07312579430254118,5.537082756745804e-07,0.07065548861901699,-3.729343544201934e-06
trained_53tet,53tet-Q4,24000,20260826,80.0,440.0,460.80941404107574,440Hz_ongrid,2,440.0013868673211,460.8050315998628,439.99999890466086,460.80941303519364,62.85775860661819,115.21830810781093,3368.8144041497862,2399.7437899833712,0,79.97807855484731,80.00000053070625,-0.021921445152685237,5.307062451720412e-07,-0.01646465391648966,-3.7790402217192845e-06
trained_53tet,53tet-Q4,24000,20260826,80.0,440.0,460.80941404107574,440Hz_ongrid,3,440.00265547972464,460.7948234458269,439.999998916025,460.80941303265735,62.85780346159734,115.2436593701333,3368.818160238759,2399.3245595639078,0,79.93473483851989,80.0000004764637,-0.06526516148011297,4.764636969412095e-07,-0.05481688183620719,-3.7885690060812987e-06
trained_53tet,53tet-Q4,24000,20260826,80.0,440.0,460.80941404107574,440Hz_ongrid,4,439.99094907045804,460.8161496042997,439.99999891111634,460.80941304663213,93.67661299232562,115.2667174686286,2678.055633030465,2399.05832850781,0,80.060917292985,80.00000054827996,0.06091729298499615,5.482799565470486e-07,0.025304932617071813,-3.7360665113514554e-06
trained_53tet,53tet-Q4,24000,20260826,80.0,452.8929,474.31207243718984,452.9Hz_+50c,0,452.8466435702728,237.20552813287878,452.8929010412678,474.3120734113835,90.58496429699481,118.62372900394172,2786.0148652625694,1199.6940037070453,1,-1119.4619183300654,79.99999957543342,-1199.4619183300654,-4.2456657922684826e-07,-1199.6387477657902,3.55579649618167e-06
trained_53tet,53tet-Q4,24000,20260826,80.0,452.8929,474.31207243718984,452.9Hz_+50c,1,452.86156726062836,237.14480281287402,452.8929010504083,474.3120734086876,90.5846499353836,118.58307928304956,2786.077925634612,1199.8441030877962,1,-1119.9622285026753,79.99999953065274,-1199.9622285026753,-4.693472561712042e-07,-1200.0820055664012,3.545956338804494e-06
trained_53tet,53tet-Q4,24000,20260826,80.0,452.8929,474.31207243718984,452.9Hz_+50c,2,452.84559526786387,237.19475410133012,452.89290104674126,474.31207341546,90.58736138659924,118.61234757990674,2785.9650457067887,1199.7814803753893,1,-1119.5365462405214,79.99999956938953,-1199.5365462405214,-4.306104699480784e-07,-1199.717383344075,3.570675899713025e-06
trained_53tet,53tet-Q4,24000,20260826,80.0,452.8929,474.31207243718984,452.9Hz_+50c,3,452.8346634779371,237.16881047612935,452.89290104288943,474.31207340722005,90.57942484680687,118.58145514251021,2786.074936360668,1200.043069486173,1,-1119.6841207317714,79.99999955403797,-1199.6841207317714,-4.4596202997126966e-07,-1199.9067507015302,3.5405999534269577e-06
trained_53tet,53tet-Q4,24000,20260826,80.0,452.8929,474.31207243718984,452.9Hz_+50c,4,452.8717133031456,237.13468758112847,452.89290104171005,474.3120734093409,90.59343970805678,118.5835181698767,2785.948732206026,1199.7638495934598,1,-1120.0748611908673,79.99999956628722,-1200.0748611908673,-4.337127847975353e-07,-1200.1558516169657,3.548340841351988e-06
trained_53tet,53tet-Q4,24000,20260826,85.0,440.0,462.1422075193969,440Hz_ongrid,0,440.00131689873086,462.12252637746616,439.9999989081214,462.1422050597509,62.86101128525234,115.559808937916,3368.7245456005094,2399.5628308054092,0,84.92108927908453,84.99999508203395,-0.07891072091547358,-4.9179660521758706e-06,-0.07372922884664362,-9.214096531927763e-06
trained_53tet,53tet-Q4,24000,20260826,85.0,440.0,462.1422075193969,440Hz_ongrid,1,440.0281019069326,462.1212484163172,439.99999891837274,462.14220506233,62.86405078218982,115.53253534851049,3368.7462232394814,2399.9666847656276,0,84.81091630771569,84.99999505136041,-0.18908369228431354,-4.948639585222736e-06,-0.07851681825716775,-9.204434933472333e-06
trained_53tet,53tet-Q4,24000,20260826,85.0,440.0,462.1422075193969,440Hz_ongrid,2,439.9670789331078,462.1512198320845,439.9999989112716,462.14220506223194,91.8976372689887,115.58193911475361,2711.1550819805448,2399.3388141190844,0,85.16329758406712,84.99999507893324,0.16329758406712358,-4.921066761198745e-06,0.03376075632355593,-9.204802238357212e-06
trained_53tet,53tet-Q4,24000,20260826,85.0,440.0,462.1422075193969,440Hz_ongrid,3,439.99280654953054,462.1347913945051,439.9999989185399,462.1422050585048,62.856229278533775,115.57262847250675,3368.8227650169315,2399.4167358088057,0,85.00052192734852,84.999995036373,0.0005219273485153053,-4.963627006304705e-06,-0.027781818524468194,-9.218764436916913e-06
trained_53tet,53tet-Q4,24000,20260826,85.0,440.0,462.1422075193969,440Hz_ongrid,4,439.98106910527,462.14136780464634,439.99999891593495,462.1422050630953,62.854602605635726,115.57176802574526,3368.8213848708992,2399.4542611768056,0,85.07134186921502,84.99999506381883,0.0713418692150185,-4.936181170478449e-06,-0.003145663963983447,-9.20156818707883e-06
trained_53tet,53tet-Q4,24000,20260826,85.0,452.8929,475.68391949059423,452.9Hz_+50c,0,452.8607056069829,237.8436414371198,452.8929010377867,475.6839175633489,90.58719827188608,118.9254556607571,2786.025929069895,1199.9470842315752,1,-1114.8646880700474,84.99998901880524,-1199.8646880700474,-1.0981194762393898e-05,-1199.9877591327706,-7.014138052433891e-06
trained_53tet,53tet-Q4,24000,20260826,85.0,452.8929,475.68391949059423,452.9Hz_+50c,1,452.88270154276364,237.87419302629803,452.8929010419712,475.683917578798,90.5949395366286,118.94234565380894,2785.9620760655716,1199.9235958268819,1,-1114.7264070378833,84.99998905903594,-1199.7264070378833,-1.0940964060068836e-05,-1199.7653922266788,-6.957911766486163e-06
trained_53tet,53tet-Q4,24000,20260826,85.0,452.8929,475.68391949059423,452.9Hz_+50c,2,452.86781770990285,237.8661124537656,452.8929010427462,475.683917575623,90.59176457861892,118.93683492624919,2785.965851999769,1199.9449967125042,1,-1114.7283206156278,84.99998904451846,-1199.7283206156278,-1.0955481542396228e-05,-1199.8242031457635,-6.969466974411614e-06
trained_53tet,53tet-Q4,24000,20260826,85.0,452.8929,475.68391949059423,452.9Hz_+50c,3,452.8231900915656,237.86895044256931,452.89290104882576,475.6839175768367,90.58242179630844,118.9354348712949,2785.973792453834,1199.9860311985465,1,-1114.537053380054,84.99998902569543,-1199.537053380054,-1.0974304572641813e-05,-1199.8035478557454,-6.965049897724786e-06
trained_53tet,53tet-Q4,24000,20260826,85.0,452.8929,475.68391949059423,452.9Hz_+50c,4,452.8339104082369,237.8500638141008,452.892901042735,475.6839175605759,140.56371022261393,118.92810657557767,2025.3093850817236,1199.9552415336768,1,-1114.7155030510041,84.99998898979771,-1199.7155030510041,-1.1010202285888226e-05,-1199.941012087,-7.0242305758121395e-06
trained_53tet,53tet-Q4,24000,20260826,90.0,440.0,463.47885582012776,440Hz_ongrid,0,439.9941341014992,463.49508829821167,439.9999989104474,463.4788575392798,62.85603193838847,115.93141287097886,3368.833423811574,2399.139020885421,0,90.08371241748523,90.00001070853244,0.08371241748523062,1.0708532443004515e-05,0.06063216542568797,6.421554160631616e-06
trained_53tet,53tet-Q4,24000,20260826,90.0,440.0,463.47885582012776,440Hz_ongrid,1,440.00056356901695,463.47818249072395,439.9999989193779,463.4788575329385,62.85648917651864,115.90187960632667,3368.8461278998393,2399.516957763562,0,89.99526747859727,90.00001064970776,-0.004732521402729617,1.0649707760990168e-05,-0.002515091297551719,6.397867512601865e-06
trained_53tet,53tet-Q4,24000,20260826,90.0,440.0,463.47885582012776,440Hz_ongrid,2,440.0035461194742,463.46714537781213,439.9999989154066,463.4788575244299,62.85706161997886,115.92151146696783,3368.8420965202245,2399.182512679959,0,89.94230480839201,90.00001063355124,-0.05769519160799064,1.0633551241312489e-05,-0.043742605159991475,6.366085165141137e-06
trained_53tet,53tet-Q4,24000,20260826,90.0,440.0,463.47885582012776,440Hz_ongrid,3,439.98235731248917,463.46850432729366,439.99999891343725,463.4788575337146,62.855168644788584,115.88823551459974,3368.810863077193,2399.68462115717,0,90.03075231695874,90.00001067598073,0.03075231695873981,1.0675980732344215e-05,-0.03866639600979059,6.400766357302982e-06
trained_53tet,53tet-Q4,24000,20260826,90.0,440.0,463.47885582012776,440Hz_ongrid,4,439.9953618702194,463.4488377960275,439.99999891064067,463.4788575394547,93.21210647456508,115.87600918024866,2686.6788782394874,2399.7938142032563,0,89.90611933515318,90.0000107084255,-0.09388066484682156,1.0708425506322783e-05,-0.11213005239600848,6.422207275224791e-06
trained_53tet,53tet-Q4,24000,20260826,90.0,452.8929,477.0597343205898,452.9Hz_+50c,0,452.8488994210553,238.52534230170372,452.8929010487754,477.05973529545145,90.59317328300423,119.26446504855467,2785.866608669968,1199.9739597193577,1,-1109.8646361037852,89.9999995286784,-1199.8646361037852,-4.7132159863849665e-07,-1200.0328414368196,3.537740703072558e-06
trained_53tet,53tet-Q4,24000,20260826,90.0,452.8929,477.0597343205898,452.9Hz_+50c,1,452.8921146079035,238.57957369929426,452.8929010537951,477.0597352937913,90.59472106615875,119.29516238828397,2786.002233892857,1199.9219874048931,1,-1109.636268549317,89.99999950346559,-1199.636268549317,-4.965344118090798e-07,-1199.6392708015453,3.5317158266535444e-06
trained_53tet,53tet-Q4,24000,20260826,90.0,452.8929,477.0597343205898,452.9Hz_+50c,2,452.90518980327494,238.51009924377098,452.89290104964334,477.059735292361,90.59212053310439,119.25910646561059,2786.1019106710382,1199.941107512405,1,-1110.1904586981568,89.99999951414547,-1200.1904586981568,-4.85854528164964e-07,-1200.143480180258,3.5265255069055837e-06
trained_53tet,53tet-Q4,24000,20260826,90.0,452.8929,477.0597343205898,452.9Hz_+50c,3,452.8807535344151,238.48430589276194,452.8929010469114,477.0597352926805,90.5879801646378,119.2448529603922,2786.087625400439,1199.9607999088116,1,-1110.2842804077482,89.99999952574831,-1200.2842804077482,-4.7425169213966e-07,-1200.3307122612596,3.5276848910234823e-06
trained_53tet,53tet-Q4,24000,20260826,90.0,452.8929,477.0597343205898,452.9Hz_+50c,4,452.9075920122128,238.47319135980962,452.89290104885697,477.05973529567285,90.5919964418608,119.24120400466539,2786.113464522163,1199.9330915603364,1,-1110.4675590583693,89.99999952917032,-1200.4675590583693,-4.708296756916752e-07,-1200.4113981001478,3.538544122438073e-06
trained_53tet,53tet-Q4,24000,20260826,95.0,440.0,464.8193700925245,440Hz_ongrid,0,439.99347388606134,464.8497438142752,439.9999989180704,464.81936951209076,93.05304504380278,116.24975367475908,2689.6282306534013,2399.4441615626483,0,95.13880215279389,95.00000209514181,0.13880215279388608,2.09514180937731e-06,0.11312416541274638,-2.1618433331679194e-06
trained_53tet,53tet-Q4,24000,20260826,95.0,440.0,464.8193700925245,440Hz_ongrid,1,439.9992102613297,77.4617570397154,439.99999890859516,464.8193694972836,62.85623885309244,92.96182876054709,3368.8476977264545,-315.7850688489581,1,-3007.1337639372227,95.00000207727359,-3102.1337639372227,2.0772735922491847e-06,-3102.13687126382,-2.216992883242041e-06
trained_53tet,53tet-Q4,24000,20260826,95.0,440.0,464.8193700925245,440Hz_ongrid,2,440.003961820356,464.809198581423,439.9999989139943,464.81936949384516,62.856249209338124,92.95036564410252,3368.866108012204,2786.527409403864,0,94.9465272806804,95.00000204322339,-0.053472719319600515,2.0432233895917307e-06,-0.037884520642888615,-2.22979954173544e-06
trained_53tet,53tet-Q4,24000,20260826,95.0,440.0,464.8193700925245,440Hz_ongrid,3,439.98944955386884,464.80706365055516,439.9999989134301,464.81936949743255,62.85510747479199,92.97254333545256,3368.8404540859487,2786.106439374637,0,94.99567619537603,95.00000205880458,-0.0043238046239650885,2.058804582816265e-06,-0.045836328632837535,-2.2164381779079303e-06
trained_53tet,53tet-Q4,24000,20260826,95.0,440.0,464.8193700925245,440Hz_ongrid,4,439.9878271519575,464.8247431658294,439.99999891283386,464.8193695116147,62.855158248346726,92.97100470676541,3368.8326719132597,2786.2009386792447,0,95.06790828968217,95.00000211397251,0.06790828968216545,2.113972513484441e-06,0.020012061220187786,-2.163616429739996e-06
trained_53tet,53tet-Q4,24000,20260826,95.0,452.8929,478.4395284031288,452.9Hz_+50c,0,452.8954400046849,239.26230487538535,452.8929010511163,478.4395257805296,90.59129793966704,119.63291377342507,2786.0803615805885,1199.974511137923,1,-1104.7018698313518,94.99998649211098,-1199.7018698313518,-1.3507889022434938e-05,-1199.6921604049855,-9.489878688240052e-06
trained_53tet,53tet-Q4,24000,20260826,95.0,452.8929,478.4395284031288,452.9Hz_+50c,1,452.87243245116855,239.19169386811325,452.8929010465389,478.43952580333547,90.59007540967879,119.59973214091177,2786.015774047962,1199.9437598100944,1,-1105.1249157195193,94.99998659213175,-1200.1249157195193,-1.3407868252102162e-05,-1200.2031569949897,-9.407355602036066e-06
trained_53tet,53tet-Q4,24000,20260826,95.0,452.8929,478.4395284031288,452.9Hz_+50c,2,452.81690077088047,239.2252794628786,452.89290104948805,478.43952578083616,90.59069676409528,119.61414166460202,2785.7916009059645,1199.978261649339,1,-1104.6695465203072,94.9999864994447,-1199.6695465203072,-1.3500555297696337e-05,-1199.9600864997828,-9.488769277567169e-06
trained_53tet,53tet-Q4,24000,20260826,95.0,452.8929,478.4395284031288,452.9Hz_+50c,3,452.79945318977417,239.19052640836983,452.89290104933906,478.43952578699225,90.57645718043898,119.5988998965588,2785.9970401232113,1199.947356862036,1,-1104.8543591165499,94.9999865222898,-1199.8543591165499,-1.3477710197662418e-05,-1200.2116069162998,-9.466493610565642e-06
trained_53tet,53tet-Q4,24000,20260826,95.0,452.8929,478.4395284031288,452.9Hz_+50c,4,452.8801189800093,239.244053301827,452.8929010497138,478.43952579750794,90.59907127659844,119.62246531515687,2785.8732495355266,1199.9936514277258,1,-1104.7753710663383,94.99998655890829,-1199.7753710663383,-1.344109170986485e-05,-1199.8242286421935,-9.42844247745479e-06
trained_53tet,53tet-Q4,24000,20260826,100.0,440.0,466.1637615180899,440Hz_ongrid,0,439.978290643037,466.18109231293244,439.9999989118038,466.1637596007308,92.60576701507757,93.24073338628831,2697.9100741549955,2786.2298816317834,0,100.14978196529533,99.99999716097363,0.1497819652953325,-2.839026365109021e-06,0.06436172626218205,-7.120668001253142e-06
trained_53tet,53tet-Q4,24000,20260826,100.0,440.0,466.1637615180899,440Hz_ongrid,1,439.99073608526004,233.0939183400329,439.99999891340855,466.1637596000296,62.85484641359037,116.575121874307,3368.8527067050554,1199.581710727698,1,-1099.8741418324776,99.9999971520555,-1199.8741418324776,-2.8479445006723836e-06,-1199.910592226711,-7.123272194805867e-06
trained_53tet,53tet-Q4,24000,20260826,100.0,440.0,466.1637615180899,440Hz_ongrid,2,439.9878970075541,466.1557805371188,439.9999989097564,466.16375959426574,62.85229340336344,93.24526065180298,3368.9118556574213,2786.051822651492,0,100.01798142897455,99.99999714501938,0.017981428974550795,-2.8549806216915385e-06,-0.029639936479387563,-7.144677939272276e-06
trained_53tet,53tet-Q4,24000,20260826,100.0,440.0,466.1637615180899,440Hz_ongrid,3,440.0104853258928,77.69471387408885,439.99999890984526,466.16375959711627,93.04210267553388,93.25584918186901,2689.898756584844,-316.05332593764706,1,-3001.97946351814,99.99999715525607,-3101.97946351814,-2.8447439319734258e-06,-3101.9382082069715,-7.134091639729992e-06
trained_53tet,53tet-Q4,24000,20260826,100.0,440.0,466.1637615180899,440Hz_ongrid,4,439.99796163488224,466.1739548739233,439.9999989108814,466.1637595942543,62.85737072861524,93.20672090240984,3368.811610145881,2786.8350126349737,0,100.04587577976746,99.9999971405507,0.04587577976745649,-2.8594492960110074e-06,0.03785556324366449,-7.1447204167078924e-06
trained_53tet,53tet-Q4,24000,20260826,100.0,452.8929,479.8233132473549,452.9Hz_+50c,0,452.8934424232623,239.86950573503262,452.8929010512554,479.82331378794197,90.59346029576507,119.93894284885606,2786.031402675247,1199.939519518058,1,-1100.3062665487525,99.99999793193157,-1200.3062665487525,-2.0680684258422843e-06,-1200.3041930760658,1.9504734977055544e-06
trained_53tet,53tet-Q4,24000,20260826,100.0,452.8929,479.8233132473549,452.9Hz_+50c,1,452.8292783908176,239.89663591840232,452.8929010454026,479.8233137875362,90.58025606531471,119.95298340045994,2786.038461579611,1199.9326642188569,1,-1099.8651769362323,99.99999795284072,-1199.8651769362323,-2.047159284757072e-06,-1200.1083947769391,1.9490096599320195e-06
trained_53tet,53tet-Q4,24000,20260826,100.0,452.8929,479.8233132473549,452.9Hz_+50c,2,452.84229027896515,239.86118269801628,452.8929010374926,479.823313791636,90.59212653437683,119.9313269942755,2785.861345306412,1199.9893807725405,1,-1100.170792640222,99.99999799786973,-1200.170792640222,-2.0021302731265678e-06,-1200.3642648014031,1.9638018021393193e-06
trained_53tet,53tet-Q4,24000,20260826,100.0,452.8929,479.8233132473549,452.9Hz_+50c,3,452.868962151226,239.93778188140215,452.8929010443689,479.8233137914517,90.58250063816833,119.96622935111779,2786.147272547019,1200.038409004116,1,-1099.719979432478,99.99999797091974,-1199.719979432478,-2.0290802638101013e-06,-1199.8114869701662,1.9631371552090614e-06
trained_53tet,53tet-Q4,24000,20260826,100.0,452.8929,479.8233132473549,452.9Hz_+50c,4,452.8644061340546,239.90672992780247,452.89290104592874,479.82331379083536,90.58932133185695,119.95367356451004,2785.999501857009,1199.9955461091529,1,-1099.926627616113,99.99999796273308,-1199.926627616113,-2.0372669240487085e-06,-1200.035552050057,1.9609129521214536e-06
trained_53tet,53tet-Q4,24000,20260826,105.0,440.0,467.5120413106672,440Hz_ongrid,0,440.0043182041754,467.56885087912264,439.99999890860715,467.51204280721424,62.855732060216,93.53277044291717,3368.881754003254,2785.9619948826344,0,105.19336712128128,105.0000098360511,0.19336712128128397,9.836051106049126e-06,0.2103575426794205,5.541831868071809e-06
trained_53tet,53tet-Q4,24000,20260826,105.0,440.0,467.5120413106672,440Hz_ongrid,1,439.9908210324034,467.33200182258895,439.9999989197956,467.51204280354483,62.85602329742334,93.46146687352642,3368.820625908169,2786.405097003296,0,104.3692872879559,105.00000977844083,-0.630712712044101,9.778440826835322e-06,-0.666828864302342,5.52824370170843e-06
trained_53tet,53tet-Q4,24000,20260826,105.0,440.0,467.5120413106672,440Hz_ongrid,2,439.99081438376993,233.75924975619682,439.9999989111525,467.51204280482426,62.85439829098847,93.52553815083357,3368.8653576355227,1585.9094228599715,1,-1094.9399426209527,105.00000981718595,-1199.9399426209527,9.817185954830165e-06,-1199.9760849336217,5.532981569492437e-06
trained_53tet,53tet-Q4,24000,20260826,105.0,440.0,467.5120413106672,440Hz_ongrid,3,439.9838861601934,467.4898621282688,439.9999989179724,467.5120428047651,62.853113217949215,93.51123430417343,3368.873492756517,2786.068170705888,0,104.98126982902336,105.00000979013315,-0.01873017097663876,9.790133148612767e-06,-0.08213321409203424,5.532762455120277e-06
trained_53tet,53tet-Q4,24000,20260826,105.0,440.0,467.5120413106672,440Hz_ongrid,4,440.02535051312356,467.4983644237889,439.99999891053665,467.5120428018893,62.858849832416226,93.49925807546892,3368.8786348148456,2786.3213944645163,0,104.84961083116295,105.00000980874071,-0.15038916883705156,9.80874071387916e-06,-0.0506473342016129,5.522113496633234e-06
trained_53tet,53tet-Q4,24000,20260826,105.0,452.8929,481.2111003956997,452.9Hz_+50c,0,452.8253415832873,240.6205344769574,452.8929010510815,481.2111035513809,90.58401691885051,120.31378587024162,2785.9515319043153,1199.9493685270793,1,-1094.6339177563625,105.00000733519175,-1199.6339177563625,7.335191753554682e-06,-1199.892186666408,1.135306868220232e-05
trained_53tet,53tet-Q4,24000,20260826,105.0,452.8929,481.2111003956997,452.9Hz_+50c,1,452.82353236544714,240.53661948148616,452.89290103959365,481.211103549468,90.58815617758744,120.2678958496077,2785.865507565467,1200.0059578758583,1,-1095.230863762197,105.00000737222308,-1200.230863762197,7.3722230808925815e-06,-1200.4960496565552,1.1346186953294879e-05
trained_53tet,53tet-Q4,24000,20260826,105.0,452.8929,481.2111003956997,452.9Hz_+50c,2,452.9149672280261,240.59435717683775,452.89290103453874,481.2111035458867,143.79323273900206,120.29835074628835,1986.2933225919824,1199.9831311943315,1,-1095.1648916530778,105.00000737866185,-1200.1648916530778,7.378661848633783e-06,-1200.0805392469724,1.133330264384387e-05
trained_53tet,53tet-Q4,24000,20260826,105.0,452.8929,481.2111003956997,452.9Hz_+50c,3,452.86419757449977,240.56341903354425,452.89290104676905,481.2111035456435,90.59411045948433,120.28657956587287,2785.9071829418967,1199.9299060166481,1,-1095.1934520481543,105.00000733103515,-1200.1934520481543,7.331035149604759e-06,-1200.3031737747992,1.1332427339591696e-05
trained_53tet,53tet-Q4,24000,20260826,105.0,452.8929,481.2111003956997,452.9Hz_+50c,4,452.83209844106386,240.60522652915995,452.89290104907343,481.2111035516525,90.58189218633092,120.30059576829551,2786.0179725978674,1200.0290333472747,1,-1094.7698925010623,105.00000734384466,-1199.7698925010623,7.34384465772564e-06,-1200.0023289015278,1.1354045855416635e-05
trained_53tet,53tet-Q4,24000,20260826,110.0,440.0,468.86422071653305,440Hz_ongrid,0,439.99939686213304,468.9033725742345,439.9999989086111,468.864219743824,62.85721693246486,93.77648738766423,3368.8214931394987,2786.391011869071,0,110.14693138888498,110.00000070257296,0.1469313888849797,7.025729615861565e-07,0.14455826723209897,-3.591630544978836e-06
trained_53tet,53tet-Q4,24000,20260826,110.0,440.0,468.86422071653305,440Hz_ongrid,1,440.01094804560785,468.8018570191029,439.9999989063576,468.8642197492277,62.85947861103598,93.78781372452171,3368.804651384468,2785.8070805397538,0,109.72663710016623,110.00000073139223,-0.2733628998337707,7.31392233888073e-07,-0.23028700544805528,-3.5716778748214856e-06
trained_53tet,53tet-Q4,24000,20260826,110.0,440.0,468.86422071653305,440Hz_ongrid,2,440.0003429079092,468.7998238757377,439.9999989147658,468.86421974407745,62.857768607827,93.76650531438902,3368.810021117144,2786.192950068307,0,109.76085558914502,110.00000067929258,-0.23914441085497629,6.792925830723107e-07,-0.23779519808952185,-3.5906946959580698e-06
trained_53tet,53tet-Q4,24000,20260826,110.0,440.0,468.86422071653305,440Hz_ongrid,3,439.9763132678661,468.83267688775146,439.9999989133366,468.8642197454651,93.59340786034328,93.77537908036372,2679.536438832427,2786.150438156724,0,109.97672452780581,110.00000069003957,-0.02327547219418591,6.900395703723916e-07,-0.11647633811043923,-3.5855708793231286e-06
trained_53tet,53tet-Q4,24000,20260826,110.0,440.0,468.86422071653305,440Hz_ongrid,4,440.00199915053713,234.3845569787391,439.99999891437204,468.8642197517445,62.85889095963392,93.75309612167624,3368.785626156203,1586.3271324153725,1,-1090.3590736637314,110.00000070915154,-1200.3590736637314,7.091515357160461e-07,-1200.3512077782389,-3.5623849267203614e-06
trained_53tet,53tet-Q4,24000,20260826,110.0,452.8929,482.60290142397895,452.9Hz_+50c,0,452.8651863820774,241.3102890277131,452.892901046527,482.602900338071,90.58497428083405,120.65562559302847,2786.085562226985,1199.9930971946062,1,-1089.8306483870745,109.99999210407161,-1199.8306483870745,-7.895928391121743e-06,-1199.9365900501007,-3.895461070034874e-06
trained_53tet,53tet-Q4,24000,20260826,110.0,452.8929,482.60290142397895,452.9Hz_+50c,1,452.81509152370774,241.4427159500735,452.8929010529226,482.6029003238784,90.58286831803434,120.71941491599839,2785.9342957100516,1200.0278651358374,1,-1088.6893220708155,109.99999202871066,-1198.6893220708155,-7.971289335273468e-06,-1198.986779275688,-3.946374024534733e-06
trained_53tet,53tet-Q4,24000,20260826,110.0,452.8929,482.60290142397895,452.9Hz_+50c,2,452.8038674750333,241.29244082908323,452.89290104877165,482.6029003292748,90.58624160921772,120.6440364499307,2785.826912945119,1200.031339465966,1,-1089.724272941001,109.9999920639368,-1199.724272941001,-7.936063198599186e-06,-1200.064643238717,-3.9270154618540395e-06
trained_53tet,53tet-Q4,24000,20260826,110.0,452.8929,482.60290142397895,452.9Hz_+50c,3,452.83958078961933,241.34911731066993,452.892901049403,482.6029003288719,90.58576299046483,120.67569644492362,2785.9725996858892,1199.9836770002523,1,-1089.4542157669907,109.9999920600779,-1199.4542157669907,-7.93992209935368e-06,-1199.6580464444694,-3.92846084789584e-06
trained_53tet,53tet-Q4,24000,20260826,110.0,452.8929,482.60290142397895,452.9Hz_+50c,4,452.8260751296457,241.28841417562705,452.89290103954085,482.6029003212756,90.58540128810091,120.64392143813981,2785.9278786383156,1200.0040990532295,1,-1089.8380696334236,109.99999207052728,-1199.8380696334236,-7.929472715773045e-06,-1200.0935340639335,-3.955710795512591e-06
trained_53tet,53tet-Q4,24000,20260826,115.0,440.0,470.2203110144918,440Hz_ongrid,0,439.99338153338385,470.1784533805931,439.99999891535344,470.22031327517993,62.856477076576724,94.03119865914246,3368.818202368424,2786.3964156393695,0,114.87192512526957,115.00001259096562,-0.1280748747304301,1.2590965624781347e-05,-0.15411624049353423,8.323290464234245e-06
trained_53tet,53tet-Q4,24000,20260826,115.0,440.0,470.2203110144918,440Hz_ongrid,1,439.9920755447381,470.26469513120674,439.99999891185706,470.2203132627787,62.85179038224006,94.05727296488648,3368.9421525126395,2786.233940820395,0,115.19458357298824,115.00001255906442,0.19458357298823614,1.2559064415995635e-05,0.1634035495507177,8.277632026494282e-06
trained_53tet,53tet-Q4,24000,20260826,115.0,440.0,470.2203110144918,440Hz_ongrid,2,440.0161254718314,470.19364930823264,439.9999989062739,470.2203132718006,62.85994932916193,94.034247955839,3368.812057819489,2786.3962268130554,0,114.83838896906776,115.0000126142483,-0.16161103093223517,1.2614248305453657e-05,-0.09816454379010955,8.31084861202732e-06
trained_53tet,53tet-Q4,24000,20260826,115.0,440.0,470.2203110144918,440Hz_ongrid,3,439.99714746271326,235.16002326880533,439.9999989158583,470.2203132722086,62.85778067668064,94.01869133780598,3368.79711580827,1587.147985315173,1,-1084.6216138910477,115.0000125780396,-1199.6216138910477,1.2578039601862656e-05,-1199.6328375857863,8.312350890913338e-06
trained_53tet,53tet-Q4,24000,20260826,115.0,440.0,470.2203110144918,440Hz_ongrid,4,439.99938161812975,470.203371855904,439.99999892129995,470.2203132630054,62.85825466295085,94.03664740351506,3368.7928518831272,2786.3878495817057,0,114.94006621556007,115.00001252274494,-0.05993378443993436,1.252274493879213e-05,-0.06236688557960248,8.278466967574244e-06
trained_53tet,53tet-Q4,24000,20260826,115.0,452.8929,483.99872794148894,452.9Hz_+50c,0,452.81993569098347,242.0219700636387,452.89290104881565,483.9987293554969,90.58808508888177,121.01095753741296,2785.8531152918026,1200.0003933465864,1,-1084.5593495631174,115.00000104860482,-1199.5593495631174,1.0486048154234595e-06,-1199.8382863109068,5.0578205210614695e-06
trained_53tet,53tet-Q4,24000,20260826,115.0,452.8929,483.99872794148894,452.9Hz_+50c,1,452.86668336396144,242.05772110003898,452.89290103974935,483.9987293620117,90.58469058742803,121.03511009647181,2786.096706824842,1199.9106068731915,1,-1084.4823515748885,115.00000110656491,-1199.4823515748885,1.1065649090369334e-06,-1199.5825705155617,5.081123526752584e-06
trained_53tet,53tet-Q4,24000,20260826,115.0,452.8929,483.99872794148894,452.9Hz_+50c,2,452.87678261326414,241.9942588291314,452.89290104857685,483.99872937049537,90.59709935323603,121.00222966492589,2785.8981768713393,1199.9270268556313,1,-1084.974910328197,115.00000110316641,-1199.974910328197,1.1031664115535023e-06,-1200.0365219480993,5.111469329659773e-06
trained_53tet,53tet-Q4,24000,20260826,115.0,452.8929,483.99872794148894,452.9Hz_+50c,3,452.8429599675465,242.10934816741656,452.89290104007796,483.99872936362135,90.58951375376074,121.05431671090159,2785.9138370420415,1200.0051108880273,1,-1084.0224532439595,115.00000111106627,-1199.0224532439595,1.1110662683222472e-06,-1199.213365161007,5.086881237396573e-06
trained_53tet,53tet-Q4,24000,20260826,115.0,452.8929,483.99872794148894,452.9Hz_+50c,4,452.8476425338777,242.00423538030532,452.89290104711404,483.9987293602845,90.5843248348828,121.00605526848017,2786.0309055601274,1199.9436641367213,1,-1084.7921404794472,115.0000010722346,-1199.7921404794472,1.072234596222188e-06,-1199.965150878587,5.074945654689568e-06
trained_53tet,53tet-Q4,24000,20260826,120.0,440.0,471.580323515969,440Hz_ongrid,0,440.00568913222077,471.5313131035223,439.99999891620723,471.5803241175376,62.85809174255858,117.95948968165197,3368.822156567644,2398.8745120744697,0,119.79768246648693,120.00000647275392,-0.20231753351306736,6.4727539239584075e-06,-0.17993308865757465,2.208438386209609e-06
trained_53tet,53tet-Q4,24000,20260826,120.0,440.0,471.580323515969,440Hz_ongrid,1,439.9992505459821,235.78415782915417,439.99999892094957,471.58032412635174,62.85855967670204,117.93806310397872,3368.7839355333294,1199.324858181924,1,-1080.0411341813694,120.00000648645255,-1200.0411341813694,6.4864525484154e-06,-1200.0440830027762,2.240796197283064e-06
trained_53tet,53tet-Q4,24000,20260826,120.0,440.0,471.580323515969,440Hz_ongrid,2,439.9757116705679,117.96690305763228,439.9999989168366,471.58032412264424,62.85508180779302,94.26866752927648,3368.7871055092783,388.23829310074814,1,-2278.850078015439,120.00000648902491,-2398.850078015439,6.489024912070818e-06,-2398.9456460688775,2.227185350634159e-06
trained_53tet,53tet-Q4,24000,20260826,120.0,440.0,471.580323515969,440Hz_ongrid,3,440.0051739092327,235.82842252927063,439.99999891552443,471.5803241378988,62.858682880472344,94.2827434170482,3368.8038483737114,1587.2063542501444,1,-1079.7394592973874,120.00000655018933,-1199.7394592973874,6.550189326048894e-06,-1199.7191020356438,2.2831871401526603e-06
trained_53tet,53tet-Q4,24000,20260826,120.0,440.0,471.580323515969,440Hz_ongrid,4,439.9809127873612,235.9224611460408,439.9999989085598,471.58032412764686,62.85372021600038,94.20392522885018,3368.845074037997,1589.3444379682082,1,-1078.9537925241357,120.00000653995616,-1198.9537925241357,6.539956160622751e-06,-1199.0288951359016,2.2455505947568056e-06
trained_53tet,53tet-Q4,24000,20260826,120.0,452.8929,485.3985915911031,452.9Hz_+50c,0,452.8637412634927,242.7323723009985,452.89290103526474,485.3985888116436,90.59442428386929,121.37050057793135,2785.8994414239164,1199.9384577273906,1,-1079.6526070514499,119.99998612929802,-1199.6526070514499,-1.3870701977225508e-05,-1199.7640731896747,-9.913285886655323e-06
trained_53tet,53tet-Q4,24000,20260826,120.0,452.8929,485.3985915911031,452.9Hz_+50c,1,452.860901888408,242.85143982208635,452.892901040248,485.39858880831383,144.24779240123414,121.42894640415494,1980.6224985529818,1199.9539987036753,1,-1078.792738391395,119.99998609837293,-1198.792738391395,-1.3901627070822542e-05,-1198.915059093116,-9.92516188573243e-06
trained_53tet,53tet-Q4,24000,20260826,120.0,452.8929,485.3985915911031,452.9Hz_+50c,2,452.8752561425773,242.99301965107313,452.8929010370845,485.39858880934975,90.60060133789068,121.50159319924074,2785.825422872371,1199.9275672564308,1,-1077.8386150407223,119.99998611416044,-1197.8386150407223,-1.3885839564409252e-05,-1197.906061984013,-9.921467117650282e-06
trained_53tet,53tet-Q4,24000,20260826,120.0,452.8929,485.3985915911031,452.9Hz_+50c,3,452.8593217172558,242.69661731908496,452.89290104899936,485.398588816707,90.5872350032988,121.34502947582634,2786.0199366287516,1200.0467836039218,1,-1079.8907448189134,119.9999860948551,-1199.8907448189134,-1.3905144896853017e-05,-1200.0191063399316,-9.895226633705281e-06
trained_53tet,53tet-Q4,24000,20260826,120.0,452.8929,485.3985915911031,452.9Hz_+50c,4,452.84869310008116,242.69090646886616,452.8929010447079,485.39858881868594,90.59174665436655,121.34965738204117,2785.8930829724573,1199.9400205181828,1,-1079.8908500796297,119.99998611831775,-1199.8908500796297,-1.3881682249916594e-05,-1200.0598441746051,-9.888168459980568e-06
trained_53tet,53tet-Q4,24000,20260826,125.0,440.0,472.9442695651064,440Hz_ongrid,0,439.99169359532226,236.479288139019,439.9999989136744,472.94426726901577,62.85684982632567,118.2655033287383,3368.801294370107,1199.6214168635952,1,-1074.9149475394531,124.99999586933703,-1199.9149475394531,-4.13066297255682e-06,-1199.9476304175043,-8.404944436719381e-06
trained_53tet,53tet-Q4,24000,20260826,125.0,440.0,472.9442695651064,440Hz_ongrid,1,440.0100840220708,236.50110577303948,439.99999891078176,472.9442672701186,62.86169030848734,118.27500329773528,3368.7403398269385,1199.6420734803994,1,-1074.8275900987733,124.99999588475535,-1199.8275900987733,-4.115244649938177e-06,-1199.7879137298812,-8.400907542688209e-06
trained_53tet,53tet-Q4,24000,20260826,125.0,440.0,472.9442695651064,440Hz_ongrid,2,440.01124006433577,236.4725667715883,439.9999989137521,472.9442672655624,93.77504819184554,118.2419933669364,2676.3172480525677,1199.9163955868535,1,-1075.041062220767,124.99999585638997,-1200.041062220767,-4.14361002754049e-06,-1199.9968373717943,-8.417585606244563e-06
trained_53tet,53tet-Q4,24000,20260826,125.0,440.0,472.9442695651064,440Hz_ongrid,3,439.99911894003594,236.5067720840083,439.99999891875336,472.9442672661184,62.855241040744055,118.26181222867609,3368.8748211310954,1199.8766447028936,1,-1074.7429690873162,124.99999583874718,-1199.7429690873162,-4.161252817880268e-06,-1199.7464357294439,-8.415550341239733e-06
trained_53tet,53tet-Q4,24000,20260826,125.0,440.0,472.9442695651064,440Hz_ongrid,4,440.0022490836189,236.5007677921337,439.9999989141404,472.94426726663886,93.74090297851862,118.28212796993749,2676.9123613093943,1199.5353161268417,1,-1074.7992370907093,124.99999585880258,-1199.7992370907093,-4.14119742231378e-06,-1199.7903878175528,-8.413645199420124e-06
trained_53tet,53tet-Q4,24000,20260826,125.0,452.8929,486.80250404937,452.9Hz_+50c,0,452.87327852544695,243.40412201717973,452.89290105051583,486.8025030031114,90.58716380019553,121.695613582362,2786.0746520114017,1200.0917182453438,1,-1074.9045798776738,124.99999226343638,-1199.9045798776738,-7.736563617299907e-06,-1199.9795867959044,-3.7208488259178995e-06
trained_53tet,53tet-Q4,24000,20260826,125.0,452.8929,486.80250404937,452.9Hz_+50c,1,452.85995559372145,243.4302687605116,452.8929010342822,486.8025030054369,90.59090818526269,121.71993309899528,2785.9521622457123,1199.931746026891,1,-1074.667687404785,124.99999233376153,-1199.667687404785,-7.666238474257625e-06,-1199.7936256837509,-3.7125784115581854e-06
trained_53tet,53tet-Q4,24000,20260826,125.0,452.8929,486.80250404937,452.9Hz_+50c,2,452.831267633349,243.38334452292546,452.8929010452621,486.8025030020969,140.1125040922966,121.69313671611879,2030.8654395103044,1199.9791662119378,1,-1074.8917622436024,124.99999227991151,-1199.8917622436024,-7.720088490259513e-06,-1200.127374929337,-3.7244567170598442e-06
trained_53tet,53tet-Q4,24000,20260826,125.0,452.8929,486.80250404937,452.9Hz_+50c,3,452.938619173487,243.41227767363665,452.892901043527,486.8025029893939,90.60060930763494,121.71024228228946,2786.0674753886756,1199.9416306783783,1,-1075.096337778466,124.99999224136786,-1200.096337778466,-7.758632136756205e-06,-1199.921579916264,-3.7696329112906127e-06
trained_53tet,53tet-Q4,24000,20260826,125.0,452.8929,486.80250404937,452.9Hz_+50c,4,452.86215335819696,243.37463856499954,452.8929010431407,486.8025029922038,90.58950458447846,121.68912396837162,2785.9873877047226,1199.974325094183,1,-1075.071766757803,124.99999225283754,-1200.071766757803,-7.747162456439582e-06,-1200.1893032440903,-3.759639758221701e-06
trained_53tet,53tet-Q4,24000,20260826,130.0,440.0,474.31216053885623,440Hz_ongrid,0,439.9962085958694,237.19670667937962,439.999998914524,474.31216150576006,62.85620969619447,118.60058168854668,3368.8366903050087,1199.9674720848652,1,-1069.6885357115095,130.0000078001266,-1199.6885357115095,7.80012661039109e-06,-1199.7034535210648,3.529187938736009e-06
trained_53tet,53tet-Q4,24000,20260826,130.0,440.0,474.31216053885623,440Hz_ongrid,1,440.01557677371244,237.1627552069664,439.9999989165178,474.31216150275145,93.41371185911852,118.58838860732043,2683.0180298835576,1199.897645566224,1,-1070.0125614366614,130.00000778130047,-1200.0125614366614,7.781300467968322e-06,-1199.9512737918965,3.5182068489774022e-06
trained_53tet,53tet-Q4,24000,20260826,130.0,440.0,474.31216053885623,440Hz_ongrid,2,439.9949901749563,237.13008773971623,439.9999989184344,474.31216150392606,93.69777977522507,118.5598073455237,2677.680395156461,1200.0764630883818,1,-1070.1700433965814,130.00000777804647,-1200.1700433965814,7.778046466455635e-06,-1200.1897552808364,3.5224941868643302e-06
trained_53tet,53tet-Q4,24000,20260826,130.0,440.0,474.31216053885623,440Hz_ongrid,3,439.9943570178782,237.15464917893874,439.9999989126561,474.3121615051907,62.855353526360005,118.58175113887128,3368.8529864142274,1199.935373394235,1,-1069.9882438111752,130.0000078053979,-1199.9882438111752,7.805397899574018e-06,-1200.0104469598882,3.5271098118986894e-06
trained_53tet,53tet-Q4,24000,20260826,130.0,440.0,474.31216053885623,440Hz_ongrid,4,440.0248164972937,237.19464543890962,439.99999891179567,474.31216151022755,62.86256989777916,118.60233901694255,3368.7740802187595,1199.9267757386435,1,-1069.8161388217984,130.00000782716776,-1199.8161388217984,7.827167763707621e-06,-1199.7184980182678,3.5454942765665305e-06
trained_53tet,53tet-Q4,24000,20260826,130.0,452.8929,488.21047702660945,452.9Hz_+50c,0,452.8266765612984,244.12266085207432,452.89290104700115,488.21047845244635,90.58318885128715,122.06675196766682,2785.9724617911183,1199.9231062860347,1,-1069.6232772967626,130.00000105385385,-1199.6232772967626,1.0538538504079042e-06,-1199.8764423493853,5.056133724806548e-06
trained_53tet,53tet-Q4,24000,20260826,130.0,452.8929,488.21047702660945,452.9Hz_+50c,1,452.84785113110723,244.1747925179916,452.89290105194704,488.2104784545232,90.58465997603588,122.0897086583678,2786.025297870332,1199.9672098288713,1,-1069.3345690183864,130.00000104231208,-1199.3345690183864,1.0423120784253115e-06,-1199.5067819516478,5.063498274180234e-06
trained_53tet,53tet-Q4,24000,20260826,130.0,452.8929,488.21047702660945,452.9Hz_+50c,2,452.89508168063134,244.11851568936942,452.8929010359631,488.2104784546958,90.59786573657543,122.05749903537655,2785.9534833143753,1200.0249463461587,1,-1069.9141783684129,130.00000110402462,-1199.9141783684129,1.104024619280608e-06,-1199.9058386689035,5.064110256777732e-06
trained_53tet,53tet-Q4,24000,20260826,130.0,452.8929,488.21047702660945,452.9Hz_+50c,3,452.8607082161971,244.09140923376606,452.89290104492744,488.21047845961675,90.59365646550533,122.04637594925492,2785.902519329991,1199.9904770899755,1,-1069.9750211898217,130.0000010872076,-1199.9750211898217,1.0872076074974757e-06,-1200.0980822778208,5.081560217852302e-06
trained_53tet,53tet-Q4,24000,20260826,130.0,452.8929,488.21047702660945,452.9Hz_+50c,4,452.85494915234716,244.35337870149726,452.89290104141423,488.2104784536287,90.58918695389404,122.1795232855794,2785.965916900481,1199.959843832746,1,-1068.0959658337442,130.000001079403,-1198.0959658337442,1.0794030060878868e-06,-1198.2410432959703,5.060326113128372e-06
trained_53tet,53tet-Q4,24000,20260826,135.0,440.0,475.6840078470761,440Hz_ongrid,0,439.99574383559474,237.8651974297742,439.9999989225055,475.6840059189494,62.85694606187002,118.93872163194618,3368.8145802011654,1199.9108744805453,1,-1064.8144379617493,134.99999722219027,-1199.8144379617493,-2.777809726239866e-06,-1199.8311844444193,-7.017344426103083e-06
trained_53tet,53tet-Q4,24000,20260826,135.0,440.0,475.6840078470761,440Hz_ongrid,1,440.01033982375395,237.81310583851297,439.9999989189088,475.6840059333125,62.86057539943567,118.91229033423681,3368.7720515639644,1199.91646744191,1,-1065.251042594748,134.9999972886158,-1200.251042594748,-2.7113842122616916e-06,-1200.21035976607,-6.9650706559286145e-06
trained_53tet,53tet-Q4,24000,20260826,135.0,440.0,475.6840078470761,440Hz_ongrid,2,439.9556537681712,237.79940873349946,439.9999989086082,475.6840059303196,62.85093957261064,118.90412150903602,3368.822273505185,1199.935685583709,1,-1065.1355804594627,134.99999731825218,-1200.1355804594627,-2.681747815813651e-06,-1200.3100749495568,-6.975963138976333e-06
trained_53tet,53tet-Q4,24000,20260826,135.0,440.0,475.6840078470761,440Hz_ongrid,3,439.99048376282354,237.7985802979832,439.9999989120503,475.68400591154807,62.854843281383914,118.90768647476631,3368.8518001617576,1199.8777495489774,1,-1065.2786629509328,134.99999723639047,-1200.2786629509328,-2.7636095296657004e-06,-1200.316106159975,-7.044281463066288e-06
trained_53tet,53tet-Q4,24000,20260826,135.0,440.0,475.6840078470761,440Hz_ongrid,4,439.98027151631294,237.8492259059806,439.9999989183555,475.6840059223204,62.85501776856427,118.92783079410998,3368.806811530158,1199.9531572093736,1,-1064.8698066485663,134.99999725078732,-1199.8698066485663,-2.749212683283986e-06,-1199.9474325313429,-7.005075943229087e-06
trained_53tet,53tet-Q4,24000,20260826,135.0,452.8929,489.62252226701145,452.9Hz_+50c,0,452.78371246317386,244.8133279228727,452.8929010395724,489.62252158948706,144.1946947047083,122.41876244573255,1980.9647728747539,1199.828895974735,1,-1064.5679523668236,134.99999363048994,-1199.5679523668236,-6.36951006072195e-06,-1199.9853843283022,-2.3956277980107986e-06
trained_53tet,53tet-Q4,24000,20260826,135.0,452.8929,489.62252226701145,452.9Hz_+50c,1,452.87121815293256,244.8863215289519,452.8929010524654,489.6225215995034,90.59601881695104,93.56314887329702,2785.8975534670817,1665.719844933946,1,-1064.3863927846514,134.9999936166211,-1199.3863927846514,-6.383378888585867e-06,-1199.469276067715,-2.360211419289806e-06
trained_53tet,53tet-Q4,24000,20260826,135.0,452.8929,489.62252226701145,452.9Hz_+50c,2,452.8428537846876,244.9733031837849,452.89290104877205,489.62252158456386,90.5894499757192,122.49019484144947,2785.914649948298,1199.9499202119123,1,-1063.6631469600318,134.99999357791543,-1198.6631469600318,-6.422084567248021e-06,-1198.8544648178108,-2.413035473930825e-06
trained_53tet,53tet-Q4,24000,20260826,135.0,452.8929,489.62252226701145,452.9Hz_+50c,3,452.8358336972497,244.84228926131183,452.892901048227,489.62252159830905,90.58981952773237,122.43099259964286,2785.880749292026,1199.8607393063717,1,-1064.5624359015656,134.99999362860004,-1199.5624359015656,-6.371399962290525e-06,-1199.7805920068777,-2.3644343683184873e-06
trained_53tet,53tet-Q4,24000,20260826,135.0,452.8929,489.62252226701145,452.9Hz_+50c,4,452.8037655321611,244.8375486993557,452.89290104055243,489.6225215950678,90.57780944507562,122.43046364407283,2785.987681529332,1199.8346990609623,1,-1064.4733518961489,134.99999364647618,-1199.4733518961489,-6.3535238155054685e-06,-1199.8141119586267,-2.3758952032683464e-06
trained_53tet,53tet-Q4,24000,20260826,140.0,440.0,477.0598229326241,440Hz_ongrid,0,440.0000599816705,238.5008464122566,439.99999891618506,477.05982390716105,92.72257327532678,119.25229289834768,2695.8134521643537,1199.9728567046582,1,-1060.211201065453,140.000007800965,-1200.211201065453,7.800964993975867e-06,-1200.2109650602188,3.536561713984503e-06
trained_53tet,53tet-Q4,24000,20260826,140.0,440.0,477.0598229326241,440Hz_ongrid,1,440.0084835328914,238.5612858396207,439.99999892229323,477.05982390416256,62.8563682966266,119.28290457637775,3368.8806190055284,1199.967174726416,1,-1059.8056810643764,140.00000776605012,-1199.8056810643764,7.766050117652412e-06,-1199.7723018838954,3.525680186721479e-06
trained_53tet,53tet-Q4,24000,20260826,140.0,440.0,477.0598229326241,440Hz_ongrid,2,440.006519765216,238.50358899065506,439.9999989197588,477.0598239081182,93.04203089750676,119.2526908696806,2689.8844894747335,1199.9869869633824,1,-1060.2167099264632,140.00000779037674,-1200.2167099264632,7.790376741922955e-06,-1200.191057299396,3.5400352534040206e-06
trained_53tet,53tet-Q4,24000,20260826,140.0,440.0,477.0598229326241,440Hz_ongrid,3,440.00227165693065,238.54049836716862,439.99999891724883,477.0598239094,62.856807008430074,119.27616762704892,3368.8440946501146,1199.9140946153582,1,-1059.9321007811998,140.00000780490439,-1199.9321007811998,7.804904385011469e-06,-1199.9231626910318,3.5446866286780426e-06
trained_53tet,53tet-Q4,24000,20260826,140.0,440.0,477.0598229326241,440Hz_ongrid,4,439.982003345457,238.48389751082897,439.9999989189964,477.05982390599013,62.85369712235477,119.24326875023036,3368.8500012418694,1199.9808355419782,1,-1060.263186913178,140.00000778565382,-1200.263186913178,7.785653821201777e-06,-1200.3339984093227,3.532312432804398e-06
trained_53tet,53tet-Q4,24000,20260826,140.0,452.8929,491.03865154873324,452.9Hz_+50c,0,452.8639784979475,245.58206392356738,452.8929010335223,491.0386501476105,90.58757795391524,163.67957832019044,2786.0311847272387,702.3970367097713,1,-1059.447110849392,139.9999911093659,-1199.447110849392,-8.890634092040273e-06,-1199.557670074078,-4.939878764604376e-06
trained_53tet,53tet-Q4,24000,20260826,140.0,452.8929,491.03865154873324,452.9Hz_+50c,1,452.8460430421281,245.40069432997686,452.89290104873464,491.0386501416928,90.58299014314669,122.70472657708697,2786.0502993176424,1199.9382100196617,1,-1060.6575845577652,139.99999103035154,-1200.6575845577652,-8.969648462198165e-06,-1200.8367098158742,-4.96074248927779e-06
trained_53tet,53tet-Q4,24000,20260826,140.0,452.8929,491.03865154873324,452.9Hz_+50c,2,452.8223470516381,245.46401081333758,452.89290104793804,491.03865015541356,90.6016021554741,122.74233704078833,2785.6040282920617,1199.8542700911023,1,-1060.1203695567067,139.99999108177104,-1200.1203695567067,-8.918228957099927e-06,-1200.3900871464475,-4.912367801779862e-06
trained_53tet,53tet-Q4,24000,20260826,140.0,452.8929,491.03865154873324,452.9Hz_+50c,3,452.8787965782101,245.6627043777342,452.8929010390247,491.03865015396536,90.58917101447668,122.84026841392881,2786.0573862226306,1199.8743357300702,1,-1058.9353746700453,139.99999111073765,-1198.9353746700453,-8.889262346656324e-06,-1198.989287425556,-4.917473743298788e-06
trained_53tet,53tet-Q4,24000,20260826,140.0,452.8929,491.03865154873324,452.9Hz_+50c,4,452.8480876719546,245.4686772367114,452.8929010400905,491.03865015073427,90.58305661427612,122.74559392036686,2786.0568455316743,1199.8412451731888,1,-1060.1858669846868,139.99999109527153,-1200.1858669846868,-8.904728474590229e-06,-1200.357175624241,-4.928865384252869e-06
trained_53tet,53tet-Q4,24000,20260826,145.0,440.0,478.43961727145455,440Hz_ongrid,0,439.99503153620685,239.2355469724475,439.9999989146408,478.4396146559674,93.95784203453026,119.62019667320163,2672.8820986569467,1199.9649294482754,1,-1054.8665562428646,144.99999480633736,-1199.8665562428646,-5.193662644842334e-06,-1199.886105384353,-9.464141975156335e-06
trained_53tet,53tet-Q4,24000,20260826,145.0,440.0,478.43961727145455,440Hz_ongrid,1,439.98314527556767,239.1364983647494,439.9999989165011,478.43961464648805,93.00870115545544,119.56907703175035,2690.412796560602,1199.9880135732105,1,-1055.5367032892516,144.99999476471675,-1200.5367032892516,-5.2352832540236705e-06,-1200.6030215431526,-9.498442984976437e-06
trained_53tet,53tet-Q4,24000,20260826,145.0,440.0,478.43961727145455,440Hz_ongrid,2,439.99946917443293,239.22156833972699,439.9999989107276,478.43961465072124,62.85751245184463,119.611014185777,3368.8136383891097,1199.9966707767935,1,-1054.9851764671712,144.9999948027512,-1199.9851764671712,-5.197248810873134e-06,-1199.9872650668306,-9.48312516037917e-06
trained_53tet,53tet-Q4,24000,20260826,145.0,440.0,478.43961727145455,440Hz_ongrid,3,439.989731814124,239.23275173699807,439.99999890910505,478.43961464584663,62.85717074920523,119.61851005657324,3368.784736345988,1199.9691117033622,1,-1054.8659313840278,144.99999479149633,-1199.8659313840278,-5.208503665699027e-06,-1199.9063332941157,-9.500763867491188e-06
trained_53tet,53tet-Q4,24000,20260826,145.0,440.0,478.43961727145455,440Hz_ongrid,4,439.98385992169136,239.16600843630886,439.9999989100026,478.4396146575928,62.85435375626817,119.58455193751425,3368.8392203079707,1199.977593411939,1,-1055.3258896127327,144.99999483046835,-1200.3258896127327,-5.1695316471978e-06,-1200.3893958982417,-9.458260291857599e-06
trained_53tet,53tet-Q4,24000,20260826,145.0,452.8929,492.458876683998,452.9Hz_+50c,0,452.8495362993566,245.98555975149034,452.8929010410912,492.45887715660695,90.59096622851548,70.35421484318833,2785.911220732436,2167.037838201481,1,-1056.5497844559775,144.9999976817636,-1201.5497844559775,-2.3182363975138287e-06,-1201.715555015236,1.6614516455127797e-06
trained_53tet,53tet-Q4,24000,20260826,145.0,452.8929,492.458876683998,452.9Hz_+50c,1,452.89079720591116,246.3207931160335,452.8929010424253,492.4588771552252,90.59117413445105,70.34628135394964,2786.064979934879,2169.5908211265173,1,-1054.3497674266612,144.99999767180617,-1199.3497674266612,-2.328193829725933e-06,-1199.357805612237,1.6565942258411696e-06
trained_53tet,53tet-Q4,24000,20260826,145.0,452.8929,492.458876683998,452.9Hz_+50c,2,452.8353799370536,246.19843713453528,452.8929010424066,492.4588771538695,140.41403550169798,70.35198043314585,2027.159433997152,2168.59039453711,1,-1054.998091692093,144.9999976671117,-1199.998091692093,-2.3328883003159717e-06,-1200.2179825662483,1.6518282960304078e-06
trained_53tet,53tet-Q4,24000,20260826,145.0,452.8929,492.458876683998,452.9Hz_+50c,3,452.8449688413934,246.44538094872487,452.8929010388659,492.4588771541031,90.57760045530003,93.51320388701994,2786.149204124024,1677.6311411597223,1,-1053.2991454701926,144.99999768146805,-1198.2991454701926,-2.3185319548701955e-06,-1198.4823774111835,1.652649398311082e-06
trained_53tet,53tet-Q4,24000,20260826,145.0,452.8929,492.458876683998,452.9Hz_+50c,4,452.8720870217802,246.15518089403963,452.8929010365149,492.4588771551283,90.5919991367018,164.1524221544538,2785.977690286566,701.4384802763552,1,-1055.442619533814,144.9999976940589,-1200.442619533814,-2.305941109170817e-06,-1200.5221813121545,1.6562536375356098e-06
trained_53tet,53tet-Q4,24000,20260826,150.0,440.0,479.82340237271336,440Hz_ongrid,0,439.9879667906763,239.84537286693842,439.9999989088406,479.82340290938026,92.88554495395192,119.92554703656178,2692.7256770106155,1199.9587041071488,1,-1050.4313531708692,150.0000062296297,-1200.4313531708692,6.2296296903241455e-06,-1200.4786999585258,1.9363290883364877e-06
trained_53tet,53tet-Q4,24000,20260826,150.0,440.0,479.82340237271336,440Hz_ongrid,1,440.01206755292935,239.9077485770171,439.99999891390456,479.8234029117772,62.857325438737114,119.95565068083975,3368.8683583667125,1199.9743624110904,1,-1050.076003396462,150.00000621835338,-1200.076003396462,6.218353377107633e-06,-1200.0285227782028,1.9449771866535525e-06
trained_53tet,53tet-Q4,24000,20260826,150.0,440.0,479.82340237271336,440Hz_ongrid,2,439.9664684147458,239.9277966746378,439.99999891770983,479.82340291240854,62.85135954981199,119.9703786208268,3368.853260560407,1199.9064836620973,1,-1049.7519175897778,150.00000620565888,-1199.7519175897778,6.205658877433962e-06,-1199.8838567584235,1.9472552073063843e-06
trained_53tet,53tet-Q4,24000,20260826,150.0,440.0,479.82340237271336,440Hz_ongrid,3,439.99491846118445,239.9147395035881,439.99999891074685,479.8234029087018,62.85377212251713,119.95819529564507,3368.8987528904054,1199.9880857282135,1,-1049.9580811922585,150.00000621968124,-1199.9580811922585,6.219681239372221e-06,-1199.9780752463937,1.9338811579420687e-06
trained_53tet,53tet-Q4,24000,20260826,150.0,440.0,479.82340237271336,440Hz_ongrid,4,439.99439242561465,239.88518178183776,439.999998911047,479.82340291328927,93.01693760031905,119.94640515699959,2690.303747235899,1199.944946309164,1,-1050.1693142199138,150.0000062350523,-1200.1693142199138,6.235052296688082e-06,-1200.191378050757,1.9504331345316518e-06
trained_53tet,53tet-Q4,24000,20260826,150.0,452.8929,493.88320951919326,452.9Hz_+50c,0,452.84031236018467,246.89756357123483,452.89290105124485,493.8832108862394,90.58130017482225,123.47489712744593,2786.0606899347554,1199.6337996473717,1,-1050.107753352349,150.000000773475,-1200.107753352349,7.734749942756025e-07,-1200.3087871920457,4.791976741449155e-06
trained_53tet,53tet-Q4,24000,20260826,150.0,452.8929,493.88320951919326,452.9Hz_+50c,1,452.8549047401972,246.99392922339337,452.89290104464214,493.8832108753021,90.59278829355075,123.5027523392486,2785.8969239138487,1199.9188670243827,1,-1049.4879603786676,150.00000076037549,-1199.4879603786676,7.603754852425482e-07,-1199.6332076255683,4.753637492471894e-06
trained_53tet,53tet-Q4,24000,20260826,150.0,452.8929,493.88320951919326,452.9Hz_+50c,2,452.8606413256451,246.86106637352282,452.892901039064,493.8832108794747,90.58772791569757,123.44308867740419,2786.015561207244,1199.8239059097677,1,-1050.4414059320166,150.00000079632517,-1200.4414059320166,7.96325167584655e-07,-1200.56472273487,4.768263953436909e-06
trained_53tet,53tet-Q4,24000,20260826,150.0,452.8929,493.88320951919326,452.9Hz_+50c,3,452.85498949838694,246.98360153138069,452.89290103962776,493.8832108667121,90.59092205510927,123.48156193904653,2785.932912243498,1200.143544268291,1,-1049.560674951485,150.00000074943262,-1199.560674951485,7.494326155210729e-07,-1199.7055981735184,4.723526564789053e-06
trained_53tet,53tet-Q4,24000,20260826,150.0,452.8929,493.88320951919326,452.9Hz_+50c,4,452.8400766342057,246.9796425607936,452.8929010512698,493.88321088737894,90.58876970592591,123.50286112847266,2785.9170333001016,1199.8172008272927,1,-1049.5314138065994,150.00000077737405,-1199.5314138065994,7.773740549055219e-07,-1199.7333488402403,4.79597115801423e-06
trained_53tet,53tet-Q4,24000,20260826,155.0,440.0,481.21118977883435,440Hz_ongrid,0,439.9599794720361,240.60633361983844,439.99999891753396,481.2111929363851,62.851070241549074,120.3024138525064,3368.8356958678996,1200.0108355384527,1,-1044.8372117620136,155.00001561888803,-1199.8372117620136,1.561888802825706e-05,-1199.9946846069993,1.1359792802526777e-05
trained_53tet,53tet-Q4,24000,20260826,155.0,440.0,481.21118977883435,440Hz_ongrid,1,439.9993143287638,240.5867626082982,439.99999891415297,481.21119292905047,62.85925878444053,120.29423415775935,3368.764931959085,1199.9877259749542,1,-1045.132811716782,155.00001560580347,-1200.132811716782,1.5605803469043167e-05,-1200.13550957659,1.1333405281628378e-05
trained_53tet,53tet-Q4,24000,20260826,155.0,440.0,481.21118977883435,440Hz_ongrid,2,439.99073308240986,240.5970743610735,439.99999891267476,481.21119293643926,62.85432974999533,120.29817880538711,3368.8669256027865,1200.0051574374893,1,-1045.0248467969254,155.00001563820206,-1200.0248467969254,1.563820205774391e-05,-1200.0613090064905,1.1359987698993993e-05
trained_53tet,53tet-Q4,24000,20260826,155.0,440.0,481.21118977883435,440Hz_ongrid,3,439.97470143938824,240.55969423019894,439.99999892090483,481.2111929317378,62.85462152420065,120.28135812874923,3368.7958081650722,1199.9782515366396,1,-1045.2307582440665,155.00001558890557,-1200.2307582440665,1.5588905569074996e-05,-1200.330301400168,1.1343073222753576e-05
trained_53tet,53tet-Q4,24000,20260826,155.0,440.0,481.21118977883435,440Hz_ongrid,4,440.00330069723987,240.62431637707698,439.9999989159571,481.21119293416217,92.84237615312315,120.31010754470013,2693.590793343754,1200.029508029315,1,-1044.8782851115002,155.0000156170951,-1199.8782851115002,1.5617095101561063e-05,-1199.8652981614675,1.1351795512380992e-05
trained_53tet,53tet-Q4,24000,20260826,155.0,452.8929,495.31166193496966,452.9Hz_+50c,0,452.85894217845663,247.7059096153742,452.89290104311146,495.31166507453764,90.58426095158038,123.72687265138302,2786.0753244288567,1201.7632918084103,1,-1044.5201489589406,155.00000698613843,-1199.5201489589406,6.986138430420397e-06,-1199.64996141789,1.0973549520874242e-05
trained_53tet,53tet-Q4,24000,20260826,155.0,452.8929,495.31166193496966,452.9Hz_+50c,1,452.8606821641194,247.6971753926857,452.8929010463543,495.311665061951,90.59835430001652,92.20661823691856,2785.812647002223,1710.7622476268168,1,-1044.5878459096084,155.00000692974854,-1199.5878459096084,6.9297485367769696e-06,-1199.711006591687,1.092955596801623e-05
trained_53tet,53tet-Q4,24000,20260826,155.0,452.8929,495.31166193496966,452.9Hz_+50c,2,452.8572440955074,247.61508790883823,452.8929010381285,495.31166506206665,144.22971418538225,123.81796067122654,1980.8255000242307,1199.8543463860524,1,-1045.1485330469568,155.00000696159705,-1200.1485330469568,6.961597051713397e-06,-1200.28483711788,1.0929960368575517e-05
trained_53tet,53tet-Q4,24000,20260826,155.0,452.8929,495.31166193496966,452.9Hz_+50c,3,452.84534894708105,247.69344420410542,452.8929010419211,495.31166505774206,90.59259637386447,123.85349516741807,2785.864059971198,1199.9053229624967,1,-1044.555306456366,155.000006931984,-1199.555306456366,6.931983989488799e-06,-1199.7370852474317,1.0914844552232921e-05
trained_53tet,53tet-Q4,24000,20260826,155.0,452.8929,495.31166193496966,452.9Hz_+50c,4,452.81740016184665,247.49832763601282,452.8929010446158,495.3116650562685,90.59073299601486,123.75129385405207,2785.7928177932686,1199.9702013405329,1,-1045.8127440504777,155.0000069165325,-1200.8127440504777,6.9165324987352506e-06,-1201.1013747324728,1.0909694211269612e-05
trained_53tet,53tet-Q4,24000,20260826,160.0,440.0,482.60299106563536,440Hz_ongrid,0,440.00461797965494,241.30381479079318,439.9999989101485,482.6029899808853,62.85946959944632,120.65308520233417,3368.779993594192,1199.9830997324038,1,-1040.001530318195,160.00000039684772,-1200.001530318195,3.9684772445980343e-07,-1199.9833604053254,-3.891306738398324e-06
trained_53tet,53tet-Q4,24000,20260826,160.0,440.0,482.60299106563536,440Hz_ongrid,1,440.0021814667356,241.31220276376288,439.99999890517626,482.60298997245025,92.81712069373687,120.66015714000011,2694.0573928527547,1199.941806933412,1,-1039.9317651726587,160.0000003861526,-1199.9317651726587,3.8615260677943297e-07,-1199.9231819450958,-3.921565664536336e-06
trained_53tet,53tet-Q4,24000,20260826,160.0,440.0,482.60299106563536,440Hz_ongrid,2,440.0045148288941,241.26447993427868,439.9999989107839,482.60298997705377,62.859093085077056,120.632835822505,3368.7899574805274,1199.9914486993696,1,-1040.2833553672037,160.0000003806028,-1200.2833553672037,3.806028132657957e-07,-1200.2655913094616,-3.905051552392131e-06
trained_53tet,53tet-Q4,24000,20260826,160.0,440.0,482.60299106563536,440Hz_ongrid,3,439.9925370320668,241.29117727453462,439.99999891468855,482.6029899795196,93.17034214797951,120.64983236956846,2687.4436285875677,1199.939104572934,1,-1040.044666418011,160.000000374085,-1200.044666418011,3.740850047506683e-07,-1200.0740306311138,-3.896205866698686e-06
trained_53tet,53tet-Q4,24000,20260826,160.0,440.0,482.60299106563536,440Hz_ongrid,4,439.9849729195991,241.33310043733056,439.9999989176018,482.60298997306796,62.85394862479122,120.66030153636162,3368.8547584980975,1200.089653774453,1,-1039.714136400354,160.000000339479,-1199.714136400354,3.3947898714359326e-07,-1199.7732633037695,-3.919349726281569e-06
trained_53tet,53tet-Q4,24000,20260826,160.0,452.8929,496.7442458463402,452.9Hz_+50c,0,452.81624975063187,248.44362229771076,452.89290105126435,496.7442438815887,90.58342461424508,124.22688838558403,2785.928091929691,1199.9292418505913,1,-1039.2086689513706,159.9999891339467,-1199.2086689513706,-1.0866053287372779e-05,-1199.5016979484362,-6.847476776684796e-06
trained_53tet,53tet-Q4,24000,20260826,160.0,452.8929,496.7442458463402,452.9Hz_+50c,1,452.8256293345698,248.40328180748958,452.8929010365464,496.7442438834195,129.3102227684012,124.19685572634616,2169.743137857954,1200.0667013863347,1,-1039.5256573334673,159.99998919658836,-1199.5256573334673,-1.0803411640836202e-05,-1199.7828261181135,-6.841096319886333e-06
trained_53tet,53tet-Q4,24000,20260826,160.0,452.8929,496.7442458463402,452.9Hz_+50c,2,452.821051822053,248.42372007163897,452.89290103715854,496.74424388113215,90.58015954702236,124.22037124715501,2786.0088546182888,1199.8813769148026,1,-1039.365719005448,159.99998918627665,-1199.365719005448,-1.0813723349656357e-05,-1199.6403885344662,-6.849068046772595e-06
trained_53tet,53tet-Q4,24000,20260826,160.0,452.8929,496.7442458463402,452.9Hz_+50c,3,452.8388392283132,248.38103062873802,452.89290105008115,496.74424387989654,90.59000132513071,124.19433134222498,2785.8887654118507,1199.9468048277026,1,-1039.7312458087147,159.99998913257215,-1199.7312458087147,-1.0867427846505961e-05,-1199.9379115237837,-6.853374220833125e-06
trained_53tet,53tet-Q4,24000,20260826,160.0,452.8929,496.7442458463402,452.9Hz_+50c,4,452.8390716680626,248.42016868274857,452.89290103803074,496.74424388240107,113.2142822313984,124.21671392930512,2399.9309672734544,1199.9075995952146,1,-1039.459360817302,159.99998918736492,-1199.459360817302,-1.0812635082402267e-05,-1199.665137899439,-6.844645588329528e-06
trained_53tet,53tet-Q4,24000,20260826,165.0,440.0,483.99881784241484,440Hz_ongrid,0,440.00912655236857,242.12998682693743,439.99999892078904,483.99881926815596,62.856667511511105,121.06871099499809,3368.874907828055,1199.946839257756,1,-1034.102022799243,165.00000934607655,-1199.102022799243,9.346076552674276e-06,-1199.0661136302704,5.099788227153651e-06
trained_53tet,53tet-Q4,24000,20260826,165.0,440.0,483.99881784241484,440Hz_ongrid,1,439.9900920899824,241.95695677284922,439.9999989074116,483.9988192711849,62.85706983824696,80.63484396733385,3368.7889332550358,1902.3301483979308,1,-1035.2647397682215,165.00000940954612,-1200.2647397682215,9.40954612360656e-06,-1200.3037240961874,5.110622856242903e-06
trained_53tet,53tet-Q4,24000,20260826,165.0,440.0,483.99881784241484,440Hz_ongrid,2,439.99104374802545,241.9700074182008,439.99999891675895,483.99881927122925,62.85524389779991,120.98387749923549,3368.8429692485574,1200.0161155670498,1,-1035.1751076874434,165.00000937292634,-1200.1751076874434,9.372926342621213e-06,-1200.2103475196693,5.110781233648784e-06
trained_53tet,53tet-Q4,24000,20260826,165.0,440.0,483.99881784241484,440Hz_ongrid,3,440.02243329591784,241.99888519275305,439.99999891771995,483.99881926515354,62.86168031719324,121.00201472354446,3368.7892029303985,1199.9631989477984,1,-1035.0920110015118,165.00000934741288,-1200.0920110015118,9.347412884608275e-06,-1200.0037466930926,5.0890489320368035e-06
trained_53tet,53tet-Q4,24000,20260826,165.0,440.0,483.99881784241484,440Hz_ongrid,4,440.00030476727073,242.0229367584496,439.99999891361296,483.9988192711146,62.859402777848494,121.01560401375805,3368.764863182521,1199.9408351202337,1,-1034.832892067408,165.00000938489447,-1199.832892067408,9.384894468666971e-06,-1199.8316929235593,5.110371451331626e-06
trained_53tet,53tet-Q4,24000,20260826,165.0,452.8929,498.1809732027795,452.9Hz_+50c,0,452.8531827196633,249.1409844471224,452.8929010525089,498.18097183149473,90.59319259662472,124.57536174815282,2785.88261449119,1199.9323264935583,1,-1034.497233930491,164.9999912112999,-1199.497233930491,-8.78870008591548e-06,-1199.6490643593738,-4.7653664672892556e-06
trained_53tet,53tet-Q4,24000,20260826,165.0,452.8929,498.1809732027795,452.9Hz_+50c,1,452.86990580284305,249.1219427005498,452.89290104445223,498.1809718206958,90.5900098751694,124.56287250573413,2786.0073675937747,1199.9735766355182,1,-1034.6934868111373,164.99999120456994,-1199.6934868111373,-8.795430062491505e-06,-1199.78138694747,-4.802894032268382e-06
trained_53tet,53tet-Q4,24000,20260826,165.0,452.8929,498.1809732027795,452.9Hz_+50c,2,452.85367724223767,249.10337488882158,452.89290103553265,498.1809718322137,90.57935442017047,124.55981073539213,2786.148972491129,1199.8870921812513,1,-1034.7604859692874,164.9999912786919,-1199.7604859692874,-8.721308091708124e-06,-1199.9104258652471,-4.762867986814995e-06
trained_53tet,53tet-Q4,24000,20260826,165.0,452.8929,498.1809732027795,452.9Hz_+50c,3,452.87252763713644,249.1397541633735,452.8929010449741,498.180971823811,90.58674019213028,124.57258616923066,2786.07987722874,1199.9623503393448,1,-1034.5797359918854,164.99999121340056,-1199.5797359918854,-8.786599437371478e-06,-1199.6576133918813,-4.79206843677992e-06
trained_53tet,53tet-Q4,24000,20260826,165.0,452.8929,498.1809732027795,452.9Hz_+50c,4,452.84434539509715,249.1286516999578,452.8929010483415,498.18097183429126,90.59282953333457,124.56863844727818,2785.8557676775217,1199.9400632083657,1,-1034.5491490427755,164.99999123694826,-1199.5491490427755,-8.763051738469585e-06,-1199.734764431244,-4.755648168209379e-06
trained_53tet,53tet-Q4,24000,20260826,170.0,440.0,485.39868175204845,440Hz_ongrid,0,439.9627814863725,242.7478442049248,439.9999989115938,485.3986789526063,62.85012284250253,121.3742541805191,3368.872818028566,1199.995263364302,1,-1029.507601394152,169.99999429791333,-1199.507601394152,-5.7020866677248705e-06,-1199.6540484017796,-9.984554374482626e-06
trained_53tet,53tet-Q4,24000,20260826,170.0,440.0,485.39868175204845,440Hz_ongrid,1,440.00306043566775,242.72213533675304,439.99999890934555,485.3986789608738,62.86106859660944,121.36641148298688,3368.729827334474,1199.9237713518125,1,-1029.8494507625937,169.99999433624646,-1199.8494507625937,-5.66375354082993e-06,-1199.8374091443966,-9.955067538099032e-06
trained_53tet,53tet-Q4,24000,20260826,170.0,440.0,485.39868175204845,440Hz_ongrid,2,439.9699257132299,242.70668423561486,439.999998917317,485.3986789622789,62.85011440204947,121.3561863404953,3368.9011625124012,1199.9594246242257,1,-1029.829283783866,169.9999943098933,-1199.829283783866,-5.69010668982628e-06,-1199.947618803636,-9.950055969510593e-06
trained_53tet,53tet-Q4,24000,20260826,170.0,440.0,485.39868175204845,440Hz_ongrid,3,440.002071652718,242.68249601058423,439.9999989136101,485.39867896418644,62.85921442660747,121.3444614241547,3368.77700265051,1199.954153211887,1,-1030.1283138882948,169.999994331282,-1200.1283138882948,-5.668717989237848e-06,-1200.1201627353855,-9.943252468194172e-06
trained_53tet,53tet-Q4,24000,20260826,170.0,440.0,485.39868175204845,440Hz_ongrid,4,439.99570764899784,242.70966481106854,439.99999891183614,485.3986789581866,93.37744886894811,121.35670240067046,2683.61204496872,1199.9733230705,1,-1029.909469535521,169.9999943168628,-1199.909469535521,-5.683137203504884e-06,-1199.9263584001847,-9.964651485499752e-06
trained_53tet,53tet-Q4,24000,20260826,170.0,452.8929,499.6218559883234,452.9Hz_+50c,0,452.82502985593607,249.80486947338358,452.89290103888015,499.62185494526426,129.3127090910704,124.90491784066036,2169.7075588201246,1199.9655828053612,1,-1029.7825264318626,169.99999241447114,-1199.7825264318626,-7.5855288628190465e-06,-1200.0419871329598,-3.6142923529363463e-06
trained_53tet,53tet-Q4,24000,20260826,170.0,452.8929,499.6218559883234,452.9Hz_+50c,1,452.8875069017874,249.79880767806506,452.892901049501,499.6218549524944,90.59189834220074,124.899715497506,2786.0385624249466,1199.9956800987738,1,-1030.0633821312426,169.99999239892503,-1200.0633821312426,-7.601074969443289e-06,-1200.0839979784932,-3.589239315225839e-06
trained_53tet,53tet-Q4,24000,20260826,170.0,452.8929,499.6218559883234,452.9Hz_+50c,2,452.88370189071713,249.79516341686855,452.89290104639446,499.62185494200827,90.59382676519257,124.89873798835741,2785.9871648498474,1199.983972612762,1,-1030.0740936003908,169.99999237446468,-1200.0740936003908,-7.625535317856702e-06,-1200.109254764733,-3.625574628900783e-06
trained_53tet,53tet-Q4,24000,20260826,170.0,452.8929,499.6218559883234,452.9Hz_+50c,3,452.8513396181811,249.83568995776272,452.89290104659034,499.6218549396575,90.58405932039749,124.91870124959114,2786.0501139159223,1199.988133001113,1,-1029.669527179869,169.9999923655703,-1199.669527179869,-7.634429692870981e-06,-1199.828403703727,-3.6337203018317617e-06
trained_53tet,53tet-Q4,24000,20260826,170.0,452.8929,499.6218559883234,452.9Hz_+50c,4,452.88420324181715,249.8759822349315,452.8929010387435,499.6218549408622,90.59110710465013,124.93927344709337,2786.041054432077,1199.9822311748344,1,-1029.515976606894,169.99999239974008,-1199.515976606894,-7.600259920081953e-06,-1199.5492212624035,-3.6295459808144138e-06
trained_53tet,53tet-Q4,24000,20260826,175.0,440.0,486.8025944710867,440Hz_ongrid,0,439.96849967718236,243.33134187212147,439.99999890700957,486.8025934106562,93.40659994162169,121.66824525498548,2682.9646059239685,1199.9633692775294,1,-1025.3736948760738,175.00000052925694,-1200.3736948760738,5.292569369430566e-07,-1200.4976412024753,-3.771248207074414e-06
trained_53tet,53tet-Q4,24000,20260826,175.0,440.0,486.8025944710867,440Hz_ongrid,1,439.9884597018032,243.43051603256785,439.99999891508617,486.8025934243036,93.4197889984008,121.71827601262697,2682.798711111408,1199.9570736377784,1,-1024.746781382262,175.00000054601355,-1199.746781382262,5.460135525936494e-07,-1199.7921886985866,-3.7227134123527184e-06
trained_53tet,53tet-Q4,24000,20260826,175.0,440.0,486.8025944710867,440Hz_ongrid,2,440.0035057476153,243.47563617676454,439.99999892041956,486.8025934045336,62.85632377194621,121.73780124998228,3368.8622598950456,1200.0002394589771,1,-1024.4851258222611,175.00000045471964,-1199.4851258222611,4.547196397197695e-07,-1199.4713320825786,-3.793022217411063e-06
trained_53tet,53tet-Q4,24000,20260826,175.0,440.0,486.8025944710867,440Hz_ongrid,3,440.00376926455186,243.412012038584,439.99999890853314,486.80259341982435,62.85689324993392,121.70752513351816,3368.8476118252183,1199.978391157958,1,-1024.9386213485534,175.00000055586733,-1199.9386213485534,5.55867330831461e-07,-1199.9237907776856,-3.738643219499627e-06
trained_53tet,53tet-Q4,24000,20260826,175.0,440.0,486.8025944710867,440Hz_ongrid,4,439.98353504901195,243.39290322152453,439.9999989048599,486.80259341543234,62.853452104088134,121.6992780343171,3368.8627769180644,1199.9597922222993,1,-1024.9949203294268,175.00000055470056,-1199.9949203294268,5.547005628159241e-07,-1200.0597049137625,-3.754262614617789e-06
trained_53tet,53tet-Q4,24000,20260826,175.0,452.8929,501.06690622166917,452.9Hz_+50c,0,452.8258229147015,250.49125783993853,452.89290105285835,501.06690645528,90.57922732102942,125.2437170134356,2786.044912928786,1200.026427931914,1,-1025.035173250971,174.9999967824786,-1200.035173250971,-3.2175213959817484e-06,-1200.2916019440197,8.071477710078844e-07
trained_53tet,53tet-Q4,24000,20260826,175.0,452.8929,501.06690622166917,452.9Hz_+50c,1,452.87344108544437,250.50357146571875,452.8929010382745,501.0669064494609,90.59724773513376,125.2484680679228,2785.882567553278,1200.0458574745119,1,-1025.132114707013,174.99999681812136,-1200.132114707013,-3.1818786396797805e-06,-1200.2065001945584,7.870419130456579e-07
trained_53tet,53tet-Q4,24000,20260826,175.0,452.8929,501.06690622166917,452.9Hz_+50c,2,452.84942433211614,250.53287441306352,452.89290104035564,501.0669064552824,90.58442980283063,125.26380833449886,2786.035711221066,1200.0363324816478,1,-1024.8378003091648,174.99999683027977,-1199.8378003091648,-3.1697202302893857e-06,-1200.0039989168313,8.071558436426703e-07
trained_53tet,53tet-Q4,24000,20260826,175.0,452.8929,501.06690622166917,452.9Hz_+50c,3,452.80315635669115,250.52467190630028,452.89290103618265,501.06690645273466,90.58583956053836,125.25944181413728,2785.831877827254,1200.0399999716328,1,-1024.7175917010609,174.99999683742894,-1199.7175917010609,-3.1625710619209713e-06,-1200.0606808652497,7.983532120254491e-07
trained_53tet,53tet-Q4,24000,20260826,175.0,452.8929,501.06690622166917,452.9Hz_+50c,4,452.8721723548836,250.50945036093847,452.89290104060433,501.0669064568332,90.59844282301869,125.25397213532831,2785.8548805407618,1200.0104084002069,1,-1025.0866359676972,174.9999968346872,-1200.0866359676972,-3.1653127905428846e-06,-1200.1658715356918,8.125141510845651e-07
trained_53tet,53tet-Q4,24000,20260826,180.0,440.0,488.21056770985183,440Hz_ongrid,0,440.00504801885234,244.0976949114479,439.9999989031122,488.2105691423718,62.86034957078669,122.04931162294898,3368.7574501970703,1199.993415910161,1,-1020.0736847842783,180.00000939567107,-1200.0736847842782,9.395671071388279e-06,-1200.0538228479468,5.079831520778858e-06
trained_53tet,53tet-Q4,24000,20260826,180.0,440.0,488.21056770985183,440Hz_ongrid,1,439.9924300263083,244.13222409561305,439.99999891078625,488.2105691392392,62.85534757185253,122.0696498678823,3368.8455683212073,1199.949824683389,1,-1019.7791607622627,180.00000935436825,-1199.7791607622626,9.354368245340083e-06,-1199.8089460098602,5.068722806518548e-06
trained_53tet,53tet-Q4,24000,20260826,180.0,440.0,488.21056770985183,440Hz_ongrid,2,439.97773582438157,244.11346193148663,439.99999891197734,488.2105691397648,93.20096713417932,122.05828988352164,2686.816428277747,1199.9778886892893,1,-1019.8543973831192,180.00000935154569,-1199.8543973831192,9.35154568537655e-06,-1199.9420007333954,5.070586816327129e-06
trained_53tet,53tet-Q4,24000,20260826,180.0,440.0,488.21056770985183,440Hz_ongrid,3,439.98819063107663,244.09420196268007,439.9999989155849,488.2105691385327,62.853707801334764,122.05079191672583,3368.874052561362,1199.947644996543,1,-1020.0321303152275,180.0000093329822,-1200.0321303152275,9.332982187970629e-06,-1200.07859635147,5.066217598862837e-06
trained_53tet,53tet-Q4,24000,20260826,180.0,440.0,488.21056770985183,440Hz_ongrid,4,439.98713024295216,244.11980405913926,439.99999890940546,488.21056913778784,62.856236140904215,122.06436036511506,3368.8002413736053,1199.9367664465337,1,-1019.846385051584,180.00000935465442,-1199.846385051584,9.354654423532338e-06,-1199.8970234321698,5.063576309649639e-06
trained_53tet,53tet-Q4,24000,20260826,180.0,452.8929,502.5161359562753,452.9Hz_+50c,0,452.8522835220166,251.2326429207488,452.8929010434881,502.51613700371126,90.5861943446213,125.61154657077434,2786.012918519943,1200.0658083955566,1,-1020.0199261663239,179.99999961970354,-1200.0199261663238,-3.802964556598454e-07,-1200.1751941842265,3.608554239712075e-06
trained_53tet,53tet-Q4,24000,20260826,180.0,452.8929,502.5161359562753,452.9Hz_+50c,1,452.84870488857956,251.21024434215994,452.8929010433204,502.51613700722515,90.58867530633424,125.60145005441991,2785.9518233693,1200.0506140690363,1,-1020.1605997425236,179.99999963245048,-1200.1605997425236,-3.675495179322752e-07,-1200.3295487702399,3.620660116581776e-06
trained_53tet,53tet-Q4,24000,20260826,180.0,452.8929,502.5161359562753,452.9Hz_+50c,2,452.900220269889,251.21738848362932,452.8929010471792,502.51613700638165,90.59187171825288,125.60159114361942,2786.0876693914875,1200.0979030411424,1,-1020.3082974178349,179.99999961479395,-1200.3082974178349,-3.852060501685628e-07,-1200.2803150889856,3.6177539680635904e-06
trained_53tet,53tet-Q4,24000,20260826,180.0,452.8929,502.5161359562753,452.9Hz_+50c,3,452.8746764326579,251.21231377355397,452.8929010429827,502.5161370137721,90.59220251350685,125.60297576766231,2785.983702454089,1200.043846031134,1,-1020.2456241514795,179.99999965629632,-1200.2456241514797,-3.437036752984568e-07,-1200.3152871888926,3.6432150581366386e-06
trained_53tet,53tet-Q4,24000,20260826,180.0,452.8929,502.5161359562753,452.9Hz_+50c,4,452.8437473644947,251.22200556673462,452.89290104875573,502.5161370225291,90.59023761992245,125.60715083409393,2785.903013710789,1200.053090317255,1,-1020.0605956409116,179.99999966439742,-1200.0605956409117,-3.356025786160899e-07,-1200.2484973152434,3.6733844163375757e-06
trained_53tet,53tet-Q4,24000,20260826,185.0,440.0,489.62261321253584,440Hz_ongrid,0,440.00966861098374,244.86514443445,439.99999891121064,489.6226125714489,62.85812148405761,122.43463914005703,3368.836994903907,1199.9707733251516,1,-1014.6573583827582,185.00000201718555,-1199.657358382758,2.017185551039802e-06,-1199.6193164631295,-2.2667898920342093e-06
trained_53tet,53tet-Q4,24000,20260826,185.0,440.0,489.62261321253584,440Hz_ongrid,1,439.98896775249625,244.94509754776973,439.9999989213694,489.62261257920875,62.856110136194744,122.478102826538,3368.8109419975985,1199.9214914105983,1,-1014.0107197048791,185.00000200465254,-1199.0107197048792,2.0046525435191143e-06,-1199.054127982067,-2.2393521595821457e-06
trained_53tet,53tet-Q4,24000,20260826,185.0,440.0,489.62261321253584,440Hz_ongrid,2,439.99258047272167,244.95776210048228,439.9999989160628,489.6226125707705,62.8548069262577,122.50211914633005,3368.8610514260727,1199.67156160459,1,-1013.9354259094085,185.0000019956957,-1198.9354259094084,1.9956956975875073e-06,-1198.9646191970282,-2.269188425597818e-06
trained_53tet,53tet-Q4,24000,20260826,185.0,440.0,489.62261321253584,440Hz_ongrid,3,439.9744851125553,244.7943156343825,439.9999989053059,489.6226125655835,62.85444394314311,122.41349510219037,3368.799848155923,1199.7689343681373,1,-1015.0197649900703,185.00000201967936,-1200.0197649900701,2.0196793570903537e-06,-1200.1201593598207,-2.2875290674527766e-06
trained_53tet,53tet-Q4,24000,20260826,185.0,440.0,489.62261321253584,440Hz_ongrid,4,439.99077177805657,244.8348746277908,439.99999891252645,489.6226125689561,62.85486102265482,122.4320859628348,3368.8524447629343,1199.7928504045458,1,-1014.7970319045728,185.00000200319442,-1199.7970319045728,2.0031944245602062e-06,-1199.8333418581628,-2.2756040560024896e-06
trained_53tet,53tet-Q4,24000,20260826,185.0,452.8929,503.9695572804629,452.9Hz_+50c,0,452.87902019339884,251.8185886816697,452.89290103593805,503.9695583685553,90.60000709008239,125.90020819541836,2785.8511670527882,1200.1249376546014,1,-1016.0891088070271,184.99999977782073,-1201.089108807027,-2.2217926698431256e-07,-1201.142166741919,3.73781019239968e-06
trained_53tet,53tet-Q4,24000,20260826,185.0,452.8929,503.9695572804629,452.9Hz_+50c,1,452.83402391063066,251.95739542128004,452.89290104666765,503.96955838131726,90.58218930993121,125.96394831356655,2786.0196551695326,1200.202702153438,1,-1014.9630685503429,184.99999978064548,-1199.963068550343,-2.19354518549153e-07,-1200.1881436542067,3.7816503653797808e-06
trained_53tet,53tet-Q4,24000,20260826,185.0,452.8929,503.9695572804629,452.9Hz_+50c,2,452.92644686601784,252.19273264025327,452.89290103498905,503.9695583697798,90.60444821647866,126.1291747456038,2785.9475955362427,1199.549616875732,1,-1013.7000957655607,184.99999978565486,-1198.7000957655607,-2.1434513541862543e-07,-1198.5718638462115,3.7420168039383422e-06
trained_53tet,53tet-Q4,24000,20260826,185.0,452.8929,503.9695572804629,452.9Hz_+50c,3,452.82674478426856,251.89228711922374,452.8929010508908,503.9695583817026,90.59242418344246,125.93808442477705,2785.7962251179474,1200.1107830271744,1,-1015.382665374084,184.9999997658256,-1200.382665374084,-2.341743936540297e-07,-1200.6355695986108,3.7829738930712055e-06
trained_53tet,53tet-Q4,24000,20260826,185.0,452.8929,503.9695572804629,452.9Hz_+50c,4,452.85780744280663,251.92434722285103,452.892901052041,503.9695583704444,90.58552539407216,125.96257086094901,2786.0468207596055,1199.9945401798263,1,-1015.2810868377226,184.9999997227547,-1200.2810868377226,-2.7724530582418083e-07,-1200.4152372820188,3.7442998219341448e-06
trained_53tet,53tet-Q4,24000,20260826,190.0,440.0,491.0387427572983,440Hz_ongrid,0,440.0272182446448,245.59521639900743,439.999998910606,491.038741355838,62.86206921213192,122.80125494597586,3368.7973185586625,1199.948587940673,1,-1009.5723657899225,189.9999993452869,-1199.5723657899225,-6.547130908529653e-07,-1199.4652755751588,-4.941067940594516e-06
trained_53tet,53tet-Q4,24000,20260826,190.0,440.0,491.0387427572983,440Hz_ongrid,1,439.990027464271,245.57079080868087,439.9999989162845,491.03874135107515,62.85139536682961,122.79166724435214,3368.944974541862,1199.9115713587921,1,-1009.5982248311153,189.99999930615195,-1199.5982248311152,-6.938480510143563e-07,-1199.6374634426259,-4.9578599820328694e-06
trained_53tet,53tet-Q4,24000,20260826,190.0,440.0,491.0387427572983,440Hz_ongrid,2,440.0039932819919,245.3989346275317,439.9999989092795,491.03874135750306,62.85661804519338,122.71124660196818,3368.856073076274,1199.833807542467,1,-1010.8651576319546,189.99999935637663,-1200.8651576319546,-6.436233661588631e-07,-1200.8494456447258,-4.935197405235409e-06
trained_53tet,53tet-Q4,24000,20260826,190.0,440.0,491.0387427572983,440Hz_ongrid,3,439.9923254578386,245.50244852116205,439.99999891650634,491.03874136508455,62.857029349915365,122.76257014782391,3368.7988360366417,1199.8399895502976,1,-1010.0891357932824,189.99999935467125,-1200.0891357932824,-6.453287539898156e-07,-1200.119332485496,-4.908467758137466e-06
trained_53tet,53tet-Q4,24000,20260826,190.0,440.0,491.0387427572983,440Hz_ongrid,4,439.9824391438686,245.42143382676596,439.9999989148006,491.03874134923143,62.85487606357405,122.71758619762582,3368.819243714651,1199.9030891007574,1,-1010.6216294280638,189.99999930549023,-1200.621629428064,-6.94509765253315e-07,-1200.6907261525373,-4.964360375113039e-06
trained_53tet,53tet-Q4,24000,20260826,190.0,452.8929,505.4271823175155,452.9Hz_+50c,0,452.8467108199041,252.6757801746769,452.8929010422854,505.4271836279685,90.59046176046422,126.32341269720958,2785.910059589348,1200.1983980172977,1,-1010.0824741174547,190.00000050442665,-1200.0824741174547,5.044266515596973e-07,-1200.2590464576604,4.488679780581528e-06
trained_53tet,53tet-Q4,24000,20260826,190.0,452.8929,505.4271823175155,452.9Hz_+50c,1,452.87779829501284,252.63540525774843,452.89290104739194,505.4271836298211,113.22416521978597,126.30317030914357,2399.9278947478037,1200.1991826444487,1,-1010.4779725216267,190.0000004912523,-1200.4779725216267,4.912523081657127e-07,-1200.5357014499846,4.495025640332059e-06
trained_53tet,53tet-Q4,24000,20260826,190.0,452.8929,505.4271823175155,452.9Hz_+50c,2,452.8575192885221,252.6498206661394,452.892901044679,505.4271836296685,90.58678691718518,126.3169712557327,2786.0216096183594,1200.1088054040927,1,-1010.3016678007675,190.00000050110026,-1200.3016678007675,5.011002599530912e-07,-1200.4369198329334,4.494502841127994e-06
trained_53tet,53tet-Q4,24000,20260826,190.0,452.8929,505.4271823175155,452.9Hz_+50c,3,452.8653562925852,252.6564194968269,452.8929010470566,505.42718362869624,90.58407979067927,126.31581652521963,2786.103307092344,1200.1698482272034,1,-1010.2864110905758,190.00000048868125,-1200.2864110905757,4.88681251908929e-07,-1200.3917032119505,4.49117268708033e-06
trained_53tet,53tet-Q4,24000,20260826,190.0,452.8929,505.4271823175155,452.9Hz_+50c,4,452.83487783559116,252.66768976968436,452.8929010503518,505.42718363164744,90.58978544172379,126.3239237432508,2785.877746346307,1200.1359611321727,1,-1010.0926691272037,190.0000004861936,-1200.0926691272039,4.861936133693234e-07,-1200.3144795855353,4.501281547866575e-06
trained_53tet,53tet-Q4,24000,20260826,195.0,440.0,492.45896815636445,440Hz_ongrid,0,439.9877389148717,246.1604741119117,439.9999989181151,492.45896862239994,62.854298991634664,123.09321247624474,3368.8559915905576,1199.8174986825868,1,-1005.4370321331672,195.00000589515145,-1200.4370321331671,5.895151446111413e-06,-1200.4852755509228,1.6383427674215826e-06
trained_53tet,53tet-Q4,24000,20260826,195.0,440.0,492.45896815636445,440Hz_ongrid,1,440.024757857916,245.9638335278204,439.9999989211416,492.45896861614006,62.859229005727265,70.35504534209663,3368.865860060209,2166.8644870792355,1,-1006.9662015051166,195.00000586123696,-1201.9662015051167,5.861236957116489e-06,-1201.8687914124241,1.6163359961834212e-06
trained_53tet,53tet-Q4,24000,20260826,195.0,440.0,492.45896815636445,440Hz_ongrid,2,440.0059700018133,246.4161929804931,439.99999891596684,492.45896862376503,62.85709845866029,70.34879629143289,3368.850618854669,2170.1993050715255,1,-1003.7112408470199,195.00000590840324,-1198.7112408470198,5.908403238663595e-06,-1198.687751300893,1.6431417565938697e-06
trained_53tet,53tet-Q4,24000,20260826,195.0,440.0,492.45896815636445,440Hz_ongrid,3,439.9801750573647,246.1384910561252,439.99999891528205,492.45896862160157,62.8558167367229,70.34850172415895,3368.7844259108383,2168.2544173155843,1,-1005.5618827345647,195.00000590349208,-1200.5618827345647,5.903492080960859e-06,-1200.6398881639816,1.6355357969845338e-06
trained_53tet,53tet-Q4,24000,20260826,195.0,440.0,492.45896815636445,440Hz_ongrid,4,440.00204964907937,246.41375931578742,439.99999891206926,492.4589686209112,62.85713151360891,70.34355435139676,3368.8342834741425,2170.3112121472714,1,-1003.712914040274,195.0000059137063,-1198.712914040274,5.913706303317667e-06,-1198.7048494629785,1.633109009204595e-06
trained_53tet,53tet-Q4,24000,20260826,195.0,452.8929,506.88902322578076,452.9Hz_+50c,0,452.83217448691215,253.43799340794138,452.89290105090146,506.88902467339113,90.58678540888,126.70727088652566,2785.9247448085944,1200.1602054484838,1,-1004.8123795950498,195.00000092699455,-1199.8123795950498,9.26994545125126e-07,-1200.0445252627003,4.944183579101063e-06
trained_53tet,53tet-Q4,24000,20260826,195.0,452.8929,506.88902322578076,452.9Hz_+50c,1,452.84618115980896,253.41711911675154,452.892901032207,506.8890246796509,75.48845232358724,126.6933197363793,3101.6318616217554,1200.2082360150384,1,-1005.0085261124162,195.00000101983576,-1200.0085261124163,1.0198357642821065e-06,-1200.1871233456059,4.965563375663394e-06
trained_53tet,53tet-Q4,24000,20260826,195.0,452.8929,506.88902322578076,452.9Hz_+50c,2,452.82990695171975,253.2604191475316,452.8929010413489,506.8890246783527,90.58665228948537,126.61229274471029,2785.918619806892,1200.2449685521187,1,-1006.0171448092428,195.00000098045578,-1201.0171448092428,9.80455780563716e-07,-1201.2579595692907,4.961129192709526e-06
trained_53tet,53tet-Q4,24000,20260826,195.0,452.8929,506.88902322578076,452.9Hz_+50c,3,452.87801648808164,253.34920946133298,452.89290104782543,506.889024669738,90.58884748559427,126.65998188802597,2786.0605870607474,1200.1998587199596,1,-1005.5942195149448,195.00000092627602,-1200.5942195149448,9.26276015889016e-07,-1200.651114348144,4.931706361041353e-06
trained_53tet,53tet-Q4,24000,20260826,195.0,452.8929,506.88902322578076,452.9Hz_+50c,4,452.8329599658375,253.46733978587483,452.8929010445784,506.8890246833514,90.57416323528696,126.7290451360397,2786.168991136457,1200.0631772338584,1,-1004.6149291766604,195.00000098518353,-1199.6149291766606,9.851835329754977e-07,-1199.8440718627257,4.978202046418189e-06
trained_53tet,53tet-Q4,24000,20260826,200.0,440.0,493.8833012561241,440Hz_ongrid,0,440.0095878272218,246.99043077481906,439.9999989165058,493.88330261057143,93.19720360611211,123.47862976279406,2687.0116656996556,1200.2325233919814,1,-999.6957748275432,200.00000901095376,-1199.6957748275431,9.010953760935081e-06,-1199.6580507545941,4.747812509870401e-06
trained_53tet,53tet-Q4,24000,20260826,200.0,440.0,493.8833012561241,440Hz_ongrid,1,439.9920407148598,246.80797565613585,439.9999989166226,493.88330261790276,62.85474592968588,123.4164595139778,3368.860607698129,1199.8250436092526,1,-1000.9060919188875,200.00000903619292,-1200.9060919188873,9.036192921030306e-06,-1200.937408987233,4.7735111660356975e-06
trained_53tet,53tet-Q4,24000,20260826,200.0,440.0,493.8833012561241,440Hz_ongrid,2,439.9783940358201,246.86991789253432,439.999998912901,493.883302606748,62.85499433886902,123.43905700376803,3368.8000693365684,1199.9425237471519,1,-1000.4179564011985,200.00000901173462,-1200.4179564011984,9.011734618979972e-06,-1200.5029698086007,4.734410014100445e-06
trained_53tet,53tet-Q4,24000,20260826,200.0,440.0,493.8833012561241,440Hz_ongrid,3,439.993468406857,246.91535994002254,439.9999989139172,493.88330260812137,62.85619553929263,70.55451248791957,3368.8262984885782,2168.647588129483,1,-1000.1586264159746,200.0000090125504,-1200.1586264159746,9.012550407305753e-06,-1200.1843259622783,4.7392239953001455e-06
trained_53tet,53tet-Q4,24000,20260826,200.0,440.0,493.8833012561241,440Hz_ongrid,4,439.97954222469355,246.82598866760915,439.99999890840303,493.88330261222166,62.85449102373438,91.68221306771191,3368.8184502586087,1714.5366382524064,1,-1000.730565863799,200.0000090486195,-1200.730565863799,9.048619489249177e-06,-1200.8110613650822,4.753597129298056e-06
trained_53tet,53tet-Q4,24000,20260826,200.0,452.8929,508.355092198772,452.9Hz_+50c,0,452.8399447122276,254.12564838029107,452.8929010524248,508.35509361390496,141.12895216708128,127.04491340048666,2018.384688294878,1200.2440521429883,1,-1000.1510783624542,200.0000007963088,-1200.1510783624542,7.963087966800231e-07,-1200.3535177415922,4.819321061872755e-06
trained_53tet,53tet-Q4,24000,20260826,200.0,452.8929,508.355092198772,452.9Hz_+50c,1,452.85695481260024,254.1489099056097,452.892901037313,508.35509361973254,90.58539204813252,127.05631338640826,2786.0461096848353,1200.2471743009144,1,-1000.0576455969484,200.00000087392138,-1200.0576455969485,8.739213797070988e-07,-1200.1950555717415,4.839167057830889e-06
trained_53tet,53tet-Q4,24000,20260826,200.0,452.8929,508.355092198772,452.9Hz_+50c,2,452.845486790429,254.2098580436583,452.89290105006313,508.35509362312825,90.58423473095628,127.0882808243555,2786.0243861987565,1200.2267718038627,1,-999.5986816077783,200.0000008367468,-1199.5986816077784,8.367468069536699e-07,-1199.7799334218937,4.850731299340237e-06
trained_53tet,53tet-Q4,24000,20260826,200.0,452.8929,508.355092198772,452.9Hz_+50c,3,452.8328916277464,254.13611437093738,452.8929010402784,508.3550936245427,90.57955870808921,127.04097320753374,2786.065603906439,1200.369043987852,1,-1000.0528155713711,200.00000087896703,-1200.052815571371,8.789670289388596e-07,-1200.2822195220738,4.85554835582905e-06
trained_53tet,53tet-Q4,24000,20260826,200.0,452.8929,508.355092198772,452.9Hz_+50c,4,452.84789606707534,254.13729636359912,452.8929010364527,508.3550936264489,90.58697286971692,127.04757524958883,2785.9812667104393,1200.2871298600921,1,-1000.1021263897405,200.00000090008277,-1200.1021263897405,9.000827674299217e-07,-1200.2741675331301,4.8620399074152226e-06
trained_53tet,53tet-Q4,24000,20260826,205.0,440.0,495.31175393723015,440Hz_ongrid,0,439.9955388909189,247.65827050217163,439.99999891141135,495.3117570606876,62.85469216759709,66.97016774692568,3368.875852687712,2264.112376176263,1,-994.9657152559951,205.00001520042275,-1199.965715255995,1.5200422751604492e-05,-1199.9832681266553,1.0917237127405006e-05
trained_53tet,53tet-Q4,24000,20260826,205.0,440.0,495.31175393723015,440Hz_ongrid,1,440.0184896623522,247.67556151508742,439.999998915701,495.3117570505941,62.859124344930585,123.84744974858563,3368.8440807988454,1199.8648341971284,1,-994.935149311964,205.00001514826553,-1199.9351493119639,1.5148265532616279e-05,-1199.8624009926943,1.0881957791540606e-05
trained_53tet,53tet-Q4,24000,20260826,205.0,440.0,495.31175393723015,440Hz_ongrid,2,439.98545488750835,247.74633927567686,439.99999891698354,495.31175706023083,62.85208227149778,123.88355192006662,3368.908062073393,1199.8549047598146,1,-994.3105098239834,205.0000151769017,-1199.3105098239835,1.5176901712266044e-05,-1199.367740301727,1.0915640667782631e-05
trained_53tet,53tet-Q4,24000,20260826,205.0,440.0,495.31175393723015,440Hz_ongrid,3,439.99571643005254,247.72165961904176,439.99999891469736,495.31175704843713,62.857515167267266,123.87085617266197,3368.798797885875,1199.8598646660896,1,-994.523354288283,205.0000151446752,-1199.523354288283,1.5144675188594192e-05,-1199.5402086024712,1.0874418719516838e-05
trained_53tet,53tet-Q4,24000,20260826,205.0,440.0,495.31175393723015,440Hz_ongrid,4,439.9857827694459,247.74818198214209,439.9999989144154,495.31175705853025,62.85422544637084,92.6111121616151,3368.8503203674536,1703.5407078929466,1,-994.2989233022137,205.00001518106268,-1199.2989233022136,1.5181062678948365e-05,-1199.3548636460298,1.090969651773668e-05
trained_53tet,53tet-Q4,24000,20260826,205.0,452.8929,509.8254014652695,452.9Hz_+50c,0,452.8482321530095,254.88982805955527,452.892901051648,509.825402565931,90.58451200641466,127.4271606693735,2786.0295824787727,1200.2411815582618,1,-994.9845899401279,204.99999971751643,-1199.984589940128,-2.8248356898075144e-07,-1200.1553462300346,3.7375591718993828e-06
trained_53tet,53tet-Q4,24000,20260826,205.0,452.8929,509.8254014652695,452.9Hz_+50c,1,452.8673758222946,254.87067830014374,452.89290104228166,509.8254025654446,90.59997499286396,127.42677609916906,2785.807266529239,1200.1163346327712,1,-995.1878461706962,204.99999975166858,-1200.187846170696,-2.483314176515705e-07,-1200.2854179602948,3.735907741471701e-06
trained_53tet,53tet-Q4,24000,20260826,205.0,452.8929,509.8254014652695,452.9Hz_+50c,2,452.8382674173428,254.84650095953265,452.89290104659915,509.82540256476705,90.58890138851285,93.5981220522888,2785.9075999720344,1734.092467358415,1,-995.2408009155005,204.99999973286373,-1200.2408009155006,-2.6713627221397473e-07,-1200.4496527046447,3.7336066561504446e-06
trained_53tet,53tet-Q4,24000,20260826,205.0,452.8929,509.8254014652695,452.9Hz_+50c,3,452.840510687132,254.92480156476546,452.8929010371406,509.82540256600697,129.28946326407925,127.45230321548361,2170.0779861952233,1200.1371537330992,1,-994.717543788225,204.99999977323085,-1199.7175437882252,-2.2676914568364737e-07,-1199.9178194129847,3.7378171118009132e-06
trained_53tet,53tet-Q4,24000,20260826,205.0,452.8929,509.8254014652695,452.9Hz_+50c,4,452.8950898671926,254.88232327805466,452.8929010466879,509.8254025661634,90.5891070588763,127.42237118520998,2786.1208922164487,1200.2552791538628,1,-995.2146911074881,204.99999973726614,-1200.214691107488,-2.627338631100429e-07,-1200.2063201140788,3.738348368051159e-06
trained_53tet,53tet-Q4,24000,20260826,210.0,440.0,496.7443381146977,440Hz_ongrid,0,439.9833548086075,248.4150238373948,439.9999989130342,496.74433614468575,62.85417610000024,124.21291785348534,3368.8421261013536,1199.9246524258738,1,-989.6358203526133,209.99999741099134,-1199.6358203526133,-2.589008659015235e-06,-1199.7013141416446,-6.865809153747845e-06
trained_53tet,53tet-Q4,24000,20260826,210.0,440.0,496.7443381146977,440Hz_ongrid,1,439.9968629636021,248.4325854267514,439.9999989133028,496.744336144059,62.856920822486295,124.2229652028097,3368.8196787392826,1199.9070063161525,1,-989.5665865492507,209.9999974077501,-1199.5665865492506,-2.5922498991803877e-06,-1199.5789296483085,-6.867993378083869e-06
trained_53tet,53tet-Q4,24000,20260826,210.0,440.0,496.7443381146977,440Hz_ongrid,2,440.0039134034289,248.37555058839737,439.99999891235313,496.74433614488794,62.857342744238544,124.19192820934096,3368.8357988135895,1199.9421074427867,1,-989.9918274974772,209.99999741437554,-1199.991827497477,-2.5856244576516474e-06,-1199.9764297994425,-6.86510433584568e-06
trained_53tet,53tet-Q4,24000,20260826,210.0,440.0,496.7443381146977,440Hz_ongrid,3,439.9885021140955,248.38027112715264,439.99999890997003,496.744336147476,93.89033576657566,124.20424887148964,2674.10070108992,1199.803268988658,1,-989.8982864483196,209.99999743277203,-1199.8982864483196,-2.5672279662103392e-06,-1199.943526883901,-6.856084511871674e-06
trained_53tet,53tet-Q4,24000,20260826,210.0,440.0,496.7443381146977,440Hz_ongrid,4,440.0019910844331,248.21941182380482,439.99999891148946,496.7443361445406,62.855602162701885,124.11531426533325,3368.876175498493,1199.9217695910477,1,-991.0729288560646,209.9999974165636,-1201.0729288560647,-2.5834364123511477e-06,-1201.0650947075055,-6.866314846657742e-06
trained_53tet,53tet-Q4,24000,20260826,210.0,452.8929,511.2999632894227,452.9Hz_+50c,0,452.89553046782794,255.6182472754512,452.89290104088116,511.2999642528386,139.78592119214437,102.24975453271092,2035.151085089917,1586.2721361768927,1,-990.224970288414,209.99999928318897,-1200.2249702884142,-7.168110300881381e-07,-1200.2149150584826,3.2620740643511223e-06
trained_53tet,53tet-Q4,24000,20260826,210.0,452.8929,511.2999632894227,452.9Hz_+50c,1,452.8506961301296,255.5630600588858,452.89290104714786,511.29996426183243,90.60155669102087,127.7773629326011,2785.7132780693373,1200.056458375252,1,-990.4273871186639,209.99999928968637,-1200.4273871186638,-7.103136283603817e-07,-1200.5887236754709,3.2925267335981595e-06
trained_53tet,53tet-Q4,24000,20260826,210.0,452.8929,511.2999632894227,452.9Hz_+50c,2,452.8655151575846,255.60620483887288,452.8929010407596,511.2999642516496,90.59593940764874,127.80185545532282,2785.877269408389,1200.0168915873105,1,-990.1917923779087,209.99999927962773,-1200.1917923779088,-7.203722702797677e-07,-1200.296477183126,3.2580485104769486e-06
trained_53tet,53tet-Q4,24000,20260826,210.0,452.8929,511.2999632894227,452.9Hz_+50c,3,452.8674453662774,255.53250272320793,452.89290105111274,511.29996425295724,90.59340509255013,127.76037415362269,2785.9330781971275,1200.0796380616064,1,-990.6984314729508,209.99999924447903,-1200.6984314729507,-7.555209720067069e-07,-1200.7957374078906,3.2624757740339437e-06
trained_53tet,53tet-Q4,24000,20260826,210.0,452.8929,511.2999632894227,452.9Hz_+50c,4,452.8548145177656,255.5819236010107,452.89290104297004,511.29996425722885,90.58989803888969,127.78533407367709,2785.951812834257,1200.0762426912258,1,-990.3153509139025,209.9999992900691,-1200.3153509139024,-7.099309016211919e-07,-1200.4609430751661,3.2769392446713515e-06
trained_53tet,53tet-Q4,24000,20260826,215.0,440.0,498.18106573800367,440Hz_ongrid,0,440.01944552975675,249.12863774582928,439.99999891528523,498.1810643570462,92.86702503081928,124.55956456822936,2693.1947483088657,1200.0660780816202,1,-984.8116921056628,214.99999946896435,-1199.8116921056628,-5.310356527843396e-07,-1199.735182970794,-4.798979381001334e-06
trained_53tet,53tet-Q4,24000,20260826,215.0,440.0,498.18106573800367,440Hz_ongrid,1,440.0003081219161,249.11599059919237,439.999998916269,498.1810643635366,93.646465325354,124.56165177273472,2678.6497053350386,1199.9491793532002,1,-984.8242845540038,214.99999948764835,-1199.824284554004,-5.123516473304335e-07,-1199.8230722109001,-4.776424247131187e-06
trained_53tet,53tet-Q4,24000,20260826,215.0,440.0,498.18106573800367,440Hz_ongrid,2,439.9941437079285,249.11790402382374,439.9999989096605,498.1810643548103,62.85731345035004,124.56273422861688,3368.7981654821165,1199.94743209682,1,-984.7867324446216,214.9999994833256,-1199.7867324446215,-5.166743903828319e-07,-1199.8097748985015,-4.806749292007893e-06
trained_53tet,53tet-Q4,24000,20260826,215.0,440.0,498.18106573800367,440Hz_ongrid,3,440.01146526525014,249.1385832496447,439.9999989117589,498.18106437085254,62.859402221502215,124.57249669505481,3368.8087902679827,1199.9554572779316,1,-984.71118238832,214.99999953081758,-1199.7111823883201,-4.691824244673626e-07,-1199.6660714815484,-4.751000637024884e-06
trained_53tet,53tet-Q4,24000,20260826,215.0,440.0,498.18106573800367,440Hz_ongrid,4,439.99956068401144,249.1516343862528,439.9999989122472,498.18106436276753,62.858467519183364,124.58024025403402,3368.787693991345,1199.9385336746484,1,-984.573654534778,214.9999995008002,-1199.5736545347781,-4.991998139303178e-07,-1199.5753830783633,-4.779097058076286e-06
trained_53tet,53tet-Q4,24000,20260826,215.0,452.8929,512.7787899708526,452.9Hz_+50c,0,452.85190619970217,256.43281922920596,452.89290103922474,512.7787905945816,90.58848309134527,128.21400362524903,2785.9677353037173,1200.0324870255342,1,-984.550098102564,214.99999813326866,-1199.5500981025639,-1.8667313383957662e-06,-1199.706808607419,2.1058217437701656e-06
trained_53tet,53tet-Q4,24000,20260826,215.0,452.8929,512.7787899708526,452.9Hz_+50c,1,452.8449261174522,256.3901390720548,452.8929010445901,512.7787905839136,64.6864878785131,128.188848790995,3368.976964178261,1200.0840112412902,1,-984.8115803895404,214.99999807674214,-1199.8115803895403,-1.9232578551964252e-06,-1199.9949756648964,2.0698051070829686e-06
trained_53tet,53tet-Q4,24000,20260826,215.0,452.8929,512.7787899708526,452.9Hz_+50c,2,452.84345703625746,256.34192050141525,452.8929010392109,512.7787905779695,90.58728119972842,128.1648344311868,2785.958403671624,1200.0827448023642,1,-985.1315829843912,214.99999807723614,-1200.1315829843911,-1.9227638574648154e-06,-1200.3205945918817,2.0497365370198662e-06
trained_53tet,53tet-Q4,24000,20260826,215.0,452.8929,512.7787899708526,452.9Hz_+50c,3,452.8508391348266,256.5328931736553,452.89290105404666,512.7787905985336,90.58689394478803,128.2560804207527,2785.9940263574035,1200.139919560955,1,-983.8705294637099,214.9999980899531,-1198.8705294637098,-1.9100469046406943e-06,-1199.0313193181194,2.119165040238754e-06
trained_53tet,53tet-Q4,24000,20260826,215.0,452.8929,512.7787899708526,452.9Hz_+50c,4,452.85556169026114,256.33175404744594,452.8929010394503,512.7787905838877,90.5859271340713,128.15878127957262,2786.0305575554794,1200.095850270208,1,-985.2465204735389,214.99999809630208,-1200.246520473539,-1.9036979210795835e-06,-1200.3892562460526,2.0697174613339287e-06
trained_53tet,53tet-Q4,24000,20260826,220.0,440.0,499.621948791186,440Hz_ongrid,0,439.99783552954966,249.81933093696267,439.9999989198962,499.6219477595452,93.34762351272947,124.91051973420981,2684.1734730287844,1199.9881600126516,1,-979.9335722693498,220.0000006750748,-1199.93357226935,6.750748013928387e-07,-1199.9420886651649,-3.5747262554888078e-06
trained_53tet,53tet-Q4,24000,20260826,220.0,440.0,499.621948791186,440Hz_ongrid,1,439.9955503754531,249.79987694687807,439.9999989103446,499.6219477521134,62.858475336155635,124.90058154542376,3368.7716995587252,1199.9910864227513,1,-980.0594012994673,220.00000068690503,-1200.0594012994673,6.869050253044406e-07,-1200.0769089823596,-3.6004781527266306e-06
trained_53tet,53tet-Q4,24000,20260826,220.0,440.0,499.621948791186,440Hz_ongrid,2,439.9928388728718,249.8468965807641,439.99999891731795,499.62194775187334,62.85716071232501,124.92450379028926,3368.7972381317004,1199.9853725646901,1,-979.7228942638,220.0000006586354,-1199.7228942637998,6.586354004411987e-07,-1199.7510708274415,-3.601310018522871e-06
trained_53tet,53tet-Q4,24000,20260826,220.0,440.0,499.621948791186,440Hz_ongrid,3,439.9935066164728,249.785940449604,439.99999891848876,499.6219477600259,62.85777311880175,124.8928515489787,3368.7829984590785,1200.0016450543483,1,-980.1479491444258,220.00000068227823,-1200.1479491444256,6.822782268045557e-07,-1200.173498348077,-3.5730606018404454e-06
trained_53tet,53tet-Q4,24000,20260826,220.0,440.0,499.621948791186,440Hz_ongrid,4,439.9921278211044,249.82842348596935,439.9999989184046,499.62194775175396,62.85675098735734,124.91548098148829,3368.805725189464,1199.9824092253416,1,-979.8481046216808,220.0000006539463,-1199.8481046216807,6.539463015542424e-07,-1199.8790789536408,-3.6017236449539043e-06
trained_53tet,53tet-Q4,24000,20260826,220.0,452.8929,514.2618938447539,452.9Hz_+50c,0,452.8352261116,257.1084951629079,452.8929010461537,514.2618931640327,90.57932278640565,128.5518419264257,2786.079038036102,1200.0323971470557,1,-979.9306928337531,219.99999370934964,-1199.9306928337533,-6.290650361506778e-06,-1200.1511717977967,-2.2916099765499137e-06
trained_53tet,53tet-Q4,24000,20260826,220.0,452.8929,514.2618938447539,452.9Hz_+50c,1,452.84212214278466,257.0958075533971,452.8929010481949,514.2618931621746,90.59143437856939,128.54352364176236,2785.873929804443,1200.0589909886758,1,-980.0424906755903,219.99999369529152,-1200.0424906755902,-6.304708477955501e-06,-1200.236605628182,-2.297865307492204e-06
trained_53tet,53tet-Q4,24000,20260826,220.0,452.8929,514.2618938447539,452.9Hz_+50c,2,452.88907951924665,257.1381475706082,452.8929010454539,514.261893161998,90.59192252229737,128.56226898460346,2786.0441119055236,1200.0916317905544,1,-979.9369152366635,219.99999370517511,-1199.9369152366635,-6.294824885344497e-06,-1199.951519515648,-2.298459607177981e-06
trained_53tet,53tet-Q4,24000,20260826,220.0,452.8929,514.2618938447539,452.9Hz_+50c,3,452.86924052801436,257.1154191636287,452.8929010382245,514.2618931642559,64.69216432481386,94.41990917613133,3368.918001436276,1734.3037567341023,1,-980.0141064731934,219.99999374041118,-1200.0141064731934,-6.259588815282768e-06,-1200.1045498283768,-2.2908588371023047e-06
trained_53tet,53tet-Q4,24000,20260826,220.0,452.8929,514.2618938447539,452.9Hz_+50c,4,452.8576385283049,257.1235652983063,452.892901048953,514.2618931623463,90.58968359347692,128.55815369367465,2785.966707007706,1200.0488687993368,1,-979.9149041776141,219.99999369297186,-1199.914904177614,-6.3070281441923726e-06,-1200.0497003667474,-2.297287345281619e-06
trained_53tet,53tet-Q4,24000,20260826,225.0,440.0,501.0669992929443,440Hz_ongrid,0,440.0032874551986,250.50185749298393,439.9999989136402,501.0669995106373,62.85780615796286,125.24848977898527,3368.8205725436123,1200.0337120430627,1,-975.2316019452137,225.00000502656613,-1200.2316019452137,5.026566128663035e-06,-1200.218667097229,7.521500634445563e-07
trained_53tet,53tet-Q4,24000,20260826,225.0,440.0,501.0669992929443,440Hz_ongrid,1,439.98593000771154,250.5076342851293,439.99999890905974,501.066999510245,62.854763664500254,125.24897941069169,3368.836075291126,1200.0668674861522,1,-975.1233827865623,225.0000050432329,-1200.1233827865622,5.043232903290118e-06,-1200.1787437847129,7.507946296228505e-07
trained_53tet,53tet-Q4,24000,20260826,225.0,440.0,501.0669992929443,440Hz_ongrid,2,439.98919406228606,250.49399231254762,439.9999989157364,501.0669995087164,62.85417934369447,125.24487396900778,3368.8650127357546,1200.0293343081487,1,-975.2305068944769,225.00000501168137,-1200.230506894477,5.0116813667955284e-06,-1200.273024705899,7.455132044168233e-07
trained_53tet,53tet-Q4,24000,20260826,225.0,440.0,501.0669992929443,440Hz_ongrid,3,439.9889012013818,250.4979864918673,439.99999891318237,501.0669995065584,62.85560032506184,125.24779293927267,3368.8247218268107,1200.0165911251197,1,-975.2017498981413,225.00000501427417,-1200.2017498981413,5.0142741656600265e-06,-1200.2454200354491,7.380571651638586e-07
trained_53tet,53tet-Q4,24000,20260826,225.0,440.0,501.0669992929443,440Hz_ongrid,4,439.9959045867961,250.52419376699686,439.9999989093937,501.06699951294746,62.85640567774733,125.25895439654523,3368.830096267068,1200.0434325210165,1,-975.0481926069954,225.00000505125604,-1200.0481926069954,5.051256039223517e-06,-1200.0643065883141,7.601319771920956e-07
trained_53tet,53tet-Q4,24000,20260826,225.0,452.8929,515.7492872819988,452.9Hz_+50c,0,452.8570976146969,515.755303415375,452.8929010459431,515.7492861607616,90.59509515708592,93.89334139989762,2785.8612233560507,2949.1103947369384,0,225.1570585064205,224.99999223806756,0.15705850642049768,-7.761932437233554e-06,0.020194451946660787,-3.763697026034659e-06
trained_53tet,53tet-Q4,24000,20260826,225.0,452.8929,515.7492872819988,452.9Hz_+50c,1,452.8659458433347,257.94900091560316,452.89290104078066,515.7492861582725,90.58698007432542,93.72252896483889,2786.050131802737,1752.741683794943,1,-974.3978381574505,224.99999224944642,-1199.3978381574505,-7.750553578489416e-06,-1199.5008765191749,-3.772052203060093e-06
trained_53tet,53tet-Q4,24000,20260826,225.0,452.8929,515.7492872819988,452.9Hz_+50c,2,452.8532973656487,515.6489297129327,452.8929010410944,515.7492861527587,90.58051569537344,93.73629941502891,2786.125325050416,2951.6513058775267,0,224.81448552795075,224.9999922297389,-0.18551447204924898,-7.77026110654333e-06,-0.3369066153776224,-3.7905606404116103e-06
trained_53tet,53tet-Q4,24000,20260826,225.0,452.8929,515.7492872819988,452.9Hz_+50c,3,452.8585300973357,515.7809140963193,452.892901044419,515.7492861507686,90.59834110956369,93.80321223643351,2785.8046719350227,2950.8589869898988,0,225.23754740625236,224.99999221035003,0.23754740625236082,-7.78964997039111e-06,0.10615960203414607,-3.7972407457146545e-06
trained_53tet,53tet-Q4,24000,20260826,225.0,452.8929,515.7492872819988,452.9Hz_+50c,4,452.8734179309122,515.6682734672726,452.8929010490264,515.7492861501638,90.59413409287687,93.7473831068374,2785.9419790373763,2951.5115543972574,0,224.80251067687266,224.99999219070736,-0.1974893231273427,-7.809292640104104e-06,-0.27196332528095624,-3.7992710133686965e-06
trained_53tet,53tet-Q4,24000,20260826,230.0,440.0,502.5162292967395,440Hz_ongrid,0,440.0045738885699,251.24126663643875,439.99999891088555,502.5162303569206,62.85854799290236,125.61566864012762,3368.8052025798197,1200.0684217980381,1,-970.1340875287661,230.0000079377168,-1200.134087528766,7.937716787864701e-06,-1200.1160910958752,3.6524624534742464e-06
trained_53tet,53tet-Q4,24000,20260826,230.0,440.0,502.5162292967395,440Hz_ongrid,1,439.9952511809974,251.20594411731403,439.9999989152548,502.5162303560026,92.61949494529809,125.59693231207254,2697.720189406963,1200.083250150616,1,-970.3408210002569,230.00000791736298,-1200.340821000257,7.91736297856005e-06,-1200.3595059127929,3.6492999026992894e-06
trained_53tet,53tet-Q4,24000,20260826,230.0,440.0,502.5162292967395,440Hz_ongrid,2,440.007062842623,251.20105467405844,439.99999891472845,502.5162303534304,93.0818596322312,125.5917808906397,2689.1456911355867,1200.120562177328,1,-970.4209921775982,230.00000791057235,-1200.4209921775982,7.9105723500561e-06,-1200.393202778743,3.640438071774853e-06
trained_53tet,53tet-Q4,24000,20260826,230.0,440.0,502.5162292967395,440Hz_ongrid,3,439.9872010822426,251.19937019083196,439.99999890866223,502.51623036244087,62.85354675307076,125.59669558771778,3368.874594848381,1200.0412071026126,1,-970.3544523369968,230.00000796548295,-1200.354452336997,7.965482950567093e-06,-1200.4048119835622,3.671480427764807e-06
trained_53tet,53tet-Q4,24000,20260826,230.0,440.0,502.5162292967395,440Hz_ongrid,4,439.99031921664255,251.20190429950932,439.99999891221927,502.5162303480226,62.858323301218455,125.59714627963803,3368.755303908541,1200.0524594093183,1,-970.3492566672428,230.00000790181466,-1200.3492566672428,7.901814655042472e-06,-1200.3873473175706,3.6218075839530424e-06
trained_53tet,53tet-Q4,24000,20260826,230.0,452.8929,517.2409826892393,452.9Hz_+50c,0,452.8404608764026,258.62731274624167,452.8929010385773,517.2409805401152,90.59082403884632,94.11670705233486,2785.879242548348,1750.0222699474264,1,-969.7538713346352,229.9999888366845,-1199.7538713346353,-1.1163315491558023e-05,-1199.954337388549,-7.193236951994375e-06
trained_53tet,53tet-Q4,24000,20260826,230.0,452.8929,517.2409826892393,452.9Hz_+50c,1,452.8977464046514,258.6759769349607,452.8929010505684,517.2409805362024,90.60125907514457,129.33142298887887,2785.8988273714704,1200.0878834497034,1,-969.6471390138487,229.99998877775099,-1199.6471390138486,-1.1222249014508634e-05,-1199.628613186095,-7.2063330721446745e-06
trained_53tet,53tet-Q4,24000,20260826,230.0,452.8929,517.2409826892393,452.9Hz_+50c,2,452.8243857776929,517.2594977790632,452.89290104588065,517.2409805212151,90.57821973227071,129.31797253077204,2786.058676564716,2399.958524123723,0,230.32389304937334,229.9999887455072,0.3238930493733392,-1.125449279015811e-05,0.061969915980016894,-7.256496617142459e-06
trained_53tet,53tet-Q4,24000,20260826,230.0,452.8929,517.2409826892393,452.9Hz_+50c,3,452.8605410282531,258.6187816485836,452.89290104145425,517.240980527185,90.58214188081965,129.30752930842985,2786.121936524813,1200.0249227285012,1,-969.8877447031044,229.99998878240902,-1199.8877447031045,-1.1217590980550085e-05,-1200.0114449313721,-7.236514923898624e-06
trained_53tet,53tet-Q4,24000,20260826,230.0,452.8929,517.2409826892393,452.9Hz_+50c,4,452.8653868886232,258.63323157434604,452.8929010394063,517.2409805217724,144.8259539496262,129.31430006226608,1973.714530310748,1200.0310021854434,1,-969.8095424423385,229.9999887721212,-1199.8095424423386,-1.1227878786712608e-05,-1199.9147175998066,-7.25463126188147e-06
trained_53tet,53tet-Q4,24000,20260826,235.0,440.0,503.9696508908945,440Hz_ongrid,0,439.99402532483333,251.94931229392253,439.99999891115414,503.9696519888321,62.857712669637195,125.96078449957788,3368.786704306508,1200.1906446209346,1,-965.2204981463038,235.0000080558275,-1200.2204981463037,8.05582749308087e-06,-1200.244006399276,3.7716295347494673e-06
trained_53tet,53tet-Q4,24000,20260826,235.0,440.0,503.9696508908945,440Hz_ongrid,1,439.9901657618177,251.91556347469614,439.9999989076134,503.9696519868992,62.85694499210092,125.95822890973515,3368.7926616973164,1199.9938538240556,1,-965.4372277176197,235.0000080631191,-1200.4372277176199,8.063119111056949e-06,-1200.4759221681966,3.7649899848550523e-06
trained_53tet,53tet-Q4,24000,20260826,235.0,440.0,503.9696508908945,440Hz_ongrid,2,440.0051452924627,251.9294314925977,439.99999891358203,503.9696519808975,92.94868019251122,125.95804023344282,2691.616931019128,1200.0917493547504,1,-965.4008645693663,235.00000801901768,-1200.4008645693661,8.01901768454627e-06,-1200.3806199024991,3.744372860058274e-06
trained_53tet,53tet-Q4,24000,20260826,235.0,440.0,503.9696508908945,440Hz_ongrid,3,440.00222889937345,251.90252398314163,439.9999989073315,503.96965197941427,92.75107061161893,125.94258249635612,2695.2899906519456,1200.11930611231,1,-965.5743053682622,235.00000803851634,-1200.5743053682622,8.03851634145758e-06,-1200.5655355120946,3.739277489872319e-06
trained_53tet,53tet-Q4,24000,20260826,235.0,440.0,503.9696508908945,440Hz_ongrid,4,439.98882004344443,251.91790296481938,439.99999891428155,503.96965197733203,62.8554254544524,125.946574231271,3368.829218967006,1200.170126626335,1,-965.4158551426243,235.0000080040176,-1200.4158551426244,8.004017587381895e-06,-1200.4598446138907,3.7321247510529755e-06
trained_53tet,53tet-Q4,24000,20260826,235.0,452.8929,518.736992509011,452.9Hz_+50c,0,452.8448551643856,259.3459925852703,452.89290105201457,518.7369921497294,90.58389008909245,93.37520165358373,2786.02855824545,1768.5200624130102,1,-964.9665475828607,234.9999947794892,-1199.9665475828606,-5.220510786330124e-06,-1200.1502141130486,-1.199067079040185e-06
trained_53tet,53tet-Q4,24000,20260826,235.0,452.8929,518.736992509011,452.9Hz_+50c,1,452.9025294358312,259.3620533422721,452.8929010398011,518.7369921462914,90.59832706267075,129.67809403300873,2785.9731373700533,1200.0391509885292,1,-965.0798149249995,234.99999481470252,-1200.0798149249995,-5.185297482057649e-06,-1200.0430057147894,-1.2105411761680642e-06
trained_53tet,53tet-Q4,24000,20260826,235.0,452.8929,518.736992509011,452.9Hz_+50c,2,452.8481154707311,259.510308937724,452.89290105136837,518.7369921463485,90.58564263459714,129.74695502568008,2786.0075281866016,1200.1094030044867,1,-963.8824843554532,234.9999947706759,-1198.8824843554532,-5.229324102629107e-06,-1199.053686720546,-1.2103507004280142e-06
trained_53tet,53tet-Q4,24000,20260826,235.0,452.8929,518.736992509011,452.9Hz_+50c,3,452.8840930331787,259.32034160222076,452.8929010380081,518.7369921490485,90.58973531719042,129.657037455432,2786.0668487711655,1200.0418372136785,1,-965.2877867907675,234.99999483075808,-1200.2877867907675,-5.169241916291867e-06,-1200.3214527393352,-1.2013395257350363e-06
trained_53tet,53tet-Q4,24000,20260826,235.0,452.8929,518.736992509011,452.9Hz_+50c,4,452.85819312582953,259.4319937012249,452.89290104196994,518.7369921419286,90.59195406839527,129.7081654657256,2785.925437316936,1200.1045234958108,1,-964.4435428044023,234.99999479185132,-1199.4435428044023,-5.208148678548241e-06,-1199.5762188183448,-1.2251017106660965e-06
trained_53tet,53tet-Q4,24000,20260826,240.0,440.0,505.42727619869544,440Hz_ongrid,0,439.9855436036951,252.64970815355483,439.9999989069392,505.427277504523,62.85705087308262,126.30425049299483,3368.771558527563,1200.2823873038462,1,-960.381130972454,240.00000877361774,-1200.381130972454,8.773617736324013e-06,-1200.4380123739588,4.472835504997606e-06
trained_53tet,53tet-Q4,24000,20260826,240.0,440.0,505.42727619869544,440Hz_ongrid,1,440.0156760532895,252.61657096522114,439.99999890868054,505.42727750247417,92.78131809556562,126.29064123601117,2694.778410288428,1200.2418562970913,1,-960.726771802162,240.00000875974854,-1200.7267718021621,8.759748538977874e-06,-1200.6650935435787,4.465817694505286e-06
trained_53tet,53tet-Q4,24000,20260826,240.0,440.0,505.42727619869544,440Hz_ongrid,2,440.0135316410815,252.66125197061513,439.9999989207708,505.4272775044556,62.86091576907941,126.3142604186337,3368.775235774722,1200.2242881437337,1,-960.4121534566299,240.00000871896484,-1200.4121534566298,8.718964835452425e-06,-1200.3589123712613,4.472604858289927e-06
trained_53tet,53tet-Q4,24000,20260826,240.0,440.0,505.42727619869544,440Hz_ongrid,3,439.9957602670338,252.66430221894038,439.99999891080245,505.4272775043165,92.9573107558116,126.31543381995041,2691.419261718524,1200.229106016391,1,-960.3213303756194,240.0000087577102,-1200.3213303756193,8.757710190820944e-06,-1200.3380122061499,4.47212857283857e-06
trained_53tet,53tet-Q4,24000,20260826,240.0,440.0,505.42727619869544,440Hz_ongrid,4,439.9923031395441,252.71736326809327,439.9999989110701,505.4272775022099,62.85498680232945,126.3511663732991,3368.8550058173446,1200.1029692780094,1,-959.9441961277041,240.000008749441,-1199.9441961277041,8.749441008149006e-06,-1199.9744806355232,4.464912790588822e-06
trained_53tet,53tet-Q4,24000,20260826,240.0,452.8929,520.2373292198367,452.9Hz_+50c,0,452.8195936560202,260.0991778585215,452.8929010459429,520.2373312330569,64.68662977792496,130.04864656328166,3368.876317312871,1200.0125449222412,1,-959.8494555756749,240.00000270131463,-1199.849455575675,2.701314627984175e-06,-1200.1297000017516,6.6995487929498085e-06
trained_53tet,53tet-Q4,24000,20260826,240.0,452.8929,520.2373292198367,452.9Hz_+50c,1,452.8744347058066,260.1951090421754,452.89290105099326,520.2373312325778,90.59713729886974,130.09759409412408,2785.888476279463,1199.9994733938092,1,-959.4207075287476,240.00000268041478,-1199.4207075287477,2.680414780797946e-06,-1199.4912946316674,6.697954255379439e-06
trained_53tet,53tet-Q4,24000,20260826,240.0,452.8929,520.2373292198367,452.9Hz_+50c,2,452.8878132104465,260.1064081347557,452.8929010374938,520.2373312262699,90.5940528699225,130.05097951928806,2785.998560258682,1200.0296128523876,1,-960.0621306306318,240.0000027110265,-1200.0621306306318,2.7110264966268005e-06,-1200.0815755650342,6.676963098540446e-06
trained_53tet,53tet-Q4,24000,20260826,240.0,452.8929,520.2373292198367,452.9Hz_+50c,3,452.86862886924047,260.107035016499,452.89290104659796,520.2373312266915,90.58516739983456,130.05760152704147,2786.0950314456195,1199.945635600535,1,-959.9846215142383,240.0000026776278,-1199.9846215142384,2.6776278048146196e-06,-1200.0774031276126,6.678365814932527e-06
trained_53tet,53tet-Q4,24000,20260826,240.0,452.8929,520.2373292198367,452.9Hz_+50c,4,452.85946720224644,260.1227740368605,452.89290105265525,520.2373312365186,90.5871412800423,130.05587937394202,2786.0222839708613,1200.073313254455,1,-959.8448443523499,240.00000268717534,-1199.8448443523498,2.6871753391333186e-06,-1199.9726496994817,6.71106844274997e-06
trained_53tet,53tet-Q4,24000,20260826,245.0,440.0,506.88911737849213,440Hz_ongrid,0,440.0050954726592,253.3625038338234,439.99999891611066,506.88911883069056,62.85682866125985,126.6660653846977,3368.854608833845,1200.2075525564483,1,-955.5806413117349,245.00000922454853,-1200.5806413117348,9.224548534803034e-06,-1200.5605926647233,4.9598525631828834e-06
trained_53tet,53tet-Q4,24000,20260826,245.0,440.0,506.88911737849213,440Hz_ongrid,1,440.0092090197356,253.392130677741,439.99999890954365,506.8891188343014,62.86005565709647,126.67748601842074,3368.7819165835317,1200.2538951051247,1,-955.3943969731625,245.00000926271966,-1200.3943969731627,9.262719657954221e-06,-1200.3581633329645,4.972185242638954e-06
trained_53tet,53tet-Q4,24000,20260826,245.0,440.0,506.88911737849213,440Hz_ongrid,2,439.9786169446713,253.33875304428284,439.99999890982843,506.88911882079,62.85674128414269,126.64598513839208,3368.7528304702428,1200.3197276300284,1,-955.6387538701456,245.00000921545194,-1200.6387538701456,9.215451939326158e-06,-1200.7228901724434,4.92603821820164e-06
trained_53tet,53tet-Q4,24000,20260826,245.0,440.0,506.88911737849213,440Hz_ongrid,3,439.98782152685044,253.3219409481354,439.99999891895345,506.8891188225739,62.85486953174157,126.64321587864136,3368.8406019859535,1200.2426912924132,1,-955.7898639807099,245.00000918564123,-1200.78986398071,9.18564123253418e-06,-1200.8377823424596,4.932131135394548e-06
trained_53tet,53tet-Q4,24000,20260826,245.0,440.0,506.88911737849213,440Hz_ongrid,4,440.00100491281444,253.42363325552228,439.9999989104644,506.88911882834105,62.85934404406447,126.69541091222123,3368.769235596682,1200.224161983519,1,-955.1468977114898,245.00000923873978,-1200.1468977114898,9.23873977853873e-06,-1200.1429437630943,4.9518283642249785e-06
trained_53tet,53tet-Q4,24000,20260826,245.0,452.8929,521.7420053363311,452.9Hz_+50c,0,452.86285534437764,260.8669233378062,452.89290104187967,521.7420063990635,90.59124373964188,130.43124500434593,2785.9568350525137,1200.0294218808347,1,-954.9122192339746,244.99999954363543,-1199.9122192339746,-4.5636457457476354e-07,-1200.027072119022,3.5263375298387232e-06
trained_53tet,53tet-Q4,24000,20260826,245.0,452.8929,521.7420053363311,452.9Hz_+50c,1,452.8707776442461,260.8311646507854,452.89290104150984,521.742006399585,90.58759148846727,96.00988922037327,2786.0569180324005,1730.2336042254817,1,-955.1798323801826,244.9999995467794,-1200.1798323801827,-4.532205934992817e-07,-1200.264399638684,3.5280681489696183e-06
trained_53tet,53tet-Q4,24000,20260826,245.0,452.8929,521.7420053363311,452.9Hz_+50c,2,452.8527804565348,260.9242797326433,452.89290104004226,521.7420064005128,90.58278608261828,130.45864213533682,2786.079956351382,1200.0464155513355,1,-954.4931020258941,244.99999955546784,-1199.4931020258941,-4.4453216219153546e-07,-1199.6464702863761,3.531146513696448e-06
trained_53tet,53tet-Q4,24000,20260826,245.0,452.8929,521.7420053363311,452.9Hz_+50c,3,452.86289458015386,260.8513318821621,452.8929010365828,521.7420063976601,90.58620755307355,130.4257682941711,2786.0532312131763,1199.9986413940564,1,-955.0158444596414,244.99999955922647,-1200.0158444596414,-4.407735332279117e-07,-1200.1305473515774,3.521681157219316e-06
trained_53tet,53tet-Q4,24000,20260826,245.0,452.8929,521.7420053363311,452.9Hz_+50c,4,452.90211310358757,260.8550520800515,452.89290103912845,521.7420063933496,90.58960885891507,130.43088039778468,2786.1381491951797,1199.9554763946876,1,-955.1410748575919,244.99999953519253,-1200.1410748575918,-4.648074707347405e-07,-1200.1058570911034,3.5073779860458787e-06
trained_53tet,53tet-Q4,24000,20260826,250.0,440.0,508.3551866238001,440Hz_ongrid,0,439.9981948645358,254.07600120194743,439.99999891540875,508.3551880434996,62.856738196452454,127.02162763003084,3368.8299492735678,1200.223140095239,1,-950.6849918146742,250.00000910232896,-1200.684991814674,9.102328959897932e-06,-1200.692094356468,4.834871647312455e-06
trained_53tet,53tet-Q4,24000,20260826,250.0,440.0,508.3551866238001,440Hz_ongrid,1,439.97996736981605,254.18190233569206,439.99999891576357,508.3551880322659,62.85616854251469,127.0738431359886,3368.773918962618,1200.233061446531,1,-949.8918283327237,250.00000906267616,-1199.8918283327237,9.062676156190719e-06,-1199.9706509713264,4.7966146623285336e-06
trained_53tet,53tet-Q4,24000,20260826,250.0,440.0,508.3551866238001,440Hz_ongrid,2,439.97823538554087,254.130289108964,439.99999891563505,508.3551880474015,62.851688110370716,127.05132740517408,3368.8905119196984,1200.1882657915246,1,-950.2365869130608,250.00000911472685,-1200.2365869130608,9.114726850611987e-06,-1200.3222245802415,4.848159972961358e-06
trained_53tet,53tet-Q4,24000,20260826,250.0,440.0,508.3551866238001,440Hz_ongrid,3,440.0049900377107,254.15674034915412,439.9999989140183,508.3551880467043,62.85843554188381,127.05656071891654,3368.8099370518953,1200.2971435071208,1,-950.1616716598596,250.00000911871385,-1200.1616716598596,9.118713848010884e-06,-1200.14203785485,4.845785465106318e-06
trained_53tet,53tet-Q4,24000,20260826,250.0,440.0,508.3551866238001,440Hz_ongrid,4,439.997764683327,254.13117668448487,439.99999891515307,508.3551880374948,93.61430157409725,127.03928252558072,2679.2344084452916,1200.3584466956531,1,-950.3073829318884,250.00000908288536,-1200.3073829318882,9.082885355837789e-06,-1200.3161780822625,4.814422125802631e-06
trained_53tet,53tet-Q4,24000,20260826,250.0,452.8929,523.2510334093046,452.9Hz_+50c,0,452.8919566290676,261.60954435118,452.89290104409463,523.2510323290207,90.59256688155924,130.81056919996624,2786.042796218162,1199.9232766248927,1,-950.1020896853308,249.9999924345919,-1200.1020896853308,-7.565408111531724e-06,-1200.1056958305805,-3.574238822110981e-06
trained_53tet,53tet-Q4,24000,20260826,250.0,452.8929,523.2510334093046,452.9Hz_+50c,1,452.8084123251564,261.6859067482088,452.8929010396298,523.2510323291682,90.57982480477708,130.8449215564302,2785.9669282288305,1199.9739584093597,1,-949.2774380382032,249.99999245214696,-1199.2774380382032,-7.547853044798103e-06,-1199.6004318063458,-3.573751004321973e-06
trained_53tet,53tet-Q4,24000,20260826,250.0,452.8929,523.2510334093046,452.9Hz_+50c,2,452.8926734326843,261.65245999843995,452.8929010445808,523.2510323308951,90.59029051562739,130.82414303189233,2786.0890384373447,1200.0276172271808,1,-949.8208533520248,249.9999924389349,-1199.8208533520246,-7.561065103800502e-06,-1199.8217194312883,-3.568037308729453e-06
trained_53tet,53tet-Q4,24000,20260826,250.0,452.8929,523.2510334093046,452.9Hz_+50c,3,452.89414050000624,261.62869410995347,452.89290104463186,523.2510323247359,90.603997586309,74.75527395389103,2785.832716046098,2168.728208929315,1,-949.983716476639,249.9999924183614,-1199.983716476639,-7.5816386129190505e-06,-1199.9789745323344,-3.588415714270001e-06
trained_53tet,53tet-Q4,24000,20260826,250.0,452.8929,523.2510334093046,452.9Hz_+50c,4,452.8789955398017,261.6586703410749,452.89290104749915,523.2510323242534,90.59694380176573,95.74638427568773,2785.9096087720786,1740.4753837391809,1,-949.7274767576093,249.99999240580445,-1199.7274767576093,-7.5941955515190784e-06,-1199.7806289365399,-3.5900119817001613e-06
trained_53tet,53tet-Q4,24000,20260826,255.0,440.0,509.82549616340197,440Hz_ongrid,0,440.0142260981478,254.91825725222046,439.99999891058474,509.82549725879255,62.85843047906778,127.44236956565118,3368.8464161117413,1200.2276475920678,1,-945.0185584256066,255.00000800609806,-1200.0185584256064,8.006098056512201e-06,-1199.9625849997901,3.7196598341422773e-06
trained_53tet,53tet-Q4,24000,20260826,255.0,440.0,509.82549616340197,440Hz_ongrid,1,440.019417074436,254.85611611765418,439.999998909331,509.8254972643078,62.86054116306782,127.40696908521785,3368.8087088132747,1200.2865379195684,1,-945.4610545862131,255.00000802975936,-1200.461054586213,8.029759356986688e-06,-1200.3846574073552,3.73838834681384e-06
trained_53tet,53tet-Q4,24000,20260826,255.0,440.0,509.82549616340197,440Hz_ongrid,2,439.97348576396746,254.854124939675,439.9999989080354,509.82549726287675,62.85093226940225,127.40775806999108,3368.8926425007166,1200.2622909561892,1,-945.2938568424684,255.00000802999756,-1200.2938568424684,8.029997559333424e-06,-1200.3981835044895,3.7335290050921597e-06
trained_53tet,53tet-Q4,24000,20260826,255.0,440.0,509.82549616340197,440Hz_ongrid,3,440.00383224568805,254.960454244488,439.9999989096932,509.8254972594008,62.85813787435349,127.44805572118564,3368.8135799396823,1200.436956030087,1,-944.69111338511,255.00000801167133,-1199.69111338511,8.011671326357828e-06,-1199.6760350093653,3.7217252754104385e-06
trained_53tet,53tet-Q4,24000,20260826,255.0,440.0,509.82549616340197,440Hz_ongrid,4,439.99604655684215,254.86060639138336,439.99999890920907,509.82549726186295,62.85488233855906,127.39550812625339,3368.872612227381,1200.4727810657253,1,-945.3385999315009,255.00000802193705,-1200.338599931501,8.021937048852124e-06,-1200.3541553091252,3.730086218567401e-06
trained_53tet,53tet-Q4,24000,20260826,255.0,452.8929,524.7644260258681,452.9Hz_+50c,0,452.8271741114308,524.7690136914099,452.8929010465391,524.7644235438333,90.58345700885727,74.96798992194434,2785.9692389655615,3368.8030912422496,0,255.26639779318023,254.99998781108238,0.26639779318023216,-1.2188917622779627e-05,0.015134959004016258,-8.18840408008505e-06
trained_53tet,53tet-Q4,24000,20260826,255.0,452.8929,524.7644260258681,452.9Hz_+50c,1,452.8292823779752,262.39686944880566,452.8929010455589,524.764423547916,90.57770170482281,131.19990279375386,2786.087298259518,1199.9806281421525,1,-944.6600949172197,254.9999878282982,-1199.6600949172198,-1.2171701797569767e-05,-1199.9032975144266,-8.174935273286106e-06
trained_53tet,53tet-Q4,24000,20260826,255.0,452.8929,524.7644260258681,452.9Hz_+50c,2,452.8680104699177,262.3898256541787,452.8929010375854,524.7644235445782,90.58206763107782,74.97144114094687,2786.1519101951603,2168.7584877262666,1,-944.8546258285622,254.99998784776633,-1199.8546258285623,-1.2152233665574386e-05,-1199.9497714712072,-8.185946731602351e-06
trained_53tet,53tet-Q4,24000,20260826,255.0,452.8929,524.7644260258681,452.9Hz_+50c,3,452.87419103809435,262.40033657575486,452.89290104928904,524.7644235447702,90.59198252207024,131.2150698968319,2785.9860509860014,1199.803379003338,1,-944.8089037729042,254.99998780366118,-1199.8089037729042,-1.2196338815329e-05,-1199.8804223612892,-8.18531322197396e-06
trained_53tet,53tet-Q4,24000,20260826,255.0,452.8929,524.7644260258681,452.9Hz_+50c,4,452.8655535404669,262.3969100500102,452.8929010497818,524.764423547474,90.59455203594126,131.21555881980007,2785.903928184118,1199.7743209554599,1,-944.7984915635943,254.9999878106979,-1199.7984915635943,-1.2189302111664801e-05,-1199.9030296370606,-8.176393152694878e-06
trained_53tet,53tet-Q4,24000,20260826,260.0,440.0,511.30005826144946,440Hz_ongrid,0,440.00279482736846,255.5898820382498,439.99999891915746,511.30005923447953,62.861316675174834,127.7963804456125,3368.7219500440115,1199.9805002444357,1,-940.4183540131222,260.00000754733463,-1200.418354013122,7.547334632818092e-06,-1200.4073574564525,3.2946267718730055e-06
trained_53tet,53tet-Q4,24000,20260826,260.0,440.0,511.30005826144946,440Hz_ongrid,1,439.99165190724847,255.63501194718322,439.9999989185494,511.3000592322494,62.85240076521747,127.81283437584584,3368.9236728904266,1200.0632759716304,1,-940.0688508041808,260.00000754217575,-1200.0688508041808,7.542175751495961e-06,-1200.1016977121835,3.2870753986584467e-06
trained_53tet,53tet-Q4,24000,20260826,260.0,440.0,511.30005826144946,440Hz_ongrid,2,440.015917522591,255.64052849053533,439.99999891044064,511.30005923041114,62.85711521641003,127.81965469399348,3368.8892960754065,1200.0082559556806,1,-940.1269668073385,260.00000756785647,-1200.1269668073385,7.567856471268897e-06,-1200.0643384922353,3.280851397247461e-06
trained_53tet,53tet-Q4,24000,20260826,260.0,440.0,511.30005826144946,440Hz_ongrid,3,439.99047039024146,255.5286560670713,439.9999989075698,511.3000592383624,62.8560903567705,127.76161201663245,3368.8173992295947,1200.0368030027787,1,-940.7846244634651,260.0000076060748,-1200.7846244634652,7.606074802879448e-06,-1200.8221202897134,3.3077736342195926e-06
trained_53tet,53tet-Q4,24000,20260826,260.0,440.0,511.30005826144946,440Hz_ongrid,4,439.9969047050542,255.6133371732291,439.99999891682626,511.3000592297467,62.85741560945992,127.80254039125803,3368.806215381927,1200.0559203042144,1,-940.2363128966058,260.0000075404817,-1200.2363128966058,7.540481703927071e-06,-1200.2484917576303,3.278601438612504e-06
trained_53tet,53tet-Q4,24000,20260826,260.0,452.8929,526.2821958095382,452.9Hz_+50c,0,452.86344057471706,263.1580444165487,452.89290103438515,526.2821976461044,90.59801615452677,131.57710340866169,2785.8296536522826,1200.0252465430171,1,-939.7758950071374,260.0000020874313,-1199.7758950071375,2.087431312247645e-06,-1199.8885106364166,6.041484905825143e-06
trained_53tet,53tet-Q4,24000,20260826,260.0,452.8929,526.2821958095382,452.9Hz_+50c,1,452.8914466369618,263.1567888452417,452.8929010463204,526.2821976555442,90.59543421066952,75.18553133629084,2785.98605259911,2168.8747815545566,1,-939.8912150124612,260.0000020728603,-1199.891215012461,2.072860297630541e-06,-1199.8967706650549,6.07253764087388e-06
trained_53tet,53tet-Q4,24000,20260826,260.0,452.8929,526.2821958095382,452.9Hz_+50c,2,452.83087005428587,263.12188558417074,452.8929010524058,526.2821976548255,144.4028251383525,131.5696666750675,1978.6480128841781,1199.8852046647492,1,-939.8892718880712,260.0000020472338,-1199.889271888071,2.0472338064791984e-06,-1200.1264045720095,6.070173512122356e-06
trained_53tet,53tet-Q4,24000,20260826,260.0,452.8929,526.2821958095382,452.9Hz_+50c,3,452.8645325531698,263.15394573850983,452.8929010478179,526.2821976523501,90.59403261177904,75.18255868374519,2785.9099511698387,2168.924527584165,1,-939.8070336084575,260.0000020566287,-1199.8070336084575,2.056628716218256e-06,-1199.915474760776,6.062030530115251e-06
trained_53tet,53tet-Q4,24000,20260826,260.0,452.8929,526.2821958095382,452.9Hz_+50c,4,452.8374610686113,263.18916225299773,452.8929010408412,526.2821976593846,90.58045511851473,131.60235496626132,2786.065940456189,1199.897731817912,1,-939.4718737525536,260.00000210643844,-1199.4718737525536,2.1064384441160655e-06,-1199.6838082750323,6.085170929864086e-06
trained_53tet,53tet-Q4,24000,20260826,265.0,440.0,512.7788852175657,440Hz_ongrid,0,439.99980474277424,256.3214398523688,439.99999891338217,512.77888583885,62.856469873631355,128.15675293026524,3368.843673858703,1200.0535882187958,1,-935.4584717955587,265.0000063729991,-1200.4584717955586,6.3729991097716265e-06,-1200.4592400592694,2.097567666913396e-06
trained_53tet,53tet-Q4,24000,20260826,265.0,440.0,512.7788852175657,440Hz_ongrid,1,439.9958533384311,256.36974213677144,439.99999890987215,512.7788858411382,62.85891744830276,128.18403627208414,3368.760715104509,1200.0112745948509,1,-935.1167141817941,265.00000639453515,-1200.1167141817941,6.3945351485017454e-06,-1200.133029807989,2.105293178397679e-06
trained_53tet,53tet-Q4,24000,20260826,265.0,440.0,512.7788852175657,440Hz_ongrid,2,439.974879487233,256.36818532272474,439.9999989085975,512.778885829029,62.853292048516835,94.50088764857715,3368.833127510167,1727.7809427566283,1,-935.044700253168,265.0000063586677,-1200.044700253168,6.358667690165021e-06,-1200.1435428180137,2.0644102805828655e-06
trained_53tet,53tet-Q4,24000,20260826,265.0,440.0,512.7788852175657,440Hz_ongrid,3,440.00569775593146,512.7657452252258,439.9999989139312,512.7788858273658,92.9332252519792,128.18143566853266,2691.9069877174447,2400.1350645604725,0,264.9332180708303,265.0000063320662,-0.06678192916967873,6.3320662206933775e-06,-0.04436355370456986,2.0587951864766053e-06
trained_53tet,53tet-Q4,24000,20260826,265.0,440.0,512.7788852175657,440Hz_ongrid,4,439.986012895762,256.2281460821665,439.9999989124321,512.7788858309693,62.855613296143126,128.11373733313525,3368.8129998466634,1200.004536502336,1,-936.0344402405462,265.00000635013083,-1201.0344402405462,6.350130831833667e-06,-1201.0894750950824,2.070961031501223e-06
trained_53tet,53tet-Q4,24000,20260826,265.0,452.8929,527.804355420342,452.9Hz_+50c,0,452.89815684239375,263.9060423719868,452.89290105140174,527.8043549921931,90.60638097878514,131.9498610866599,2785.8025283058814,1200.0414612490606,1,-934.9947422350817,264.99999457654127,-1199.9947422350817,-5.423458731002029e-06,-1199.9746474803944,-1.4043572571838594e-06
trained_53tet,53tet-Q4,24000,20260826,265.0,452.8929,527.804355420342,452.9Hz_+50c,1,452.8306777007635,263.9217658931274,452.8929010489299,527.8043549881345,90.57439482247656,131.96131511600393,2786.1558391941444,1199.9943302499344,1,-934.6336355562519,264.9999945726777,-1199.6336355562519,-5.427322321338579e-06,-1199.8715036340432,-1.4176698007851434e-06
trained_53tet,53tet-Q4,24000,20260826,265.0,452.8929,527.804355420342,452.9Hz_+50c,2,452.8405639937742,263.87876746692916,452.89290104801586,527.8043549876993,90.59110890845886,93.93433144945945,2785.8741927854844,1788.1809970015697,1,-934.9535093496385,264.9999945747442,-1199.9535093496384,-5.425255778845894e-06,-1200.1535811802003,-1.4190971194993525e-06
trained_53tet,53tet-Q4,24000,20260826,265.0,452.8929,527.804355420342,452.9Hz_+50c,3,452.8496169050462,263.90551893579567,452.8929010531325,527.8043549831751,90.58040223599666,93.96056262089917,2786.1134232994395,1787.8731171435707,1,-934.812618840397,264.99999454034565,-1199.8126188403971,-5.459654346395837e-06,-1199.978081245863,-1.4339367365163824e-06
trained_53tet,53tet-Q4,24000,20260826,265.0,452.8929,527.804355420342,452.9Hz_+50c,4,452.8394252426707,263.90831113140194,452.89290104922094,527.8043549784757,90.58151863476675,94.31347813958189,2786.0531231230334,1781.401106646752,1,-934.7553390498048,264.9999945398835,-1199.7553390498047,-5.460116483391175e-06,-1199.9597643931022,-1.4493514326599859e-06
trained_53tet,53tet-Q4,24000,20260826,270.0,440.0,514.261989366948,440Hz_ongrid,0,439.99822068136564,257.15591951422203,439.99999890695756,514.2619886799139,62.85709236033315,128.57345683793116,3368.820296309097,1200.060630480737,1,-929.8251910908291,270.00000198784807,-1199.825191090829,1.9878480657098407e-06,-1199.832192052721,-2.312861764278603e-06
trained_53tet,53tet-Q4,24000,20260826,270.0,440.0,514.261989366948,440Hz_ongrid,1,440.003734065343,257.1108452517946,439.99999891019604,514.2619886810527,93.2507095749917,93.65011302487075,2685.994990426423,1748.4453904303641,1,-930.1503612480284,270.0000019789395,-1200.1503612480283,1.978939508262556e-06,-1200.1356691715903,-2.30902803157078e-06
trained_53tet,53tet-Q4,24000,20260826,270.0,440.0,514.261989366948,440Hz_ongrid,2,439.9970385102065,257.0842056277101,439.9999989142273,514.2619886796164,62.856963625032776,128.53571462460184,3368.819190566847,1200.0860397124848,1,-930.3034017275253,270.00000195824276,-1200.3034017275254,1.958242762611917e-06,-1200.3150541121174,-2.3138633476106245e-06
trained_53tet,53tet-Q4,24000,20260826,270.0,440.0,514.261989366948,440Hz_ongrid,3,440.00051114133487,257.1235090990842,439.999998914243,514.2619886818051,94.27691869764965,93.90586944747342,2667.0344251188403,1743.8091409736132,1,-930.0524114780824,270.00000196554896,-1200.0524114780824,1.9655489609249344e-06,-1200.0504003308806,-2.306495146299367e-06
trained_53tet,53tet-Q4,24000,20260826,270.0,440.0,514.261989366948,440Hz_ongrid,4,439.99417957907895,257.00700884413305,439.99999890853553,514.2619886755957,62.85452911227403,93.68124165959937,3368.874995355124,1747.1707212449803,1,-930.8120827164653,270.0000019671024,-1200.8120827164653,1.9671023778755625e-06,-1200.8349840290248,-2.327398657498277e-06
trained_53tet,53tet-Q4,24000,20260826,270.0,452.8929,529.3309175549233,452.9Hz_+50c,0,452.85616999693644,264.67958486522247,452.8929010470443,529.3309155093905,90.5881859288818,132.3454051548834,2785.98971462002,1199.9265774135044,1,-929.7671904067033,269.99998930741884,-1199.7671904067033,-1.0692581156490633e-05,-1199.9076006683688,-6.6901365110858905e-06
trained_53tet,53tet-Q4,24000,20260826,270.0,452.8929,529.3309175549233,452.9Hz_+50c,1,452.85479389417156,264.8185204262108,452.892901046312,529.3309155072632,129.35674233390336,132.39835996330447,2169.231933342085,1200.142525230934,1,-928.8534090222738,269.9999893032606,-1198.8534090222738,-1.0696739423110557e-05,-1198.9990800261771,-6.6970941612734876e-06
trained_53tet,53tet-Q4,24000,20260826,270.0,452.8929,529.3309175549233,452.9Hz_+50c,2,452.8639659377831,264.6530236047155,452.89290104787256,529.3309155069227,90.5883929835623,132.32245184675543,2786.015560616437,1200.05311740715,1,-929.9707358269072,269.9999892961817,-1199.9707358269072,-1.070381830459155e-05,-1200.0813430673013,-6.69820760826199e-06
trained_53tet,53tet-Q4,24000,20260826,270.0,452.8929,529.3309175549233,452.9Hz_+50c,3,452.8646782107331,264.72591635627873,452.89290104281463,529.3309155089521,90.60024889602035,132.37770057124777,2785.7917201097903,1199.8071884155538,1,-929.4966947279527,269.9999893221536,-1199.4966947279527,-1.067784637598379e-05,-1199.604579053065,-6.691570172588948e-06
trained_53tet,53tet-Q4,24000,20260826,270.0,452.8929,529.3309175549233,452.9Hz_+50c,4,452.84461631008116,264.68376039458235,452.8929010527283,529.330915506401,90.5779553569099,132.3399525796815,2786.1410730735997,1200.0252163679277,1,-929.6957096254876,269.99998927591383,-1199.6957096254876,-1.0724086166646885e-05,-1199.8802893002298,-6.699914009498646e-06
trained_53tet,53tet-Q4,24000,20260826,275.0,440.0,515.7493830804707,440Hz_ongrid,0,439.99644081041976,257.89669562509437,439.9999989129069,515.749381947374,62.85581602793222,93.73939548365468,3368.848446737185,1752.079070575431,1,-924.8382784096186,275.000000473796,-1199.8382784096186,4.737959784506529e-07,-1199.8522825348691,-3.8035054947363273e-06
trained_53tet,53tet-Q4,24000,20260826,275.0,440.0,515.7493830804707,440Hz_ongrid,1,439.9800894986277,257.9057008638654,439.99999891802725,515.749381958223,62.85459021398554,93.76252377321698,3368.817871627215,1751.7124266544643,1,-924.7134902606471,275.00000049006667,-1199.7134902606472,4.90066668135114e-07,-1199.791832346626,-3.7670881092704427e-06
trained_53tet,53tet-Q4,24000,20260826,275.0,440.0,515.7493830804707,440Hz_ongrid,2,439.9968938171976,515.7362559874733,439.99999891005274,515.749381952274,62.85588326011083,93.72941089150036,3368.848377390543,2952.0716994921145,0,274.96815696653164,275.0000005014741,-0.03184303346836259,5.014741191189387e-07,-0.04406473440396069,-3.787057309110841e-06
trained_53tet,53tet-Q4,24000,20260826,275.0,440.0,515.7493830804707,440Hz_ongrid,3,440.019495050828,258.0767564090912,439.9999989168515,515.7493819583865,62.86204863108828,93.74946927347668,3368.7674991230647,1753.1013397200093,1,-923.7206787099144,275.00000049524175,-1198.7206787099144,4.952417498316208e-07,-1198.6439747369295,-3.766539362309145e-06
trained_53tet,53tet-Q4,24000,20260826,275.0,440.0,515.7493830804707,440Hz_ongrid,4,440.0093935664147,257.8996924147126,439.9999989096775,515.7493819588309,62.85782982800779,93.75641490530538,3368.843945520162,1751.7848914852639,1,-924.8691252570387,275.0000005249604,-1199.8691252570388,5.24960398706753e-07,-1199.8321655106115,-3.7650476547201337e-06
trained_53tet,53tet-Q4,24000,20260826,275.0,452.8929,530.8618949466484,452.9Hz_+50c,0,452.8574635817574,265.47139005217446,452.89290104875505,530.8618966379281,90.58140017881398,93.16034267523301,2786.124347456185,1812.9222458984761,1,-924.6007743676507,275.0000015065768,-1199.6007743676507,1.5065767797750595e-06,-1199.7362393618403,5.515560823672039e-06
trained_53tet,53tet-Q4,24000,20260826,275.0,452.8929,530.8618949466484,452.9Hz_+50c,1,452.8671099115963,265.4538821702159,452.8929010364266,530.8618966353591,90.5909033002608,62.7132662999993,2785.979605558581,2497.9424086488957,1,-924.7518299772734,275.0000015453256,-1199.7518299772732,1.5453255741704197e-06,-1199.850418298013,5.507182966431813e-06
trained_53tet,53tet-Q4,24000,20260826,275.0,452.8929,530.8618949466484,452.9Hz_+50c,2,452.83846636028414,265.30436892651494,452.89290103898384,530.8618966438863,64.6815972329189,95.38334267820804,3369.0831637700758,1771.0070231754469,1,-925.6176955276208,275.000001563359,-1200.6176955276208,1.5633589782737545e-06,-1200.8257867434143,5.534991655548625e-06
trained_53tet,53tet-Q4,24000,20260826,275.0,452.8929,530.8618949466484,452.9Hz_+50c,3,452.8471336749773,265.49245873706184,452.8929010460944,530.8618966499579,90.59380250816216,93.72267756170058,2785.847833797345,1802.6409670776359,1,-924.4238926059019,275.0000015559787,-1199.423892605902,1.5559787129859615e-06,-1199.5988483709152,5.5547919065682285e-06
trained_53tet,53tet-Q4,24000,20260826,275.0,452.8929,530.8618949466484,452.9Hz_+50c,4,452.84071989847274,265.60165723018275,452.892901041641,530.8618966361688,90.59308262470354,62.60646952636482,2785.837070683961,2501.8565947062875,1,-923.6874529845715,275.00000152803364,-1198.6874529845713,1.5280336356227053e-06,-1198.8869287831135,5.509823486821976e-06
trained_53tet,53tet-Q4,24000,20260826,280.0,440.0,517.2410787647879,440Hz_ongrid,0,439.9927824818413,258.666433530276,439.99999891113026,517.2410766020398,93.33305829393903,129.32855300599707,2684.423740012021,1200.0624294701875,1,-919.6644083885038,279.99999704545627,-1199.664408388504,-2.9545437314482115e-06,-1199.6928068332074,-7.238835421999159e-06
trained_53tet,53tet-Q4,24000,20260826,280.0,440.0,517.2410787647879,440Hz_ongrid,1,440.0170548607719,258.6188887986386,439.99999891771904,517.2410766029187,62.859459092603956,93.2374770913861,3368.829216198089,1766.2149325308937,1,-920.0781523668521,279.9999970224737,-1200.078152366852,-2.9775263215015e-06,-1200.0110492226322,-7.235893715428408e-06
trained_53tet,53tet-Q4,24000,20260826,280.0,440.0,517.2410787647879,440Hz_ongrid,2,439.9958651876869,258.6122108515688,439.9999989155331,517.241076594277,62.85493035405532,93.42301192140471,3368.870576094468,1762.728640000053,1,-920.0394839864748,279.9999970021502,-1200.0394839864748,-2.9978497764204803e-06,-1200.055752989879,-7.2648177737951355e-06
trained_53tet,53tet-Q4,24000,20260826,280.0,440.0,517.2410787647879,440Hz_ongrid,3,439.9990341980675,258.5794009901894,439.99999891926166,517.2410766091434,62.85558710757847,129.29407580215548,3368.8649559432624,1199.9414141082793,1,-920.2716067108854,279.99999703723864,-1200.2716067108854,-2.962761357139243e-06,-1200.2754067813974,-7.2150592059774115e-06
trained_53tet,53tet-Q4,24000,20260826,280.0,440.0,517.2410787647879,440Hz_ongrid,4,439.99642787656444,258.6272352767644,439.9999989114682,517.2410766137094,62.85489321241996,93.5176849797797,3368.8738130869647,1761.075704968986,1,-919.9411225187765,279.99999708318563,-1199.9411225187764,-2.916814366926701e-06,-1199.9551775342818,-7.1997765550235076e-06
trained_53tet,53tet-Q4,24000,20260826,280.0,452.8929,532.3973003657118,452.9Hz_+50c,0,452.85302318612275,266.14678626701163,452.89290103865625,532.397299315168,90.59426270671493,94.03346612147524,2785.861554941637,1801.1711319382887,1,-920.184891689863,279.99999261349177,-1200.184891689863,-7.3865082299562346e-06,-1200.3373320072408,-3.4161278123912186e-06
trained_53tet,53tet-Q4,24000,20260826,280.0,452.8929,532.3973003657118,452.9Hz_+50c,1,452.8512687922866,266.22689522408086,452.89290104575576,532.3972993230982,90.58185960336074,92.87256526880682,2786.09188444734,1823.1983222138572,1,-919.6571696497081,279.9999926121406,-1199.657169649708,-7.387859398022556e-06,-1199.8163169383827,-3.3903405493274667e-06
trained_53tet,53tet-Q4,24000,20260826,280.0,452.8929,532.3973003657118,452.9Hz_+50c,2,452.8348004804497,266.1568970677781,452.892901039551,532.3972993126313,90.59397803699913,133.07257416563263,2785.79732904075,1200.0764220722563,1,-920.0494582322174,279.9999926018229,-1200.0494582322174,-7.3981771038234e-06,-1200.2715644271907,-3.424376507517778e-06
trained_53tet,53tet-Q4,24000,20260826,280.0,452.8929,532.3973003657118,452.9Hz_+50c,3,452.8858743140154,266.19876802215725,452.89290103947883,532.3972993253976,90.5958010581415,133.10289030032274,2785.9577413085067,1199.9543940235571,1,-919.9723769441489,279.99999264361196,-1199.972376944149,-7.35638803917027e-06,-1199.9992336273472,-3.382863175236165e-06
trained_53tet,53tet-Q4,24000,20260826,280.0,452.8929,532.3973003657118,452.9Hz_+50c,4,452.8368522938466,266.2155817510485,452.8929010403943,532.3972993154873,90.58826732934624,62.46891992439488,2785.9143073162572,2509.6614290150646,1,-919.6756264213269,279.99999260788655,-1199.6756264213268,-7.392113445803261e-06,-1199.8898883402776,-3.4150893255851632e-06
trained_53tet,53tet-Q4,24000,20260826,285.0,440.0,518.7370888624375,440Hz_ongrid,0,440.0010205687529,259.5210850729823,439.9999989155644,518.7370885451948,62.85795235681736,129.76063757358236,3368.807626629805,1199.9987320383782,1,-913.9861360400737,285.0000032080784,-1198.9861360400737,3.2080783967103343e-06,-1198.9821204916068,-1.0587666083611146e-06
trained_53tet,53tet-Q4,24000,20260826,285.0,440.0,518.7370888624375,440Hz_ongrid,1,440.01044565560176,259.39214809526845,439.99999891534213,518.73708854667,93.09418976672944,129.69385736277874,2688.9296873785524,1200.0295894314563,1,-914.8835565779982,285.00000321387614,-1199.8835565779982,3.2138761412170425e-06,-1199.8424573507496,-1.0538432621643974e-06
trained_53tet,53tet-Q4,24000,20260826,285.0,440.0,518.7370888624375,440Hz_ongrid,2,440.0018245151863,518.7321684175605,439.99999891900165,518.7370885465084,62.859338142358126,94.04109222240615,3368.7726229537593,2956.3519667907426,0,284.9763996567167,285.00000319893826,-0.023600343283305847,3.1989382591746107e-06,-0.016421579045231584,-1.0543823988453178e-06
trained_53tet,53tet-Q4,24000,20260826,285.0,440.0,518.7370888624375,440Hz_ongrid,3,439.98494144404964,259.44084548076694,439.99999891484094,518.7370885480015,62.85393130323227,86.4632002205204,3368.8551117503685,1902.29698841371,1,-914.4582212058237,285.0000032202921,-1199.4582212058237,3.2202921147472807e-06,-1199.5174719578895,-1.049399468915606e-06
trained_53tet,53tet-Q4,24000,20260826,285.0,440.0,518.7370888624375,440Hz_ongrid,4,439.97833826899847,259.3395558474872,439.99999891343106,518.7370885439196,62.853935883378476,129.66440461830416,3368.829003508357,1200.0717410195828,1,-915.1082710721968,285.0000032122168,-1200.1082710721967,3.2122168249770766e-06,-1200.1935039117977,-1.0630222323369804e-06
trained_53tet,53tet-Q4,24000,20260826,285.0,452.8929,533.9371466192433,452.9Hz_+50c,0,452.8198352238319,266.97948998208335,452.89290104508433,533.9371473390812,90.57992495171412,93.35725629113247,2786.0086870529813,1819.0738174688063,1,-914.649888306623,284.9999983390451,-1199.6498883066229,-1.6609549220447661e-06,-1199.9292091633245,2.333997456684274e-06
trained_53tet,53tet-Q4,24000,20260826,285.0,452.8929,533.9371466192433,452.9Hz_+50c,1,452.8494551353336,267.0152071760245,452.8929010491197,533.937147338269,90.59096935627447,133.51144892835887,2785.9108506712137,1199.9501370102541,1,-914.5315349208461,284.99999832098604,-1199.531534920846,-1.6790139625300071e-06,-1199.697615768449,2.3313638556905064e-06
trained_53tet,53tet-Q4,24000,20260826,285.0,452.8929,533.9371466192433,452.9Hz_+50c,2,452.89369671823175,266.9579918436018,452.89290105061673,533.937147337686,90.59876943368447,133.47503231733154,2785.930920500966,1200.0514090539123,1,-915.0716654442862,284.99999831337317,-1200.0716654442863,-1.6866268310877786e-06,-1200.068619901914,2.3294737059187395e-06
trained_53tet,53tet-Q4,24000,20260826,285.0,452.8929,533.9371466192433,452.9Hz_+50c,3,452.85020379563383,266.98730210737835,452.89290104713535,533.9371473385062,90.60404080787521,133.48990837368467,2785.663929500039,1200.048538232638,1,-914.7153332784876,284.99999832934014,-1199.7153332784876,-1.6706598557902907e-06,-1199.878552015698,2.332132678050386e-06
trained_53tet,53tet-Q4,24000,20260826,285.0,452.8929,533.9371466192433,452.9Hz_+50c,4,452.8860660228012,266.97517342477784,452.89290104652036,533.9371473385098,90.59799265810994,133.49253386186405,2785.916594430167,1199.9358403644458,1,-914.9310763515376,284.9999983317028,-1199.9310763515377,-1.6682972159287601e-06,-1199.9572001951267,2.3321445947969643e-06
trained_53tet,53tet-Q4,24000,20260826,290.0,440.0,520.2374258519452,440Hz_ongrid,0,439.9817919213615,260.2339132332239,439.9999989136785,520.2374278574658,62.85327511129379,130.11642647419117,3368.8607931903025,1200.0070536731212,1,-909.1618045014224,290.00001094819044,-1199.1618045014225,1.0948190436010918e-05,-1199.2334479058677,6.673925096993002e-06
trained_53tet,53tet-Q4,24000,20260826,290.0,440.0,520.2374258519452,440Hz_ongrid,1,439.99451161899407,260.13568237276866,439.9999989113256,520.237427854792,62.85482317595189,130.0655472554411,3368.8682022982553,1200.0305330382926,1,-909.8654677763386,290.00001094855065,-1199.8654677763386,1.094855065275624e-05,-1199.8870626202754,6.665027131433225e-06
trained_53tet,53tet-Q4,24000,20260826,290.0,440.0,520.2374258519452,440Hz_ongrid,2,440.0078614615919,260.09196468817,439.9999989189117,520.2374278564303,62.86026039215029,130.04849877847658,3368.770975937279,1199.9665003510856,1,-910.2089650955469,290.0000109241538,-1200.2089650955468,1.0924153798441694e-05,-1200.178033485547,6.670478850773481e-06
trained_53tet,53tet-Q4,24000,20260826,290.0,440.0,520.2374258519452,440Hz_ongrid,3,439.9992407448382,260.1244924761045,439.99999891192033,520.2374278472821,92.76630901165106,130.05617509925926,2694.9938262341834,1200.0808136705034,1,-909.9585469360816,290.00001092121926,-1199.9585469360816,1.0921219256943004e-05,-1199.9615343213593,6.640035791865336e-06
trained_53tet,53tet-Q4,24000,20260826,290.0,440.0,520.2374258519452,440Hz_ongrid,4,439.9697753171988,260.12147441809384,439.99999891635974,520.2374278483223,62.85032974819183,92.51602807473067,3368.8946389261314,1789.6923266100796,1,-909.8626940266148,290.00001090721327,-1199.862694026615,1.0907213265909377e-05,-1199.981620838594,6.643497414532079e-06
trained_53tet,53tet-Q4,24000,20260826,290.0,452.8929,535.4814465514146,452.9Hz_+50c,0,452.81538122345347,267.77825298078,452.89290104541044,535.4814472551251,90.57459453245565,133.8909034380207,2786.0935404254064,1199.9770235872888,1,-909.460997169697,289.99999827892674,-1199.4609971696968,-1.7210732607964019e-06,-1199.7573467747723,2.2751256532978924e-06
trained_53tet,53tet-Q4,24000,20260826,290.0,452.8929,535.4814465514146,452.9Hz_+50c,1,452.8809810293334,267.76045988825194,452.89290103967386,535.4814472558234,90.5909237307621,133.8859354357183,2786.0322412375444,1199.9262226331039,1,-909.826823900307,289.99999830311293,-1199.8268239003069,-1.6968870681921544e-06,-1199.8723861058004,2.2773833001577527e-06
trained_53tet,53tet-Q4,24000,20260826,290.0,452.8929,535.4814465514146,452.9Hz_+50c,2,452.8861880663355,267.77589968090103,452.8929010486054,535.4814472555669,113.22605443193326,133.89430378639523,2399.931079941874,1199.9178424453562,1,-909.7469040325718,289.99999826814206,-1199.7469040325718,-1.7318579352831875e-06,-1199.7725613440473,2.2765541252425956e-06
trained_53tet,53tet-Q4,24000,20260826,290.0,452.8929,535.4814465514146,452.9Hz_+50c,3,452.80067777074925,267.8711243694794,452.8929010507144,535.4814472507005,90.5831431527987,133.94224664747804,2785.873934496076,1199.9135996404837,1,-908.8044550786029,289.99999824434695,-1198.804455078603,-1.7556530451656727e-06,-1199.1570208201076,2.260820944469437e-06
trained_53tet,53tet-Q4,24000,20260826,290.0,452.8929,535.4814465514146,452.9Hz_+50c,4,452.8340512036974,267.7369492034636,452.8929010382165,535.4814472554475,90.58375780776767,133.87509245722345,2785.989782170999,1199.914417687886,1,-909.7994328812565,289.99999830746856,-1199.7994328812565,-1.692531441221945e-06,-1200.024403640741,2.2761681764179236e-06
trained_53tet,53tet-Q4,24000,20260826,295.0,440.0,521.7421022479275,440Hz_ongrid,0,439.9977335114916,260.9328023597369,439.9999989150567,521.7421032984007,62.85626636969245,130.46424830270703,3368.8411293698005,1200.0285680065012,1,-904.5813273013476,295.00000775450144,-1199.5813273013478,7.754501439194428e-06,-1199.5902451017644,3.4856587543938797e-06
trained_53tet,53tet-Q4,24000,20260826,295.0,440.0,521.7421022479275,440Hz_ongrid,1,439.9814444538855,260.888886364961,439.9999989119542,521.7421033093491,62.85584763324456,130.45253512638143,3368.7885697443626,1199.8926085775336,1,-904.8086323618212,295.0000078030374,-1199.8086323618213,7.803037419762404e-06,-1199.881642976851,3.521987532929518e-06
trained_53tet,53tet-Q4,24000,20260826,295.0,440.0,521.7421022479275,440Hz_ongrid,2,439.9945484828235,260.9130331829973,439.99999891362853,521.7421033050983,62.857575295676654,130.46007865850697,3368.7925463355064,1199.9527299389729,1,-904.699964587389,295.0000077823447,-1199.6999645873889,7.782344709994504e-06,-1199.7214143842575,3.5078827179247976e-06
trained_53tet,53tet-Q4,24000,20260826,295.0,440.0,521.7421022479275,440Hz_ongrid,3,440.0043017407131,260.7916502347196,439.9999989072303,521.7421033120825,62.85561658926745,130.39587099522217,3368.8848696430978,1199.9993908907484,1,-905.543938688346,295.00000783069396,-1200.5439386883459,7.830693959931523e-06,-1200.5270130438275,3.5310573303027634e-06
trained_53tet,53tet-Q4,24000,20260826,295.0,440.0,521.7421022479275,440Hz_ongrid,4,440.00234699574565,260.8648074592247,439.9999989155763,521.742103294899,62.857183405915464,130.4348251205998,3368.8340241790324,1199.9678610874798,1,-905.0506702173993,295.0000077408377,-1200.0506702173993,7.740837702385761e-06,-1200.0414356989647,3.4740395420767172e-06
trained_53tet,53tet-Q4,24000,20260826,295.0,452.8929,537.0302130435464,452.9Hz_+50c,0,452.8848391419274,268.54775785530995,452.8929010383103,537.0302108649704,90.59020950809769,134.274545983636,2786.0606388082765,1199.9913994652745,1,-904.7586815939386,294.99998900782725,-1199.7586815939385,-1.0992172747137374e-05,-1199.7894954047827,-7.023115014561925e-06
trained_53tet,53tet-Q4,24000,20260826,295.0,452.8929,537.0302130435464,452.9Hz_+50c,1,452.87441392474966,268.6090448711522,452.8929010424194,537.0302108669442,90.58919931438054,134.29849726095213,2786.0400915995474,1200.0776684303407,1,-904.3237778494681,294.9999889984826,-1199.3237778494681,-1.1001517407294159e-05,-1199.3944443935561,-7.016751856266006e-06
trained_53tet,53tet-Q4,24000,20260826,295.0,452.8929,537.0302130435464,452.9Hz_+50c,2,452.84446476630234,268.5319231780511,452.89290104726604,537.030210873053,90.5830105966188,91.62684851797218,2786.043874636595,1861.5015628395224,1,-904.7064200449389,294.9999889996487,-1199.706420044939,-1.1000351321399648e-05,-1199.8915790746832,-6.997059048028221e-06
trained_53tet,53tet-Q4,24000,20260826,295.0,452.8929,537.0302130435464,452.9Hz_+50c,3,452.8347811936512,268.7275117032912,452.8929010414184,537.030210872094,90.58764383468299,134.28171027382996,2785.918304963842,1201.0574539325344,1,-903.4088925529622,294.9999890189108,-1198.4088925529622,-1.0981089189954218e-05,-1198.631072483353,-7.000150482753959e-06
trained_53tet,53tet-Q4,24000,20260826,295.0,452.8929,537.0302130435464,452.9Hz_+50c,4,452.8648823110007,268.48970379786596,452.8929010365289,537.0302108559703,141.98926423560027,76.71624364099964,2007.9585802966478,2168.715332804421,1,-905.056686111958,294.99998898562285,-1200.056686111958,-1.1014377150786459e-05,-1200.1637901923964,-7.0521288329361e-06
trained_53tet,53tet-Q4,24000,20260826,300.0,440.0,523.2511306011972,440Hz_ongrid,0,439.9846331028078,261.6411552776325,439.99999891651936,523.251129519562,62.853120223872985,130.8208589485525,3368.8762388270934,1199.9962772487409,1,-899.8363767577093,300.00000068437834,-1199.8363767577093,6.843783353360777e-07,-1199.8968407582145,-3.57870933194335e-06
trained_53tet,53tet-Q4,24000,20260826,300.0,440.0,523.2511306011972,440Hz_ongrid,1,439.9797367471801,261.6568870978899,439.99999891980485,523.251129518261,93.3111956061179,74.75648827046474,2684.777986664897,2168.8866341145394,1,-899.7130190739965,300.00000066714654,-1199.7130190739965,6.671465371255181e-07,-1199.7927491672428,-3.58301396835102e-06
trained_53tet,53tet-Q4,24000,20260826,300.0,440.0,523.2511306011972,440Hz_ongrid,2,439.9925335890217,261.62526174845453,439.99999891258705,523.2511295226047,62.85595833100228,130.8110034636027,3368.829153661354,1200.0215380287964,1,-899.9726309122134,300.0000007099177,-1199.9726309122134,7.099176855263067e-07,-1200.0020086726302,-3.56864217972315e-06
trained_53tet,53tet-Q4,24000,20260826,300.0,440.0,523.2511306011972,440Hz_ongrid,3,439.9904864141408,261.636342438216,439.9999989170602,523.2511295123135,62.85503951553897,130.81803369032605,3368.8464056529006,1200.001820042529,1,-899.8912539961401,300.0000006582675,-1199.8912539961402,6.582674814126221e-07,-1199.9286867730236,-3.602691976719492e-06
trained_53tet,53tet-Q4,24000,20260826,300.0,440.0,523.2511306011972,440Hz_ongrid,4,440.0017704715253,261.62187432470034,439.99999890577715,523.2511295223386,62.8572431870563,130.82431874215624,3368.830109272432,1199.8229088313753,1,-900.0313902972796,300.00000073583135,-1200.0313902972796,7.358313496297342e-07,-1200.024424173596,-3.569522673533804e-06
trained_53tet,53tet-Q4,24000,20260826,300.0,452.8929,538.5834590142158,452.9Hz_+50c,0,452.8949592455044,269.318017894233,452.8929010430526,538.5834599897552,90.60125801751263,134.65444733312597,2785.888193432899,1200.0586470618211,1,-899.8388760343254,299.9999991486083,-1199.8388760343255,-8.513916895935836e-07,-1199.8310043546678,3.1357942229817143e-06
trained_53tet,53tet-Q4,24000,20260826,300.0,452.8929,538.5834590142158,452.9Hz_+50c,1,452.79996315179045,269.3529067344933,452.8929010380458,538.5834599929026,90.5744734897314,118.14771872840987,2786.0369056195877,1426.6870332820222,1,-899.2514479119785,299.99999917786437,-1199.2514479119786,-8.221356324611406e-07,-1199.6067459233552,3.1459115408218275e-06
trained_53tet,53tet-Q4,24000,20260826,300.0,452.8929,538.5834590142158,452.9Hz_+50c,2,452.8937856341203,269.41515451442206,452.89290104857105,538.5834599951777,90.58526179695261,137.45355645267307,2786.1893944058584,1165.0641225585703,1,-899.2100873136736,299.9999991449436,-1199.2100873136737,-8.550563848075399e-07,-1199.2067018809475,3.1532245791055526e-06
trained_53tet,53tet-Q4,24000,20260826,300.0,452.8929,538.5834590142158,452.9Hz_+50c,3,452.8605306150397,269.45844499072075,452.89290104324226,538.583459994849,90.59340288449883,117.53704952615536,2785.9066862909913,1436.3366564771347,1,-898.8048040468587,299.99999916425713,-1198.8048040468589,-8.357428669114597e-07,-1198.9285440836509,3.152168217183578e-06
trained_53tet,53tet-Q4,24000,20260826,300.0,452.8929,538.5834590142158,452.9Hz_+50c,4,452.8721154490074,269.38279831573755,452.89290104710636,538.5834599902074,90.58415053586397,134.67708986510573,2786.127794032138,1200.1839319436554,1,-899.3351788620764,299.999999134566,-1199.3351788620764,-8.654340035718633e-07,-1199.4146319691524,3.1372480660635714e-06
trained_53tet,53tet-Q4,24000,20260826,305.0,440.0,524.7645234988678,440Hz_ongrid,0,440.00352543799283,262.30648955299506,439.9999989177118,524.764521004969,62.85933340928977,131.16713348993574,3368.7794457581185,1199.816677501128,1,-895.5138987325736,304.9999960308533,-1200.5138987325736,-3.969146689541958e-06,-1200.5000275193008,-8.227542712403329e-06
trained_53tet,53tet-Q4,24000,20260826,305.0,440.0,524.7645234988678,440Hz_ongrid,1,439.98143390126603,524.8040526165584,439.9999989056232,524.7645210004881,93.34445425881715,74.97096471656387,2684.167715574452,3368.8499867043065,0,305.2034564883758,304.9999960636346,0.20345648837582075,-3.936365374102024e-06,0.13040435101668515,-8.24232543662374e-06
trained_53tet,53tet-Q4,24000,20260826,305.0,440.0,524.7645234988678,440Hz_ongrid,2,440.0064121674968,262.3461604302255,439.99999891481025,524.7645210037032,62.85773077324613,131.2021204753102,3368.834943224805,1199.6167664678628,1,-895.263447107199,304.99999603809385,-1200.263447107199,-3.961906145377725e-06,-1200.2382178303542,-8.231718763282084e-06
trained_53tet,53tet-Q4,24000,20260826,305.0,440.0,524.7645234988678,440Hz_ongrid,3,440.0010463374453,262.37264886844895,439.99999891072054,524.76452100584,62.85744477812088,131.1912215568285,3368.821707811181,1199.9353750690555,1,-895.067545203723,304.999996061235,-1200.067545203723,-3.938765019029233e-06,-1200.0634282654087,-8.224669046610163e-06
trained_53tet,53tet-Q4,24000,20260826,305.0,440.0,524.7645234988678,440Hz_ongrid,4,439.98696532336265,262.3898238366212,439.9999989152865,524.7645210073534,62.85535499244519,131.2037265339159,3368.8238618862742,1199.8836871809922,1,-894.8988177374041,304.99999604826263,-1199.898817737404,-3.951737369334296e-06,-1199.950105033476,-8.219676314174664e-06
trained_53tet,53tet-Q4,24000,20260826,305.0,452.8929,540.1411974193644,452.9Hz_+50c,0,452.8551516710337,270.1290841354882,452.89290104434906,540.1411954056321,90.59145592180298,135.06706797096157,2785.9233298112767,1199.9676237101298,1,-894.4808281103177,304.99998955354226,-1199.4808281103178,-1.0446457736179582e-05,-1199.625131357383,-6.454316011838197e-06
trained_53tet,53tet-Q4,24000,20260826,305.0,452.8929,540.1411974193644,452.9Hz_+50c,1,452.88098775656715,270.20555731274925,452.89290103637074,540.1411954086745,90.58307798886882,90.20698681692957,2786.182209168334,1899.295515154285,1,-894.0895542191282,304.9999895937918,-1199.0895542191283,-1.0406208218682877e-05,-1199.1350907083372,-6.444564461181606e-06
trained_53tet,53tet-Q4,24000,20260826,305.0,452.8929,540.1411974193644,452.9Hz_+50c,2,452.8518973467565,270.10473843305795,452.89290103862317,540.1411954085542,90.5891945380408,135.05371829338006,2785.9541050741163,1199.9827062929166,1,-894.6244235510159,304.9999895847958,-1199.6244235510158,-1.041520420130837e-05,-1199.781167900315,-6.444950217802632e-06
trained_53tet,53tet-Q4,24000,20260826,305.0,452.8929,540.1411974193644,452.9Hz_+50c,3,452.8401723828857,270.2431103901764,452.8929010402117,540.1411954071839,90.58744276724592,135.1995708019435,2785.94275854756,1199.0007197683994,1,-893.6929321200417,304.99998957433144,-1198.6929321200419,-1.0425668563129875e-05,-1198.894501100928,-6.449342307761309e-06
trained_53tet,53tet-Q4,24000,20260826,305.0,452.8929,540.1411974193644,452.9Hz_+50c,4,452.86634267910176,270.08828716636486,452.89290105347715,540.141195404355,90.5888461587247,135.03957193300064,2786.0159859288647,1200.0586084684207,1,-894.7850940443367,304.999989514556,-1199.7850940443368,-1.0485444022378942e-05,-1199.886615367085,-6.458409222102976e-06
trained_53tet,53tet-Q4,24000,20260826,310.0,440.0,526.2822935644576,440Hz_ongrid,0,439.97589923165094,263.15858743392255,439.99999891154,526.2822954051521,62.85383806915923,131.58644389807762,3368.8221004912034,1199.9059251624408,1,-889.7904298388864,310.0000103377435,-1199.7904298388864,1.033774350389649e-05,-1199.885259869621,6.055063846316194e-06
trained_53tet,53tet-Q4,24000,20260826,310.0,440.0,526.2822935644576,440Hz_ongrid,1,440.0052952830428,263.15590821151875,439.999998915629,526.2822954110017,62.857782705553376,131.57495461930392,3368.8291184398618,1200.039466127179,1,-889.9237205011699,310.00001034089695,-1199.92372050117,1.0340896949401213e-05,-1199.9028856849422,6.074306316708962e-06
trained_53tet,53tet-Q4,24000,20260826,310.0,440.0,526.2822935644576,440Hz_ongrid,2,439.9940193344826,263.1005771988324,439.9999989172285,526.2822954080666,62.855433125833954,75.17557397183849,3368.8494653214975,2168.7342365852724,1,-890.2434004290587,310.00001032494873,-1200.2434004290587,1.0324948732431949e-05,-1200.2669322521224,6.0646514455344326e-06
trained_53tet,53tet-Q4,24000,20260826,310.0,440.0,526.2822935644576,440Hz_ongrid,3,440.0172090281202,263.12804249053715,439.99999891288877,526.2822954037122,62.85832330647605,75.17326982592297,3368.861104125037,2168.96801561147,1,-890.1539264093182,310.0000103276998,-1200.153926409318,1.0327699783374555e-05,-1200.0862166983463,6.050327131767153e-06
trained_53tet,53tet-Q4,24000,20260826,310.0,440.0,526.2822935644576,440Hz_ongrid,4,439.97829893461056,263.1404811688839,439.9999989069149,526.282295399778,62.85209966947398,75.17874374596471,3368.8794257180907,2168.9237938359256,1,-889.9189915344755,310.0000103382629,-1199.9189915344755,1.0338262882214622e-05,-1200.0043791476844,6.0373855450110415e-06
trained_53tet,53tet-Q4,24000,20260826,310.0,452.8929,541.7034412524058,452.9Hz_+50c,0,452.85096234444023,270.9407863912392,452.89290105002493,541.7034422014718,90.58758046896362,135.466941884009,2785.981377058301,1200.0441063478593,1,-889.2704828738989,309.9999990192887,-1199.2704828738988,-9.807113201532047e-07,-1199.430801702021,3.0331272227326866e-06
trained_53tet,53tet-Q4,24000,20260826,310.0,452.8929,541.7034412524058,452.9Hz_+50c,1,452.86700180916404,270.9128576093924,452.89290104793,541.7034421923695,90.59812844442754,135.45702351623768,2785.841121961415,1199.99239916024,1,-889.5102662417737,309.99999899820654,-1199.5102662417737,-1.00179346418372e-06,-1199.6092678198013,3.0040369067022655e-06
trained_53tet,53tet-Q4,24000,20260826,310.0,452.8929,541.7034412524058,452.9Hz_+50c,2,452.8154510334359,270.9414762560486,452.89290104002004,541.703442196928,90.5736012207605,135.4755742440772,2786.112793495461,1199.9381984666732,1,-889.1303109661216,309.9999990430119,-1199.1303109661217,-9.569881171955785e-07,-1199.4263936690236,3.0186053215939144e-06
trained_53tet,53tet-Q4,24000,20260826,310.0,452.8929,541.7034412524058,452.9Hz_+50c,3,452.8468994618167,271.1617232314142,452.89290104364824,541.7034421981864,90.58520402145065,135.47422799153776,2786.011261996926,1201.3621420702962,1,-887.843802667584,309.9999990331642,-1197.843802667584,-9.668357847658626e-07,-1198.0196538294613,3.022627031356847e-06
trained_53tet,53tet-Q4,24000,20260826,310.0,452.8929,541.7034412524058,452.9Hz_+50c,4,452.81298362311884,270.9649757866208,452.89290103503106,541.7034421930565,90.58001572644861,135.4840328236626,2785.9807566578606,1199.9802585498599,1,-888.9707289954073,309.99999904970963,-1198.9707289954072,-9.502903708380472e-07,-1199.276245290698,3.0062326633612288e-06
trained_53tet,53tet-Q4,24000,20260826,315.0,440.0,527.8044534579969,440Hz_ongrid,0,439.9886738842663,263.89635922383115,439.9999989147244,527.8044530123047,62.856923827585156,131.9645632000885,3368.7873745033207,1199.7850514876618,1,-884.9939274825908,315.00000280825026,-1199.9939274825908,2.808250258112821e-06,-1200.0384920498066,-1.4619003434509915e-06
trained_53tet,53tet-Q4,24000,20260826,315.0,440.0,527.8044534579969,440Hz_ongrid,1,439.9905549287623,263.92462738055326,439.99999891237974,527.8044530121575,62.85688118677929,93.89248317463363,3368.7959503115662,1789.2532911925964,1,-884.815891761976,315.0000028169927,-1199.815891761976,2.8169927190901944e-06,-1199.8530549538573,-1.462383163894054e-06
trained_53tet,53tet-Q4,24000,20260826,315.0,440.0,527.8044534579969,440Hz_ongrid,2,439.97892516209345,263.90549258039886,439.99999891816935,527.8044530154978,62.85648122901943,131.95485420777237,3368.7612058404325,1199.9723441184103,1,-884.8956521843029,315.000002805169,-1199.895652184303,2.805169003750052e-06,-1199.9785757087789,-1.4514270608306068e-06
trained_53tet,53tet-Q4,24000,20260826,315.0,440.0,527.8044534579969,440Hz_ongrid,3,439.99753979721027,263.8701036035521,439.9999989113337,527.8044530114672,62.8551352803714,94.58169448656285,3368.871520756906,1776.2340110144867,1,-885.2010648464441,315.00000281884405,-1200.201064846444,2.818844052399072e-06,-1200.2107448435913,-1.464647537954455e-06
trained_53tet,53tet-Q4,24000,20260826,315.0,440.0,527.8044534579969,440Hz_ongrid,4,439.99633774960563,263.9563928370353,439.9999989172256,527.8044530086809,62.85395566144812,131.9643560808145,3368.899281951527,1200.1815612047194,1,-884.6302898844125,315.0000027865223,-1199.6302898844124,2.786522316000628e-06,-1199.644699518424,-1.4737869137775951e-06
trained_53tet,53tet-Q4,24000,20260826,315.0,452.8929,543.2702035443347,452.9Hz_+50c,0,452.87315280679456,271.56764305546915,452.892901039037,543.2702019352146,90.5870060902089,135.78376634583344,2786.07718545463,1200.0007035654505,1,-885.3545059986997,314.99999090039665,-1200.3545059986996,-9.099603346385265e-06,-1200.429993511508,-5.127767802234225e-06
trained_53tet,53tet-Q4,24000,20260826,315.0,452.8929,543.2702035443347,452.9Hz_+50c,1,452.859194256506,271.8687671850163,452.89290104507546,543.2702019292933,90.59480299099589,135.93366586732265,2785.8748217999864,1200.0091408334408,1,-883.3825526298812,314.9999908584448,-1198.382552629881,-9.141555210590013e-06,-1198.5114014201474,-5.14663720169976e-06
trained_53tet,53tet-Q4,24000,20260826,315.0,452.8929,543.2702035443347,452.9Hz_+50c,2,452.8507945240438,271.69148163309535,452.8929010416578,543.2702019197537,90.58734352458261,90.57337806625685,2785.9852637751283,1901.7724346636692,1,-884.4797465403582,314.9999908411094,-1199.479746540358,-9.158890577509737e-06,-1199.6407069403497,-5.177036822352181e-06
trained_53tet,53tet-Q4,24000,20260826,315.0,452.8929,543.2702035443347,452.9Hz_+50c,3,452.8804366204778,271.71682137684246,452.8929010468735,543.2702019331758,144.58372468525957,135.86184448182826,1976.670069217254,1199.9562439681922,1,-884.4316048112769,314.9999908639439,-1199.4316048112769,-9.136056121406e-06,-1199.4792481368736,-5.1342647356143985e-06
trained_53tet,53tet-Q4,24000,20260826,315.0,452.8929,543.2702035443347,452.9Hz_+50c,4,452.84908094038866,271.82712073802895,452.89290104609444,543.2702019214006,90.58365243577751,135.91668112510996,2786.049255410269,1199.9602490202572,1,-883.6091108987197,314.99999082939786,-1198.6091108987198,-9.170602140784467e-06,-1198.7766222864063,-5.171788648695295e-06
trained_53tet,53tet-Q4,24000,20260826,320.0,440.0,529.3310158761313,440Hz_ongrid,0,439.9945802006628,264.6989446495445,439.9999989097583,529.3310138319645,62.85432104075304,132.34491157686986,3368.8823026985974,1200.059659158175,1,-879.7599720910398,319.9999976040223,-1199.7599720910398,-2.3959776740412053e-06,-1199.7812970886316,-6.685667731095805e-06
trained_53tet,53tet-Q4,24000,20260826,320.0,440.0,529.3310158761313,440Hz_ongrid,1,439.98165946527627,264.6423212185652,439.9999989185205,529.3310138361708,62.85593726731144,132.3160880761305,3368.786946985725,1200.0663681484948,1,-880.0795113757813,319.99999758330347,-1200.0795113757813,-2.4166965317817812e-06,-1200.151675966611,-6.671910615922099e-06
trained_53tet,53tet-Q4,24000,20260826,320.0,440.0,529.3310158761313,440Hz_ongrid,2,440.02263675874923,264.7191178014345,439.99999891748536,529.3310138333205,62.858160396969666,132.377902165118,3368.8869460647925,1199.7600907417893,1,-879.7384266735604,319.99999757805415,-1199.7384266735603,-2.4219458509833203e-06,-1199.6493618566367,-6.681232587084151e-06
trained_53tet,53tet-Q4,24000,20260826,320.0,440.0,529.3310158761313,440Hz_ongrid,3,439.99398842616364,264.6707960375629,439.9999989070322,529.3310138321402,62.856970701230054,132.35078139652336,3368.806994618424,1199.7987637478825,1,-879.9417563113395,319.9999976153234,-1199.9417563113395,-2.3846765770940692e-06,-1199.965409748638,-6.68509284417321e-06
trained_53tet,53tet-Q4,24000,20260826,320.0,440.0,529.3310158761313,440Hz_ongrid,4,439.9780266860405,264.65966368502774,439.99999891971083,529.3310138352958,62.8527020897525,132.32644713305658,3368.8617611415684,1200.0442817701635,1,-879.9517700771928,319.99999757575824,-1199.9517700771928,-2.4242417566711083e-06,-1200.0382289390093,-6.674772172760457e-06
trained_53tet,53tet-Q4,24000,20260826,320.0,452.8929,544.8414973638345,452.9Hz_+50c,0,452.85893694931815,272.6041846145179,452.89290104538316,544.8414966182066,90.59446121403963,136.30093769065817,2785.8803693876653,1200.0146653657732,1,-878.7048243711022,319.9999936346728,-1198.7048243711022,-6.365327180901659e-06,-1198.8346568205206,-2.3692327808851118e-06
trained_53tet,53tet-Q4,24000,20260826,320.0,452.8929,544.8414973638345,452.9Hz_+50c,1,452.82479443245734,272.48569719903696,452.8929010538587,544.8414966158355,90.58231371546744,136.2398045245883,2785.9819918300586,1200.0386814067383,1,-879.326940553491,319.99999359473964,-1199.326940553491,-6.405260364772403e-06,-1199.5873013224325,-2.3767672400324117e-06
trained_53tet,53tet-Q4,24000,20260826,320.0,452.8929,544.8414973638345,452.9Hz_+50c,2,452.8989308215993,272.493670708718,452.89290104756094,544.8414966176193,90.58926170984631,136.24879325793148,2786.1326190558007,1199.9751218810609,1,-879.5596958222652,319.9999936244818,-1199.5596958222652,-6.375518182721862e-06,-1199.5366424818808,-2.371098904963199e-06
trained_53tet,53tet-Q4,24000,20260826,320.0,452.8929,544.8414973638345,452.9Hz_+50c,3,452.83176307100894,272.4818283246382,452.892901052416,544.8414966152608,90.57922688793658,136.23961446601615,2786.067631336677,1200.0165155176733,1,-879.3781637732505,319.9999935984284,-1199.3781637732504,-6.401571624792268e-06,-1199.611882336079,-2.378593193142094e-06
trained_53tet,53tet-Q4,24000,20260826,320.0,452.8929,544.8414973638345,452.9Hz_+50c,4,452.86906377975754,272.4761830585136,452.8929010453196,544.8414966165581,90.58569966156463,136.2396620104747,2786.0865216463267,1199.980043357503,1,-879.5566313052094,319.9999936296772,-1199.5566313052095,-6.370322807924822e-06,-1199.6477503359142,-2.3744711520483866e-06
trained_53tet,53tet-Q4,24000,20260826,325.0,440.0,530.8619935522296,440Hz_ongrid,0,439.9984570095581,265.4431350048811,439.9999989132213,530.861995246089,62.85778060383841,93.63768664141604,3368.802270413158,1803.8899593394428,1,-874.9147609291376,325.0000098000369,-1199.9147609291376,9.800036878004903e-06,-1199.9208320252153,5.523972509095997e-06
trained_53tet,53tet-Q4,24000,20260826,325.0,440.0,530.8619935522296,440Hz_ongrid,1,439.9751193813825,265.44704622837526,439.99999890885715,530.8619952365996,93.99825023723031,93.32607461527189,2672.0593619501196,1809.6863604870891,1,-874.7974243901642,325.0000097862613,-1199.7974243901642,9.786261273347918e-06,-1199.8953230083755,5.4930258715228905e-06
trained_53tet,53tet-Q4,24000,20260826,325.0,440.0,530.8619935522296,440Hz_ongrid,2,439.97453591805646,265.4428316891424,439.9999989152484,530.8619952321566,62.85239861428142,62.47026392846383,3368.8563845870704,2504.5915819666575,1,-874.8226158098184,325.0000097466248,-1199.8226158098184,9.746624812123628e-06,-1199.9228102675027,5.478536645354988e-06
trained_53tet,53tet-Q4,24000,20260826,325.0,440.0,530.8619935522296,440Hz_ongrid,3,440.0023508004202,265.34016152771363,439.9999989079595,530.8619952400265,62.85710604080081,94.73040405758925,3368.8361699666775,1783.1323359208675,1,-875.6018102330438,325.0000098009695,-1200.6018102330438,9.800969507978152e-06,-1200.5925607447298,5.504201857736844e-06
trained_53tet,53tet-Q4,24000,20260826,325.0,440.0,530.8619935522296,440Hz_ongrid,4,439.98961155755916,265.32826920334986,439.9999989074544,530.8619952443203,62.85325642946013,94.08680018871861,3368.892076082852,1794.8569845450388,1,-875.6292798619112,325.0000098169592,-1200.629279861911,9.816959220643184e-06,-1200.6701549473328,5.518204419351624e-06
trained_53tet,53tet-Q4,24000,20260826,325.0,452.8929,546.4173358173877,452.9Hz_+50c,0,452.85731627373116,273.2191659107897,452.8929010379552,546.4173379918622,90.58361395807302,136.60811652244192,2786.0814740438523,1200.018583998501,1,-874.79745072945,325.00000292176657,-1199.79745072945,2.9217665655778546e-06,-1199.933478869293,6.889467135909615e-06
trained_53tet,53tet-Q4,24000,20260826,325.0,452.8929,546.4173358173877,452.9Hz_+50c,1,452.8840690354975,273.2842878176894,452.89290104888414,546.4173379879421,144.5346044463156,78.04812795138369,1977.272216635296,2169.5598990768103,1,-874.4871299660385,325.00000286756944,-1199.4871299660385,2.8675694352386927e-06,-1199.520887650228,6.877047195129585e-06
trained_53tet,53tet-Q4,24000,20260826,325.0,452.8929,546.4173358173877,452.9Hz_+50c,2,452.8453595733322,273.31198897090866,452.8929010463569,546.4173379896525,90.58550838609595,78.05949404637775,2785.999558086757,2169.4832747045457,1,-874.1636737924345,325.0000028826495,-1199.1636737924346,2.8826494826716953e-06,-1199.3454119591952,6.882466239518963e-06
trained_53tet,53tet-Q4,24000,20260826,325.0,452.8929,546.4173358173877,452.9Hz_+50c,3,452.88011331921143,273.3787829493361,452.8929010451153,546.4173379864706,90.59343367801354,78.06009865518696,2785.980958650314,2169.8929054257087,1,-873.873492823354,325.000002877314,-1198.873492823354,2.8773139888471633e-06,-1198.9223720388563,6.8723846719403265e-06
trained_53tet,53tet-Q4,24000,20260826,325.0,452.8929,546.4173358173877,452.9Hz_+50c,4,452.8315865478311,273.2407656310903,452.8929010421087,546.4173379892428,129.32850203061727,136.61971088839607,2169.5212036726484,1200.008514586152,1,-874.5622257351349,325.00000289759066,-1199.562225735135,2.897590661632421e-06,-1199.7966191688984,6.881168082967718e-06
trained_53tet,53tet-Q4,24000,20260826,330.0,440.0,532.3973992564887,440Hz_ongrid,0,439.9842671683407,266.23760066377287,439.9999989214599,532.3973982150516,62.85379388142972,94.06421687643865,3368.8562437552014,1801.195707159703,1,-869.6851201547083,330.0000008571341,-1199.6851201547083,8.571341254537401e-07,-1199.7470240202113,-3.386514312635291e-06
trained_53tet,53tet-Q4,24000,20260826,330.0,440.0,532.3973992564887,440Hz_ongrid,1,439.9975756366044,266.23088112824274,439.9999989104641,532.3973982125823,62.85595560180435,93.35116289638633,3368.8490676098754,1814.3256299591592,1,-869.7811799765518,330.00000089236886,-1199.7811799765518,8.923688596951251e-07,-1199.790718958417,-3.394543893388419e-06
trained_53tet,53tet-Q4,24000,20260826,330.0,440.0,532.3973992564887,440Hz_ongrid,2,440.00098744109806,266.2094784506399,439.9999989151529,532.3973982003265,62.8556598655467,133.0960478927004,3368.870637243127,1200.1130479825472,1,-869.9337861141378,330.0000008340671,-1199.9337861141378,8.340671229234431e-07,-1199.9299009102008,-3.434396953778621e-06
trained_53tet,53tet-Q4,24000,20260826,330.0,440.0,532.3973992564887,440Hz_ongrid,3,440.0094801967699,266.19681960177684,439.99999891417366,532.3973981966204,93.70771211827926,133.09717722042808,2677.553899562952,1200.0160324615824,1,-870.0495274685162,330.00000082586894,-1200.0495274685163,8.258689376816619e-07,-1200.012226871625,-3.4464482443099216e-06
trained_53tet,53tet-Q4,24000,20260826,330.0,440.0,532.3973992564887,440Hz_ongrid,4,440.0153175863434,266.2291923031901,439.99999891243135,532.397398214859,62.861144786072515,93.00335239721055,3368.7759552870125,1820.7769767351388,1,-869.8619688839133,330.00000089203184,-1199.8619688839133,8.920318350646994e-07,-1199.801701007889,-3.3871407106550726e-06
trained_53tet,53tet-Q4,24000,20260826,330.0,452.8929,547.9977320493841,452.9Hz_+50c,0,452.8382920511234,274.0521190220733,452.89290104068806,547.9977301984995,90.58665559578486,137.02275340458544,2785.9506137666754,1200.041770982312,1,-869.4548014173843,329.9999901745395,-1199.4548014173843,-9.825460494994331e-06,-1199.663559029773,-5.847313265030045e-06
trained_53tet,53tet-Q4,24000,20260826,330.0,452.8929,547.9977320493841,452.9Hz_+50c,1,452.86419392173633,274.0296244478262,452.89290104729054,547.9977301893613,90.59505091779957,137.01382153771257,2785.889197114201,1200.0125177406373,1,-869.6959312394407,329.9999901204313,-1199.6959312394406,-9.879568722226395e-06,-1199.80566693007,-5.876182929191355e-06
trained_53tet,53tet-Q4,24000,20260826,330.0,452.8929,547.9977320493841,452.9Hz_+50c,2,452.8522992407856,274.0532556176498,452.8929010499397,547.9977301876011,90.59252648678556,137.024557380235,2785.8919663864585,1200.0261585912765,1,-869.5011710505021,329.9999901047434,-1199.501171050502,-9.895256596337276e-06,-1199.6563789762538,-5.881743821346742e-06
trained_53tet,53tet-Q4,24000,20260826,330.0,452.8929,547.9977320493841,452.9Hz_+50c,3,452.8754061868371,274.0212751978575,452.8929010409127,547.9977301920766,90.58432607858151,137.01028998686243,2786.137018829903,1200.0043923495214,1,-869.7915423415645,329.99999015338915,-1199.7915423415645,-9.84661085112748e-06,-1199.8584157015453,-5.867604793670345e-06
trained_53tet,53tet-Q4,24000,20260826,330.0,452.8929,547.9977320493841,452.9Hz_+50c,4,452.93070313505746,274.0559437843624,452.892901036462,547.9977302007683,90.60157260697463,137.02823906721605,2786.0188112056594,1199.9966244697337,1,-869.7838982266146,329.9999901978616,-1199.7838982266146,-9.802138379200187e-06,-1199.6393975216552,-5.840145918546217e-06
trained_53tet,53tet-Q4,24000,20260826,335.0,440.0,533.9372457960409,440Hz_ongrid,0,440.0029824200676,266.966501494674,439.999998917626,533.9372465580966,62.858531462424565,133.49188558783604,3368.799396083522,1199.8880125685814,1,-865.0254915570275,335.0000067296173,-1200.0254915570276,6.729617325618165e-06,-1200.0137568986847,2.4708835869770723e-06
trained_53tet,53tet-Q4,24000,20260826,335.0,440.0,533.9372457960409,440Hz_ongrid,1,440.0117065824031,266.97558684745246,439.99999891999016,533.9372465607827,62.8580733325458,133.48349556742232,3368.8463395441577,1200.0557407892068,1,-865.0009012498086,335.00000672902434,-1200.0009012498085,6.729024335072609e-06,-1199.9548408760566,2.479592806669072e-06
trained_53tet,53tet-Q4,24000,20260826,335.0,440.0,533.9372457960409,440Hz_ongrid,2,439.98657756684673,266.9715381306033,439.9999989073909,533.937246559937,62.85421929750711,93.22753824130983,3368.853617055771,1821.429440772161,1,-864.9282824298942,335.00000677585564,-1199.9282824298944,6.775855638352368e-06,-1199.9810954474797,2.4768508017227915e-06
trained_53tet,53tet-Q4,24000,20260826,335.0,440.0,533.9372457960409,440Hz_ongrid,3,439.9916721800232,266.99463452732846,439.99999892179034,533.9372465603486,62.854632895226324,133.5015257524386,3368.86227098299,1199.9454238903838,1,-864.7985612596818,335.00000672053403,-1199.7985612596817,6.720534031501302e-06,-1199.8313284004503,2.478185477339431e-06
trained_53tet,53tet-Q4,24000,20260826,335.0,440.0,533.9372457960409,440Hz_ongrid,4,439.98971996202533,266.9629036886692,439.99999891924244,533.9372465629566,92.59098121328329,133.48554803457202,2698.2314835709076,1199.946873853216,1,-864.9966396940197,335.00000673901496,-1199.9966396940197,6.739014963841328e-06,-1200.0370882387347,2.486641754475016e-06
trained_53tet,53tet-Q4,24000,20260826,335.0,452.8929,549.5826992422312,452.9Hz_+50c,0,452.82132282781856,274.7949863244395,452.8929010481606,549.5826998711156,90.58653751446695,137.39662847226566,2785.887994659996,1200.0108952890369,1,-864.7034548632506,334.9999979743293,-1199.7034548632505,-2.0256707102817018e-06,-1199.977088278187,1.9810411059184883e-06
trained_53tet,53tet-Q4,24000,20260826,335.0,452.8929,549.5826992422312,452.9Hz_+50c,1,452.79926347264995,274.761539832491,452.8929010376819,549.5826998639118,90.57357702618985,91.61647078460653,2786.051365491568,1901.401416910801,1,-864.8298439576445,334.9999979916927,-1199.8298439576445,-2.0083073195564793e-06,-1200.1878171222586,1.958348545139522e-06
trained_53tet,53tet-Q4,24000,20260826,335.0,452.8929,549.5826992422312,452.9Hz_+50c,2,452.9378805095412,274.7497459406193,452.89290105368326,549.5826998635688,90.60501356826953,137.374677551957,2785.9804956505327,1200.0024627148998,1,-865.4340648999076,334.99999792944527,-1200.4340648999078,-2.0705547285615467e-06,-1200.2621303810072,1.9572683497236572e-06
trained_53tet,53tet-Q4,24000,20260826,335.0,452.8929,549.5826992422312,452.9Hz_+50c,3,452.87310869559735,274.84626190705234,452.8929010371959,549.5826998641156,90.58905836950977,137.42425842491406,2786.037795577865,1199.9857963587685,1,-864.5784213194098,334.9999979941927,-1199.5784213194097,-2.005807289151562e-06,-1199.654077459591,1.9589908962213405e-06
trained_53tet,53tet-Q4,24000,20260826,335.0,452.8929,549.5826992422312,452.9Hz_+50c,4,452.87815149892623,274.8492307813479,452.89290104156765,549.5826998707861,90.58853538207197,137.42405130490712,2786.067067760022,1200.0071061977333,1,-864.578998142863,334.99999799849365,-1199.578998142863,-2.001506345550297e-06,-1199.6353768650392,1.9800031957324395e-06
trained_53tet,53tet-Q4,24000,20260826,340.0,440.0,535.4815460150601,440Hz_ongrid,0,439.9988757564846,267.74166495822425,439.9999989133026,535.4815467060027,62.857193418724954,133.87485301318165,3368.820090404532,1199.9480067403192,1,-859.9898091025614,340.00000650959106,-1199.9898091025614,6.509591059966624e-06,-1199.9942325824252,2.233846427560549e-06
trained_53tet,53tet-Q4,24000,20260826,340.0,440.0,535.4815460150601,440Hz_ongrid,1,439.99323212774465,267.7215360766743,439.999998915158,535.4815467156571,62.85702911739674,133.8580283702382,3368.802409903433,1200.0354327507803,1,-860.0977628299751,340.0000065335037,-1200.0977628299752,6.533503722039313e-06,-1200.1243920595207,2.2650594621396243e-06
trained_53tet,53tet-Q4,24000,20260826,340.0,440.0,535.4815460150601,440Hz_ongrid,2,439.98393659434925,267.726962037504,439.9999989084617,535.4815467047048,62.85392197033033,133.86390103025226,3368.8514149692533,1199.9945680699172,1,-860.0261005847691,340.00000652444186,-1200.0261005847692,6.524441857891361e-06,-1200.0893051812468,2.229649810708901e-06
trained_53tet,53tet-Q4,24000,20260826,340.0,440.0,535.4815460150601,440Hz_ongrid,3,440.00702828910187,267.77394323310733,439.9999989114893,535.4815467090609,62.86016584272376,133.8990511332594,3368.770301760377,1199.8438120823732,1,-859.813185300578,340.00000652661276,-1199.813185300578,6.526612764901074e-06,-1199.7855318546196,2.2437334831091375e-06
trained_53tet,53tet-Q4,24000,20260826,340.0,440.0,535.4815460150601,440Hz_ongrid,4,439.98208427148586,267.73956766753673,439.99999891122184,535.4815467082445,62.856227622228616,133.89079452179288,3368.780621312273,1199.7283063937164,1,-859.9373007761825,340.0000065250259,-1199.9373007761824,6.525025924020156e-06,-1200.0077938459308,2.2410941159475334e-06
trained_53tet,53tet-Q4,24000,20260826,340.0,452.8929,551.1722506164637,452.9Hz_+50c,0,452.8820362371207,275.6453379631311,452.8929010480522,551.1722525588685,90.5870506268667,137.821298151378,2786.1102933613242,1200.017219516327,1,-859.5865371721216,340.00000209480373,-1199.5865371721216,2.0948037331436353e-06,-1199.6280656257059,6.10110092912619e-06
trained_53tet,53tet-Q4,24000,20260826,340.0,452.8929,551.1722506164637,452.9Hz_+50c,1,452.87964355735426,275.655732309741,452.89290104202684,551.1722525606058,90.59305389209331,137.82886170089725,2785.986420578178,1199.9874951488227,1,-859.5121085375129,340.0000021232931,-1199.5121085375129,2.1232930862424837e-06,-1199.5627835221826,6.106557645813549e-06
trained_53tet,53tet-Q4,24000,20260826,340.0,452.8929,551.1722506164637,452.9Hz_+50c,2,452.8551013150665,275.5535675997907,452.89290104184215,551.1722525608285,90.58523008582792,91.87904684143412,2786.042119270766,1901.4300127207366,1,-860.0600440897969,340.00000212469837,-1200.060044089797,2.1246983692435606e-06,-1200.2045398442672,6.1072568897483356e-06
trained_53tet,53tet-Q4,24000,20260826,340.0,452.8929,551.1722506164637,452.9Hz_+50c,3,452.88984472716885,275.6212818998951,452.892901036475,551.1722525599996,90.59158156526867,137.8095853330478,2786.0535528064993,1200.0132611451943,1,-859.767480957339,340.0000021426115,-1199.767480957339,2.142611492672586e-06,-1199.7791601207703,6.104653657243457e-06
trained_53tet,53tet-Q4,24000,20260826,340.0,452.8929,551.1722506164637,452.9Hz_+50c,4,452.86678287243467,275.66000692279675,452.89290103933234,551.1722525561794,90.5935458454268,137.82974925026147,2785.9278558195215,1200.0031930593532,1,-859.4360988243831,340.0000021196896,-1199.436098824383,2.1196896113906405e-06,-1199.5359373607464,6.092654262287738e-06
trained_53tet,53tet-Q4,24000,20260826,345.0,440.0,537.0303127948694,440Hz_ongrid,0,439.9805284742279,268.64790512164984,439.9999989070528,537.0303106025141,92.91633037439688,76.69605262448769,2692.1227143682145,2170.1908268586444,1,-854.067707906137,344.99999723280104,-1199.067707906137,-2.767198964193085e-06,-1199.144322711394,-7.06753430326136e-06
trained_53tet,53tet-Q4,24000,20260826,345.0,440.0,537.0303127948694,440Hz_ongrid,1,440.00772195481215,268.6083760547414,439.9999989178837,537.0303106007167,62.85813649003153,92.04185314482532,3368.828922403987,1854.1708289470462,1,-854.4294593253652,344.999997184391,-1199.4294593253653,-2.815608979744866e-06,-1199.3990766122076,-7.0733285330080635e-06
trained_53tet,53tet-Q4,24000,20260826,345.0,440.0,537.0303127948694,440Hz_ongrid,2,440.00446798714114,268.53718870395807,439.9999989073607,537.0303106100473,93.36872021876124,92.81938439385074,2683.8083518364188,1839.1486334225456,1,-854.875533715711,344.9999972558747,-1199.8755337157108,-2.7441253109827812e-06,-1199.857953960719,-7.043249319042559e-06
trained_53tet,53tet-Q4,24000,20260826,345.0,440.0,537.0303127948694,440Hz_ongrid,3,440.00540958194233,268.5380921913452,439.9999989173085,537.0303105986558,62.85691140623468,93.33929853245114,3368.8535657188845,1829.4842629265518,1,-854.8734138059567,344.9999971800106,-1199.8734138059567,-2.8199893904456985e-06,-1199.8521292721396,-7.0799723114670735e-06
trained_53tet,53tet-Q4,24000,20260826,345.0,440.0,537.0303127948694,440Hz_ongrid,4,439.9864648980714,268.5416262875956,439.9999989171971,537.030310604618,62.85565989893296,93.15797384156009,3368.8134947793296,1832.873482814501,1,-854.77608917162,344.9999971996692,-1199.77608917162,-2.8003307761537144e-06,-1199.8293455119228,-7.0607519445712775e-06
trained_53tet,53tet-Q4,24000,20260826,345.0,452.8929,552.7663994308533,452.9Hz_+50c,0,452.82279570345275,276.36695433011766,452.8929010455363,552.76639728961,90.58251038152446,138.1805133141735,2785.9705915660493,1200.0371330545659,1,-854.8337600011589,344.99998929706345,-1199.833760001159,-1.0702936549478181e-05,-1200.1017623025136,-6.706256601795167e-06
trained_53tet,53tet-Q4,24000,20260826,345.0,452.8929,552.7663994308533,452.9Hz_+50c,1,452.8546837304686,276.47387667110513,452.8929010475311,552.7663972899711,90.58760429036172,138.2400152477186,2785.9951484793173,1199.9614661906608,1,-854.286010496598,344.99998929056875,-1199.286010496598,-1.0709431251143542e-05,-1199.4321026491332,-6.705125664097879e-06
trained_53tet,53tet-Q4,24000,20260826,345.0,452.8929,552.7663994308533,452.9Hz_+50c,2,452.88396080399906,276.4792121448999,452.8929010378741,552.766397290983,113.22408325906345,138.2379626294852,2399.9527054631476,1200.0205816654977,1,-854.3645216907192,344.9999893306532,-1199.3645216907194,-1.066934680693521e-05,-1199.3986931101015,-6.701956386108323e-06
trained_53tet,53tet-Q4,24000,20260826,345.0,452.8929,552.7663994308533,452.9Hz_+50c,3,452.89011048734125,276.3513384165648,452.89290104039736,552.7663972851676,90.5918194085246,138.1760316293394,2786.0500234566084,1199.995459150987,1,-855.1889239271401,344.99998930279406,-1200.18892392714,-1.0697205937049148e-05,-1200.1995871858655,-6.720169980114607e-06
trained_53tet,53tet-Q4,24000,20260826,345.0,452.8929,552.7663994308533,452.9Hz_+50c,4,452.85272455710674,276.4378097023672,452.8929010426156,552.7663972875173,90.58692588359378,138.21750569384514,2786.0006238582837,1200.0175249622116,1,-854.5043808602965,344.9999893016735,-1199.5043808602964,-1.0698326491365151e-05,-1199.6579628215734,-6.712810812447373e-06
trained_53tet,53tet-Q4,24000,20260826,350.0,440.0,538.5835590540484,440Hz_ongrid,0,440.0148997865849,269.4451999309969,439.99999891526875,538.5835600313981,62.857921230965765,140.32883964375412,3368.8630923979144,1129.4164216230347,1,-849.0725895098585,350.0000074096214,-1199.0725895098585,7.409621389342647e-06,-1199.0139654618606,3.1416130550097546e-06
trained_53tet,53tet-Q4,24000,20260826,350.0,440.0,538.5835590540484,440Hz_ongrid,1,439.99435088805495,269.29825908602453,439.99999891359096,538.5835600358727,92.78765695140522,140.26869123759005,2694.576230217053,1129.2142513817032,1,-849.9361171786347,350.00000743060633,-1199.9361171786347,7.43060633112691e-06,-1199.9583444461998,3.1559961837116027e-06
trained_53tet,53tet-Q4,24000,20260826,350.0,440.0,538.5835590540484,440Hz_ongrid,2,440.0179380798482,269.37577610718733,439.99999891066716,538.5835600314593,62.86163227162028,116.96746511748972,3368.7728399554153,1444.2153906391025,1,-849.5306616767016,350.0000074279241,-1199.5306616767016,7.427924117564544e-06,-1199.460083536715,3.1418098735337915e-06
trained_53tet,53tet-Q4,24000,20260826,350.0,440.0,538.5835590540484,440Hz_ongrid,3,439.98623945285067,269.4470416552816,439.9999989156393,538.5835600350389,93.59477347683477,134.72352298943105,2679.5502361279414,1199.9999722204052,1,-848.9479886815781,350.00000741986656,-1198.947988681578,7.419866562941024e-06,-1199.0021320913104,3.1533160689663348e-06
trained_53tet,53tet-Q4,24000,20260826,350.0,440.0,538.5835590540484,440Hz_ongrid,4,439.98822571201754,269.37913097817034,439.99999891291776,538.5835600326815,62.85704147142927,117.32363840739548,3368.7823708709147,1438.9732452151911,1,-849.3921944616815,350.0000074229973,-1199.3921944616814,7.422997327921621e-06,-1199.4385224639536,3.145738555790936e-06
trained_53tet,53tet-Q4,24000,20260826,350.0,452.8929,554.3651589825209,452.9Hz_+50c,0,452.8357231015125,277.2077189867806,452.892901037194,554.3651580814002,90.58212686471218,92.38459484729674,2786.027344822332,1902.2918682240045,1,-849.6244112921994,349.9999932210877,-1199.6244112921995,-6.7789122795147705e-06,-1199.8429902154849,-2.814121450974427e-06
trained_53tet,53tet-Q4,24000,20260826,350.0,452.8929,554.3651589825209,452.9Hz_+50c,1,452.88624766514323,277.21494566194616,452.8929010475915,554.3651580694549,90.59120013744909,110.86893558294203,2786.0470917077278,1586.579817290719,1,-849.7724288594491,349.99999314403794,-1199.772428859449,-6.855962055851705e-06,-1199.7978583444174,-2.8514256730150422e-06
trained_53tet,53tet-Q4,24000,20260826,350.0,452.8929,554.3651589825209,452.9Hz_+50c,2,452.88897000546007,277.1825036081724,452.8929010387165,554.3651580860459,90.59042355400379,138.58923650407897,2786.072339165057,1200.0251746146562,1,-849.985451041265,349.9999932297762,-1199.9854510412652,-6.770223819785315e-06,-1200.0004739525984,-2.7996133885892475e-06
trained_53tet,53tet-Q4,24000,20260826,350.0,452.8929,554.3651589825209,452.9Hz_+50c,3,452.8116348511665,277.122172468673,452.8929010373173,554.3651580792585,90.58125896394608,92.39576719132718,2785.9518383716168,1901.5481749657974,1,-850.0666598002898,349.9999932139284,-1200.06665980029,-6.7860715944334515e-06,-1200.3773328456969,-2.8208096289085063e-06
trained_53tet,53tet-Q4,24000,20260826,350.0,452.8929,554.3651589825209,452.9Hz_+50c,4,452.8657380268221,277.1458859933787,452.89290103971024,554.3651580867838,90.59783346818826,138.57145964806094,2785.8419274202015,1200.018532026104,1,-850.1253635478733,349.9999932282819,-1200.1253635478733,-6.771718119580328e-06,-1200.2291963590558,-2.797308843558678e-06
trained_53tet,53tet-Q4,24000,20260826,355.0,440.0,540.1412977485409,440Hz_ongrid,0,440.0047040797393,270.0935282195801,439.99999891938995,540.1412957304767,93.51734011086246,135.05125584590778,2681.055775536909,1199.942419078019,1,-844.8718514111503,354.99999778359415,-1199.8718514111501,-2.2164058464113623e-06,-1199.8533427305113,-6.468199021672244e-06
trained_53tet,53tet-Q4,24000,20260826,355.0,440.0,540.1412977485409,440Hz_ongrid,1,440.0046267984589,270.1649401030121,439.9999989164338,540.1412957313772,62.86024906410229,135.08658278276707,3368.7585609241805,1199.9472915175177,1,-844.4138749790111,354.99999779811174,-1199.413874979011,-2.2018882646079874e-06,-1199.3956703678386,-6.465312670312995e-06
trained_53tet,53tet-Q4,24000,20260826,355.0,440.0,540.1412977485409,440Hz_ongrid,2,440.0110918548439,270.11404502169063,439.9999989137307,540.1412957326362,62.857026094073156,135.0514515675242,3368.8727641179166,1200.0714128410611,1,-844.7654817118139,354.99999781278274,-1199.765481711814,-2.187217262417107e-06,-1199.7218399964947,-6.461277506136664e-06
trained_53tet,53tet-Q4,24000,20260826,355.0,440.0,540.1412977485409,440Hz_ongrid,3,439.9922077439676,270.18265476900064,439.99999891103886,540.1412957328427,93.4477339624447,135.0742690859409,2682.2956663601776,1200.2186207845139,1,-844.2514975275278,354.99999782403546,-1199.2514975275278,-2.1759645392194216e-06,-1199.2821573875674,-6.460615742287037e-06
trained_53tet,53tet-Q4,24000,20260826,355.0,440.0,540.1412977485409,440Hz_ongrid,4,439.9995250693069,270.0991121104009,439.99999891714515,540.1412957295819,93.19154944281142,135.04420788383698,2687.0771080457907,1200.0685609044122,1,-844.815683039614,354.9999977895582,-1199.815683039614,-2.2104417780610675e-06,-1199.8175517137745,-6.471067113500358e-06
trained_53tet,53tet-Q4,24000,20260826,355.0,452.8929,555.9685426070457,452.9Hz_+50c,0,452.84865056891505,277.9927678951528,452.8929010505329,555.9685436988325,90.58222016167554,92.67174266837816,2786.074983934659,1901.8151334265954,1,-844.777928934123,354.99999938394166,-1199.7779289341229,-6.160583438941103e-07,-1199.9470856251435,3.39972171311753e-06
trained_53tet,53tet-Q4,24000,20260826,355.0,452.8929,555.9685426070457,452.9Hz_+50c,1,452.8682403748773,277.9442265616323,452.89290105081375,555.9685437055865,90.59584440193173,138.96304293725734,2785.889502959811,1200.1129967710813,1,-845.1551423703717,354.99999940389944,-1200.1551423703718,-5.961005626886617e-07,-1200.2494091273718,3.4207532331701283e-06
trained_53tet,53tet-Q4,24000,20260826,355.0,452.8929,555.9685426070457,452.9Hz_+50c,2,452.92619135581054,277.95319179561534,452.89290104693083,555.9685437002494,90.59983793930485,138.97310949583343,2786.0347124903606,1200.0434307192254,1,-845.3208234581873,354.99999940212297,-1200.3208234581873,-5.978770332148997e-07,-1200.1935681832767,3.404133984638155e-06
trained_53tet,53tet-Q4,24000,20260826,355.0,452.8929,555.9685426070457,452.9Hz_+50c,3,452.924554538875,277.98734265025627,452.8929010471425,555.9685437006383,90.59986650445418,138.99220520938727,2786.027910182829,1200.01826128379,1,-845.1018711393294,354.99999940252474,-1200.1018711393294,-5.974752639303915e-07,-1199.980872332659,3.4053448798542155e-06
trained_53tet,53tet-Q4,24000,20260826,355.0,452.8929,555.9685426070457,452.9Hz_+50c,4,452.85603321656697,278.05385764412995,452.8929010371614,555.9685436999011,90.586875212275,139.0233419774637,2786.0142410521808,1200.044665790002,1,-844.4257503558928,354.99999943838327,-1199.425750355893,-5.61616730010428e-07,-1199.5666835183915,3.403049560700215e-06
trained_53tet,53tet-Q4,24000,20260826,360.0,440.0,541.7035418717632,440Hz_ongrid,0,439.988991558674,270.91731038378646,439.99999891943116,541.703542809212,92.40243624375923,135.45891037279355,2701.75756019832,1199.9967386547091,1,-839.5378201306464,360.0000072476298,-1199.5378201306464,7.24762981008098e-06,-1199.5811347371573,2.9959992533440016e-06
trained_53tet,53tet-Q4,24000,20260826,360.0,440.0,541.7035418717632,440Hz_ongrid,1,439.99858824258064,270.7740421472816,439.9999989088855,541.7035428069181,62.855962663310244,135.37742385477208,3368.8528573556455,1200.1227268380323,1,-840.4913444940348,360.00000728179214,-1200.4913444940348,7.281792136382137e-06,-1200.496899235931,2.9886681477341625e-06
trained_53tet,53tet-Q4,24000,20260826,360.0,440.0,541.7035418717632,440Hz_ongrid,2,439.98496674001933,270.94781705320236,439.9999989062418,541.7035428165452,93.56987989537085,135.4579915492744,2680.0057492060546,1200.203416527403,1,-839.327048719517,360.0000073229615,-1199.327048719517,7.322961494082847e-06,-1199.3861999380792,3.019435649742255e-06
trained_53tet,53tet-Q4,24000,20260826,360.0,440.0,541.7035418717632,440Hz_ongrid,3,439.99070369900744,270.99212081780894,439.9999989229992,541.7035428151395,62.854408270026525,135.49238977361694,3368.864647265345,1200.0469003663263,1,-839.066564229745,360.0000072525348,-1199.066564229745,7.25253477185106e-06,-1199.1031420543552,3.0149430362840745e-06
trained_53tet,53tet-Q4,24000,20260826,360.0,440.0,541.7035418717632,440Hz_ongrid,4,439.9991140913906,271.02408604410846,439.9999989150229,541.7035428183451,93.23039120980341,135.51409065510865,2686.3540717264746,1199.9738406624056,1,-838.8954584249441,360.00000729416337,-1198.895458424944,7.294163367532747e-06,-1198.8989441447006,3.025187594225403e-06
trained_53tet,53tet-Q4,24000,20260826,360.0,452.8929,557.5765636785778,452.9Hz_+50c,0,452.8957366394106,278.7244195418119,452.89290104855985,557.5765656647931,90.59593068529551,92.94429384232104,2785.9929642317893,1901.2814446811824,1,-840.4074642020579,360.0000021588136,-1200.4074642020578,2.158813572350482e-06,-1200.3966208628196,6.1670516642453945e-06
trained_53tet,53tet-Q4,24000,20260826,360.0,452.8929,557.5765636785778,452.9Hz_+50c,1,452.8524018221247,278.7964500871204,452.89290104945997,557.576565664417,90.58299598283668,139.38796035602954,2786.074497204896,1200.1274853453635,1,-839.794461368668,360.0000021542052,-1199.794461368668,2.1542052195400174e-06,-1199.9492771306016,6.1658838230833235e-06
trained_53tet,53tet-Q4,24000,20260826,360.0,452.8929,557.5765636785778,452.9Hz_+50c,2,452.87858763988123,278.85521219378626,452.89290103962327,557.5765656653408,90.58242623176663,139.4196964060755,2786.185490687104,1200.098215230643,1,-839.5297107974541,360.0000021946754,-1199.529710797454,2.1946754031887394e-06,-1199.5844222682838,6.168752299301681e-06
trained_53tet,53tet-Q4,24000,20260826,360.0,452.8929,557.5765636785778,452.9Hz_+50c,3,452.8324467834407,278.87394709490076,452.8929010429904,557.5765656655892,90.58266810240613,92.96143971954636,2786.0044748275077,1901.890612864379,1,-839.2370084865477,360.0000021825756,-1199.2370084865477,2.18257559936319e-06,-1199.4681131308203,6.169523428126932e-06
trained_53tet,53tet-Q4,24000,20260826,360.0,452.8929,557.5765636785778,452.9Hz_+50c,4,452.84642142016634,278.83770332102756,452.8929010443585,557.5765656671782,90.59486420769511,139.41007082645152,2785.8248220451355,1200.1090394696307,1,-839.5154483814964,360.00000218227956,-1199.5154483814963,2.182279558837763e-06,-1199.6931270979394,6.174457345610518e-06
trained_53tet,53tet-Q4,24000,20260826,365.0,440.0,543.270304454712,440Hz_ongrid,0,439.98352617224276,271.79417624170037,439.9999989121647,543.2703028752481,62.85364178708558,135.79633929621792,3368.8575173737527,1201.2839456976167,1,-833.9219565716909,364.9999992469599,-1198.9219565716908,-7.530401262556552e-07,-1198.9867760840723,-5.03326165868047e-06
trained_53tet,53tet-Q4,24000,20260826,365.0,440.0,543.270304454712,440Hz_ongrid,1,440.008793897131,271.80447888824534,439.9999989190646,543.2703028747803,62.85881865894387,77.56475382492326,3368.814351870833,2170.9153172322212,1,-833.9557533875858,364.99999921832045,-1198.955753387586,-7.816795459802961e-07,-1198.921153064854,-5.0347524052426196e-06
trained_53tet,53tet-Q4,24000,20260826,365.0,440.0,543.270304454712,440Hz_ongrid,2,440.01776434330213,271.73628927484685,439.99999891496327,543.2703028832278,62.86283237538093,135.7877762493936,3368.7391053818055,1201.0243582649032,1,-834.4254297115739,364.99999926137735,-1199.425429711574,-7.386226457128942e-07,-1199.3555351316363,-5.007832859019444e-06
trained_53tet,53tet-Q4,24000,20260826,365.0,440.0,543.270304454712,440Hz_ongrid,3,439.97956581617535,271.7057453211508,439.99999891305936,543.2703028715258,62.851546828546326,77.55006989475436,3368.8996384904285,2170.6141026745527,1,-834.469739166311,364.9999992315778,-1199.469739166311,-7.684221827730653e-07,-1199.550141839697,-5.045123626715974e-06
trained_53tet,53tet-Q4,24000,20260826,365.0,440.0,543.270304454712,440Hz_ongrid,4,439.9846941115805,271.7177055578361,439.99999891764924,543.2703028802254,62.8553614702117,135.8605060471691,3368.8147468186758,1199.9789327171911,1,-834.4137122428252,364.9999992412412,-1199.413712242825,-7.587588015667279e-07,-1199.4739361884529,-5.017400853328742e-06
trained_53tet,53tet-Q4,24000,20260826,365.0,452.8929,559.1892356099488,452.9Hz_+50c,0,452.87102509400677,279.66252419922586,452.8929010413874,559.189232961129,90.59163828458742,93.23757262942513,2785.980526737967,1901.644307730526,1,-834.4959571948792,364.99998781850877,-1199.4959571948793,-1.2181491229057428e-05,-1199.5795785028909,-8.2006710253227e-06
trained_53tet,53tet-Q4,24000,20260826,365.0,452.8929,559.1892356099488,452.9Hz_+50c,1,452.91258255813113,279.5733237248744,452.89290104458087,559.1892329674912,90.59614599776444,139.783721237064,2786.0532435623004,1200.0364195285308,1,-835.2070939173516,364.9999878259983,-1200.2070939173516,-1.2174001710718585e-05,-1200.1318567599908,-8.180973988548444e-06
trained_53tet,53tet-Q4,24000,20260826,365.0,452.8929,559.1892356099488,452.9Hz_+50c,2,452.87582309829827,279.5787146051325,452.8929010488754,559.1892329734636,90.58517614109832,93.18194837971278,2786.122366390631,1902.1585502812648,1,-835.0331949057543,364.99998782807245,-1200.0331949057543,-1.2171927551207773e-05,-1200.098474513955,-8.162483618475555e-06
trained_53tet,53tet-Q4,24000,20260826,365.0,452.8929,559.1892356099488,452.9Hz_+50c,3,452.8222770219468,279.59055953545743,452.89290104392154,559.1892329744312,90.58522167765923,93.2260525517024,2785.916790391455,1901.4126753465425,1,-834.7551434296886,364.99998785000463,-1199.7551434296886,-1.2149995370691613e-05,-1200.025128757531,-8.159487902132125e-06
trained_53tet,53tet-Q4,24000,20260826,365.0,452.8929,559.1892356099488,452.9Hz_+50c,4,452.87479175227804,279.65265901586423,452.8929010443523,559.1892329706175,90.5946933439835,93.21274135872288,2785.9365437089155,1902.0443649507258,1,-834.5714272072607,364.9999878365508,-1199.5714272072607,-1.2163449184754427e-05,-1199.6406494047733,-8.171295091595577e-06
trained_53tet,53tet-Q4,24000,20260826,370.0,440.0,544.8415985660738,440Hz_ongrid,0,440.0003595166963,272.3827872269634,439.9999989211902,544.8415978144944,62.860100265394024,136.1893209119054,3368.7458689449427,1200.0263479119562,1,-830.242998015167,370.00000185656654,-1200.242998015167,1.8565665413916577e-06,-1200.241583453141,-2.3881433123169445e-06
trained_53tet,53tet-Q4,24000,20260826,370.0,440.0,544.8415985660738,440Hz_ongrid,1,439.9811183799391,272.42040233504235,439.9999989099133,544.8415978124289,62.85692926969948,136.21182739531065,3368.7574955337395,1199.9793307396208,1,-829.9282289585437,370.00000189437355,-1199.9282289585437,1.894373554023332e-06,-1200.0025226061532,-2.394706556615557e-06
trained_53tet,53tet-Q4,24000,20260826,370.0,440.0,544.8415985660738,440Hz_ongrid,2,440.01524032985856,272.5514919224188,439.999998911229,544.8415978130743,93.41506960038159,136.27881072582758,2682.991543347315,1199.961065961075,1,-829.2296114137206,370.0000018912474,-1199.2296114137207,1.891247393359663e-06,-1199.1696475022707,-2.3926559151705694e-06
trained_53tet,53tet-Q4,24000,20260826,370.0,440.0,544.8415985660738,440Hz_ongrid,3,439.9813856586288,272.48420503775907,439.99999890847477,544.841597811203,62.8562486191455,136.24003415403513,3368.777294107095,1200.0262829973983,1,-829.5238613822661,370.0000018961384,-1199.5238613822662,1.8961383716487035e-06,-1199.597103344228,-2.3986017951125284e-06
trained_53tet,53tet-Q4,24000,20260826,370.0,440.0,544.8415985660738,440Hz_ongrid,4,440.00483088096667,272.56356393357936,439.9999989146057,544.8415978146791,62.858459811444696,136.27610799521415,3368.80864241002,1200.072079900441,1,-829.1119759527904,370.0000018830608,-1199.1119759527905,1.8830608041753294e-06,-1199.0929683625525,-2.387556508649167e-06
trained_53tet,53tet-Q4,24000,20260826,370.0,452.8929,560.8065718527841,452.9Hz_+50c,0,452.8099356408901,280.39552026044623,452.89290104455006,560.806570423055,90.58116832186577,93.47261663548379,2785.947074168672,1901.817137378015,1,-829.7307769089191,369.9999915934544,-1199.730776908919,-8.406545589423331e-06,-1200.0479465546348,-4.413635617994466e-06
trained_53tet,53tet-Q4,24000,20260826,370.0,452.8929,560.8065718527841,452.9Hz_+50c,1,452.8166865132752,280.46909842669635,452.89290104262034,560.8065704287095,90.58450468509216,93.5030360841782,2785.9091195514893,1901.708052331269,1,-829.3023564882171,369.9999916182869,-1199.3023564882171,-8.381713087146636e-06,-1199.5937156291434,-4.396179698451054e-06
trained_53tet,53tet-Q4,24000,20260826,370.0,452.8929,560.8065718527841,452.9Hz_+50c,2,452.8391607411366,280.578640016796,452.8929010455671,560.8065704255123,75.48774142709328,93.50035027221507,3101.6213259114434,1902.4338100904997,1,-828.7122505705382,369.99999159715276,-1198.7122505705383,-8.402847242905409e-06,-1198.917687120392,-4.406049647739989e-06
trained_53tet,53tet-Q4,24000,20260826,370.0,452.8929,560.8065718527841,452.9Hz_+50c,3,452.8500232884146,280.42438065588465,452.89290105158017,560.8065704311315,90.59381710350611,93.47569558728759,2785.858601835984,1901.9382944713352,1,-829.7058554096271,369.9999915915139,-1199.705855409627,-8.408486110056401e-06,-1199.8697642211798,-4.38870309317777e-06
trained_53tet,53tet-Q4,24000,20260826,370.0,452.8929,560.8065718527841,452.9Hz_+50c,4,452.8057455259427,280.4386541898205,452.89290104839375,560.8065704228223,90.58256841221569,93.47252392240043,2785.904294931472,1902.0851540354984,1,-829.4484572243192,369.99999157804353,-1199.448457224319,-8.421956465554103e-06,-1199.7816470645112,-4.414353698081392e-06
trained_53tet,53tet-Q4,24000,20260826,375.0,440.0,546.4174373123329,440Hz_ongrid,0,440.0023841210682,273.2680128576375,439.9999989146315,546.4174394834187,62.85649820423359,136.63195141723918,3368.8530424143833,1200.026038413609,1,-824.6336934491115,375.0000111492448,-1199.6336934491114,1.1149244812713732e-05,-1199.6243128573203,6.8787289940374065e-06
trained_53tet,53tet-Q4,24000,20260826,375.0,440.0,546.4174373123329,440Hz_ongrid,1,439.97447774869056,273.22032407303044,439.99999891429684,546.4174394850116,62.85289865290759,78.04956295941399,3368.8423824707293,2169.122815943207,1,-824.8260384958376,375.00001115560843,-1199.8260384958376,1.11556084334552e-05,-1199.926461841299,6.883776312816755e-06
trained_53tet,53tet-Q4,24000,20260826,375.0,440.0,546.4174373123329,440Hz_ongrid,2,439.98203134913695,273.2849469552809,439.99999891535504,546.4174394853171,62.8534361323415,78.0577266031135,3368.8573001201576,2169.351174085392,1,-824.4463323338754,375.00001115241264,-1199.4463323338755,1.1152412639603426e-05,-1199.5170336415974,6.88474387575412e-06
trained_53tet,53tet-Q4,24000,20260826,375.0,440.0,546.4174373123329,440Hz_ongrid,3,439.98265804890787,273.28481831419515,439.99999891127413,546.4174394779174,62.85483296309733,136.64025024160148,3368.8212921896397,1200.0273532760855,1,-824.449613189243,375.00001114502476,-1199.4496131892429,1.1145024757297506e-05,-1199.5178485707866,6.8612990223622556e-06
trained_53tet,53tet-Q4,24000,20260826,375.0,440.0,546.4174373123329,440Hz_ongrid,4,439.996731970921,273.23230402686386,439.9999989086268,546.4174394848131,62.85758028136607,78.06119449502887,3368.801000306068,2168.940741736605,1,-824.837695181859,375.00001117728897,-1199.837695181859,1.1177288968156063e-05,-1199.8505536914631,6.883147416128026e-06
trained_53tet,53tet-Q4,24000,20260826,375.0,452.8929,562.4285858976152,452.9Hz_+50c,0,452.83650107477575,281.1833467929489,452.89290105082137,562.4285848942066,90.58518168175287,93.7236396691267,2785.9719354476265,1902.0315199098518,1,-824.9749190369937,374.9999928944845,-1199.9749190369937,-7.105515521743655e-06,-1200.1905236970376,-3.08863255069676e-06
trained_53tet,53tet-Q4,24000,20260826,375.0,452.8929,562.4285858976152,452.9Hz_+50c,1,452.86438702263854,187.48784568680912,452.89290104054413,562.4285848984089,142.207247633528,93.73974814142699,2005.3009163941447,1200.0770988339573,1,-1526.73842213414,374.99999294670573,-1901.73842213414,-7.053294268644095e-06,-1901.8474196282193,-3.075697306656917e-06
trained_53tet,53tet-Q4,24000,20260826,375.0,452.8929,562.4285858976152,452.9Hz_+50c,2,452.85229787881497,281.22001660567526,452.8929010343792,562.4285848941352,90.58765951067541,93.74355563698076,2785.9849721755113,1901.8894371754366,1,-824.8095507893029,374.99999295711694,-1199.8095507893029,-7.0428830554192245e-06,-1199.9647639218076,-3.0888524338923745e-06
trained_53tet,53tet-Q4,24000,20260826,375.0,452.8929,562.4285858976152,452.9Hz_+50c,3,452.8718508885926,281.26164520431865,452.8929010390319,562.4285848984314,90.58049262022519,93.76423156500321,2786.1966937553952,1901.7638942229444,1,-824.6280463107379,374.9999929525558,-1199.6280463107378,-7.047444228192035e-06,-1199.7085107764656,-3.075627920438721e-06
trained_53tet,53tet-Q4,24000,20260826,375.0,452.8929,562.4285858976152,452.9Hz_+50c,4,452.871079052145,281.18567704058967,452.89290104962583,562.4285848972253,144.99354829152503,93.71458555132777,1971.7340437830435,1902.2131200262522,1,-825.0927614826862,374.9999929083469,-1200.0927614826862,-7.09165311718607e-06,-1200.176176519695,-3.079340563626182e-06
trained_53tet,53tet-Q4,24000,20260826,380.0,440.0,547.9978338378821,440Hz_ongrid,0,439.96530497025446,274.05226896116045,439.99999891662065,547.9978319802691,62.85090623277674,137.0249467945468,3368.861169105005,1200.015005687926,1,-819.526416170476,379.99999839412044,-1199.5264161704758,-1.6058795608842047e-06,-1199.662933409328,-5.868568704708611e-06
trained_53tet,53tet-Q4,24000,20260826,380.0,440.0,547.9978338378821,440Hz_ongrid,1,439.98623703531246,274.02963405553805,439.99999890673047,547.9978319809744,62.85360628987178,137.01189550577158,3368.869161695775,1200.036914929282,1,-819.7517748795224,379.9999984352629,-1199.7517748795224,-1.564737090120616e-06,-1199.805927801653,-5.866340465293535e-06
trained_53tet,53tet-Q4,24000,20260826,380.0,440.0,547.9978338378821,440Hz_ongrid,2,439.99611912823104,274.0589676176454,439.9999989111755,547.9978319808305,93.02018049568329,137.02759604283702,2690.250185418443,1200.0238502486627,1,-819.6053475583342,379.99999841731875,-1199.6053475583342,-1.5826812500563392e-06,-1199.6206173923722,-5.866795223721557e-06
trained_53tet,53tet-Q4,24000,20260826,380.0,440.0,547.9978338378821,440Hz_ongrid,3,439.9991488299842,274.05258037765657,439.99999891217084,547.9978319763425,62.85717775583429,137.0253826883524,3368.82159624085,1200.011465689714,1,-819.6576171040971,379.999998399224,-1199.657617104097,-1.6007759882086248e-06,-1199.6609661403202,-5.880973653544077e-06
trained_53tet,53tet-Q4,24000,20260826,380.0,440.0,547.9978338378821,440Hz_ongrid,4,439.9960106310357,273.9323543782265,439.9999989150183,547.9978319795082,62.85423679395779,136.9654355844015,3368.8902514240694,1200.0093738091412,1,-820.4049229445819,379.9999983980215,-1200.4049229445818,-1.6019785107346252e-06,-1200.420619677981,-5.870972620033754e-06
trained_53tet,53tet-Q4,24000,20260826,380.0,452.8929,564.0552912739921,452.9Hz_+50c,0,452.84317968435613,282.0693472816328,452.89290103853784,564.055291490187,90.59200127322366,94.02841484430101,2785.8671393030704,1901.85743235104,1,-819.5539603594298,379.9999966936311,-1199.5539603594298,-3.3063689102164062e-06,-1199.7440322918399,6.635586628324765e-07
trained_53tet,53tet-Q4,24000,20260826,380.0,452.8929,564.0552912739921,452.9Hz_+50c,1,452.8545117703454,281.96517084938205,452.8929010447675,564.0552914872908,90.5913212554732,93.98038116612928,2785.92345703534,1902.102532351086,1,-820.2367960491773,379.99999666092845,-1200.2367960491774,-3.3390715543646365e-06,-1200.3835455942215,6.546699231101352e-07
trained_53tet,53tet-Q4,24000,20260826,380.0,452.8929,564.0552912739921,452.9Hz_+50c,2,452.87685827238556,281.8928587649742,452.89290104040094,564.0552914890999,90.58802812977719,93.94540244168046,2786.071818194491,1902.3029584498731,1,-820.7662681078398,379.9999966831727,-1200.7662681078398,-3.316827303478931e-06,-1200.8275905019716,6.60222358198559e-07
trained_53tet,53tet-Q4,24000,20260826,380.0,452.8929,564.0552912739921,452.9Hz_+50c,3,452.8382558837351,282.128892651828,452.89290104841365,564.0552914902245,90.58938112151888,94.05477735237268,2785.8983877803153,1901.7375468804346,1,-819.1697082120612,379.9999966559949,-1199.1697082120613,-3.344005108374404e-06,-1199.3786040950374,6.636739861865698e-07
trained_53tet,53tet-Q4,24000,20260826,380.0,452.8929,564.0552912739921,452.9Hz_+50c,4,452.89650540007614,282.0117555256446,452.8929010478649,564.055291489204,90.59922617250085,93.99530519692013,2785.9329292409166,1902.113636184005,1,-820.1113266028624,379.9999966549606,-1200.1113266028624,-3.345039374380576e-06,-1200.0975446104144,6.605418038893975e-07
trained_53tet,53tet-Q4,24000,20260826,385.0,440.0,549.5828013251308,440Hz_ongrid,0,440.00068481098225,274.7959125101445,439.999998913714,549.5828019428335,93.5801132945582,137.3973595068685,2679.878266444762,1200.0075191296926,1,-814.9742692726317,385.0000062199432,-1199.9742692726318,6.219943202268041e-06,-1199.9715748017975,1.945817509493089e-06
trained_53tet,53tet-Q4,24000,20260826,385.0,440.0,549.5828013251308,440Hz_ongrid,1,439.98953335291077,274.7975417924923,439.9999989087299,549.5828019471064,62.854467323748366,137.39724538385826,3368.8584157425885,1200.019221668669,1,-814.9201274375292,385.00000625301413,-1199.9201274375291,6.253014134927071e-06,-1199.961310236039,1.9592776669616375e-06
trained_53tet,53tet-Q4,24000,20260826,385.0,440.0,549.5828013251308,440Hz_ongrid,2,439.97528418951003,274.797036217788,439.9999989155823,549.5828019415612,92.7561770621579,137.39488340050667,2695.0886594519616,1200.045798267967,1,-814.8672452533101,385.00000620858464,-1199.86724525331,6.208584636624437e-06,-1199.96449537715,1.941809638530136e-06
trained_53tet,53tet-Q4,24000,20260826,385.0,440.0,549.5828013251308,440Hz_ongrid,3,439.98668905046645,274.7761903935771,439.99999891501017,549.5828019423539,62.85430297920417,137.3863807821674,3368.8517508180094,1200.0216035565588,1,-815.0434556579288,385.0000062133325,-1200.043455657929,6.213332483184786e-06,-1200.095830016192,1.9443067735555868e-06
trained_53tet,53tet-Q4,24000,20260826,385.0,440.0,549.5828013251308,440Hz_ongrid,4,440.0180308741056,274.84187229816143,439.99999891423687,549.582801945369,93.20599730246767,91.61939487263136,2686.8815406010785,1901.8522523100858,1,-814.7529922721621,385.00000622587316,-1199.7529922721621,6.2258731645670196e-06,-1199.6820490366938,1.953804804991645e-06
trained_53tet,53tet-Q4,24000,20260826,385.0,452.8929,565.6867015505962,452.9Hz_+50c,0,452.8524975823445,282.93038015996353,452.892901048012,565.6867026068081,90.58408979463753,94.2940345021657,2786.053958344034,1902.2504280214562,1,-814.3129408136017,384.99999922629917,-1199.3129408136017,-7.737008331787365e-07,-1199.4673904886272,3.232442881794654e-06
trained_53tet,53tet-Q4,24000,20260826,385.0,452.8929,565.6867015505962,452.9Hz_+50c,1,452.80845295652074,282.86162010410385,452.89290104650627,565.6867026079176,90.57606310494506,94.22979757085179,2786.038981684157,1903.0094271749183,1,-814.5653418645535,384.99999923545045,-1199.5653418645534,-7.645495543329162e-07,-1199.8881802857632,3.2358383857452944e-06
trained_53tet,53tet-Q4,24000,20260826,385.0,452.8929,565.6867015505962,452.9Hz_+50c,2,452.87215779101217,282.7771930911645,452.8929010399957,565.6867026009321,140.4771337787346,94.25627350626529,2026.5222385292195,1902.0062606462545,1,-815.3256955887642,384.9999992389593,-1200.3256955887641,-7.610407237734762e-07,-1200.404986831344,3.214459742395141e-06
trained_53tet,53tet-Q4,24000,20260826,385.0,452.8929,565.6867015505962,452.9Hz_+50c,3,452.8650859629182,282.76846003437834,452.8929010453268,565.6867026069506,90.58950481340906,94.24819113898407,2785.9985942658823,1902.1012515191605,1,-815.3521281063573,384.99999923699943,-1200.3521281063572,-7.630005711689591e-07,-1200.4584536564478,3.2328788040724787e-06
trained_53tet,53tet-Q4,24000,20260826,385.0,452.8929,565.6867015505962,452.9Hz_+50c,4,452.8513787506916,282.67142911888703,452.8929010471694,565.686702603609,90.5926932533235,94.19327240869927,2785.885260464884,1902.5161730185155,1,-815.8938950259424,384.9999992197294,-1200.8938950259424,-7.802706250004121e-07,-1201.0526219476558,3.222652313457827e-06
trained_53tet,53tet-Q4,24000,20260826,390.0,440.0,551.1723529946163,440Hz_ongrid,0,439.99470579502304,275.57867682915327,439.9999989162896,551.1723549396044,62.857612468011446,91.87944638358347,3368.7921415007618,1901.5802321626647,1,-810.026282777223,390.0000103732053,-1200.026282777223,1.0373205327596224e-05,-1200.04711360236,6.109213542649963e-06
trained_53tet,53tet-Q4,24000,20260826,390.0,440.0,551.1723529946163,440Hz_ongrid,1,439.9727330999243,275.7237799586974,439.9999989123485,551.1723549421671,62.85311257595824,137.86540136245952,3368.829625190558,1199.9559055183001,1,-809.0285016576411,390.00001039676164,-1199.028501657641,1.0396761638276075e-05,-1199.1357899497964,6.1172631127403245e-06
trained_53tet,53tet-Q4,24000,20260826,390.0,440.0,551.1723529946163,440Hz_ongrid,2,440.0081230545126,275.56905792614793,439.9999989065521,551.1723549404193,62.858990301306356,137.7799355936679,3368.8069851056557,1200.0577156966106,1,-810.1395031698199,390.0000104140783,-1200.1395031698198,1.0414078303710994e-05,-1200.1075423090354,6.111772952280418e-06
trained_53tet,53tet-Q4,24000,20260826,390.0,440.0,551.1723529946163,440Hz_ongrid,3,439.9979466950439,275.64977563361833,439.9999989102731,551.1723549390574,62.856263443330654,137.8221714538758,3368.842048770827,1200.0341208791597,1,-809.592436930878,390.00001039515973,-1199.592436930878,1.0395159733889159e-05,-1199.600515930304,6.107495609090559e-06
trained_53tet,53tet-Q4,24000,20260826,390.0,440.0,551.1723529946163,440Hz_ongrid,4,440.0138943711136,275.48050306219636,439.9999989157428,551.1723549398137,62.8594473904121,91.86283033092083,3368.817103594761,1901.2764927776734,1,-810.7186367209042,390.00001037601413,-1200.7186367209042,1.0376014131452393e-05,-1200.6639684741456,6.109870885766225e-06
trained_53tet,53tet-Q4,24000,20260826,390.0,452.8929,567.3228303353533,452.9Hz_+50c,0,452.8719627686776,283.5759453202128,452.8929010420914,567.3228314330823,90.58964283159739,94.52272969811968,2786.0222454141744,1902.0023533512065,1,-810.4416789033471,389.99999936630223,-1200.441678903347,-6.336977662613208e-07,-1200.5217156750412,3.3498139940671636e-06
trained_53tet,53tet-Q4,24000,20260826,390.0,452.8929,567.3228303353533,452.9Hz_+50c,1,452.8718727728545,283.5607141349049,452.892901049734,567.3228314254785,90.58722300655191,141.78118826336873,2786.0681466156598,1199.9898505654564,1,-810.5343239077697,389.9999993138838,-1200.5343239077697,-6.861162091809092e-07,-1200.6147047145587,3.3266101664371125e-06
trained_53tet,53tet-Q4,24000,20260826,390.0,452.8929,567.3228303353533,452.9Hz_+50c,2,452.862813034995,283.64472010765115,452.8929010350727,567.3228314323503,90.59692686180554,94.52209134824164,2785.8480700317677,1902.4338649826882,1,-809.9868811722862,389.9999993908983,-1199.9868811722863,-6.09101675763668e-07,-1200.101895800445,3.347580180701844e-06
trained_53tet,53tet-Q4,24000,20260826,390.0,452.8929,567.3228303353533,452.9Hz_+50c,3,452.8221337585524,283.67622382741996,452.89290104547,567.3228314345164,90.58533060643364,94.52161421964362,2785.9141608569603,1902.6348771479202,1,-809.6390895264549,389.99999935776316,-1199.6390895264549,-6.422368414860102e-07,-1199.909622580233,3.3541901309370217e-06
trained_53tet,53tet-Q4,24000,20260826,390.0,452.8929,567.3228303353533,452.9Hz_+50c,4,452.876906082566,283.6901196423299,452.8929010408556,567.3228314294537,90.59914865301972,141.84628505890424,2785.8594889182623,1199.985045907598,1,-809.7636809256128,389.99999935995334,-1199.7636809256128,-6.400466645573033e-07,-1199.824820553489,3.338740645624287e-06
trained_53tet,53tet-Q4,24000,20260826,395.0,440.0,552.7665021051131,440Hz_ongrid,0,439.9980117029728,276.38135291177343,439.99999891135275,552.7664999615195,62.85805920505312,138.1887490200311,3368.7928450526074,1200.0241468233385,1,-805.004066567726,394.9999975697999,-1200.004066567726,-2.430200083836098e-06,-1200.0118897842956,-6.713616538284737e-06
trained_53tet,53tet-Q4,24000,20260826,395.0,440.0,552.7665021051131,440Hz_ongrid,1,439.9785184396474,276.4121184968511,439.9999989106747,552.7664999658513,93.40490963679491,138.2042045982338,2683.035357395943,1200.0232323757914,1,-804.7346630699769,394.9999975860345,-1199.734663069977,-2.4139654897226137e-06,-1199.8191869712714,-6.700049514440281e-06
trained_53tet,53tet-Q4,24000,20260826,395.0,440.0,552.7665021051131,440Hz_ongrid,2,440.0017764366689,276.4763793724602,439.9999989091275,552.7664999689304,93.6852231308709,138.23823875976018,2677.9391186426906,1199.9993854248867,1,-804.4237423791474,394.9999976017657,-1199.4237423791474,-2.3982343009265605e-06,-1199.416752784968,-6.690405983324432e-06
trained_53tet,53tet-Q4,24000,20260826,395.0,440.0,552.7665021051131,440Hz_ongrid,3,439.985980784021,276.4082210323654,439.9999989137769,552.7664999696616,93.71090468259318,138.2046276871854,2677.402456681738,1199.9935215937464,1,-804.7884366731189,394.99999758576246,-1199.788436673119,-2.4142375423252815e-06,-1199.8435978792654,-6.688115661502415e-06
trained_53tet,53tet-Q4,24000,20260826,395.0,440.0,552.7665021051131,440Hz_ongrid,4,440.01611090461637,276.3988168694015,439.9999989096941,552.7664999618665,62.861252224053054,138.19923442508463,3368.7761176791228,1200.0021798325001,1,-804.9658893669645,394.99999757741296,-1199.9658893669643,-2.42258704474807e-06,-1199.9025001942196,-6.712529423462186e-06
trained_53tet,53tet-Q4,24000,20260826,395.0,452.8929,568.9636912755473,452.9Hz_+50c,0,452.790160780896,284.42416961830514,452.89290104345434,568.9636926593846,90.57657851462784,142.2146344185179,2785.9591920291045,1199.9689623354855,1,-804.958250237941,395.0000002219978,-1199.958250237941,2.2199782279130886e-07,-1200.3510270110805,4.2107193605032995e-06
trained_53tet,53tet-Q4,24000,20260826,395.0,452.8929,568.9636912755473,452.9Hz_+50c,1,452.8691319729775,284.39369379482014,452.89290105296965,568.9636926592223,90.58610571116155,142.19971130449903,2786.079022112372,1199.9651264479828,1,-805.445678960125,395.0000001851304,-1200.445678960125,1.8513037502998486e-07,-1200.5365373008754,4.210225007726433e-06
trained_53tet,53tet-Q4,24000,20260826,395.0,452.8929,568.9636912755473,452.9Hz_+50c,2,452.8298481739015,284.54261618750826,452.89290104654066,568.9636926626358,90.58440156174672,94.79352344709156,2785.961410091417,1902.9412123636657,1,-804.3891766135389,395.0000002200927,-1199.389176613539,2.2009271560818888e-07,-1199.630216089679,4.220611797797112e-06
trained_53tet,53tet-Q4,24000,20260826,395.0,452.8929,568.9636912755473,452.9Hz_+50c,3,452.8053399827484,284.43890545339417,452.8929010517814,568.9636926585131,113.20613478555703,142.21943509810913,2399.9265964178617,1200.0002145923993,1,-804.9265948272301,395.0000001875146,-1199.92659482723,1.875146153906826e-07,-1200.261335200973,4.208067307775769e-06
trained_53tet,53tet-Q4,24000,20260826,395.0,452.8929,568.9636912755473,452.9Hz_+50c,4,452.83690165666474,284.5026442419136,452.8929010366193,568.9636926636358,90.58615517647921,142.25403600260964,2785.954861897542,1199.966971698855,1,-804.6593600745068,395.00000026106085,-1199.6593600745068,2.610608476061316e-07,-1199.873433275189,4.223654796694194e-06
trained_53tet,53tet-Q4,24000,20260826,400.0,440.0,554.3652619537442,440Hz_ongrid,0,439.99309941862293,277.1446416369438,439.99999891287354,554.3652610502409,62.856569861862354,138.56952948797527,3368.81453678528,1200.0348734512147,1,-800.2101396108984,400.0000014558711,-1200.2101396108983,1.4558710859091661e-06,-1200.2372910088952,-2.8215615371787074e-06
trained_53tet,53tet-Q4,24000,20260826,400.0,440.0,554.3652619537442,440Hz_ongrid,1,440.0084677933273,277.1983671659301,439.99999891509157,554.3652610325148,62.85958543779321,92.40291900293265,3368.791950593347,1901.890112630893,1,-799.9350345681407,400.00000139178695,-1199.9350345681407,1.3917869523538684e-06,-1199.901717315715,-2.8769182849004564e-06
trained_53tet,53tet-Q4,24000,20260826,400.0,440.0,554.3652619537442,440Hz_ongrid,2,439.98451287066706,277.1480895845507,439.99999891478313,554.3652610499691,93.23874853747458,138.57361583113223,2686.141436610469,1200.0053591081016,1,-800.1548158303176,400.00000144750896,-1200.1548158303176,1.4475089642473904e-06,-1200.2157529155368,-2.8224099326553603e-06
trained_53tet,53tet-Q4,24000,20260826,400.0,440.0,554.3652619537442,440Hz_ongrid,3,439.9796821373585,277.1619420096527,439.9999989060765,554.3652610432445,62.85004338088781,92.39554037736188,3368.9415088702094,1901.8008547561485,1,-800.0492795074845,400.00000146076553,-1200.0492795074845,1.4607655316467572e-06,-1200.129224479691,-2.843410699889315e-06
trained_53tet,53tet-Q4,24000,20260826,400.0,440.0,554.3652619537442,440Hz_ongrid,4,439.9891293889106,277.2340524656346,439.9999989060156,554.3652610423615,62.85529706924435,138.61508655962163,3368.833972287071,1200.0242253918325,1,-799.6360879132322,400.0000014582478,-1199.6360879132321,1.4582478229385742e-06,-1199.678860196263,-2.8461680812912698e-06
trained_53tet,53tet-Q4,24000,20260826,400.0,452.8929,570.6092980579338,452.9Hz_+50c,0,452.8611983416384,285.2592659259962,452.89290105306316,570.6092995079144,90.58611134333547,142.63479116624484,2786.0485854177728,1199.9373910215338,1,-800.154220042722,400.0000003738026,-1200.154220042722,3.738026066457678e-07,-1200.2754074389268,4.3992553611347195e-06
trained_53tet,53tet-Q4,24000,20260826,400.0,452.8929,570.6092980579338,452.9Hz_+50c,1,452.8794529434022,285.2412179331614,452.89290103944865,570.6092995056358,90.59395045218228,142.62013429381196,2785.968558727094,1200.0057619374427,1,-800.333540242522,400.00000041893225,-1200.3335402425218,4.1893224533851026e-07,-1200.384943891944,4.3923417260717405e-06
trained_53tet,53tet-Q4,24000,20260826,400.0,452.8929,570.6092980579338,452.9Hz_+50c,2,452.8740195914131,285.249286424145,452.8929010386269,570.6092995061659,90.5931708577747,142.64402087675643,2785.962686359294,1199.7648022571916,1,-800.263799950107,400.00000042368185,-1200.263799950107,4.2368185404484393e-07,-1200.335973939913,4.393950102446695e-06
trained_53tet,53tet-Q4,24000,20260826,400.0,452.8929,570.6092980579338,452.9Hz_+50c,3,452.8936502237696,285.31036741523366,452.8929010505365,570.6092995081333,90.59177147230687,142.6536727586802,2786.0644706019634,1200.0183366634876,1,-799.9681688832245,400.00000038412503,-1199.9681688832245,3.841250304503774e-07,-1199.9653010708591,4.399919239241683e-06
trained_53tet,53tet-Q4,24000,20260826,400.0,452.8929,570.6092980579338,452.9Hz_+50c,4,452.88483073245317,285.4340217766705,452.89290105373817,570.6092995076725,140.13492290954122,142.7206973393804,2030.7932208598502,1199.955281944985,1,-799.1842956785563,400.0000003704886,-1199.1842956785563,3.7048857848276384e-07,-1199.2151416361335,4.39852113578191e-06
trained_53tet,53tet-Q4,24000,20260826,405.0,440.0,555.9686458760915,440Hz_ongrid,0,440.0071697659099,278.04153994734895,439.9999989134761,555.9686469670164,92.98841448163344,139.01862552514305,2690.8849757184275,1200.0267051531132,1,-794.6719099956969,405.00000767209946,-1199.6719099956968,7.672099457067816e-06,-1199.643699900839,3.397037369849663e-06
trained_53tet,53tet-Q4,24000,20260826,405.0,440.0,555.9686458760915,440Hz_ongrid,1,440.01021137326916,278.0044568553428,439.9999989153439,555.9686469646322,62.86065017664923,138.99882948804097,3368.769486744318,1200.0423333642207,1,-794.9147917290475,405.00000765732585,-1199.9147917290475,7.657325852505892e-06,-1199.8746142927778,3.389613236736034e-06
trained_53tet,53tet-Q4,24000,20260826,405.0,440.0,555.9686458760915,440Hz_ongrid,2,439.99611984587847,278.1538752921529,439.99999890600424,555.9686469661374,62.85859594997515,92.68818162751126,3368.7706183156606,1902.5110840243408,1,-793.9291147330516,405.000007698761,-1198.9291147330516,7.698761010033195e-06,-1198.9443817433926,3.394300362250172e-06
trained_53tet,53tet-Q4,24000,20260826,405.0,440.0,555.9686458760915,440Hz_ongrid,3,439.9921469828281,278.0266538902273,439.99999891458845,555.9686469680556,62.855747937379476,139.00998930381846,3368.8334273410887,1200.041566573135,1,-794.7054919301196,405.00000767095855,-1199.7054919301195,7.67095855280786e-06,-1199.736390866577,3.400273343160404e-06
trained_53tet,53tet-Q4,24000,20260826,405.0,440.0,555.9686458760915,440Hz_ongrid,4,440.01660731387267,277.9912884248721,439.9999989133349,555.9686469658587,62.85893151030092,138.99187789180738,3368.8419857243935,1200.0469113323006,1,-795.0219630856911,405.00000766905015,-1200.0219630856911,7.669050148706447e-06,-1199.956620802365,3.39343274621758e-06
trained_53tet,53tet-Q4,24000,20260826,405.0,452.8929,572.2596644088547,452.9Hz_+50c,0,452.8584358125531,286.06360709859575,452.89290104642623,572.2596657814759,90.58862170993017,143.035960485325,2785.9900484287787,1199.9496858430396,1,-795.2689944078439,405.00000015245314,-1200.2689944078438,1.5245313988998532e-07,-1200.4007426536396,4.152535268780926e-06
trained_53tet,53tet-Q4,24000,20260826,405.0,452.8929,572.2596644088547,452.9Hz_+50c,1,452.8417450970385,286.08425223710987,452.8929010479191,572.2596657892909,90.58899151857845,143.04298078373716,2785.919172882164,1199.9896560469012,1,-795.0802480218646,405.0000001703889,-1200.0802480218645,1.7038888699971722e-07,-1200.2758044364439,4.176177709555752e-06
trained_53tet,53tet-Q4,24000,20260826,405.0,452.8929,572.2596644088547,452.9Hz_+50c,2,452.7832969664056,286.22568403845025,452.8929010493325,572.2596657836743,90.57574768779719,143.11235485848144,2785.9488282426573,1200.0058931867359,1,-794.001123126477,405.0000001479944,-1199.001123126477,1.479943989579624e-07,-1199.420143754824,4.159186351009241e-06
trained_53tet,53tet-Q4,24000,20260826,405.0,452.8929,572.2596644088547,452.9Hz_+50c,3,452.8596724682547,286.09128239794785,452.8929010499907,572.2596657884926,90.59496886197893,143.04767522218788,2785.873480221444,1199.9753830652971,1,-795.1062414219016,405.00000016005487,-1200.1062414219016,1.6005486713766004e-07,-1200.2332620588795,4.1737628385259395e-06
trained_53tet,53tet-Q4,24000,20260826,405.0,452.8929,572.2596644088547,452.9Hz_+50c,4,452.86128915458994,286.2095023056625,452.89290104610296,572.2596657839568,90.5893491641421,143.1046684533775,2785.98705416469,1200.0010004709861,1,-794.3971813900388,405.00000016119424,-1199.397181390039,1.6119423662530608e-07,-1199.5180216192557,4.160040897061346e-06
trained_53tet,53tet-Q4,24000,20260826,410.0,440.0,557.5766672463074,440Hz_ongrid,0,440.0227969435876,278.7437206954181,439.999998912521,557.576669228162,62.8596569054885,139.36561949417145,3368.846360080852,1200.0775236839156,1,-790.36675686001,410.0000104323308,-1200.36675686001,1.0432330782350618e-05,-1200.277061808701,6.153511164873131e-06
trained_53tet,53tet-Q4,24000,20260826,410.0,440.0,557.5766672463074,440Hz_ongrid,1,439.98709643002707,278.77112741565634,439.9999989121403,557.5766692272355,62.85506419189978,139.38667144526,3368.8323873363747,1199.9862414364304,1,-790.0560798588583,410.00001043095176,-1200.0560798588583,1.0430951761009055e-05,-1200.1068512844483,6.150634231608808e-06
trained_53tet,53tet-Q4,24000,20260826,410.0,440.0,557.5766672463074,440Hz_ongrid,2,439.980599281267,278.74416878365906,439.99999890890683,557.5766692250569,62.85454722135364,92.95826830155065,3368.821061686271,1901.1438315346793,1,-790.1979426103627,410.0000104369102,-1200.1979426103626,1.0436910201860883e-05,-1200.274278804319,6.143870132501491e-06
trained_53tet,53tet-Q4,24000,20260826,410.0,440.0,557.5766672463074,440Hz_ongrid,3,440.000017148282,278.8527559283226,439.99999891374915,557.5766692280649,62.85664590929642,139.4170425918937,3368.8396611116746,1200.1159196390877,1,-789.6000607622796,410.00001042719725,-1199.6000607622796,1.0427197253193299e-05,-1199.599993290259,6.153209786508723e-06
trained_53tet,53tet-Q4,24000,20260826,410.0,440.0,557.5766672463074,440Hz_ongrid,4,439.98723115667315,278.7558664145695,439.99999891509435,557.5766692276518,93.99802178223872,92.92693564523083,2672.1112268833735,1901.800112832143,1,-790.1513869612533,410.0000104206215,-1200.1513869612531,1.0420621492812643e-05,-1200.2016282728396,6.151927006404094e-06
trained_53tet,53tet-Q4,24000,20260826,410.0,452.8929,573.9148040943527,452.9Hz_+50c,0,452.84848297698625,286.8824480403863,452.89290105161837,573.9148051850685,64.69486979358267,143.44346166179207,3368.7662475684965,1199.972993460306,1,-790.2824644339288,409.999999270253,-1200.282464433929,-7.297470006051299e-07,-1200.4522618266649,3.2901825942241847e-06
trained_53tet,53tet-Q4,24000,20260826,410.0,452.8929,573.9148040943527,452.9Hz_+50c,1,452.8602385579977,286.9134820042612,452.89290104800364,573.9148051829653,90.5925286140775,143.46117369254173,2785.922277121564,1199.9465071773052,1,-790.1401364283196,409.9999992777263,-1200.1401364283197,-7.222736826406617e-07,-1200.2649929661627,3.2838378877027753e-06
trained_53tet,53tet-Q4,24000,20260826,410.0,452.8929,573.9148040943527,452.9Hz_+50c,2,452.88252530001876,287.0258329570509,452.89290104934753,573.9148051894693,90.58703425137979,143.51579043676617,2786.112475859559,1199.965331033153,1,-789.5475418476519,409.9999992922088,-1199.547541847652,-7.077911732267239e-07,-1199.587200759465,3.303457465493654e-06
trained_53tet,53tet-Q4,24000,20260826,410.0,452.8929,573.9148040943527,452.9Hz_+50c,3,452.79956740939826,286.85698034955993,452.8929010526681,573.9148051821094,90.57847389104599,95.61973095975054,2785.9589308407412,1901.9416478977855,1,-790.2491460578725,409.9999992573139,-1200.2491460578726,-7.42686097510159e-07,-1200.6059571502105,3.2812561822197156e-06
trained_53tet,53tet-Q4,24000,20260826,410.0,452.8929,573.9148040943527,452.9Hz_+50c,4,452.86164811848266,286.9406439815693,452.89290104694845,573.9148051930144,113.22077880903336,143.4704130313678,2399.917935810345,1199.998901427799,1,-789.9816375784146,409.99999931207344,-1199.9816375784146,-6.879265583847882e-07,-1200.10110553254,3.3141514001023706e-06
trained_53tet,53tet-Q4,24000,20260826,415.0,440.0,559.189339477226,440Hz_ongrid,0,440.00820829996275,279.6541535154116,439.9999989186287,559.1893368140182,62.85821168106889,93.21965119677226,3368.8287650494485,1901.9252856557544,1,-784.664015326873,414.999996009574,-1199.6640153268731,-3.9904260233925015e-06,-1199.6317190636182,-8.245214286658637e-06
trained_53tet,53tet-Q4,24000,20260826,415.0,440.0,559.189339477226,440Hz_ongrid,1,439.9912005276763,279.6306915625758,439.9999989106442,559.1893368217109,62.85819142994849,93.2318571216664,3368.762403589461,1901.553367217906,1,-784.742346362085,414.9999960648063,-1199.7423463620848,-3.935193717552465e-06,-1199.7769693130688,-8.22139809186011e-06
trained_53tet,53tet-Q4,24000,20260826,415.0,440.0,559.189339477226,440Hz_ongrid,2,440.0134053166078,279.68661709231117,439.9999989083136,559.1893368250642,62.860099869323655,93.23647678469577,3368.7972093525395,1901.8137946635943,1,-784.4835049517798,414.999996084358,-1199.4835049517797,-3.9156420257313584e-06,-1199.4307608903564,-8.211016491265808e-06
trained_53tet,53tet-Q4,24000,20260826,415.0,440.0,559.189339477226,440Hz_ongrid,3,439.9894368869269,279.6771803774697,439.9999989117605,559.1893368244623,62.85594508230142,93.23197523352464,3368.8173339643295,1901.8389690387648,1,-784.4476118948453,414.9999960689323,-1199.4476118948453,-3.931067681151035e-06,-1199.489174259689,-8.212879732266325e-06
trained_53tet,53tet-Q4,24000,20260826,415.0,440.0,559.189339477226,440Hz_ongrid,4,439.9961265651138,279.67801717731146,439.9999989146494,559.1893368137729,93.19088643277507,93.23239601811251,2687.07605303288,1901.8363353444256,1,-784.4687538073166,414.9999960244715,-1199.4687538073167,-3.975528500177461e-06,-1199.4839943797676,-8.24597388315484e-06
trained_53tet,53tet-Q4,24000,20260826,415.0,452.8929,575.574730920285,452.9Hz_+50c,0,452.8723593165286,287.86362072010434,452.89290105279093,575.574731981259,90.59417339993435,143.9343941259123,2785.937181036924,1199.9689223440453,1,-784.4628133701449,414.99999916682367,-1199.4628133701449,-8.331763297064754e-07,-1199.54133422366,3.19123515655957e-06
trained_53tet,53tet-Q4,24000,20260826,415.0,452.8929,575.574730920285,452.9Hz_+50c,1,452.8454307325801,287.7434444296793,452.8929010509406,575.574731975062,90.58620532317849,143.8734707347908,2785.986510597651,1199.978959875966,1,-785.0827684999323,414.99999915525734,-1200.0827684999322,-8.44742658046016e-07,-1200.2642346239295,3.1725958272757907e-06
trained_53tet,53tet-Q4,24000,20260826,415.0,452.8929,575.574730920285,452.9Hz_+50c,2,452.8473139215524,287.70964612865976,452.89290104549684,575.574731982251,90.58618578231015,143.85736226667706,2785.9940834933745,1199.9694420063859,1,-785.2933303718085,414.99999919769004,-1200.2933303718085,-8.023099553611246e-07,-1200.4675970545186,3.1942189561367806e-06
trained_53tet,53tet-Q4,24000,20260826,415.0,452.8929,575.574730920285,452.9Hz_+50c,3,452.8692763699764,287.7120136690538,452.89290105184136,575.5747319797641,90.59317899220014,143.85888763753132,2785.9443985622665,1199.9653313447034,1,-785.3630445841327,414.9999991659571,-1200.3630445841327,-8.340429076270084e-07,-1200.453350922233,3.186738698990038e-06
trained_53tet,53tet-Q4,24000,20260826,415.0,452.8929,575.574730920285,452.9Hz_+50c,4,452.8555146462633,287.6917626681054,452.8929010505166,575.5747319771258,90.59400624544193,143.84916102628253,2785.8759805593954,1199.9605282398168,1,-785.4322948530673,414.99999916308536,-1200.4322948530673,-8.369146371478564e-07,-1200.5752104713906,3.1788032990064364e-06
trained_53tet,53tet-Q4,24000,20260826,420.0,440.0,560.8066760204754,440Hz_ongrid,0,440.0095296060782,280.3600424584486,439.99999890708284,560.8066745826004,62.859363981368816,93.47812591030767,3368.802227546875,1901.4960385402467,1,-780.3048260565613,419.99999986143587,-1200.3048260565613,-1.3856413261237321e-07,-1200.267331056877,-4.43878110660604e-06
trained_53tet,53tet-Q4,24000,20260826,420.0,440.0,560.8066760204754,440Hz_ongrid,1,440.00324725919353,280.4581375652405,439.9999989092885,560.8066745860731,62.86054549125172,93.49036241529605,3368.7449691255065,1901.8750659036345,1,-779.6744726378388,419.9999998634778,-1199.6744726378388,-1.3652220332005527e-07,-1199.6616959447992,-4.428060839783571e-06
trained_53tet,53tet-Q4,24000,20260826,420.0,440.0,560.8066760204754,440Hz_ongrid,2,440.0022278962458,280.46047307407486,439.99999891934,560.8066745924334,93.47589222482111,93.5003780653032,2681.8135043136217,1901.7040249775387,1,-779.6560451014694,419.9999998435635,-1199.6560451014693,-1.564364993100753e-07,-1199.6472791922108,-4.40842626986922e-06
trained_53tet,53tet-Q4,24000,20260826,420.0,440.0,560.8066760204754,440Hz_ongrid,3,440.0160016614382,280.44429460960214,439.9999989191136,560.806674596946,62.86036154889948,93.50544644962956,3368.8002177298326,1901.5103125972835,1,-779.8101082967396,419.9999998583849,-1199.8101082967396,-1.4161508943288936e-07,-1199.7471489390136,-4.394495785270783e-06
trained_53tet,53tet-Q4,24000,20260826,420.0,440.0,560.8066760204754,440Hz_ongrid,4,439.9716040247412,280.36750113479843,439.99999891536487,560.8066745914513,62.84940514155358,93.48823615782425,3368.927303476595,1901.3548618101256,1,-780.1095429979123,419.999999856172,-1200.1095429979123,-1.4382800372914062e-07,-1200.2212740560892,-4.411458120857213e-06
trained_53tet,53tet-Q4,24000,20260826,420.0,452.8929,577.2394587324399,452.9Hz_+50c,0,452.88482350469025,288.6360726505135,452.8929010351563,577.2394588421017,90.60019797681525,144.32156090001214,2785.8697038373457,1199.9577198424333,1,-779.8710969080448,419.99999637189217,-1199.8710969080448,-3.628107833719696e-06,-1199.9019704950517,3.288937489224741e-07
trained_53tet,53tet-Q4,24000,20260826,420.0,452.8929,577.2394587324399,452.9Hz_+50c,1,452.85527730995136,288.5606379214426,452.89290105013936,577.2394588442412,90.58735180530728,144.28322254463632,2786.002242982226,1199.9651599553295,1,-780.2106628598664,419.99999632103436,-1200.2106628598663,-3.678965640574461e-06,-1200.354485798071,3.3531034034544467e-07
trained_53tet,53tet-Q4,24000,20260826,420.0,452.8929,577.2394587324399,452.9Hz_+50c,2,452.84879332374186,288.6020648402836,452.89290104154077,577.2394588455115,90.58897905519717,144.3037405483023,2785.946356541363,1199.9675098673345,1,-779.9373498143343,419.9999963577135,-1199.9373498143343,-3.6422865150598227e-06,-1200.1059607557374,3.3912023955421975e-07
trained_53tet,53tet-Q4,24000,20260826,420.0,452.8929,577.2394587324399,452.9Hz_+50c,3,452.7947445366913,288.4913468963042,452.8929010366355,577.239458844186,90.57523749932538,144.2499638548224,2786.002349503475,1199.948507379994,1,-780.3949997417305,419.99999637248874,-1200.3949997417305,-3.6275112620387517e-06,-1200.7702507057295,3.3514465912669943e-07
trained_53tet,53tet-Q4,24000,20260826,420.0,452.8929,577.2394587324399,452.9Hz_+50c,4,452.83992907666226,288.46873467303476,452.89290104450555,577.2394588461007,64.65782438591368,96.17634389389727,3369.7251644700564,1901.5931684947582,1,-780.7034526231857,419.99999634814696,-1200.7034526231857,-3.6518530350804213e-06,-1200.905951778021,3.408869933392567e-07
trained_53tet,53tet-Q4,24000,20260826,425.0,440.0,562.4286903665894,440Hz_ongrid,0,439.99182326759103,281.2242212921805,439.9999989135311,562.4286893699356,62.855089787437755,93.74875881257914,3368.850281120253,1901.8192333216002,1,-774.9070283259945,425.00000120700565,-1199.9070283259944,1.2070056527591078e-06,-1199.9392009830183,-3.0678397499088276e-06
trained_53tet,53tet-Q4,24000,20260826,425.0,440.0,562.4286903665894,440Hz_ongrid,1,439.9943665237988,281.2013094063836,439.9999989136231,562.4286893632791,62.85992260453788,93.74615698516364,3368.7271816128323,1901.726228500876,1,-775.0580879975026,425.000001186154,-1200.0580879975028,1.186154008792073e-06,-1200.0802537435238,-3.088329250274838e-06
trained_53tet,53tet-Q4,24000,20260826,425.0,440.0,562.4286903665894,440Hz_ongrid,2,439.99745218308846,281.2404218930009,439.9999989185473,562.4286893642378,62.85471203592347,281.2404218930009,3368.882833588894,0.0,1,-774.8294472071572,425.00000116973007,-1199.829447207157,1.1697300692503632e-06,-1199.8394719347903,-3.0853783178427924e-06
trained_53tet,53tet-Q4,24000,20260826,425.0,440.0,562.4286903665894,440Hz_ongrid,3,439.9962354192188,281.1766982507097,439.99999891348835,562.4286893659796,62.857370873635695,93.72411881379188,3368.804814099327,1901.9817340414857,1,-775.216968277381,425.0000011949968,-1200.216968277381,1.1949967984037357e-06,-1200.2317805462671,-3.08001674289381e-06
trained_53tet,53tet-Q4,24000,20260826,425.0,440.0,562.4286903665894,440Hz_ongrid,4,440.01166414519685,281.2578581639081,439.9999989099108,562.4286893694546,62.86211755979178,93.75492742082359,3368.7347902439046,1901.9123813001293,1,-774.7780360650004,425.0000012197694,-1199.7780360650004,1.2197693877169513e-06,-1199.7321426612148,-3.069320309572985e-06
trained_53tet,53tet-Q4,24000,20260826,425.0,452.8929,578.9090014166518,452.9Hz_+50c,0,452.8713061903812,289.40724023618685,452.8929010539744,578.9090004318741,75.48063977742773,144.7083480021534,3101.907092451832,1199.943436521174,1,-775.2001423192065,424.9999930260755,-1200.2001423192064,-6.973924485009775e-06,-1200.282689053142,-2.944989048028017e-06
trained_53tet,53tet-Q4,24000,20260826,425.0,452.8929,578.9090014166518,452.9Hz_+50c,1,452.80766769421996,289.4820118652213,452.8929010359291,578.9090004377508,90.59021768144018,144.7383394305705,2785.7654556844823,1200.0318940829313,1,-774.5096222176571,424.9999931126301,-1199.5096222176571,-6.887369920605124e-06,-1199.8354629547525,-2.9274147298556317e-06
trained_53tet,53tet-Q4,24000,20260826,425.0,452.8929,578.9090014166518,452.9Hz_+50c,2,452.84129129158526,289.36464038689263,452.89290104099297,578.9090004367105,90.58531439903268,144.6848053586099,2785.98771232695,1199.9702633632576,1,-775.3402487657954,424.9999930901617,-1200.3402487657954,-6.909838305091398e-06,-1200.5375400995924,-2.9305257695443397e-06
trained_53tet,53tet-Q4,24000,20260826,425.0,452.8929,578.9090014166518,452.9Hz_+50c,3,452.8576292739026,289.4089958991885,452.8929010403613,578.9090004374283,90.58954303420612,144.7089736223265,2785.9693578198644,1199.94645420626,1,-775.1373551414162,424.9999930947229,-1200.1373551414163,-6.905277075475169e-06,-1200.2721867092982,-2.9283792175090317e-06
trained_53tet,53tet-Q4,24000,20260826,425.0,452.8929,578.9090014166518,452.9Hz_+50c,4,452.87866453666186,289.436090262292,452.8929010385436,578.9090004390039,90.5914933307697,144.7205937812212,2786.012500645228,1199.9695112594088,1,-775.0556992896198,424.9999931063833,-1200.05569928962,-6.893616728120833e-06,-1200.1101168045923,-2.9236672974566066e-06
trained_53tet,53tet-Q4,24000,20260826,430.0,440.0,564.0553960451207,440Hz_ongrid,0,439.9724160423515,281.99377696203135,439.99999891247455,564.0553962442372,62.852651019174075,94.00784190850376,3368.8410908357037,1901.7723750060159,1,-770.0997019262973,430.00000489014315,-1200.0997019262973,4.890143145530601e-06,-1200.2082377981817,6.111407386957303e-07
trained_53tet,53tet-Q4,24000,20260826,430.0,440.0,564.0553960451207,440Hz_ongrid,1,439.98755976858735,282.0322197806926,439.9999989057487,564.055396244715,92.6196642321066,94.02327625222435,2697.6867617202192,1901.7241563221592,1,-769.9232949869852,430.0000049180733,-1199.9232949869852,4.918073273074697e-06,-1199.9722432975884,6.126072673486585e-07
trained_53tet,53tet-Q4,24000,20260826,430.0,440.0,564.0553960451207,440Hz_ongrid,2,439.98547204812644,282.09559916207246,439.9999989210771,564.0553962446,62.854894376076686,94.04392257283173,3368.8306730965182,1901.7330469505441,1,-769.5260743768569,430.00000485740895,-1199.5260743768567,4.857408953284903e-06,-1199.5832373318096,6.122543778851231e-07
trained_53tet,53tet-Q4,24000,20260826,430.0,440.0,564.0553960451207,440Hz_ongrid,3,439.9961122531302,281.93324275989085,439.99999890933225,564.0553962432724,62.85544457162422,93.98825959603545,3368.8573850067346,1901.7613621442372,1,-770.5646162135604,430.0000048995458,-1200.5646162135604,4.899545785974624e-06,-1200.579913098766,6.081796193737067e-07
trained_53tet,53tet-Q4,24000,20260826,430.0,440.0,564.0553960451207,440Hz_ongrid,4,439.99000460600473,281.94247206065364,439.99999890627214,564.0553962435158,94.00621336903235,93.98770067445452,2671.971275445777,1901.8283296795303,1,-770.4839122008226,430.0000049123333,-1200.4839122008225,4.912333281481551e-06,-1200.5232407530304,6.089265302970736e-07
trained_53tet,53tet-Q4,24000,20260826,430.0,452.8929,580.5833728989164,452.9Hz_+50c,0,452.8112241891237,290.26891735212763,452.8929010417291,580.5833714102416,90.5689730005465,145.13776475704168,2786.18509965315,1199.960563915552,1,-769.8235519495,429.99999157881297,-1199.8235519495001,-8.421187033036404e-06,-1200.1357950791953,-4.439060189123768e-06
trained_53tet,53tet-Q4,24000,20260826,430.0,452.8929,580.5833728989164,452.9Hz_+50c,1,452.8058746483399,290.2704813069601,452.8929010430802,580.5833714227023,90.57602086636236,96.72542370224708,2786.029931276282,1902.5169814678882,1,-769.793771138957,429.99999161080444,-1199.793771138957,-8.38919555690154e-06,-1200.1264672993289,-4.4019039653537955e-06
trained_53tet,53tet-Q4,24000,20260826,430.0,452.8929,580.5833728989164,452.9Hz_+50c,2,452.8495081923636,290.2326965884556,452.89290103818894,580.5833714120233,90.583089576325,145.11741667956207,2786.06164618509,1199.9872542392277,1,-770.1859599446553,429.99999159765866,-1200.1859599446552,-8.402341336477548e-06,-1200.3518379563473,-4.433747242185046e-06
trained_53tet,53tet-Q4,24000,20260826,430.0,452.8929,580.5833728989164,452.9Hz_+50c,3,452.88691761743024,290.1849784896722,452.8929010513243,580.5833714101112,90.59426051022224,145.09341632495898,2785.9911687521744,1199.9889381762232,1,-770.6136306806276,429.9999915417454,-1200.6136306806275,-8.458254626475536e-06,-1200.6364991619027,-4.439449021033798e-06
trained_53tet,53tet-Q4,24000,20260826,430.0,452.8929,580.5833728989164,452.9Hz_+50c,4,452.84242524261424,290.1808438935303,452.8929010478817,580.5833714153858,90.57893385811066,145.090799685791,2786.1139943760354,1199.995492784409,1,-770.4682100125227,429.99999157063354,-1200.4682100125228,-8.42936645994996e-06,-1200.6611662023934,-4.423720645339516e-06
trained_53tet,53tet-Q4,24000,20260826,435.0,440.0,565.686806624753,440Hz_ongrid,0,440.0078516097922,282.7581749287438,439.99999891906845,565.6868076756547,62.85854607815968,141.38375552522012,3368.818151729858,1199.9428389826694,1,-765.5526392022006,435.0000074692487,-1200.5526392022007,7.469248714642163e-06,-1200.5217463546246,3.2161911303487074e-06
trained_53tet,53tet-Q4,24000,20260826,435.0,440.0,565.686806624753,440Hz_ongrid,1,439.9962202906545,282.81469670520784,439.99999890854986,565.6868076739122,62.85471204047791,94.27220255427385,3368.877986396491,1901.9433030867756,1,-765.1608451475149,435.00000750530256,-1200.160845147515,7.505302562549332e-06,-1200.1757169421057,3.210858194052116e-06
trained_53tet,53tet-Q4,24000,20260826,435.0,440.0,565.686806624753,440Hz_ongrid,2,439.99876790238665,282.6911826546241,439.99999891552,565.6868076876741,62.856790425910205,141.3495602440636,3368.8307654379805,1199.9513884565724,1,-765.9271184687756,435.0000075199949,-1200.9271184687755,7.519994881022285e-06,-1200.9319663149722,3.252975436137987e-06
trained_53tet,53tet-Q4,24000,20260826,435.0,440.0,565.686806624753,440Hz_ongrid,3,440.0048362037023,282.76037882892706,439.99999890248887,565.6868076870429,62.854570920952696,94.25106176887168,3368.9157736434745,1901.9990446215402,1,-765.5272811940141,435.00000756933565,-1200.527281194014,7.569335650714493e-06,-1200.5082526610486,3.251043769959815e-06
trained_53tet,53tet-Q4,24000,20260826,435.0,440.0,565.686806624753,440Hz_ongrid,4,440.0170320757843,282.7380527164706,439.9999989097219,565.6868076864712,93.47282910405904,94.22665269847673,2681.92848381112,1902.3107567289908,1,-765.7119658340641,435.0000075391267,-1200.7119658340641,7.539126727351686e-06,-1200.6449523367041,3.2492939302696565e-06
trained_53tet,53tet-Q4,24000,20260826,435.0,452.8929,582.2625871455082,452.9Hz_+50c,0,452.82691208042866,291.1049787390064,452.8929010456664,582.2625841812893,90.57914248740238,145.55310504471885,2786.0506984185827,1199.9926770359832,1,-764.9042255801259,434.99998718934756,-1199.904225580126,-1.2810652435746306e-05,-1200.1564902029536,-8.813474922109794e-06
trained_53tet,53tet-Q4,24000,20260826,435.0,452.8929,582.2625871455082,452.9Hz_+50c,1,452.85445297857603,291.07647367807425,452.8929010391742,582.2625841833934,142.07644673724175,145.5413535465556,2006.8560452459967,1199.9629259463363,1,-765.1790470044099,434.9999872204209,-1200.1790470044098,-1.2779579094512883e-05,-1200.3260213066706,-8.807218630116006e-06
trained_53tet,53tet-Q4,24000,20260826,435.0,452.8929,582.2625871455082,452.9Hz_+50c,2,452.8718938205426,291.07739110545975,452.8929010501156,582.2625841801537,90.59280131741868,97.01566088694592,2785.9616219279083,1902.1358698931385,1,-765.2402643912162,434.9999871689635,-1200.2402643912162,-1.2831036485749792e-05,-1200.320564737116,-8.816851397730539e-06
trained_53tet,53tet-Q4,24000,20260826,435.0,452.8929,582.2625871455082,452.9Hz_+50c,3,452.88282275062,291.18562570386706,452.89290103657817,582.2625841772656,90.58113863615858,97.01809964898241,2786.2262893352804,1902.7359756744409,1,-764.6384182084179,434.99998721212455,-1199.638418208418,-1.2787875448339037e-05,-1199.6769400561782,-8.82543856692895e-06
trained_53tet,53tet-Q4,24000,20260826,435.0,452.8929,582.2625871455082,452.9Hz_+50c,4,452.86237622171666,291.059218168128,452.8929010529785,582.2625841811619,90.5739781323205,97.01446399426972,2786.2849873754158,1902.049138326446,1,-765.3119703490353,434.99998716101726,-1200.3119703490352,-1.2838982740959182e-05,-1200.4286548568211,-8.813853759330065e-06
trained_53tet,53tet-Q4,24000,20260826,440.0,440.0,567.3229357134148,440Hz_ongrid,0,439.9968729699929,283.6213499663973,439.99999891540347,567.3229368112545,62.857620005685845,94.51688607874289,3368.800460994717,1902.3865592960547,1,-760.2325598771872,440.0000076176293,-1200.2325598771872,7.617629307787865e-06,-1200.244863604591,3.350150738260593e-06
trained_53tet,53tet-Q4,24000,20260826,440.0,440.0,567.3229357134148,440Hz_ongrid,1,439.9607349266395,283.57849807427056,439.99999891600413,567.3229367999955,62.85405673322905,141.7900403879969,3368.756407543037,1199.990337703722,1,-760.3519525774361,440.0000075809081,-1200.3519525774361,7.58090811814327e-06,-1200.5064527256538,3.315793220250962e-06
trained_53tet,53tet-Q4,24000,20260826,440.0,440.0,567.3229357134148,440Hz_ongrid,2,439.9858499691648,283.59783112262824,439.9999989158665,567.3229368068372,62.856604850853074,94.53201957013074,3368.7850485656427,1901.9658206589959,1,-760.3327534233566,440.0000076023276,-1200.3327534233567,7.6023276278647245e-06,-1200.3884293531007,3.3366709758326927e-06
trained_53tet,53tet-Q4,24000,20260826,440.0,440.0,567.3229357134148,440Hz_ongrid,3,439.9854256586883,283.6408171928456,439.99999891392747,567.3229368129316,62.85573851100109,141.82171201180492,3368.8072404221007,1199.9840889844936,1,-760.0686936059997,440.00000762855456,-1200.0686936059997,7.628554556049494e-06,-1200.1260390919315,3.3552687887072964e-06
trained_53tet,53tet-Q4,24000,20260826,440.0,440.0,567.3229357134148,440Hz_ongrid,4,440.0327887147371,283.66663866935943,439.9999989118785,567.3229368114529,62.86584170197068,141.83743384391803,3368.7153427503217,1199.949778548481,1,-760.0974483601673,440.0000076321039,-1200.0974483601672,7.632103915966582e-06,-1199.9684419410153,3.350756185868642e-06
trained_53tet,53tet-Q4,24000,20260826,440.0,452.8929,583.9466581630954,452.9Hz_+50c,0,452.86445977440195,291.9180401804878,452.89290104557364,583.9466600794661,129.35339066332097,145.97917649017546,2169.313742326928,1199.760939497933,1,-760.2191430783114,440.0000016846654,-1200.2191430783114,1.6846653920765675e-06,-1200.327862453105,5.681488449479438e-06
trained_53tet,53tet-Q4,24000,20260826,440.0,452.8929,583.9466581630954,452.9Hz_+50c,1,452.8528681781716,291.9763225363906,452.89290104061826,583.9466600784738,90.58780609409749,145.990994569532,2785.9843510280166,1199.9664009731694,1,-759.8292177190757,440.0000017006659,-1199.8292177190756,1.7006659049911832e-06,-1199.9822506240596,5.678546550725046e-06
trained_53tet,53tet-Q4,24000,20260826,440.0,452.8929,583.9466581630954,452.9Hz_+50c,2,452.8654897591409,291.9218453741496,452.89290103511706,583.9466600783381,90.58401893191123,145.96067723177345,2786.1049804414165,1200.002911333559,1,-760.2005138157261,440.0000017212926,-1200.200513815726,1.7212926195497857e-06,-1200.3052957152245,5.6781444566316064e-06
trained_53tet,53tet-Q4,24000,20260826,440.0,452.8929,583.9466581630954,452.9Hz_+50c,3,452.8765364621063,291.9832692664597,452.8929010466477,583.9466600797963,90.5960922416629,145.99833145410003,2785.91648105562,1199.920587926576,1,-759.8785088250772,440.00000168153855,-1199.8785088250772,1.6815385492918722e-06,-1199.9410614192086,5.682467160341672e-06
trained_53tet,53tet-Q4,24000,20260826,440.0,452.8929,583.9466581630954,452.9Hz_+50c,4,452.852695509313,291.8742280040339,452.89290104721164,583.9466600767181,90.59227229607906,145.92596755266413,2785.8983389243303,1200.1322340088539,1,-760.4340191740326,440.00000167025695,-1200.4340191740325,1.6702569496374053e-06,-1200.5877121836227,5.673341238947534e-06
trained_53tet,53tet-Q4,24000,20260826,445.0,440.0,568.9637969583925,440Hz_ongrid,0,440.007062482923,284.438079987942,439.9999989111741,568.9637983392051,62.855374483012085,142.22301230067114,3368.902400334546,1199.9516457390348,1,-755.2944689477342,445.0000084856342,-1200.2944689477342,8.485634225507965e-06,-1200.2666809641405,4.201514634809601e-06
trained_53tet,53tet-Q4,24000,20260826,445.0,440.0,568.9637969583925,440Hz_ongrid,1,439.9746784732061,284.295617312369,439.99999891285734,568.9637983364211,62.85480915303199,94.73718600015661,3368.790549856231,1902.4669604334667,1,-756.0343645723642,445.0000084705399,-1201.0343645723642,8.470539910376829e-06,-1201.1339980969294,4.19304336564639e-06
trained_53tet,53tet-Q4,24000,20260826,445.0,440.0,568.9637969583925,440Hz_ongrid,2,439.9949205698727,284.4772723502483,439.99999891003506,568.9637983313286,62.85871076574206,142.24025144360505,3368.762737347674,1199.9803401383074,1,-755.0081670958554,445.00000846614904,-1200.0081670958552,8.466149040486926e-06,-1200.0281528530022,4.177548135410777e-06
trained_53tet,53tet-Q4,24000,20260826,445.0,440.0,568.9637969583925,440Hz_ongrid,3,440.0097815262843,284.62979342391236,439.9999989094809,568.9637983360617,62.860947058334396,142.3171889848117,3368.7596191503008,1199.972115154849,1,-754.138695257259,445.0000084827316,-1199.1386952572589,8.482731573167257e-06,-1199.1002090683294,4.191950100251816e-06
trained_53tet,53tet-Q4,24000,20260826,445.0,440.0,568.9637969583925,440Hz_ongrid,4,440.00435424133263,284.4384384920376,439.999998906721,568.9637983367724,62.85730179592623,142.2257835677231,3368.8386611381134,1199.9200943793483,1,-755.2816311408485,445.00000849575304,-1200.2816311408485,8.495753036186215e-06,-1200.264498928226,4.194112413136654e-06
trained_53tet,53tet-Q4,24000,20260826,445.0,452.8929,585.6355999988581,452.9Hz_+50c,0,452.8291390468115,292.8929481029615,452.89290104126053,585.6356010804783,90.58498451780254,117.20489341993456,2785.947557670255,1585.608784000727,1,-754.3120064045978,444.9999992171097,-1199.312006404598,-7.828903108020313e-07,-1199.5557569783598,3.197445319168407e-06
trained_53tet,53tet-Q4,24000,20260826,445.0,452.8929,585.6355999988581,452.9Hz_+50c,1,452.8671916192929,292.79581141180154,452.8929010470849,585.6356010809898,90.59166020182863,117.16819598071433,2785.9654532346935,1585.5766753485213,1,-755.0317325953876,444.9999991963575,-1200.0317325953874,-8.036424787860597e-07,-1200.1300085615078,3.198957208338354e-06
trained_53tet,53tet-Q4,24000,20260826,445.0,452.8929,585.6355999988581,452.9Hz_+50c,2,452.8412130416069,292.73788047947403,452.89290104310214,585.6356010837944,90.58804064010583,117.13292964391141,2785.9353110156308,1585.755270048408,1,-755.2749841955725,444.9999992198732,-1200.2749841955724,-7.801268111506943e-07,-1200.4725746828285,3.207248188663128e-06
trained_53tet,53tet-Q4,24000,20260826,445.0,452.8929,585.6355999988581,452.9Hz_+50c,3,452.84662128950725,292.83409955373867,452.89290105140935,585.6356010802448,90.58208243409683,143.05826863304884,2786.069858302537,1240.1768087319397,1,-754.7267198016874,444.99999917762455,-1199.7267198016875,-8.223754548453144e-07,-1199.9036344168462,3.1967549166895797e-06
trained_53tet,53tet-Q4,24000,20260826,445.0,452.8929,585.6355999988581,452.9Hz_+50c,4,452.8796761633019,292.8250508731948,452.8929010509726,585.6356010791986,90.59142285175142,117.07417132170185,2786.0177146974547,1587.1393843132569,1,-754.9065806661763,444.9999991762014,-1199.9065806661763,-8.237985866799136e-07,-1199.9571310073,3.1936623287485045e-06
trained_53tet,53tet-Q4,24000,20260826,450.0,440.0,570.6094040464443,440Hz_ongrid,0,439.99641721934154,285.3213659234099,439.9999989151257,570.6094054963764,62.85628838200226,95.07298971110755,3368.8353439429125,1902.5764216503,1,-749.88478915965,450.00000866767857,-1199.8847891596502,8.667678571327997e-06,-1199.8988861076489,4.399106978419439e-06
trained_53tet,53tet-Q4,24000,20260826,450.0,440.0,570.6094040464443,440Hz_ongrid,1,439.9904210564425,285.2201014078186,439.9999989113294,570.6094054967531,62.853909246657224,142.6137060119365,3368.8772800833526,1199.9556264612056,1,-750.4757442386714,450.00000868375827,-1200.4757442386713,8.683758267125086e-06,-1200.5134341790272,4.400249832856036e-06
trained_53tet,53tet-Q4,24000,20260826,450.0,440.0,570.6094040464443,440Hz_ongrid,2,440.0112589408458,285.2313360620097,439.99999891466115,570.6094054943854,62.85848283057704,142.6276691488026,3368.833299950975,1199.8543226707693,1,-750.4895423370297,450.00000866346556,-1200.4895423370297,8.66346556449571e-06,-1200.445243218009,4.393066341145065e-06
trained_53tet,53tet-Q4,24000,20260826,450.0,440.0,570.6094040464443,440Hz_ongrid,3,440.00542851998415,285.2460615337568,439.99999890744937,570.6094054952539,62.85743084248533,142.62433923178935,3368.8393337383063,1199.9841172312588,1,-750.3772271619671,450.00000869447626,-1200.377227161967,8.694476264281548e-06,-1200.3558681150155,4.395701479780414e-06
trained_53tet,53tet-Q4,24000,20260826,450.0,440.0,570.6094040464443,440Hz_ongrid,4,439.9981382556466,285.2344794436365,439.9999989069737,570.6094054952662,62.858509696091716,142.62904807416135,3368.7809356308617,1199.856664065223,1,-750.4188390435411,450.0000086963849,-1200.418839043541,8.696384895756637e-06,-1200.4261643208915,4.395738383253644e-06
trained_53tet,53tet-Q4,24000,20260826,450.0,452.8929,587.3294267406043,452.9Hz_+50c,0,452.84616388603354,293.591802485055,452.89290103844087,587.3294256986783,90.57667782337808,94.89691218801083,2786.171407396052,1955.2543640637803,1,-750.251219767645,449.9999929592232,-1200.2512197676451,-7.040776779376756e-06,-1200.4298830385974,-3.071219877424586e-06
trained_53tet,53tet-Q4,24000,20260826,450.0,452.8929,587.3294267406043,452.9Hz_+50c,1,452.8138774769937,293.5873438900917,452.89290104255247,587.3294257043772,90.57238202822766,117.44441479062179,2786.130081300402,1586.174005448154,1,-750.1540755676086,449.99999296030467,-1200.1540755676087,-7.039695333332929e-06,-1200.4561744062637,-3.054421493220042e-06
trained_53tet,53tet-Q4,24000,20260826,450.0,452.8929,587.3294267406043,452.9Hz_+50c,2,452.85285030243597,293.5985919055452,452.89290104244003,587.3294257037928,90.59269013306867,94.82843790160153,2785.8909457718973,1956.5440477658697,1,-750.2367468221053,449.99999295901193,-1200.2367468221053,-7.040988066364662e-06,-1200.389848065141,-3.056144039722713e-06
trained_53tet,53tet-Q4,24000,20260826,450.0,452.8929,587.3294267406043,452.9Hz_+50c,3,452.8343364625491,293.61997332804793,452.89290105209614,587.3294256959049,90.57547512954417,95.1187254158017,2786.1491782805574,1951.3785860361313,1,-750.0398947326275,449.9999928988496,-1200.0398947326275,-7.101150401922496e-06,-1200.2637749167015,-3.079394765602723e-06
trained_53tet,53tet-Q4,24000,20260826,450.0,452.8929,587.3294267406043,452.9Hz_+50c,4,452.8629030586552,293.6117903053759,452.89290103926595,587.3294257039084,90.58297071678913,146.8076909740931,2786.1151253751336,1199.9788225933023,1,-750.1973536235528,449.9999929714859,-1200.1973536235528,-7.028514119156171e-06,-1200.312024103317,-3.055803259210636e-06
trained_53tet,53tet-Q4,24000,20260826,455.0,440.0,572.2597707039146,440Hz_ongrid,0,439.99734558582605,286.1336097185518,439.99999891706454,572.259772076842,62.85596350722733,143.07095478471527,3368.847944703501,1199.949782984034,1,-744.9670216490448,455.0000084144035,-1199.967021649045,8.414403509959811e-06,-1199.9774657991807,4.153460930901248e-06
trained_53tet,53tet-Q4,24000,20260826,455.0,440.0,572.2597707039146,440Hz_ongrid,1,439.9842029731227,286.1714880317225,439.99999891464336,572.2597720737937,62.85321937549281,143.0956185762389,3368.871815326857,1199.880529081298,1,-744.6861440725651,455.00000841470825,-1199.6861440725652,8.414708247528324e-06,-1199.748300531089,4.144239291115345e-06
trained_53tet,53tet-Q4,24000,20260826,455.0,440.0,572.2597707039146,440Hz_ongrid,2,440.02318177914486,286.280088106627,439.9999989173117,572.2597720714225,62.863406309597096,143.1417768677065,3368.7446139569574,1199.9790422789104,1,-744.1826431230246,455.00000839703597,-1199.1826431230247,8.397035969665012e-06,-1199.0914339680528,4.13706579409398e-06
trained_53tet,53tet-Q4,24000,20260826,455.0,440.0,572.2597707039146,440Hz_ongrid,3,439.99882141561216,286.12089109588857,439.9999989153732,572.25977207085,62.8532500352788,143.06071318284052,3368.9284899987542,1199.9967612416563,1,-745.0497834731815,455.0000084029311,-1200.0497834731814,8.402931086948229e-06,-1200.0544207644423,4.135333637318976e-06
trained_53tet,53tet-Q4,24000,20260826,455.0,440.0,572.2597707039146,440Hz_ongrid,4,439.97781142650217,286.1755501932462,439.9999989156424,572.2597720797123,62.85252757410038,143.08940957061196,3368.865721053135,1199.9802244401478,1,-744.6364202273744,455.0000084286829,-1199.6364202273744,8.42868291783816e-06,-1199.7237260967931,4.162144779446934e-06
trained_53tet,53tet-Q4,24000,20260826,455.0,452.8929,589.0281525168884,452.9Hz_+50c,0,452.82762972157906,294.4873299579525,452.89290103996154,589.0281505826418,90.58758632575599,147.24198697512924,2785.892062995083,1200.019729432488,1,-744.9077082258027,454.99999033961564,-1199.9077082258027,-9.660384364451602e-06,-1200.1572291870305,-5.6850144796890235e-06
trained_53tet,53tet-Q4,24000,20260826,455.0,452.8929,589.0281525168884,452.9Hz_+50c,1,452.860111427473,294.4152617222733,452.89290105332384,589.028150586845,75.48755142610648,147.2069100693467,3101.7057774011587,1200.0084768862646,1,-745.4556137107684,454.9999903008902,-1200.4556137107684,-9.69910979620181e-06,-1200.580956254459,-5.67266104195331e-06
trained_53tet,53tet-Q4,24000,20260826,455.0,452.8929,589.0281525168884,452.9Hz_+50c,2,452.8950389796489,294.4963382756304,452.8929010466714,589.0281505831455,90.58688626351693,147.25350457981426,2786.1631394819387,1199.9372709924533,1,-745.1124483108675,454.99999031544684,-1200.1124483108674,-9.684553162969678e-06,-1200.1042718398878,-5.683534304433811e-06
trained_53tet,53tet-Q4,24000,20260826,455.0,452.8929,589.0281525168884,452.9Hz_+50c,3,452.83427356085105,294.5778982101385,452.8929010470178,589.0281505858412,90.58856949306525,147.28543358081694,2785.8986739244247,1200.0413219590293,1,-744.4007571443119,454.9999903220457,-1199.400757144312,-9.677954324160964e-06,-1199.624877808315,-5.675611013361811e-06
trained_53tet,53tet-Q4,24000,20260826,455.0,452.8929,589.0281525168884,452.9Hz_+50c,4,452.89014772264375,294.4311928046454,452.8929010390082,589.0281505800255,90.58459581822216,147.2211973472022,2786.1882160522955,1199.934134953991,1,-745.4767591900479,454.9999903355699,-1200.476759190048,-9.664430081102182e-06,-1200.4872801117713,-5.69270443317376e-06
trained_53tet,53tet-Q4,24000,20260826,460.0,440.0,573.9149106968482,440Hz_ongrid,0,439.9964283701928,286.8811755947985,439.999998910867,573.9149117913183,92.9293187869091,143.4446994980062,2691.94329053723,1199.9503751749844,1,-740.4462090993837,460.000007586834,-1200.4462090993839,7.586833987716091e-06,-1200.4602621726315,3.3015065787565525e-06
trained_53tet,53tet-Q4,24000,20260826,460.0,440.0,573.9149106968482,440Hz_ongrid,1,440.00438939485815,286.89098582298845,439.999998916841,573.9149117945964,62.85703447442655,95.63529770069675,3368.846162114588,1901.865045725812,1,-740.4183321939854,460.00000757321703,-1200.4183321939854,7.573217033041146e-06,-1200.4010616668722,3.311395171943762e-06
trained_53tet,53tet-Q4,24000,20260826,460.0,440.0,573.9149106968482,440Hz_ongrid,2,440.00591916410724,286.8763905209169,439.99999891843123,573.914911793991,62.85901913977278,143.44053140457996,3368.797519510608,1199.9718040281775,1,-740.5124282906525,460.0000075651339,-1200.5124282906525,7.5651338988791395e-06,-1200.4891387690218,3.3095688344288996e-06
trained_53tet,53tet-Q4,24000,20260826,460.0,440.0,573.9149106968482,440Hz_ongrid,3,439.9952781331411,287.06557370983813,439.99999891206267,573.9149117919081,62.855222526418224,95.6613612150071,3368.860218852077,1902.4465206285706,1,-739.3292584818961,460.00000758390894,-1199.329258481896,7.583908939068351e-06,-1199.3478373467706,3.303286018107497e-06
trained_53tet,53tet-Q4,24000,20260826,460.0,440.0,573.9149106968482,440Hz_ongrid,4,439.9937295475882,286.91572832547143,439.99999891609207,573.9149117938755,62.856490987380376,143.457850966423,3368.8191885527403,1200.0001592516876,1,-740.2270882609768,460.00000757398914,-1200.2270882609769,7.573989137199533e-06,-1200.251760302047,3.3092205579000707e-06
trained_53tet,53tet-Q4,24000,20260826,460.0,452.8929,590.7317914971287,452.9Hz_+50c,0,452.85241045276246,295.34541888063404,452.8929010475451,590.7317935919162,90.59293331617619,93.55199093610631,2785.8846170038073,1990.2755671744603,1,-739.9652428698802,460.0000021347513,-1199.96524286988,2.134751298399351e-06,-1200.1200256372797,6.139109968870769e-06
trained_53tet,53tet-Q4,24000,20260826,460.0,452.8929,590.7317914971287,452.9Hz_+50c,1,452.8605099609283,295.3656813110069,452.89290104382076,590.7317935964691,90.60057457019687,147.6846577787419,2785.769562308885,1199.978698633814,1,-739.8774378925117,460.0000021623306,-1199.8774378925118,2.162330588362238e-06,-1200.001256887613,6.152452880897092e-06
trained_53tet,53tet-Q4,24000,20260826,460.0,452.8929,590.7317914971287,452.9Hz_+50c,2,452.88073045725156,295.24283076220837,452.8929010514704,590.7317935970945,90.59251187382235,147.62081588708563,2786.0009334967804,1200.0070305962172,1,-740.6749535143614,460.0000021349216,-1200.6749535143613,2.134921601282258e-06,-1200.7214735852942,6.154285753399001e-06
trained_53tet,53tet-Q4,24000,20260826,460.0,452.8929,590.7317914971287,452.9Hz_+50c,3,452.82308516230546,295.3240365260582,452.8929010371793,590.7317935982069,90.5797136738862,93.24754358802575,2786.0251503793497,1995.7933878136732,1,-739.9784720462355,460.00000219281117,-1199.9784720462355,2.1928111664237804e-06,-1200.2453676876205,6.15754594460887e-06
trained_53tet,53tet-Q4,24000,20260826,460.0,452.8929,590.7317914971287,452.9Hz_+50c,4,452.85078451296386,295.3917787769879,452.8929010509859,590.7317935937159,90.58274525948308,147.69466159273063,2786.073106158911,1200.0143918065335,1,-739.6872992610805,460.0000021268724,-1199.6872992610806,2.126872402641311e-06,-1199.8482979331093,6.144384090247939e-06
trained_53tet,53tet-Q4,24000,20260826,465.0,440.0,575.5748378311057,440Hz_ongrid,0,439.98428625528754,287.8982110088732,439.9999989082403,575.5748388870159,62.85532983755927,143.95349635840753,3368.8140132642293,1199.947193280989,1,-734.2718108601293,465.0000074716661,-1199.2718108601293,7.471666094716056e-06,-1199.3336396230115,3.1760032479731208e-06
trained_53tet,53tet-Q4,24000,20260826,465.0,440.0,575.5748378311057,440Hz_ongrid,1,440.00832807305574,287.80417984309946,439.9999989124412,575.574838890396,62.858715082712344,143.90494998659,3368.815371724588,1199.965591932831,1,-734.9319422488011,465.0000074653042,-1199.931942248801,7.465304179277155e-06,-1199.8991747324544,3.1861701548551874e-06
trained_53tet,53tet-Q4,24000,20260826,465.0,440.0,575.5748378311057,440Hz_ongrid,2,440.01699523513287,287.6624461429093,439.999998910909,575.5748388905502,62.862061394633066,95.92063729430423,3368.7573121883015,1901.3564913475932,1,-735.8188267497593,465.00000747179627,-1200.8188267497594,7.4717962661452475e-06,-1200.7519582008636,3.1866337547379656e-06
trained_53tet,53tet-Q4,24000,20260826,465.0,440.0,575.5748378311057,440Hz_ongrid,3,439.9925129038265,287.8455223240858,439.9999989163602,575.574838888643,62.85584299221156,95.92354541680902,3368.832249036791,1902.4054584118587,1,-734.6210452168501,465.00000744461147,-1199.6210452168502,7.444611469509255e-06,-1199.650504367092,3.180897186702544e-06
trained_53tet,53tet-Q4,24000,20260826,465.0,440.0,575.5748378311057,440Hz_ongrid,4,440.00246905686765,287.77738146443374,439.99999890747284,575.5748388942255,62.857242173092814,143.8908983752111,3368.8328858559357,1199.9734383753087,1,-735.0700978236309,465.00000749637127,-1200.070097823631,7.496371267734503e-06,-1200.0603830433465,3.197689035856367e-06
trained_53tet,53tet-Q4,24000,20260826,465.0,452.8929,592.4403578917254,452.9Hz_+50c,0,452.84173410159053,296.2756475691551,452.89290104677326,592.4403574796454,150.95770489217068,148.1362458929576,1901.835035691186,1200.0184403562637,1,-734.4802501704331,464.9999947944081,-1199.480250170433,-5.2055918899895914e-06,-1199.675848621098,-1.2041835918556294e-06
trained_53tet,53tet-Q4,24000,20260826,465.0,452.8929,592.4403578917254,452.9Hz_+50c,1,452.8729952393403,296.255869086739,452.8929010439133,592.4403574783365,90.59264445137578,94.06068851854943,2785.9688301377146,1986.215925061716,1,-734.7153346644698,464.9999948015158,-1199.7153346644698,-5.198484188895236e-06,-1199.7914245229626,-1.2080082908982587e-06
trained_53tet,53tet-Q4,24000,20260826,465.0,452.8929,592.4403578917254,452.9Hz_+50c,2,452.89073279346445,296.1952323554992,452.8929010404332,592.4403574787306,90.5883172173159,94.03023690316529,2786.1193314150028,1986.4221131523761,1,-735.1375199890131,464.9999948159704,-1200.137519989013,-5.184029589599959e-06,-1200.145804399572,-1.2068567872063943e-06
trained_53tet,53tet-Q4,24000,20260826,465.0,452.8929,592.4403578917254,452.9Hz_+50c,3,452.88548731498446,296.1756814868813,452.8929010344648,592.4403574786036,150.98366215343995,148.08575144498144,1901.704637021427,1200.0244253014225,1,-735.2317451563703,464.9999948384143,-1200.2317451563704,-5.161585704627214e-06,-1200.2600812104736,-1.207227936201385e-06
trained_53tet,53tet-Q4,24000,20260826,465.0,452.8929,592.4403578917254,452.9Hz_+50c,4,452.840613051711,296.2433803574394,452.89290105324926,592.440357479481,90.58567499890212,148.12166578388377,2785.9782277396357,1200.0002851248455,1,-734.6645223221436,464.9999947691726,-1199.6645223221435,-5.2308274121060094e-06,-1199.8644066015615,-1.2046639136259454e-06
trained_53tet,53tet-Q4,24000,20260826,470.0,440.0,577.2395659524775,440Hz_ongrid,0,439.9819471388707,288.5599221243216,439.9999989100832,577.2395660431197,62.853284582402445,144.2807839781295,3368.86114306511,1199.9901257522442,1,-730.2880691773966,470.0000045602619,-1200.2880691773967,4.56026191386627e-06,-1200.3591018343193,2.718505894530593e-07
trained_53tet,53tet-Q4,24000,20260826,470.0,440.0,577.2395659524775,440Hz_ongrid,1,440.00632809291824,288.56034194530605,439.99999890303116,577.2395660405392,62.85621690437812,144.2850851794296,3368.8763080611166,1199.9410348826466,1,-730.3814815726859,470.00000458026994,-1200.381481572686,4.580269944653992e-06,-1200.356583092809,2.6411123915810055e-07
trained_53tet,53tet-Q4,24000,20260826,470.0,440.0,577.2395659524775,440Hz_ongrid,2,439.99194188979493,288.5770890422281,439.99999890550345,577.2395660432798,62.861757976189956,144.28909064041716,3368.667093950875,1199.9934474455595,1,-730.2244049408591,470.00000457876183,-1200.2244049408591,4.578761831908196e-06,-1200.2561108556397,2.723303346061952e-07
trained_53tet,53tet-Q4,24000,20260826,470.0,440.0,577.2395659524775,440Hz_ongrid,3,440.0143331952727,288.55880426952325,439.99999891569007,577.2395660426198,62.86317630960026,144.2831256492215,3368.716133724023,1199.9553214683488,1,-730.4222032889221,470.00000453670185,-1200.422203288922,4.536701851520775e-06,-1200.3658084899873,2.7035138584950864e-07
trained_53tet,53tet-Q4,24000,20260826,470.0,440.0,577.2395659524775,440Hz_ongrid,4,439.99548227984377,288.5164246643958,439.99999890915086,577.2395660431457,62.857465049256604,144.25746995024446,3368.7992569445614,1200.008909303682,1,-730.6023117332733,470.0000045640084,-1200.6023117332734,4.564008406759967e-06,-1200.6200873494354,2.7192862492267994e-07
trained_53tet,53tet-Q4,24000,20260826,470.0,452.8929,594.153865952179,452.9Hz_+50c,0,452.8456517269739,297.0617312216835,452.8929010489734,594.1538640405918,90.58392359802059,94.2852791570282,2786.030963095343,1986.789982276366,1,-729.9079701632048,469.99999042023506,-1199.907970163205,-9.579764935097046e-06,-1200.0885914229282,-5.569945989790292e-06
trained_53tet,53tet-Q4,24000,20260826,470.0,452.8929,594.153865952179,452.9Hz_+50c,1,452.87082616201667,297.03128954286325,452.8929010506136,594.1538640367031,90.58938705636118,62.727299905519104,2786.0227884589926,2692.139454580424,1,-730.1816285576697,469.9999904026344,-1200.1816285576697,-9.597365590252593e-06,-1200.2660103424862,-5.5812765093707764e-06
trained_53tet,53tet-Q4,24000,20260826,470.0,452.8929,594.153865952179,452.9Hz_+50c,2,452.8810532868661,292.3272267795712,452.8929010350371,594.1538640395894,90.59178908459374,93.5052924249092,2786.0159802282105,1973.3571309711392,1,-757.8575747476046,469.99999047058765,-1227.8575747476048,-9.529412352549116e-06,-1227.9028607333044,-5.5728665537432195e-06
trained_53tet,53tet-Q4,24000,20260826,470.0,452.8929,594.153865952179,452.9Hz_+50c,3,452.86199650712086,297.0050679470301,452.8929010354486,594.1538640387236,90.59509016790894,62.37919043335959,2785.8800466436164,2701.620977085523,1,-730.3007124201984,469.99999046649157,-1200.3007124201984,-9.533508432468807e-06,-1200.4188485281775,-5.575389444328687e-06
trained_53tet,53tet-Q4,24000,20260826,470.0,452.8929,594.153865952179,452.9Hz_+50c,4,452.8784604580394,297.0243243011224,452.89290104455125,594.1538640365844,90.59730228931852,93.75527424016155,2785.9007129052934,1996.331190772274,1,-730.2514097761378,469.9999904254628,-1200.2514097761377,-9.574537216394674e-06,-1200.306607429295,-5.581622479434304e-06
trained_53tet,53tet-Q4,24000,20260826,475.0,440.0,578.9091089468005,440Hz_ongrid,0,440.0023656834526,289.4121214036441,439.9999989111601,578.9091079645309,62.8606141582575,144.7084244795547,3368.739609331608,1199.9717204721615,1,-725.2631197739339,475.00000134668625,-1200.2631197739338,1.346686246961326e-06,-1200.2538117268145,-2.9374880326510003e-06
trained_53tet,53tet-Q4,24000,20260826,475.0,440.0,578.9091089468005,440Hz_ongrid,1,439.9908077907422,289.39251111330697,439.99999891324904,578.9091079688961,93.57834593476503,144.68629651929905,2679.8721002214556,1200.1191600837512,1,-725.3349542210914,475.0000013515214,-1200.3349542210913,1.3515214050130453e-06,-1200.3711224753797,-2.924433813351734e-06
trained_53tet,53tet-Q4,24000,20260826,475.0,440.0,578.9091089468005,440Hz_ongrid,2,440.0003404330545,289.3879797894981,439.99999891288553,578.9091079656208,62.85792694526758,144.69302838213096,3368.805650441668,1200.0115043404016,1,-725.3995699204409,475.00000134315684,-1200.3995699204409,1.3431568390842585e-06,-1200.398230445288,-2.934228610246372e-06
trained_53tet,53tet-Q4,24000,20260826,475.0,440.0,578.9091089468005,440Hz_ongrid,3,440.0082115418956,289.42748968959853,439.99999891248183,578.909107967976,62.85722724114118,144.71751078662604,3368.855891355036,1199.9549480120697,1,-725.1941916536297,475.00000135178817,-1200.1941916536298,1.351788171177759e-06,-1200.1618826348297,-2.9271856207916917e-06
trained_53tet,53tet-Q4,24000,20260826,475.0,440.0,578.9091089468005,440Hz_ongrid,4,440.01018930309556,289.47705114909735,439.9999989078032,578.9091079676218,62.85754976741103,144.74200486258107,3368.854789836833,1199.9583843383223,1,-724.9055427174458,475.0000013691376,-1199.9055427174458,1.3691375784219417e-06,-1199.865452116972,-2.9282446735956437e-06
trained_53tet,53tet-Q4,24000,20260826,475.0,452.8929,595.8723299712101,452.9Hz_+50c,0,452.8604969700103,297.9075672123167,452.89290104742594,595.8723313365354,64.69361640121002,148.9524186992188,3368.845717395222,1200.0158638749328,1,-725.0423139708909,474.99999996288165,-1200.042313970891,-3.711835461217561e-08,-1200.16618262879,3.966785095941034e-06
trained_53tet,53tet-Q4,24000,20260826,475.0,452.8929,595.8723299712101,452.9Hz_+50c,1,452.7950478086093,297.97351210910693,452.89290103921246,595.8723313310392,90.57864928906761,148.9865405650437,2785.9382981170074,1200.0025040014038,1,-724.4089071953078,474.99999997831014,-1199.4089071953078,-2.1689857021556236e-08,-1199.7829986173708,3.950816655541332e-06
trained_53tet,53tet-Q4,24000,20260826,475.0,452.8929,595.8723299712101,452.9Hz_+50c,2,452.84571627408565,297.8380278090662,452.8929010403313,595.8723313292473,90.57860429354821,148.9200119913532,2786.1328750453918,1199.9883969410546,1,-725.3899705282478,474.99999996882735,-1200.3899705282479,-3.117264668617281e-08,-1200.5703450236504,3.945610959347445e-06
trained_53tet,53tet-Q4,24000,20260826,475.0,452.8929,595.8723299712101,452.9Hz_+50c,3,452.8338500622704,297.9550569751035,452.8929010506494,595.8723313367174,90.58814126682628,148.94553167477736,2785.905238674725,1200.3718676353515,1,-724.6644870132712,474.9999999510885,-1199.6644870132714,-4.8911488192970864e-08,-1199.8902267585763,3.967314045724132e-06
trained_53tet,53tet-Q4,24000,20260826,475.0,452.8929,595.8723299712101,452.9Hz_+50c,4,452.8111431590473,297.99573858667014,452.8929010418806,595.8723313377249,90.57568147839437,148.99666340964373,2786.056561443309,1200.0140114443493,1,-724.3413140740563,474.9999999875355,-1199.3413140740563,-1.246451120096026e-08,-1199.6538670062312,3.9702413368566075e-06
trained_53tet,53tet-Q4,24000,20260826,480.0,440.0,580.5834807400735,440Hz_ongrid,0,440.0137091153985,290.1896526179521,439.9999989085106,580.5834792614521,62.85946276993,96.7557772125824,3368.815951133621,1901.4916398639082,1,-720.6628746190867,479.999999885518,-1200.6628746190868,-1.1448202030805987e-07,-1200.6089352608321,-4.409081114316797e-06
trained_53tet,53tet-Q4,24000,20260826,480.0,440.0,580.5834807400735,440Hz_ongrid,1,439.9820861071818,290.26360480930674,439.99999891260666,580.5834792594071,62.85310674558242,145.13254093561366,3368.8665882286436,1199.991190306532,1,-720.0973163832612,479.9999998633036,-1200.0973163832612,-1.3669642839886365e-07,-1200.167802229944,-4.415179028887939e-06
trained_53tet,53tet-Q4,24000,20260826,480.0,440.0,580.5834807400735,440Hz_ongrid,2,439.98464651144906,290.2630203517628,439.99999891281936,580.5834792622353,62.85601788073504,145.1272675575516,3368.796480010752,1200.0506097722016,1,-720.1108769027278,479.9999998709,-1200.1108769027278,-1.2909998758914298e-07,-1200.1712881434455,-4.406745624183979e-06
trained_53tet,53tet-Q4,24000,20260826,480.0,440.0,580.5834807400735,440Hz_ongrid,3,439.9972528466915,290.2830140752584,439.99999890736626,580.5834792625034,62.85552314963504,145.1424447596831,3368.8597085650736,1199.9888149769342,1,-720.0412333776815,479.99999989315523,-1200.0412333776815,-1.0684476592359715e-07,-1200.0520424235738,-4.405946433337773e-06
trained_53tet,53tet-Q4,24000,20260826,480.0,440.0,580.5834807400735,440Hz_ongrid,4,439.98435028555514,290.2110378395546,439.99999891463534,580.583479262814,62.85789786967452,145.10613092989036,3368.7435349482093,1199.9926982066595,1,-720.4197816680762,479.99999986548045,-1200.4197816680762,-1.3451955283017014e-07,-1200.4813584870258,-4.405020194596103e-06
trained_53tet,53tet-Q4,24000,20260826,480.0,452.8929,597.5957642828773,452.9Hz_+50c,0,452.87063300797803,298.8073711549658,452.8929010496929,597.5957631916164,90.59100620509564,94.08686914318406,2785.991107147462,2000.580527576938,1,-719.8599013825504,479.9999928260493,-1199.8599013825506,-7.173950677952234e-06,-1199.9450215565512,-3.161381405701763e-06
trained_53tet,53tet-Q4,24000,20260826,480.0,452.8929,597.5957642828773,452.9Hz_+50c,1,452.8322490663065,298.7965694739911,452.8929010446538,597.5957631934452,90.58235149297819,149.39809501983333,2786.0097700436727,1200.0021984524121,1,-719.7757450667112,479.99999285061006,-1199.7757450667114,-7.149389944061113e-06,-1200.007605608031,-3.1560830663918463e-06
trained_53tet,53tet-Q4,24000,20260826,480.0,452.8929,597.5957642828773,452.9Hz_+50c,2,452.82099809775895,298.6884015682878,452.89290104030715,597.5957631962752,144.42520421655237,95.51543303109013,1978.3419904289342,1973.802545651323,1,-720.3595714283709,479.99999287542437,-1200.359571428371,-7.124575631678454e-06,-1200.6344463571431,-3.147884729131297e-06
trained_53tet,53tet-Q4,24000,20260826,480.0,452.8929,597.5957642828773,452.9Hz_+50c,3,452.8522035387896,298.81466368754104,452.8929010412918,597.5957631890296,90.5827675474953,149.41167042497463,2786.078105068179,1199.9497280999622,1,-719.7471967114276,479.99999285066986,-1199.7471967114275,-7.1493301447844715e-06,-1199.9027705016608,-3.1688751172673076e-06
trained_53tet,53tet-Q4,24000,20260826,480.0,452.8929,597.5957642828773,452.9Hz_+50c,4,452.81888125283217,298.793481130392,452.89290103775267,597.5957631950653,90.57605757220747,127.55935153792441,2786.0789577454725,1473.5760049510388,1,-719.7425315224405,479.9999928816839,-1199.7425315224405,-7.11831609123692e-06,-1200.0254996328351,-3.1513899824866783e-06
trained_53tet,53tet-Q4,24000,20260826,485.0,440.0,582.2626952985729,440Hz_ongrid,0,439.98131781970864,291.03529823937237,439.999998916617,582.2626923165607,62.85463360638783,97.02999059343699,3368.8215096420713,1901.6298038646419,1,-715.4977502516962,484.9999953963255,-1200.4977502516963,-4.603674483405484e-06,-1200.5712591455354,-8.866377973445707e-06
trained_53tet,53tet-Q4,24000,20260826,485.0,440.0,582.2626952985729,440Hz_ongrid,1,439.98997628909154,291.0197533009519,439.9999989077426,582.2626923204888,62.856336884160264,97.02387243457194,3368.808665038261,1901.646496969684,1,-715.6242912751921,484.9999954429222,-1200.6242912751923,-4.557077772915363e-06,-1200.663731246308,-8.854698600695673e-06
trained_53tet,53tet-Q4,24000,20260826,485.0,440.0,582.2626952985729,440Hz_ongrid,2,439.9904506408148,291.11178156528,439.99999891888626,582.2626923166398,62.854853365507346,145.54929572101685,3368.8513920856262,1200.0784430904637,1,-715.0787815383493,484.999995387632,-1200.0787815383492,-4.612368002199219e-06,-1200.1163550728277,-8.866142713802062e-06
trained_53tet,53tet-Q4,24000,20260826,485.0,440.0,582.2626952985729,440Hz_ongrid,3,440.00912289940624,291.08929362554164,439.9999989075638,582.2626923161744,92.55628860593795,145.54789536717797,2698.9566188043805,1199.9613593123477,1,-715.2859902163375,484.9999954307978,-1200.2859902163375,-4.569202189941279e-06,-1200.2500954200952,-8.867526594058798e-06
trained_53tet,53tet-Q4,24000,20260826,485.0,440.0,582.2626952985729,440Hz_ongrid,4,440.00548861870027,291.022889080191,439.99999891575425,582.2626923196638,93.44712825761685,145.51252846508078,2682.3591431922787,1199.98710396383,1,-715.6666725634624,484.99999540894663,-1200.6666725634623,-4.5910533685855626e-06,-1200.6450770536633,-8.857151528450721e-06
trained_53tet,53tet-Q4,24000,20260826,485.0,452.8929,599.3241832626978,452.9Hz_+50c,0,452.8495256448664,299.64238729671786,452.8929010471447,599.3241852753482,90.58343265703586,149.82404465154687,2786.0551559214773,1199.9670560171683,1,-714.9480300574144,485.00000181100165,-1199.9480300574144,1.811001652640698e-06,-1200.1138413485605,5.813830070547451e-06
trained_53tet,53tet-Q4,24000,20260826,485.0,452.8929,599.3241832626978,452.9Hz_+50c,1,452.83991715465737,299.6893467516988,452.8929010459951,599.3241852708975,90.57557168652929,149.84393988050735,2786.1686681693022,1200.0084744768726,1,-714.6400017614833,485.00000180253966,-1199.6400017614833,1.8025396570919838e-06,-1199.8425464948548,5.800973438660167e-06
trained_53tet,53tet-Q4,24000,20260826,485.0,452.8929,599.3241832626978,452.9Hz_+50c,2,452.83632219635547,299.6507288080878,452.8929010488492,599.3241852707687,90.57661703548453,149.82535265367997,2786.1349440063723,1200.0001357756148,1,-714.8493590129439,485.0000017912574,-1199.8493590129438,1.7912573753164907e-06,-1200.0656475411658,5.800601328638731e-06
trained_53tet,53tet-Q4,24000,20260826,485.0,452.8929,599.3241832626978,452.9Hz_+50c,3,452.9025676462865,299.6992963998561,452.89290105037855,599.3241852707098,90.5963707204487,149.85158256019162,2786.0106673752466,1199.9776522082143,1,-714.8220259697882,485.000001785241,-1199.8220259697882,1.7852410110208439e-06,-1199.7850706989263,5.800431034486358e-06
trained_53tet,53tet-Q4,24000,20260826,485.0,452.8929,599.3241832626978,452.9Hz_+50c,4,452.85720299359616,299.6889734849443,452.89290103859804,599.3241852718758,75.48784452750725,149.84384103352957,3101.687936760514,1200.0074602392122,1,-714.7082415694447,485.0000018336414,-1199.7082415694447,1.8336414200348372e-06,-1199.8447027694242,5.8037992452382415e-06
trained_53tet,53tet-Q4,24000,20260826,490.0,440.0,583.94676662897,440Hz_ongrid,0,439.96342914036836,291.8931391689275,439.9999989149176,583.9467685444935,62.85279061499125,145.94769116543375,3368.801883119123,1199.9866957359213,1,-710.3319684551789,490.00000994836563,-1200.3319684551789,9.948365629952605e-06,-1200.4758669749076,5.67897555360103e-06
trained_53tet,53tet-Q4,24000,20260826,490.0,440.0,583.94676662897,440Hz_ongrid,1,440.00292863955127,291.85932512771967,439.999998908393,583.9467685464665,62.85840909763464,145.9283784873645,3368.8025546228046,1200.0152336865026,1,-710.6879545593847,490.0000099798869,-1200.6879545593847,9.97988689732665e-06,-1200.6764315056685,5.6848251385148585e-06
trained_53tet,53tet-Q4,24000,20260826,490.0,440.0,583.94676662897,440Hz_ongrid,2,439.9995865749722,292.00367019751,439.99999891485214,583.9467685446791,62.8562947743945,146.00667447861585,3368.847638154639,1199.9426174312225,1,-709.818798863701,490.0000099491737,-1199.818798863701,9.94917371599513e-06,-1199.8204255360213,5.67952603040964e-06
trained_53tet,53tet-Q4,24000,20260826,490.0,440.0,583.94676662897,440Hz_ongrid,3,440.0120389695405,291.9381789555379,439.99999890767555,583.9467685456027,62.85920062192201,145.96805469045333,3368.816599855213,1200.0122729092218,1,-710.2561223202895,490.00000998014906,-1200.2561223202895,9.980149059174437e-06,-1200.2087541638039,5.682264191239056e-06
trained_53tet,53tet-Q4,24000,20260826,490.0,440.0,583.94676662897,440Hz_ongrid,4,439.9990968814865,291.7977846989239,439.99999891339826,583.9467685428434,62.85362665748551,145.93475742635914,3368.919200179909,1199.574477839296,1,-711.0379584732145,490.0000099494518,-1201.0379584732145,9.949451794000197e-06,-1201.0415119075908,5.6740839213457445e-06
trained_53tet,53tet-Q4,24000,20260826,490.0,452.8929,601.0576013277669,452.9Hz_+50c,0,452.91010332893904,300.5296802002142,452.8929010466731,601.0576003918692,90.59572844066054,150.26354635593668,2786.051746081717,1200.0149055733807,1,-710.0606937383238,489.9999933032962,-1200.0606937383238,-6.696703792385961e-06,-1199.9949333274824,-2.695678215508017e-06
trained_53tet,53tet-Q4,24000,20260826,490.0,452.8929,601.0576013277669,452.9Hz_+50c,1,452.85328486113536,300.47114283516004,452.8929010460329,601.0576003932606,90.59115493786243,150.23838517372562,2785.9219450276632,1199.967576088787,1,-710.1807371107236,489.9999933097511,-1200.1807371107236,-6.690248881113803e-06,-1200.3321770581417,-2.6916705367399187e-06
trained_53tet,53tet-Q4,24000,20260826,490.0,452.8929,601.0576013277669,452.9Hz_+50c,2,452.8254362822145,300.4949574024523,452.8929010377323,601.0576003918117,90.58492157413676,150.25379415109154,2785.934604346812,1199.927231444047,1,-709.9370624940884,489.9999933373076,-1199.9370624940884,-6.662692385361879e-06,-1200.1949693528638,-2.695843896727052e-06
trained_53tet,53tet-Q4,24000,20260826,490.0,452.8929,601.0576013277669,452.9Hz_+50c,3,452.81481719623144,300.5511990848126,452.89290104699387,601.0576003933738,90.58134931916875,150.2772800666824,2785.962278470939,1199.9806398072053,1,-709.5724698470939,489.99999330640384,-1199.572469847094,-6.69359616267684e-06,-1199.870975880109,-2.691344363852793e-06
trained_53tet,53tet-Q4,24000,20260826,490.0,452.8929,601.0576013277669,452.9Hz_+50c,4,452.86639715313186,300.4546067432769,452.89290104039515,601.0576003937891,90.58918386285626,150.2221741692619,2786.0097403575464,1200.0591104359532,1,-710.3261431240338,489.9999933328244,-1200.326143124034,-6.667175625807431e-06,-1200.4274562014766,-2.6901482684629396e-06
trained_53tet,53tet-Q4,24000,20260826,495.0,440.0,585.635708778447,440Hz_ongrid,0,439.9980428105894,292.58572453889747,439.9999989145695,585.6357098585015,62.85749957721783,97.02916848118952,3368.8083807650432,1910.8427602288402,1,-706.3652703623698,495.0000074635755,-1201.3652703623698,7.463575514066179e-06,-1201.3729711816516,3.1928162397418775e-06
trained_53tet,53tet-Q4,24000,20260826,495.0,440.0,585.635708778447,440Hz_ongrid,1,440.00005321700814,292.7561034098662,439.9999989103421,585.6357098597969,62.85933447860629,96.50200044651578,3368.765754483215,1921.282193067493,1,-705.3653396921941,495.0000074840384,-1200.365339692194,7.484038405891624e-06,-1200.365130303351,3.1966453595033514e-06
trained_53tet,53tet-Q4,24000,20260826,495.0,440.0,585.635708778447,440Hz_ongrid,2,439.99977238830326,292.8351383498861,439.99999890873056,585.6357098617469,62.85892593895981,144.54375552895465,3368.775901318178,1222.2988731438447,1,-704.8969190726951,495.00000749614384,-1199.8969190726953,7.496143837215641e-06,-1199.8978146391073,3.202409989554843e-06
trained_53tet,53tet-Q4,24000,20260826,495.0,440.0,585.635708778447,440Hz_ongrid,3,439.99204412386035,292.7114862363731,439.9999989145797,585.6357098546176,62.85676442199841,117.17453373570758,3368.805025842466,1584.9843664411735,1,-705.5976935863279,495.0000074520541,-1200.5976935863278,7.452054092027538e-06,-1200.6289972412992,3.181334646625101e-06
trained_53tet,53tet-Q4,24000,20260826,495.0,440.0,585.635708778447,440Hz_ongrid,4,439.994544761381,292.8331314393194,439.99999891287683,585.635709858916,93.2260052238612,145.2854413869594,2686.417540126234,1213.4263784670545,1,-704.8882150455588,495.0000074714611,-1199.8882150455588,7.471461117347644e-06,-1199.9096794850814,3.1940413581717365e-06
trained_53tet,53tet-Q4,24000,20260826,495.0,452.8929,602.796032936878,452.9Hz_+50c,0,452.8388254816898,301.1648561135282,452.89290104107874,602.7960359002652,90.5822007487104,150.5815940307506,2786.037793382664,1200.009588756468,1,-706.1330760785115,495.0000045312263,-1201.1330760785115,4.53122629551217e-06,-1201.3397943478683,8.510866974116091e-06
trained_53tet,53tet-Q4,24000,20260826,495.0,452.8929,602.796032936878,452.9Hz_+50c,1,452.85878722238147,301.2785970893513,452.89290104319196,602.7960359025026,90.58331467871498,150.63777597808388,2786.0928171798046,1200.0174983053714,1,-705.5556775235804,495.00000452957397,-1200.5556775235805,4.529573971012724e-06,-1200.6860823640736,8.517292791377022e-06
trained_53tet,53tet-Q4,24000,20260826,495.0,452.8929,602.796032936878,452.9Hz_+50c,2,452.8781175794576,301.21735746481403,452.89290105353393,602.7960358974525,90.58898322845862,95.53239125314116,2786.0583793407304,1988.09162978218,1,-705.9815103597098,495.0000044755368,-1200.9815103597098,4.475536798054236e-06,-1201.0380187470973,8.502788957609644e-06
trained_53tet,53tet-Q4,24000,20260826,495.0,452.8929,602.796032936878,452.9Hz_+50c,3,452.85996685007905,301.23888092072235,452.8929010369858,602.7960359020091,144.3183279613438,150.62111080370494,1979.7725767952788,1199.9808010225831,1,-705.7884227649838,495.00000455188035,-1200.7884227649838,4.551880351755244e-06,-1200.9143180121266,8.515875467361646e-06
trained_53tet,53tet-Q4,24000,20260826,495.0,452.8929,602.796032936878,452.9Hz_+50c,4,452.87352283882524,301.43733794117406,452.8929010497943,602.7960359036359,90.59783783393739,150.6872243901217,2785.871603843632,1200.361226702973,1,-704.7000787288274,495.00000450759075,-1199.7000787288275,4.507590745106427e-06,-1199.7741516914791,8.52054760082594e-06
trained_53tet,53tet-Q4,24000,20260826,500.0,440.0,587.3295358348151,440Hz_ongrid,0,440.0064792039056,293.6160781330444,439.99999891079096,587.3295347993014,62.85829755174026,93.46257765700864,3368.8195967830575,1981.7642870039756,1,-700.3125564172809,500.0000012333088,-1200.312556417281,1.2333088079685695e-06,-1200.287063381315,-3.052318187442458e-06
trained_53tet,53tet-Q4,24000,20260826,500.0,440.0,587.3295358348151,440Hz_ongrid,1,440.0013396291236,293.6148740700184,439.99999892035345,587.3295347953654,62.85406276051524,146.80186308517548,3368.9160126047477,1200.0657323302573,1,-700.2994337808286,500.00000118408184,-1200.2994337808286,1.184081838800921e-06,-1200.2941628535073,-3.063920293505939e-06
trained_53tet,53tet-Q4,24000,20260826,500.0,440.0,587.3295358348151,440Hz_ongrid,2,440.01183244074207,293.5873999292251,439.9999989102318,587.3295347978551,92.95040033484273,146.79761929286627,2691.6112033626932,1199.9537774172625,1,-700.5027210888902,500.0000012312457,-1200.5027210888902,1.2312456760810164e-06,-1200.4561655232892,-3.056581307441256e-06
trained_53tet,53tet-Q4,24000,20260826,500.0,440.0,587.3295358348151,440Hz_ongrid,3,439.98633537762834,293.5850154361985,439.99999891036225,587.3295347967218,62.853778598622405,146.79588112264452,3368.8648025976136,1199.9602153693247,1,-700.4164605526341,500.00000122739164,-1200.4164605526341,1.2273916354388348e-06,-1200.4702265227825,-3.059922032810926e-06
trained_53tet,53tet-Q4,24000,20260826,500.0,440.0,587.3295358348151,440Hz_ongrid,4,439.9943877773714,293.5877282631766,439.99999890421276,587.3295348010489,62.857257006427126,146.79236473840143,3368.800680411153,1200.017683394402,1,-700.4321472757658,500.00000126434236,-1200.4321472757658,1.2643423588087899e-06,-1200.4542293959264,-3.0471672698208397e-06
trained_53tet,53tet-Q4,24000,20260826,500.0,452.8929,604.5394925906439,452.9Hz_+50c,0,452.8516982724225,302.1978615394654,452.89290104010354,604.5394915324176,90.5917519872371,151.0991250114236,2785.9044697523614,1199.9977744540536,1,-700.2542597142781,499.99999299361934,-1200.254259714278,-7.006380656093825e-06,-1200.411765116679,-3.0304676792900798e-06
trained_53tet,53tet-Q4,24000,20260826,500.0,452.8929,604.5394925906439,452.9Hz_+50c,1,452.86037160313737,302.2549885624201,452.8929010379825,604.5394915374396,90.5893382543069,151.12848718114992,2785.9837549682647,1199.9886259178404,1,-699.960178279997,499.9999930161091,-1199.9601782799969,-6.983890898482059e-06,-1200.0845262012242,-3.016086088181678e-06
trained_53tet,53tet-Q4,24000,20260826,500.0,452.8929,604.5394925906439,452.9Hz_+50c,2,452.8524248858266,302.23415404017186,452.8929010403186,604.539491535662,90.59156823237426,151.12724403630818,2785.910759175362,1199.8835281033141,1,-700.0491371787731,499.9999930020886,-1200.049137178773,-6.997911384587496e-06,-1200.2038647692298,-3.0211766532477663e-06
trained_53tet,53tet-Q4,24000,20260826,500.0,452.8929,604.5394925906439,452.9Hz_+50c,3,452.883206221004,302.2087747089986,452.8929010441221,604.5394915360622,90.59226072624561,94.01884716805053,2786.0151970783704,2021.4283851446717,1,-700.3121908166457,499.99999298869517,-1200.3121908166459,-7.01130483093948e-06,-1200.3492467737356,-3.0200307235168223e-06
trained_53tet,53tet-Q4,24000,20260826,500.0,452.8929,604.5394925906439,452.9Hz_+50c,4,452.78873027870486,302.07678794506734,452.8929010340837,604.5394915365731,90.58101032679325,95.49900894207988,2785.8690172223473,1993.6291954281537,1,-700.7072654058411,499.9999930285312,-1200.707265405841,-6.971468792471569e-06,-1201.1055116839016,-3.018567462355858e-06
trained_53tet,53tet-Q4,24000,20260826,505.0,440.0,589.0282619266312,440Hz_ongrid,0,439.9873550430426,294.5285126078488,439.99999891777117,589.02825999151,62.854241468486116,147.2647898857823,3368.856065552609,1199.9937272395214,1,-694.8657090001767,504.99999857057844,-1199.8657090001766,-1.4294215588961379e-06,-1199.9154628515469,-5.687583884027642e-06
trained_53tet,53tet-Q4,24000,20260826,505.0,440.0,589.0282619266312,440Hz_ongrid,1,440.0079531298691,294.46118424824624,439.999998916299,589.0282599869143,62.8600769580681,147.22808862126374,3368.7763885752074,1200.029438081983,1,-695.3425554343578,504.99999856286377,-1200.3425554343578,-1.437136234017089e-06,-1200.311263150743,-5.701091324130997e-06
trained_53tet,53tet-Q4,24000,20260826,505.0,440.0,589.0282619266312,440Hz_ongrid,2,439.99606934918893,294.470596307462,439.9999989124167,589.0282599965484,62.857933906201076,147.23648866421425,3368.7886535508496,1199.9860016994726,1,-695.240461749057,504.99999860645494,-1200.240461749057,-1.3935450624558143e-06,-1200.2559274465896,-5.672775596485461e-06
trained_53tet,53tet-Q4,24000,20260826,505.0,440.0,589.0282619266312,440Hz_ongrid,3,439.9944820623982,294.4952816465542,439.9999989051181,589.0282599974751,62.85537620847379,147.24701768879623,3368.85285368688,1200.0073263918327,1,-695.0890938096458,504.9999986378956,-1200.0890938096459,-1.3621043990497128e-06,-1200.1108049490942,-5.670051851057405e-06
trained_53tet,53tet-Q4,24000,20260826,505.0,440.0,589.0282619266312,440Hz_ongrid,4,439.99434746235306,294.4763372586466,439.9999989119763,589.0282599906066,93.49978224276794,147.24021321293992,2681.3400955876155,1199.9759598463481,1,-695.1999351696102,504.9999985907236,-1200.1999351696102,-1.409276421782124e-06,-1200.2221759161935,-5.690239396470971e-06
trained_53tet,53tet-Q4,24000,20260826,505.0,452.8929,606.2879948316172,452.9Hz_+50c,0,452.8415969654686,303.0357838250242,452.89290103208725,606.2879968176163,90.58741587751773,151.52462311680347,2785.948718695067,1199.923091384975,1,-695.4219878083697,505.00000172568105,-1200.4219878083697,1.7256810451726778e-06,-1200.6181105365945,5.670950585824099e-06
trained_53tet,53tet-Q4,24000,20260826,505.0,452.8929,606.2879948316172,452.9Hz_+50c,1,452.8932525948216,303.1184811438292,452.89290103670317,606.2879968095052,90.58356937205896,151.5579580183391,2786.2197021446536,1200.014650441677,1,-695.1470756007425,505.0000016848753,-1200.1470756007425,1.6848753148224205e-06,-1200.1457277679035,5.647789812277229e-06
trained_53tet,53tet-Q4,24000,20260826,505.0,452.8929,606.2879948316172,452.9Hz_+50c,2,452.8174298117257,303.096687763246,452.89290104478624,606.2879968159713,90.58348850959385,93.71230407914639,2785.931382433612,2032.1612405947499,1,-694.981685860333,505.0000016724405,-1199.981685860333,1.6724404758861056e-06,-1200.270203183437,5.6662530812142864e-06
trained_53tet,53tet-Q4,24000,20260826,505.0,452.8929,606.2879948316172,452.9Hz_+50c,3,452.8679846373696,303.06359402330423,452.89290104755037,606.287996814018,90.58160450292206,151.5305608041931,2786.1606629210487,1200.0141235913309,1,-695.3639946289735,505.0000016562967,-1200.3639946289736,1.6562967175559606e-06,-1200.459239024869,5.6606756594152695e-06
trained_53tet,53tet-Q4,24000,20260826,505.0,452.8929,606.2879948316172,452.9Hz_+50c,4,452.82879728783956,303.05570502174703,452.8929010386094,606.2879968129557,90.58336382531856,151.5291040372917,2785.977225557237,1199.9857011356999,1,-695.2592479269634,505.0000016874413,-1200.2592479269633,1.6874412835932162e-06,-1200.5043050972781,5.657642655211372e-06
trained_53tet,53tet-Q4,24000,20260826,510.0,440.0,590.731901223316,440Hz_ongrid,0,440.00012084598404,295.27761971049955,439.99999891182887,590.7319033105623,62.8592626950115,147.64122559928128,3368.7679975994724,1199.971672867657,1,-690.5182885011504,510.00001039855147,-1200.5182885011504,1.0398551467005746e-05,-1200.5178130178472,6.117008248128582e-06
trained_53tet,53tet-Q4,24000,20260826,510.0,440.0,590.731901223316,440Hz_ongrid,1,440.0078245933278,295.3485012587962,439.9999989181952,590.7319033119377,62.85866275542043,147.67030672131148,3368.81483193977,1200.046236355446,1,-690.1330657940023,510.00001037753304,-1200.1330657940023,1.0377533044447773e-05,-1200.1022792441308,6.121039183752615e-06
trained_53tet,53tet-Q4,24000,20260826,510.0,440.0,590.731901223316,440Hz_ongrid,2,439.9971131685173,295.4283244100667,439.9999989133055,590.7319033183215,93.36859230907267,147.70682938910633,2683.7817851421487,1200.0859439306766,1,-689.6230872384061,510.00001041548126,-1199.6230872384062,1.0415481256131898e-05,-1199.634445868752,6.139748091428066e-06
trained_53tet,53tet-Q4,24000,20260826,510.0,440.0,590.731901223316,440Hz_ongrid,3,439.9826601883035,295.2747042201234,439.9999989154785,590.7319033180858,62.85567411752501,93.48814005564468,3368.7981325333617,1991.043008673449,1,-690.4666798697648,510.00001040624016,-1200.466679869765,1.0406240164684277e-05,-1200.5349068332619,6.139056920128054e-06
trained_53tet,53tet-Q4,24000,20260826,510.0,440.0,590.731901223316,440Hz_ongrid,4,440.0058992324046,295.30489864656596,439.99999891100896,590.7319033183721,93.27815395625065,147.64644297677845,2685.4940692825794,1200.070426214603,1,-690.3810931283043,510.00001042466545,-1200.3810931283042,1.0424665447317238e-05,-1200.357882029353,6.139896089732018e-06
trained_53tet,53tet-Q4,24000,20260826,510.0,452.8929,608.0415542444116,452.9Hz_+50c,0,452.89289106930875,303.95156772850544,452.892901038976,608.0415528050077,90.5914774835824,151.97937931468832,2786.067186866758,1199.9590428657239,1,-690.3941208272637,509.9999919300835,-1200.3941208272636,-8.069916475506034e-06,-1200.394154965836,-4.098313889402823e-06
trained_53tet,53tet-Q4,24000,20260826,510.0,452.8929,608.0415542444116,452.9Hz_+50c,1,452.9145734501965,303.9668290265213,452.8929010502838,608.0415528058602,90.58996573249729,94.21458032736346,2786.1789585442552,2027.8699758602836,1,-690.3900797328052,509.99999188928575,-1200.3900797328051,-8.11071424777765e-06,-1200.3072325140577,-4.095886524998078e-06
trained_53tet,53tet-Q4,24000,20260826,510.0,452.8929,608.0415542444116,452.9Hz_+50c,2,452.850611666188,303.8061496053716,452.89290103951754,608.0415528088187,113.21601363711066,93.311430624292,2399.9486090347286,2043.6304154740626,1,-691.0609598882432,509.99999193886424,-1201.0609598882434,-8.061135758907767e-06,-1201.222619348088,-4.0874631149863886e-06
trained_53tet,53tet-Q4,24000,20260826,510.0,452.8929,608.0415542444116,452.9Hz_+50c,3,452.87702535204176,608.1886053828983,452.89290104359674,608.0415528040054,150.96831091260725,94.38603795088142,1901.8483212918616,3225.448100812794,0,510.4793214579321,509.9999919095667,0.47932145793208747,-8.090433311735978e-06,0.4186377670832186,-4.101167565807709e-06
trained_53tet,53tet-Q4,24000,20260826,510.0,452.8929,608.0415542444116,452.9Hz_+50c,4,452.8871718063251,303.94625102187547,452.89290103828563,608.0415528044853,90.59322589586515,94.84445012829444,2786.0119117693166,2016.2171556203195,1,-690.4025410927655,509.9999919312351,-1200.4025410927657,-8.068764884683333e-06,-1200.4244378958383,-4.099801176263536e-06
trained_53tet,53tet-Q4,24000,20260826,515.0,440.0,592.4404679352722,440Hz_ongrid,0,439.98057314066625,296.22659830599434,439.9999989121755,592.4404675097052,62.85413304694924,148.11245141026117,3368.832366677486,1200.0099089365908,1,-684.8863655115961,515.0000030365837,-1199.886365511596,3.036583734683518e-06,-1199.9628045634956,-1.2435951559543359e-06
trained_53tet,53tet-Q4,24000,20260826,515.0,440.0,592.4404679352722,440Hz_ongrid,1,439.9824250155512,296.1223058972822,439.9999989108225,592.4404675117959,62.854684338959125,94.52343190533328,3368.824468869663,1976.9391024139989,1,-685.5032746153917,515.0000030480168,-1200.5032746153915,3.04801676520583e-06,-1200.5724269316847,-1.2374857090589424e-06
trained_53tet,53tet-Q4,24000,20260826,515.0,440.0,592.4404679352722,440Hz_ongrid,2,440.00564513241335,296.1687884498113,439.9999989106311,592.4404675112448,62.85839166323658,148.08361037258655,3368.813723068385,1200.0091639326545,1,-685.3229064048114,515.0000030471595,-1200.3229064048114,3.047159452762571e-06,-1200.3006950803733,-1.2390960074950318e-06
trained_53tet,53tet-Q4,24000,20260826,515.0,440.0,592.4404679352722,440Hz_ongrid,3,439.97487636904265,296.1945319604648,439.9999989112698,592.4404675112852,62.85383810700578,94.69089935479803,3368.8180746450507,1974.2967909462996,1,-685.0513648850157,515.0000030447643,-1200.0513648850156,3.044764298465452e-06,-1200.1502197194648,-1.2389779932625468e-06
trained_53tet,53tet-Q4,24000,20260826,515.0,440.0,592.4404679352722,440Hz_ongrid,4,439.9768618437398,296.19712391503595,439.9999989118155,592.4404675125388,62.853874890584386,93.89932032612121,3368.8248740080717,1988.845214088269,1,-685.044027700569,515.0000030462807,-1200.0440277005691,3.046280653506983e-06,-1200.1350700124667,-1.2353147469157565e-06
trained_53tet,53tet-Q4,24000,20260826,515.0,452.8929,609.8001854558237,452.9Hz_+50c,0,452.80295300046356,304.75168813781744,452.89290104502356,609.800186573872,113.2072963674502,93.73716239751508,2399.899706421203,2041.1294220622435,1,-685.4989852412073,514.9999991794394,-1200.4989852412073,-8.205605581679265e-07,-1200.84285191169,3.1741599963662064e-06
trained_53tet,53tet-Q4,24000,20260826,515.0,452.8929,609.8001854558237,452.9Hz_+50c,1,452.81928512885304,305.02280391572276,452.8929010502425,609.8001865753247,90.58728753228849,94.12219907357716,2785.8658702589246,2035.5722055577307,1,-684.021957493882,514.999999163614,-1199.021957493882,-8.363859933524509e-07,-1199.3033814910864,3.1782839595025913e-06
trained_53tet,53tet-Q4,24000,20260826,515.0,452.8929,609.8001854558237,452.9Hz_+50c,2,452.86242404767637,305.1507961741513,452.8929010386889,609.8001865753347,90.5896554001382,93.72892890601672,2785.985540316554,2043.5472637796618,1,-683.4605797626706,514.9999992078072,-1198.4605797626705,-7.921928499854403e-07,-1198.5770814380332,3.178312405929893e-06
trained_53tet,53tet-Q4,24000,20260826,515.0,452.8929,609.8001854558237,452.9Hz_+50c,3,452.86245283334995,304.77783701431605,452.89290103820514,609.8001865757705,90.58895732384289,93.90205766509955,2785.9989911563794,2038.2351828993972,1,-685.57792005861,514.9999992108934,-1200.5779200586098,-7.891065934018116e-07,-1200.6943116900964,3.1795498255175143e-06
trained_53tet,53tet-Q4,24000,20260826,515.0,452.8929,609.8001854558237,452.9Hz_+50c,4,452.83702620743344,609.7206126434342,452.89290104639736,609.8001865762582,90.58699456837448,93.73127477478279,2785.939296131959,3241.8550926112443,0,514.9876736000024,514.9999991809623,-0.012326399997618864,-8.190377229766455e-07,-0.22592343254649436,3.18093447458698e-06
trained_53tet,53tet-Q4,24000,20260826,520.0,440.0,594.1539763140037,440Hz_ongrid,0,439.9886020401466,296.9987930752626,439.99999890983884,594.1539743981338,62.85307331819067,93.84086083911144,3368.893147549916,1994.6026984288158,1,-680.41089927877,519.9999987069497,-1200.41089927877,-1.293050331696577e-06,-1200.4557465327991,-5.5824237845425526e-06
trained_53tet,53tet-Q4,24000,20260826,520.0,440.0,594.1539763140037,440Hz_ongrid,1,439.98258329917354,296.9633412216193,439.9999989136615,594.1539743966252,62.85416486122104,153.24143898194168,3368.839399942352,1145.3740435053721,1,-680.5938815695513,519.9999986875134,-1200.5938815695513,-1.3124865745339775e-06,-1200.662411074724,-5.586819141994085e-06
trained_53tet,53tet-Q4,24000,20260826,520.0,440.0,594.1539763140037,440Hz_ongrid,2,439.98532406995616,296.9336996739304,439.99999890855963,594.1539744024882,62.85670659548674,125.22749131149098,3368.7801769737894,1494.7074288664994,1,-680.7774784984756,519.9999987246707,-1200.7774784984756,-1.2753292821798823e-06,-1200.8352237110403,-5.5697359090794965e-06
trained_53tet,53tet-Q4,24000,20260826,520.0,440.0,594.1539763140037,440Hz_ongrid,3,439.99918846535235,296.9445645376038,439.9999989171726,594.1539743964831,62.8585485500428,93.21279859851809,3368.7839977166054,2005.9123941464568,1,-680.768685582874,519.9999986732843,-1200.768685582874,-1.3267157328300527e-06,-1200.771878668578,-5.587233152836774e-06
trained_53tet,53tet-Q4,24000,20260826,520.0,440.0,594.1539763140037,440Hz_ongrid,4,439.9943375702424,297.1801406372533,439.99999891542336,594.1539743982121,62.85584975340913,93.85361786207109,3368.839242295047,1995.4241344888042,1,-679.3766973759842,519.9999986852048,-1199.3766973759843,-1.3147952131475904e-06,-1199.398977044792,-5.582195444300624e-06
trained_53tet,53tet-Q4,24000,20260826,520.0,452.8929,611.5639031349555,452.9Hz_+50c,0,452.8367816070977,305.7865781294411,452.8929010367457,611.5639001502949,90.5798673958416,152.89301052378136,2786.0745758022153,1200.0031539644428,1,-679.7592740077336,519.9999875878534,-1199.7592740077334,-1.2412146588758333e-05,-1199.9738061681976,-8.449069650899784e-06
trained_53tet,53tet-Q4,24000,20260826,520.0,452.8929,611.5639031349555,452.9Hz_+50c,1,452.76892778263675,305.76928863176335,452.89290104675354,611.5639001482634,90.57755849705542,152.88507020925016,2785.859275407041,1199.9951772784173,1,-679.5977321288074,519.9999875438466,-1199.5977321288074,-1.2456153399398318e-05,-1200.0716947461863,-8.454820442187508e-06
trained_53tet,53tet-Q4,24000,20260826,520.0,452.8929,611.5639031349555,452.9Hz_+50c,2,452.8948223964126,305.8238365419187,452.892901050964,611.5639001510497,90.59884175613057,94.42060651252284,2785.9338415246716,2034.632642942054,1,-679.7702262333611,519.9999875356389,-1199.770226233361,-1.2464361134334467e-05,-1199.76287767245,-8.446933093548374e-06
trained_53tet,53tet-Q4,24000,20260826,520.0,452.8929,611.5639031349555,452.9Hz_+50c,3,452.8490293664563,305.83870002469706,452.89290104581966,611.5639001523106,90.58589276817176,94.68827701762844,2786.0062415584935,2029.815894732297,1,-679.511030673084,519.9999875588733,-1199.511030673084,-1.2441126727935625e-05,-1199.678739227015,-8.44336364351482e-06
trained_53tet,53tet-Q4,24000,20260826,520.0,452.8929,611.5639031349555,452.9Hz_+50c,4,452.89956153971053,305.78884959659723,452.8929010480149,611.5639001472251,90.60223433565463,93.66195766189483,2785.88713039255,2048.400843502094,1,-679.986410428824,519.9999875360855,-1199.986410428824,-1.2463914458749059e-05,-1199.9609461313037,-8.457759650087645e-06
trained_53tet,53tet-Q4,24000,20260826,525.0,440.0,595.8724406522327,440Hz_ongrid,0,440.0137839148804,297.8847468092634,439.99999891728993,595.8724420167156,62.86033473760487,148.94180682957082,3368.792230437587,1200.006585606768,1,-675.3533594349818,525.0000082243927,-1200.353359434982,8.224392672673275e-06,-1200.299125778172,3.964337165549486e-06
trained_53tet,53tet-Q4,24000,20260826,525.0,440.0,595.8724406522327,440Hz_ongrid,1,439.98807066010244,297.9019845010033,439.99999890876694,595.8724420161021,62.855790140228464,148.94160585703995,3368.8162257965746,1200.109100018379,1,-675.1520092949253,525.000008256145,-1200.1520092949254,8.256144951701572e-06,-1200.1989473844365,3.962554650909784e-06
trained_53tet,53tet-Q4,24000,20260826,525.0,440.0,595.8724406522327,440Hz_ongrid,2,440.00270330163397,297.820606952642,439.9999989107914,595.8724420168534,62.85873529875984,94.64195410191053,3368.792683864277,1984.67017701591,1,-675.6825676775028,525.0000082503622,-1200.682567677503,8.250362157014024e-06,-1200.671931237828,3.964737337587426e-06
trained_53tet,53tet-Q4,24000,20260826,525.0,440.0,595.8724406522327,440Hz_ongrid,3,439.9785943826341,297.9087910303993,439.99999891599015,595.8724420146701,62.85323350843512,148.95401287787814,3368.849357426822,1200.0044472377465,1,-675.0751671441486,525.0000082235638,-1200.0751671441485,8.223563781939447e-06,-1200.1593922238694,3.958394168713207e-06
trained_53tet,53tet-Q4,24000,20260826,525.0,440.0,595.8724406522327,440Hz_ongrid,4,439.98493174173643,297.93921363289627,439.9999989134761,595.8724420106806,93.54926389921016,148.97101505988786,2680.387091594269,1199.9836343297072,1,-674.923317790064,525.000008221865,-1199.923317790064,8.221864959523373e-06,-1199.9826067183797,3.946803018415327e-06
trained_53tet,53tet-Q4,24000,20260826,525.0,452.8929,613.3327219933354,452.9Hz_+50c,0,452.87018372478707,306.6624948997377,452.89290104868417,613.3327210154425,90.59105326200819,153.3339618178997,2785.9884903485345,1199.9693528563735,1,-674.9349878513809,524.9999932310207,-1199.9349878513808,-6.768979346816195e-06,-1200.0218255462073,-2.7602660211223572e-06
trained_53tet,53tet-Q4,24000,20260826,525.0,452.8929,613.3327219933354,452.9Hz_+50c,1,452.8584716194402,306.6337016405201,452.8929010449924,613.3327210071327,90.59012695486209,153.3201597927381,2785.961418902894,1199.9626359139738,1,-675.0527714340844,524.999993221677,-1200.0527714340844,-6.778323040634859e-06,-1200.1843827936157,-2.7837220225690877e-06
trained_53tet,53tet-Q4,24000,20260826,525.0,452.8929,613.3327219933354,452.9Hz_+50c,2,452.8603701974749,306.6292968983713,452.89290104489896,613.3327210123128,90.5881534391922,102.21227130097503,2786.0063924984966,1901.912560254364,1,-675.0848985666314,524.999993236656,-1200.0848985666314,-6.763344003957172e-06,-1200.2092518615477,-2.7691001744745653e-06
trained_53tet,53tet-Q4,24000,20260826,525.0,452.8929,613.3327219933354,452.9Hz_+50c,3,452.85905243962804,306.6308359338689,452.89290103895235,613.3327210072397,90.58594564294025,153.31353575940497,2786.0435486538886,1200.02125397307,1,-675.0711715219784,524.9999932450677,-1200.0711715219784,-6.75493231483415e-06,-1200.2005624636445,-2.783420067586352e-06
trained_53tet,53tet-Q4,24000,20260826,525.0,452.8929,613.3327219933354,452.9Hz_+50c,4,452.87908048198335,306.7532285720485,452.89290104317155,613.3327210116612,90.58880051072825,153.3805542221271,2786.065552158013,1199.9555286576287,1,-674.4568454938486,524.9999932414199,-1199.4568454938485,-6.758580070709286e-06,-1199.5096729617974,-2.770939581975999e-06
trained_53tet,53tet-Q4,24000,20260826,530.0,440.0,597.5958752840213,440Hz_ongrid,0,439.9739202488674,298.78007798656614,439.99999891398966,597.5958741873862,62.85505334726436,94.09094895727563,3368.780840433087,2000.3473203412264,1,-670.0008648388626,530.0000010960913,-1200.0008648388625,1.0960912959490088e-06,-1200.1034818644955,-3.1769494819220316e-06
trained_53tet,53tet-Q4,24000,20260826,530.0,440.0,597.5958752840213,440Hz_ongrid,1,439.98693042415834,298.84503262469065,439.9999989051992,597.5958741864273,62.85699085676507,149.42302241238986,3368.7786683079407,1199.9941362509003,1,-669.6757287461678,530.0000011279002,-1199.6757287461678,1.1279001910224906e-06,-1199.727153361519,-3.1797276215283003e-06
trained_53tet,53tet-Q4,24000,20260826,530.0,440.0,597.5958752840213,440Hz_ongrid,2,439.98082408667244,298.71603564373197,439.9999989105571,597.5958741955942,62.85416645408245,94.06421746479339,3368.8324339435867,2000.468115453952,1,-670.3991532667078,530.0000011333756,-1200.3991532667078,1.133375576500839e-06,-1200.4746048974052,-3.1531711516945723e-06
trained_53tet,53tet-Q4,24000,20260826,530.0,440.0,597.5958752840213,440Hz_ongrid,3,439.9785033009661,298.7657729766709,439.9999989073326,597.5958741923038,93.91793339367182,93.41205627558988,2673.55256307874,2012.8010534269617,1,-670.1017885037828,530.0000011365303,-1200.1017885037827,1.1365302725607762e-06,-1200.1863719729872,-3.162703587959363e-06
trained_53tet,53tet-Q4,24000,20260826,530.0,440.0,597.5958752840213,440Hz_ongrid,4,439.97525761552026,298.8010096950691,439.99999890667874,597.5958741904144,62.8546043717555,94.18993062456475,3368.7984690706626,1998.6483376310873,1,-669.8848459400909,530.0000011336294,-1199.884845940091,1.1336294392094715e-06,-1199.9822006284344,-3.1681770265623184e-06
trained_53tet,53tet-Q4,24000,20260826,530.0,452.8929,615.1066567850427,452.9Hz_+50c,0,452.8557466121062,307.55755834008545,452.8929010442927,615.1066581445799,90.59255880703394,102.51096670598955,2785.9045278386743,1902.093806965056,1,-669.8341607340205,529.9999998345273,-1199.8341607340205,-1.654726702327025e-07,-1199.9761895638435,3.826453872774869e-06
trained_53tet,53tet-Q4,24000,20260826,530.0,452.8929,615.1066567850427,452.9Hz_+50c,1,452.87113665390433,307.5233800655159,452.89290104909685,615.1066581469596,90.587745289254,153.76147719895317,2786.0553511445846,1200.0023963406265,1,-670.0853940973169,529.9999998228606,-1200.085394097317,-1.771394408933702e-07,-1200.168588934526,3.833151468757169e-06
trained_53tet,53tet-Q4,24000,20260826,530.0,452.8929,615.1066567850427,452.9Hz_+50c,2,452.87500555073274,307.5367105073311,452.8929010444677,615.1066581407094,90.59796340531183,102.51691700008624,2785.8748723682124,1901.8759637171854,1,-670.0251405907852,529.999999822965,-1200.0251405907852,-1.7703496268950403e-07,-1200.093545487172,3.8155600443559205e-06
trained_53tet,53tet-Q4,24000,20260826,530.0,452.8929,615.1066567850427,452.9Hz_+50c,3,452.8432578643562,615.0561780749174,452.89290105120875,615.1066581365571,90.5789770780717,102.51164420860074,2786.1163514557397,3101.9164752095076,0,530.0476935453032,529.9999997855098,0.04769354530321834,-2.1449022824526764e-07,-0.14207950247635948,3.8038735600845397e-06
trained_53tet,53tet-Q4,24000,20260826,530.0,452.8929,615.1066567850427,452.9Hz_+50c,4,452.86220142515117,307.5782070810056,452.892901041636,615.1066581454787,90.5940802444517,102.51750317529063,2785.900129338957,1902.0996481127122,1,-669.7426094702662,529.9999998472127,-1199.7426094702662,-1.5278726550604915e-07,-1199.8599622027493,3.82898329833669e-06
trained_53tet,53tet-Q4,24000,20260826,535.0,440.0,599.3242945848891,440Hz_ongrid,0,439.96952550630533,299.6697907158208,439.9999989127576,599.3242965891641,62.85294296141557,149.83391283351642,3368.8216755819144,1200.0113523973025,1,-664.8359325257857,535.0000100675239,-1199.8359325257857,1.0067523930956668e-05,-1199.9558423172139,5.78963523093052e-06
trained_53tet,53tet-Q4,24000,20260826,535.0,440.0,599.3242945848891,440Hz_ongrid,1,440.02871531643854,299.6829486403221,439.9999989120711,599.3242965867989,62.859535978122,149.84112023280457,3368.8729757778456,1200.0040910489897,1,-664.9928090798537,535.0000100633929,-1199.9928090798537,1.0063392892334377e-05,-1199.8798288265948,5.782803091043078e-06
trained_53tet,53tet-Q4,24000,20260826,535.0,440.0,599.3242945848891,440Hz_ongrid,2,440.01920146264484,299.62939524503753,439.99999891781755,599.3242965902065,62.8565056540604,149.81906664579085,3368.919005499697,1199.9495130205448,1,-665.2647771643566,535.0000100506259,-1200.2647771643565,1.005062586045824e-05,-1200.1892282993485,5.792646323696972e-06
trained_53tet,53tet-Q4,24000,20260826,535.0,440.0,599.3242945848891,440Hz_ongrid,3,439.9911613852788,299.7465611268694,439.9999989052999,599.3242965859731,62.85412613040655,149.87076008964928,3368.8742192717837,1200.0291150411376,1,-664.4776088139365,535.0000100876496,-1199.4776088139365,1.0087649570778012e-05,-1199.5123857785784,5.7804178196763026e-06
trained_53tet,53tet-Q4,24000,20260826,535.0,440.0,599.3242945848891,440Hz_ongrid,4,439.9875818865348,299.690522238486,439.9999989112825,599.3242965860513,62.85360722392353,149.84457172437385,3368.874427608105,1200.0079649273346,1,-664.7872162884514,535.0000100643364,-1199.7872162884514,1.0064336379400629e-05,-1199.836077570815,5.780643469038478e-06
trained_53tet,53tet-Q4,24000,20260826,535.0,452.8929,616.8857223068289,452.9Hz_+50c,0,452.85271950864575,308.408436782452,452.89290103692207,616.8857237908754,90.58614310750731,154.20441829320458,2786.0155644926626,1199.9977557236039,1,-665.0396272960185,535.0000002010912,-1200.0396272960184,2.010912112382357e-07,-1200.1932285573178,4.164842577104898e-06
trained_53tet,53tet-Q4,24000,20260826,535.0,452.8929,616.8857223068289,452.9Hz_+50c,1,452.8422793440401,308.49330417613174,452.892901041454,616.8857237948557,90.59008608166036,92.50317837974214,2785.900297409245,2085.197200790833,1,-664.5233816108295,535.0000001949373,-1199.5233816108293,1.9493734271236463e-07,-1199.7168955766633,4.176012797159733e-06
trained_53tet,53tet-Q4,24000,20260826,535.0,452.8929,616.8857223068289,452.9Hz_+50c,2,452.8490102095908,308.47388891310527,452.89290104786426,616.8857237944793,90.58476092610739,92.18201879139573,2786.02779967886,2091.109329497023,1,-664.6580737596347,535.0000001693774,-1199.6580737596346,1.6937735836108914e-07,-1199.8258555499347,4.174956435238383e-06
trained_53tet,53tet-Q4,24000,20260826,535.0,452.8929,616.8857223068289,452.9Hz_+50c,3,452.82404353111554,308.4410031950202,452.892901035843,616.8857237944703,90.58553623276792,93.84008979676784,2785.9175324512585,2060.061919698224,1,-664.7471968083019,535.0000002153046,-1199.7471968083019,2.1530456706386758e-07,-1200.010428416173,4.174931064100534e-06
trained_53tet,53tet-Q4,24000,20260826,535.0,452.8929,616.8857223068289,452.9Hz_+50c,4,452.8701013055593,308.4416629561344,452.892901050939,616.8857237909094,129.36963557615988,102.79673996914512,2169.1179046570137,1902.2437666058631,1,-664.9195725104742,535.0000001476052,-1199.9195725104742,1.4760519206902245e-07,-1200.006725277901,4.164937911077424e-06
trained_53tet,53tet-Q4,24000,20260826,540.0,440.0,601.057712971934,440Hz_ongrid,0,440.0144716268696,300.4274716895085,439.9999989118454,601.0577120305089,62.86220106910949,150.21237503267398,3368.7435364372136,1200.0156836181839,1,-660.641077788495,540.0000015698793,-1200.6410777884948,1.5698792594776023e-06,-1200.5841383312654,-2.711598604571539e-06
trained_53tet,53tet-Q4,24000,20260826,540.0,440.0,601.057712971934,440Hz_ongrid,1,439.9985336667013,300.4505344632855,439.9999989090951,601.0577120315295,62.85558785410044,150.22719453729215,3368.862965974189,1199.9777893837609,1,-660.4454731277785,540.0000015836404,-1200.4454731277785,1.5836403690627776e-06,-1200.4512426058784,-2.7086590122699765e-06
trained_53tet,53tet-Q4,24000,20260826,540.0,440.0,601.057712971934,440Hz_ongrid,2,439.98800881496646,300.4539410279847,439.99999891172547,601.057712030347,62.85430355036231,150.22871356735857,3368.8569280111083,1199.979912955575,1,-660.3844322263105,540.000001569885,-1200.3844322263105,1.5698849438194884e-06,-1200.4316136597213,-2.7120648953341643e-06
trained_53tet,53tet-Q4,24000,20260826,540.0,440.0,601.057712971934,440Hz_ongrid,3,440.0022050058272,300.49199182546926,439.99999891320135,601.0577120304957,93.46996988058,150.24687662770756,2681.923103373757,1199.9898518474945,1,-660.2210523560132,540.0000015645062,-1200.2210523560132,1.5645061921532033e-06,-1200.212376511465,-2.7116364690728733e-06
trained_53tet,53tet-Q4,24000,20260826,540.0,440.0,601.057712971934,440Hz_ongrid,4,440.00104902719426,300.5001113927615,439.99999891041216,601.0577120325264,62.85888496466937,150.2524031481651,3368.7820529030346,1199.972952045229,1,-660.1697251441755,540.0000015813298,-1200.1697251441756,1.5813297977729235e-06,-1200.165597622739,-2.705787652953057e-06
trained_53tet,53tet-Q4,24000,20260826,540.0,452.8929,618.6699333982427,452.9Hz_+50c,0,452.8338387340011,309.32375089997714,452.89290103487536,618.6699319008642,113.21280185760618,132.48605063122233,2399.9335988183366,1467.9325743719671,1,-659.8369887865961,539.9999918539338,-1199.836988786596,-8.146066193148727e-06,-1200.0627718411322,-4.190138572709766e-06
trained_53tet,53tet-Q4,24000,20260826,540.0,452.8929,618.6699333982427,452.9Hz_+50c,1,452.9073742882829,309.1668729546085,452.89290104647444,618.6699319027354,90.60398022055149,91.93530487810816,2785.8836346323287,2099.633818439031,1,-660.9963432800257,539.9999918148311,-1200.9963432800257,-8.185168894669914e-06,-1200.9410145692163,-4.184902315802495e-06
trained_53tet,53tet-Q4,24000,20260826,540.0,452.8929,618.6699333982427,452.9Hz_+50c,2,452.84092949144394,309.36327855963503,452.89290104774324,618.6699319022007,90.5943713962468,132.94615541338544,2785.813243716374,1462.1518818653458,1,-659.6428816655077,539.9999918084849,-1199.6428816655077,-8.19151512132521e-06,-1199.8415561792085,-4.186398636326044e-06
trained_53tet,53tet-Q4,24000,20260826,540.0,452.8929,618.6699333982427,452.9Hz_+50c,3,452.83606989086735,309.25538148275643,452.89290104356735,618.669931901748,90.5851049718501,95.46526061292707,2785.9717530474977,2034.9011483552883,1,-660.2282133799368,539.9999918231811,-1200.2282133799367,-8.176818937499775e-06,-1200.445466495035,-4.187665463374307e-06
trained_53tet,53tet-Q4,24000,20260826,540.0,452.8929,618.6699333982427,452.9Hz_+50c,4,452.89254388454077,309.40457806882324,452.8929010486894,618.6699319017464,90.59522643495384,93.0733659663118,2785.994217455737,2079.665106888575,1,-659.6090933009334,539.9999918035969,-1199.6090933009334,-8.196403086913051e-06,-1199.6104545928652,-4.187669884102893e-06
trained_53tet,53tet-Q4,24000,20260826,545.0,440.0,602.7961449039523,440Hz_ongrid,0,440.0120393520667,301.2869183381954,439.9999989160326,602.796147847617,62.85888137011574,150.64813345798626,3368.8253940428876,1199.9462826824397,1,-655.6859579509244,545.0000127192252,-1200.6859579509244,1.2719225196633488e-05,-1200.6385882893837,8.454222449308455e-06
trained_53tet,53tet-Q4,24000,20260826,545.0,440.0,602.7961449039523,440Hz_ongrid,1,440.02442068059884,301.22028860575966,439.999998909019,602.7961478554096,62.85981170744251,150.60694343862005,3368.8484850954446,1200.0367936974278,1,-656.1175772915658,545.0000127692015,-1201.1175772915658,1.276920147574856e-05,-1201.0214937903097,8.476602483714094e-06
trained_53tet,53tet-Q4,24000,20260826,545.0,440.0,602.7961449039523,440Hz_ongrid,2,439.9868937574467,301.3479269997793,439.99999891184024,602.7961478510783,62.85387316105184,150.63796149239815,3368.8643950685314,1200.4137101543674,1,-655.2364911377132,545.0000127456614,-1200.236491137713,1.2745661365443084e-05,-1200.2880600270373,8.464163322386521e-06
trained_53tet,53tet-Q4,24000,20260826,545.0,440.0,602.7961449039523,440Hz_ongrid,3,439.9863499041959,301.31448465839185,439.99999891805453,602.7961478481088,62.855409776379105,150.65546401777146,3368.819931449452,1200.0204350710944,1,-655.4264870412884,545.0000127126821,-1200.4264870412885,1.2712682064375258e-05,-1200.480195853098,8.455634775978559e-06
trained_53tet,53tet-Q4,24000,20260826,545.0,440.0,602.7961449039523,440Hz_ongrid,4,439.99345920323964,301.3386868079548,439.99999891349626,602.7961478509721,62.85608488313368,150.66453050763127,3368.829310055645,1200.0553024452352,1,-655.3154096831074,545.0000127388407,-1200.3154096831074,1.2738840723613976e-05,-1200.3411454427116,8.463858099910728e-06
trained_53tet,53tet-Q4,24000,20260826,545.0,452.8929,620.4593049417526,452.9Hz_+50c,0,452.86521483207207,310.2385264040416,452.8929010460239,620.4593043474626,150.9703635777401,126.23129877264324,1901.779633235037,1556.7698258521607,1,-654.8446468934163,544.9999943432407,-1199.8446468934162,-5.656759299199621e-06,-1199.950479796486,-1.6582152893758844e-06
trained_53tet,53tet-Q4,24000,20260826,545.0,452.8929,620.4593049417526,452.9Hz_+50c,1,452.8872522504494,310.2730626253232,452.89290104098467,620.4593043479312,90.5930976979827,155.12988292547476,2786.014669139625,1200.0741937492605,1,-654.7361776414808,544.999994363811,-1199.736177641481,-5.636189030155947e-06,-1199.7577669339782,-1.6569079069498958e-06
trained_53tet,53tet-Q4,24000,20260826,545.0,452.8929,620.4593049417526,452.9Hz_+50c,2,452.88679421946074,310.23317344581653,452.89290104232515,620.459304348727,90.59187367626558,93.94638020374943,2786.0363094543222,2068.132179421618,1,-654.957011149335,544.9999943609074,-1199.957011149335,-5.639092591991357e-06,-1199.9803513395232,-1.6546875479694479e-06
trained_53tet,53tet-Q4,24000,20260826,545.0,452.8929,620.4593049417526,452.9Hz_+50c,3,452.803111767448,310.26935564935724,452.8929010510983,620.4593043500302,90.58207006095279,93.46346363711011,2785.903749751866,2077.2561667177583,1,-654.4351912670783,544.9999943310073,-1199.4351912670782,-5.668992685059493e-06,-1199.778450912454,-1.6510512104044358e-06
trained_53tet,53tet-Q4,24000,20260826,545.0,452.8929,620.4593049417526,452.9Hz_+50c,4,452.8856480441408,310.1969986453342,452.89290103888425,620.4593043474507,90.59025422334378,95.35705996530359,2786.0628764448816,2042.127680164162,1,-655.1545123594889,544.9999943704995,-1200.1545123594888,-5.629500492432271e-06,-1200.1822339983664,-1.6582485409430259e-06
trained_53tet,53tet-Q4,24000,20260826,550.0,440.0,604.5396048815592,440Hz_ongrid,0,440.004520861348,302.1824763308295,439.9999989131431,604.5396038248867,93.09965476749142,151.09122064918228,2688.8047485738584,1200.0002007045557,1,-650.5180156563337,550.0000012503547,-1200.5180156563338,1.2503546713560354e-06,-1200.5002278634045,-3.0260173510461356e-06
trained_53tet,53tet-Q4,24000,20260826,550.0,440.0,604.5396048815592,440Hz_ongrid,1,439.9836108336709,302.2556334392736,439.9999989167283,604.5396038275851,62.85616315879172,151.127734396191,3368.788403494809,1200.0009430506864,1,-650.0166677075888,550.0000012439756,-1200.0166677075888,1.2439755892046378e-06,-1200.081154096741,-3.0182899174830834e-06
trained_53tet,53tet-Q4,24000,20260826,550.0,440.0,604.5396048815592,440Hz_ongrid,2,439.99444631849514,302.1789653895426,439.9999989183781,604.5396038241529,62.8554001136892,94.03338334100671,3368.8520546219074,2020.9899670544487,1,-650.4984907389138,550.0000012276555,-1200.498490738914,1.2276555025891867e-06,-1200.5203425189093,-3.0281187347677827e-06
trained_53tet,53tet-Q4,24000,20260826,550.0,440.0,604.5396048815592,440Hz_ongrid,3,439.99141693923076,302.17947973962555,439.99999890736245,604.5396038204395,62.85487287480017,151.089666216756,3368.8546568323327,1200.0008439402366,1,-650.4836242870782,550.0000012603638,-1200.4836242870783,1.2603637742358842e-06,-1200.5173957233974,-3.0387528934770097e-06
trained_53tet,53tet-Q4,24000,20260826,550.0,440.0,604.5396048815592,440Hz_ongrid,4,439.9915173935098,302.17449137771814,439.9999989121756,604.5396038244915,62.85565771105797,151.08883238320513,3368.8334352013417,1199.9818189494358,1,-650.5125988949443,550.0000012530294,-1200.5125988949444,1.2530293815871119e-06,-1200.5459750738976,-3.027149249768972e-06
trained_53tet,53tet-Q4,24000,20260826,550.0,452.8929,622.2538518628716,452.9Hz_+50c,0,452.83650134802673,311.1592986571504,452.8929010462011,622.2538529497125,90.58861222693002,124.45570898217268,2785.9063742882845,1586.4251396141785,1,-649.604271024763,549.9999990245864,-1199.604271024763,-9.754136272022151e-07,-1199.819874640144,3.023807942501151e-06
trained_53tet,53tet-Q4,24000,20260826,550.0,452.8929,622.2538518628716,452.9Hz_+50c,1,452.8801069964428,311.12764697861905,452.8929010339554,622.253852951784,150.97176976110543,94.45500938890218,1901.8204375929847,2063.7688592106124,1,-649.9470844254548,549.9999990771602,-1199.9470844254547,-9.228398312188801e-07,-1199.9959878111335,3.0295710349084982e-06
trained_53tet,53tet-Q4,24000,20260826,550.0,452.8929,622.2538518628716,452.9Hz_+50c,2,452.8624454600858,311.19440924333355,452.8929010420613,622.253852957553,90.5853890490151,124.46516985069475,2786.067157159123,1586.488877673001,1,-649.5081168921673,549.999999062225,-1199.5081168921674,-9.377749847772066e-07,-1199.6245367106806,3.0456217393091703e-06
trained_53tet,53tet-Q4,24000,20260826,550.0,452.8929,622.2538518628716,452.9Hz_+50c,3,452.9021602143335,311.084460219431,452.89290105144687,622.2538529517764,90.5930605066889,124.44647218640057,2786.0723670068132,1586.137194692837,1,-650.2717101000216,549.9999990102757,-1200.2717101000217,-9.897242989609367e-07,-1200.236312251081,3.02954989229361e-06
trained_53tet,53tet-Q4,24000,20260826,550.0,452.8929,622.2538518628716,452.9Hz_+50c,4,452.84205049781,311.071543320213,452.8929010509691,622.2538529575994,90.58942396863353,103.6924246563781,2785.912075967258,1901.923107870463,1,-650.1138094691216,549.999999028303,-1200.1138094691216,-9.7169697710342e-07,-1200.3081983234183,3.0457509014655774e-06
trained_53tet,53tet-Q4,24000,20260826,555.0,440.0,606.2881074473102,440Hz_ongrid,0,439.9825016339611,303.07573034585874,439.999998906478,606.2881094336982,62.85447330811869,151.54976100733657,3368.830582870676,1199.8641021816832,1,-645.3213830707975,555.0000099746569,-1200.3213830707975,9.974656904887524e-06,-1200.39023391053,5.6720599964872655e-06
trained_53tet,53tet-Q4,24000,20260826,555.0,440.0,606.2881074473102,440Hz_ongrid,1,439.9967933584306,302.99472927843874,439.9999989095112,606.2881094391992,62.85872391529826,151.4955456553164,3368.7697439729536,1200.0207865383024,1,-645.8403743780322,555.0000099784304,-1200.8403743780323,9.97843039840518e-06,-1200.8529913491625,5.687767806091597e-06
trained_53tet,53tet-Q4,24000,20260826,555.0,440.0,606.2881074473102,440Hz_ongrid,2,439.99191532803144,303.15239622395626,439.9999989139031,606.2881094369307,62.85823778341174,151.58057408378332,3368.763939451228,1199.9500203717532,1,-644.9205468046998,555.000009954672,-1199.9205468046998,9.95467200937128e-06,-1199.9523572319188,5.681290477722152e-06
trained_53tet,53tet-Q4,24000,20260826,555.0,440.0,606.2881074473102,440Hz_ongrid,3,439.9906698534547,303.05394855544944,439.99999891364564,606.2881094416949,93.4756341053564,151.53426746996487,2681.7728079536664,1199.9166754372009,1,-645.4779496775085,555.0000099692894,-1200.4779496775086,9.969289408218174e-06,-1200.5146606744224,5.694894404942676e-06
trained_53tet,53tet-Q4,24000,20260826,555.0,440.0,606.2881074473102,440Hz_ongrid,4,439.999580937981,303.17240968768505,439.999998910727,606.2881094396109,94.21257626495871,151.6035041314798,2668.2127070060465,1199.8024397601357,1,-644.8364198353833,555.0000099748223,-1199.8364198353834,9.97482231923641e-06,-1199.8380686871594,5.688943719888754e-06
trained_53tet,53tet-Q4,24000,20260826,555.0,452.8929,624.0535891302816,452.9Hz_+50c,0,452.8799161586561,312.0513739889595,452.89290104404165,624.0535912971836,90.59412848806295,124.81615216071663,2785.9669272409556,1586.3747064105448,1,-644.8139972051532,555.0000020203996,-1199.813997205153,2.020399620050739e-06,-1199.8636301104975,6.011366289941118e-06
trained_53tet,53tet-Q4,24000,20260826,555.0,452.8929,624.0535891302816,452.9Hz_+50c,1,452.85267311506374,312.0434724453544,452.89290103802824,624.0535913004214,90.58623469436846,124.8118171847593,2786.013636773879,1586.3909971168061,1,-644.7536891246926,555.0000020523688,-1199.7536891246928,2.0523688135654083e-06,-1199.9074677464216,6.020348441552483e-06
trained_53tet,53tet-Q4,24000,20260826,555.0,452.8929,624.0535891302816,452.9Hz_+50c,2,452.875097908855,312.0255898342294,452.8929010380168,624.0535912939804,90.59327070504868,124.81072414521581,2785.9649004371768,1586.3069419301917,1,-644.938632449202,555.0000020345439,-1199.938632449202,2.034543854279036e-06,-1200.0066842823644,6.002479856713309e-06
trained_53tet,53tet-Q4,24000,20260826,555.0,452.8929,624.0535891302816,452.9Hz_+50c,3,452.898366177267,312.0339151964092,452.89290104729616,624.0535912961432,90.60032614763084,124.80537745526468,2785.919023225133,1586.427298381095,1,-644.9813876434159,555.0000020050726,-1199.981387643416,2.005072587962786e-06,-1199.9604926921036,6.008479746397081e-06
trained_53tet,53tet-Q4,24000,20260826,555.0,452.8929,624.0535891302816,452.9Hz_+50c,4,452.87670413994033,312.02913653149847,452.89290104661313,624.0535912962458,90.59087731252032,124.78124363374354,2786.0167789134175,1586.7355890278793,1,-644.9250943946362,555.0000020079681,-1199.9250943946363,2.007968078032718e-06,-1199.9870059983468,6.0087645950808116e-06
trained_53tet,53tet-Q4,24000,20260826,560.0,440.0,608.0416671858214,440Hz_ongrid,0,440.0023417527174,303.8491052116344,439.99999890671063,608.041665749722,62.857330453489524,94.22811415571401,3368.829953519951,2026.9506813518517,1,-640.9873903371174,560.0000002127769,-1200.9873903371174,2.1277685391396517e-07,-1200.9781764479112,-4.088904272505327e-06
trained_53tet,53tet-Q4,24000,20260826,560.0,440.0,608.0416671858214,440Hz_ongrid,1,439.98867179690683,303.9290484310768,439.999998915297,608.041665747083,93.22012410887416,151.95861986467187,2686.503649247279,1200.067265777274,1,-640.4781729368774,560.000000171479,-1200.4781729368774,1.7147897324321093e-07,-1200.5227457172762,-4.096418165661909e-06
trained_53tet,53tet-Q4,24000,20260826,560.0,440.0,608.0416671858214,440Hz_ongrid,2,439.9954690033303,303.88664424229694,439.9999989148841,608.0416657522995,62.856237428998995,151.9378035528533,3368.8330164217377,1200.0628794125635,1,-640.7464765338011,560.0000001879563,-1200.7464765338011,1.8795628875523107e-07,-1200.7643043885732,-4.08156547864189e-06
trained_53tet,53tet-Q4,24000,20260826,560.0,440.0,608.0416671858214,440Hz_ongrid,3,439.9933264845104,303.96527084686846,439.99999891090636,608.0416657494121,93.33767331628681,94.28728652132013,2684.3402785999515,2026.5256084523214,1,-640.2901707072815,560.000000195386,-1200.2901707072815,1.9538595097401412e-07,-1200.3164286728704,-4.089786688372153e-06
trained_53tet,53tet-Q4,24000,20260826,560.0,440.0,608.0416671858214,440Hz_ongrid,4,439.9857314861548,303.9524664764363,439.9999989109016,608.0416657515148,62.8559939261697,151.96986033895794,3368.801408897906,1200.0725982693991,1,-640.3332153636017,560.0000002013915,-1200.3332153636015,2.013914581766585e-07,-1200.3893574943584,-4.083800060839161e-06
trained_53tet,53tet-Q4,24000,20260826,560.0,452.8929,625.858531755958,452.9Hz_+50c,0,452.8717287606053,312.9230469011293,452.8929010464834,625.858533500653,90.65805122622508,125.15954529199452,2784.7145099743307,1586.4475142136473,1,-639.9534745595221,560.0000008258306,-1199.953474559522,8.258306252173497e-07,-1200.0344058949793,4.826131290326774e-06
trained_53tet,53tet-Q4,24000,20260826,560.0,452.8929,625.858531755958,452.9Hz_+50c,1,452.88445739985616,312.93316773693397,452.8929010406297,625.8585334968581,90.59591066245916,125.1317381285121,2785.9502304275848,1586.8881838879972,1,-639.9461405979346,560.0000008377098,-1199.9461405979346,8.377097628908814e-07,-1199.9784136873704,4.815633789840064e-06
trained_53tet,53tet-Q4,24000,20260826,560.0,452.8929,625.858531755958,452.9Hz_+50c,2,452.8353159896754,313.08736618753414,452.8929010466238,625.8585334997225,90.58013012051426,125.13422465105202,2786.0639512170073,1587.7066414345438,1,-638.9054193676669,560.0000008227202,-1198.905419367667,8.227201533372863e-07,-1199.1255547189348,4.823557273069602e-06
trained_53tet,53tet-Q4,24000,20260826,560.0,452.8929,625.858531755958,452.9Hz_+50c,3,452.891552067322,312.94253007724365,452.892901046962,625.8585334938612,90.59238221304672,125.15885925077771,2786.0447787709254,1586.5647902361334,1,-639.9214667378685,560.0000008052137,-1199.9214667378685,8.052137445702101e-07,-1199.9266193698058,4.8073439627565314e-06
trained_53tet,53tet-Q4,24000,20260826,560.0,452.8929,625.858531755958,452.9Hz_+50c,4,452.9010326026126,312.9034737905763,452.8929010498206,625.8585334918384,90.58959360408107,125.15778989731932,2786.134310468889,1586.3635045587623,1,-640.1737842301114,560.0000007886914,-1200.1737842301113,7.886914090704522e-07,-1200.1426967210343,4.801748473629317e-06
trained_53tet,53tet-Q4,24000,20260826,565.0,440.0,609.8002987238928,440Hz_ongrid,0,440.0133493365686,304.78083913404043,439.99999890905997,609.8002998390418,62.85948295958708,140.94521522677553,3368.8139795329566,1335.165245157472,1,-635.7301041669728,565.000007458366,-1200.7301041669728,7.458365985257842e-06,-1200.6775803591938,3.165928215362956e-06
trained_53tet,53tet-Q4,24000,20260826,565.0,440.0,609.8002987238928,440Hz_ongrid,1,440.0183787549475,305.0623112955451,439.9999989153679,609.8002998410267,93.8218655222418,93.88291287120576,2675.4812297082954,2040.2033334670457,1,-634.1517954167253,565.0000074391816,-1199.1517954167252,7.439181558765995e-06,-1199.0794834579813,3.171563298846973e-06
trained_53tet,53tet-Q4,24000,20260826,565.0,440.0,609.8002987238928,440Hz_ongrid,2,439.98766645157184,304.70728530601957,439.9999989172288,609.8002998407987,62.854170968782974,93.68966999965666,3368.8592326814155,2041.7545205700737,1,-636.0469070211914,565.0000074312125,-1201.0469070211914,7.431212452502223e-06,-1201.09543556267,3.1709163348314473e-06
trained_53tet,53tet-Q4,24000,20260826,565.0,440.0,609.8002987238928,440Hz_ongrid,3,439.98919114985506,304.7612910688401,439.99999890332896,609.8002998395841,62.85467184913843,93.94700153747071,3368.851435927561,2037.3127805064612,1,-635.7460927189406,565.0000074824547,-1200.7460927189406,7.482454748242162e-06,-1200.788621989962,3.1674677821378736e-06
trained_53tet,53tet-Q4,24000,20260826,565.0,440.0,609.8002987238928,440Hz_ongrid,4,440.0145256890012,609.6170542789753,439.99999890959066,609.8002998401123,62.85945554821377,93.83281559244077,3368.819362835463,3239.6865625289147,0,564.4225353701422,565.0000074593171,-0.5774646298577863,7.459317089342221e-06,-0.5203124655396746,3.168967370150095e-06
trained_53tet,53tet-Q4,24000,20260826,565.0,452.8929,627.6686947952957,452.9Hz_+50c,0,452.87396999821874,313.93652346125583,452.8929010427299,627.6686924581252,90.58994855475166,125.44598310579649,2786.024076030314,1588.0879285663527,1,-634.3640846912315,564.9999895676707,-1199.3640846912315,-1.0432329304421728e-05,-1199.4364482645146,-6.446377152109804e-06
trained_53tet,53tet-Q4,24000,20260826,565.0,452.8929,627.6686947952957,452.9Hz_+50c,1,452.83388991081546,313.84892717274005,452.8929010470989,627.6686924605355,90.57895470289606,63.05978558456761,2786.0809647599217,2778.333729210875,1,-634.6939866779973,564.9999895576176,-1199.6939866779971,-1.0442382404107775e-05,-1199.9195740779003,-6.439729145130225e-06
trained_53tet,53tet-Q4,24000,20260826,565.0,452.8929,627.6686947952957,452.9Hz_+50c,2,452.85563233949915,313.77386616009767,452.89290103898236,627.6686924603163,90.5918513261191,125.51287642764038,2785.9176110760122,1586.2677821404677,1,-635.1912048299729,564.9999895880394,-1200.1912048299728,-1.0411960602141335e-05,-1200.333670515582,-6.4403336317137435e-06
trained_53tet,53tet-Q4,24000,20260826,565.0,452.8929,627.6686947952957,452.9Hz_+50c,3,452.8320981969808,313.83373201041496,452.8929010399298,627.6686924570911,144.0393458787383,123.23156080692118,1983.0159260069877,1618.3543622236512,1,-634.7709573884123,564.9999895755219,-1199.7709573884122,-1.0424478091408673e-05,-1200.0033947220381,-6.449229483079423e-06
trained_53tet,53tet-Q4,24000,20260826,565.0,452.8929,627.6686947952957,452.9Hz_+50c,4,452.8426554354019,313.82568256801284,452.89290104472497,627.6686924613008,90.58717981347033,125.49058131766937,2785.9572767417485,1586.8612033534355,1,-634.8557231236906,564.9999895688031,-1199.8557231236905,-1.0431196869831183e-05,-1200.0477992778838,-6.437618151124889e-06
trained_53tet,53tet-Q4,24000,20260826,570.0,440.0,611.5640167306283,440Hz_ongrid,0,440.0047201685739,305.80179934892334,439.9999989138445,611.5640137634762,93.23589478846735,152.90244756192664,2686.2739341966308,1199.982473995084,1,-629.9065257707596,569.9999958741076,-1199.9065257707596,-4.125892360207217e-06,-1199.8879537873026,-8.399504634078321e-06
trained_53tet,53tet-Q4,24000,20260826,570.0,440.0,611.5640167306283,440Hz_ongrid,1,439.99157396682693,305.67475882521825,439.9999989133867,611.5640137638214,62.85696556542881,94.76906592694442,3368.797635928191,2027.411163447061,1,-630.5741634616109,569.999995876886,-1200.5741634616109,-4.123113967580139e-06,-1200.6073170416216,-8.398527268647265e-06
trained_53tet,53tet-Q4,24000,20260826,570.0,440.0,611.5640167306283,440Hz_ongrid,2,439.99487100239367,305.82450838432754,439.99999891929457,611.5640137649258,62.85484725980153,94.3592413804306,3368.868953003041,2035.7619625874906,1,-629.7392152343349,569.9999958567671,-1199.739215234335,-4.143232899878058e-06,-1199.7593960230788,-8.39540104470703e-06
trained_53tet,53tet-Q4,24000,20260826,570.0,440.0,611.5640167306283,440Hz_ongrid,3,439.9968935464331,305.6866723999716,439.99999891202987,611.564013761427,62.85639729158522,94.46503547175838,3368.8342184595062,2033.0415695789245,1,-630.527621303662,569.9999958754465,-1200.527621303662,-4.12455347031937e-06,-1200.539844069961,-8.405305591025173e-06
trained_53tet,53tet-Q4,24000,20260826,570.0,440.0,611.5640167306283,440Hz_ongrid,4,440.01675221891554,305.78880689093927,439.99999890793157,611.564013765115,93.9840446913529,94.44996137949795,2672.4848266049635,2033.8961848472559,1,-630.0274218893915,569.9999959020121,-1200.0274218893915,-4.097987925888447e-06,-1199.9615094809874,-8.394865367724464e-06
trained_53tet,53tet-Q4,24000,20260826,570.0,452.8929,629.4840933472335,452.9Hz_+50c,0,452.8739527477228,314.6596442228433,452.8929010420356,629.4840911996433,90.59090369397592,119.58502728289288,2786.005756837241,1674.9064733198109,1,-630.3808833071271,569.9999901103074,-1200.380883307127,-9.889692591968924e-06,-1200.453312825129,-5.9063941883775205e-06
trained_53tet,53tet-Q4,24000,20260826,570.0,452.8929,629.4840933472335,452.9Hz_+50c,1,452.82483191704443,314.7354943715524,452.89290104318286,629.4840912025916,90.58084467347697,78.7044428311483,2786.0102121021737,2399.547486539646,1,-629.7758237589946,569.9999901140301,-1199.7758237589946,-9.88596991646773e-06,-1200.0360412173407,-5.898285995526071e-06
trained_53tet,53tet-Q4,24000,20260826,570.0,452.8929,629.4840933472335,452.9Hz_+50c,2,452.9117371281622,314.6668331038331,452.8929010368256,629.4840912015572,90.60252644078598,92.9208619256297,2785.9280900816857,2111.700816385053,1,-630.4857661300124,569.9999901354868,-1200.4857661300125,-9.86451323115034e-06,-1200.4137605863687,-5.901130638271153e-06
trained_53tet,53tet-Q4,24000,20260826,570.0,452.8929,629.4840933472335,452.9Hz_+50c,3,452.85208867327344,314.96073665116955,452.89290104805303,629.4840912018893,90.59129996337913,104.99629545032879,2785.9146005642147,1901.800278274733,1,-628.6415037518358,569.999990093482,-1198.641503751836,-9.906518016578048e-06,-1198.797516667939,-5.900217277303272e-06
trained_53tet,53tet-Q4,24000,20260826,570.0,452.8929,629.4840933472335,452.9Hz_+50c,4,452.89953576328253,314.8919081367309,452.8929010388891,629.48409120135,140.49727684583513,93.10603533327414,2026.3786710561078,2109.4921081213884,1,-629.2012511495424,569.9999901270289,-1199.2012511495423,-9.872971077129478e-06,-1199.1758853838703,-5.9017005278481244e-06
trained_53tet,53tet-Q4,24000,20260826,575.0,440.0,613.3328359175597,440Hz_ongrid,0,440.00219562446836,613.2924494088854,439.9999989065998,613.3328349394708,62.8582753333741,153.3326858625024,3368.8033546148185,2399.891904949657,0,574.8773596689023,575.0000015412986,-0.12264033109772754,1.5412986158480635e-06,-0.11400139847347728,-2.760818804400737e-06
trained_53tet,53tet-Q4,24000,20260826,575.0,440.0,613.3328359175597,440Hz_ongrid,1,439.97994364943526,306.73565433261956,439.9999989159739,613.3328349350791,62.854161749356976,153.3696486388017,3368.8290991860613,1199.9794391266394,1,-624.5302657564565,575.0000014920187,-1199.5302657564566,1.4920186686140369e-06,-1199.6091817300635,-2.7732151039623622e-06
trained_53tet,53tet-Q4,24000,20260826,575.0,440.0,613.3328359175597,440Hz_ongrid,2,439.99841483560675,306.684274088865,439.99999891723826,613.3328349405718,62.85581081114025,102.21395244898581,3368.8563575129756,1902.1944601161647,1,-624.8929620989469,575.0000015025482,-1199.892962098947,1.5025482298369752e-06,-1199.8991991342068,-2.757710840001782e-06
trained_53tet,53tet-Q4,24000,20260826,575.0,440.0,613.3328359175597,440Hz_ongrid,3,440.00732380143006,306.7321781930325,439.9999989170785,613.3328349332461,62.85675106248424,153.36331279592744,3368.8655136087905,1200.0313398460025,1,-624.657617533786,575.0000014824984,-1199.657617533786,1.482498419136391e-06,-1199.6288013772346,-2.77838908625403e-06
trained_53tet,53tet-Q4,24000,20260826,575.0,440.0,613.3328359175597,440Hz_ongrid,4,440.0100505350485,306.6947152050899,439.9999989128813,613.3328349293326,62.85779145299104,153.3454500111404,3368.847587314131,1200.0215361241562,1,-624.8798046045096,575.0000014879668,-1199.8798046045094,1.4879667560308008e-06,-1199.8402599914057,-2.7894353337478374e-06
trained_53tet,53tet-Q4,24000,20260826,575.0,452.8929,631.3047425543814,452.9Hz_+50c,0,452.8358060819374,315.6917484055238,452.8929010402489,631.3047410399803,90.58031983540428,90.22429234736414,2786.0621989203446,2168.3144687223776,1,-624.5657831105211,574.999991870573,-1199.5657831105211,-8.129426987579791e-06,-1199.7840447917772,-4.152959092068662e-06
trained_53tet,53tet-Q4,24000,20260826,575.0,452.8929,631.3047425543814,452.9Hz_+50c,1,452.85462110612883,315.6766874742964,452.89290103705036,631.3047410418361,90.58510439585287,90.34622355182874,2786.042685609538,2165.8938231196817,1,-624.72030841726,574.9999918878888,-1199.72030841726,-8.112111231639574e-06,-1199.8666399785961,-4.147869872438381e-06
trained_53tet,53tet-Q4,24000,20260826,575.0,452.8929,631.3047425543814,452.9Hz_+50c,2,452.84095027818313,315.72610899535414,452.8929010419331,631.3047410434173,90.58724640789127,117.70664444822293,2785.9494851489876,1708.17336921534,1,-624.3970286484465,574.9999918735599,-1199.3970286484464,-8.126440093292331e-06,-1199.5956236933816,-4.1435337143124335e-06
trained_53tet,53tet-Q4,24000,20260826,575.0,452.8929,631.3047425543814,452.9Hz_+50c,3,452.8924168528426,315.6257865553808,452.89290105396304,631.30474104124,90.59820271216905,90.29444367555423,2785.9368574769965,2166.607151528055,1,-625.1439664143588,574.9999918216035,-1200.1439664143588,-8.17839645606e-06,-1200.145813299695,-4.149504388781604e-06
trained_53tet,53tet-Q4,24000,20260826,575.0,452.8929,631.3047425543814,452.9Hz_+50c,4,452.87711159289404,315.5956993695589,452.8929010354093,631.3047410416823,90.59266805811848,116.91134592605903,2785.9841148552023,1719.1951194914823,1,-625.2504979028739,574.9999918937401,-1200.250497902874,-8.10625988378888e-06,-1200.3108519168409,-4.148291571504354e-06
trained_53tet,53tet-Q4,24000,20260826,580.0,440.0,615.1067710387686,440Hz_ongrid,0,439.9921438374292,307.58818563988285,439.999998914683,615.1067723935889,93.08679969629404,102.51883671481349,2688.995112369614,1902.133292888891,1,-619.773208075785,580.0000080834906,-1199.773208075785,8.083490570243157e-06,-1199.8041193884214,3.813177079453512e-06
trained_53tet,53tet-Q4,24000,20260826,580.0,440.0,615.1067710387686,440Hz_ongrid,1,440.00111348227165,307.59830717605956,439.9999989163796,615.1067723853913,62.85371794761247,94.13111006503775,3368.9246202571558,2049.964860187151,1,-619.7515332438948,580.0000080537426,-1199.7515332438948,8.053742590163893e-06,-1199.7471521166617,3.790104720453101e-06
trained_53tet,53tet-Q4,24000,20260826,580.0,440.0,615.1067710387686,440Hz_ongrid,2,440.00590129629705,307.64101660181194,439.9999989147983,615.1067723899114,93.34617454134317,102.5089950037767,2684.2320816160404,1902.5968267531282,1,-619.5300095473564,580.0000080726861,-1199.5300095473563,8.072686114246608e-06,-1199.5067903278757,3.802826808442453e-06
trained_53tet,53tet-Q4,24000,20260826,580.0,440.0,615.1067710387686,440Hz_ongrid,3,439.9962249122994,307.58257134223135,439.99999891338314,615.106772388975,92.45856542870098,102.52565272987852,2700.734714989357,1901.9865948842726,1,-619.8208656655884,580.0000080756187,-1199.8208656655884,8.075618666225637e-06,-1199.8357192755936,3.8001909009838416e-06
trained_53tet,53tet-Q4,24000,20260826,580.0,440.0,615.1067710387686,440Hz_ongrid,4,439.9713909160546,307.5772148303903,439.9999989085959,615.1067723934597,62.852156613438346,102.52278888619438,3368.8506752202047,1902.0048045436274,1,-619.7532991468015,580.0000081070771,-1199.7532991468015,8.107077064778423e-06,-1199.8658687616041,3.8128134264776007e-06
trained_53tet,53tet-Q4,24000,20260826,580.0,452.8929,633.1306576031452,452.9Hz_+50c,0,452.87340745042144,316.6316439971434,452.89290104602145,633.1306562406141,90.58176664790663,117.67494710349611,2786.1782942692603,1713.5978884019485,1,-619.5628590418123,579.999992275757,-1199.5628590418123,-7.724243005213793e-06,-1199.6373731085448,-3.725708359866108e-06
trained_53tet,53tet-Q4,24000,20260826,580.0,452.8929,633.1306576031452,452.9Hz_+50c,1,452.8600805583047,316.91114695340815,452.8929010468671,633.1306562429373,90.5880062530496,90.4644815834871,2786.008098123216,2170.38603848629,1,-617.9843596481821,579.9999922788769,-1197.9843596481821,-7.721123097326199e-06,-1198.109820201288,-3.7193557728897933e-06
trained_53tet,53tet-Q4,24000,20260826,580.0,452.8929,633.1306576031452,452.9Hz_+50c,2,452.8514484144563,316.6204273020828,452.89290103787476,633.130656241784,144.4822911982408,118.9732046224786,1977.7742347082965,1694.5411834367837,1,-619.5402426655891,579.9999923100974,-1199.5402426655892,-7.689902645324764e-06,-1199.698703265331,-3.7225094822210475e-06
trained_53tet,53tet-Q4,24000,20260826,580.0,452.8929,633.1306576031452,452.9Hz_+50c,3,452.8503505252172,316.67617947340113,452.8929010501566,633.1306562417298,90.58974819122062,118.39606913667518,2785.9376108938254,1703.2646020428674,1,-619.2312276133517,579.9999922630005,-1199.2312276133516,-7.736999464214023e-06,-1199.393885407435,-3.7226578649370234e-06
trained_53tet,53tet-Q4,24000,20260826,580.0,452.8929,633.1306576031452,452.9Hz_+50c,4,452.90591841090594,316.6347049385196,452.89290104729287,633.130656240063,90.5948988946061,90.46416484498015,2786.05160153248,2168.881283172515,1,-619.6704006286295,579.9999922693898,-1199.6704006286295,-7.73061015024723e-06,-1199.620637003929,-3.727215443902337e-06
trained_53tet,53tet-Q4,24000,20260826,585.0,440.0,616.8858368910095,440Hz_ongrid,0,439.98495189454223,308.4281426739604,439.99999890865945,616.8858384272448,93.84011758139313,154.21085484957675,2675.012947460575,1200.0361092248952,1,-615.0237260751295,585.0000086053182,-1200.0237260751296,8.605318157606234e-06,-1200.0829357070415,4.311304774145498e-06
trained_53tet,53tet-Q4,24000,20260826,585.0,440.0,616.8858368910095,440Hz_ongrid,1,440.0034732049781,308.4667358317204,439.9999989202734,616.8858384255278,62.857308302408235,92.1387052486455,3368.8350154197783,2091.8828298068784,1,-614.879988198207,585.0000085548031,-1199.879988198207,8.5548031165672e-06,-1199.8663225005123,4.306486180010453e-06
trained_53tet,53tet-Q4,24000,20260826,585.0,440.0,616.8858368910095,440Hz_ongrid,2,439.98138437383113,308.4335694578505,439.9999989111155,616.8858384257192,62.852508866053164,93.47794557574447,3368.880295206866,2066.7142344693966,1,-614.9792279466467,585.0000085913731,-1199.9792279466467,8.591373102717625e-06,-1200.052474964016,4.307023202428216e-06
trained_53tet,53tet-Q4,24000,20260826,585.0,440.0,616.8858368910095,440Hz_ongrid,3,439.9913191647523,308.383285747458,439.99999892076096,616.8858384281127,62.85547167683964,103.23983354640387,3368.83777918077,1894.4698240563566,1,-615.3005837071951,585.000008560139,-1200.300583707195,8.560139008295664e-06,-1200.3347398567576,4.313740403378812e-06
trained_53tet,53tet-Q4,24000,20260826,585.0,440.0,616.8858368910095,440Hz_ongrid,4,439.99111757555244,308.4595446076341,439.99999891432435,616.885838425868,62.85409462362927,105.25592588626711,3368.8749147064277,1861.4157948084965,1,-614.8717335455527,585.0000085791651,-1199.8717335455526,8.579165069022565e-06,-1199.9066828884158,4.3074410573803345e-06
trained_53tet,53tet-Q4,24000,20260826,585.0,452.8929,634.9618537238551,452.9Hz_+50c,0,452.85566483366597,317.52771598331634,452.89290104549787,634.9618523665322,90.58824867171722,90.71523534075068,2785.986584338754,2168.958903949745,1,-614.6025347018688,584.9999923027032,-1199.6025347018688,-7.697296837250178e-06,-1199.7448761646524,-3.7007635339015187e-06
trained_53tet,53tet-Q4,24000,20260826,585.0,452.8929,634.9618537238551,452.9Hz_+50c,1,452.8971765898775,317.4674568578132,452.8929010400865,634.9618523642454,113.22986512218563,79.38348034960937,2399.9148201901144,2399.637589208009,1,-615.0898016071393,584.9999923171534,-1200.0898016071392,-7.682846558054734e-06,-1200.07345393851,-3.7069986832618838e-06
trained_53tet,53tet-Q4,24000,20260826,585.0,452.8929,634.9618537238551,452.9Hz_+50c,2,452.85048352877675,317.4478285150502,452.8929010472806,634.9618523609096,90.58544176097394,79.3727715956681,2786.0204202413815,2399.7641048873325,1,-615.01834646936,584.9999922805583,-1200.01834646936,-7.719441668996296e-06,-1200.1804957946808,-3.7160936596054234e-06
trained_53tet,53tet-Q4,24000,20260826,585.0,452.8929,634.9618537238551,452.9Hz_+50c,3,452.8350229228143,317.5772828874607,452.8929010420487,634.9618523594911,90.5862289670433,79.3818242138948,2785.946269077956,2400.2725142387876,1,-614.2533913329486,584.9999922966903,-1199.2533913329485,-7.703309734097274e-06,-1199.4746471080764,-3.719961220500315e-06
trained_53tet,53tet-Q4,24000,20260826,585.0,452.8929,634.9618537238551,452.9Hz_+50c,4,452.8068126539176,317.4887947613789,452.8929010413098,634.9618523632629,150.94854665425734,79.37297870874235,1901.8065572566513,2399.982986640212,1,-614.6279867712,584.9999923097985,-1199.6279867712,-7.690201528021134e-06,-1199.957096614337,-3.7096774525786423e-06
trained_53tet,53tet-Q4,24000,20260826,590.0,440.0,618.6700483138337,440Hz_ongrid,0,439.9866050767261,309.38814083385967,439.99999891456514,618.6700468146186,62.85401056357162,95.69907663469523,3368.8594746021913,2031.4091856049906,1,-609.6500462949584,590.0000000754995,-1199.6500462949584,7.549954261776293e-08,-1199.7027510682458,-4.19527718917698e-06
trained_53tet,53tet-Q4,24000,20260826,590.0,440.0,618.6700483138337,440Hz_ongrid,1,439.99618395617654,309.23921720258346,439.9999989177667,618.6700468140328,62.85506010214236,77.30685232988499,3368.8682566489724,2400.0661061027326,1,-610.5212644842487,590.0000000612637,-1200.5212644842486,6.126367679826217e-08,-1200.5362792425403,-4.196916126248834e-06
trained_53tet,53tet-Q4,24000,20260826,590.0,440.0,618.6700483138337,440Hz_ongrid,2,440.0050241455725,309.4064023218839,439.9999989167695,618.6700468148065,62.859482097829215,154.60675822155795,3368.781247464194,1201.079598640779,1,-609.6203368216534,590.000000067352,-1199.6203368216534,6.735194801876787e-08,-1199.6005688165983,-4.194751314680839e-06
trained_53tet,53tet-Q4,24000,20260826,590.0,440.0,618.6700483138337,440Hz_ongrid,3,439.99327766189367,309.3774621721679,439.99999890894077,618.6700468135095,62.85642428441682,94.50897417754857,3368.8192477037687,2053.013842232469,1,-609.7360563030966,590.000000094526,-1199.7360563030966,9.452594440517714e-08,-1199.7625063701928,-4.1983805406443384e-06
trained_53tet,53tet-Q4,24000,20260826,590.0,440.0,618.6700483138337,440Hz_ongrid,4,440.01265764550726,309.1504816797392,439.9999989105065,618.6700468138583,62.85906211402269,77.30733308393923,3368.8228487572155,2399.558494833968,1,-611.0829267315255,590.0000000893413,-1201.0829267315255,8.934125617088284e-08,-1201.0331243867652,-4.19740452065479e-06
trained_53tet,53tet-Q4,24000,20260826,590.0,452.8929,636.7983461908916,452.9Hz_+50c,0,452.8617413972978,318.4248114060552,452.8929010471312,636.7983446703583,90.58186370734069,127.40459670597001,2786.131841938439,1585.8425082235797,1,-609.7414908860075,589.9999918634202,-1199.7414908860073,-8.136579822348722e-06,-1199.8606022468007,-4.133803114078243e-06
trained_53tet,53tet-Q4,24000,20260826,590.0,452.8929,636.7983461908916,452.9Hz_+50c,1,452.8439429907138,318.51139558492815,452.8929010402869,636.7983446631295,90.5857734297637,75.29484718429909,2785.989077062131,2496.8663367800236,1,-609.2027655912791,589.9999918699306,-1199.202765591279,-8.130069431899756e-06,-1199.3899193813788,-4.153455943520596e-06
trained_53tet,53tet-Q4,24000,20260826,590.0,452.8929,636.7983461908916,452.9Hz_+50c,2,452.90633168646895,318.3293522585053,452.8929010420613,636.798344671548,90.58858537191085,90.97282255618316,2786.173834499447,2168.4152033270007,1,-610.4310223264185,589.9999918860349,-1200.4310223264185,-8.1139651229023e-06,-1200.3796789555267,-4.130568870603742e-06
trained_53tet,53tet-Q4,24000,20260826,590.0,452.8929,636.7983461908916,452.9Hz_+50c,3,452.8211689535737,318.32492669303207,452.89290104771516,636.798344664979,90.58258248800459,90.97162010960398,2785.9629940424784,2168.4140177140384,1,-610.1295258491872,589.9999918465636,-1200.1295258491873,-8.153436397151381e-06,-1200.403747558808,-4.148427653062562e-06
trained_53tet,53tet-Q4,24000,20260826,590.0,452.8929,636.7983461908916,452.9Hz_+50c,4,452.86842492207245,318.47500650618616,452.8929010436155,636.7983446686551,90.58823180475656,159.2391641065723,2786.035686880109,1199.98194325432,1,-609.4941582941323,589.9999918722291,-1199.4941582941324,-8.1277709114147e-06,-1199.5877195604535,-4.1384335389635105e-06
trained_53tet,53tet-Q4,24000,20260826,595.0,440.0,620.4594201897127,440Hz_ongrid,0,439.9928426670364,310.24690767360164,439.99999890399863,620.459419594368,62.856242124729235,155.12156793547362,3368.822553308368,1200.021047471268,1,-604.8758700948804,595.0000026511944,-1199.8758700948804,2.6511944497542572e-06,-1199.9040317296724,-1.6611577647595196e-06
trained_53tet,53tet-Q4,24000,20260826,595.0,440.0,620.4594201897127,440Hz_ongrid,1,439.9925308412056,310.286838272597,439.9999989119195,620.4594195914228,62.85533617233838,95.30609016942617,3368.8462789751015,2043.5546279305545,1,-604.6518375062607,595.0000026118113,-1199.6518375062606,2.6118112828044104e-06,-1199.6812260784814,-1.6693755147776605e-06
trained_53tet,53tet-Q4,24000,20260826,595.0,440.0,620.4594201897127,440Hz_ongrid,2,440.0030722592989,310.24469439649823,439.9999989155699,620.4594195930541,62.8559485402716,155.11892004744522,3368.870889226104,1200.0382489422889,1,-604.9284704010353,595.000002602,-1199.9284704010352,2.6019999950221973e-06,-1199.9163822616333,-1.6648237019854767e-06
trained_53tet,53tet-Q4,24000,20260826,595.0,440.0,620.4594201897127,440Hz_ongrid,3,440.01307646861665,310.2225225735301,439.9999989084988,620.4594195916394,62.85977105080542,91.99900491948978,3368.804971534281,2104.335923888639,1,-605.0915605689653,595.0000026258746,-1200.0915605689652,2.6258745720042498e-06,-1200.0401103614226,-1.6687712204013983e-06
trained_53tet,53tet-Q4,24000,20260826,595.0,440.0,620.4594201897127,440Hz_ongrid,4,440.0067809395444,310.1957370420225,439.9999989156392,620.4594195942017,62.86210992096489,155.09733315272527,3368.715787448815,1200.005975900339,1,-605.2162769249508,595.0000026049291,-1200.2162769249508,2.6049291363960947e-06,-1200.1895966909383,-1.6616217490547775e-06
trained_53tet,53tet-Q4,24000,20260826,595.0,452.8929,638.6401503228125,452.9Hz_+50c,0,452.8245454166964,319.41341354398196,452.89290105121563,638.6401481566592,150.94963607058122,91.24106491395685,1901.8618597886398,2169.203650579469,1,-604.2327153322184,594.9999901095732,-1199.2327153322185,-9.89042678156693e-06,-1199.494028135341,-5.872036670184869e-06
trained_53tet,53tet-Q4,24000,20260826,595.0,452.8929,638.6401503228125,452.9Hz_+50c,1,452.86126728751975,319.30858851986767,452.89290104281014,638.6401481582219,90.58656059041377,127.12513027197924,2786.040263237332,1594.442526545101,1,-604.9413535711432,594.9999901459405,-1199.9413535711433,-9.854059499048162e-06,-1200.0622773955322,-5.867800266756271e-06
trained_53tet,53tet-Q4,24000,20260826,595.0,452.8929,638.6401503228125,452.9Hz_+50c,2,452.8529333859534,319.3771609938051,452.89290103962156,638.6401481573372,90.5917965459791,91.24141200499747,2785.9083400059,2169.0005632990833,1,-604.5377460047379,594.9999901557309,-1199.537746004738,-9.84426912964409e-06,-1199.6905296236248,-5.870198608119277e-06
trained_53tet,53tet-Q4,24000,20260826,595.0,452.8929,638.6401503228125,452.9Hz_+50c,3,452.84962667536064,319.4145379003293,452.8929010463601,638.6401481562655,113.21528818009104,127.6692970747294,2399.9559367471024,1587.6220336356737,1,-604.3225090339085,594.9999901270669,-1199.3225090339085,-9.872933105725679e-06,-1199.4879340876796,-5.873103795625441e-06
trained_53tet,53tet-Q4,24000,20260826,595.0,452.8929,638.6401503228125,452.9Hz_+50c,4,452.83854098537773,319.4156982501661,452.8929010484266,638.6401481599488,90.59044285141836,91.23970389603605,2785.879187373249,2169.2418582738906,1,-604.2738390579237,594.9999901291524,-1199.2738390579239,-9.870847634374513e-06,-1199.4816449766372,-5.863119099590386e-06
trained_53tet,53tet-Q4,24000,20260826,600.0,440.0,622.2539674441618,440Hz_ongrid,0,439.9958223307331,311.0875515320298,439.9999989173639,622.2539685383899,62.85540929331718,94.21008109626455,3368.857215935348,2068.0407769896224,1,-600.2029926339204,600.0000073041247,-1200.2029926339205,7.3041246650973335e-06,-1200.219430264866,3.0443597174059476e-06
trained_53tet,53tet-Q4,24000,20260826,600.0,440.0,622.2539674441618,440Hz_ongrid,1,440.0197711188188,311.08811632465574,439.9999989130672,622.2539685344982,93.34147064315965,124.46157911692242,2684.373895047263,1585.947394436131,1,-600.2940772869173,600.0000073102028,-1200.2940772869174,7.310202818189282e-06,-1200.2162871389767,3.0335320077049995e-06
trained_53tet,53tet-Q4,24000,20260826,600.0,440.0,622.2539674441618,440Hz_ongrid,2,439.98288959660385,311.09876725267634,439.9999989122939,622.2539685380425,92.94880574870113,93.9201803734236,2691.5270234891404,2073.4387126370125,1,-600.0896904641938,600.0000073231064,-1200.0896904641938,7.323106387957523e-06,-1200.157014757215,3.043392923288796e-06
trained_53tet,53tet-Q4,24000,20260826,600.0,440.0,622.2539674441618,440Hz_ongrid,3,439.99258676697633,311.1513482371278,439.99999891851513,622.253968536219,62.857689368043054,124.4873891509432,3368.7816858129886,1585.940275246168,1,-599.835262952486,600.0000072935547,-1199.8352629524861,7.293554745047004e-06,-1199.8644314741703,3.0383198489492052e-06
trained_53tet,53tet-Q4,24000,20260826,600.0,440.0,622.2539674441618,440Hz_ongrid,4,439.98376763659724,311.12357221400913,439.99999891533145,622.2539685306858,62.85559256746804,94.0655846574158,3368.80473622591,2070.8985745244995,1,-599.9551136833858,600.000007290687,-1199.9551136833857,7.290686994565476e-06,-1200.0189830892919,3.022925334432361e-06
trained_53tet,53tet-Q4,24000,20260826,600.0,452.8929,640.487281482482,452.9Hz_+50c,0,452.89413356957186,320.32581034189,452.8929010475826,640.487278969799,90.59455929115559,91.50549859033113,2786.0130430646846,2169.131646361334,1,-599.5605643580698,599.9999892037281,-1199.5605643580698,-1.0796271908475319e-05,-1199.5558489060584,-6.791770022454907e-06
trained_53tet,53tet-Q4,24000,20260826,600.0,452.8929,640.487281482482,452.9Hz_+50c,1,452.81878341504984,320.3172524091462,452.8929010490014,640.4872789708703,90.58256120904169,91.50613398729881,2785.954280272825,2169.0733721869815,1,-599.3187595911037,599.9999892012002,-1199.3187595911036,-1.0798799848998897e-05,-1199.6021017586002,-6.788874253021161e-06
trained_53tet,53tet-Q4,24000,20260826,600.0,452.8929,640.487281482482,452.9Hz_+50c,2,452.80831753842244,320.1218370488639,452.8929010529594,640.4872789706511,90.57788408755013,91.50802593704864,2786.003658765251,2167.9810850608806,1,-600.3352386787412,599.9999891854775,-1200.3352386787412,-1.081452251128212e-05,-1200.6585948474801,-6.7894668228581605e-06
trained_53tet,53tet-Q4,24000,20260826,600.0,452.8929,640.487281482482,452.9Hz_+50c,3,452.8196483612494,320.2199263896763,452.8929010490438,640.4872789699635,90.57952611247605,80.05978435566291,2786.0155955771656,2399.896140764355,1,-599.8481690285572,599.9999891985868,-1199.848169028557,-1.0801413168337604e-05,-1200.1282043039014,-6.791325258717373e-06
trained_53tet,53tet-Q4,24000,20260826,600.0,452.8929,640.487281482482,452.9Hz_+50c,4,452.8453852727316,320.1195935210652,452.89290105038225,640.4872789705329,90.59006902007663,91.49609095093093,2785.9124975151994,2168.194763821475,1,-600.4890880769331,599.9999891950094,-1200.489088076933,-1.080499055206019e-05,-1200.6707279945392,-6.789786460755964e-06
trained_53tet,53tet-Q4,24000,20260826,605.0,440.0,624.0537050458661,440Hz_ongrid,0,439.9736649372083,312.0612038381511,439.99999891205835,624.0537072115605,62.85123593617573,124.81678211601714,3368.884983016378,1586.420503075571,1,-594.7057957453748,605.0000102886548,-1199.7057957453749,1.028865483476693e-05,-1199.8094173859297,6.008014993281521e-06
trained_53tet,53tet-Q4,24000,20260826,605.0,440.0,624.0537050458661,440Hz_ongrid,1,439.9865024723365,312.0177457411554,439.9999989184232,624.0537072119512,62.85634965257143,124.80482187822949,3368.794644837528,1586.3452909846426,1,-594.9974198508061,605.0000102646953,-1199.9974198508062,1.02646953337171e-05,-1200.0505283460056,6.00909864839547e-06
trained_53tet,53tet-Q4,24000,20260826,605.0,440.0,624.0537050458661,440Hz_ongrid,2,439.9921783365859,312.0527341400828,439.9999989142333,624.0537072148177,62.85724690074203,124.80782838378218,3368.7922652961975,1586.4977092995377,1,-594.825630127155,605.0000102891332,-1199.825630127155,1.0289133228980063e-05,-1199.8564056962032,6.01705096245798e-06
trained_53tet,53tet-Q4,24000,20260826,605.0,440.0,624.0537050458661,440Hz_ongrid,3,440.00584367782943,312.092018965446,439.9999989087277,624.0537072191341,62.85510983142807,124.7874304336491,3368.9048942161053,1586.9986105679573,1,-594.6614640641819,605.0000103227701,-1199.661464064182,1.032277009471727e-05,-1199.6384715486138,6.02902537068758e-06
trained_53tet,53tet-Q4,24000,20260826,605.0,440.0,624.0537050458661,440Hz_ongrid,4,440.0037860739037,312.0144956021734,439.9999989129374,624.0537072140728,62.85787160191404,124.80073633985174,3368.820731943492,1586.383931060155,1,-595.0834585821929,605.0000102921659,-1200.0834585821929,1.0292165939063125e-05,-1200.068561873433,6.01498436795902e-06
trained_53tet,53tet-Q4,24000,20260826,605.0,452.8929,642.3397550771975,452.9Hz_+50c,0,452.8338780221003,321.1924284984572,452.8929010466451,642.3397574303522,90.59813571739657,160.59832512863233,2785.714351708955,1199.9772447794141,1,-594.6528127257573,605.0000023413036,-1199.6528127257573,2.3413035705743823e-06,-1199.878445577534,6.342222072379443e-06
trained_53tet,53tet-Q4,24000,20260826,605.0,452.8929,642.3397550771975,452.9Hz_+50c,1,452.84842235092964,321.02748833572537,452.89290103542464,642.3397574297529,129.32908884407092,160.5139406841243,2169.5777126800986,1199.997880459167,1,-595.5976757595089,605.0000023825799,-1200.597675759509,2.3825798507459695e-06,-1200.7677049249114,6.340607161016256e-06
trained_53tet,53tet-Q4,24000,20260826,605.0,452.8929,642.3397550771975,452.9Hz_+50c,2,452.8449825670172,321.11937162043586,452.89290105092414,642.3397574290166,64.6912250725088,107.06626551379998,3368.8504009393737,1901.5268543951988,1,-595.089089032819,605.0000023213466,-1200.089089032819,2.3213466420202167e-06,-1200.2722685005167,6.33862244609882e-06
trained_53tet,53tet-Q4,24000,20260826,605.0,452.8929,642.3397550771975,452.9Hz_+50c,3,452.8606159431594,321.1473080160535,452.8929010341619,642.3397574284973,64.69293892161562,160.57280161599476,3368.864302009085,1200.0091901379144,1,-594.9982491878749,605.0000023840223,-1199.998249187875,2.3840223093429813e-06,-1200.1216630250485,6.3372228049958975e-06
trained_53tet,53tet-Q4,24000,20260826,605.0,452.8929,642.3397550771975,452.9Hz_+50c,4,452.8781821618335,321.18905293364344,452.8929010429889,642.3397574272054,90.60054539587203,160.59512585863212,2785.837677273447,1199.9935384748333,1,-594.8403785336258,605.0000023467985,-1199.8403785336259,2.346798510188819e-06,-1199.8966400395768,6.333741192947233e-06
trained_53tet,53tet-Q4,24000,20260826,610.0,440.0,625.8586480068038,440Hz_ongrid,0,440.0139578632601,312.9635322265162,439.99999891391946,625.8586497948468,62.85853231495476,125.17005457200773,3368.8425560015066,1586.5261226002813,1,-589.8656765910241,610.0000092193554,-1199.865676591024,9.219355433742749e-06,-1199.8107585345224,4.946038363041474e-06
trained_53tet,53tet-Q4,24000,20260826,610.0,440.0,625.8586480068038,440Hz_ongrid,1,439.9940516429756,313.0148070540237,439.99999891030706,625.8586497893358,62.856207144516034,125.14318110729621,3368.8282736952488,1587.1814668760132,1,-589.5037378633426,610.0000092183246,-1199.5037378633426,9.218324635185127e-06,-1199.5271425629485,4.930793768901545e-06
trained_53tet,53tet-Q4,24000,20260826,610.0,440.0,625.8586480068038,440Hz_ongrid,2,439.98012554770617,312.9199133452361,439.99999890351927,625.8586497940305,62.854105349515514,125.15329891318478,3368.831368378732,1586.5165812823248,1,-589.9738635825876,610.0000092580186,-1199.9738635825875,9.258018621949304e-06,-1200.052063822626,4.9437803317739144e-06
trained_53tet,53tet-Q4,24000,20260826,610.0,440.0,625.8586480068038,440Hz_ongrid,3,440.0035691141374,312.94316842427475,439.999998908748,625.8586497935441,93.17624983376919,125.1619419917226,2687.3772663544223,1586.5256807899302,1,-589.937452595418,610.0000092360998,-1199.937452595418,9.236099799636577e-06,-1199.9234095343747,4.942434892646153e-06
trained_53tet,53tet-Q4,24000,20260826,610.0,440.0,625.8586480068038,440Hz_ongrid,4,439.99521754986944,312.92845620404006,439.99999891031314,625.8586497884346,62.858258405274526,125.14488178687013,3368.776364673894,1586.6802813779245,1,-589.9859837353058,610.0000092158078,-1199.9859837353058,9.215807835971646e-06,-1200.0048009750794,4.928301246814555e-06
trained_53tet,53tet-Q4,24000,20260826,610.0,452.8929,644.1975865588196,452.9Hz_+50c,0,452.89920244295837,321.97880562723356,452.8929010489134,644.1975887035263,90.60072760357707,128.82340287698435,2785.914548709427,1585.8852229639404,1,-590.669127915973,610.0000017541536,-1200.6691279159731,1.7541535726195434e-06,-1200.6450362865307,5.763742831546001e-06
trained_53tet,53tet-Q4,24000,20260826,610.0,452.8929,644.1975865588196,452.9Hz_+50c,1,452.83255326151885,322.06702466049825,452.8929010475968,644.1975887031191,90.59196393182793,128.8181355800713,2785.8272272727636,1586.4302868176903,1,-589.940062550133,610.0000017580919,-1199.940062550133,1.7580919120518956e-06,-1200.1707601156857,5.7626487973300595e-06
trained_53tet,53tet-Q4,24000,20260826,610.0,452.8929,644.1975865588196,452.9Hz_+50c,2,452.8438071410508,322.02293431984225,452.89290104790126,644.1975887065388,90.58683928386047,128.8741666487357,2785.968187707025,1585.4404097571137,1,-590.2201057206606,610.0000017661185,-1200.2201057206607,1.7661185438555549e-06,-1200.407778867596,5.771838915390649e-06
trained_53tet,53tet-Q4,24000,20260826,610.0,452.8929,644.1975865588196,452.9Hz_+50c,3,452.8807697254322,321.9718132693361,452.8929010384677,644.1975887017486,113.22581625509018,160.98556979284572,2399.9140090373903,1200.0036223831903,1,-590.6362636445948,610.000001789306,-1200.6362636445947,1.789305997590418e-06,-1200.6826336044633,5.75896536941117e-06
trained_53tet,53tet-Q4,24000,20260826,610.0,452.8929,644.1975865588196,452.9Hz_+50c,4,452.84297453027887,321.9659627864066,452.89290105309425,644.1975887018662,90.58238713636696,160.984886288631,2786.0500931159518,1199.9795146028193,1,-590.5232355412901,610.0000017337102,-1200.52323554129,1.733710178086767e-06,-1200.7140917845174,5.7592813554004555e-06
trained_53tet,53tet-Q4,24000,20260826,615.0,440.0,627.6688113823724,440Hz_ongrid,0,439.969357955355,313.80388485973674,439.9999989128412,627.6688090321825,62.85165390813015,125.5202377223112,3368.8565225922957,1586.3318677156847,1,-585.0478040140179,614.9999977952738,-1200.0478040140179,-2.204726229138032e-06,-1200.1683731010303,-6.4822861538439885e-06
trained_53tet,53tet-Q4,24000,20260826,615.0,440.0,627.6688113823724,440Hz_ongrid,1,439.99698421572504,313.8532695916505,439.99999890684325,627.6688090325342,62.855767200864975,92.25070774932088,3368.8519296896525,2119.750024412057,1,-584.8840764166459,614.9999978198438,-1199.884076416646,-2.1801562297696364e-06,-1199.8959424309962,-6.481315900020882e-06
trained_53tet,53tet-Q4,24000,20260826,615.0,440.0,627.6688113823724,440Hz_ongrid,2,439.9998944318293,313.83253083353645,439.9999989149187,627.6688090305693,93.11676099792692,125.50469055734766,2688.4684758289923,1586.7043454130087,1,-585.0099271123019,614.9999977826501,-1200.0099271123017,-2.2173499019118026e-06,-1200.0103424832869,-6.486735713274454e-06
trained_53tet,53tet-Q4,24000,20260826,615.0,440.0,627.6688113823724,440Hz_ongrid,3,440.00722962271465,313.91286499713954,439.99999891185865,627.6688090324614,62.86028301155907,125.49391700034755,3368.767866971347,1587.2960649445686,1,-584.5956872992411,614.9999977999088,-1199.595687299241,-2.2000912167641218e-06,-1199.567241694286,-6.481516947069013e-06
trained_53tet,53tet-Q4,24000,20260826,615.0,440.0,627.6688113823724,440Hz_ongrid,4,439.9964627625487,313.8136808838196,439.999998916127,627.6688090339145,93.14369315490957,125.5217468689696,2687.9543210937645,1586.3650961166434,1,-585.1004122147542,614.9999977871224,-1200.1004122147542,-2.212877575402672e-06,-1200.11432996596,-6.47750888388097e-06
trained_53tet,53tet-Q4,24000,20260826,615.0,452.8929,646.0607914238991,452.9Hz_+50c,0,452.7981245838296,322.8703011971615,452.89290103897935,646.0607924920706,90.57394055879399,129.0798773880942,2786.040062464005,1587.2287561226974,1,-585.4958881652177,614.9999988907388,-1200.4958881652178,-1.1092612339780317e-06,-1200.858215766207,2.8623544781609872e-06
trained_53tet,53tet-Q4,24000,20260826,615.0,452.8929,646.0607914238991,452.9Hz_+50c,1,452.8332957634165,322.97458846770655,452.8929010422975,646.0607924946281,90.58362591294814,92.29292600603151,2785.9894148095163,2168.5544159166466,1,-585.0712576901469,614.9999988849078,-1200.071257690147,-1.1150922318847734e-06,-1200.2991165827648,2.8692077606748445e-06
trained_53tet,53tet-Q4,24000,20260826,615.0,452.8929,646.0607914238991,452.9Hz_+50c,2,452.81419677662416,322.9328313962587,452.89290104592715,646.0607924982869,90.60052093620651,92.29198798690739,2785.593528097903,2168.348167360242,1,-585.2220825579633,614.9999988808376,-1200.2220825579634,-1.1191624480488827e-06,-1200.5229606252926,2.8790117834049634e-06
trained_53tet,53tet-Q4,24000,20260826,615.0,452.8929,646.0607914238991,452.9Hz_+50c,3,452.8527287850573,322.9046623076208,452.89290104131965,646.0607924943541,90.58887540712054,92.30322552849066,2785.9633824906155,2167.986363539965,1,-585.5204151253673,614.9999988879117,-1200.5204151253674,-1.112088284571655e-06,-1200.6739809233936,2.8684735353213867e-06
trained_53tet,53tet-Q4,24000,20260826,615.0,452.8929,646.0607914238991,452.9Hz_+50c,4,452.8408405772993,322.92042788254673,452.892901042872,646.0607924989442,90.59319586627774,92.28910977931551,2785.8353680000123,2168.3356620993777,1,-585.3904423619701,614.9999988942776,-1200.3904423619701,-1.1057223900934332e-06,-1200.58945679903,2.880773539842071e-06
trained_53tet,53tet-Q4,24000,20260826,620.0,440.0,629.4842102715137,440Hz_ongrid,0,440.0031206749078,314.94051515973143,439.9999989103764,629.4842081226177,62.85818590005647,90.68973638898306,3368.809457479409,2155.281806375943,1,-578.9212712309276,619.9999983772733,-1198.9212712309277,-1.6227266996793333e-06,-1198.9089925957057,-5.909984396609659e-06
trained_53tet,53tet-Q4,24000,20260826,620.0,440.0,629.4842102715137,440Hz_ongrid,1,440.01053071422814,314.86694055536094,439.99999890565505,629.4842081235433,62.85799228608691,78.70483821550663,3368.8439452424236,2400.261671362503,1,-579.3549147481576,619.9999983983959,-1199.3549147481576,-1.6016041399780079e-06,-1199.3134808552727,-5.907438825763979e-06
trained_53tet,53tet-Q4,24000,20260826,620.0,440.0,629.4842102715137,440Hz_ongrid,2,439.9952044375346,314.79973126640937,439.9999989160085,629.4842081240326,62.85738524465193,119.43574820190068,3368.8003617255663,1677.8395155936182,1,-579.6641885467284,619.9999983590046,-1199.6641885467284,-1.640995378693333e-06,-1199.6830573791556,-5.906093002216604e-06
trained_53tet,53tet-Q4,24000,20260826,620.0,440.0,629.4842102715137,440Hz_ongrid,3,440.00917307871293,314.8965293319746,439.99999891690976,629.4842081233388,62.857326710156485,121.8063372036802,3368.8569349594495,1644.3463951373224,1,-579.18689264916,619.9999983535503,-1199.18689264916,-1.6464497321067029e-06,-1199.1508004203765,-5.908001219322908e-06
trained_53tet,53tet-Q4,24000,20260826,620.0,440.0,629.4842102715137,440Hz_ongrid,4,439.98697218120793,314.7333823612303,439.9999989138503,629.4842081221138,62.855419168953865,78.6945974990573,3368.8221212482363,2399.752447043146,1,-579.9967198381052,619.9999983622193,-1199.996719838105,-1.6377806559830788e-06,-1200.0479801503427,-5.911370198919941e-06
trained_53tet,53tet-Q4,24000,20260826,620.0,452.8929,647.9293852138082,452.9Hz_+50c,0,452.84120491407094,323.9070371038122,452.89290103665525,647.9293845050112,90.59177988696005,161.9557325808023,2785.863820424011,1199.976332863619,1,-580.1105109483558,619.9999941433992,-1200.1105109483558,-5.856600751030783e-06,-1200.3081325075782,-1.893869337928955e-06
trained_53tet,53tet-Q4,24000,20260826,620.0,452.8929,647.9293852138082,452.9Hz_+50c,1,452.8885339450722,323.7941736434023,452.8929010392437,647.929384498373,90.60251184782712,161.89717124313802,2785.8396735640003,1199.9990972460917,1,-580.8947859126112,619.9999941157678,-1200.894785912611,-5.884232223252184e-06,-1200.91147572909,-1.911606262020362e-06
trained_53tet,53tet-Q4,24000,20260826,620.0,452.8929,647.9293852138082,452.9Hz_+50c,2,452.85604718171606,323.83769224268883,452.892901051927,647.9293844998041,90.59004969235764,92.55493351360806,2785.953627023092,2168.2669392003772,1,-580.5379301917336,619.9999940711084,-1200.5379301917337,-5.928891596340691e-06,-1200.6788099665341,-1.90778252400413e-06
trained_53tet,53tet-Q4,24000,20260826,620.0,452.8929,647.9293852138082,452.9Hz_+50c,3,452.85397450814287,323.82223189683117,452.8929010382054,647.9293845031099,90.59132588847916,92.56035526551327,2785.9213145763542,2168.0828757773033,1,-580.6126593753245,619.9999941323933,-1200.6126593753245,-5.867606660103775e-06,-1200.7614628408796,-1.89894952388986e-06
trained_53tet,53tet-Q4,24000,20260826,620.0,452.8929,647.9293852138082,452.9Hz_+50c,4,452.85809593469287,323.83535913566215,452.8929010417972,647.9293845001633,90.5932506777513,92.55721755747214,2785.900287424786,2168.2117440158136,1,-580.5582352188854,619.9999941107907,-1200.5582352188853,-5.889209319320798e-06,-1200.6912827853928,-1.9068226492854696e-06
trained_53tet,53tet-Q4,24000,20260826,625.0,440.0,631.3048598168401,440Hz_ongrid,0,440.0152193518104,315.6841909095715,439.9999989158531,631.3048583016133,62.85953330876937,90.31510641158822,3368.819950415659,2166.5313491085353,1,-574.8856930725912,625.0000001104864,-1199.885693072591,1.1048643955291482e-07,-1199.825811698992,-4.155222697310219e-06
trained_53tet,53tet-Q4,24000,20260826,625.0,440.0,631.3048598168401,440Hz_ongrid,1,439.99973711871905,315.705140550384,439.9999989124436,631.3048583026958,62.856782396702926,90.22127291792103,3368.8348000897463,2168.4458469871433,1,-574.7098918853832,625.0000001268705,-1199.709891885383,1.2687053185800323e-07,-1199.7109262243841,-4.1522540819620115e-06
trained_53tet,53tet-Q4,24000,20260826,625.0,440.0,631.3048598168401,440Hz_ongrid,2,439.99759252067224,315.600690510924,439.99999891548583,631.3048583023141,62.854951513490136,90.20919905288899,3368.876789747626,2168.1046769107543,1,-575.2743217132604,625.0000001138535,-1200.2743217132604,1.1385350262571592e-07,-1200.283794262322,-4.1533010258145e-06
trained_53tet,53tet-Q4,24000,20260826,625.0,440.0,631.3048598168401,440Hz_ongrid,3,440.0042709189128,315.63625872181836,439.9999989176153,631.3048583027576,62.86014587975349,157.8223907817559,3368.7600024889157,1199.9532536769084,1,-575.1054994804509,625.0000001066908,-1200.1054994804508,1.0669077710190322e-07,-1200.0886951069108,-4.152084748836613e-06
trained_53tet,53tet-Q4,24000,20260826,625.0,440.0,631.3048598168401,440Hz_ongrid,4,440.0183617099701,315.76124781856356,439.9999989105244,631.3048583042965,62.858846901476596,90.317939632979,3368.8512185990003,2166.8995743272994,1,-574.4755227162196,625.0000001388113,-1199.4755227162195,1.3881128779758e-07,-1199.4032778202334,-4.147864298476251e-06
trained_53tet,53tet-Q4,24000,20260826,625.0,452.8929,649.8033835148685,452.9Hz_+50c,0,452.9236150185222,324.84738755470016,452.8929010519896,649.8033817279788,90.59947546156508,92.82956456562536,2786.0317912951127,2168.527015934954,1,-575.4067909890658,624.9999912179431,-1200.406790989066,-8.782056852396636e-06,-1200.289383357339,-4.760708172591652e-06
trained_53tet,53tet-Q4,24000,20260826,625.0,452.8929,649.8033835148685,452.9Hz_+50c,1,452.859231877152,324.9098371651001,452.892901042575,649.8033817213214,90.58770515272263,92.83022507883798,2786.0106080659584,2168.8474831753015,1,-574.8278928845982,624.9999912361948,-1199.8278928845982,-8.763805226408294e-06,-1199.9565978550158,-4.77844509671243e-06
trained_53tet,53tet-Q4,24000,20260826,625.0,452.8929,649.8033835148685,452.9Hz_+50c,2,452.85730635948374,324.9449866308151,452.89290103915727,649.8033817221315,90.58592187487828,92.82427410450242,2786.0373277979797,2169.1457478247726,1,-574.6332532104535,624.9999912514174,-1199.6332532104534,-8.74858255883737e-06,-1199.7693192516,-4.776287012339385e-06
trained_53tet,53tet-Q4,24000,20260826,625.0,452.8929,649.8033835148685,452.9Hz_+50c,3,452.8807164236014,324.973409070778,452.89290104942194,649.8033817281632,90.58685617248784,92.82536433654273,2786.1089643724526,2169.276836162946,1,-574.5713237672923,624.9999912282495,-1199.5713237672921,-8.771750458436145e-06,-1199.6178974848733,-4.760216895101676e-06
trained_53tet,53tet-Q4,24000,20260826,625.0,452.8929,649.8033835148685,452.9Hz_+50c,4,452.8494599894696,324.81835723915736,452.8929010468488,649.8033817289188,90.58351894204678,92.83582359147164,2786.0532558406194,2168.255571158596,1,-575.2780414633213,624.9999912400987,-1200.2780414633212,-8.759901334087772e-06,-1200.4441037536626,-4.758203925949676e-06
trained_53tet,53tet-Q4,24000,20260826,630.0,440.0,633.1307752047609,440Hz_ongrid,0,439.9999947444743,316.58247210422115,439.9999989176705,633.1307738437895,62.85877540041198,117.99344186260963,3368.7809222802894,1708.649646488397,1,-569.9065500510526,630.0000005371156,-1199.9065500510526,5.371156248656916e-07,-1199.906570729564,-3.721442933398574e-06
trained_53tet,53tet-Q4,24000,20260826,630.0,440.0,633.1307752047609,440Hz_ongrid,1,440.0002265729911,316.6013090837228,439.9999989081205,633.1307738421319,94.03992037740612,118.16064629483098,2671.3908528713873,1706.3011182036146,1,-569.8044550840546,630.0000005701589,-1199.8044550840546,5.701589316231548e-07,-1199.8035636050188,-3.7259753334315105e-06
trained_53tet,53tet-Q4,24000,20260826,630.0,440.0,633.1307752047609,440Hz_ongrid,2,439.9805808371769,316.6151056306914,439.99999891558895,633.1307738485301,93.36768680599106,118.7895817686919,2683.7335248623863,1697.1861301140955,1,-569.6517144307874,630.0000005582685,-1199.6517144307873,5.582685389526887e-07,-1199.7281231984841,-3.7084802039545414e-06
trained_53tet,53tet-Q4,24000,20260826,630.0,440.0,633.1307752047609,440Hz_ongrid,3,439.99303236255645,316.6232305141586,439.9999989180514,633.1307738476364,62.85438586714165,114.93244937601746,3368.8744269027416,1754.37711775033,1,-569.656282108411,630.000000546136,-1199.656282108411,5.461359933178755e-07,-1199.6836973508969,-3.7109239058339477e-06
trained_53tet,53tet-Q4,24000,20260826,630.0,440.0,633.1307752047609,440Hz_ongrid,4,439.999586837703,316.6912737731127,439.9999989191959,633.1307738456088,93.4512895077653,118.58537031689015,2682.258830990585,1700.58129291992,1,-569.3100644193701,630.0000005360887,-1199.31006441937,5.360886916605523e-07,-1199.3116900579432,-3.716468076095993e-06
trained_53tet,53tet-Q4,24000,20260826,630.0,452.8929,651.6828019584823,452.9Hz_+50c,0,452.87413955695104,325.8653772800002,452.8929010330342,651.682805123715,90.57948978384017,93.1050969360692,2786.224609807893,2168.812826602656,1,-569.8009003650666,630.0000044597389,-1199.8009003650666,4.45973887508444e-06,-1199.8726157540532,8.408628592649949e-06
trained_53tet,53tet-Q4,24000,20260826,630.0,452.8929,651.6828019584823,452.9Hz_+50c,1,452.8719016910173,325.7422244616674,452.8929010372828,651.6828051216523,90.58317849773474,93.09755560921906,2786.145554463046,2168.2986577145257,1,-570.4467465621769,630.0000044380188,-1200.446746562177,4.43801877736405e-06,-1200.5270168209072,8.403148811299128e-06
trained_53tet,53tet-Q4,24000,20260826,630.0,452.8929,651.6828019584823,452.9Hz_+50c,2,452.8129396192101,325.82541875965956,452.89290103790205,651.6828051222099,90.57978201815976,93.09451481519345,2785.985055234337,2168.7973042875074,1,-569.7792329778363,630.0000044371327,-1199.7792329778363,4.437132702150848e-06,-1200.0849175127128,8.404629947570244e-06
trained_53tet,53tet-Q4,24000,20260826,630.0,452.8929,651.6828019584823,452.9Hz_+50c,3,452.8474596579128,325.7842402954891,452.89290104179605,651.6828051224804,139.57817297934636,93.0948893778913,2037.5421740996687,2168.5715281106454,1,-570.1300186076247,630.0000044229662,-1200.1300186076246,4.422966185302357e-06,-1200.3037281407148,8.40534879647421e-06
trained_53tet,53tet-Q4,24000,20260826,630.0,452.8929,651.6828019584823,452.9Hz_+50c,4,452.8104513898396,325.85465139593634,452.89290104135785,651.6828051205947,90.58118407724544,93.09760035327905,2785.948744912216,2168.8952420846485,1,-569.6144026170871,630.0000044196319,-1199.614402617087,4.41963186403882e-06,-1199.9296003943355,8.400339149994798e-06
trained_53tet,53tet-Q4,24000,20260826,635.0,440.0,634.9619716656085,440Hz_ongrid,0,440.00342626657556,317.4316940469007,439.99999891316236,634.9619703102557,93.25038723132265,90.7137708023801,2685.9997638044683,2168.4632409903816,1,-565.2822915797515,635.0000005809048,-1200.2822915797515,5.809048388982774e-07,-1200.2688105655193,-3.6953913876431458e-06
trained_53tet,53tet-Q4,24000,20260826,635.0,440.0,634.9619716656085,440Hz_ongrid,1,440.01252764460895,317.49442908418763,439.9999989138882,634.9619703093836,62.85891229571675,90.71904545632519,3368.826463495977,2168.7046948680577,1,-564.9759859237696,635.0000005756713,-1199.9759859237697,5.756712653237628e-07,-1199.9266950688743,-3.6977691630049446e-06
trained_53tet,53tet-Q4,24000,20260826,635.0,440.0,634.9619716656085,440Hz_ongrid,2,440.0148372385995,317.4276056791931,439.99999890861716,634.9619703065049,62.85922602566442,90.71384818456521,3368.82690999634,2168.4394665782884,1,-565.3494861254648,635.0000005885619,-1200.3494861254649,5.885618747925037e-07,-1200.2911081718826,-3.705617878298723e-06
trained_53tet,53tet-Q4,24000,20260826,635.0,440.0,634.9619716656085,440Hz_ongrid,3,440.00594928688764,317.5406716243929,439.9999989186999,634.9619703081237,62.85744905019042,90.7153381517108,3368.8408812523708,2169.0275775689956,1,-564.6979700863193,635.0000005533038,-1199.6979700863194,5.533038347493857e-07,-1199.674562044508,-3.701204261320856e-06
trained_53tet,53tet-Q4,24000,20260826,635.0,440.0,634.9619716656085,440Hz_ongrid,4,439.9920089948665,317.427396063164,439.99999891140385,634.9619703071245,62.85721131192431,90.70763864588692,3368.7925791871085,2168.55683372406,1,-565.2608095306251,635.0000005792867,-1200.260809530625,5.792867341369856e-07,-1200.292251407443,-3.7039285833625867e-06
trained_53tet,53tet-Q4,24000,20260826,635.0,452.8929,653.567656221262,452.9Hz_+50c,0,452.81321446978,326.7873453052558,452.89290104859043,653.5676573040065,90.57948774652246,93.36811201941198,2785.991730433421,2168.820361002548,1,-564.6767330183018,634.9999988597249,-1199.6767330183018,-1.1402751169953262e-06,-1199.9813667207509,2.86807951386207e-06
trained_53tet,53tet-Q4,24000,20260826,635.0,452.8929,653.567656221262,452.9Hz_+50c,1,452.8642149100287,326.76668029980215,452.8929010379316,653.5676573066586,150.96594637346934,93.36405132773882,1901.8264651696177,2168.7861748282753,1,-564.9811925313628,634.9999989074946,-1199.981192531363,-1.0925053857135936e-06,-1200.0908479868003,2.875104628173284e-06
trained_53tet,53tet-Q4,24000,20260826,635.0,452.8929,653.567656221262,452.9Hz_+50c,2,452.86379834833144,326.8036077909839,452.8929010386867,653.5676573035776,90.58269923476735,93.368787694867,2786.1237365530033,2168.89398491587,1,-564.7839665492943,634.9999988964468,-1199.7839665492943,-1.1035532452297048e-06,-1199.8952144602665,2.8669435788256987e-06
trained_53tet,53tet-Q4,24000,20260826,635.0,452.8929,653.567656221262,452.9Hz_+50c,3,452.83527666936124,326.82228408733397,452.8929010429815,653.5676573024638,90.5839043990044,93.36259063663974,2785.9916656087407,2169.1078283105558,1,-564.5759943913828,634.9999988770791,-1199.5759943913827,-1.1229209349039593e-06,-1199.7962800680941,2.8639932230205686e-06
trained_53tet,53tet-Q4,24000,20260826,635.0,452.8929,653.567656221262,452.9Hz_+50c,4,452.8620562302729,326.7726855185486,452.892901047216,653.5676573065452,90.56310752870718,93.36735080813429,2786.491557640344,2168.7568099949417,1,-564.9411243919674,634.9999988717037,-1199.9411243919674,-1.1282962759651127e-06,-1200.0590321859165,2.8748044030418447e-06
trained_53tet,53tet-Q4,24000,20260826,640.0,440.0,636.7984644737664,440Hz_ongrid,0,440.00040762800626,318.3875469039418,439.9999989139507,636.7984629505322,62.855848351473284,127.31179714236873,3368.863164438991,1586.9013580718863,1,-560.0651417583214,640.0000001320493,-1200.0651417583213,1.32049308376736e-07,-1200.0635378966015,-4.141145367642535e-06
trained_53tet,53tet-Q4,24000,20260826,640.0,440.0,636.7984644737664,440Hz_ongrid,1,439.9989224444544,318.35589762107463,439.9999989155426,636.7984629512861,62.85670102254129,90.97222181192299,3368.8338358996434,2168.5709965924593,1,-560.2313998215872,640.0000001278352,-1200.2313998215873,1.2783516467607114e-07,-1200.2356396014388,-4.139095879429022e-06
trained_53tet,53tet-Q4,24000,20260826,640.0,440.0,636.7984644737664,440Hz_ongrid,2,439.98732096969394,318.36284408081883,439.9999989203481,636.7984629447283,62.85242564931446,90.97610934080573,3368.905946459097,2168.5347918587304,1,-560.147976924196,640.000000091099,-1200.147976924196,9.109896836889675e-08,-1200.1978648452005,-4.156924293404601e-06
trained_53tet,53tet-Q4,24000,20260826,640.0,440.0,636.7984644737664,440Hz_ongrid,3,439.98412833282754,318.35571604128904,439.9999989201714,636.7984629487721,62.856569561909275,74.40519369380884,3368.779246294265,2516.597320453139,1,-560.1741768904626,640.0000001027882,-1200.1741768904626,1.0278824902343331e-07,-1200.2366270409661,-4.145930325822735e-06
trained_53tet,53tet-Q4,24000,20260826,640.0,440.0,636.7984644737664,440Hz_ongrid,4,440.01018103106065,318.46254597740875,439.9999989113364,636.7984629478367,62.85895222494602,127.39737446391369,3368.8161309810757,1586.145796027333,1,-559.6958360971565,640.0000001350074,-1199.6958360971566,1.3500743989425246e-07,-1199.655778043267,-4.148473397993145e-06
trained_53tet,53tet-Q4,24000,20260826,640.0,452.8929,655.4579620251615,452.9Hz_+50c,0,452.8702028309405,327.6660536763079,452.89290104228746,655.4579609219729,90.59481167412645,93.63160578740398,2785.916740003019,2168.5904535357136,1,-560.245682011506,639.9999931019328,-1200.245682011506,-6.898067226757121e-06,-1200.3324466672502,-2.9138063818388783e-06
trained_53tet,53tet-Q4,24000,20260826,640.0,452.8929,655.4579620251615,452.9Hz_+50c,1,452.8590939939664,327.6943511186581,452.8929010454834,655.4579609226771,90.59470784020272,93.6341583683003,2785.8762568049183,2168.6927613332336,1,-560.053710599605,639.9999930915759,-1200.053710599605,-6.90842409767356e-06,-1200.1829426832737,-2.911946408339104e-06
trained_53tet,53tet-Q4,24000,20260826,640.0,452.8929,655.4579620251615,452.9Hz_+50c,2,452.8656334875786,327.72509830907154,452.89290104829126,655.4579609222714,90.59790960389131,93.62866189348775,2785.840072906591,2168.956822635876,1,-559.916278122183,639.9999930797708,-1199.916278122183,-6.920229225215735e-06,-1200.020510570396,-2.913018146712023e-06
trained_53tet,53tet-Q4,24000,20260826,640.0,452.8929,655.4579620251615,452.9Hz_+50c,3,452.86029221272264,327.763684303804,452.8929010461529,655.457960922528,90.59135914639857,93.64949230643079,2785.9448310489306,2168.7755238255804,1,-559.6920375432203,639.9999930886228,-1199.6920375432203,-6.911377226970217e-06,-1199.8166889650624,-2.912340429799736e-06
trained_53tet,53tet-Q4,24000,20260826,640.0,452.8929,655.4579620251615,452.9Hz_+50c,4,452.8368374870821,655.4462043136136,452.8929010411329,655.4579609236267,90.58490364565493,93.63591649464523,2785.9785353233433,3368.812142284524,0,640.1832630899443,639.9999931107142,0.183263089944262,-6.889285828037828e-06,-0.031055436536059848,-2.9094381253824e-06
trained_53tet,53tet-Q4,24000,20260826,645.0,440.0,638.6402689477954,440Hz_ongrid,0,439.98198107778643,319.16966170461495,439.9999989177229,638.6402667870468,62.85450700725461,91.23422878997646,3368.8276064028933,2168.0117164993285,1,-555.7451001011016,644.9999984009677,-1200.7451001011016,-1.5990323163350695e-06,-1200.815999215717,-5.857384453580905e-06
trained_53tet,53tet-Q4,24000,20260826,645.0,440.0,638.6402689477954,440Hz_ongrid,1,440.01632864681073,319.4530952834932,439.9999989157255,638.6402667818701,62.85817049741339,91.24042947131825,3368.8618489369137,2169.4307710193857,1,-554.3435322523869,644.9999983947937,-1199.343532252387,-1.6052063074312173e-06,-1199.279286377812,-5.871417575976642e-06
trained_53tet,53tet-Q4,24000,20260826,645.0,440.0,638.6402689477954,440Hz_ongrid,2,439.9921766544688,319.2422450560278,439.9999989121541,638.6402667863889,62.857627700332415,91.24213545126501,3368.7817706073556,2168.2553489908264,1,-555.3915565446831,644.9999984210953,-1200.3915565446832,-1.5789047438374837e-06,-1200.4223387323457,-5.859167929258674e-06
trained_53tet,53tet-Q4,24000,20260826,645.0,440.0,638.6402689477954,440Hz_ongrid,3,440.02466952477477,319.40259421763886,439.9999989173042,638.6402667811542,62.86324149297162,127.32594066568839,3368.755006349075,1592.2195857630963,1,-554.6500544541625,644.9999983866414,-1199.6500544541625,-1.613358563190559e-06,-1199.5529918995446,-5.873358275827766e-06
trained_53tet,53tet-Q4,24000,20260826,645.0,440.0,638.6402689477954,440Hz_ongrid,4,440.0048126159886,319.40871671959206,439.99999890664066,638.6402667808873,62.86049932649337,91.23921889902824,3368.7523995757224,2169.213220577159,1,-554.5387426023211,644.9999984278747,-1199.5387426023212,-1.5721252566436306e-06,-1199.519806877095,-5.874081929877434e-06
trained_53tet,53tet-Q4,24000,20260826,645.0,452.8929,657.3537351376068,452.9Hz_+50c,0,452.85539244680194,328.6536503019539,452.8929010361088,657.3537372690407,150.96132038676106,93.8952294120121,1901.845788144672,2168.9330926596463,1,-554.9789134543394,645.0000016527902,-1199.9789134543394,1.6527901607332751e-06,-1200.1222962324737,5.6134326787243754e-06
trained_53tet,53tet-Q4,24000,20260826,645.0,452.8929,657.3537351376068,452.9Hz_+50c,1,452.83912586793844,328.6380289783107,452.8929010538359,657.353737266274,90.5815857390217,93.89435512435948,2786.050696068204,2168.8669230932846,1,-554.999016059579,645.00000157774,-1199.999016059579,1.5777400221850257e-06,-1200.2045859319794,5.6061461648224094e-06
trained_53tet,53tet-Q4,24000,20260826,645.0,452.8929,657.3537351376068,452.9Hz_+50c,2,452.89102438692095,328.69160826327663,452.89290103905034,657.3537372697067,90.60052024303431,93.90544755985613,2785.887249653868,2168.944639273649,1,-554.9151885760947,645.0000016432996,-1199.9151885760948,1.6432995835202746e-06,-1199.9223583328942,5.615186746935116e-06
trained_53tet,53tet-Q4,24000,20260826,645.0,452.8929,657.3537351376068,452.9Hz_+50c,3,452.8406560931334,328.7165008630113,452.89290103370604,657.3537372701255,90.58668842419281,93.9126973614172,2785.9590242539557,2168.9420931355394,1,-554.5915330823799,645.0000016648321,-1199.59153308238,1.6648320979584241e-06,-1199.7912528121294,5.616289622608273e-06
trained_53tet,53tet-Q4,24000,20260826,645.0,452.8929,657.3537351376068,452.9Hz_+50c,4,452.82791119276175,328.6665290218683,452.89290104757447,657.3537372684782,90.59501114887351,93.90782669643643,2785.751247921548,2168.768679663882,1,-554.8060120568922,645.0000016074798,-1199.806012056892,1.6074798168119742e-06,-1200.0544569081128,5.611951158039694e-06
trained_53tet,53tet-Q4,24000,20260826,650.0,440.0,640.4874004505624,440Hz_ongrid,0,439.9973036649828,320.1771422373988,439.9999989115025,640.4873979196307,62.85307622176849,80.04695127056412,3368.9273057335377,2399.9423457509456,1,-550.3492400791791,649.9999974417321,-1200.3492400791793,-2.5582678517821478e-06,-1200.3598491730254,-6.841095166652786e-06
trained_53tet,53tet-Q4,24000,20260826,650.0,440.0,640.4874004505624,440Hz_ongrid,1,440.00846894558475,320.1479969479556,439.9999989083034,640.4873979227151,62.858109067479205,91.51194957018272,3368.832616746896,2168.04832389931,1,-550.5507700111721,649.9999974626566,-1200.550770011172,-2.537343448238971e-06,-1200.5174482251352,-6.832757864732503e-06
trained_53tet,53tet-Q4,24000,20260826,650.0,440.0,640.4874004505624,440Hz_ongrid,2,440.0081413170765,320.1804922908231,439.99999891536254,640.4873979223021,93.7157231176029,91.50861860665458,2677.400636157277,2168.2870536895484,1,-550.3737678654882,649.999997433765,-1200.3737678654882,-2.5662350253696786e-06,-1200.3417351497308,-6.833874194804958e-06
trained_53tet,53tet-Q4,24000,20260826,650.0,440.0,640.4874004505624,440Hz_ongrid,3,440.01518474971954,320.3557832264962,439.9999989147774,640.4873979200031,62.85786350386283,106.76254770572096,3368.865803503727,1902.3232758619893,1,-549.4539317245674,649.9999974298532,-1199.4539317245674,-2.570146762082004e-06,-1199.3941864924413,-6.8400883937671904e-06
trained_53tet,53tet-Q4,24000,20260826,650.0,440.0,640.4874004505624,440Hz_ongrid,4,439.98549798824064,320.13547560006873,439.9999989094901,640.4873979190476,62.855065433400526,61.0056557673183,3368.8260636799537,2870.0011828489833,1,-550.5280991711833,649.9999974480738,-1200.5280991711834,-2.5519261726003606e-06,-1200.5851600582034,-6.842671252498892e-06
trained_53tet,53tet-Q4,24000,20260826,650.0,452.8929,659.2549913716284,452.9Hz_+50c,0,452.8424469211448,329.67470281076766,452.8929010396605,659.2549924212974,90.5917413582498,94.18106509952464,2785.8693049657186,2169.041093313136,1,-549.5592082602781,649.9999987822598,-1199.559208260278,-1.2177401913504582e-06,-1199.7520815722928,2.7564791821887544e-06
trained_53tet,53tet-Q4,24000,20260826,650.0,452.8929,659.2549913716284,452.9Hz_+50c,1,452.82900654338357,329.70076916018786,452.89290104171494,659.2549924169454,90.58351445800308,94.1762578828981,2785.975146675685,2169.266339567292,1,-549.3709465581699,649.9999987629778,-1199.3709465581699,-1.2370221611490706e-06,-1199.6152037125817,2.745050637811903e-06
trained_53tet,53tet-Q4,24000,20260826,650.0,452.8929,659.2549913716284,452.9Hz_+50c,2,452.8243789108094,329.72797051328513,452.8929010353261,659.254992415475,90.57287612353538,94.18077456789418,2786.1607864573425,2169.3261381028483,1,-549.2104279493866,649.999998783539,-1199.2104279493865,-1.2164609870524146e-06,-1199.4723773361861,2.741189611921503e-06
trained_53tet,53tet-Q4,24000,20260826,650.0,452.8929,659.2549913716284,452.9Hz_+50c,3,452.8988883683552,329.61699556084756,452.8929010474175,659.25499241723,90.60460772594656,94.1722546843222,2785.839206835835,2168.899986794718,1,-550.078039564638,649.9999987419266,-1200.078039564638,-1.2580734392031445e-06,-1200.0551485044004,2.745797933145528e-06
trained_53tet,53tet-Q4,24000,20260826,650.0,452.8929,659.2549913716284,452.9Hz_+50c,4,452.8355461814242,329.6627465188776,452.89290104940017,659.2549924206904,90.57543057663379,94.17618982352998,2786.1546547308403,2169.0679251416714,1,-549.5956139624193,649.9999987434351,-1199.5956139624193,-1.2565649285534164e-06,-1199.814869268165,2.7548854134371135e-06
trained_53tet,53tet-Q4,24000,20260826,655.0,440.0,642.339874389368,440Hz_ongrid,0,440.0186482913397,321.0330859342748,439.99999891195495,642.3398767786466,93.59016548872155,107.05474705717693,2679.762988597601,1901.2478648932367,1,-545.8112125190502,655.0000107206291,-1200.81121251905,1.0720629120442027e-05,-1200.7378400808827,6.439582276105761e-06
trained_53tet,53tet-Q4,24000,20260826,655.0,440.0,642.339874389368,440Hz_ongrid,1,440.0057773430649,321.05730406772386,439.9999989156478,642.3398767781889,62.85899204195869,160.5297199111446,3368.797707821343,1199.9884834305935,1,-545.6299754762474,655.0000107048654,-1200.6299754762474,1.0704865417210385e-05,-1200.607243959512,6.438348700632259e-06
trained_53tet,53tet-Q4,24000,20260826,655.0,440.0,642.339874389368,440Hz_ongrid,2,439.98386100813127,321.0646683879728,439.9999989144019,642.3398767770678,62.85289586969533,160.51885137474414,3368.8793804669817,1200.1454093104935,1,-545.5040318548266,655.0000107067461,-1200.5040318548267,1.0706746138566814e-05,-1200.567533865447,6.435327228765095e-06
trained_53tet,53tet-Q4,24000,20260826,655.0,440.0,642.339874389368,440Hz_ongrid,3,439.99581015661465,321.0329875412929,439.9999989089083,642.339876779673,93.71103764461856,160.51890367656353,2677.438675990536,1199.9740084039834,1,-545.7218851525028,655.0000107353826,-1200.7218851525026,1.0735382602433674e-05,-1200.7383706844685,6.442348498950044e-06
trained_53tet,53tet-Q4,24000,20260826,655.0,440.0,642.339874389368,440Hz_ongrid,4,439.98557197215285,321.1074389993921,439.9999989078756,642.339876778267,62.85489544371546,160.55491687074806,3368.831036866469,1199.9870889206964,1,-545.2801532021166,655.0000107356568,-1200.2801532021167,1.0735656815086259e-05,-1200.3369229807756,6.4385593579583664e-06
trained_53tet,53tet-Q4,24000,20260826,655.0,452.8929,661.1617465859923,452.9Hz_+50c,0,452.7702242079401,330.50873365237936,452.892901043215,661.1617444250293,90.57224857301053,94.44146989765538,2785.9657255173597,2168.6351929833772,1,-544.9088270643066,654.9999903537705,-1199.9088270643065,-9.646229500503978e-06,-1200.3778326003219,-5.658423028399329e-06
trained_53tet,53tet-Q4,24000,20260826,655.0,452.8929,661.1617465859923,452.9Hz_+50c,1,452.8622428114224,330.62951628116247,452.89290105290394,661.161744429467,90.5893130268387,94.4470988638583,2785.9913904883806,2169.164564385042,1,-544.6280835391169,654.9999903283535,-1199.628083539117,-9.6716464668134e-06,-1199.7452780572066,-5.64680285499292e-06
trained_53tet,53tet-Q4,24000,20260826,655.0,452.8929,661.1617465859923,452.9Hz_+50c,2,452.87598203088424,330.5936029142069,452.89290105092647,661.1617444320751,90.59665961649236,94.44955000666937,2785.9035194616854,2168.9315761418006,1,-544.8686649020109,654.9999903427419,-1199.868664902011,-9.657258146944514e-06,-1199.9333369497238,-5.639973598144236e-06
trained_53tet,53tet-Q4,24000,20260826,655.0,452.8929,661.1617465859923,452.9Hz_+50c,3,452.8390547387343,330.5471545713489,452.8929010489773,661.161744425614,145.13353595915686,94.44865224563524,1969.9409599238309,2168.7047767633276,1,-544.9707503130072,654.9999903332741,-1199.970750313007,-9.666725873103132e-06,-1200.1765921171,-5.656891918662562e-06
trained_53tet,53tet-Q4,24000,20260826,655.0,452.8929,661.1617465859923,452.9Hz_+50c,4,452.809555469098,330.6107567400267,452.8929010413397,661.1617444254941,90.5816303276835,94.4494649185662,2785.9367905811932,2169.022963646891,1,-544.5248859246344,654.9999903621563,-1199.5248859246344,-9.637843731979956e-06,-1199.843509086661,-5.657205790392432e-06
trained_53tet,53tet-Q4,24000,20260826,660.0,440.0,644.1977062160752,440Hz_ongrid,0,439.9779110534398,322.0727754097006,439.9999989084786,644.1977083562491,93.08238299006022,128.83085173505836,2689.021253951028,1586.2903104047068,1,-540.0532556191627,660.0000100462853,-1200.0532556191627,1.0046285296994029e-05,-1200.1401694744327,5.751560456866628e-06
trained_53tet,53tet-Q4,24000,20260826,660.0,440.0,644.1977062160752,440Hz_ongrid,1,439.99490259061145,321.98558705289406,439.99999891664794,644.1977083544115,62.854471264709204,128.81023562920169,3368.8794334935433,1586.0986466054376,1,-540.5888389838801,660.0000100092036,-1200.5888389838801,1.0009203606387018e-05,-1200.6088954834565,5.746621926447687e-06
trained_53tet,53tet-Q4,24000,20260826,660.0,440.0,644.1977062160752,440Hz_ongrid,2,439.9822798607255,322.00169018683016,439.99999891156256,644.1977083567808,62.85522164943024,128.83388089955872,3368.8090984033156,1585.8674591051736,1,-540.4525917522084,660.00001003558,-1200.4525917522083,1.0035579975919973e-05,-1200.5223152209019,5.752989313219643e-06
trained_53tet,53tet-Q4,24000,20260826,660.0,440.0,644.1977062160752,440Hz_ongrid,3,439.97016917651297,322.14918825815704,439.999998910191,644.1977083545368,62.85189861115265,128.8244578170798,3368.852974386771,1586.7869266377274,1,-539.61210007638,660.0000100349458,-1199.61210007638,1.0034945830739161e-05,-1199.7294770947408,5.74695867064065e-06
trained_53tet,53tet-Q4,24000,20260826,660.0,440.0,644.1977062160752,440Hz_ongrid,4,440.0093640115223,322.1933285615072,439.9999989077696,644.1977083551291,62.85882076649092,128.8538862955859,3368.816536964382,1586.6286854550826,1,-539.529126224952,660.0000100460649,-1199.529126224952,1.0046064858215686e-05,-1199.492282763401,5.748550132922462e-06
trained_53tet,53tet-Q4,24000,20260826,660.0,452.8929,663.0740166853326,452.9Hz_+50c,0,452.84789749996486,331.6395919715232,452.8929010403743,663.0740180587845,113.21896953846876,165.8270227273851,2399.8930334786787,1199.9245511763813,1,-539.2923716357392,659.9999996090273,-1199.292371635739,-3.909726729034446e-07,-1199.4644073012037,3.5859746958412624e-06
trained_53tet,53tet-Q4,24000,20260826,660.0,452.8929,663.0740166853326,452.9Hz_+50c,1,452.8334347521055,331.5393113110308,452.8929010375787,663.0740180546031,90.58325484527283,165.79664883106597,2785.997038038342,1199.718116683894,1,-539.7606467807547,659.9999996087963,-1199.7606467807545,-3.9120368455769494e-07,-1199.9879743036256,3.57505741833884e-06
trained_53tet,53tet-Q4,24000,20260826,660.0,452.8929,663.0740166853326,452.9Hz_+50c,2,452.8253261330323,331.53545448923285,452.8929010516075,663.074018058039,90.57471690993484,94.71537055766827,2786.129222941553,2168.9912258120403,1,-539.7497860177568,659.9999995641406,-1199.7497860177568,-4.3585941966739483e-07,-1200.0081139969523,3.584028422038635e-06
trained_53tet,53tet-Q4,24000,20260826,660.0,452.8929,663.0740166853326,452.9Hz_+50c,3,452.89392759943155,331.57354253054285,452.89290104286204,663.074018060579,90.60201791711569,165.79643232981215,2785.869729551018,1199.8991169413496,1,-539.8131628446774,659.9999996042028,-1199.8131628446774,-3.9579720123583684e-07,-1199.8092347347283,3.590659899298971e-06
trained_53tet,53tet-Q4,24000,20260826,660.0,452.8929,663.0740166853326,452.9Hz_+50c,4,452.8534180658931,331.54509022791456,452.8929010523849,663.0740180600068,90.58675111866798,165.77030675588412,2786.0066150951834,1200.0233762947294,1,-539.8068674695155,659.9999995663067,-1199.8068674695155,-4.336933443482849e-07,-1199.9577981822968,3.5891660774548096e-06
trained_53tet,53tet-Q4,24000,20260826,665.0,440.0,646.060911427238,440Hz_ongrid,0,439.9959339199126,322.8774539473421,439.9999989170241,646.0609124958197,93.44825270169905,92.29712703535233,2682.3007173995634,2167.954868165525,1,-535.80418607178,665.0000071245548,-1200.80418607178,7.124554826987151e-06,-1200.8201846372785,2.863453125312919e-06
trained_53tet,53tet-Q4,24000,20260826,665.0,440.0,646.060911427238,440Hz_ongrid,1,439.9940014001841,322.91926119334266,439.99999891250565,646.0609125006717,62.857588763704335,92.28077480319344,3368.7900228049766,2168.48576856903,1,-535.5724308207808,665.0000071553347,-1200.572430820781,7.155334742492414e-06,-1200.596033209505,2.8764546802368086e-06
trained_53tet,53tet-Q4,24000,20260826,665.0,440.0,646.060911427238,440Hz_ongrid,2,439.98436084037945,322.971502257773,439.9999989108666,646.0609124964941,62.85509141248696,92.29116908819177,3368.820873729905,2168.5708295320906,1,-535.2544458913869,665.0000071505891,-1200.254445891387,7.150589112825401e-06,-1200.315981179607,2.865260242269261e-06
trained_53tet,53tet-Q4,24000,20260826,665.0,440.0,646.060911427238,440Hz_ongrid,3,439.9884308851459,323.05894839931705,439.99999890878536,646.060912495854,92.37329676661979,92.28947843357246,2702.3013917734056,2169.071220575941,1,-534.8017836885646,665.000007157063,-1199.8017836885647,7.157063009799458e-06,-1199.8473043905449,2.8635449995848962e-06
trained_53tet,53tet-Q4,24000,20260826,665.0,440.0,646.060911427238,440Hz_ongrid,4,439.97926992586235,322.8614846358559,439.9999989180948,646.0609124981726,93.69975965079516,92.29086875587285,2677.5819587406354,2167.986631993697,1,-535.8242455342987,665.0000071266469,-1200.8242455342988,7.126646892174904e-06,-1200.9058124789299,2.8697578530731675e-06
trained_53tet,53tet-Q4,24000,20260826,665.0,452.8929,664.991817620284,452.9Hz_+50c,0,452.8235954118436,332.64334892244784,452.8929010421888,664.9918162582256,90.59832533904962,166.31452329803196,2785.671416240826,1200.0744377027738,1,-533.9675366321276,664.9999924701448,-1198.9675366321276,-7.529855224674975e-06,-1199.2324814876422,-3.5459711458978874e-06
trained_53tet,53tet-Q4,24000,20260826,665.0,452.8929,664.991817620284,452.9Hz_+50c,1,452.8475349012939,332.3842131317475,452.89290104279803,664.9918162538071,90.58059920615472,83.09027890735759,2786.101699203853,2400.120308276707,1,-535.4082509890904,664.9999924563127,-1200.4082509890904,-7.543687274846889e-06,-1200.5816728670559,-3.5574744582910966e-06
trained_53tet,53tet-Q4,24000,20260826,665.0,452.8929,664.991817620284,452.9Hz_+50c,2,452.85698723214995,332.5860486622202,452.8929010433252,664.9918162576445,90.59107269159855,95.00140208386037,2785.937670697974,2169.2483289956554,1,-534.3934389195487,664.9999924642877,-1199.3934389195488,-7.535712256867555e-06,-1199.5307249571338,-3.5474841883072694e-06
trained_53tet,53tet-Q4,24000,20260826,665.0,452.8929,664.991817620284,452.9Hz_+50c,3,452.864480514792,332.58693538773747,452.8929010345546,664.9918162613919,90.58831045506459,166.29123429286085,2786.0191049716623,1200.0232514595355,1,-534.4174691399149,664.9999925075707,-1199.4174691399148,-7.492429290323344e-06,-1199.5261092272576,-3.5377280247328767e-06
trained_53tet,53tet-Q4,24000,20260826,665.0,452.8929,664.991817620284,452.9Hz_+50c,4,452.8683892397784,332.3466340084034,452.8929010389683,664.9918162596749,90.6036348784955,94.99292098508668,2785.7412069546526,2168.1561979867124,1,-535.6837183527301,664.9999924862284,-1200.68371835273,-7.513771606681985e-06,-1200.77741602601,-3.5421981501539703e-06
trained_53tet,53tet-Q4,24000,20260826,670.0,440.0,647.9295055642312,440Hz_ongrid,0,440.00028177747356,323.84379702036347,439.9999989093416,647.929504843725,93.4168874889741,161.92010495931808,2682.8989980560277,1200.0191763655776,1,-530.6476044330325,670.000002366174,-1200.6476044330325,2.366174044254876e-06,-1200.6464957453045,-1.925155410707381e-06
trained_53tet,53tet-Q4,24000,20260826,670.0,440.0,647.9295055642312,440Hz_ongrid,1,439.9969328681652,323.766772019842,439.9999989091472,647.9295048444485,62.85647848693141,92.55034472130248,3368.8321368402508,2167.973593852252,1,-531.0462440270643,670.0000023688721,-1201.0462440270644,2.3688720602876856e-06,-1201.0583120760928,-1.9232222068787102e-06
trained_53tet,53tet-Q4,24000,20260826,670.0,440.0,647.9295055642312,440Hz_ongrid,2,439.9793657532452,323.8263280538999,439.9999989155914,647.9295048456656,93.6911346886912,92.55144605452065,2677.7417013701106,2168.271419186024,1,-530.6586955945382,670.0000023467688,-1200.6586955945381,2.3467688379241736e-06,-1200.739885476837,-1.9199700882884276e-06
trained_53tet,53tet-Q4,24000,20260826,670.0,440.0,647.9295055642312,440Hz_ongrid,3,439.97958064104705,323.7728116912959,439.99999891740043,647.9295048456786,62.85460084108028,92.56018972213484,3368.8155766656646,2167.821739224745,1,-530.9456729227445,670.0000023396856,-1200.9456729227445,2.3396855794999283e-06,-1201.026017263144,-1.919935491282148e-06
trained_53tet,53tet-Q4,24000,20260826,670.0,440.0,647.9295055642312,440Hz_ongrid,4,440.00004263638624,323.81022834760444,439.9999989207397,647.9295048468531,62.85826388299012,92.55237537777472,3368.795198805228,2168.1679616089223,1,-530.8261273128929,670.000002329685,-1200.8261273128928,2.3296850031329086e-06,-1200.825959554802,-1.916797158401413e-06
trained_53tet,53tet-Q4,24000,20260826,670.0,452.8929,666.9151653876156,452.9Hz_+50c,0,452.8577880224866,333.4022217362034,452.8929010516267,666.9151668309464,90.58638510033441,166.68713608780547,2786.0303162358973,1200.145137782823,1,-530.1532203638925,669.9999997267574,-1200.1532203638926,-2.732425627982593e-07,-1200.2874450503004,3.7467185370763527e-06
trained_53tet,53tet-Q4,24000,20260826,670.0,452.8929,666.9151653876156,452.9Hz_+50c,1,452.87854127081494,333.4829571251705,452.89290104950743,666.9151668338085,90.59425282958686,83.37049275799514,2785.9592952810985,2400.0051191840353,1,-529.8133781511199,669.9999997422882,-1199.8133781511199,-2.5771180389710935e-07,-1199.8682668785318,3.7541480519449653e-06
trained_53tet,53tet-Q4,24000,20260826,670.0,452.8929,666.9151653876156,452.9Hz_+50c,2,452.8900873961493,333.4324276685579,452.8929010454736,666.9151668339856,90.60355703571005,166.72721288927127,2785.8256405032052,1199.8857860914861,1,-530.1198524264099,669.9999997581677,-1200.11985242641,-2.4183225377782946e-07,-1200.1306039543604,3.754607807715796e-06
trained_53tet,53tet-Q4,24000,20260826,670.0,452.8929,666.9151653876156,452.9Hz_+50c,3,452.849669959297,333.400934561119,452.89290104051827,666.9151668348045,90.58625596566222,166.68270907897136,2786.0017492901934,1200.1844340413597,1,-530.1288693056352,669.9999997792356,-1200.1288693056354,-2.207643774454482e-07,-1200.2941288858888,3.756733601539116e-06
trained_53tet,53tet-Q4,24000,20260826,670.0,452.8929,666.9151653876156,452.9Hz_+50c,4,452.83690805700866,333.4009853284883,452.8929010401175,666.9151668313688,90.58802344762671,83.35098739519422,2785.9191813379034,2399.984607748913,1,-530.0798165371542,669.9999997718488,-1200.0798165371543,-2.281511797264102e-07,-1200.2938652687765,3.7478148777606453e-06
trained_53tet,53tet-Q4,24000,20260826,675.0,440.0,649.8035042133797,440Hz_ongrid,0,439.9861293393704,324.85241972472176,439.9999989141971,649.8035024179393,62.854609515913886,92.83308520394189,3368.841105392678,2168.4881768123532,1,-525.208310127926,674.9999994887364,-1200.2083101279259,-5.112635790283093e-07,-1200.2628868062768,-4.783488571413965e-06
trained_53tet,53tet-Q4,24000,20260826,675.0,440.0,649.8035042133797,440Hz_ongrid,1,439.98762328403535,324.92980479404497,439.9999989198891,649.8035024148277,62.85442948892072,92.8294530829616,3368.851942251985,2168.968271836047,1,-524.8018297402407,674.9999994580505,-1199.8018297402407,-5.41949475518777e-07,-1199.8505281344635,-4.791778590749053e-06
trained_53tet,53tet-Q4,24000,20260826,675.0,440.0,649.8035042133797,440Hz_ongrid,2,440.014612218764,324.83170862329945,439.999998914286,649.8035024172553,92.75586396680245,92.82759426259527,2695.2492459229866,2168.4802007382154,1,-525.4307584883715,674.9999994865645,-1200.4307584883713,-5.134354523761431e-07,-1200.3732658733452,-4.78531068041437e-06
trained_53tet,53tet-Q4,24000,20260826,675.0,440.0,649.8035042133797,440Hz_ongrid,3,439.9849485194193,324.9792381659861,439.99999891980485,649.8035024184111,93.77018390183878,92.82933039062954,2676.3036050216137,2169.2339222003534,1,-524.5279430248687,674.999999467929,-1199.5279430248688,-5.320709988154704e-07,-1199.587165937071,-4.782231546850394e-06
trained_53tet,53tet-Q4,24000,20260826,675.0,440.0,649.8035042133797,440Hz_ongrid,4,440.0120033667086,324.90296718033943,439.9999989195724,649.803502418272,62.85881897649347,92.83294401058937,3368.8269708788666,2168.760171209387,1,-525.0407535872255,674.999999468473,-1200.0407535872255,-5.315270072969724e-07,-1199.9935255106286,-4.7826019270237886e-06
trained_53tet,53tet-Q4,24000,20260826,675.0,452.8929,668.8440760303631,452.9Hz_+50c,0,452.812825837708,334.36309778381917,452.8929010489235,668.8440744154335,90.58481885941504,83.595238739155,2785.8883547078203,2399.907543265758,1,-524.9990287816545,674.9999918102932,-1199.9990287816545,-8.18970681848441e-06,-1200.30514833598,-4.180079108709638e-06
trained_53tet,53tet-Q4,24000,20260826,675.0,452.8929,668.8440760303631,452.9Hz_+50c,1,452.864531881814,334.3620403791776,452.89290104372583,668.844074413531,90.58416684803133,95.54743180479653,2786.0984916641305,2168.546482451495,1,-525.2021795569137,674.999991825237,-1200.2021795569137,-8.174763024726417e-06,-1200.3106232757264,-4.18500360814879e-06
trained_53tet,53tet-Q4,24000,20260826,675.0,452.8929,668.8440760303631,452.9Hz_+50c,2,452.84603545327485,334.39482569100164,452.8929010407551,668.8440744115749,90.58341168707021,167.22893295074235,2786.0422137211035,1199.673658010071,1,-524.9617240619857,674.99999183153,-1199.9617240619857,-8.168470003511175e-06,-1200.1408783323418,-4.190066687818846e-06
trained_53tet,53tet-Q4,24000,20260826,675.0,452.8929,668.8440760303631,452.9Hz_+50c,3,452.8537399149058,334.41409042282214,452.892901043789,668.844074411255,90.58312758256643,83.04190738624092,2786.077097515532,2411.6689797190434,1,-524.8914432365997,674.9999918191045,-1199.8914432365996,-8.180895520126796e-06,-1200.0411435385033,-4.190894901709147e-06
trained_53tet,53tet-Q4,24000,20260826,675.0,452.8929,668.8440760303631,452.9Hz_+50c,4,452.843267009475,334.30480335322426,452.89290104371383,668.8440744110341,90.58374792380633,83.55853897593937,2786.0252037467626,2400.365894219801,1,-525.4172680281101,674.99999181882,-1200.4172680281101,-8.181179964594776e-06,-1200.6070061138125,-4.191466521135872e-06
trained_53tet,53tet-Q4,24000,20260826,680.0,440.0,651.6829230060882,440Hz_ongrid,0,440.01922539177605,325.7753046501977,439.9999989227614,651.6829261720461,93.18406803250073,93.09406942108612,2687.2936086462823,2168.5392913344513,1,-520.4271778493347,680.0000126490809,-1200.4271778493348,1.2649080872506602e-05,-1200.351534836332,8.41055333942115e-06
trained_53tet,53tet-Q4,24000,20260826,680.0,440.0,651.6829230060882,440Hz_ongrid,1,440.0027639628291,325.7820812704493,439.9999989118061,651.6829261734722,62.85785371140271,93.09765124992354,3368.8172030931064,2168.508694662343,1,-520.3263980350159,680.0000126959744,-1200.326398035016,1.2695974419330014e-05,-1200.3155229179004,8.414342095997332e-06
trained_53tet,53tet-Q4,24000,20260826,680.0,440.0,651.6829230060882,440Hz_ongrid,2,439.9940913881815,325.81428202666274,439.9999989076727,651.6829261726617,62.85677026486802,93.09504094046616,3368.812920254955,2168.728345517415,1,-520.1211654660738,680.0000127100849,-1200.1211654660738,1.2710084888567508e-05,-1200.1444137811775,8.412189008986051e-06
trained_53tet,53tet-Q4,24000,20260826,680.0,440.0,651.6829230060882,440Hz_ongrid,3,440.00778411707927,325.7722088089625,439.9999989162034,651.6829261723205,92.25449926988423,93.1032756595947,2704.6054415705653,2168.351642989976,1,-520.398614117705,680.0000126756131,-1200.3986141177052,1.2675613106694072e-05,-1200.3679868237807,8.411282567426937e-06
trained_53tet,53tet-Q4,24000,20260826,680.0,440.0,651.6829230060882,440Hz_ongrid,4,439.9841436489399,325.8110681505952,439.9999989103962,651.6829261728967,93.40065569415903,93.09530128939313,2683.1363388523882,2168.7064267567735,1,-520.0991011066002,680.0000126999931,-1200.0991011066003,1.2699993135356635e-05,-1200.1614909918048,8.412813292740081e-06
trained_53tet,53tet-Q4,24000,20260826,680.0,452.8929,670.7785656379637,452.9Hz_+50c,0,452.8738732297554,335.3901448688449,452.89290104306946,670.7785667316984,90.59261322068225,134.1758330368696,2785.9727833207135,1586.0585424954488,1,-519.9228167239711,679.999998835605,-1199.9228167239712,-1.164395030173182e-06,-1199.995550221091,2.8228554606114438e-06
trained_53tet,53tet-Q4,24000,20260826,680.0,452.8929,670.7785656379637,452.9Hz_+50c,1,452.8586781055664,335.3920759150318,452.8929010400892,670.7785667329662,90.58811755613738,111.79929412667457,2786.0006095728713,1901.9250291886365,1,-519.8547604932902,679.999998850269,-1199.85476049329,-1.1497310197228217e-06,-1199.9855824765518,2.826127184162982e-06
trained_53tet,53tet-Q4,24000,20260826,680.0,452.8929,670.7785656379637,452.9Hz_+50c,2,452.8428740263965,335.3978947293111,452.89290104621875,670.7785667329769,150.9586155557393,167.6857249375578,1901.8289499023265,1200.1365066319677,1,-519.7643065830674,679.9999988268659,-1199.7643065830675,-1.1731341373888426e-06,-1199.9555470560877,2.8261548617679304e-06
trained_53tet,53tet-Q4,24000,20260826,680.0,452.8929,670.7785656379637,452.9Hz_+50c,3,452.8604164863682,335.3593757096394,452.892901037307,670.7785667311729,90.59199208679578,167.6689803516517,2785.933210452532,1200.1105547498987,1,-520.0302069931471,679.999998856276,-1200.0302069931472,-1.143724034591287e-06,-1200.154383330861,2.82149887355782e-06
trained_53tet,53tet-Q4,24000,20260826,680.0,452.8929,670.7785656379637,452.9Hz_+50c,4,452.8544927634628,335.42110137310516,452.89290104742406,670.7785667317032,90.59294474458447,167.65610466381494,2785.892359166797,1200.5621239185468,1,-519.6889425167416,679.9999988189713,-1199.6889425167415,-1.1810286650870694e-06,-1199.8357647238927,2.8228677617691986e-06
trained_53tet,53tet-Q4,24000,20260826,685.0,440.0,653.5677776189724,440Hz_ongrid,0,439.99925524775944,326.839689448582,439.99999891318134,653.56777870118,62.85774169861555,93.36587275753104,3368.80648271869,2169.1391653549726,1,-514.7014745688343,685.0000071428785,-1199.7014745688343,7.1428785304306075e-06,-1199.7044048904888,2.866657192496732e-06
trained_53tet,53tet-Q4,24000,20260826,685.0,440.0,653.5677776189724,440Hz_ongrid,1,439.99080028487583,326.7892086379733,439.9999989147065,653.567778699606,92.57515136498805,93.36231181996601,2698.5317406445124,2168.937783219815,1,-514.9356190810337,685.0000071327081,-1199.9356190810336,7.132708105928032e-06,-1199.9718168686927,2.8624878688403856e-06
trained_53tet,53tet-Q4,24000,20260826,685.0,440.0,653.5677776189724,440Hz_ongrid,2,440.01527228186455,326.7740401166945,439.99999891114976,653.567778698339,93.26875686468716,93.36440769454073,2685.7053657599026,2168.818559205971,1,-515.1122667677847,685.0000071433466,-1200.1122667677846,7.143346579141507e-06,-1200.0521771416013,2.8591315748293548e-06
trained_53tet,53tet-Q4,24000,20260826,685.0,440.0,653.5677776189724,440Hz_ongrid,3,439.9812196917204,326.72725324732477,439.9999989123939,653.5677786989697,93.48469325836815,93.36960876190096,2681.567850230582,2168.474227275224,1,-515.2261745941747,685.000007140122,-1200.2261745941746,7.1401219656763715e-06,-1200.3000696010747,2.8608022258168643e-06
trained_53tet,53tet-Q4,24000,20260826,685.0,440.0,653.5677776189724,440Hz_ongrid,4,440.003381853051,326.7846182387094,439.99999891731136,653.5677786991115,92.89707437167064,93.35946718217791,2692.5714539827445,2168.966213881653,1,-515.0094419029442,685.000007121149,-1200.0094419029442,7.121148996702686e-06,-1199.9961356378283,2.8611777955395514e-06
trained_53tet,53tet-Q4,24000,20260826,685.0,452.8929,672.7186503463898,452.9Hz_+50c,0,452.86994963323093,336.3392927705211,452.89290105284346,672.7186471874089,90.58915530399635,168.1734913123026,2786.023866637205,1199.9604185852745,1,-515.0153768251912,684.9999878457849,-1200.0153768251912,-1.2154215141890745e-05,-1200.1031094064376,-8.129602623589201e-06
trained_53tet,53tet-Q4,24000,20260826,685.0,452.8929,672.7186503463898,452.9Hz_+50c,1,452.84869368871443,336.3352734864883,452.8929010432236,672.7186471875253,90.58848470576066,112.11673090389577,2785.9554231108846,1901.878208153333,1,-514.9548060840633,684.9999878828573,-1199.9548060840634,-1.211714265991759e-05,-1200.1237979287025,-8.12930316727822e-06
trained_53tet,53tet-Q4,24000,20260826,685.0,452.8929,672.7186503463898,452.9Hz_+50c,2,452.9070569352545,336.35390998099973,452.8929010417881,672.7186471877699,140.59526471780828,168.17986695448377,2025.2004166643194,1199.9700241477515,1,-515.0819877310031,684.999987888974,-1200.0819877310032,-1.2111025966987654e-05,-1200.0278720994945,-8.128673693967263e-06
trained_53tet,53tet-Q4,24000,20260826,685.0,452.8929,672.7186503463898,452.9Hz_+50c,3,452.8642029935435,336.26821849053556,452.89290103560967,672.7186471874437,90.5934851471229,112.09021184371693,2785.919153284662,1901.9425570846718,1,-515.3592865996326,684.9999879117524,-1200.3592865996325,-1.2088247558494913e-05,-1200.4689876100608,-8.129513055783734e-06
trained_53tet,53tet-Q4,24000,20260826,685.0,452.8929,672.7186503463898,452.9Hz_+50c,4,452.84574817403166,336.3156542070156,452.8929010480412,672.7186471869796,90.58917685810717,112.12758598700897,2785.9309347599587,1901.6096089273406,1,-515.0445355538075,684.9999878630372,-1200.0445355538075,-1.2136962823205977e-05,-1200.2247880953776,-8.130707421327026e-06
trained_53tet,53tet-Q4,24000,20260826,690.0,440.0,655.4580837739891,440Hz_ongrid,0,440.00158826675363,655.3712688900239,439.9999989194444,655.4580826680682,93.8391155345533,93.62543669033683,2675.0968929347882,3368.807975478567,0,689.7644350684108,690.0000013305564,-0.23556493158923786,1.330556415268802e-06,-0.2293157122253207,-2.9210225485305926e-06
trained_53tet,53tet-Q4,24000,20260826,690.0,440.0,655.4580837739891,440Hz_ongrid,1,440.0017674713313,327.8047417639996,439.99999890972435,655.4580826688672,62.85703915717283,93.65025827418013,3368.8357169324736,2168.978214165156,1,-509.60711465123666,690.0000013709111,-1199.6071146512368,1.3709111499338178e-06,-1199.6001603321374,-2.9189123233519105e-06
trained_53tet,53tet-Q4,24000,20260826,690.0,440.0,655.4580837739891,440Hz_ongrid,2,440.0114508419675,327.73418181384704,439.9999989128117,655.4580826667615,220.00585474079685,93.62737966501902,1199.9989823774022,2169.0285154273047,1,-510.0179026229279,690.000001353202,-1200.017902622928,1.353202037535084e-06,-1199.9728484648563,-2.92447398432016e-06
trained_53tet,53tet-Q4,24000,20260826,690.0,440.0,655.4580837739891,440Hz_ongrid,3,440.01207087142797,655.4396074777968,439.9999989078012,655.4580826673633,93.17599694001252,93.63308796750191,2687.4154157931525,3368.8470153500766,0,689.9037049681193,690.0000013745062,-0.09629503188068611,1.3745061551162507e-06,-0.04880135693932654,-2.9228842518806916e-06
trained_53tet,53tet-Q4,24000,20260826,690.0,440.0,655.4580837739891,440Hz_ongrid,4,440.0148626213438,655.4749952216633,439.99999891211985,655.4580826700334,62.860964565851845,93.64025553001099,3368.779128614011,3368.8079636679618,0,689.9861891021562,690.0000013645663,-0.013810897843768544,1.3645662875205744e-06,0.044666923893203134,-2.9158320365577113e-06
trained_53tet,53tet-Q4,24000,20260826,690.0,452.8929,674.6643463382837,452.9Hz_+50c,0,452.88791435102104,337.31542570032815,452.89290104018835,674.6643455049125,140.4414626234069,168.65624986351872,2027.0221370443055,1200.0150172988594,1,-510.06689408552614,689.9999938852766,-1200.0668940855262,-6.114723419159418e-06,-1200.0859523944073,-2.1384867020198856e-06
trained_53tet,53tet-Q4,24000,20260826,690.0,452.8929,674.6643463382837,452.9Hz_+50c,1,452.831134878555,337.3049493639592,452.8929010402632,674.6643455035099,90.58297982892847,112.43910853989593,2785.9935014774514,1901.891480296577,1,-509.90360164006046,689.9999938813912,-1199.9036016400605,-6.118608780525392e-06,-1200.13972186507,-2.142085751701371e-06
trained_53tet,53tet-Q4,24000,20260826,690.0,452.8929,674.6643463382837,452.9Hz_+50c,2,452.8233478681902,337.3612262694983,452.89290103737,674.664345505898,90.57839160144398,168.64449465510504,2786.0514234778757,1200.3707375499503,1,-509.5850107407923,689.999993898579,-1199.5850107407923,-6.101421035964449e-06,-1199.8509020048486,-2.1359576608605314e-06
trained_53tet,53tet-Q4,24000,20260826,690.0,452.8929,674.6643463382837,452.9Hz_+50c,3,452.8223317163131,337.34877473571174,452.8929010517916,674.6643455058651,90.58709994555345,112.45357066040326,2785.881103052292,1901.893741415899,1,-509.6450244057823,689.999993843366,-1199.6450244057824,-6.156633958198654e-06,-1199.9148006256623,-2.1360422313203364e-06
trained_53tet,53tet-Q4,24000,20260826,690.0,452.8929,674.6643463382837,452.9Hz_+50c,4,452.8567267244833,337.3462598474241,452.89290103973116,674.6643455041028,90.59294433107794,112.4465507309508,2785.900907339372,1901.988911152753,1,-509.78942484658995,689.9999938849464,-1199.78942484659,-6.1150535657361615e-06,-1199.9277067832895,-2.1405642522472373e-06
trained_53tet,53tet-Q4,24000,20260826,695.0,440.0,657.3538572385671,440Hz_ongrid,0,440.00038099501023,328.6590726329803,439.999998907143,657.3538594106773,62.8578256654987,93.89648317367754,3368.808599488828,2168.9385387726584,1,-505.095554140015,695.0000100205384,-1200.0955541400149,1.0020538411481539e-05,-1200.0940550689952,5.7205584640877865e-06
trained_53tet,53tet-Q4,24000,20260826,695.0,440.0,657.3538572385671,440Hz_ongrid,1,439.9844179332329,657.352384916679,439.99999891072594,657.3538594084642,62.854253896129535,93.90698471764183,3368.8441664601805,3368.8351029071005,0,695.0574330698192,695.0000100006127,0.05743306981923979,1.0000612746807747e-05,-0.0038775715856331997,5.714730021788935e-06
trained_53tet,53tet-Q4,24000,20260826,695.0,440.0,657.3538572385671,440Hz_ongrid,2,439.9930386557645,328.61727646576367,439.9999989160868,657.3538594084359,62.856903998770896,93.91146525538258,3368.80509472417,2168.442147704175,1,-505.2868427462488,695.0000099794452,-1200.2868427462488,9.979445167118683e-06,-1200.3142332269429,5.714655446020172e-06
trained_53tet,53tet-Q4,24000,20260826,695.0,440.0,657.3538572385671,440Hz_ongrid,3,440.016644308726,328.8171619651201,439.99999891234467,657.3538594100706,62.86024618815465,93.9148639617076,3368.8059233581016,2169.4322188138135,1,-504.3269968003446,695.0000099984743,-1199.3269968003447,9.998474297390203e-06,-1199.2615089617236,5.718960466815903e-06
trained_53tet,53tet-Q4,24000,20260826,695.0,440.0,657.3538572385671,440Hz_ongrid,4,439.98386255799204,328.7163062618401,439.99999891186815,657.3538594088603,62.85714761324862,93.89768887685956,3368.762279562474,2169.2177643270516,1,-504.7291033661121,695.0000099971616,-1199.7291033661122,9.997161555475031e-06,-1199.792599278392,5.715772929318074e-06
trained_53tet,53tet-Q4,24000,20260826,695.0,452.8929,676.6156698430924,452.9Hz_+50c,0,452.8851520558604,338.3220053562802,452.8929010420501,676.6156714213539,90.58652097290631,112.76979245099929,2786.1323265658048,1902.0196210701704,1,-504.8978690356611,695.0000000548918,-1199.8978690356612,5.489175691764103e-08,-1199.927486676925,4.038245212167023e-06
trained_53tet,53tet-Q4,24000,20260826,695.0,452.8929,676.6156698430924,452.9Hz_+50c,1,452.8876198508482,338.3747344613197,452.89290103746663,676.6156714202881,90.59175033903351,96.65277730350223,2786.0418225707263,2169.2865078150676,1,-504.6375025006598,695.0000000696855,-1199.6375025006598,6.968548404984176e-08,-1199.6576865823342,4.035518199259214e-06
trained_53tet,53tet-Q4,24000,20260826,695.0,452.8929,676.6156698430924,452.9Hz_+50c,2,452.8834858963184,338.33241025048375,452.89290104577594,676.6156714196183,90.58860845435605,112.77004814180123,2786.086063156932,1902.0689379929204,1,-504.8382575669389,695.0000000362083,-1199.8382575669389,3.620834831963293e-08,-1199.87424441113,4.033804494220727e-06
trained_53tet,53tet-Q4,24000,20260826,695.0,452.8929,676.6156698430924,452.9Hz_+50c,3,452.8335688261853,338.305219879096,452.89290104455347,676.6156714217354,90.58092875125307,112.76622353640754,2786.04200767527,1901.9885162476105,1,-504.78656715390815,695.0000000462985,-1199.7865671539082,4.629850991477724e-08,-1200.0133820963028,4.039221616563108e-06
trained_53tet,53tet-Q4,24000,20260826,695.0,452.8929,676.6156698430924,452.9Hz_+50c,4,452.85048089200546,338.3047131812505,452.89290104944325,676.6156714235467,90.58537572240063,112.7605057641504,2786.021672265303,1902.073707131329,1,-504.8538156545748,695.000000032241,-1199.8538156545749,3.22410187436617e-08,-1200.0159750601947,4.043856077743888e-06
trained_53tet,53tet-Q4,24000,20260826,700.0,440.0,659.2551138257398,440Hz_ongrid,0,439.98057743776025,329.59474507592546,439.9999989174668,659.2551148694203,93.41475447989268,94.18001950280801,2682.8609973374773,2168.640377352153,1,-500.095917199806,700.0000070001123,-1200.095917199806,7.000112304922368e-06,-1200.172339343515,2.740752536410014e-06
trained_53tet,53tet-Q4,24000,20260826,700.0,440.0,659.2551138257398,440Hz_ongrid,1,439.9688470065431,329.66230570748337,439.99999892042115,659.2551148692152,62.85397778268128,94.18674267341139,3368.790502664726,2168.8716288015885,1,-499.6949261553639,700.0000069879493,-1199.6949261553639,6.987949291215045e-06,-1199.817505774424,2.7402139763470454e-06
trained_53tet,53tet-Q4,24000,20260826,700.0,440.0,659.2551138257398,440Hz_ongrid,2,439.99419304524173,329.7572001371898,439.99999891244806,659.2551148726826,93.51164408209907,94.1761700577318,2681.1198691248587,2169.564243529443,1,-499.2963874761954,700.0000070284261,-1199.2963874761954,7.028426125543774e-06,-1199.3192358037832,2.749319523964113e-06
trained_53tet,53tet-Q4,24000,20260826,700.0,440.0,659.2551138257398,440Hz_ongrid,3,439.9937315879016,329.62840375526355,439.9999989056475,659.2551148658248,62.857046148946175,94.17988036323597,3368.803906030037,2168.8197220741026,1,-499.97088829898826,700.0000070371749,-1199.9708882989883,7.037174896140641e-06,-1199.9955523120805,2.7313106290105323e-06
trained_53tet,53tet-Q4,24000,20260826,700.0,440.0,659.2551138257398,440Hz_ongrid,4,439.9946076012472,329.7170695248239,439.9999989145762,659.2551148662503,62.85368691333489,94.17764654465796,3368.899876748649,2169.3264019840813,1,-499.5087182191163,700.0000070031613,-1199.5087182191164,7.003161272223224e-06,-1199.5299354044184,2.7324281123103594e-06
trained_53tet,53tet-Q4,24000,20260826,700.0,452.8929,678.5726371372033,452.9Hz_+50c,0,452.8354227186571,339.2550502051491,452.8929010447549,678.572634712343,90.58969543788623,113.07125154724665,2785.88154952577,1902.1657468422898,1,-499.93982922110007,699.9999898197905,-1199.9398292211001,-1.018020952869847e-05,-1200.1595565369987,-6.186516346405771e-06
trained_53tet,53tet-Q4,24000,20260826,700.0,452.8929,678.5726371372033,452.9Hz_+50c,1,452.8607981553748,339.2586400854753,452.8929010449861,678.5726347156173,64.69793588311792,96.93434368790994,3368.7312811200945,2168.766902488024,1,-500.0185200493355,699.9999898272605,-1200.0185200493356,-1.0172739507652295e-05,-1200.1412373103071,-6.178162707013411e-06
trained_53tet,53tet-Q4,24000,20260826,700.0,452.8929,678.5726371372033,452.9Hz_+50c,2,452.8546506479965,339.2830907375423,452.8929010409308,678.5726347160486,90.58725794061993,113.09886674359275,2786.0016411645797,1901.8860683730359,1,-499.87025170527346,699.9999898438627,-1199.8702517052734,-1.0156137250305619e-05,-1200.0164703299558,-6.177062330005424e-06
trained_53tet,53tet-Q4,24000,20260826,700.0,452.8929,678.5726371372033,452.9Hz_+50c,3,452.8340638765843,339.2319282177776,452.89290104857486,678.5726347165978,90.58367550779722,113.1239551347383,2785.991403536099,1901.240993582782,1,-500.05263080829036,699.9999898160438,-1200.0526308082904,-1.0183956192122423e-05,-1200.2775531179445,-6.1756611512476566e-06
trained_53tet,53tet-Q4,24000,20260826,700.0,452.8929,678.5726371372033,452.9Hz_+50c,4,452.8664799826828,339.255447880709,452.89290104181936,678.5726347114552,90.58273077946227,113.08934270536524,2786.1333851421086,1901.89080461391,1,-500.0565307479367,699.999989828747,-1200.0565307479367,-1.0171253052249085e-05,-1200.157527181604,-6.188781489294714e-06
trained_53tet,53tet-Q4,24000,20260826,705.0,440.0,661.1618693942762,440Hz_ongrid,0,439.991050079764,330.4239156834923,439.999998905558,661.1618672390259,62.85550918184233,94.44450914933726,3368.83568740818,2168.135139414859,1,-495.7872803102713,704.999998662753,-1200.7872803102714,-1.337246999355557e-06,-1200.8224952289868,-5.643463282851803e-06
trained_53tet,53tet-Q4,24000,20260826,705.0,440.0,661.1618693942762,440Hz_ongrid,1,440.01027177586286,330.65869054713346,439.9999989178879,661.1618672381624,92.80016202033912,94.45205032364956,2694.4055684593336,2169.2265603507904,1,-494.63325989302666,704.9999986119784,-1199.6332598930267,-1.3880215874451096e-06,-1199.5928448008638,-5.645724389422628e-06
trained_53tet,53tet-Q4,24000,20260826,705.0,440.0,661.1618693942762,440Hz_ongrid,2,440.0187221352058,330.6127340626391,439.99999892151686,661.1618672331839,62.8602799110866,94.44887931264508,3368.8131697300482,2169.0440518479127,1,-494.9071394663726,704.9999985846639,-1199.9071394663727,-1.4153361007629428e-06,-1199.8334764927806,-5.658760349211284e-06
trained_53tet,53tet-Q4,24000,20260826,705.0,440.0,661.1618693942762,440Hz_ongrid,3,439.99039142311165,330.6414811862805,439.9999989164448,661.1618672338786,62.85515878165688,94.45136592381479,3368.84274691376,2169.1489993017813,1,-494.6451438834615,704.9999986064398,-1199.6451438834615,-1.3935601828052313e-06,-1199.6829504223397,-5.656941315499412e-06
trained_53tet,53tet-Q4,24000,20260826,705.0,440.0,661.1618693942762,440Hz_ongrid,4,439.9908492900513,330.63935958705645,439.9999989154447,661.1618672323373,93.02882273270723,94.45072525505603,2690.0686137883827,2169.1496336977225,1,-494.6580541543057,704.9999986063389,-1199.6580541543058,-1.393661136717128e-06,-1199.6940591210612,-5.660977248496232e-06
trained_53tet,53tet-Q4,24000,20260826,705.0,452.8929,680.5352645440795,452.9Hz_+50c,0,452.8995477150373,340.27289788077417,452.89290105326745,680.5352635607852,144.70516741256463,113.45061139447176,1975.2895887736515,1901.5534368051513,1,-494.99862097957237,704.9999934723347,-1199.9986209795725,-6.527665277644701e-06,-1199.9732095276433,-2.5014317860305103e-06
trained_53tet,53tet-Q4,24000,20260826,705.0,452.8929,680.5352645440795,452.9Hz_+50c,1,452.8734575158115,340.22069657975914,452.8929010470808,680.5352635616966,90.59548187776237,97.20542281363572,2785.916374679396,2168.8346421882593,1,-495.1644960211703,704.9999934983026,-1200.1644960211702,-6.50169738491968e-06,-1200.238818699091,-2.499113209992231e-06
trained_53tet,53tet-Q4,24000,20260826,705.0,452.8929,680.5352645440795,452.9Hz_+50c,2,452.8024529327279,340.30537532390963,452.89290104948503,680.5352635602758,129.3162146684681,113.4393699792718,2169.5743089927373,1901.8902173318322,1,-494.4622006720545,704.9999934854976,-1199.4622006720545,-6.514502388199617e-06,-1199.8079792884803,-2.5027278283272973e-06
trained_53tet,53tet-Q4,24000,20260826,705.0,452.8929,680.5352645440795,452.9Hz_+50c,3,452.8469258967445,340.2533360360747,452.8929010406619,680.5352635579527,90.58046306071365,113.45230670008151,2786.101973080943,1901.4280377213584,1,-494.8969886729339,704.9999935133151,-1199.896988672934,-6.486684924311703e-06,-1200.0727387740642,-2.5086375736186185e-06
trained_53tet,53tet-Q4,24000,20260826,705.0,452.8929,680.5352645440795,452.9Hz_+50c,4,452.8717169701903,340.281698279268,452.8929010390666,680.5352635646444,90.59696292156879,97.20070204745765,2785.881419179381,2169.229104435519,1,-494.8474591969624,704.9999935364367,-1199.8474591969625,-6.463563295255881e-06,-1199.9284356047144,-2.491614308878642e-06
trained_53tet,53tet-Q4,24000,20260826,710.0,440.0,663.0741398488134,440Hz_ongrid,0,439.98602429247853,331.5462554364132,439.9999989107898,663.0741412223547,62.85565054867808,165.7711758498181,3368.812018642482,1200.0203842501721,1,-489.8970453648086,710.0000078718389,-1199.8970453648085,7.871838874962123e-06,-1199.9520353761386,3.5862076490161374e-06
trained_53tet,53tet-Q4,24000,20260826,710.0,440.0,663.0741398488134,440Hz_ongrid,1,439.97878936521334,331.5726747568637,439.99999891096445,663.0741412236445,93.32849128569913,165.79117443404445,2684.453396064036,1199.949489485408,1,-489.73062932933516,710.0000078745193,-1199.7306293293352,7.874519269535085e-06,-1199.8140871889923,3.5895750909499686e-06
trained_53tet,53tet-Q4,24000,20260826,710.0,440.0,663.0741398488134,440Hz_ongrid,2,439.97728071460324,331.5584073924546,439.99999891338126,663.0741412247753,62.85107994610176,94.72930433682521,3368.903507273655,2168.8564118881773,1,-489.79918858083136,710.0000078679626,-1199.7991885808315,7.867962608543166e-06,-1199.8885827079755,3.5925273688097606e-06
trained_53tet,53tet-Q4,24000,20260826,710.0,440.0,663.0741398488134,440Hz_ongrid,3,439.9959380951198,331.51809833065033,439.9999989202464,663.0741412244689,62.859969496640446,165.75684445884323,3368.7320737598025,1200.0230267266409,1,-490.08308735373924,710.0000078401508,-1200.0830873537393,7.840150828997139e-06,-1200.0990694912205,3.5917274091448876e-06
trained_53tet,53tet-Q4,24000,20260826,710.0,440.0,663.0741398488134,440Hz_ongrid,4,439.99826328520925,331.5241274677134,439.99999891617074,663.0741412312402,62.85704659934269,94.71951587280648,3368.8217243069616,2168.8563090295806,1,-490.06075144621775,710.0000078738663,-1200.0607514462176,7.873866252339212e-06,-1200.067584777384,3.609406863708553e-06
trained_53tet,53tet-Q4,24000,20260826,710.0,452.8929,682.5035684343969,452.9Hz_+50c,0,452.8708829942344,341.2705672822054,452.89290103889005,682.5035694019174,90.58688619044318,66.778581436832,2786.070799880797,2824.150371933788,1,-489.82054809810586,709.9999984829319,-1199.820548098106,-1.5170680853771046e-06,-1199.9047126248026,2.4542059079366334e-06
trained_53tet,53tet-Q4,24000,20260826,710.0,452.8929,682.5035684343969,452.9Hz_+50c,1,452.8515323592946,341.27018940032326,452.89290104304274,682.5035694071931,90.59056712169534,97.03741856548629,2785.9264787372545,2177.1615851391066,1,-489.74848990391655,709.9999984804402,-1199.7484899039166,-1.5195597597994492e-06,-1199.9066295857297,2.467588414342888e-06
trained_53tet,53tet-Q4,24000,20260826,710.0,452.8929,682.5035684343969,452.9Hz_+50c,2,452.84683261556097,341.2295909346477,452.89290105187246,682.5035694063471,90.59275724561965,95.21604276622567,2785.866657773641,2209.759421384652,1,-489.93648761434656,709.9999984445415,-1199.9364876143466,-1.5554585388599662e-06,-1200.11259432953,2.4654422467254497e-06
trained_53tet,53tet-Q4,24000,20260826,710.0,452.8929,682.5035684343969,452.9Hz_+50c,3,452.86892862591054,341.21463971055607,452.8929010372195,682.5035693989503,90.6001349555055,96.07695579003554,2785.8101459688287,2194.1006417561593,1,-490.09681557868134,709.9999984817914,-1200.0968155786813,-1.5182085917331278e-06,-1200.1884512774373,2.446679521445104e-06
trained_53tet,53tet-Q4,24000,20260826,710.0,452.8929,682.5035684343969,452.9Hz_+50c,4,452.8604882444088,341.32422750018515,452.89290104073126,682.5035694030462,90.58307722853512,170.65255788644225,2786.1038581742487,1200.0969394983501,1,-489.5086186818621,709.9999984787569,-1199.5086186818621,-1.5212431208055932e-06,-1199.6325206967408,2.4570693868158023e-06
trained_53tet,53tet-Q4,24000,20260826,715.0,440.0,664.9919411399891,440Hz_ongrid,0,439.9980107678544,332.5548101723978,439.9999989177385,664.99193977397,93.45797027037014,166.27216215394645,2682.128869533082,1200.0545888115778,1,-484.68583522333165,715.000000702009,-1199.6858352233317,7.020089469733648e-07,-1199.6936621192558,-3.5562818226012757e-06
trained_53tet,53tet-Q4,24000,20260826,715.0,440.0,664.9919411399891,440Hz_ongrid,1,440.0114244841699,332.4939616375566,439.99999891472066,664.9919397793519,92.7447310316671,94.99827582827781,2695.4445059663904,2168.825886884135,1,-485.0554105577197,715.0000007278943,-1200.0554105577198,7.278943030541996e-07,-1200.010460104944,-3.542270611661635e-06
trained_53tet,53tet-Q4,24000,20260826,715.0,440.0,664.9919411399891,440Hz_ongrid,2,439.9913553848974,332.46773413981066,439.999998914605,664.9919397774265,62.8557025359794,95.00042611377374,3368.831563133301,2168.6501337778586,1,-485.11301354655996,715.0000007233368,-1200.11301354656,7.233368251036154e-07,-1200.1470271807066,-3.547283141259478e-06
trained_53tet,53tet-Q4,24000,20260826,715.0,440.0,664.9919411399891,440Hz_ongrid,3,440.01730654632456,332.48987070431986,439.99999890945867,664.9919397738034,92.9244964577181,83.12959236467272,2692.115277295515,2399.851616834278,1,-485.0998543556785,715.0000007341532,-1200.0998543556784,7.341532182181254e-07,-1200.0317609624014,-3.5567154384137227e-06
trained_53tet,53tet-Q4,24000,20260826,715.0,440.0,664.9919411399891,440Hz_ongrid,4,439.982990103237,332.527565199719,439.9999989177401,664.9919397737186,62.85398611191189,94.99275226462046,3368.845924043589,2169.1015090301735,1,-484.76857264270467,715.0000007013484,-1199.7685726427046,7.013484264462022e-07,-1199.8355014646977,-3.55693628263735e-06
trained_53tet,53tet-Q4,24000,20260826,715.0,452.8929,684.4775652261795,452.9Hz_+50c,0,452.89423631134207,342.3454969735381,452.8929010391954,684.4775673777879,90.60866212490846,65.42725948219186,2785.743955982394,2864.987146167155,1,-484.4653717678948,715.0000014695745,-1199.4653717678948,1.4695744994241977e-06,-1199.4602635750252,5.442015661270782e-06
trained_53tet,53tet-Q4,24000,20260826,715.0,452.8929,684.4775652261795,452.9Hz_+50c,1,452.85293643098555,342.2391910027666,452.89290104326284,684.4775673757429,90.59716801207361,114.09574192902977,2785.8057045014602,1901.7120315591462,1,-484.84516216129845,715.0000014488538,-1199.8451621612985,1.4488538226942183e-06,-1199.9979341391804,5.436843408853973e-06
trained_53tet,53tet-Q4,24000,20260826,715.0,452.8929,684.4775652261795,452.9Hz_+50c,2,452.844179869023,342.2910048682299,452.8929010349036,684.4775673794477,143.50026241906164,132.10457285228685,1989.5536085379913,1648.2515676858932,1,-484.5496027519361,715.0000014901784,-1199.5496027519362,1.490178419771837e-06,-1199.7358509504,5.44621381575936e-06
trained_53tet,53tet-Q4,24000,20260826,715.0,452.8929,684.4775652261795,452.9Hz_+50c,3,452.8202263966731,342.273655119856,452.89290104086604,684.477567376814,90.58594130201611,114.09979651248095,2785.8951972432737,1901.8248400291466,1,-484.5457791443653,715.0000014607251,-1199.5457791443653,1.4607251159759471e-06,-1199.8236044582559,5.4395523544341494e-06
trained_53tet,53tet-Q4,24000,20260826,715.0,452.8929,684.4775652261795,452.9Hz_+50c,4,452.81080935715056,342.31282972526844,452.8929010521399,684.477567376908,90.58076771459584,114.0627254738018,2785.958071285939,1902.5855449973144,1,-484.311639893158,715.0000014178672,-1199.311639893158,1.4178672245179769e-06,-1199.6254690514838,5.439790304954105e-06
trained_53tet,53tet-Q4,24000,20260826,720.0,440.0,666.9152892645751,440Hz_ongrid,0,440.0006759784175,333.5177915725466,439.99999890917354,666.9152907030947,62.85654286848916,166.77629603081908,3368.84509136949,1199.8193660124261,1,-479.69041904007423,720.000008026219,-1199.6904190400742,8.02621900675149e-06,-1199.6877593219972,3.734228633439084e-06
trained_53tet,53tet-Q4,24000,20260826,720.0,440.0,666.9152892645751,440Hz_ongrid,1,440.0073242575033,333.4741685811525,439.9999989143498,666.9152907054945,62.85933149800905,166.71429586174347,3368.7944451351914,1200.2366288240491,1,-479.9430316012119,720.0000080120819,-1199.943031601212,8.012081934793969e-06,-1199.914213650214,3.7404580166049545e-06
trained_53tet,53tet-Q4,24000,20260826,720.0,440.0,666.9152892645751,440Hz_ongrid,2,439.99565849643454,333.4752320462098,439.9999989138572,666.9152907022965,62.8580849617917,83.37394194578539,3368.782876614942,2399.8933921654184,1,-479.89161040755596,720.0000080057185,-1199.891610407556,8.005718541426177e-06,-1199.9086926709151,3.732156272769705e-06
trained_53tet,53tet-Q4,24000,20260826,720.0,440.0,666.9152892645751,440Hz_ongrid,3,439.99292297327975,333.4260642139874,439.99999891131785,666.915290701481,62.857363350668514,166.72035966742874,3368.7919879128417,1199.9239085080455,1,-480.13612025028,720.0000080135932,-1200.1361202502799,8.013593173927802e-06,-1200.1639659051816,3.7300397048146656e-06
trained_53tet,53tet-Q4,24000,20260826,720.0,440.0,666.9152892645751,440Hz_ongrid,4,439.9928950085606,333.4778910677981,439.9999989156018,666.9152907001876,62.85746004470317,166.7613100850313,3368.789214709936,1199.7678066399176,1,-479.8669327489527,720.0000079933799,-1199.8669327489526,7.993379881554574e-06,-1199.8948884362503,3.7266818731605983e-06
trained_53tet,53tet-Q4,24000,20260826,720.0,452.8929,686.457271384937,452.9Hz_+50c,0,452.8642305570658,343.25671057445976,452.8929010478436,686.4572692438875,90.59377293015717,125.35274349810642,2785.913759154623,1743.953223932636,1,-479.7488013626281,719.9999905948076,-1199.748801362628,-9.405192372469173e-06,-1199.8583970017187,-5.3996920072764585e-06
trained_53tet,53tet-Q4,24000,20260826,720.0,452.8929,686.457271384937,452.9Hz_+50c,1,452.85864457207174,343.24166597602476,452.89290104203883,686.4572692478804,90.5946609226884,127.53389446819547,2785.8754352880496,1714.0127651994662,1,-479.8033267435684,719.9999906270672,-1199.8033267435685,-9.372932822770963e-06,-1199.9342769220766,-5.389621971961808e-06
trained_53tet,53tet-Q4,24000,20260826,720.0,452.8929,686.457271384937,452.9Hz_+50c,2,452.87557457415113,343.31598118676123,452.89290104579027,686.4572692451503,90.58963878738588,62.91274315669708,2786.0361298179087,2937.735410101479,1,-479.49325856726244,719.9999906058417,-1199.4932585672625,-9.394158269060426e-06,-1199.5594882230514,-5.396507160636435e-06
trained_53tet,53tet-Q4,24000,20260826,720.0,452.8929,686.457271384937,452.9Hz_+50c,3,452.88753811517347,343.3151747927403,452.89290105031046,686.4572692445298,90.59315878045298,171.68165774739225,2786.0145946173857,1199.7572580943186,1,-479.54305808900176,719.999990586998,-1199.5430580890018,-9.413001976099622e-06,-1199.5635546181568,-5.3980720985569575e-06
trained_53tet,53tet-Q4,24000,20260826,720.0,452.8929,686.457271384937,452.9Hz_+50c,4,452.87341256950606,343.24343777481107,452.8929010364435,686.457269246542,90.59820432889454,62.904412518651775,2785.8641789708367,2937.5988157688107,1,-479.85084589147726,719.9999906450806,-1199.8508458914773,-9.354919370707648e-06,-1199.9253403890912,-5.392997486547919e-06
trained_53tet,53tet-Q4,24000,20260826,725.0,440.0,668.8442002656105,440Hz_ongrid,0,439.9839132822827,334.4256584926561,439.9999989042315,668.8441986420415,62.85576208890611,167.215210204593,3368.8006401784824,1199.975348980758,1,-474.9182828809555,725.0000001089952,-1199.9182828809555,1.0899520930252038e-07,-1199.9815792049737,-4.202440499336594e-06
trained_53tet,53tet-Q4,24000,20260826,725.0,440.0,668.8442002656105,440Hz_ongrid,1,439.9786957002834,334.39937756370915,439.9999989128608,668.8441986398008,93.40039746125636,82.75915318554975,2683.119688823671,2417.497648462987,1,-475.03380762363275,725.0000000692423,-1200.0338076236328,6.92423327564029e-08,-1200.1176340372683,-4.20824049524143e-06
trained_53tet,53tet-Q4,24000,20260826,725.0,440.0,668.8442002656105,440Hz_ongrid,2,439.99889222192644,334.4003049672159,439.9999989181221,668.8441986402709,62.856346042828925,83.59584210240388,3368.843494060417,2400.0876849910223,1,-475.10847404714843,725.0000000497578,-1200.1084740471483,4.9757773012970574e-08,-1200.112832741544,-4.207023641646734e-06
trained_53tet,53tet-Q4,24000,20260826,725.0,440.0,668.8442002656105,440Hz_ongrid,3,440.0008353265519,334.4230864153512,439.99999890914086,668.8441986395693,62.858647651787,167.22840445537952,3368.7877480614065,1199.825434931661,1,-474.99818091857526,725.0000000832797,-1199.9981809185751,8.327970135724172e-08,-1199.9948942267665,-4.2088396000676296e-06
trained_53tet,53tet-Q4,24000,20260826,725.0,440.0,668.8442002656105,440Hz_ongrid,4,440.01858455465964,334.48303532264237,439.9999989222627,668.8441986413826,62.86005283182148,167.2309912601063,3368.8188824234508,1200.1089695787684,1,-474.75770152901606,725.0000000363436,-1199.757701529016,3.6343635656521656e-08,-1199.6845798600355,-4.204146131748426e-06
trained_53tet,53tet-Q4,24000,20260826,725.0,452.8929,688.4427034238025,452.9Hz_+50c,0,452.8376023409175,344.2155897695753,452.89290104821833,688.4427013447447,150.95865607221427,126.25575937165034,1901.8083312943954,1736.3558870238537,1,-474.8175850483427,724.9999907648391,-1199.8175850483426,-9.235160860043834e-06,-1200.0289794755124,-5.228228474996404e-06
trained_53tet,53tet-Q4,24000,20260826,725.0,452.8929,688.4427034238025,452.9Hz_+50c,1,452.9323257458307,344.2151860808811,452.892901041506,688.4427013467129,113.23717773751757,125.19911131606516,2399.937372298714,1750.9037109152437,1,-475.18171261937306,724.999990795447,-1200.181712619373,-9.204552952724043e-06,-1200.0310098310313,-5.22327918103307e-06
trained_53tet,53tet-Q4,24000,20260826,725.0,452.8929,688.4427034238025,452.9Hz_+50c,2,452.86524530715053,344.2260994837136,452.8929010532741,688.4427013442966,90.58763254962774,126.0497602388636,2786.0349841630923,1739.2357364750828,1,-474.87040522051404,724.9999907443859,-1199.870405220514,-9.255614145331492e-06,-1199.9761216220509,-5.22935537637532e-06
trained_53tet,53tet-Q4,24000,20260826,725.0,452.8929,688.4427034238025,452.9Hz_+50c,3,452.8254054866235,344.18927013769655,452.89290104158397,688.4427013460003,90.58096213388441,124.99094557177273,2786.010159994083,1753.6542410242844,1,-474.903334662306,724.999990793357,-1199.903334662306,-9.206642971548717e-06,-1200.1613592582341,-5.225071113756181e-06
trained_53tet,53tet-Q4,24000,20260826,725.0,452.8929,688.4427034238025,452.9Hz_+50c,4,452.86747919145125,344.2346074648802,452.89290104263574,688.4427013455646,90.58764005821953,126.04243308358436,2786.043380439648,1739.379163523579,1,-474.83615589587197,724.9999907882409,-1199.836155895872,-9.211759106619866e-06,-1199.9333325230173,-5.226166493418202e-06
trained_53tet,53tet-Q4,24000,20260826,730.0,440.0,670.7786902325353,440Hz_ongrid,0,440.00541654050755,335.34350487487484,439.99999891650174,670.7786913255767,93.32443207377489,111.79463416480785,2684.633465443606,1901.7464579199818,1,-470.25794915770217,730.0000070842225,-1200.2579491577021,7.084222488629166e-06,-1200.2366372448917,2.8210652577469705e-06
trained_53tet,53tet-Q4,24000,20260826,730.0,440.0,670.7786902325353,440Hz_ongrid,1,439.9978507995255,335.3905278108587,439.999998911886,670.7786913246199,62.858759105607504,167.6853027308388,3368.7729354306475,1200.1028391406094,1,-469.9854387886913,730.0000070999141,-1199.9854387886912,7.099914114405692e-06,-1199.993895102616,2.8185958003277315e-06
trained_53tet,53tet-Q4,24000,20260826,730.0,440.0,670.7786902325353,440Hz_ongrid,2,439.99119811927363,335.4296021542955,439.9999989149924,670.7786913268353,62.85755627520332,167.72230635756821,3368.7798875702415,1199.9225285651116,1,-469.75757870410695,730.0000070934095,-1199.757578704107,7.09340952198545e-06,-1199.792211131437,2.824313916627722e-06
trained_53tet,53tet-Q4,24000,20260826,730.0,440.0,670.7786902325353,440Hz_ongrid,3,440.0058220194039,335.3307957130496,439.9999989150465,670.7786913259562,62.85938298698581,134.10693659385038,3368.7871164051853,1586.6413441251611,1,-470.3251577145694,730.0000070909275,-1200.3251577145693,7.0909275109443115e-06,-1200.3022504156077,2.82204473743318e-06
trained_53tet,53tet-Q4,24000,20260826,730.0,440.0,670.7786902325353,440Hz_ongrid,4,439.9787485216606,335.3381546064956,439.99999891339723,670.7786913240358,62.85668349970842,167.66531165423842,3368.754939731736,1200.0388819041339,1,-470.18064002458516,730.0000070924605,-1200.180640024585,7.09246046426415e-06,-1200.2642585959727,2.8170885240916096e-06
trained_53tet,53tet-Q4,24000,20260826,730.0,452.8929,690.4338779036694,452.9Hz_+50c,0,452.8762909738946,345.25286617091024,452.89290104071335,690.4338766491634,90.58442521032379,115.08451023337861,2786.1385065653426,1901.9516686569468,1,-469.75634634411193,729.9999928761346,-1199.756346344112,-7.123865430003207e-06,-1199.8198373787054,-3.1456215083022375e-06
trained_53tet,53tet-Q4,24000,20260826,730.0,452.8929,690.4338779036694,452.9Hz_+50c,1,452.85979964220314,345.31215065684586,452.89290104412265,690.4338766504568,75.50156510901235,94.25771434062762,3101.383225032158,2247.8621963278883,1,-469.3960526381617,729.9999928663453,-1199.3960526381616,-7.133654662538902e-06,-1199.5225871028172,-3.1423782311668254e-06
trained_53tet,53tet-Q4,24000,20260826,730.0,452.8929,690.4338779036694,452.9Hz_+50c,2,452.82084633130364,345.2223883455973,452.89290103682544,690.4338766493776,90.58695273576166,115.09126603361722,2785.8782374744274,1901.6972085106665,1,-469.69721679683335,729.9999928915337,-1199.6972167968333,-7.108466320460138e-06,-1199.9726719621672,-3.1450842936765716e-06
trained_53tet,53tet-Q4,24000,20260826,730.0,452.8929,690.4338779036694,452.9Hz_+50c,3,452.8725843248933,345.2492320169413,452.89290105287955,690.4338766490614,90.58856597259096,115.08250592118785,2786.0452011731186,1901.9635969197996,1,-469.76039986109913,729.9999928293722,-1199.7603998610991,-7.170627782215888e-06,-1199.838060556034,-3.1458771417377066e-06
trained_53tet,53tet-Q4,24000,20260826,730.0,452.8929,690.4338779036694,452.9Hz_+50c,4,452.8361303785587,345.28272227212824,452.89290104600633,690.4338766502367,90.59984361556171,95.0400149987889,2785.690326885165,2233.4054106287476,1,-469.45311171876665,729.9999928585929,-1199.4531117187666,-7.141407081689977e-06,-1199.6701335838586,-3.1429300534173743e-06
trained_53tet,53tet-Q4,24000,20260826,735.0,440.0,672.7187753013249,440Hz_ongrid,0,439.9972243845176,336.2395922349588,439.99999891383465,672.7187721387774,62.85972491030839,112.09913840163522,3368.74387105773,1901.6573069287583,1,-465.6057730461581,734.9999961348717,-1200.605773046158,-3.865128292090958e-06,-1200.6166940806731,-8.138779671743389e-06
trained_53tet,53tet-Q4,24000,20260826,735.0,440.0,672.7187753013249,440Hz_ongrid,1,439.9887585791432,336.3295724670105,439.9999989165909,672.7187721381063,62.85442450267873,112.1204704323352,3368.8565466687414,1901.7911203676804,1,-465.10923355147946,734.9999961222995,-1200.1092335514795,-3.877700464727241e-06,-1200.1534648677516,-8.140506831185307e-06
trained_53tet,53tet-Q4,24000,20260826,735.0,440.0,672.7187753013249,440Hz_ongrid,2,440.0027287584262,336.33187969304475,439.99999892065296,672.7187721396218,93.55931310193868,168.16840618997352,2680.271155345264,1199.9746096834313,1,-465.15232521824555,734.9999961102172,-1200.1523252182456,-3.889782760779781e-06,-1200.1415886163131,-8.136606403124456e-06
trained_53tet,53tet-Q4,24000,20260826,735.0,440.0,672.7187753013249,440Hz_ongrid,3,439.9882071820403,336.33777752462163,439.99999891022736,672.7187721411361,62.85352055412198,112.12933095680624,3368.879275204561,1901.6965463199638,1,-465.06482948325646,734.9999961551351,-1200.0648294832565,-3.844864863822295e-06,-1200.1112303959528,-8.132709434764253e-06
trained_53tet,53tet-Q4,24000,20260826,735.0,440.0,672.7187753013249,440Hz_ongrid,4,439.9900767411655,336.3080123850494,439.99999891281834,672.7187721392886,62.8565653697288,112.11590206794851,3368.802767187236,1901.7506785387704,1,-465.22540278822333,734.9999961401861,-1200.2254027882234,-3.859813887174823e-06,-1200.264447509356,-8.137464024472087e-06
trained_53tet,53tet-Q4,24000,20260826,735.0,452.8929,692.4308114333304,452.9Hz_+50c,0,452.8209049808498,346.2135450632975,452.89290103924765,692.4308103767852,90.57830661124004,115.40093308522856,2786.0437082339536,1902.0087358997391,1,-464.73407320052183,734.9999933857565,-1199.7340732005218,-6.6142434889115975e-06,-1200.0093041357095,-2.6416027102584832e-06
trained_53tet,53tet-Q4,24000,20260826,735.0,452.8929,692.4308114333304,452.9Hz_+50c,1,452.85707757006224,346.23231681992416,452.8929010432468,692.4308103771932,90.58709091776215,115.40195193632212,2786.014111121286,1902.0873165145704,1,-464.7784981957422,734.9999933714894,-1199.7784981957423,-6.628510618611472e-06,-1199.9154388791464,-2.6405824829839918e-06
trained_53tet,53tet-Q4,24000,20260826,735.0,452.8929,692.4308114333304,452.9Hz_+50c,2,452.9090729206804,346.2024425525767,452.89290104849783,692.4308103764314,90.59895644816504,115.39771337036676,2785.9861230439005,1902.0015196584811,1,-465.12664461776296,734.999993349512,-1200.1266446177628,-6.650487989645626e-06,-1200.064822913252,-2.6424872403860666e-06
trained_53tet,53tet-Q4,24000,20260826,735.0,452.8929,692.4308114333304,452.9Hz_+50c,3,452.8135858824371,346.20801217071323,452.89290104831116,692.4308103760743,90.57841296556371,115.40951546639506,2786.013692720851,1901.8523212622601,1,-464.73375779122904,734.999993349333,-1199.733757791229,-6.6506670464150375e-06,-1200.0369714777553,-2.643380035354043e-06
trained_53tet,53tet-Q4,24000,20260826,735.0,452.8929,692.4308114333304,452.9Hz_+50c,4,452.85288240850605,346.24680003630107,452.8929010496308,692.4308103757824,90.58902434584688,115.40592969672946,2785.9611234362183,1902.1000616772296,1,-464.6900427775003,734.9999933435587,-1199.6900427775004,-6.656441314589756e-06,-1199.8430212806227,-2.644110032186847e-06
trained_53tet,53tet-Q4,24000,20260826,740.0,440.0,674.6644716546243,440Hz_ongrid,0,440.00649640148214,337.3273991433897,439.9999989147765,674.66447081159,62.86191137381599,112.44266108849212,3368.720135949318,1901.952003032504,1,-460.0503833862147,740.0000021066633,-1200.0503833862147,2.10666325983766e-06,-1200.024822685269,-2.16328218421817e-06
trained_53tet,53tet-Q4,24000,20260826,740.0,440.0,674.6644716546243,440Hz_ongrid,1,439.98609390347144,337.34205601934747,439.9999989117518,674.6644708133371,62.8549561199177,112.44682493898924,3368.8314193107344,1901.9631155897896,1,-459.89488608795466,740.0000021230472,-1199.8948860879545,2.1230472384559107e-06,-1199.949602197604,-2.1587991810260754e-06
trained_53tet,53tet-Q4,24000,20260826,740.0,440.0,674.6644716546243,440Hz_ongrid,2,439.9854076484266,337.3206676174201,439.9999989183396,674.6644708111571,62.85549326197759,112.44316208447323,3368.813924457123,1901.9097414881471,1,-460.00195426301127,740.0000020915329,-1200.0019542630112,2.0915329059789656e-06,-1200.0593706148795,-2.1643931325310817e-06
trained_53tet,53tet-Q4,24000,20260826,740.0,440.0,674.6644716546243,440Hz_ongrid,3,439.9990751119401,337.3147139191536,439.99999891118546,674.664470811623,62.85343500507553,168.6250109597859,3368.9243933877674,1200.332057063678,1,-460.08628801688974,740.0000021208773,-1200.0862880168897,2.1208772977843182e-06,-1200.0899271063981,-2.163197613758364e-06
trained_53tet,53tet-Q4,24000,20260826,740.0,440.0,674.6644716546243,440Hz_ongrid,4,439.988982526228,337.32129991226765,439.9999989135214,674.6644708103892,62.85548327489632,112.45295526511669,3368.8282657373497,1901.762212224937,1,-460.01277533843256,740.0000021085201,-1200.0127753384327,2.108520106958167e-06,-1200.0561254851016,-2.1663638164501634e-06
trained_53tet,53tet-Q4,24000,20260826,740.0,452.8929,694.433520669615,452.9Hz_+50c,0,452.8614920678122,347.27388558169474,452.8929010421093,694.43352008111,90.58390437512011,91.11671555267604,2786.091887225294,2316.3435332161966,1,-459.59513057410805,739.9999945492676,-1199.595130574108,-5.450732373901701e-06,-1199.7151950907412,-1.4671523612084387e-06
trained_53tet,53tet-Q4,24000,20260826,740.0,452.8929,694.433520669615,452.9Hz_+50c,1,452.7959090552742,694.4472901562015,452.8929010377221,694.4335200828435,90.57880424946141,115.7124597206095,2785.9386292747176,3102.385170437351,0,740.4051257149192,739.9999945703598,0.40512571491922245,-5.429640168586047e-06,0.034327213439477,-1.4628306185084852e-06
trained_53tet,53tet-Q4,24000,20260826,740.0,452.8929,694.433520669615,452.9Hz_+50c,2,452.8502063688576,347.2615841288413,452.89290104054976,694.4335200809551,144.14408859039747,132.42902842981823,1981.8266910101065,1668.9641108959524,1,-459.6133126312682,739.9999945548428,-1199.6133126312682,-5.445157171379833e-06,-1199.7765215311144,-1.4675386944451263e-06
trained_53tet,53tet-Q4,24000,20260826,740.0,452.8929,694.433520669615,452.9Hz_+50c,3,452.87518976999075,347.22082459235986,452.89290104856883,694.4335200820676,90.5942749385303,132.70942058051244,2785.9460608421805,1665.0992278316237,1,-459.9120349285131,739.9999945269628,-1199.912034928513,-5.4730371630284935e-06,-1199.9797355983844,-1.4647649755701843e-06
trained_53tet,53tet-Q4,24000,20260826,740.0,452.8929,694.433520669615,452.9Hz_+50c,4,452.8242968250461,347.2331245810123,452.8929010520385,694.4335200833056,90.58136414911202,132.34330410416092,2785.9982378506397,1669.9432532630794,1,-459.656146042992,739.9999945167857,-1199.656146042992,-5.483214295054495e-06,-1199.9184092593644,-1.4616789226108608e-06
trained_53tet,53tet-Q4,24000,20260826,745.0,440.0,676.6157955218839,440Hz_ongrid,0,439.9918726253986,338.27922434214014,439.99999892187014,676.615797095069,62.85571678549339,112.76251693951869,3368.833205844188,1901.9123884285666,1,-455.1147591914829,745.0000082672899,-1200.1147591914828,8.267289899777097e-06,-1200.146737640552,4.025255573998425e-06
trained_53tet,53tet-Q4,24000,20260826,745.0,440.0,676.6157955218839,440Hz_ongrid,1,439.9871501658809,338.30870665876006,439.9999989119652,676.6157970924907,62.85525828644997,112.76914454413308,3368.8272527823938,1901.961515361421,1,-454.94530061665347,745.0000082996653,-1199.9453006166534,8.299665296362946e-06,-1199.995860605738,4.018658693745914e-06
trained_53tet,53tet-Q4,24000,20260826,745.0,440.0,676.6157955218839,440Hz_ongrid,2,439.9971164047297,338.338490158635,439.99999890867446,676.615797089677,62.85684968315712,96.64981794535124,3368.8226352943893,2169.154068878333,1,-454.83210970549493,745.000008305414,-1199.832109705495,8.305413984999177e-06,-1199.843455602482,4.011459441174997e-06
trained_53tet,53tet-Q4,24000,20260826,745.0,440.0,676.6157955218839,440Hz_ongrid,3,440.0134581729329,338.3091173216273,439.9999989168761,676.615797093332,92.95518592488452,112.76534609018982,2691.52846881087,1902.0219317728345,1,-455.0467111383208,745.0000082824955,-1200.046711138321,8.282495514322363e-06,-1199.993759113542,4.02081139635148e-06
trained_53tet,53tet-Q4,24000,20260826,745.0,440.0,676.6157955218839,440Hz_ongrid,4,439.9891396017631,338.33422211730795,439.99999891223655,676.6157970952139,62.85220625301668,112.76163868488929,3368.9191454376373,1902.2073151432533,1,-454.8225626542729,745.0000083055656,-1199.8225626542728,8.305565643240698e-06,-1199.8652947525886,4.025626530786704e-06
trained_53tet,53tet-Q4,24000,20260826,745.0,452.8929,696.4420223175296,452.9Hz_+50c,0,452.86340791009917,348.26617095132497,452.89290103432177,696.4420222368915,90.59646097335762,174.1357358877452,2785.85924693293,1199.9736497592648,1,-454.66275523575024,744.9999958457365,-1199.6627552357502,-4.154263478994835e-06,-1199.7754957373324,-2.0045217108927056e-07
trained_53tet,53tet-Q4,24000,20260826,745.0,452.8929,696.4420223175296,452.9Hz_+50c,1,452.87201452179414,696.4422163867154,452.8929010430063,696.4420222384563,90.59215327273786,174.12932899495777,2785.9744675616753,2399.8133255564458,0,745.0803213527122,744.9999958164286,0.08032135271218976,-4.183571377325279e-06,0.00048242226153816437,-1.9656250655936242e-07
trained_53tet,53tet-Q4,24000,20260826,745.0,452.8929,696.4420223175296,452.9Hz_+50c,2,452.8530104184358,348.15283899430744,452.8929010376168,696.4420222376547,90.58622716638642,134.97199555643738,2786.01507013865,1640.4728216726733,1,-455.1864724019279,744.9999958350379,-1200.1864724019279,-4.1649620925454656e-06,-1200.3389615295239,-1.9855510191349273e-07
trained_53tet,53tet-Q4,24000,20260826,745.0,452.8929,696.4420223175296,452.9Hz_+50c,3,452.86592180593,348.19596748712735,452.89290104058574,696.4420222357803,90.59697726903758,174.10234111067174,2785.8589911658523,1199.9566707911295,1,-455.02138267084473,744.9999958190297,-1200.0213826708448,-4.180970336165046e-06,-1200.1245129237238,-2.0321435762677202e-07
trained_53tet,53tet-Q4,24000,20260826,745.0,452.8929,696.4420223175296,452.9Hz_+50c,4,452.85901184399984,348.24586670002196,452.892901040233,696.442022236923,90.59242091160189,174.122117726023,2785.9196457331846,1200.008109439114,1,-454.74688514812743,744.9999958232183,-1199.7468851481274,-4.176781658316031e-06,-1199.876431282754,-2.0037394341403833e-07
trained_53tet,53tet-Q4,24000,20260826,750.0,440.0,678.5727631794939,440Hz_ongrid,0,440.01867773870987,339.2455237628583,439.999998916834,678.5727607374763,92.91861736986287,113.13849013792426,2692.2302062779254,1901.0879481328375,1,-450.28198095827105,749.9999980315613,-1200.281980958271,-1.9684387098095613e-06,-1200.2084926607224,-6.23028847885911e-06
trained_53tet,53tet-Q4,24000,20260826,750.0,440.0,678.5727631794939,440Hz_ongrid,1,439.9796458300444,339.29685311323226,439.9999989114681,678.5727607417034,62.85062077788932,96.93139310211218,3368.9254614086994,2169.0145901316127,1,-449.8664812611019,749.9999980634585,-1199.8664812611019,-1.9365414800631697e-06,-1199.9465690954987,-6.21950382315259e-06
trained_53tet,53tet-Q4,24000,20260826,750.0,440.0,678.5727631794939,440Hz_ongrid,2,439.9868786514543,339.29362134853733,439.9999989133449,678.5727607358981,93.3366283045511,96.9330068592601,2684.3342913013207,2168.9692781236313,1,-449.9114306578409,749.999998041263,-1199.9114306578408,-1.9587370161389117e-06,-1199.963058985319,-6.23431480157772e-06
trained_53tet,53tet-Q4,24000,20260826,750.0,440.0,678.5727631794939,440Hz_ongrid,3,439.9958427027603,339.1957729768193,439.99999890579016,678.5727607399364,62.855918769679704,113.05731370947612,3368.8432635808886,1902.076641405011,1,-450.4460414726346,749.9999980812908,-1200.4460414726345,-1.9187092448191834e-06,-1200.4623989465774,-6.22401200528761e-06
trained_53tet,53tet-Q4,24000,20260826,750.0,440.0,678.5727631794939,440Hz_ongrid,4,439.9963834538898,339.28603181598834,439.99999891251383,678.5727607398658,62.85515149633178,113.13513390648582,3368.866524310626,1901.346013531117,1,-449.98755494418884,749.9999980546557,-1199.9875549441888,-1.9453442519079545e-06,-1200.001784747592,-6.224192294131892e-06
trained_53tet,53tet-Q4,24000,20260826,750.0,452.8929,698.4563331303959,452.9Hz_+50c,0,452.85079291219677,698.459276063228,452.8929010484969,698.4563330217615,90.59270307038547,92.32050372133999,2785.882833219691,3503.34360049543,0,750.1682610692856,749.9999957227346,0.16826106928556328,-4.2772653614520095e-06,0.007294507255168162,-2.692677307738476e-07
trained_53tet,53tet-Q4,24000,20260826,750.0,452.8929,698.4563331303959,452.9Hz_+50c,1,452.8714755329929,349.2434352335292,452.8929010398614,698.4563330179736,90.6001628777117,116.39743352537029,2785.819348743757,1902.208498948688,1,-449.8424106831586,749.9999957463563,-1199.8424106831585,-4.253643737683888e-06,-1199.9243100551687,-2.786563972412442e-07
trained_53tet,53tet-Q4,24000,20260826,750.0,452.8929,698.4563331303959,452.9Hz_+50c,2,452.88307789211717,698.4829609229884,452.89290104662405,698.4563330196868,90.59071049567189,174.60251276265214,2786.0443319488204,2400.1807211470164,0,750.1035464397884,749.9999957247517,0.1035464397883743,-4.275248329577153e-06,0.06599992052515029,-2.744099991356389e-07
trained_53tet,53tet-Q4,24000,20260826,750.0,452.8929,698.4563331303959,452.9Hz_+50c,3,452.8384055689312,698.4456347534336,452.89290105249046,698.4563330167506,90.57375280980882,93.46428690986009,2786.1976550850613,3481.9928503096926,0,750.1818058098272,749.9999956950489,0.1818058098272104,-4.304951062295004e-06,-0.02651781569936849,-2.816878638108249e-07
trained_53tet,53tet-Q4,24000,20260826,750.0,452.8929,698.4563331303959,452.9Hz_+50c,4,452.8538921657648,698.4422809264885,452.89290105158545,698.4563330186195,90.5906440417122,92.3861598372387,2785.9340301815073,3502.0707007271653,0,750.1142873042387,749.9999957031406,0.11428730423870093,-4.296859401620168e-06,-0.03483095140192574,-2.770555168799708e-07
trained_53tet,53tet-Q4,24000,20260826,755.0,440.0,680.5353909509209,440Hz_ongrid,0,439.9896866844083,340.24030668254693,439.9999989162408,680.5353899586978,62.853622560451136,113.40856921168742,3368.882286979946,1902.0292863331742,1,-445.0987764418346,755.000001740038,-1200.0987764418346,1.7400379874743521e-06,-1200.139355924486,-2.5241456816887785e-06
trained_53tet,53tet-Q4,24000,20260826,755.0,440.0,680.5353909509209,440Hz_ongrid,1,439.99184611018876,340.1950216511137,439.9999989127006,680.5353899628035,93.81925287394724,170.0766657093498,2675.4250451473595,1200.2121723368136,1,-445.33771088263103,755.0000017644119,-1200.337710882631,1.764411877047678e-06,-1200.3697936609803,-2.513701037694953e-06
trained_53tet,53tet-Q4,24000,20260826,755.0,440.0,680.5353909509209,440Hz_ongrid,2,439.99971722192777,340.24792271969375,439.9999989152552,680.5353899648326,93.46926907382833,113.44040528755296,2681.9262951696464,1901.582114179931,1,-445.09949129055775,755.0000017595223,-1200.0994912905578,1.759522319844109e-06,-1200.1006039159765,-2.508539356561869e-06
trained_53tet,53tet-Q4,24000,20260826,755.0,440.0,680.5353909509209,440Hz_ongrid,3,440.0132585508816,340.2847781800731,439.99999891369544,680.5353899579776,62.85921872637521,97.17144598670893,3368.820899686899,2169.7659296489155,1,-444.96525440076385,755.0000017482209,-1199.9652544007638,1.7482209386798786e-06,-1199.9130877896223,-2.5259777853775122e-06
trained_53tet,53tet-Q4,24000,20260826,755.0,440.0,680.5353909509209,440Hz_ongrid,4,439.9922404087045,340.2931300337308,439.9999989105039,680.535389967471,62.85592412357043,170.12148362657982,3368.8289422588327,1200.2552208890143,1,-444.84006605630174,755.0000017849289,-1199.8400660563018,1.784928940651298e-06,-1199.8705973906501,-2.5018273451357734e-06
trained_53tet,53tet-Q4,24000,20260826,755.0,452.8929,700.4764699099917,452.9Hz_+50c,0,452.8997883318667,700.4648079286841,452.8929010436915,700.4764693132406,90.5998671059964,116.72145195190625,2785.9332311046232,3102.2914022017503,0,754.9448458427437,754.9999945354962,-0.05515415725631101,-5.464503828989109e-06,-0.028822934178846512,-1.474875758447169e-06
trained_53tet,53tet-Q4,24000,20260826,755.0,452.8929,700.4764699099917,452.9Hz_+50c,1,452.8980234760751,350.21032015080215,452.8929010473003,700.4764693118044,90.59318249026492,100.06832899213225,2786.0542230051883,2168.6833872217303,1,-445.157573843371,754.9999945181514,-1200.157573843371,-5.481848575072945e-06,-1200.1379888905944,-1.478425411290544e-06
trained_53tet,53tet-Q4,24000,20260826,755.0,452.8929,700.4764699099917,452.9Hz_+50c,2,452.84519557790486,700.4565378304897,452.8929010336978,700.4764693155649,90.59275321787692,140.09312916393213,2785.860476335624,2786.291202891484,0,755.13310210463,754.999994579443,0.13310210462998384,-5.420557044999441e-06,-0.04926301902280578,-1.4691311177615234e-06
trained_53tet,53tet-Q4,24000,20260826,755.0,452.8929,700.4764699099917,452.9Hz_+50c,3,452.85203857455264,350.266034267058,452.8929010354449,700.4764693128002,90.58732502012687,93.7500554700357,2785.9903733763895,2281.871574921325,1,-444.70638849996755,754.9999945659312,-1199.7063884999675,-5.434068839349493e-06,-1199.8625929413354,-1.4759642187055627e-06
trained_53tet,53tet-Q4,24000,20260826,755.0,452.8929,700.4764699099917,452.9Hz_+50c,4,452.8574239016485,700.4490174872053,452.892901046489,700.4764693167598,90.59064226133974,100.0629913263243,2785.9475657732423,3368.845872719735,0,755.0677664423309,754.9999945335001,0.0677664423309352,-5.466499942485825e-06,-0.06785024541385043,-1.4661780710707431e-06
trained_53tet,53tet-Q4,24000,20260826,760.0,440.0,682.5036952068432,440Hz_ongrid,0,439.99512419188056,341.29660295728405,439.9999989106839,682.5036961774302,62.85764175355893,136.49660523265914,3368.7929811667445,1586.5931809493134,1,-439.7537780869066,760.0000067480321,-1199.7537780869066,6.7480320922186365e-06,-1199.7729626591868,2.461984083750973e-06
trained_53tet,53tet-Q4,24000,20260826,760.0,440.0,682.5036952068432,440Hz_ongrid,1,439.9914363790007,341.29835046361796,439.9999989097689,682.503696178543,93.23402020589357,113.72915218688304,2686.2564754679242,1902.5176009967518,1,-439.73040347333716,760.000006754455,-1199.7304034733372,6.754454943802557e-06,-1199.7640984200034,2.464806815045058e-06
trained_53tet,53tet-Q4,24000,20260826,760.0,440.0,682.5036952068432,440Hz_ongrid,2,439.9977370380541,341.2952667652108,439.99999891552847,682.5036961758682,62.85768147868471,170.68998514157167,3368.802167699692,1199.5703912867643,1,-439.77083660961887,760.0000067250082,-1199.770836609619,6.725008233843255e-06,-1199.7797405342715,2.4580219577196243e-06
trained_53tet,53tet-Q4,24000,20260826,760.0,440.0,682.5036952068432,440Hz_ongrid,3,439.98285799996705,341.2944144579322,439.9999989127601,682.5036961757033,93.24137280106191,68.3503188015907,2686.086199084699,2783.996198172135,1,-439.71661528411465,760.0000067354828,-1199.7166152841146,6.735482770636736e-06,-1199.7840639028234,2.4576037183558798e-06
trained_53tet,53tet-Q4,24000,20260826,760.0,440.0,682.5036952068432,440Hz_ongrid,4,440.0095366690981,341.32058799760057,439.9999989037377,682.5036961740507,62.85775790459259,136.44848144568368,3368.846489483205,1587.325319682191,1,-439.6888251123665,760.0000067667902,-1199.6888251123664,6.766790193069028e-06,-1199.6513023229647,2.4534117144389333e-06
trained_53tet,53tet-Q4,24000,20260826,760.0,452.8929,702.5024495066893,452.9Hz_+50c,0,452.8905699220412,702.429064183897,452.8929010402277,702.5024484567389,90.59305923664604,140.48540394302702,2786.0280864204174,2786.318752749563,0,759.8280481285335,759.999993436134,-0.17195187146649005,-6.563866008946206e-06,-0.18085887945055254,-2.5874785769962386e-06
trained_53tet,53tet-Q4,24000,20260826,760.0,452.8929,702.5024495066893,452.9Hz_+50c,1,452.87677081314484,351.1521884643055,452.89290104905473,702.5024484577376,75.4979379253437,140.45726684456665,3101.531275278452,1586.3581910870369,1,-440.42653849801906,759.9999934048531,-1200.426538498019,-6.595146942345309e-06,-1200.4881952268101,-2.5850171922040904e-06
trained_53tet,53tet-Q4,24000,20260826,760.0,452.8929,702.5024495066893,452.9Hz_+50c,2,452.8993916006031,351.03615441765106,452.8929010389658,702.5024484555934,113.23144405808331,140.47577943446103,2399.899146160963,1585.5578653537193,1,-441.08517007369903,759.9999934381347,-1201.085170073699,-6.561865347975981e-06,-1201.060355378097,-2.590301500504152e-06
trained_53tet,53tet-Q4,24000,20260826,760.0,452.8929,702.5024495066893,452.9Hz_+50c,3,452.8146410565195,702.4691053816937,452.8929010450874,702.5024484567725,90.57872922505489,140.4932452444895,2786.0116822562914,2786.320809562989,0,760.2170048677057,759.9999934176401,0.2170048677056684,-6.582359901585733e-06,-0.08217459540560626,-2.587395544181136e-06
trained_53tet,53tet-Q4,24000,20260826,760.0,452.8929,702.5024495066893,452.9Hz_+50c,4,452.83482314931774,702.4228003620136,452.8929010392729,702.5024484635542,90.5881462214793,140.481184886969,2785.908864201876,2786.3553078032414,0,760.0257225217265,759.9999934565793,0.02572252172649314,-6.543420681737189e-06,-0.1962970078333389,-2.5706830758802463e-06
trained_53tet,53tet-Q4,24000,20260826,765.0,440.0,684.4776923652882,440Hz_ongrid,0,440.0174646717047,342.18638050052243,439.9999989101843,684.4776945210748,62.86099277296963,171.08689546087456,3368.7885894815176,1200.0636960137317,1,-435.3341364197155,765.0000097405964,-1200.3341364197154,9.740596397023182e-06,-1200.2654208872887,5.452582355765957e-06
trained_53tet,53tet-Q4,24000,20260826,765.0,440.0,684.4776923652882,440Hz_ongrid,1,440.0086838589634,342.3418207278343,439.9999989116041,684.4776945165944,62.858459423991484,129.90986958366105,3368.8238128635767,1677.5118043575853,1,-434.51334331557587,765.0000097236779,-1199.5133433155759,9.723677862893965e-06,-1199.479175942933,5.441250298612897e-06
trained_53tet,53tet-Q4,24000,20260826,765.0,440.0,684.4776923652882,440Hz_ongrid,2,440.0054230781242,342.2943275933365,439.99999891659,684.4776945236746,62.862615735951316,94.52272672440382,3368.696514668798,2227.805078086137,1,-434.7407046109684,765.0000097219679,-1199.7407046109684,9.721967899167794e-06,-1199.7193669754195,5.459158093398145e-06
trained_53tet,53tet-Q4,24000,20260826,765.0,440.0,684.4776923652882,440Hz_ongrid,3,440.01404837083373,342.2861192503852,439.99999891612185,684.4776945229901,62.85860970878797,171.19043003916187,3368.8407805429642,1199.5208807985111,1,-434.8161572561326,765.0000097220785,-1199.8161572561326,9.722078516460897e-06,-1199.760883097798,5.457426705446822e-06
trained_53tet,53tet-Q4,24000,20260826,765.0,440.0,684.4776923652882,440Hz_ongrid,4,439.97479475882153,342.30455947149903,439.9999989202063,684.4776945203831,62.85291544392727,131.79536557088068,3368.843167362463,1652.377042205792,1,-434.56844166087205,765.0000096994141,-1199.568441660872,9.699414135866391e-06,-1199.6676176191268,5.450832900489204e-06
trained_53tet,53tet-Q4,24000,20260826,765.0,452.8929,704.5342888195983,452.9Hz_+50c,0,452.91822626260983,352.3996140793914,452.89290105105664,704.5342874686115,90.6048303189597,93.78690922532161,2785.9088723493887,2291.704648521121,1,-434.4459035120051,764.9999926624728,-1199.445903512005,-7.337527222261997e-06,-1199.3490937314539,-3.3197451657498956e-06
trained_53tet,53tet-Q4,24000,20260826,765.0,452.8929,704.5342888195983,452.9Hz_+50c,1,452.8788310299439,352.38020913107533,452.8929010421331,704.5342874716546,90.59013354968455,140.9084182161659,2786.039123175456,1586.8501146030128,1,-434.3906460156612,764.9999927040616,-1199.3906460156613,-7.295938416973513e-06,-1199.4444270714482,-3.312267407247717e-06
trained_53tet,53tet-Q4,24000,20260826,765.0,452.8929,704.5342888195983,452.9Hz_+50c,2,452.8421165630444,352.3889712405115,452.8929010414733,704.5342874691098,90.58793671112554,140.9172760308971,2785.9407514134887,1586.7843362850792,1,-434.20724332544194,764.9999927003305,-1199.207243325442,-7.299669505300699e-06,-1199.4013796096103,-3.318520623932199e-06
trained_53tet,53tet-Q4,24000,20260826,765.0,452.8929,704.5342888195983,452.9Hz_+50c,3,452.852802113489,352.35536824281735,452.8929010399767,704.5342874714547,129.35781833622798,140.90335945711428,2169.2099183608475,1586.7902219384735,1,-434.41318849113196,764.9999927118133,-1199.413188491132,-7.288186679943465e-06,-1199.5664739581387,-3.312758492531692e-06
trained_53tet,53tet-Q4,24000,20260826,765.0,452.8929,704.5342888195983,452.9Hz_+50c,4,452.83130245246144,352.3791421463124,452.8929010462493,704.5342874711457,90.58149285726648,140.9020019832242,2786.022561569737,1586.9237056745237,1,-434.2141895778418,764.9999926870764,-1199.2141895778418,-7.312923571589636e-06,-1199.4496691454924,-3.313517896820139e-06
trained_53tet,53tet-Q4,24000,20260826,770.0,440.0,686.4573988917687,440Hz_ongrid,0,439.9673616699713,343.24350122739014,439.99999890971105,686.4573967982814,62.85035440556788,61.36893667773296,3368.8844622603615,2980.382296618442,1,-429.79691763836416,769.999999010136,-1199.7969176383642,-9.898640200844966e-07,-1199.9253419203035,-5.2797399577452565e-06
trained_53tet,53tet-Q4,24000,20260826,770.0,440.0,686.4573988917687,440Hz_ongrid,1,440.0036229269395,343.25903456389733,439.99999891390934,686.4573967944212,62.85683238454941,62.556103518912025,3368.8487124305357,2947.290161122046,1,-429.86125223570053,769.999998983882,-1199.8612522357005,-1.0161179488932248e-06,-1199.8469974433074,-5.289474978714476e-06
trained_53tet,53tet-Q4,24000,20260826,770.0,440.0,686.4573988917687,440Hz_ongrid,2,440.0073315489533,343.25790889179007,439.9999989157698,686.4573967986412,62.85768622641881,127.78761512281834,3368.8397875012947,1710.6539291849465,1,-429.88152144282594,769.9999989872043,-1199.881521442826,-1.012795678434486e-06,-1199.8526748032002,-5.278832362945427e-06
trained_53tet,53tet-Q4,24000,20260826,770.0,440.0,686.4573988917687,440Hz_ongrid,3,439.98669115066224,343.2662221953473,439.99999891566364,686.457396796067,62.85429594221408,125.70122410638362,3368.851952905819,1739.1950427120291,1,-429.75838076024337,769.9999989811301,-1199.7583807602434,-1.0188698524871143e-06,-1199.8107468547785,-5.285324491186396e-06
trained_53tet,53tet-Q4,24000,20260826,770.0,440.0,686.4573988917687,440Hz_ongrid,4,439.99533961094704,343.3168310500689,439.99999891831715,686.457396793282,62.85547298845253,171.68544414215754,3368.8535622341424,1199.7274285760948,1,-429.5371872359483,769.9999989636657,-1199.5371872359483,-1.0363343108110712e-06,-1199.5555242062646,-5.292348260091588e-06
trained_53tet,53tet-Q4,24000,20260826,770.0,452.8929,706.5720047967043,452.9Hz_+50c,0,452.8460423597523,353.17956607863823,452.89290103765836,706.5720026372513,90.59265486866761,117.72659437102028,2785.8655930539444,1901.9539369950423,1,-430.34252864513564,769.999990742369,-1200.3425286451356,-9.257630949832674e-06,-1200.5216565119727,-5.291065095567299e-06
trained_53tet,53tet-Q4,24000,20260826,770.0,452.8929,706.5720047967043,452.9Hz_+50c,1,452.8890032955859,353.2016872449478,452.8929010476625,706.5720026383411,90.59663751809153,117.73054331974818,2785.953718138291,1902.004297808118,1,-430.39832956396594,769.9999907067972,-1200.398329563966,-9.293202765547903e-06,-1200.4132252189493,-5.28839497549968e-06
trained_53tet,53tet-Q4,24000,20260826,770.0,452.8929,706.5720047967043,452.9Hz_+50c,2,452.8363245271121,353.22214822065973,452.89290104102304,706.5720026399941,129.33626941629726,117.7645662369447,2169.435343820646,1901.604348729901,1,-430.09665810810156,769.9999907362277,-1200.0966581081016,-9.263772312806395e-06,-1200.3129377256312,-5.284344627084419e-06
trained_53tet,53tet-Q4,24000,20260826,770.0,452.8929,706.5720047967043,452.9Hz_+50c,3,452.8311581732509,353.20226124147786,452.8929010479112,706.5720026362857,90.58438167729126,117.70685090158669,2785.9667984297403,1902.355544635752,1,-430.1743805850044,769.9999907008103,-1200.1743805850044,-9.299189741795999e-06,-1200.4104117512752,-5.2934311463902485e-06
trained_53tet,53tet-Q4,24000,20260826,770.0,452.8929,706.5720047967043,452.9Hz_+50c,4,452.8266204012142,353.2630058888018,452.892901051771,706.5720026385213,90.59692142155156,91.46412486746323,2785.7098088565167,2339.3577453210696,1,-429.8593154361958,769.9999906915336,-1199.8593154361959,-9.308466360380407e-06,-1200.1126951984656,-5.287953287051985e-06
trained_53tet,53tet-Q4,24000,20260826,775.0,440.0,688.4428312994206,440Hz_ongrid,0,439.9815617996698,688.4930193343595,439.9999989177555,688.4428292147354,62.85507535843929,125.91853079773807,3368.8103023147546,2941.141696814475,0,775.1987526357427,774.9999990158454,0.1987526357427214,-9.841545534072793e-07,0.1262037515260918,-5.242378650591845e-06
trained_53tet,53tet-Q4,24000,20260826,775.0,440.0,688.4428312994206,440Hz_ongrid,1,439.97966886126216,688.4253629019396,439.99999890725525,688.4428292110896,62.85196493881404,125.25919419317121,3368.8885272222983,2950.0604963152673,0,775.036068700493,774.9999990479915,0.03606870049304689,-9.520084631731152e-07,-0.04392851055872044,-5.251546857273551e-06
trained_53tet,53tet-Q4,24000,20260826,775.0,440.0,688.4428312994206,440Hz_ongrid,2,440.0088367201221,344.20874319498904,439.9999989197476,688.4428292128244,62.85595679381581,125.63987371162436,3368.8933425719874,1744.7872146764078,1,-425.09850508127096,774.9999990032014,-1200.098505081271,-9.96798576125002e-07,-1200.0637362695963,-5.247184174773307e-06
trained_53tet,53tet-Q4,24000,20260826,775.0,440.0,688.4428312994206,440Hz_ongrid,3,439.9952594153871,344.2875295725074,439.9999989183874,688.4428292125883,62.85697898982424,124.88152992709513,3368.8117672546996,1755.6645708118874,1,-424.64886473452725,774.9999990079597,-1199.6488647345273,-9.920403272190015e-07,-1199.6675172474959,-5.2477778978433235e-06
trained_53tet,53tet-Q4,24000,20260826,775.0,440.0,688.4428312994206,440Hz_ongrid,4,439.99848102888797,344.3108805468951,439.99999891065715,688.4428292124792,62.856177223329276,126.32726299262174,3368.846525918667,1735.854897488144,1,-424.5441253369605,774.9999990381009,-1199.5441253369604,-9.61899104368058e-07,-1199.5501019257053,-5.2480523674270015e-06
trained_53tet,53tet-Q4,24000,20260826,775.0,452.8929,708.6156144350123,452.9Hz_+50c,0,452.86550757907025,354.3221540153715,452.8929010406889,708.6156133045496,90.59668166911781,177.15838019241224,2785.8630563236648,1200.0263537230642,1,-424.82518570167576,774.9999932599922,-1199.8251857016758,-6.7400078478385694e-06,-1199.9298994783687,-2.761857675617581e-06
trained_53tet,53tet-Q4,24000,20260826,775.0,452.8929,708.6156144350123,452.9Hz_+50c,1,452.8820919264654,354.3624065778976,452.8929010491691,708.6156133041653,75.4998961260046,93.83800312608578,3101.5067137582305,2300.377610235341,1,-424.691919240748,774.9999932266369,-1199.6919192407481,-6.773363111278741e-06,-1199.733234810455,-2.7627965999273474e-06
trained_53tet,53tet-Q4,24000,20260826,775.0,452.8929,708.6156144350123,452.9Hz_+50c,2,452.8813372723164,708.5895277990782,452.89290104306616,708.6156132974689,90.59433350435052,177.1545543952012,2785.9684419428445,2399.92990621572,0,774.9804663968339,774.9999932336059,-0.01953360316610997,-6.766394108126406e-06,-0.06373399448529533,-2.7791565631770456e-06
trained_53tet,53tet-Q4,24000,20260826,775.0,452.8929,708.6156144350123,452.9Hz_+50c,3,452.90156701211987,354.18659073112724,452.89290104996724,708.6156133044185,90.5978876171332,92.94316203254225,2785.977855811113,2316.1067528628428,1,-425.6255248631899,774.9999932242042,-1200.6255248631899,-6.775795782232308e-06,-1200.5923945515522,-2.762177890131413e-06
trained_53tet,53tet-Q4,24000,20260826,775.0,452.8929,708.6156144350123,452.9Hz_+50c,4,452.88184074397367,354.21868892494297,452.8929010402379,708.6156132998315,90.59221298225832,91.42212426170116,2786.0108896654883,2344.8301026656045,1,-425.3932326421055,774.9999932501889,-1200.3932326421054,-6.749811063855304e-06,-1200.4355084083197,-2.7733846292932157e-06
trained_53tet,53tet-Q4,24000,20260826,780.0,440.0,690.4340061491407,440Hz_ongrid,0,439.9866584754826,345.26110360458495,439.99999891858045,690.4340048838859,62.852271924711474,115.08897574479614,3368.907573978445,1901.9257998315268,1,-419.7263590371053,780.0000010824052,-1199.7263590371053,1.0824052196767298e-06,-1199.7788537000422,-3.1725729606244938e-06
trained_53tet,53tet-Q4,24000,20260826,780.0,440.0,690.4340061491407,440Hz_ongrid,1,439.99372407096683,690.4380607498862,439.9999989114804,690.4340048851768,62.85533468985524,115.09068148665894,3368.851014789763,3101.689161689138,0,780.0348602997308,780.0000011135782,0.03486029973078075,1.1135781505799969e-06,0.01016670991351389,-3.1693360262735204e-06
trained_53tet,53tet-Q4,24000,20260826,780.0,440.0,690.4340061491407,440Hz_ongrid,2,439.9861344416169,345.22579175335363,439.9999989175792,690.4340048848554,62.85399005656427,115.08632312276424,3368.8581876127914,1901.788630164895,1,-419.9013694785527,780.0000010887759,-1199.9013694785526,1.088775889002136e-06,-1199.955926080855,-3.1701419443148253e-06
trained_53tet,53tet-Q4,24000,20260826,780.0,440.0,690.4340061491407,440Hz_ongrid,3,439.9935247898053,690.420795493073,439.99999891480576,690.4340048858444,93.21803008562942,93.44695817160544,2686.56163384147,3462.307573280159,0,779.9923522195056,780.0000011021681,-0.0076477804943806404,1.1021680847989046e-06,-0.033125477882832044,-3.1676621077851534e-06
trained_53tet,53tet-Q4,24000,20260826,780.0,440.0,690.4340061491407,440Hz_ongrid,4,440.0069387193707,345.32612323720474,439.9999989218468,690.4340048834475,62.86043398644987,115.10312874375133,3368.7625644027744,1902.0389110443161,1,-419.48015911835233,780.0000010684543,-1199.4801591183523,1.0684542530725594e-06,-1199.4528580899103,-3.1736721843970273e-06
trained_53tet,53tet-Q4,24000,20260826,780.0,452.8929,710.6651347806867,452.9Hz_+50c,0,452.88127769322506,355.26429732739524,452.892901042458,710.6651369132956,90.58663643396284,92.17077621715045,2786.1153094426263,2335.8136862284496,1,-420.2882258920943,780.0000012102836,-1200.2882258920943,1.2102835853511351e-06,-1200.3326540370208,5.195196775392512e-06
trained_53tet,53tet-Q4,24000,20260826,780.0,452.8929,710.6651347806867,452.9Hz_+50c,1,452.8491937996251,355.25730450402193,452.89290104118015,710.6651369118105,129.32548792197443,93.16861046439814,2169.6288655016588,2317.1381175964448,1,-420.1996510845363,780.0000012115506,-1200.1996510845363,1.2115506251575425e-06,-1200.3667310134058,5.1915786973728975e-06
trained_53tet,53tet-Q4,24000,20260826,780.0,452.8929,710.6651347806867,452.9Hz_+50c,2,452.87702386797656,355.2439609465625,452.89290104219356,710.6651369168012,90.59624340158783,92.37020405149835,2785.9154557175043,2331.9727968233587,1,-420.3710684751596,780.0000012198345,-1200.3710684751595,1.2198345302749658e-06,-1200.4317578392133,5.2037364697407344e-06
trained_53tet,53tet-Q4,24000,20260826,780.0,452.8929,710.6651347806867,452.9Hz_+50c,3,452.84865691643193,355.3150642697788,452.89290104662393,710.6651369179166,90.58311784373466,92.03898887728359,2786.0578515224474,2338.538179468745,1,-419.91614752838706,780.0000012056161,-1199.916147528387,1.2056160585416364e-06,-1200.08527995294,5.206453872367221e-06
trained_53tet,53tet-Q4,24000,20260826,780.0,452.8929,710.6651347806867,452.9Hz_+50c,4,452.8541548559496,355.3814295386595,452.8929010432135,710.6651369157285,90.58933262696418,91.70827669577201,2785.9600964258166,2345.0933362523947,1,-419.61383857799774,780.0000012133223,-1199.6138385779977,1.2133223208365962e-06,-1199.7619525846562,5.201123242543836e-06
trained_53tet,53tet-Q4,24000,20260826,785.0,440.0,692.4309400497243,440Hz_ongrid,0,440.0106798839386,346.2666495804088,439.99999891091994,692.430938994519,62.85994861565045,115.41461472010373,3368.7906517885476,1902.0690251874657,1,-414.7861187774055,785.0000016468672,-1199.7861187774056,1.6468671901748166e-06,-1199.7440979721175,-2.6382519901989133e-06
trained_53tet,53tet-Q4,24000,20260826,785.0,440.0,692.4309400497243,440Hz_ongrid,1,440.0052065145544,692.440104585306,439.99999890583314,692.4309389927962,62.85804381465458,86.55510385706883,3368.8215777008186,3599.9981841825165,0,785.0024277114072,785.0000016625745,0.0024277114072219774,1.6625745047349483e-06,0.022913261280933805,-2.642559509688103e-06
trained_53tet,53tet-Q4,24000,20260826,785.0,440.0,692.4309400497243,440Hz_ongrid,2,439.9846564323883,346.2463491771027,439.99999891088527,692.4309389943064,62.85235047718011,115.40944011522534,3368.8975327505036,1902.0451474894055,1,-414.78522494406525,785.0000016464721,-1199.7852249440652,1.646472128413734e-06,-1199.845597148267,-2.638783630862297e-06
trained_53tet,53tet-Q4,24000,20260826,785.0,440.0,692.4309400497243,440Hz_ongrid,3,439.9714415523758,346.1893540917664,439.9999989078213,692.4309389920875,62.851897051322126,115.4009937678937,3368.858024003098,1901.886854838756,1,-415.0182260443298,785.0000016529798,-1200.0182260443298,1.6529797903785948e-06,-1200.1305964113628,-2.6443314530271287e-06
trained_53tet,53tet-Q4,24000,20260826,785.0,440.0,692.4309400497243,440Hz_ongrid,4,440.0068357122569,346.19024182732176,439.9999989142153,692.430938993114,93.27007219123128,115.39987421112458,2685.6477572459407,1901.9080898065185,1,-415.1530527432513,785.000001630388,-1200.1530527432512,1.630388055673393e-06,-1200.1261570026077,-2.6417649317768844e-06
trained_53tet,53tet-Q4,24000,20260826,785.0,452.8929,712.720582929195,452.9Hz_+50c,0,452.8682559755411,356.320103634684,452.8929010424683,712.7205839882614,90.59061628496165,93.57169865359846,2785.989471764622,2314.8356809172624,1,-415.1010404007805,784.9999985875731,-1200.1010404007804,-1.4124268545856467e-06,-1200.1952475192427,2.5725253626426852e-06
trained_53tet,53tet-Q4,24000,20260826,785.0,452.8929,712.720582929195,452.9Hz_+50c,1,452.8974240166503,356.37145203485466,452.8929010388464,712.7205839859452,90.59286610484084,112.57834956782094,2786.057977658705,1994.9428414902143,1,-414.96307515508033,784.9999985957919,-1199.9630751550803,-1.4042080920262379e-06,-1199.9457816789725,2.566899120613856e-06
trained_53tet,53tet-Q4,24000,20260826,785.0,452.8929,712.720582929195,452.9Hz_+50c,2,452.83646393886625,356.2573462891322,452.8929010422591,712.7205839849933,90.58984938071681,94.11753743532928,2785.8825882523506,2304.4611426440106,1,-415.284443607663,784.9999985804343,-1200.284443607663,-1.4195657058735378e-06,-1200.5001902415836,2.564586887366829e-06
trained_53tet,53tet-Q4,24000,20260826,785.0,452.8929,712.720582929195,452.9Hz_+50c,3,452.85606539068624,356.3053397484277,452.8929010521673,712.7205839850922,90.58554828089312,112.49603759262867,2786.0397236369586,1995.8879012222985,1,-415.12617137224566,784.9999985427993,-1200.1261713722456,-1.4572007103197393e-06,-1200.2669815355468,2.56482714435426e-06
trained_53tet,53tet-Q4,24000,20260826,785.0,452.8929,712.720582929195,452.9Hz_+50c,4,452.84745813182684,356.27981500334056,452.8929010400007,712.7205839881346,64.69418334073413,113.33580830778297,3368.780699162531,1982.8883989913354,1,-415.21729150755937,784.999998596698,-1200.2172915075594,-1.4033020079295966e-06,-1200.3910068748703,2.5722174492875963e-06
trained_53tet,53tet-Q4,24000,20260826,790.0,440.0,694.4336496580046,440Hz_ongrid,0,439.99367168190685,347.212762920957,439.99999891571935,694.4336490688112,93.49576491160863,115.7310474363562,2681.4118227717927,1902.0528337643243,1,-409.9953531962374,790.0000027973668,-1199.9953531962374,2.797366846607474e-06,-1200.020252920199,-1.4688683727194576e-06
trained_53tet,53tet-Q4,24000,20260826,790.0,440.0,694.4336496580046,440Hz_ongrid,1,439.97412535024955,347.1781802358653,439.9999989111428,694.4336490679364,62.85119545583499,173.58943381787915,3368.8879097047843,1199.9965722243223,1,-410.0908839032942,790.0000028131929,-1200.090883903294,2.813192850226187e-06,-1200.1926938846973,-1.4710493295536367e-06
trained_53tet,53tet-Q4,24000,20260826,790.0,440.0,694.4336496580046,440Hz_ongrid,2,440.0075543169001,347.27845131137656,439.9999989102663,694.4336490662014,62.859230082013944,92.43563912262938,3368.7981434576764,2291.4861481936914,1,-409.7224788113255,790.0000028123166,-1199.7224788113256,2.812316552081029e-06,-1199.692755678675,-1.4753747241598284e-06
trained_53tet,53tet-Q4,24000,20260826,790.0,440.0,694.4336496580046,440Hz_ongrid,3,439.99448602251715,347.2169408761126,439.999998916953,694.4336490673406,62.85846446262461,132.1211840426024,3368.7678111603204,1672.7706424016947,1,-409.977725827863,790.0000027888469,-1199.977725827863,2.788846927614941e-06,-1199.9994213855416,-1.472534502150598e-06
trained_53tet,53tet-Q4,24000,20260826,790.0,440.0,694.4336496580046,440Hz_ongrid,4,439.9813339636842,347.2133183551343,439.9999989143363,694.433649068598,62.85547751576302,173.5955380802884,3368.798329137647,1200.1109049564236,1,-409.9440381069866,790.0000028022774,-1199.9440381069867,2.8022774358760216e-06,-1200.0174834776747,-1.4693998211768913e-06
trained_53tet,53tet-Q4,24000,20260826,790.0,452.8929,714.7819760254494,452.9Hz_+50c,0,452.86074733124974,357.3673206311502,452.8929010423702,714.7819749350826,75.48226946689616,131.83198575223545,3101.829349257982,1726.448719951222,1,-409.9917391628922,789.9999933745055,-1199.9917391628921,-6.625494506806717e-06,-1200.114650718581,-2.6409171129170913e-06
trained_53tet,53tet-Q4,24000,20260826,790.0,452.8929,714.7819760254494,452.9Hz_+50c,1,452.8330458831406,357.2151338875851,452.89290104223875,714.7819749312264,90.58527492026066,92.98011681083993,2785.9569439509773,2330.158871992853,1,-410.6232486102635,789.9999933656682,-1200.6232486102635,-6.634331839450169e-06,-1200.852062824333,-2.6502571513829465e-06
trained_53tet,53tet-Q4,24000,20260826,790.0,452.8929,714.7819760254494,452.9Hz_+50c,2,452.87555743972524,357.27825157650864,452.892901049764,714.7819749336046,90.59011417299072,131.42945305463272,2786.0269793754414,1731.311375299707,1,-410.479896417815,789.9999933426622,-1200.4798964178149,-6.657337848992029e-06,-1200.5461915743813,-2.644496942040569e-06
trained_53tet,53tet-Q4,24000,20260826,790.0,452.8929,714.7819760254494,452.9Hz_+50c,3,452.8484922965229,357.51549792683915,452.89290104089105,714.7819749348341,90.58147474222844,128.35346306039875,2786.0886255958753,1773.4602735469362,1,-409.2272060652897,789.9999933795581,-1199.2272060652897,-6.6204419226778555e-06,-1199.3969678295546,-2.641519100826606e-06
trained_53tet,53tet-Q4,24000,20260826,790.0,452.8929,714.7819760254494,452.9Hz_+50c,4,452.89681054935113,714.7593437995937,452.89290103853347,714.7819749321026,90.59482118669,92.53313188926768,2786.018271327322,3539.2987780423255,0,789.930234414453,789.999993381954,-0.06976558554697476,-6.618045972572872e-06,-0.05481713535302872,-2.6481350094579826e-06
trained_53tet,53tet-Q4,24000,20260826,795.0,440.0,696.4421516789907,440Hz_ongrid,0,439.991307229804,696.4294564151979,439.9999989100279,696.442151572753,62.85545289961629,174.13840072191942,3368.8382494031935,2399.6914153415405,0,795.0026446048141,795.0000040245408,0.002644604814122431,4.024540771752072e-06,-0.03155850519580614,-2.6408855893874204e-07
trained_53tet,53tet-Q4,24000,20260826,795.0,440.0,696.4421516789907,440Hz_ongrid,1,440.0029847640206,696.4317045179854,439.9999989200739,696.4421515747877,62.85883216411458,135.11208579505347,3368.7911234746375,2838.9901828283796,0,794.9622860992961,795.0000039900713,-0.037713900703920444,3.990071263615391e-06,-0.025970019852706645,-2.590306688311045e-07
trained_53tet,53tet-Q4,24000,20260826,795.0,440.0,696.4421516789907,440Hz_ongrid,2,440.00038198686207,696.4241876960396,439.9999989125147,696.442151571318,62.86053532295636,174.1371624393473,3368.7339754497593,2399.690628627917,0,794.9538411135533,795.000004011189,-0.04615888644673305,4.011189048469532e-06,-0.04465591286752715,-2.676555102827576e-07
trained_53tet,53tet-Q4,24000,20260826,795.0,440.0,696.4421516789907,440Hz_ongrid,3,440.00439807139503,348.16652934947933,439.99999891836893,696.4421515739052,62.85724362720232,174.08242134711472,3368.84043569178,1200.0083867971914,1,-405.2885120802278,795.0000039945861,-1200.2885120802277,3.99458610900183e-06,-1200.2712074145556,-2.612243112327165e-07
trained_53tet,53tet-Q4,24000,20260826,795.0,440.0,696.4421516789907,440Hz_ongrid,4,440.0008314823701,696.4765079160323,439.9999989181046,696.4421515748234,62.85864051076652,174.16062262231665,3368.787929611888,2399.5874657024656,0,795.0821299564301,795.0000039979083,0.08212995643009435,3.997908265773731e-06,0.08540152286219135,-2.589420620539957e-07
trained_53tet,53tet-Q4,24000,20260826,795.0,452.8929,716.8493312639499,452.9Hz_+50c,0,452.88010336170385,716.8634084783546,452.89290104841365,716.8493282438327,90.5918097683271,92.32012496905172,2786.011953661842,3548.3774055113154,0,795.0829142619788,794.999988698557,0.08291426197877172,-1.1301443009870127e-05,0.033996981708507276,-7.293763935805317e-06
trained_53tet,53tet-Q4,24000,20260826,795.0,452.8929,716.8493312639499,452.9Hz_+50c,1,452.9267784288767,358.35120045761545,452.89290103776887,716.8493282418061,90.60341542618389,120.30901760928697,2785.9685971401695,1889.5552866461499,1,-405.4843812202085,794.9999887343536,-1200.4843812202084,-1.1265646435276722e-05,-1200.3548819588782,-7.298658258975533e-06
trained_53tet,53tet-Q4,24000,20260826,795.0,452.8929,716.8493312639499,452.9Hz_+50c,2,452.8253313410907,716.8721407029228,452.8929010462422,716.8493282447486,64.69156021704976,119.48456569508035,3368.76630339272,3101.869866433051,0,795.313393352063,794.9999887090694,0.31339335206303076,-1.1290930615359684e-05,0.05508528422757141,-7.2915520338636455e-06
trained_53tet,53tet-Q4,24000,20260826,795.0,452.8929,716.8493312639499,452.9Hz_+50c,3,452.85172762228257,358.4752076348426,452.8929010432268,716.8493282430394,90.58497635310506,119.48090188474612,2786.0340710863065,1902.1119743053857,1,-404.5985000862402,794.9999887164682,-1199.5985000862402,-1.1283531762273924e-05,-1199.7558932852958,-7.295679841136791e-06
trained_53tet,53tet-Q4,24000,20260826,795.0,452.8929,716.8493312639499,452.9Hz_+50c,4,452.84936516522197,358.349558641821,452.89290104467574,716.8493282456326,90.58488704853973,119.47780515778614,2786.0267462479023,1901.5499248300757,1,-405.1963889681615,794.9999887171925,-1200.1963889681615,-1.12828074634308e-05,-1200.3628137696642,-7.289417014158392e-06
trained_53tet,53tet-Q4,24000,20260826,800.0,440.0,698.4564628660078,440Hz_ongrid,0,439.9829446536032,698.4637258490316,439.9999989117306,698.456462731335,62.85585009146239,93.39942341621251,3368.794404996795,3483.2395722085016,0,800.0851100066975,800.0000039481222,0.08511000669750501,3.9481221847381676e-06,0.0180023506141823,-3.3380748490009837e-07
trained_53tet,53tet-Q4,24000,20260826,800.0,440.0,698.4564628660078,440Hz_ongrid,1,440.0062909928185,698.438179838814,439.9999989118205,698.4564627311687,93.0919287013681,174.61282965556885,2688.955389264073,2399.96743291532,0,799.9299295452016,800.000003947356,-0.07007045479838325,3.947356049138762e-06,-0.045317947727729235,-3.342197658912189e-07
trained_53tet,53tet-Q4,24000,20260826,800.0,440.0,698.4564628660078,440Hz_ongrid,2,439.9952153913453,698.4465400458602,439.99999890526624,698.4564627314969,62.85730201900063,93.72448283976671,3368.8026970486662,3477.1821950170915,0,799.9942302898295,800.0000039739582,-0.005769710170511644,3.973958200731431e-06,-0.024595443014758456,-3.3340635183321336e-07
trained_53tet,53tet-Q4,24000,20260826,800.0,440.0,698.4564628660078,440Hz_ongrid,3,439.97151640064544,349.24451922752706,439.99999891859585,698.4564627315676,62.85292439200821,174.61931977543475,3368.8300210046627,1200.0291462902128,1,-399.80718232056336,800.0000039216866,-1199.8071823205632,3.92168658436276e-06,-1199.9192581687942,-3.332310603348909e-07
trained_53tet,53tet-Q4,24000,20260826,800.0,440.0,698.4564628660078,440Hz_ongrid,4,439.9917259114889,349.22634573515774,439.9999989180152,698.4564627283333,62.85490172275999,174.6119389741302,3368.855077975521,1200.0122337041576,1,-399.97679229810274,800.0000039159546,-1199.9767922981027,3.915954607691674e-06,-1200.0093480218306,-3.4124776329930947e-07
trained_53tet,53tet-Q4,24000,20260826,800.0,452.8929,718.9226658889285,452.9Hz_+50c,0,452.8346769503145,719.0387505438484,452.89290104114264,718.922667300156,90.59208821204561,90.35126471705115,2785.832971351869,3590.943386191323,0,800.5020987695135,799.999999418485,0.5020987695135091,-5.815149961563293e-07,0.2795203060547109,3.3983701234096947e-06
trained_53tet,53tet-Q4,24000,20260826,800.0,452.8929,718.9226658889285,452.9Hz_+50c,1,452.82707219071125,359.6367784670871,452.892901036668,718.9226673033639,90.59047873228495,92.65817568936122,2785.8346550944784,2347.8604600215754,1,-398.90357468906853,799.9999994433148,-1198.9035746890686,-5.566852223637397e-07,-1199.1552271832518,3.4060948660658133e-06
trained_53tet,53tet-Q4,24000,20260826,800.0,452.8929,718.9226658889285,452.9Hz_+50c,2,452.8399481522865,359.47337973042966,452.89290103858497,718.9226672994027,90.57740689527088,93.44721675392874,2786.133709406298,2332.393605236596,1,-399.7395551354501,799.9999994264479,-1199.73955513545,-5.735521426686319e-07,-1199.9419813630377,3.3965560870526743e-06
trained_53tet,53tet-Q4,24000,20260826,800.0,452.8929,718.9226658889285,452.9Hz_+50c,3,452.87765294074165,718.9296073789769,452.89290104128276,718.9226673019923,90.592212711573,92.26512458514236,2785.9948860245236,3554.3918268075586,0,800.0750002665342,799.9999994223712,0.07500026653417535,-5.776288389824913e-07,0.016715686509166033,3.402792005209815e-06
trained_53tet,53tet-Q4,24000,20260826,800.0,452.8929,718.9226658889285,452.9Hz_+50c,4,452.8778911390086,718.8962328513949,452.8929010408749,718.9226673029962,90.66819970534725,123.10695090047665,2784.544279665339,3055.045586108031,0,799.9937195752378,799.9999994263476,-0.006280424762167058,-5.736524144595023e-07,-0.06365443470467808,3.405209182707781e-06
trained_53tet,53tet-Q4,24000,20260826,805.0,440.0,700.4766000208361,440Hz_ongrid,0,439.97303519632544,700.4617899031992,439.99999891180937,700.4765994247547,62.851873714485784,100.06474172523045,3368.8649375919413,3368.847156652506,0,805.0694958611526,805.000002808399,0.06949586115263173,2.8083990173399798e-06,-0.0366037223463746,-1.4732204839027084e-06
trained_53tet,53tet-Q4,24000,20260826,805.0,440.0,700.4766000208361,440Hz_ongrid,1,440.00496454882466,700.4599279086812,439.99999891524345,700.4765994232496,62.8575897761393,93.71042137629937,3368.833130826042,3482.4253408468053,0,804.9392607214938,805.0000027911674,-0.06073927850616201,2.7911673896596767e-06,-0.04120576151527093,-1.476940430899168e-06
trained_53tet,53tet-Q4,24000,20260826,805.0,440.0,700.4766000208361,440Hz_ongrid,2,439.9855218500809,700.4434480336488,439.9999989105622,700.4765994199494,92.6658732423858,140.09240586577016,2696.815225949006,2786.267788466653,0,804.9750296310626,805.0000028014298,-0.024970368937374587,2.8014297868139693e-06,-0.08193736552403659,-1.4850968673330988e-06
trained_53tet,53tet-Q4,24000,20260826,805.0,440.0,700.4766000208361,440Hz_ongrid,3,440.0053174516737,350.2477890480698,439.999998918684,700.4765994234168,62.85758674251094,140.09698228352462,3368.83460290212,1586.3400761406506,1,-394.9740181965087,805.0000027780435,-1199.9740181965087,2.778043494799931e-06,-1199.9530961561318,-1.4765271888798234e-06
trained_53tet,53tet-Q4,24000,20260826,805.0,440.0,700.4766000208361,440Hz_ongrid,4,440.00237510267215,700.4958724015777,439.999998917408,700.4765994242989,62.85868976076031,93.23880526163089,3368.792646725249,3491.2489516583637,0,805.0382860944796,805.0000027852442,0.03828609447964482,2.7852441917275428e-06,0.04763120247583099,-1.474347000867999e-06
trained_53tet,53tet-Q4,24000,20260826,805.0,452.8929,721.0019971944921,452.9Hz_+50c,0,452.81546317875404,360.48152891144787,452.8929010455948,721.0019962046593,129.29570314954046,120.15044996719055,2169.898673178582,1902.0999434280884,1,-394.7974655344938,804.9999936263592,-1199.7974655344938,-6.373640758283727e-06,-1200.0935018026112,-2.3767370637547046e-06
trained_53tet,53tet-Q4,24000,20260826,805.0,452.8929,721.0019971944921,452.9Hz_+50c,1,452.8382117641728,360.53485084342424,452.89290103787323,721.0019962052241,90.59267645611095,120.17728442839895,2785.8352438274583,1901.9693947483322,1,-394.62837442552586,804.9999936572318,-1199.6283744255259,-6.342768188005721e-06,-1199.8374389808507,-2.375380861108188e-06
trained_53tet,53tet-Q4,24000,20260826,805.0,452.8929,721.0019971944921,452.9Hz_+50c,2,452.85056228716996,360.50725745893084,452.8929010427256,721.0019962023349,90.58415313978597,90.5607027033273,2786.045349139021,2391.685494147257,1,-394.80809509331726,804.9999936317456,-1199.8080950933172,-6.368254389599315e-06,-1199.9699433276487,-2.3823183296914422e-06
trained_53tet,53tet-Q4,24000,20260826,805.0,452.8929,721.0019971944921,452.9Hz_+50c,3,452.88132002978324,360.5112372709568,452.8929010332318,721.0019962029304,90.59790725620267,90.39463289802384,2785.9000839122255,2394.882249564048,1,-394.9065652079935,804.9999936694667,-1199.9065652079935,-6.330533324216958e-06,-1199.950831512519,-2.380888512303763e-06
trained_53tet,53tet-Q4,24000,20260826,805.0,452.8929,721.0019971944921,452.9Hz_+50c,4,452.85898730534046,360.53351660044217,452.8929010343301,721.0019962028549,90.59001741779477,90.22490436621327,2785.9654836422,2398.242924239714,1,-394.7142058831049,804.9999936650869,-1199.714205883105,-6.334913109640183e-06,-1199.8438458265384,-2.3810697621755977e-06
trained_53tet,53tet-Q4,24000,20260826,810.0,440.0,702.502579993852,440Hz_ongrid,0,439.9914917445245,351.2286890641195,439.9999989142713,702.5025789455176,93.018688596377,140.4885586799937,2690.2597446820328,1586.349658878852,1,-390.077921105216,810.0000016884376,-1200.0779211052159,1.6884375781955896e-06,-1200.1113982052016,-2.5834955005439765e-06
trained_53tet,53tet-Q4,24000,20260826,810.0,440.0,702.502579993852,440Hz_ongrid,1,439.99960296746684,351.11691519006877,439.9999989167683,702.5025789514546,62.85865877596079,140.4929366541669,3368.7825928169837,1585.744680176233,1,-390.66086599998664,810.000001693244,-1200.6608659999865,1.693244030320784e-06,-1200.6624281739644,-2.5688646187883914e-06
trained_53tet,53tet-Q4,24000,20260826,810.0,440.0,702.502579993852,440Hz_ongrid,2,440.01502247156515,702.5917302333374,439.9999989038384,702.5025789469299,62.860713368962,94.30653400390648,3368.786675691323,3476.7083512458707,0,810.1605794712942,810.0000017329678,0.160579471294227,1.7329678030364448e-06,0.21968622200426818,-2.580014849505331e-06
trained_53tet,53tet-Q4,24000,20260826,810.0,440.0,702.502579993852,440Hz_ongrid,3,439.98616076919774,351.2047492213404,439.99999891542996,702.5025789476705,93.38521452841414,140.49953503420758,2683.430510140608,1586.0963976498783,1,-390.17495059963295,810.0000016891845,-1200.174950599633,1.6891845007194206e-06,-1200.2294036095732,-2.5781898574233887e-06
trained_53tet,53tet-Q4,24000,20260826,810.0,440.0,702.502579993852,440Hz_ongrid,4,439.98490444968166,351.13468816050084,439.9999989126432,702.5025789507299,62.85669974062642,140.49814679918467,3368.778714670765,1585.7681090399199,1,-390.5154018079839,810.0000017076887,-1200.5154018079838,1.7076887388611794e-06,-1200.574798123923,-2.5706504009298587e-06
trained_53tet,53tet-Q4,24000,20260826,810.0,452.8929,723.0873425247672,452.9Hz_+50c,0,452.86516417625654,361.5447810571217,452.8929010379703,723.0873441895978,64.69440934799515,90.39967274321117,3368.8423399717867,2399.7418750622396,1,-389.88865925828463,810.0000000182215,-1199.8886592582846,1.8221498976345174e-08,-1199.9946858107553,3.985979514959566e-06
trained_53tet,53tet-Q4,24000,20260826,810.0,452.8929,723.0873425247672,452.9Hz_+50c,1,452.87348007279985,722.9857320674079,452.892901048925,723.0873441898574,129.35294378628618,90.38086058961221,2169.354206157067,3599.8535723913533,0,809.8309410195824,809.9999999769672,-0.16905898041761702,-2.3032839635561686e-08,-0.24329542801410367,3.986601107836935e-06
trained_53tet,53tet-Q4,24000,20260826,810.0,452.8929,723.0873425247672,452.9Hz_+50c,2,452.8739531290221,361.6393901133652,452.89290104395695,723.0873441906241,90.58640959686716,90.407598058508,2786.09164469857,2400.0430750335545,1,-389.4692876025675,809.9999999977939,-1199.4692876025674,-2.206093085987959e-09,-1199.5417156629487,3.988436671219393e-06
trained_53tet,53tet-Q4,24000,20260826,810.0,452.8929,723.0873425247672,452.9Hz_+50c,3,452.8643368430667,361.6568973710375,452.8929010415623,723.0873441908707,129.36585317901591,120.54358043316618,2169.1464851600103,1902.08021324076,1,-389.34871791676346,810.0000000075381,-1199.3487179167635,7.538119461969472e-09,-1199.4579072399874,3.989027126791216e-06
trained_53tet,53tet-Q4,24000,20260826,810.0,452.8929,723.0873425247672,452.9Hz_+50c,4,452.8696354455925,361.6553985347913,452.89290103613695,723.0873441893656,90.58674103384675,90.40025900467239,2786.068804882292,2400.26025137019,1,-389.3761484512485,810.0000000246737,-1199.3761484512486,2.467368176439777e-08,-1199.465082111362,3.985423656393904e-06
trained_53tet,53tet-Q4,24000,20260826,815.0,440.0,704.5344196841672,440Hz_ongrid,0,439.9902831172422,352.3491238960183,439.99999891283164,704.5344183279723,93.10814858920568,140.90297428774502,2688.590788485873,1586.7642736617968,1,-384.55924357200456,815.000000945055,-1199.5592435720046,9.45055035117548e-07,-1199.5974762629887,-3.332542406177512e-06
trained_53tet,53tet-Q4,24000,20260826,815.0,440.0,704.5344196841672,440Hz_ongrid,1,440.0035974771778,352.3017687540525,439.9999989067777,704.5344183290233,62.85805237706079,140.8864709010633,3368.8150109834687,1586.734367229574,1,-384.8443215629748,815.0000009714577,-1199.8443215629748,9.71457666310016e-07,-1199.830166904974,-3.329959739656637e-06
trained_53tet,53tet-Q4,24000,20260826,815.0,440.0,704.5344196841672,440Hz_ongrid,2,439.99981058353706,704.5265984981779,439.9999989206458,704.5344183296583,62.856424172513755,140.90897505016423,3368.844955570473,2786.2688029613446,0,814.9815263795384,815.0000009184523,-0.01847362046157741,9.184523150906898e-07,-0.019218902963341323,-3.3283996068777487e-06
trained_53tet,53tet-Q4,24000,20260826,815.0,440.0,704.5344196841672,440Hz_ongrid,3,439.98393922657164,704.5649479129266,439.99999891593154,704.5344183254813,62.85497150826665,140.91079027610584,3368.822517334948,2786.3407343970525,0,815.1382088341649,815.000000926737,0.13820883416485685,9.267370160159771e-07,0.0750145948675645,-3.338663577621325e-06
trained_53tet,53tet-Q4,24000,20260826,815.0,440.0,704.5344196841672,440Hz_ongrid,4,439.9811296871155,352.2015126854855,439.9999989138578,704.5344183257129,93.55018608613861,140.8929837487407,2680.35506534708,1586.161603207761,1,-385.24865277290723,815.0000009354656,-1200.2486527729072,9.354655503557296e-07,-1200.3229019291336,-3.3380944568675604e-06
trained_53tet,53tet-Q4,24000,20260826,815.0,452.8929,725.1787192740445,452.9Hz_+50c,0,452.8652574925044,362.7236931271406,452.8929010493575,725.1787199729243,90.58978037964383,90.66422479519734,2785.993983725716,2400.318828366096,1,-384.2530547655749,814.9999976571635,-1199.253054765575,-2.3428365238942206e-06,-1199.3587245843828,1.6684502354574632e-06
trained_53tet,53tet-Q4,24000,20260826,815.0,452.8929,725.1787192740445,452.9Hz_+50c,1,452.83887810100896,362.65196570444965,452.89290103960036,725.1787199735536,90.59178166754181,90.65190882220809,2785.8548908537387,2400.2116382186914,1,-384.49458720046886,814.9999976959633,-1199.494587200469,-2.3040366841087234e-06,-1199.7011043025527,1.6699525143492442e-06
trained_53tet,53tet-Q4,24000,20260826,815.0,452.8929,725.1787192740445,452.9Hz_+50c,2,452.85043015553987,362.62323389352946,452.892901047004,725.1787199727726,90.59101888431861,120.86717404747685,2785.9136316462973,1902.0586601033426,1,-384.67591676846973,814.9999976657974,-1199.6759167684697,-2.3342025770034525e-06,-1199.8382701381142,1.668087735714641e-06
trained_53tet,53tet-Q4,24000,20260826,815.0,452.8929,725.1787192740445,452.9Hz_+50c,3,452.8885376462191,362.67254526275514,452.89290104523565,725.1787199726961,90.58943956142072,90.6683676237934,2786.0894911630485,2399.9955833661966,1,-384.5861883803495,814.9999976723744,-1199.5861883803495,-2.3276255660675815e-06,-1199.6028640486413,1.6679051404040995e-06
trained_53tet,53tet-Q4,24000,20260826,815.0,452.8929,725.1787192740445,452.9Hz_+50c,4,452.8600489290957,362.683572680908,452.89290103995285,725.1787199743127,90.59783773543685,90.65731105083339,2785.8200972204486,2400.259351022614,1,-384.4246434938858,814.999997696428,-1199.424643493886,-2.303572046002955e-06,-1199.5502249619674,1.671764628652173e-06
trained_53tet,53tet-Q4,24000,20260826,820.0,440.0,706.5721360397713,440Hz_ongrid,0,439.99161541012995,353.26437506288346,439.9999989044242,706.5721338782605,62.85653639938137,90.8976243323681,3368.8096193144884,2350.120528503179,1,-380.0733163646502,819.9999990145715,-1200.0733163646503,-9.854285281107877e-07,-1200.1063068777796,-5.296106263803237e-06
trained_53tet,53tet-Q4,24000,20260826,820.0,440.0,706.5721360397713,440Hz_ongrid,1,440.01721349993204,353.20346452658544,439.9999989189582,706.5721338751976,93.24052457341367,117.74914119452104,2686.237124318375,1901.7395480502414,1,-380.47256268981266,819.9999989498807,-1200.4725626898125,-1.050119294632168e-06,-1200.4048353846358,-5.303610931096698e-06
trained_53tet,53tet-Q4,24000,20260826,820.0,440.0,706.5721360397713,440Hz_ongrid,2,439.99076382596667,353.1728454463179,439.99999891466655,706.5721338815041,62.856318115276984,117.73159321338036,3368.812280712699,1901.8474839808387,1,-380.51858069944825,819.999998982219,-1200.5185806994482,-1.0177809599554166e-06,-1200.5549219421691,-5.288158754828567e-06
trained_53tet,53tet-Q4,24000,20260826,820.0,440.0,706.5721360397713,440Hz_ongrid,3,440.027762316618,353.24088641018784,439.9999989138763,706.5721338766998,62.861471394552666,92.29032244425328,3368.8159232377793,2323.6812714961898,1,-380.33065176738484,819.9999989735568,-1200.3306517673848,-1.0264432148687774e-06,-1200.2214209683484,-5.299930194032542e-06
trained_53tet,53tet-Q4,24000,20260826,820.0,440.0,706.5721360397713,440Hz_ongrid,4,439.9915289034696,353.18583509782366,439.9999989121282,706.5721338791025,62.85642411882018,141.31473139444924,3368.8123714411086,1585.8187387504158,1,-380.4579176583192,819.999998986322,-1200.4579176583193,-1.0136780019820435e-06,-1200.4912485490497,-5.294043321196999e-06
trained_53tet,53tet-Q4,24000,20260826,820.0,452.8929,727.2761448869239,452.9Hz_+50c,0,452.91175224312366,363.8655872502487,452.8929010449853,727.2761427819751,90.59382477907478,90.92446593730638,2786.094427288474,2400.79819468816,1,-378.9892333223437,819.9999909947306,-1198.9892333223438,-9.005269362205581e-06,-1198.9171700024638,-5.010695376883006e-06
trained_53tet,53tet-Q4,24000,20260826,820.0,452.8929,727.2761448869239,452.9Hz_+50c,1,452.82199647048463,363.8485882736906,452.89290104590077,727.2761427822985,90.58719110625545,90.92264171404045,2785.878079141786,2400.752047668859,1,-378.7269932926175,819.9999909920012,-1198.7269932926174,-9.007998755805602e-06,-1198.9980512275706,-5.00992540128632e-06
trained_53tet,53tet-Q4,24000,20260826,820.0,452.8929,727.2761448869239,452.9Hz_+50c,2,452.86201910238634,363.7049880413474,452.8929010446145,727.2761427815178,90.58598657849443,90.927145156652,2786.0541075264055,2399.98289939535,1,-379.56340303202654,819.9999909950599,-1199.5634030320266,-9.00494012512354e-06,-1199.6814527611702,-5.011783644938031e-06
trained_53tet,53tet-Q4,24000,20260826,820.0,452.8929,727.2761448869239,452.9Hz_+50c,3,452.8940725252689,727.271363612242,452.89290103682697,727.276142781503,90.60027082540925,90.9219817296316,2785.9036675013376,3599.7512839771343,0,819.9841363420545,819.9999910247933,-0.01586365794548783,-8.975206696959503e-06,-0.011381554028280304,-5.011818818561145e-06
trained_53tet,53tet-Q4,24000,20260826,820.0,452.8929,727.2761448869239,452.9Hz_+50c,4,452.85302172522404,363.7980327720851,452.89290103883513,727.2761427813848,90.59631607848044,90.92967905759625,2785.82231037264,2400.377490960525,1,-379.08617101567415,819.9999910168356,-1199.0861710156742,-8.983164434539503e-06,-1199.2386169179938,-5.012100399751645e-06
trained_53tet,53tet-Q4,24000,20260826,825.0,440.0,708.6157460576719,440Hz_ongrid,0,439.9935908086983,354.29561171245865,439.99999890754395,708.6157449784045,62.85508846261117,177.14737442165867,3368.857272333179,1200.0042163385801,1,-375.03469486295364,825.0000016616215,-1200.0346948629535,1.661621467974328e-06,-1200.0599127970945,-2.6367810408146506e-06
trained_53tet,53tet-Q4,24000,20260826,825.0,440.0,708.6157460576719,440Hz_ongrid,1,439.98659243066686,354.3100218311975,439.99999891978956,708.6157449838091,93.51268487966716,94.1777953811198,2681.070694152325,2293.864100919874,1,-374.9367459309774,825.0000016266438,-1199.9367459309774,1.6266437796730315e-06,-1199.9895004632538,-2.6235767089514556e-06
trained_53tet,53tet-Q4,24000,20260826,825.0,440.0,708.6157460576719,440Hz_ongrid,2,439.9889726407026,354.28690440689246,439.9999989103227,708.6157449835888,62.85437259499935,92.77791939275025,3368.8588186639627,2319.677689796736,1,-375.0590717520133,825.0000016633542,-1200.0590717520133,1.6633541690680431e-06,-1200.1024607954705,-2.6241150768105026e-06
trained_53tet,53tet-Q4,24000,20260826,825.0,440.0,708.6157460576719,440Hz_ongrid,3,440.0022157993224,354.22747812167177,439.9999989167408,708.6157449836868,62.85584796712136,92.35234904317275,3368.870289476116,2327.3466797152832,1,-375.40159186802526,825.0000016383407,-1200.4015918680252,1.6383406773456954e-06,-1200.3928735553575,-2.6238755886447144e-06
trained_53tet,53tet-Q4,24000,20260826,825.0,440.0,708.6157460576719,440Hz_ongrid,4,439.98986425449755,354.3071673986215,439.9999989100995,708.6157449807403,93.08764992499403,118.09516565713038,2688.970330353512,1902.0608912686534,1,-374.96356708841466,825.000001657273,-1199.9635670884147,1.6572729464314762e-06,-1200.0034478835012,-2.6310744568320733e-06
trained_53tet,53tet-Q4,24000,20260826,825.0,452.8929,729.3796368584605,452.9Hz_+50c,0,452.830666244914,364.90924947215456,452.892901050847,729.3796378405251,90.57872566904943,91.16599764977583,2786.073017810364,2401.163969577105,1,-373.72073124522876,824.9999983140191,-1198.7207312452288,-1.6859809193192632e-06,-1198.958643120311,2.3309998183031025e-06
trained_53tet,53tet-Q4,24000,20260826,825.0,452.8929,729.3796368584605,452.9Hz_+50c,1,452.8759902178617,364.9538422699446,452.8929010488755,729.3796378415186,90.58979336800566,91.17950682707949,2786.034764576963,2401.1189986131617,1,-373.6824542836196,824.9999983239136,-1198.6824542836196,-1.6760864127718378e-06,-1198.7470950345214,2.3333577964808544e-06
trained_53tet,53tet-Q4,24000,20260826,825.0,452.8929,729.3796368584605,452.9Hz_+50c,2,452.8297981424104,364.7337722474088,452.89290104937186,729.3796378397032,90.58538735673905,138.08436871239803,2785.9423785660015,1681.5525321424943,1,-374.550126839578,824.9999983177067,-1199.550126839578,-1.6822932593640871e-06,-1199.79135759336,2.3290489315649047e-06
trained_53tet,53tet-Q4,24000,20260826,825.0,452.8929,729.3796368584605,452.9Hz_+50c,3,452.8600760511072,364.78514614723906,452.89290103752717,729.3796378417235,90.59106062976409,91.19268465182424,2785.949709458754,2400.068378102995,1,-374.4220472167109,824.9999983677798,-1199.4220472167108,-1.6322202327501145e-06,-1199.547525000335,2.3338440766234783e-06
trained_53tet,53tet-Q4,24000,20260826,825.0,452.8929,729.3796368584605,452.9Hz_+50c,4,452.89628148002663,364.72144729492493,452.8929010474769,729.379637840929,90.59852378309505,91.18944343249885,2785.9454950931854,2399.8275768260023,1,-374.8627858597681,824.9999983278602,-1199.862785859768,-1.6721397742003319e-06,-1199.849859820292,2.3319585397858737e-06
trained_53tet,53tet-Q4,24000,20260826,830.0,440.0,710.6652667840369,440Hz_ongrid,0,439.98376007345723,355.27932397216193,439.99999890852195,710.6652689163739,93.50382418994442,94.33318335281936,2681.223598435111,2295.7397671878107,1,-370.1958518340374,830.0000094890873,-1200.1958518340375,9.489087346992164e-06,-1200.2597509991447,5.1945332816970335e-06
trained_53tet,53tet-Q4,24000,20260826,830.0,440.0,710.6652667840369,440Hz_ongrid,1,440.01352989352495,355.2557569774113,439.99999892007224,710.6652689163095,93.14742435498214,93.44180358568123,2687.952123740483,2312.061603238952,1,-370.4278281907647,830.0000094434848,-1200.4278281907648,9.443484827897919e-06,-1200.3745939811604,5.1943764419358776e-06
trained_53tet,53tet-Q4,24000,20260826,830.0,440.0,710.6652667840369,440Hz_ongrid,2,440.00046391108754,355.29443454320347,439.9999989103123,710.6652689124357,62.856275219232046,94.07465632758807,3368.8516287438297,2300.5644851822954,1,-370.1879458568888,830.0000094724495,-1200.1879458568887,9.472449505665281e-06,-1200.1861205426906,5.184939531895108e-06
trained_53tet,53tet-Q4,24000,20260826,830.0,440.0,710.6652667840369,440Hz_ongrid,3,440.0040430950991,355.29138936551146,439.9999989218183,710.6652689105827,62.858877395516366,93.10700960011513,3368.794041829397,2318.449240673496,1,-370.2168667464913,830.0000094226634,-1200.2168667464912,9.422663424629718e-06,-1200.2009587652628,5.180425391416505e-06
trained_53tet,53tet-Q4,24000,20260826,830.0,440.0,710.6652667840369,440Hz_ongrid,4,440.00382822293756,355.3216091965951,439.9999989110011,710.6652689122296,62.85852284759717,93.0943932175483,3368.8029612405066,2318.831092293022,1,-370.0687749197678,830.0000094692373,-1200.0687749197677,9.469237284065457e-06,-1200.0537123718914,5.184437490894934e-06
trained_53tet,53tet-Q4,24000,20260826,830.0,452.8929,731.4892127343095,452.9Hz_+50c,0,452.8638800215908,365.7908516084768,452.89290104220663,731.4892104350699,90.59039067349907,91.44338507866584,2785.977054755763,2400.0819337343914,1,-369.6701785839523,829.9999905743795,-1199.6701785839523,-9.425620532965695e-06,-1199.7811142696696,-5.4416685550803405e-06
trained_53tet,53tet-Q4,24000,20260826,830.0,452.8929,731.4892127343095,452.9Hz_+50c,1,452.8338682282147,365.6687758929421,452.892901051993,731.4892104352075,90.58775839159469,91.43471710488174,2785.9126252864085,2399.6681834817455,1,-370.13330672841795,829.9999905372954,-1200.133306728418,-9.462704610996298e-06,-1200.3589770233039,-5.44134295880947e-06
trained_53tet,53tet-Q4,24000,20260826,830.0,452.8929,731.4892127343095,452.9Hz_+50c,2,452.8675204241475,365.7741095584664,452.8929010440807,731.4892104342621,90.59499408968362,131.95663425495877,2785.902999765337,1765.0668906476337,1,-369.76333473015785,829.9999905653036,-1199.7633347301578,-9.434696380594687e-06,-1199.860353731844,-5.443580424092358e-06
trained_53tet,53tet-Q4,24000,20260826,830.0,452.8929,731.4892127343095,452.9Hz_+50c,3,452.86569715837646,365.9197966298625,452.8929010487349,731.4892104351493,90.58461533932041,91.45362849253469,2786.094374846079,2400.498183354006,1,-369.0669550317067,829.999990549612,-1199.0669550317066,-9.450388006371213e-06,-1199.170944076496,-5.441480770218097e-06
trained_53tet,53tet-Q4,24000,20260826,830.0,452.8929,731.4892127343095,452.9Hz_+50c,4,452.87108887028205,365.883880838032,452.89290104555016,731.4892104346694,90.59063676051528,91.43970334973355,2785.9999100803248,2400.5918763702834,1,-369.25749914753726,829.9999905606504,-1199.2574991475371,-9.439349582862633e-06,-1199.3408766518046,-5.442616513054329e-06
trained_53tet,53tet-Q4,24000,20260826,835.0,440.0,712.720715314337,440Hz_ongrid,0,439.9834682032296,356.20934893995036,439.9999989122719,712.7207163747929,62.854153805949274,112.51433128084685,3368.8431863431124,1995.139929516376,1,-365.6687232350594,835.0000068557,-1200.6687232350594,6.855700007690757e-06,-1200.733770842199,2.5759001083909063e-06
trained_53tet,53tet-Q4,24000,20260826,835.0,440.0,712.720715314337,440Hz_ongrid,1,439.97466475853463,712.677303470648,439.9999989215312,712.7207163741122,62.85044905666539,132.894049243349,3368.9105918583714,2907.566970038237,0,834.9942347516749,835.0000068176146,-0.005765248325133143,6.8176145759935025e-06,-0.10545273805614931,2.5742467559062166e-06
trained_53tet,53tet-Q4,24000,20260826,835.0,440.0,712.720715314337,440Hz_ongrid,2,439.98920135545717,356.37907978954047,439.99999891502887,712.7207163718174,62.854482881017745,94.40647690753127,3368.85668092416,2299.7458842927335,1,-364.8665592937702,835.0000068376247,-1199.8665592937703,6.837624709987722e-06,-1199.9090484086103,2.568672409386678e-06
trained_53tet,53tet-Q4,24000,20260826,835.0,440.0,712.720715314337,440Hz_ongrid,3,439.9805774336942,356.3758083020733,439.99999890917184,712.7207163718792,93.49970337555985,112.74137568600783,2681.287374473651,1992.4587956433259,1,-364.84851869829515,835.00000686082,-1199.8485186982953,6.860820008114388e-06,-1199.9249408580033,2.568822714158014e-06
trained_53tet,53tet-Q4,24000,20260826,835.0,440.0,712.720715314337,440Hz_ongrid,4,439.9854167359457,712.7415211570852,439.99999891608206,712.7207163727634,62.85557783408437,130.2894336015507,3368.811630839305,2941.990661898333,0,835.107918283433,835.0000068357785,0.10791828343303678,6.8357785494299605e-06,0.05053768871060277,2.570970419420043e-06
trained_53tet,53tet-Q4,24000,20260826,835.0,452.8929,733.6048901108738,452.9Hz_+50c,0,452.8630241863178,366.86196598123894,452.89290103967187,733.6048907156814,90.58359161108093,91.71133894271699,2786.1037218544234,2400.0783859201315,1,-364.60488852112496,834.9999974530228,-1199.6048885211248,-2.546977157180663e-06,-1199.7190959461673,1.427285268678725e-06
trained_53tet,53tet-Q4,24000,20260826,835.0,452.8929,733.6048901108738,452.9Hz_+50c,1,452.86281135658527,366.79882447549215,452.89290104386606,733.6048907154557,90.59084453575387,91.6921272576808,2785.9642958520876,2400.1430901509084,1,-364.9020674517713,834.9999974364571,-1199.9020674517712,-2.5635429210524308e-06,-1200.0170884962665,1.4267524747830496e-06
trained_53tet,53tet-Q4,24000,20260826,835.0,452.8929,733.6048901108738,452.9Hz_+50c,2,452.84432082140813,366.9142603984445,452.89290103653195,733.6048907149308,90.58588437161238,91.72260474030364,2785.988401249206,2400.1124961698574,1,-364.2866250719959,834.999997463254,-1199.2866250719958,-2.536746023906744e-06,-1199.472334406229,1.4255139019606348e-06
trained_53tet,53tet-Q4,24000,20260826,835.0,452.8929,733.6048901108738,452.9Hz_+50c,3,452.84576546764544,366.8970626730508,452.892901038671,733.6048907164846,129.37384552526524,91.71882249052292,2168.9685340623214,2400.102739380759,1,-364.37329496212703,834.9999974587439,-1199.3732949621271,-2.5412560944459983e-06,-1199.5534813900313,1.4291808002079983e-06
trained_53tet,53tet-Q4,24000,20260826,835.0,452.8929,733.6048901108738,452.9Hz_+50c,4,452.81629778619424,366.78419778204443,452.89290103754814,733.6048907147884,90.58090235837878,122.28191823277774,2785.976481708657,1901.6644744785506,1,-364.7932802720402,834.9999974590335,-1199.7932802720402,-2.5409665340703214e-06,-1200.0861256166934,1.4251779265891911e-06
trained_53tet,53tet-Q4,24000,20260826,840.0,440.0,714.7821087934872,440Hz_ongrid,0,439.9571006681489,357.36580228101406,439.99999891037436,714.782107704367,62.85021804582112,94.37119941888203,3368.847841701321,2305.1796473897984,1,-359.9535268959562,840.0000016493684,-1199.9535268959562,1.64936841429153e-06,-1200.1223278158766,-2.637897370884401e-06
trained_53tet,53tet-Q4,24000,20260826,840.0,440.0,714.7821087934872,440Hz_ongrid,1,439.99757608865275,357.32869695264776,439.99999891989546,714.7821077004434,62.85629908112428,91.34554247310032,3368.8396090046463,2361.4146559727633,1,-360.2925541563742,840.0000016024032,-1200.292554156374,1.6024032447603531e-06,-1200.3020913595897,-2.647400784102185e-06
trained_53tet,53tet-Q4,24000,20260826,840.0,440.0,714.7821087934872,440Hz_ongrid,2,440.0050888894053,357.3430672197455,439.99999891352076,714.7821076984891,62.85817838583795,91.18763657863053,3368.8174085447663,2364.479591965796,1,-360.2524925047031,840.0000016227517,-1200.2524925047032,1.622751710783632e-06,-1200.2324697600127,-2.652134038974406e-06
trained_53tet,53tet-Q4,24000,20260826,840.0,440.0,714.7821087934872,440Hz_ongrid,3,439.9883122079507,357.36193518217044,439.99999891353474,714.7821076996347,62.85447967961082,93.04511221850231,3368.8532705527114,2329.6604418132015,1,-360.0950741472785,840.0000016254716,-1200.0950741472784,1.625471554689284e-06,-1200.141061811602,-2.649359359069614e-06
trained_53tet,53tet-Q4,24000,20260826,840.0,440.0,714.7821087934872,440Hz_ongrid,4,439.9836329466992,714.811298392539,439.999998910391,714.7821076994798,62.85718887131049,91.29459616063318,3368.760239751337,3562.753278015363,0,840.1350964427365,840.0000016374656,0.13509644273653976,1.6374656297557522e-06,0.07069706324931278,-2.6497345443823144e-06
trained_53tet,53tet-Q4,24000,20260826,840.0,452.8929,735.7266866354498,452.9Hz_+50c,0,452.88007504169417,367.82832742863536,452.8929010446972,735.7266896996442,90.60070257974837,91.96910662327102,2785.841909705377,2399.7736300118313,1,-360.11577366052563,840.0000032168646,-1200.1157736605255,3.2168645702768117e-06,-1200.1647992002804,7.210337453398172e-06
trained_53tet,53tet-Q4,24000,20260826,840.0,452.8929,735.7266866354498,452.9Hz_+50c,1,452.8806289548733,367.8402191843969,452.8929010323032,735.726689699881,90.59137934766439,122.60855121955932,2786.0221883315685,1902.0235546341605,1,-360.06192185353405,840.0000032647995,-1200.061921853534,3.264799488533754e-06,-1200.1088299391936,7.210894849607514e-06
trained_53tet,53tet-Q4,24000,20260826,840.0,452.8929,735.7266866354498,452.9Hz_+50c,2,452.8595985818172,367.9479327637688,452.89290104078594,735.726689699859,90.58227671127037,122.65610874683867,2786.115756736576,1901.8590500533196,1,-359.4746488312538,840.0000032323214,-1199.4746488312537,3.2323214327334426e-06,-1199.6019519281958,7.210842954098369e-06
trained_53tet,53tet-Q4,24000,20260826,840.0,452.8929,735.7266866354498,452.9Hz_+50c,3,452.83513915284306,367.8422212446185,452.8929010482802,735.7266897005441,90.58395501299914,91.94981633369575,2785.990172538105,2400.2021820007626,1,-359.8785958847061,840.0000032052858,-1199.878595884706,3.2052857932285406e-06,-1200.0994073007466,7.212454790171315e-06
trained_53tet,53tet-Q4,24000,20260826,840.0,452.8929,735.7266866354498,452.9Hz_+50c,4,452.9145265764099,367.86077314558116,452.89290104061814,735.7266897002581,90.60080123491807,91.95531248289676,2785.9717181511583,2400.1860149676477,1,-360.09476380252727,840.0000032339021,-1200.0947638025273,3.233902134525124e-06,-1200.0120957555355,7.211782070608315e-06
trained_53tet,53tet-Q4,24000,20260826,845.0,440.0,716.8494644159914,440Hz_ongrid,0,439.99690059725214,358.43866090408466,439.9999989093662,716.849461419154,62.85682261562483,89.61207542910886,3368.822531674939,2399.953436166443,1,-354.92052902611096,844.9999970536925,-1199.920529026111,-2.9463075179592124e-06,-1199.9327240499013,-7.237540532932373e-06
trained_53tet,53tet-Q4,24000,20260826,845.0,440.0,716.8494644159914,440Hz_ongrid,1,439.99566142431684,716.8841219436558,439.99999891576846,716.8494614158918,62.85460669169562,92.68789061122526,3368.878689116668,3541.5445993568933,0,845.1007687084062,844.9999970206237,0.10076870840623542,-2.979376290568325e-06,0.0836979652727979,-7.245418847903219e-06
trained_53tet,53tet-Q4,24000,20260826,845.0,440.0,716.8494644159914,440Hz_ongrid,2,440.0059357048158,358.52275163791586,439.9999989093974,716.8494614148176,62.860604012233296,92.74670604246252,3368.7539353167326,2340.836069826744,1,-354.5499738332381,844.9999970430971,-1199.549973833238,-2.9569029038611916e-06,-1199.5266192310353,-7.248013046765397e-06
trained_53tet,53tet-Q4,24000,20260826,845.0,440.0,716.8494644159914,440Hz_ongrid,3,439.9906776342643,716.8736905204654,439.99999890404644,716.8494614185056,62.85717598749425,92.37131678144897,3368.7883135995908,3547.4425276849993,0,845.0951868748281,844.9999970730579,0.09518687482807309,-2.9269421020217123e-06,0.05850649311355987,-7.239106431882515e-06
trained_53tet,53tet-Q4,24000,20260826,845.0,440.0,716.8494644159914,440Hz_ongrid,4,439.9819851913113,358.36401017162575,439.9999989089151,716.8494614181132,62.85368452800326,93.93795265343326,3368.8502767064433,2317.974841813199,1,-355.2224365694961,844.999997052954,-1200.222436569496,-2.947046027657052e-06,-1200.29331949828,-7.240054197651897e-06
trained_53tet,53tet-Q4,24000,20260826,845.0,452.8929,737.8546200063753,452.9Hz_+50c,0,452.88651474895966,368.91390401289107,452.8929010439311,737.8546189142569,90.59502445035935,122.9656383877835,2785.975030074424,1902.0347277385097,1,-355.0385017898306,844.9999934470103,-1200.0385017898307,-6.552989702868217e-06,-1200.062910302175,-2.562445913093185e-06
trained_53tet,53tet-Q4,24000,20260826,845.0,452.8929,737.8546200063753,452.9Hz_+50c,1,452.83005797245374,368.9051683196238,452.89290104886595,737.8546189138085,90.5855678620281,122.97499461400547,2785.9399221875397,1901.8620111523107,1,-354.8636681415873,844.9999934270943,-1199.8636681415874,-6.572905704160803e-06,-1200.103905527683,-2.5634978542900653e-06
trained_53tet,53tet-Q4,24000,20260826,845.0,452.8929,737.8546200063753,452.9Hz_+50c,2,452.86511391598304,368.9282670972876,452.8929010376968,737.8546189146257,90.5890636570457,122.99307167869208,2786.007131978938,1901.715938899934,1,-354.8892900413279,844.999993471707,-1199.889290041328,-6.5282930563626e-06,-1199.9955087311248,-2.5615806035246935e-06
trained_53tet,53tet-Q4,24000,20260826,845.0,452.8929,737.8546200063753,452.9Hz_+50c,3,452.8730038269278,368.9224150836237,452.8929010495812,737.854618911685,90.58720829296769,122.97295982606094,2786.072751587262,1901.9715924022626,1,-354.94691309824424,844.9999934193775,-1199.9469130982443,-6.580622539331671e-06,-1200.0229701282753,-2.5684803998129536e-06
trained_53tet,53tet-Q4,24000,20260826,845.0,452.8929,737.8546200063753,452.9Hz_+50c,4,452.8212596519041,368.86849214853925,452.8929010366223,737.85461891435,90.57918824051546,122.96650146720141,2786.028213614793,1901.8094551959439,1,-355.00215663629547,844.9999934751673,-1200.0021566362955,-6.524832656396029e-06,-1200.276031586461,-2.5622273753367715e-06
trained_53tet,53tet-Q4,24000,20260826,850.0,440.0,718.922799426084,440Hz_ongrid,0,439.9953415017057,718.9083996531141,439.9999989076768,718.9228008409559,62.85790658370483,121.34837365579098,3368.7865422342843,3079.983824269899,0,849.9836531692492,850.0000077050254,-0.01634683075076282,7.705025382165331e-06,-0.03467636156614011,3.407145461819937e-06
trained_53tet,53tet-Q4,24000,20260826,850.0,440.0,718.922799426084,440Hz_ongrid,1,439.9746162786387,359.55846418651015,439.99999890656085,718.9228008416156,62.854711435572035,93.719576039905,3368.7929966014303,2327.76484665201,1,-349.432704002092,850.000007711005,-1199.4327040020921,7.711004968768975e-06,-1199.5325822529232,3.408733848814462e-06
trained_53tet,53tet-Q4,24000,20260826,850.0,440.0,718.922799426084,440Hz_ongrid,2,440.01130139373606,359.4684645532072,439.9999989091788,718.9228008434858,62.8601290168209,120.32991927913997,3368.7881286890583,1894.6437687502707,1,-350.0104408795308,850.0000077052076,-1200.0104408795307,7.705207622166199e-06,-1199.9659747286807,3.413237610195832e-06
trained_53tet,53tet-Q4,24000,20260826,850.0,440.0,718.922799426084,440Hz_ongrid,3,439.97882936949657,718.8995686504077,439.99999891779373,718.9228008422804,93.52050903621226,90.17036693873678,2680.8953028628316,3594.0779285322064,0,850.0273576430016,850.0000076684083,0.02735764300155097,7.66840832966409e-06,-0.05594280730860342,3.4103345369667358e-06
trained_53tet,53tet-Q4,24000,20260826,850.0,440.0,718.922799426084,440Hz_ongrid,4,439.98939714426854,718.9452780182256,439.99999891313706,718.9228008418179,62.85402792391782,91.94658090164923,3368.869982465838,3560.416958488437,0,850.0958484691539,850.000007685617,0.09584846915390699,7.685616992603173e-06,0.054129728177980826,3.4092208977791426e-06
trained_53tet,53tet-Q4,24000,20260826,850.0,452.8929,739.9887079731761,452.9Hz_+50c,0,452.88531197527413,369.9811047587122,452.8929010450029,739.9887090785517,90.587459233167,123.33204432534325,2786.1150065241213,1901.8846815090783,1,-350.03298901726686,849.9999985914307,-1200.0329890172668,-1.4085693464949145e-06,-1200.0619953382343,2.5860716282106555e-06
trained_53tet,53tet-Q4,24000,20260826,850.0,452.8929,739.9887079731761,452.9Hz_+50c,1,452.87274450036,369.96438748001725,452.8929010429171,739.9887090785232,90.58794339557078,92.49235665270437,2786.0577115718,2399.9764197428117,1,-350.06317305143284,849.9999985993371,-1200.0631730514328,-1.400662881678727e-06,-1200.1402214302718,2.5860051250765355e-06
trained_53tet,53tet-Q4,24000,20260826,850.0,452.8929,739.9887079731761,452.9Hz_+50c,2,452.82586518172644,370.0036488407951,452.89290105089043,739.9887090771123,75.48026349449538,123.33847285093537,3101.7420025842757,1901.8999316730362,1,-349.70024205940314,849.9999985655572,-1199.700242059403,-1.4344427654577885e-06,-1199.9565091580687,2.5827041862748724e-06
trained_53tet,53tet-Q4,24000,20260826,850.0,452.8929,739.9887079731761,452.9Hz_+50c,3,452.8784470401834,369.91817595483184,452.8929010434945,739.9887090775569,90.59575561682547,123.31035182627647,2785.9302174034788,1901.8947251509976,1,-350.3012310363636,849.9999985948692,-1200.3012310363636,-1.4051307744011865e-06,-1200.3564799824208,2.5837444029276386e-06
trained_53tet,53tet-Q4,24000,20260826,850.0,452.8929,739.9887079731761,452.9Hz_+50c,4,452.8043823888878,369.96618732047847,452.892901051541,739.9887090779586,90.58431386778621,123.32713178659895,2785.8657239650947,1901.8838372421592,1,-349.7933975712063,849.9999985650503,-1199.7933975712062,-1.4349496950671892e-06,-1200.1317991668989,2.584683903851275e-06
trained_53tet,53tet-Q4,24000,20260826,855.0,440.0,721.0021311178755,440Hz_ongrid,0,439.98603734971914,360.51076574843876,439.9999989153508,721.0021301245841,62.855736109383045,90.20968070348451,3368.809713421359,2398.425810272146,1,-344.8984787781533,855.0000018826446,-1199.8984787781533,1.8826445966624306e-06,-1199.953417412535,-2.3850411140863735e-06
trained_53tet,53tet-Q4,24000,20260826,855.0,440.0,721.0021311178755,440Hz_ongrid,1,439.99213277397877,360.42567441688124,439.99999891052227,721.0021301261677,62.8554145018894,90.19611535253647,3368.842555262054,2398.2774942295255,1,-345.3311338548755,855.0000019054452,-1200.3311338548756,1.905445174088527e-06,-1200.3620886987947,-2.381238903095232e-06
trained_53tet,53tet-Q4,24000,20260826,855.0,440.0,721.0021311178755,440Hz_ongrid,2,439.9877922315039,721.0431268055297,439.99999892084355,721.0021301245914,62.856169139307305,120.17753525373774,3368.804691532806,3101.9019759811363,0,855.1464676156774,855.00000186105,0.14646761567735211,1.861050009210885e-06,0.0984339845936558,-2.3850238155832293e-06
trained_53tet,53tet-Q4,24000,20260826,855.0,440.0,721.0021311178755,440Hz_ongrid,3,439.9940428302684,360.4663275339348,439.99999891431514,721.0021301243302,62.85668189371847,90.19149840484039,3368.8151631614464,2398.5613729582574,1,-345.14339105975694,855.0000018861094,-1200.143391059757,1.8861094304156723e-06,-1200.1668304345108,-2.3856509824250104e-06
trained_53tet,53tet-Q4,24000,20260826,855.0,440.0,721.0021311178755,440Hz_ongrid,4,439.9895499086905,721.0014449689266,439.9999989179067,721.0021301239549,93.20300081041373,120.16446669128204,2686.8251382787216,3101.990165664061,0,855.0394701090875,855.0000018710771,0.039470109087460514,1.8710770746110938e-06,-0.0016475471248240685,-2.3865520422332454e-06
trained_53tet,53tet-Q4,24000,20260826,855.0,452.8929,742.1289683367155,452.9Hz_+50c,0,452.91688441178866,370.8731128625494,452.8929010407992,742.1289694515473,90.5954068483701,123.63527223288247,2786.083811815914,1901.8023462337492,1,-345.9847706940933,854.999998622101,-1200.9847706940932,-1.3778990251012146e-06,-1200.8930900100033,2.600673102467291e-06
trained_53tet,53tet-Q4,24000,20260826,855.0,452.8929,742.1289683367155,452.9Hz_+50c,1,452.91710675145845,371.11926080358234,452.8929010513441,742.1289694497704,90.598448149469,123.67123882653098,2786.0265448835708,1902.447424552789,1,-344.8369842001605,854.9999985776466,-1199.8369842001605,-1.4223534208213096e-06,-1199.7444536428918,2.5965276123034566e-06
trained_53tet,53tet-Q4,24000,20260826,855.0,452.8929,742.1289683367155,452.9Hz_+50c,2,452.8976163311058,371.1582602236398,452.89290103676393,742.128969450586,90.59104493047619,123.72937247302033,2786.093515874779,1901.8157402859397,1,-344.58056343893435,854.9999986352839,-1199.5805634389344,-1.3647161267726915e-06,-1199.5625348266894,2.5984304476438683e-06
trained_53tet,53tet-Q4,24000,20260826,855.0,452.8929,742.1289683367155,452.9Hz_+50c,3,452.86032922882896,371.11313388756145,452.8929010375047,742.1289694494583,90.59416396567015,123.70768125451299,2785.8913722636617,1901.9087721440399,1,-344.64852541279276,854.9999986298211,-1199.6485254127929,-1.3701788930120529e-06,-1199.773035326222,2.5957999219399417e-06
trained_53tet,53tet-Q4,24000,20260826,855.0,452.8929,742.1289683367155,452.9Hz_+50c,4,452.8702413562333,371.1087752188529,452.8929010475343,742.1289694502116,90.59197637632097,92.7836834988289,2785.9710696399966,2399.8789057306803,1,-344.70675115162715,854.9999985932392,-1199.706751151627,-1.406760816280439e-06,-1199.793368532732,2.5975570654431786e-06
trained_53tet,53tet-Q4,24000,20260826,860.0,440.0,723.0874768354955,440Hz_ongrid,0,439.97740934980266,361.7545181356744,439.9999989155169,723.087478554988,62.85255477701709,120.55476794806137,3368.8633896650886,1902.3867896140478,1,-338.9020980262109,860.0000083838838,-1198.902098026211,8.383883823626093e-06,-1198.9909859963002,4.116851916628974e-06
trained_53tet,53tet-Q4,24000,20260826,860.0,440.0,723.0874768354955,440Hz_ongrid,1,439.98375211329665,361.75534136740157,439.99999891669734,723.087478554599,62.85312166462959,90.45442665037422,3368.872732656729,2399.7015676100314,1,-338.92311580732013,860.000008378308,-1198.92311580732,8.378308052670036e-06,-1198.9870462938138,4.115920488340939e-06
trained_53tet,53tet-Q4,24000,20260826,860.0,440.0,723.0874768354955,440Hz_ongrid,2,439.99034391778304,361.63764506335065,439.9999989199251,723.0874785519756,62.85433956377872,90.42464177208541,3368.8651240470003,2399.7083782548693,1,-339.51239766899226,860.000008359327,-1199.5123976689922,8.359327011930873e-06,-1199.5503911275136,4.1096392096671814e-06
trained_53tet,53tet-Q4,24000,20260826,860.0,440.0,723.0874768354955,440Hz_ongrid,3,439.9960473038354,361.546267091595,439.99999891671655,723.0874785534401,62.853388873500776,120.49920245367896,3368.913750686668,1902.1880195948565,1,-339.97233917605433,860.0000083754576,-1199.9723391760544,8.375457582587842e-06,-1199.9878916145155,4.11314542403581e-06
trained_53tet,53tet-Q4,24000,20260826,860.0,440.0,723.0874768354955,440Hz_ongrid,4,439.990994798763,723.0883631145141,439.9999989113481,723.0874785534265,93.39388273973294,90.38762556430858,2683.2888414025883,3599.9697339469926,0,860.037554383046,860.000008396548,0.03755438304597192,8.396547968914092e-06,0.0021219500029376203,4.113113133496728e-06
trained_53tet,53tet-Q4,24000,20260826,860.0,452.8929,744.2754189493418,452.9Hz_+50c,0,452.87342744398245,372.13024498546804,452.89290103982194,744.2754175866211,90.5890334291645,124.03005936853893,2786.03949071354,1902.1414110862122,1,-339.9602885076178,859.999992855385,-1199.9602885076179,-7.1446149831899675e-06,-1200.034726143427,-3.1697788679542184e-06
trained_53tet,53tet-Q4,24000,20260826,860.0,452.8929,744.2754189493418,452.9Hz_+50c,1,452.8106306062178,372.0196562894307,452.89290103362526,744.2754175889924,90.58238192795478,124.01028011067652,2785.9265363258237,1901.9029554855572,1,-340.2347736484082,859.9999928845883,-1200.2347736484082,-7.115411676750227e-06,-1200.5492862262895,-3.16426314412133e-06
trained_53tet,53tet-Q4,24000,20260826,860.0,452.8929,744.2754189493418,452.9Hz_+50c,2,452.88356519931415,372.10658691140446,452.89290103556107,744.2754175884048,90.59870467061258,124.03096747491126,2785.893428810531,1902.0186694102076,1,-340.1091086591997,859.9999928758217,-1200.1091086591996,-7.124178296180617e-06,-1200.1447923524952,-3.1656297258703555e-06
trained_53tet,53tet-Q4,24000,20260826,860.0,452.8929,744.2754189493418,452.9Hz_+50c,3,452.79579461194436,372.1335759149079,452.89290103630213,744.275417586823,90.58472452074393,93.03703340130615,2785.82504117206,2399.9322762635898,1,-339.64799390806195,859.9999928693094,-1199.6479939080618,-7.130690619305824e-06,-1200.0192299758062,-3.1693091174908393e-06
trained_53tet,53tet-Q4,24000,20260826,860.0,452.8929,744.2754189493418,452.9Hz_+50c,4,452.8634635498627,372.12253290938764,452.8929010372259,744.2754175878673,90.5942659492623,93.03348479281695,2785.901405496244,2399.946935203974,1,-339.9580770385644,859.9999928682075,-1199.9580770385644,-7.131792472137022e-06,-1200.0706048370548,-3.166880023237081e-06
trained_53tet,53tet-Q4,24000,20260826,865.0,440.0,725.178853973238,440Hz_ongrid,0,440.01185651488373,362.76817920836123,439.99999890692607,725.1788546661578,62.85814400132882,90.66605584752341,3368.8449831009775,2400.496178149117,1,-334.1933830524315,865.000005955055,-1199.1933830524315,5.9550550304265926e-06,-1199.1467327667128,1.6542212556264727e-06
trained_53tet,53tet-Q4,24000,20260826,865.0,440.0,725.178853973238,440Hz_ongrid,1,439.9945062083807,362.55380479916874,439.9999989100623,725.1788546643551,93.34610148079523,90.66126469502574,2684.1886012731816,2399.564307095132,1,-335.1484753501428,865.0000059384114,-1200.1484753501427,5.938411391070986e-06,-1200.1700914830683,1.6499177724653546e-06
trained_53tet,53tet-Q4,24000,20260826,865.0,440.0,725.178853973238,440Hz_ongrid,2,439.9952081330935,362.7406217350663,439.9999989167067,725.1788546656699,62.85934217523845,90.68803312858124,3368.746478826725,2399.945063950346,1,-334.2593956559419,865.000005915407,-1199.259395655942,5.915406973144854e-06,-1199.2782499475802,1.6530564897507983e-06
trained_53tet,53tet-Q4,24000,20260826,865.0,440.0,725.178853973238,440Hz_ongrid,3,439.99163362652314,362.5913357549983,439.99999891393537,725.1788546655343,62.85596723545674,90.65144292125187,3368.8253673303493,2399.9310753633495,1,-334.9579675046507,865.0000059259877,-1199.9579675046507,5.9259876934447675e-06,-1199.9908863417793,1.6527328155371616e-06
trained_53tet,53tet-Q4,24000,20260826,865.0,440.0,725.178853973238,440Hz_ongrid,4,439.99482972075367,725.1709944385105,439.999998918457,725.1788546659265,62.856867870217556,90.65489886956455,3368.8131370562196,3599.837198972711,0,865.0015798914734,865.000005909133,0.0015798914733977654,5.909133051318349e-06,-0.01876332685529377,1.6536688567606826e-06
trained_53tet,53tet-Q4,24000,20260826,865.0,452.8929,746.428077715037,452.9Hz_+50c,0,452.8507399785014,373.30811796522573,452.8929010408707,746.4280779732137,90.57994687878012,93.31925191198702,2786.1264198967147,2400.144281579506,1,-334.40247977781814,864.9999966199589,-1199.4024797778181,-3.3800411074480508e-06,-1199.5636487036797,5.988042150967899e-07
trained_53tet,53tet-Q4,24000,20260826,865.0,452.8929,746.428077715037,452.9Hz_+50c,1,452.85876803189194,373.21414343194715,452.8929010393466,746.4280779723501,90.58923713945282,93.30594434415273,2785.979557071744,2399.955311453063,1,-334.8690367051348,864.9999966237818,-1199.869036705135,-3.376218160155986e-06,-1199.9995149089605,5.968014328472964e-07
trained_53tet,53tet-Q4,24000,20260826,865.0,452.8929,746.428077715037,452.9Hz_+50c,2,452.8523212054413,373.24917150381384,452.8929010516559,746.4280779700262,144.97369279284393,93.3162393033982,1971.8994272702387,2399.926783011303,1,-334.6819133349247,864.9999965713383,-1199.6819133349247,-3.428661671023292e-06,-1199.8370372907843,5.914112192767669e-07
trained_53tet,53tet-Q4,24000,20260826,865.0,452.8929,746.428077715037,452.9Hz_+50c,3,452.84960720074025,373.29562926159235,452.8929010490583,746.4280779727073,90.58880417567268,93.30817919475878,2785.9528100807415,2400.2917939626805,1,-334.45606712130143,864.9999965874865,-1199.4560671213014,-3.412513478906476e-06,-1199.6215666261144,5.976298389408971e-07
trained_53tet,53tet-Q4,24000,20260826,865.0,452.8929,746.428077715037,452.9Hz_+50c,4,452.8442972770216,373.2216470414145,452.89290103660664,746.428077970326,90.58253294223195,124.3984814424631,2786.052363337002,1902.076549611368,1,-334.7789088080391,864.9999966295609,-1199.778908808039,-3.370439117134083e-06,-1199.9647081529954,5.921062346907971e-07
trained_53tet,53tet-Q4,24000,20260826,870.0,440.0,727.2762799757063,440Hz_ongrid,0,440.00222077491287,363.8788665295304,439.9999989179415,727.2762778576149,62.858289516667526,90.92097751378915,3368.8030629375457,2400.9277970381727,1,-328.8630492062371,869.9999992155128,-1198.863049206237,-7.844871561246691e-07,-1198.854311316596,-5.041979335456258e-06
trained_53tet,53tet-Q4,24000,20260826,870.0,440.0,727.2762799757063,440Hz_ongrid,1,439.9865753537471,363.8029733139338,439.9999989138805,727.2762778573707,62.85593751869058,90.91725365686563,3368.8062829272835,2400.6375883763303,1,-329.1626059806861,869.9999992309098,-1199.162605980686,-7.690902066315175e-07,-1199.2154277062496,-5.042560565162804e-06
trained_53tet,53tet-Q4,24000,20260826,870.0,440.0,727.2762799757063,440Hz_ongrid,2,440.01658594772874,363.70055856401177,439.999998908394,727.2762778583758,92.79031165764037,90.92543332383497,2694.614184847344,2399.9944082252796,1,-329.76811696994804,869.99999925489,-1199.768116969948,-7.451100145772216e-07,-1199.702858751169,-5.040167989968667e-06
trained_53tet,53tet-Q4,24000,20260826,870.0,440.0,727.2762799757063,440Hz_ongrid,3,440.0090016891649,363.75263655847124,439.99999891017137,727.2762778578845,62.86017890088341,90.9276012760474,3368.7777065687,2400.201006862174,1,-329.4904003567216,869.9999992467268,-1199.4904003567217,-7.532731842729845e-07,-1199.4549824672408,-5.0413377531942056e-06
trained_53tet,53tet-Q4,24000,20260826,870.0,440.0,727.2762799757063,440Hz_ongrid,4,440.00178962300515,363.85309055350916,439.99999890700116,727.2762778572369,92.99433757199806,90.93285833410792,2690.75353606109,2400.5789488686646,1,-328.98399203460656,869.9999992576592,-1198.9839920346067,-7.423408305839985e-07,-1198.9769505573777,-5.042879049826741e-06
trained_53tet,53tet-Q4,24000,20260826,870.0,452.8929,748.5869625895672,452.9Hz_+50c,0,452.8728687364844,374.34906543079467,452.89290104921184,748.5869640310988,90.59501421589813,93.58368871596213,2785.9230607119594,2400.066182653051,1,-329.6663501925296,869.9999993230555,-1199.6663501925295,-6.769445235477178e-07,-1199.742923643739,3.3337859699289148e-06
trained_53tet,53tet-Q4,24000,20260826,870.0,452.8929,748.5869625895672,452.9Hz_+50c,1,452.84397111836756,374.39620628519833,452.8929010402861,748.5869640299077,90.58971934246111,93.59118986261063,2785.9137737508004,2400.1454184541876,1,-329.3378810785931,869.9999993544205,-1199.337881078593,-6.455794618887012e-07,-1199.5249273359518,3.3310312794150568e-06
trained_53tet,53tet-Q4,24000,20260826,870.0,452.8929,748.5869625895672,452.9Hz_+50c,2,452.83861037664883,374.09642938290574,452.89290103565656,748.5869640295932,90.58291791387286,93.53134113488213,2786.023264400751,2399.8660997880784,1,-330.7041311655067,869.9999993713902,-1200.7041311655066,-6.286097686825087e-07,-1200.9116717964603,3.3303039734630297e-06
trained_53tet,53tet-Q4,24000,20260826,870.0,452.8929,748.5869625895672,452.9Hz_+50c,3,452.8487759545361,374.3980327553146,452.8929010509227,748.586964027166,90.5853831669564,93.59762416397598,2786.015012049731,2400.034847627561,1,-329.34780428832477,869.9999993074202,-1199.3478042883248,-6.92579760652734e-07,-1199.5164816319384,3.324690417005594e-06
trained_53tet,53tet-Q4,24000,20260826,870.0,452.8929,748.5869625895672,452.9Hz_+50c,4,452.83105721921027,374.416075775983,452.8929010402572,748.5869640288613,90.58099241263423,93.5952032304052,2786.031188758587,2400.163056911976,1,-329.196634742013,869.9999993521112,-1199.196634742013,-6.478887826233404e-07,-1199.4330518691195,3.328611411038729e-06
trained_53tet,53tet-Q4,24000,20260826,875.0,440.0,729.3797723379585,440Hz_ongrid,0,439.98682442212186,364.94832467463254,439.999998915484,729.3797733234643,62.852321634371336,91.19688733302955,3368.9068577086537,2400.7628506741394,1,-323.72174895146765,875.0000066063286,-1198.7217489514676,6.606328611269419e-06,-1198.7735906572918,2.339167402643273e-06
trained_53tet,53tet-Q4,24000,20260826,875.0,440.0,729.3797723379585,440Hz_ongrid,1,439.98803994430267,364.76156862416923,439.99999891341383,729.3797733240849,62.85658172729827,91.1949256219285,3368.794302430343,2399.913935062321,1,-324.6126878201069,875.000006615947,-1199.6126878201069,6.615946972488018e-06,-1199.6597467679867,2.3406404662847963e-06
trained_53tet,53tet-Q4,24000,20260826,875.0,440.0,729.3797723379585,440Hz_ongrid,2,439.99266477749103,364.6896866770051,439.9999989128788,729.3797733229954,62.85498049891616,91.17828692724365,3368.856602367417,2399.8886307113953,1,-324.97208544205824,875.0000066154663,-1199.9720854420582,6.615466304538131e-06,-1200.0009470166451,2.338054532277351e-06
trained_53tet,53tet-Q4,24000,20260826,875.0,440.0,729.3797723379585,440Hz_ongrid,3,440.00156118142775,364.7976237539218,439.999998911498,729.3797733232218,62.85760315503865,91.19916820858863,3368.8193714744534,2400.004512821278,1,-324.4947727511976,875.0000066214365,-1199.4947727511976,6.621436455134244e-06,-1199.4886301019942,2.338591554695725e-06
trained_53tet,53tet-Q4,24000,20260826,875.0,440.0,729.3797723379585,440Hz_ongrid,4,439.9635710392979,364.70084644644305,439.9999989105193,729.3797733234087,62.851291397744745,91.1850230117429,3368.8437368169107,2399.813711250929,1,-324.8046306525396,875.000006625731,-1199.8046306525396,6.625730975429178e-06,-1199.9479708071806,2.339035165197374e-06
trained_53tet,53tet-Q4,24000,20260826,875.0,452.8929,750.7520915806313,452.9Hz_+50c,0,452.83222895040683,375.3836584964447,452.8929010436477,750.7520936119134,90.59109427348734,93.84417156890404,2785.8426068495965,2400.032155523878,1,-324.73295311399454,875.0000006946749,-1199.7329531139944,6.946748953851056e-07,-1199.9648905609042,4.684135951234568e-06
trained_53tet,53tet-Q4,24000,20260826,875.0,452.8929,750.7520915806313,452.9Hz_+50c,1,452.8558266690074,375.3201557637843,452.89290103986934,750.7520936104834,90.5863562882214,93.83257389106235,2786.0233687844234,2399.9532289155736,1,-325.1160611746164,875.0000007058205,-1200.1160611746163,7.058205255816574e-07,-1200.2577839528499,4.680838087726341e-06
trained_53tet,53tet-Q4,24000,20260826,875.0,452.8929,750.7520915806313,452.9Hz_+50c,2,452.83414518915026,375.4084204403367,452.89290104631544,750.7520936101175,90.5808147428072,93.85136166072397,2786.046390170202,2400.0137140231695,1,-324.62608313327524,875.000000680336,-1199.6260831332752,6.803360292906291e-07,-1199.8506945761433,4.679994689598696e-06
trained_53tet,53tet-Q4,24000,20260826,875.0,452.8929,750.7520915806313,452.9Hz_+50c,3,452.90034617230714,375.3281377984423,452.89290104181964,750.75209361048,90.60762135830818,93.8272767959116,2785.7871971336026,2400.0877826101396,1,-325.24942932155193,875.0000006983574,-1200.2494293215518,6.983574394325842e-07,-1200.2209657243939,4.680830399502752e-06
trained_53tet,53tet-Q4,24000,20260826,875.0,452.8929,750.7520915806313,452.9Hz_+50c,4,452.85008327159466,375.32848288724244,452.89290103619976,750.7520936111556,90.59189970752426,93.8281503072047,2785.8954726831153,2400.0732570289706,1,-325.0556944752761,875.0000007213981,-1200.0556944752761,7.213981234599487e-07,-1200.2193739726813,4.682388418012935e-06
trained_53tet,53tet-Q4,24000,20260826,880.0,440.0,731.4893486056533,440Hz_ongrid,0,439.9926350597492,365.8022187026979,439.99999891739304,731.4893462889927,62.85388612594726,91.44625804911654,3368.886628350854,2400.0813405776053,1,-319.6986593937626,879.9999987767518,-1199.6986593937627,-1.2232482049512328e-06,-1199.7276378984088,-5.482898191959246e-06
trained_53tet,53tet-Q4,24000,20260826,880.0,440.0,731.4893486056533,440Hz_ongrid,1,439.98519423831516,365.86308290164715,439.99999891659684,731.4893462883481,62.856582904605006,91.45139000504211,3368.7830728839094,2400.272214949171,1,-319.3813534827964,879.999998778359,-1199.3813534827964,-1.2216410141263623e-06,-1199.439609551015,-5.484423919939316e-06
trained_53tet,53tet-Q4,24000,20260826,880.0,440.0,731.4893486056533,440Hz_ongrid,2,440.0133307974052,365.95609981049944,439.9999989183516,731.4893462876571,62.860953747209024,91.43880886235111,3368.773399610512,2400.950492942092,1,-319.0519679880544,879.9999987698193,-1199.0519679880545,-1.2301807146286592e-06,-1198.9995171226797,-5.486059205106165e-06
trained_53tet,53tet-Q4,24000,20260826,880.0,440.0,731.4893486056533,440Hz_ongrid,3,440.0206149131854,365.7429106837843,439.99999891824405,731.4893462884445,62.860138697547136,130.44538571977162,3368.824505929016,1784.8607858225723,1,-320.0894580304672,879.9999987721059,-1200.089458030467,-1.2278941312615643e-06,-1200.0083480222995,-5.484195771902991e-06
trained_53tet,53tet-Q4,24000,20260826,880.0,440.0,731.4893486056533,440Hz_ongrid,4,439.9936165328372,365.75896352622937,439.99999891331777,731.4893462880992,62.85633997646653,91.44435526691765,3368.82290312099,2399.9126377719963,1,-319.90724728192765,879.999998790672,-1199.9072472819275,-1.209328047480085e-06,-1199.9323639998129,-5.485012837869643e-06
trained_53tet,53tet-Q4,24000,20260826,880.0,452.8929,752.9234827480119,452.9Hz_+50c,0,452.8491325465424,376.4390517813395,452.89290104535786,752.9234802653082,90.58998897674901,94.11360785894858,2785.9283530142875,2399.929270787828,1,-319.9370316422266,879.9999902953989,-1199.9370316422267,-9.70460109783744e-06,-1200.104345740508,-5.708602910827485e-06
trained_53tet,53tet-Q4,24000,20260826,880.0,452.8929,752.9234827480119,452.9Hz_+50c,1,452.87915898149924,376.43597478847266,452.89290103912646,752.9234802639932,90.5893207463324,94.10850494161319,2786.055910095203,2400.00899119559,1,-320.0659694281562,879.9999903161956,-1200.0659694281562,-9.683804364613025e-06,-1200.1184968137459,-5.711626689182939e-06
trained_53tet,53tet-Q4,24000,20260826,880.0,452.8929,752.9234827480119,452.9Hz_+50c,2,452.9154340460468,376.53679747332365,452.89290105202355,752.9234802645643,90.59454024357733,94.12390616500007,2786.09482838868,2400.1893139639074,1,-319.7410108137065,879.9999902682082,-1199.7410108137065,-9.731791806188994e-06,-1199.6548740310752,-5.710313348380573e-06
trained_53tet,53tet-Q4,24000,20260826,880.0,452.8929,752.9234827480119,452.9Hz_+50c,3,452.8323832938967,376.4442649346325,452.8929010420374,752.9234802616248,90.58508131435211,94.11246602469343,2785.9581109247074,2399.974250128314,1,-319.8490233686272,879.9999902996225,-1199.849023368627,-9.700377518129244e-06,-1200.0803707412392,-5.7170722579832785e-06
trained_53tet,53tet-Q4,24000,20260826,880.0,452.8929,752.9234827480119,452.9Hz_+50c,4,452.8713858576461,376.4730005603335,452.89290104465346,752.9234802651031,90.58783640793996,94.121638112303,2786.054562419385,2399.93768193427,1,-319.8659809885178,879.9999902976201,-1199.8659809885178,-9.702379884402035e-06,-1199.9482231708782,-5.709074583347461e-06
trained_53tet,53tet-Q4,24000,20260826,885.0,440.0,733.6050263751966,440Hz_ongrid,0,439.9846612126462,366.93103321186305,439.99999891133564,733.6050269777536,62.85357357656538,91.70863590036222,3368.8638622754597,2400.4553119011616,1,-314.3331641963005,885.0000057054575,-1199.3331641963005,5.705457510885026e-06,-1199.3935175913346,1.4219738594027104e-06
trained_53tet,53tet-Q4,24000,20260826,885.0,440.0,733.6050263751966,440Hz_ongrid,1,439.98283620413207,366.87583122819285,439.99999891645047,733.6050269772613,62.85591719851974,91.71463305122946,3368.792129948685,2400.081633516453,1,-314.58645380204433,885.0000056841709,-1199.5864538020444,5.684170901076868e-06,-1199.653988182487,1.4208121688163207e-06
trained_53tet,53tet-Q4,24000,20260826,885.0,440.0,733.6050263751966,440Hz_ongrid,2,439.98549094551487,366.93271808467387,439.9999989183681,733.605026977789,62.85428709390994,91.70860752669431,3368.8474741161826,2400.4637969835135,1,-314.328479535901,885.0000056778711,-1199.328479535901,5.6778710586513625e-06,-1199.3855681343045,1.4220572766288012e-06
trained_53tet,53tet-Q4,24000,20260826,885.0,440.0,733.6050263751966,440Hz_ongrid,3,440.0126009278894,366.71340007520644,439.99999890602976,733.6050269783459,62.858454464210254,122.24281302341939,3368.8393612808886,1901.8840040421594,1,-315.47022624589937,885.0000057277321,-1200.4702262458993,5.727732059312984e-06,-1200.4206470571685,1.4233715784537062e-06
trained_53tet,53tet-Q4,24000,20260826,885.0,440.0,733.6050263751966,440Hz_ongrid,4,439.98574706164936,366.86930465652074,439.99999891515296,733.6050269767302,62.854939232621184,91.71158752431434,3368.8305197075515,2400.108324565065,1,-314.6287055602568,885.0000056880226,-1199.6287055602568,5.6880226111388765e-06,-1199.6847864053307,1.4195586039578763e-06
trained_53tet,53tet-Q4,24000,20260826,885.0,452.8929,755.1011542037256,452.9Hz_+50c,0,452.87686432576044,377.5455933069167,452.89290104561707,755.1011522198033,90.58970956603413,94.37791027965093,2786.0397075890446,2400.1556946462,1,-314.9615537705315,884.9999914544366,-1199.9615537705315,-8.545563446205051e-06,-1200.022853024138,-4.548574513991887e-06
trained_53tet,53tet-Q4,24000,20260826,885.0,452.8929,755.1011542037256,452.9Hz_+50c,1,452.82652826438385,377.6830929346831,452.8929010421481,755.1011522184644,90.57654836361101,94.40432072210449,2786.0988130760843,2400.3016881675167,1,-314.13873171079365,884.9999914646277,-1199.1387317107938,-8.53537233069801e-06,-1199.3924637280481,-4.551644229481501e-06
trained_53tet,53tet-Q4,24000,20260826,885.0,452.8929,755.1011542037256,452.9Hz_+50c,2,452.8289687001345,377.58598499673633,452.89290104458814,755.1011522200101,90.58072541259081,94.38030441528791,2786.028307110881,2400.2969841010968,1,-314.5932451382849,884.999991458844,-1199.5932451382848,-8.54115603488026e-06,-1199.83764697319,-4.548100342799546e-06
trained_53tet,53tet-Q4,24000,20260826,885.0,452.8929,755.1011542037256,452.9Hz_+50c,3,452.8565849114381,377.66387895101985,452.8929010498503,755.1011522178803,90.58473824628294,94.39452996353992,2786.0571908441343,2400.393169525462,1,-314.3417154737029,884.9999914338457,-1199.3417154737028,-8.566154292566353e-06,-1199.4805395501041,-4.552983325832146e-06
trained_53tet,53tet-Q4,24000,20260826,885.0,452.8929,755.1011542037256,452.9Hz_+50c,4,452.82635673039664,377.57175867741705,452.8929010482,755.1011522202581,90.589647992311,125.84382572088712,2785.84779573943,1902.1397086686366,1,-314.64848814160104,884.9999914456059,-1199.648488141601,-8.554394071325078e-06,-1199.9028759630473,-4.547531798662156e-06
trained_53tet,53tet-Q4,24000,20260826,890.0,440.0,735.7268232938884,440Hz_ongrid,0,439.96574489359057,367.7724619366168,439.9999989069894,735.7268263764395,62.851849956424815,91.96570558136736,3368.8369054126742,2399.574694183376,1,-310.2932931051655,890.0000115541159,-1200.2932931051655,1.1554115872058901e-05,-1200.4280792759785,7.2535310466875174e-06
trained_53tet,53tet-Q4,24000,20260826,890.0,440.0,735.7268232938884,440Hz_ongrid,1,439.9887489005434,367.81919291028686,439.9999989114356,735.7268263753417,92.57859231201277,122.60136099730016,2698.459321593881,1902.0261209782218,1,-310.1638447582956,890.0000115340384,-1200.1638447582957,1.153403843545675e-05,-1200.2081141571812,7.2509478035656615e-06
trained_53tet,53tet-Q4,24000,20260826,890.0,440.0,735.7268232938884,440Hz_ongrid,2,440.0112346307292,367.8008927584748,439.9999989077237,735.7268263753858,62.859739146556336,122.60130183320707,3368.798603478857,1901.9408199898246,1,-310.3384540627231,890.0000115487472,-1200.338454062723,1.1548747238521173e-05,-1200.294250592398,7.251051594583951e-06
trained_53tet,53tet-Q4,24000,20260826,890.0,440.0,735.7268232938884,440Hz_ongrid,3,439.99576093499684,367.8284287497439,439.9999989131645,735.726826375359,93.5936581171093,122.61058870254737,2679.6083314044536,1901.939293212132,1,-310.14796468656743,890.0000115272765,-1200.1479646865673,1.1527276456035906e-05,-1200.16464388889,7.2509885511506204e-06
trained_53tet,53tet-Q4,24000,20260826,890.0,440.0,735.7268232938884,440Hz_ongrid,4,439.9744522901236,367.84839811140944,439.9999989116048,735.7268263748286,62.854630848808746,91.98238809148299,3368.7945709680453,2399.6180994303118,1,-309.9701344282789,890.0000115321656,-1199.970134428279,1.1532165558492125e-05,-1200.070657949413,7.249740752464079e-06
trained_53tet,53tet-Q4,24000,20260826,890.0,452.8929,757.2851241121742,452.9Hz_+50c,0,452.84739713758376,378.6245125681449,452.8929010417835,757.2851224095019,90.58258091464755,94.64904283983218,2786.063297274364,2400.129593041391,1,-309.9085795035088,889.9999921251764,-1199.908579503509,-7.874823609199666e-06,-1200.0825280515867,-3.892489379397661e-06
trained_53tet,53tet-Q4,24000,20260826,890.0,452.8929,757.2851241121742,452.9Hz_+50c,1,452.8880153007121,252.42819777537326,452.8929010456889,757.2851224110831,90.59087495252716,126.21023129598267,2786.060063204575,1200.053051197097,1,-1011.937541885857,889.999992113862,-1901.937541885857,-7.886137950663397e-06,-1901.9562142989846,-3.888874568854102e-06
trained_53tet,53tet-Q4,24000,20260826,890.0,452.8929,757.2851241121742,452.9Hz_+50c,2,452.85245913303606,378.7070227199892,452.89290103375146,757.2851224112695,90.5811354927287,108.17762107729507,2786.110274596965,2169.2161175060533,1,-309.5507006015018,889.9999921599207,-1199.5507006015018,-7.840079319976212e-06,-1199.7052972664528,-3.888448449059607e-06
trained_53tet,53tet-Q4,24000,20260826,890.0,452.8929,757.2851241121742,452.9Hz_+50c,3,452.8885656105647,378.75198451338633,452.8929010362921,757.2851224105482,90.59375390677374,126.21392509413607,2786.0071495574794,1902.4588285562543,1,-309.4832008384819,889.9999921485598,-1199.483200838482,-7.85144015935657e-06,-1199.4997696088917,-3.890097573027476e-06
trained_53tet,53tet-Q4,24000,20260826,890.0,452.8929,757.2851241121742,452.9Hz_+50c,4,452.8485788924765,378.6402627491957,452.8929010512116,757.2851224100218,90.59141755200763,108.18310831212298,2785.898935609492,2168.823088402399,1,-309.84108224131484,889.9999920903247,-1199.8410822413148,-7.909675332484767e-06,-1200.010512950378,-3.891300780025013e-06
trained_53tet,53tet-Q4,24000,20260826,895.0,440.0,737.8547570600691,440Hz_ongrid,0,439.9951375746243,368.83379453018335,439.9999989171883,737.854755967329,62.856181027745784,122.9545808466798,3368.8332658075483,1901.8144364421985,1,-305.42007744850736,895.0000016965512,-1200.4200774485073,1.6965511804301059e-06,-1200.4392093641557,-2.5639041769084103e-06
trained_53tet,53tet-Q4,24000,20260826,895.0,440.0,737.8547570600691,440Hz_ongrid,1,439.97870766181256,368.960006828648,439.99999890726343,737.8547559646735,62.85262054757784,105.41156141835343,3368.8666866801877,2168.9176032286523,1,-304.7631153885029,895.0000017293712,-1199.763115388503,1.7293712062382838e-06,-1199.8468947357544,-2.5701349055360995e-06
trained_53tet,53tet-Q4,24000,20260826,895.0,440.0,737.8547570600691,440Hz_ongrid,2,440.02243072631217,368.8757279338508,439.9999989151015,737.8547559664481,93.29776198221454,92.22582410795881,2685.1952274494192,2399.870618380739,1,-305.3306475149084,895.0000017026954,-1200.3306475149084,1.7026953855747706e-06,-1200.242393316403,-2.565970963623204e-06
trained_53tet,53tet-Q4,24000,20260826,895.0,440.0,737.8547570600691,440Hz_ongrid,3,440.0099173184006,368.93265116972725,439.99999891160604,737.8547559666841,93.16672545820964,122.96866095270741,2687.5792176798036,1902.0801477117914,1,-305.0142781778744,895.0000017170023,-1200.0142781778745,1.7170023056678474e-06,-1199.9752577101422,-2.5654172193169342e-06
trained_53tet,53tet-Q4,24000,20260826,895.0,440.0,737.8547570600691,440Hz_ongrid,4,440.01380261234556,368.9735413626064,439.99999891269,737.8547559649054,93.34624724407684,92.22530384811351,2684.2618212462053,2400.339388714451,1,-304.83769638575365,895.000001708564,-1199.8376963857536,1.7085640138247982e-06,-1199.7833891637765,-2.569590771509354e-06
trained_53tet,53tet-Q4,24000,20260826,895.0,452.8929,759.4754106902959,452.9Hz_+50c,0,452.84594523223467,253.16336522625522,452.8929010472488,759.4754092958718,90.58544407910621,126.58742422818872,2786.003026077298,1199.921474783269,1,-1006.7420273811747,894.9999928181659,-1901.7420273811747,-7.181834121183783e-06,-1901.92152656733,-3.1786078317575707e-06
trained_53tet,53tet-Q4,24000,20260826,895.0,452.8929,759.4754106902959,452.9Hz_+50c,1,452.82338732707365,379.83894887302404,452.89290104125485,759.4754092966314,90.58172108583797,94.92867884430031,2785.9879387313613,2400.5663253830344,1,-304.27274924519185,894.9999928428097,-1199.2727492451918,-7.157190339057706e-06,-1199.5384896500666,-3.1768764437976105e-06
trained_53tet,53tet-Q4,24000,20260826,895.0,452.8929,759.4754106902959,452.9Hz_+50c,2,452.86835205255755,379.71944956414546,452.8929010373876,759.4754092976046,113.22499893557088,83.8409297109272,2399.879036106202,2615.048732227172,1,-304.9893907464906,894.9999928598113,-1199.9893907464907,-7.140188699850114e-06,-1200.0832305798046,-3.1746578146655285e-06
trained_53tet,53tet-Q4,24000,20260826,895.0,452.8929,759.4754106902959,452.9Hz_+50c,3,452.83746642640256,379.8129064347398,452.89290104518665,759.4754092958777,90.58021172031967,126.5829894642758,2786.070612934286,1902.2464628755783,1,-304.44527618554844,894.9999928260622,-1199.4452761855484,-7.173937774496153e-06,-1199.6571902247604,-3.1785943773662297e-06
trained_53tet,53tet-Q4,24000,20260826,895.0,452.8929,759.4754106902959,452.9Hz_+50c,4,452.85958123074704,379.7904655665234,452.89290103552,759.475409295498,90.5923152706836,94.92260860711801,2785.9238412537247,2400.456041259665,1,-304.63211206217545,894.9999928621484,-1199.6321120621756,-7.137851639527071e-06,-1199.7594814904135,-3.17945987914062e-06
trained_53tet,53tet-Q4,24000,20260826,900.0,440.0,739.9888454232688,440Hz_ongrid,0,439.98015804556417,369.99778904258295,439.99999891789923,739.9888465236951,62.853919438031596,123.34415018636037,3368.8366169473366,1901.79282587743,1,-299.90617636742274,900.0000068321506,-1199.9061763674226,6.832150575064588e-06,-1199.984248734876,2.574492010238984e-06
trained_53tet,53tet-Q4,24000,20260826,900.0,440.0,739.9888454232688,440Hz_ongrid,1,440.00600291336167,369.94035387801347,439.9999989107442,739.9888465247024,62.858550169165326,123.32320995735043,3368.810765247747,1901.8180015037403,1,-300.2766300038778,900.0000068626595,-1200.276630003878,6.8626594611487235e-06,-1200.2530109649824,2.576848835182864e-06
trained_53tet,53tet-Q4,24000,20260826,900.0,440.0,739.9888454232688,440Hz_ongrid,2,439.9913101870049,370.0077381045957,439.99999891160866,739.9888465259431,62.856951630707066,123.36211541695049,3368.796981830138,1901.5872392450194,1,-299.9035058382265,900.000006862161,-1199.9035058382265,6.862160944365314e-06,-1199.9376973125366,2.5797515240021783e-06
trained_53tet,53tet-Q4,24000,20260826,900.0,440.0,739.9888454232688,440Hz_ongrid,3,440.01056109156434,369.9934858356816,439.99999891423874,739.9888465249669,62.85834463651716,92.493731999283,3368.8343603589105,2400.0868360361883,1,-300.04593713784595,900.0000068495286,-1200.045937137846,6.849528631391877e-06,-1200.004383724465,2.5774677371824798e-06
trained_53tet,53tet-Q4,24000,20260826,900.0,440.0,739.9888454232688,440Hz_ongrid,4,439.98266844323683,369.9866251535056,439.99999891455076,739.9888465236833,62.85203426463485,123.33389755310645,3368.8984203982286,1901.884498727786,1,-299.96829131208756,900.0000068452978,-1199.9682913120876,6.845297775726067e-06,-1200.0364857942554,2.574464332634032e-06
trained_53tet,53tet-Q4,24000,20260826,900.0,452.8929,761.672032207718,452.9Hz_+50c,0,452.8309181996748,253.77129723563772,452.89290103527594,761.6720308355974,90.5870332975723,126.94645934739367,2785.915204382279,1199.1704941628816,1,-1002.5322751910942,899.9999929237949,-1902.5322751910942,-7.076205065459362e-06,-1902.7692238086674,-3.1187463615998597e-06
trained_53tet,53tet-Q4,24000,20260826,900.0,452.8929,761.672032207718,452.9Hz_+50c,1,452.82495128137356,380.91856416260777,452.89290104651263,761.6720308371778,145.27363855668148,95.21936943274619,1968.2166245486665,2400.1867434996707,1,-299.36502615660413,899.9999928844334,-1199.365026156604,-7.115566631910042e-06,-1199.6247872628487,-3.1151542313176043e-06
trained_53tet,53tet-Q4,24000,20260826,900.0,452.8929,761.672032207718,452.9Hz_+50c,2,452.87728614225233,380.9471857425647,452.89290103939396,761.6720308363394,90.59301010942262,95.19231825140075,2785.9782454939887,2400.808722432224,1,-299.43502338001775,899.9999929097397,-1199.4350233800178,-7.090260282893723e-06,-1199.4947101362968,-3.1170597575425634e-06
trained_53tet,53tet-Q4,24000,20260826,900.0,452.8929,761.672032207718,452.9Hz_+50c,3,452.83812460712664,761.6580439842326,452.89290104441903,761.6720308353439,90.58185938844294,143.58824557537105,2786.0416380803986,2888.646929791766,0,900.1776030928793,899.9999928882681,0.17760309287928067,-7.111731861186854e-06,-0.03179467032525169,-3.1193225939604037e-06
trained_53tet,53tet-Q4,24000,20260826,900.0,452.8929,761.672032207718,452.9Hz_+50c,4,452.90737239353837,380.9853952721067,452.89290104435327,761.6720308364279,90.59278304198149,95.191133730615,2786.0975929867477,2401.0039015507723,1,-299.3763951430613,899.9999928909833,-1199.3763951430612,-7.109016678441549e-06,-1199.3210736748947,-3.116858710494822e-06
trained_53tet,53tet-Q4,24000,20260826,905.0,440.0,742.1291061843534,440Hz_ongrid,0,440.02051716748645,371.00589958398706,439.99999892145246,742.1291073577962,62.86042841542809,123.68288946037347,3368.816142239076,1901.7554392667846,1,-295.3544001240594,905.0000069810777,-1200.3544001240593,6.981077717682638e-06,-1200.2736746903759,2.7373997020993665e-06
trained_53tet,53tet-Q4,24000,20260826,905.0,440.0,742.1291061843534,440Hz_ongrid,1,439.9845214090067,371.0332637244421,439.9999989153136,742.1291073576316,62.85516209891663,123.69046638784297,3368.8195585957033,1901.7770707862949,1,-295.08508594161395,905.0000070048476,-1200.085085941614,7.004847589087149e-06,-1200.1459894305046,2.7370156753306965e-06
trained_53tet,53tet-Q4,24000,20260826,905.0,440.0,742.1291061843534,440Hz_ongrid,2,439.9851703178285,371.08893499858186,439.9999989173335,742.1291073577343,62.85552654208786,123.72267857104384,3368.812073982923,1901.5860131528948,1,-294.82789763595525,905.0000069971394,-1199.8278976359552,6.997139394115948e-06,-1199.8862478254368,2.7372551634957422e-06
trained_53tet,53tet-Q4,24000,20260826,905.0,440.0,742.1291061843534,440Hz_ongrid,3,439.99610933120744,371.07449052162553,439.9999989179634,742.129107356324,62.85756826909108,92.77557769320107,3368.7988812778312,2399.8702105319576,1,-294.93832829468397,905.000006991371,-1199.938328294684,6.991371037656791e-06,-1199.953636676655,2.7339653726185832e-06
trained_53tet,53tet-Q4,24000,20260826,905.0,440.0,742.1291061843534,440Hz_ongrid,4,439.99188043863586,371.02104219011727,439.99999890523793,742.129107354333,62.85370571507027,123.6719717349868,3368.888628355034,1901.9789242325037,1,-295.1710681066845,905.0000070367968,-1200.1710681066845,7.036796773718379e-06,-1200.2030158130437,2.7293209167436207e-06
trained_53tet,53tet-Q4,24000,20260826,905.0,452.8929,763.8750069869086,452.9Hz_+50c,0,452.8302646202201,127.29197365250329,452.8929010502787,763.8750054127327,90.58727594197691,95.48739470292183,2785.908068418875,497.71110353786435,1,-2196.9947153703774,904.9999924175046,-3101.9947153703774,-7.5824954137715395e-06,-3102.2341627127,-3.5676871101433343e-06
trained_53tet,53tet-Q4,24000,20260826,905.0,452.8929,763.8750069869086,452.9Hz_+50c,1,452.85876843286235,381.9208892490516,452.8929010418851,763.8750054120902,90.5824100577813,95.47812506118227,2786.1100346082703,2400.0380274811796,1,-294.94483348047396,904.9999924481338,-1199.944833480474,-7.551866247013095e-06,-1200.0753101514294,-3.5691430674923196e-06
trained_53tet,53tet-Q4,24000,20260826,905.0,452.8929,763.8750069869086,452.9Hz_+50c,2,452.8303106943402,381.8520563729826,452.8929010482227,763.8750054113178,90.58106934567525,95.47475454998978,2786.026864305004,2399.787098397168,1,-295.1480841000976,904.9999924221572,-1200.1480841000975,-7.577842779937782e-06,-1200.3873552945615,-3.570893676011734e-06
trained_53tet,53tet-Q4,24000,20260826,905.0,452.8929,763.8750069869086,452.9Hz_+50c,3,452.8152747964828,381.89867511610043,452.892901049203,763.8750054131905,144.93691979873225,95.48113396491986,1972.1969829207537,2399.8827713031183,1,-294.8792524648034,904.9999924226543,-1199.8792524648034,-7.577345741083263e-06,-1200.1760089686384,-3.5666493921595504e-06
trained_53tet,53tet-Q4,24000,20260826,905.0,452.8929,763.8750069869086,452.9Hz_+50c,4,452.8797399318403,381.99468885702487,452.8929010386749,763.8750054113751,90.58891061473575,95.49245004803045,2786.065968868292,2400.112801327153,1,-294.6905048519721,904.9999924587846,-1199.690504851972,-7.5412153819343075e-06,-1199.7408114235845,-3.570763745032471e-06
trained_53tet,53tet-Q4,24000,20260826,910.0,440.0,744.2755571956747,440Hz_ongrid,0,439.9819216107873,372.1037256341658,439.99999891504905,744.2755558360063,62.85489815047826,124.04870011671287,3368.816598987402,1901.7578612796474,1,-290.0872930244194,910.0000011061945,-1200.0872930244195,1.106194531530491e-06,-1200.1584261288458,-3.162678216821406e-06
trained_53tet,53tet-Q4,24000,20260826,910.0,440.0,744.2755571956747,440Hz_ongrid,1,439.99702699158064,372.16023049698936,439.9999989155932,744.2755558351207,93.39745794659038,124.05853197473594,2683.246304108087,1901.8835246584426,1,-289.8838562470028,910.0000011019936,-1199.8838562470028,1.101993575503002e-06,-1199.895553953349,-3.164738276341244e-06
trained_53tet,53tet-Q4,24000,20260826,910.0,440.0,744.2755571956747,440Hz_ongrid,2,439.9807963401821,372.21623398825034,439.9999989144604,744.2755558347912,62.852106456762826,93.05707754729116,3368.8890655709247,2399.9438326726377,1,-289.55949283257615,910.0000011056843,-1199.559492832576,1.1056843050027965e-06,-1199.6350536400096,-3.1655046000308872e-06
trained_53tet,53tet-Q4,24000,20260826,910.0,440.0,744.2755571956747,440Hz_ongrid,3,440.0054182989733,372.1102282650706,439.9999989059421,744.2755558357732,93.24016900549198,93.02628221864279,2686.1973178289854,2400.0237249564325,1,-290.14949135941356,910.0000011414845,-1200.1494913594136,1.1414845175750088e-06,-1200.1281725277888,-3.163220620998023e-06
trained_53tet,53tet-Q4,24000,20260826,910.0,440.0,744.2755571956747,440Hz_ongrid,4,439.9738968912753,372.14898689577933,439.9999989072832,744.2755558354652,62.854329089021924,93.0233237583468,3368.8006970835354,2400.2590974765885,1,-289.84514936987284,910.0000011354914,-1199.8451493698728,1.135491402237676e-06,-1199.947858304271,-3.163936971234115e-06
trained_53tet,53tet-Q4,24000,20260826,910.0,452.8929,766.0843534033295,452.9Hz_+50c,0,452.8492377545489,383.0099511984416,452.89290103987804,766.0843512650355,90.58831296449164,127.66655838364879,2785.960785211301,1902.0014500031077,1,-289.97874370293164,909.9999911927301,-1199.9787437029318,-8.807269864519185e-06,-1200.145655592953,-4.832219031456798e-06
trained_53tet,53tet-Q4,24000,20260826,910.0,452.8929,766.0843534033295,452.9Hz_+50c,1,452.8651281113024,382.9789504563193,452.8929010495009,766.0843512645719,113.22144289752625,127.68050189621636,2399.9210849397728,1901.6722466712179,1,-290.179622548152,909.999991154898,-1200.179622548152,-8.845102001941996e-06,-1200.285786971415,-4.8332667441320605e-06
trained_53tet,53tet-Q4,24000,20260826,910.0,452.8929,766.0843534033295,452.9Hz_+50c,2,452.8839178087708,383.07582019919397,452.89290104147267,766.0843512642824,90.58761321511989,127.67883680998867,2786.1067342926644,1902.1326625692586,1,-289.81361253221104,909.9999911849328,-1199.813612532211,-8.81506718997116e-06,-1199.847948308941,-4.833920819757435e-06
trained_53tet,53tet-Q4,24000,20260826,910.0,452.8929,766.0843534033295,452.9Hz_+50c,3,452.8374549525653,383.02358332532094,452.8929010383195,766.0843512642527,90.58071003300778,127.66775702393664,2786.0610449851633,1902.0468129596968,1,-289.87208053672896,909.9999911969189,-1199.8720805367288,-8.803081072983332e-06,-1200.084038441344,-4.833987899508612e-06
trained_53tet,53tet-Q4,24000,20260826,910.0,452.8929,766.0843534033295,452.9Hz_+50c,4,452.8419205499297,383.02746398489546,452.892901050256,766.0843512653796,90.58343337961573,95.75354023018927,2786.0260677521137,2400.060129154466,1,-289.87161262814766,909.9999911538368,-1199.8716126281477,-8.84616315488529e-06,-1200.0664982786827,-4.831441367636561e-06
trained_53tet,53tet-Q4,24000,20260826,915.0,440.0,746.4282163612181,440Hz_ongrid,0,439.9969901727235,373.2135669186341,439.9999989178996,746.4282165965678,62.855304813328196,93.29940782922142,3368.864688697859,2400.073922407404,1,-284.99066818645764,915.0000048035172,-1199.9906681864577,4.803517185791861e-06,-1200.0025107621052,5.458600320522023e-07
trained_53tet,53tet-Q4,24000,20260826,915.0,440.0,746.4282163612181,440Hz_ongrid,1,440.0020855073331,373.2770343114384,439.9999989147915,746.428216596496,62.86000026614538,93.31972298359779,3368.755414136158,2399.99138448978,1,-284.71633385514457,915.0000048155797,-1199.7163338551445,4.815579700334638e-06,-1199.7081281898077,5.456935820111165e-07
trained_53tet,53tet-Q4,24000,20260826,915.0,440.0,746.4282163612181,440Hz_ongrid,2,439.99381975637954,373.2510676036187,439.99999891091716,746.4282165947956,62.855832354202946,93.31443854898136,3368.8376840905,2399.9689861501006,1,-284.8042471435629,915.0000048268798,-1199.8042471435629,4.826879830943653e-06,-1199.8285642420408,5.417495233008583e-07
trained_53tet,53tet-Q4,24000,20260826,915.0,440.0,746.4282163612181,440Hz_ongrid,3,439.9848257619277,373.2516251941931,439.99999891756715,746.4282165953904,62.85731536054763,93.3149283424735,3368.761449391568,2399.9624854320477,1,-284.76627206285485,915.0000048020943,-1199.7662720628548,4.8020942813309375e-06,-1199.8259779960777,5.431291750270891e-07
trained_53tet,53tet-Q4,24000,20260826,915.0,440.0,746.4282163612181,440Hz_ongrid,4,440.005906786089,373.20742329166274,439.9999989141342,746.4282165954723,62.85941793104893,93.30400356301178,3368.786487518279,2399.960148724211,1,-285.05425039479337,915.0000048157916,-1200.0542503947934,4.815791612600151e-06,-1200.0310095753416,5.433194585613559e-07
trained_53tet,53tet-Q4,24000,20260826,915.0,452.8929,768.3000898855898,452.9Hz_+50c,0,452.87388787765724,384.09118053333356,452.8929010512388,768.300086720329,90.59930786369208,128.04431851501755,2785.844908734635,1901.7667164328552,1,-285.1926247675048,914.9999888491425,-1200.1926247675049,-1.1150857517350232e-05,-1200.265302269021,-7.1323788957084066e-06
trained_53tet,53tet-Q4,24000,20260826,915.0,452.8929,768.3000898855898,452.9Hz_+50c,1,452.85112101339126,384.00985393493505,452.8929010431531,768.3000867216064,113.22071037488885,96.01140916295745,2399.878737934105,2399.8386880670464,1,-285.47219642486107,914.9999888829295,-1200.472196424861,-1.1117070471300394e-05,-1200.6319086670082,-7.129500616982873e-06
trained_53tet,53tet-Q4,24000,20260826,915.0,452.8929,768.3000898855898,452.9Hz_+50c,2,452.9062783318679,384.0558477126216,452.8929010460769,768.3000867203625,90.5944556206232,128.03054343393097,2786.0614481486286,1901.7937088256292,1,-285.4757064682856,914.99998886895,-1200.4757064682856,-1.1131049973300833e-05,-1200.4245670453201,-7.132303358911135e-06
trained_53tet,53tet-Q4,24000,20260826,915.0,452.8929,768.3000898855898,452.9Hz_+50c,3,452.84099257788864,384.14002042475687,452.89290103619913,768.3000867196856,90.59467043823001,128.0615464289623,2785.8077702966993,1901.7539252069128,1,-284.8467443635507,914.9999889051837,-1199.8467443635507,-1.1094816272816388e-05,-1200.0451776945615,-7.133828702481476e-06
trained_53tet,53tet-Q4,24000,20260826,915.0,452.8929,768.3000898855898,452.9Hz_+50c,4,452.8261855251353,384.16547403083774,452.89290103637,768.3000867216167,90.58228751708798,96.03489481702681,2785.9878109405836,2400.116698165022,1,-284.67542535694855,914.9999889088817,-1199.6754253569486,-1.109111826735898e-05,-1199.9304677260589,-7.129477360106359e-06
trained_53tet,53tet-Q4,24000,20260826,920.0,440.0,748.587101636753,440Hz_ongrid,0,440.0022903604773,374.33870913791196,439.99999891165317,748.5871030766186,62.856421940979416,93.5833909377395,3368.854773996589,2400.0237964444873,1,-279.8001518052387,920.0000076121665,-1199.8001518052388,7.612166541548504e-06,-1199.7911401240501,3.329932247852242e-06
trained_53tet,53tet-Q4,24000,20260826,920.0,440.0,748.587101636753,440Hz_ongrid,1,439.98996531471266,374.380228423965,439.9999989094373,748.5871030803635,93.12128234470889,93.59498185794509,2688.3453488582345,2400.001391868717,1,-279.5596500700511,920.0000076295457,-1199.559650070051,7.62954573474417e-06,-1199.599133222193,3.3385930317312756e-06
trained_53tet,53tet-Q4,24000,20260826,920.0,440.0,748.587101636753,440Hz_ongrid,2,440.0279557822478,374.27793763838514,439.9999989100883,748.5871030798661,62.8630279857429,93.57187665785497,3368.7738156920054,2399.955738895818,1,-280.18220970047037,920.0000076258339,-1200.1822097004704,7.625833859492559e-06,-1200.0722177353425,3.337442489070384e-06
trained_53tet,53tet-Q4,24000,20260826,920.0,440.0,748.587101636753,440Hz_ongrid,3,439.9872491009263,374.35458500780425,439.99999890887995,748.587103077598,62.85537434456556,93.57655254793663,3368.824445458533,2400.223727833299,1,-279.6675485750651,920.0000076253432,-1199.6675485750652,7.6253431871009525e-06,-1199.7177192807353,3.332197582934321e-06
trained_53tet,53tet-Q4,24000,20260826,920.0,440.0,748.587101636753,440Hz_ongrid,4,440.02550696229406,374.3696567534812,439.99999891508844,748.5871030780004,62.85942834294306,93.57400049213723,3368.8633173086373,2400.340642503038,1,-279.74837750447216,920.0000076018456,-1199.748377504472,7.601845595672785e-06,-1199.6480201369307,3.333127857989238e-06
trained_53tet,53tet-Q4,24000,20260826,920.0,452.8929,770.5222349155996,452.9Hz_+50c,0,452.83343246042233,385.15341436451547,452.8929010472069,770.5222376289815,90.5870676269813,96.29607582750606,2785.9241606368323,2399.861162207156,1,-280.25671290174313,920.0000020934474,-1200.2567129017432,2.0934473923261976e-06,-1200.4840491859811,6.096513366114768e-06
trained_53tet,53tet-Q4,24000,20260826,920.0,452.8929,770.5222349155996,452.9Hz_+50c,1,452.91337227174637,385.1424639404922,452.8929010466724,770.5222376275108,90.59125237680827,96.29512298345917,2786.149778670603,2399.8290707645488,1,-280.6115269658148,920.0000020921858,-1200.6115269658148,2.092185809488001e-06,-1200.533271173158,6.0932089676191866e-06
trained_53tet,53tet-Q4,24000,20260826,920.0,452.8929,770.5222349155996,452.9Hz_+50c,2,452.84442115204587,385.1671028106877,452.89290103416124,770.5222376291179,90.59034613240627,128.39388777661733,2785.9035158793995,1901.8895560495837,1,-280.2371960314952,920.0000021436223,-1200.2371960314952,2.1436222823467688e-06,-1200.4225217994808,6.096819741824514e-06
trained_53tet,53tet-Q4,24000,20260826,920.0,452.8929,770.5222349155996,452.9Hz_+50c,3,452.884421477831,385.1666377399754,452.8929010355203,770.5222376282095,90.5953509436018,96.29824052623327,2785.9607890370335,2399.8816821729442,1,-280.39220177443235,920.0000021363861,-1200.3922017744324,2.136386115125788e-06,-1200.424612182415,6.09477890287465e-06
trained_53tet,53tet-Q4,24000,20260826,920.0,452.8929,770.5222349155996,452.9Hz_+50c,4,452.8537920802877,385.2912371487405,452.8929010519539,770.5222376302662,90.58828733414813,96.31119399472652,2785.97868604648,2400.2087771574693,1,-279.71515664022934,920.0000020781878,-1199.7151566402295,2.0781877765330137e-06,-1199.8646575168611,6.099399909658659e-06
trained_53tet,53tet-Q4,24000,20260826,925.0,440.0,750.7522310299817,440Hz_ongrid,0,439.9913460983659,375.36800090332855,439.9999989129471,750.7522330496771,62.85518936970378,93.8374376385068,3368.8456607853905,2400.0841744478876,1,-275.0033748067601,925.0000089345592,-1200.0033748067601,8.934559218687355e-06,-1200.0374249806239,4.657415914564217e-06
trained_53tet,53tet-Q4,24000,20260826,925.0,440.0,750.7522310299817,440Hz_ongrid,1,439.988242027942,375.4287254696152,439.999998913055,750.7522330507696,62.85270841484149,93.85987628040334,3368.9017819796627,2399.9502919425345,1,-274.7111161707355,925.0000089366541,-1199.7111161707355,8.93665412604605e-06,-1199.7573799742815,4.659935345434158e-06
trained_53tet,53tet-Q4,24000,20260826,925.0,440.0,750.7522310299817,440Hz_ongrid,2,439.98676182158033,375.35728170334073,439.99999891118824,750.7522330524313,62.857470122409396,93.83813883369073,3368.764804812107,2400.021799235355,1,-275.03477566583626,925.0000089478308,-1200.0347756658362,8.9478307927493e-06,-1200.0868636885743,4.663767156070642e-06
trained_53tet,53tet-Q4,24000,20260826,925.0,440.0,750.7522310299817,440Hz_ongrid,3,440.00342951576806,375.4328842875467,439.9999989105494,750.7522330507596,62.856912722704685,93.85941523952394,3368.8457387247227,2399.977973474261,1,-274.7516961050964,925.0000089464896,-1199.7516961050965,8.946489629124699e-06,-1199.7382023066173,4.6599122807633915e-06
trained_53tet,53tet-Q4,24000,20260826,925.0,440.0,750.7522310299817,440Hz_ongrid,4,440.00360815502364,375.449209870518,439.99999891755306,750.7522330499024,62.85810638759043,93.86384074159128,3368.81356544114,2399.971627688995,1,-274.67711843663,925.0000089169562,-1199.67711843663,8.916956176108215e-06,-1199.6629217656769,4.657935638478797e-06
trained_53tet,53tet-Q4,24000,20260826,925.0,452.8929,772.7508070287236,452.9Hz_+50c,0,452.8739519270681,386.4422468915322,452.89290105038253,772.750808441082,90.59166693109655,96.5867778060449,2785.9911679472934,2400.426253559793,1,-274.6280878214445,924.999999148975,-1199.6280878214445,-8.510249926985125e-07,-1199.7005204766228,3.1641802977286102e-06
trained_53tet,53tet-Q4,24000,20260826,925.0,452.8929,772.7508070287236,452.9Hz_+50c,1,452.8019360469028,386.3985248364485,452.89290104255207,772.7508084404927,90.57970174600423,96.5888369077353,2785.9445191298164,2400.1934635362145,1,-274.5486484189286,924.9999991775878,-1199.5486484189287,-8.224121756938985e-07,-1199.896403285361,3.16286022973733e-06
trained_53tet,53tet-Q4,24000,20260826,925.0,452.8929,772.7508070287236,452.9Hz_+50c,2,452.8785704975788,386.4153100888531,452.89290104216036,772.7508084407478,129.3689650293049,96.5874856187141,2169.1592537541133,2400.292887494493,1,-274.7664226601893,924.9999991796567,-1199.7664226601892,-8.203433026210405e-07,-1199.8211996614702,3.1634318491616265e-06
trained_53tet,53tet-Q4,24000,20260826,925.0,452.8929,772.7508070287236,452.9Hz_+50c,3,452.8689725029639,386.3763553560595,452.8929010468847,772.7508084409947,64.69686780847454,96.5812434109317,3368.7911109640077,2400.230241017279,1,-274.90426711886255,924.9999991621504,-1199.9042671188627,-8.37849597701279e-07,-1199.9957350837772,3.163984632438115e-06
trained_53tet,53tet-Q4,24000,20260826,925.0,452.8929,772.7508070287236,452.9Hz_+50c,4,452.83368757890395,386.38117746613835,452.89290103616605,772.7508084403488,90.58321446340423,128.77547129044675,2785.9987764053717,1902.2003940805841,1,-274.74776788365045,924.9999992016766,-1199.7477678836503,-7.983234127095784e-07,-1199.9741288210041,3.1625377087575153e-06
trained_53tet,53tet-Q4,24000,20260826,930.0,440.0,752.92362260069,440Hz_ongrid,0,439.9865622018741,376.5219497852554,439.9999989128322,752.9236201581865,93.54987904482346,94.10196294057921,2680.382123125716,2400.524698008628,1,-269.67058990292634,929.9999986614279,-1199.6705899029264,-1.33857213313604e-06,-1199.7234633777298,-5.616167590277865e-06
trained_53tet,53tet-Q4,24000,20260826,930.0,440.0,752.92362260069,440Hz_ongrid,1,440.0350366006008,376.4123822787383,439.9999989045219,752.9236201573987,62.861919098302074,94.10293162122557,3368.8322128345217,2400.003016196227,1,-270.3651743703824,929.9999986923143,-1200.3651743703824,-1.3076856930638314e-06,-1200.227324049809,-5.61797912797165e-06
trained_53tet,53tet-Q4,24000,20260826,930.0,440.0,752.92362260069,440Hz_ongrid,2,439.9997886097856,376.46675184692396,439.999998908368,752.9236201583434,93.34656176812227,94.09826114240865,2684.200849013738,2400.3389862206013,1,-269.97644832814785,929.9999986793537,-1199.9764483281479,-1.3206463336246088e-06,-1199.9772800691137,-5.615806820383835e-06
trained_53tet,53tet-Q4,24000,20260826,930.0,440.0,752.92362260069,440Hz_ongrid,3,440.0123255724668,376.47563723970575,439.99999891379383,752.9236201570334,62.86339916293441,94.1005973019432,3368.7020974180246,2400.336865953993,1,-269.9849156522738,929.9999986549929,-1199.9849156522737,-1.3450071492115967e-06,-1199.9364198525902,-5.618819066403675e-06
trained_53tet,53tet-Q4,24000,20260826,930.0,440.0,752.92362260069,440Hz_ongrid,4,439.99956460080944,376.5252266285952,439.9999989067404,752.9236201577589,93.86989878770653,94.12960769122078,2674.521104720484,2400.0312471409484,1,-269.7066835059308,929.9999986844134,-1199.7066835059309,-1.3155865872249706e-06,-1199.7083966383775,-5.6171507218750744e-06
trained_53tet,53tet-Q4,24000,20260826,930.0,452.8929,774.9858248139365,452.9Hz_+50c,0,452.8410165906381,387.5469780605041,452.8929010397751,774.9858254321497,90.58567102578525,129.18531509481903,2785.9798464224823,1901.9149433118262,1,-269.56012174079774,929.9999974063641,-1199.5601217407977,-2.5936359406841802e-06,-1199.7584632698538,1.3810209987369728e-06
trained_53tet,53tet-Q4,24000,20260826,930.0,452.8929,774.9858248139365,452.9Hz_+50c,1,452.81771851908434,387.4891453768629,452.89290105189275,774.9858254310027,90.58873151385131,129.1544071984567,2785.8322846961237,1902.070827682958,1,-269.72941682978507,929.9999973574808,-1199.7294168297851,-2.642519234541396e-06,-1200.0168303529529,1.3784588982212636e-06
trained_53tet,53tet-Q4,24000,20260826,930.0,452.8929,774.9858248139365,452.9Hz_+50c,2,452.8432667813814,387.4931271750711,452.8929010473037,774.9858254328682,90.58824640835101,96.86420573434629,2785.9392300990685,2400.162206946253,1,-269.8093015053848,929.9999973791901,-1199.8093015053848,-2.6208099370705895e-06,-1199.9990404630967,1.3826262998252834e-06
trained_53tet,53tet-Q4,24000,20260826,930.0,452.8929,774.9858248139365,452.9Hz_+50c,3,452.86629647533454,387.4937940752743,452.8929010401704,774.9858254321142,90.59572716683695,96.86357099150328,2785.884312060725,2400.176531172688,1,-269.8943629500493,929.9999974047737,-1199.8943629500493,-2.595226305857068e-06,-1199.9960609022614,1.3809418100338619e-06
trained_53tet,53tet-Q4,24000,20260826,930.0,452.8929,774.9858248139365,452.9Hz_+50c,4,452.86931695519905,387.4522728291308,452.8929010378687,774.9858254316487,75.48762908930118,96.85651980551829,3101.7391876270044,2400.1170435702666,1,-270.0914271278034,929.9999974125324,-1200.0914271278034,-2.5874676339299185e-06,-1200.1815783162392,1.3799019777915527e-06
trained_53tet,53tet-Q4,24000,20260826,935.0,440.0,755.1012944608979,440Hz_ongrid,0,439.98263614661414,377.5420459783381,439.99999890842645,755.1012924842736,62.853854385278765,94.39197709933552,3368.8481595517246,2399.881410912069,1,-264.97111937174253,934.999999763089,-1199.9711193717426,-2.3691097794653615e-07,-1200.0394409339503,-4.531841287468266e-06
trained_53tet,53tet-Q4,24000,20260826,935.0,440.0,755.1012944608979,440Hz_ongrid,1,439.97677540596925,377.63042529137397,439.99999891017006,755.1012924847963,93.24671478817953,94.38005228444628,2685.9630822092763,2400.505356019066,1,-264.5428390807818,934.999999757427,-1199.5428390807817,-2.425730372124235e-07,-1199.6342215106254,-4.5306428856100525e-06
trained_53tet,53tet-Q4,24000,20260826,935.0,440.0,755.1012944608979,440Hz_ongrid,2,439.97047106655253,377.5947088114644,439.99999891593956,755.1012924833884,62.849465531860034,94.39531599266097,3368.9211819244542,2400.0616443505996,1,-264.68178114673674,934.9999997314984,-1199.6817811467367,-2.685015942915925e-07,-1199.797970261524,-4.533870786300807e-06
trained_53tet,53tet-Q4,24000,20260826,935.0,440.0,755.1012944608979,440Hz_ongrid,3,440.01747067496734,377.5653489193566,439.9999989065875,755.1012924833766,62.85749772777607,94.38903056742195,3368.884871674091,2400.042307074227,1,-265.00132682190804,934.999999768268,-1200.0013268219082,-2.3173197405412793e-07,-1199.932587669845,-4.5338978872891e-06
trained_53tet,53tet-Q4,24000,20260826,935.0,440.0,755.1012944608979,440Hz_ongrid,4,439.991076158106,377.58267999262154,439.99999891595877,755.1012924820021,62.855294589742655,94.3991611520545,3368.8417005552446,2399.935972775689,1,-264.81800976550613,934.9999997282443,-1199.818009765506,-2.717556526476983e-07,-1199.8531220736977,-4.5370490979491585e-06
trained_53tet,53tet-Q4,24000,20260826,935.0,452.8929,777.2273069139771,452.9Hz_+50c,0,452.8695725926783,388.5959362414603,452.8929010482504,777.227305556791,129.3773340561306,97.13842233947068,2169.012864925403,2400.188224354691,1,-264.9897562461613,934.9999929698821,-1199.9897562461613,-7.0301178993759095e-06,-1200.078930180968,-3.0230627667079753e-06
trained_53tet,53tet-Q4,24000,20260826,935.0,452.8929,777.2273069139771,452.9Hz_+50c,1,452.8455547642526,388.63333064147474,452.8929010413364,777.2273055566741,113.21794552651234,97.15733795416412,2399.8997354576327,2400.017724450578,1,-264.73135042707867,934.9999929960512,-1199.7313504270787,-7.0039487809481216e-06,-1199.9123423764222,-3.0233232052831904e-06
trained_53tet,53tet-Q4,24000,20260826,935.0,452.8929,777.2273069139771,452.9Hz_+50c,2,452.82500493703947,388.6025373928823,452.89290104344013,777.227305556872,90.57575293054623,97.14872257069328,2786.108192692222,2400.0340684025114,1,-264.7899656654032,934.9999929884506,-1199.789965665403,-7.011549428170838e-06,-1200.0495216360653,-3.022882285658435e-06
trained_53tet,53tet-Q4,24000,20260826,935.0,452.8929,777.2273069139771,452.9Hz_+50c,3,452.87412130328056,388.61266029466856,452.8929010444537,777.2273055559499,90.58903056943616,97.06280954928572,2786.0421978326212,2401.6108517532584,1,-264.93263927354576,934.999992982522,-1199.9326392735456,-7.017477969384345e-06,-1200.0044244421329,-3.0249361945992087e-06
trained_53tet,53tet-Q4,24000,20260826,935.0,452.8929,777.2273069139771,452.9Hz_+50c,4,452.8645247703969,388.6269442253331,452.8929010344727,777.2273055561936,90.59482233766575,97.14914760511276,2785.894829977693,2400.13522375022,1,-264.8323210951777,934.9999930212184,-1199.8323210951776,-6.978781584621174e-06,-1199.9407919998848,-3.0243932138058634e-06
trained_53tet,53tet-Q4,24000,20260826,940.0,440.0,757.2852647750104,440Hz_ongrid,0,440.0086776082942,378.6593109215051,439.9999989175373,757.2852630611231,93.62783644549984,108.17917164523736,2679.027060509519,2168.973177911969,1,-259.957886680174,940.0000003409552,-1199.957886680174,3.4095523915311787e-07,-1199.9237439010715,-3.918127298724946e-06
trained_53tet,53tet-Q4,24000,20260826,940.0,440.0,757.2852647750104,440Hz_ongrid,1,439.96563740488057,378.63685681544285,439.99999891937733,757.2852630608784,62.852856031665844,94.64962015558767,3368.808770654109,2400.1754756254154,1,-259.8911982048024,940.0000003331558,-1199.8911982048023,3.331557536512264e-07,-1200.0264073361288,-3.918686809199369e-06
trained_53tet,53tet-Q4,24000,20260826,940.0,440.0,757.2852647750104,440Hz_ongrid,2,439.9894412212879,378.67379852163805,439.99999890866866,757.2852630607357,62.85461377553615,94.65320358253257,3368.854019435896,2400.278832101954,1,-259.8159624092241,940.0000003749643,-1199.815962409224,3.7496431559702614e-07,-1199.8575077195826,-3.919012982086726e-06
trained_53tet,53tet-Q4,24000,20260826,940.0,440.0,757.2852647750104,440Hz_ongrid,3,439.9968064878698,252.39401085204094,439.99999891591114,757.2852630629397,93.44665166698819,126.19118407514465,2682.3338118776323,1200.079862063827,1,-962.1784513899435,940.0000003515065,-1902.1784513899433,3.5150651456206106e-07,-1902.1910167013066,-3.913974312527476e-06
trained_53tet,53tet-Q4,24000,20260826,940.0,440.0,757.2852647750104,440Hz_ongrid,4,439.99062138136304,378.70601421703356,439.99999890539374,757.2852630624386,94.07606233197086,108.18832066766406,2670.687829825896,2169.0402834342867,1,-259.6733274267505,940.0000003917429,-1199.6733274267506,3.9174290122900857e-07,-1199.710229147118,-3.915119857847831e-06
trained_53tet,53tet-Q4,24000,20260826,940.0,452.8929,779.4752720255053,452.9Hz_+50c,0,452.83696295599464,389.7433463034541,452.89290104218975,779.475270034998,90.58368296295203,62.867879254521284,2786.002344514797,3158.555269640753,1,-259.7607959411208,939.999991595146,-1199.7607959411207,-8.404854042964871e-06,-1199.9746347892592,-4.4209665314300915e-06
trained_53tet,53tet-Q4,24000,20260826,940.0,452.8929,779.4752720255053,452.9Hz_+50c,1,452.8459393915461,389.71282615348224,452.8929010390916,779.4752700351897,90.58262269338621,129.91402305143842,2786.0569258230985,1901.8250985988996,1,-259.930688627039,939.9999916074148,-1199.930688627039,-8.39258518681163e-06,-1200.1102101421984,-4.4205406038410566e-06
trained_53tet,53tet-Q4,24000,20260826,940.0,452.8929,779.4752720255053,452.9Hz_+50c,2,452.8486353285326,389.71937550929704,452.89290104904376,779.4752700333815,90.58196475199966,97.28523786469303,2786.0798071426602,2402.571417648313,1,-259.9119010140804,939.9999915653558,-1199.9119010140803,-8.43464420086093e-06,-1200.0811159688706,-4.424556739659149e-06
trained_53tet,53tet-Q4,24000,20260826,940.0,452.8929,779.4752720255053,452.9Hz_+50c,3,452.8671204019569,389.7356386932551,452.892901046251,779.4752700351476,90.58882041009774,97.28188856850142,2786.0194511131513,2402.703264641888,1,-259.9103239978483,939.9999915799538,-1199.9103239978483,-8.420046242463286e-06,-1200.0088722157213,-4.420634400169328e-06
trained_53tet,53tet-Q4,24000,20260826,940.0,452.8929,779.4752720255053,452.9Hz_+50c,4,452.8534177939794,389.74399624930555,452.89290103829325,779.475270035433,90.58426584241418,129.9130897611146,2786.054111662567,1901.9759980690058,1,-259.8208159897328,939.999991611007,-1199.8208159897329,-8.38899302380014e-06,-1199.9717477420252,-4.420000313925543e-06
trained_53tet,53tet-Q4,24000,20260826,945.0,440.0,759.4755517599697,440Hz_ongrid,0,439.96243732522,379.68741567487206,439.9999989092827,759.4755503588492,62.852011663281424,94.92781168358279,3368.8194361586734,2399.8913426014115,1,-255.0818073972657,945.0000010976897,-1200.0818073972657,1.0976897328873747e-06,-1200.229608664307,-3.1938716465281004e-06
trained_53tet,53tet-Q4,24000,20260826,945.0,440.0,759.4755517599697,440Hz_ongrid,1,439.9889872575791,379.80889379443846,439.99999891468696,759.4755503580903,62.85665644471264,94.90157982782578,3368.7959719370388,2400.9236155529725,1,-254.63247047052943,945.000001074696,-1199.6324704705294,1.0746960015239893e-06,-1199.6758020006505,-3.195601496843352e-06
trained_53tet,53tet-Q4,24000,20260826,945.0,440.0,759.4755517599697,440Hz_ongrid,2,440.00703499462986,379.8235118550244,439.99999890386374,759.4755503603374,62.85965373752798,94.94423896003143,3368.784432108426,2400.212215136009,1,-254.6368514859908,945.0000011224033,-1199.6368514859907,1.1224033187318128e-06,-1199.60917165673,-3.1904794100598952e-06
trained_53tet,53tet-Q4,24000,20260826,945.0,440.0,759.4755517599697,440Hz_ongrid,3,440.00467531991444,379.79110932062343,439.99999891773956,759.475550358854,93.56979097667453,126.58393644606028,2680.084941125825,1902.134154580396,1,-254.7752641018748,945.000001064426,-1199.7752641018749,1.0644259873515693e-06,-1199.7568685790934,-3.1938608830150273e-06
trained_53tet,53tet-Q4,24000,20260826,945.0,440.0,759.4755517599697,440Hz_ongrid,4,439.957777207718,379.68873541985073,439.9999989216807,759.4755503591434,62.85238520109547,126.55672947613539,3368.7908097691056,1902.0395700515642,1,-255.0574523918849,945.0000010495789,-1200.057452391885,1.0495789410924772e-06,-1200.2235911262535,-3.193201041222554e-06
trained_53tet,53tet-Q4,24000,20260826,945.0,452.8929,781.7297388992563,452.9Hz_+50c,0,452.8630484431373,390.81875432962113,452.8929010418963,781.7297403465498,140.44218151887173,125.33215487801039,2026.9182187948268,1968.8917246829221,1,-255.09015225850834,944.9999992224388,-1200.0901522585084,-7.775612402838306e-07,-1200.204266953015,3.2052046588315996e-06
trained_53tet,53tet-Q4,24000,20260826,945.0,452.8929,781.7297388992563,452.9Hz_+50c,1,452.87661159136997,781.7640223963452,452.89290104940386,781.7297403473965,90.60000529841456,95.12283865714053,2785.8419938301226,3646.643421653546,0,945.1381886355757,944.9999991956156,0.13818863557571603,-8.043843990890309e-07,0.07592324185776689,3.2070798165663997e-06
trained_53tet,53tet-Q4,24000,20260826,945.0,452.8929,781.7297388992563,452.9Hz_+50c,2,452.84714968577657,781.6644507090588,452.89290104304206,781.7297403472112,90.58575727697827,96.24160388453546,2786.0016450011894,3626.1802036467043,0,945.0303000079509,944.9999992195239,0.030300007950927466,-7.804760571161751e-07,-0.14459454779718833,3.206669265426431e-06
trained_53tet,53tet-Q4,24000,20260826,945.0,452.8929,781.7297388992563,452.9Hz_+50c,3,452.83762378631565,781.7396235615465,452.8929010534609,781.729740346484,90.58543800849222,95.55225897420924,2785.971328842974,3638.7915345711076,0,945.2332030687625,944.9999991780863,0.23320306876246377,-8.219136589104892e-07,0.02189062904769652,3.205058966994475e-06
trained_53tet,53tet-Q4,24000,20260826,945.0,452.8929,781.7297388992563,452.9Hz_+50c,4,452.86927492643974,390.85043994673475,452.892901042374,781.7297403473046,90.59696492707933,61.87639062238954,2785.8720454069944,3190.9868552599573,1,-254.97360104487154,944.9999992222846,-1199.9736010448714,-7.777153996357811e-07,-1200.0639129013407,3.206876463052314e-06
trained_53tet,53tet-Q4,24000,20260826,950.0,440.0,761.6721736854058,440Hz_ongrid,0,439.99115410789426,380.80478145163715,439.9999989151959,761.6721723123575,93.33756936490632,126.93450800769848,2684.3336590655053,1901.9607174603618,1,-250.10751071102558,950.0000011474405,-1200.1075107110255,1.1474404573164065e-06,-1200.1423163100067,-3.1208544725172886e-06
trained_53tet,53tet-Q4,24000,20260826,950.0,440.0,761.6721736854058,440Hz_ongrid,1,440.0012123733009,380.81989677894734,439.99999891037487,761.6721723099527,62.85885158350758,95.19957393684793,3368.7836149774394,2400.0982025946887,1,-250.07836982975047,950.0000011609432,-1200.0783698297505,1.1609431567194406e-06,-1200.0735996046433,-3.1263206073076707e-06
trained_53tet,53tet-Q4,24000,20260826,950.0,440.0,761.6721736854058,440Hz_ongrid,2,440.00596461971764,380.8541150919719,439.9999989169424,761.6721723088828,93.99264650989205,95.20380509438354,2672.283939931319,2400.176811250988,1,-249.94151610398714,950.0000011326707,-1199.9415161039872,1.132670718106965e-06,-1199.9180477340892,-3.1287523924396394e-06
trained_53tet,53tet-Q4,24000,20260826,950.0,440.0,761.6721736854058,440Hz_ongrid,3,440.0013005863185,380.8131874833247,439.9999989108201,761.6721723093527,62.8516543968771,95.20300987203872,3368.9821955259576,2400.005218966641,1,-250.10921811243307,950.0000011578278,-1200.1092181124332,1.1578277963053552e-06,-1200.1041008033635,-3.127684113767217e-06
trained_53tet,53tet-Q4,24000,20260826,950.0,440.0,761.6721736854058,440Hz_ongrid,4,439.9947760231487,380.8896528290605,439.99999891335756,761.672172311315,93.76247483186447,95.21484176835587,2676.4846081552787,2400.1376614344576,1,-249.7359582314896,950.000001152304,-1199.7359582314896,1.1523039802341373e-06,-1199.7565127321366,-3.123224175243494e-06
trained_53tet,53tet-Q4,24000,20260826,950.0,452.8929,783.990726340198,452.9Hz_+50c,0,452.88313140376016,784.0096677203984,452.8929010478519,783.9907253400673,90.59985076161807,96.06760424463332,2785.869870238733,3634.499435479486,0,950.0791684326307,949.9999937859467,0.07916843263069495,-6.21405331457936e-06,0.04182647206615987,-2.2085212296362847e-06
trained_53tet,53tet-Q4,24000,20260826,950.0,452.8929,783.990726340198,452.9Hz_+50c,1,452.84322698042297,391.9547576582035,452.8929010499496,783.9907253416342,90.58620471244595,100.62731880714199,2785.9780972756007,2353.9981307428448,1,-249.9894510185856,949.999993781388,-1199.9894510185857,-6.218612043085159e-06,-1200.1793421366192,-2.205061336802164e-06
trained_53tet,53tet-Q4,24000,20260826,950.0,452.8929,783.990726340198,452.9Hz_+50c,2,452.8859982039645,391.99569001474174,452.89290103435724,783.9907253410518,90.59557352968794,94.67109298998385,2785.9625628433955,2459.8102903087206,1,-249.9721734098188,949.9999938397054,-1199.9721734098189,-6.160294560686452e-06,-1199.9985565024704,-2.206347384408024e-06
trained_53tet,53tet-Q4,24000,20260826,950.0,452.8929,783.990726340198,452.9Hz_+50c,3,452.8187976082632,392.0284132446454,452.8929010352218,783.9907253406769,90.57325065561878,93.73091380628225,2786.1322890496035,2477.23364157724,1,-249.57075373115666,949.9999938355727,-1199.5707537311566,-6.1644273046113085e-06,-1199.8540416346189,-2.207175213886195e-06
trained_53tet,53tet-Q4,24000,20260826,950.0,452.8929,783.990726340198,452.9Hz_+50c,4,452.9104243618886,392.00854808627093,452.8929010465162,783.990725341569,90.5950237079375,94.01690702898163,2786.0664403224987,2471.8715871591835,1,-250.0087577985108,949.9999937943687,-1200.0087577985107,-6.205631279954105e-06,-1199.9417702501598,-2.2052051065838384e-06
trained_53tet,53tet-Q4,24000,20260826,955.0,440.0,763.8751488737905,440Hz_ongrid,0,440.0011385222343,381.9788541494759,439.9999989112354,763.8751472922888,62.85447948129673,95.48578050434855,3368.9037433290946,2400.1619555024745,1,-244.81737843989174,955.0000006995884,-1199.8173784398919,6.995884405114339e-07,-1199.8128987901016,-3.584289444650419e-06
trained_53tet,53tet-Q4,24000,20260826,955.0,440.0,763.8751488737905,440Hz_ongrid,1,439.9987453099367,381.9956721187938,439.99999891847574,763.8751472919856,94.12028975584987,127.32597975841537,2669.9060912184063,1902.0353693547806,1,-244.73174003006346,955.0000006704132,-1199.7317400300635,6.70413214720611e-07,-1199.7366767692808,-3.58497657963691e-06
trained_53tet,53tet-Q4,24000,20260826,955.0,440.0,763.8751488737905,440Hz_ongrid,2,439.98977842748604,381.9419326391533,439.99999891642034,763.8751472914511,93.49210013495716,95.46980267281864,2681.464364935687,2400.284324080274,1,-244.9400268973366,955.000000677289,-1199.9400268973366,6.772889946660143e-07,-1199.9802453971547,-3.586188051474632e-06
trained_53tet,53tet-Q4,24000,20260826,955.0,440.0,763.8751488737905,440Hz_ongrid,3,439.98457251307434,381.98675526262343,439.9999989114165,763.875147292503,62.85881269031572,127.32049022841854,3368.719213527234,1902.069599001189,1,-244.7163867189374,955.0000006993613,-1199.7163867189374,6.993612942096661e-07,-1199.777089125534,-3.583803933328496e-06
trained_53tet,53tet-Q4,24000,20260826,955.0,440.0,763.8751488737905,440Hz_ongrid,4,439.99049797485145,127.29289810304535,439.9999989173794,763.8751472940135,93.53764652220453,127.29289810304535,2680.6239991752213,0.0,1,-2147.1845240531993,955.0000006793229,-3102.1845240531993,6.79322852192854e-07,-3102.221911342064,-3.5803807517594364e-06
trained_53tet,53tet-Q4,24000,20260826,955.0,452.8929,786.258253207688,452.9Hz_+50c,0,452.83717430634823,786.2488837122455,452.8929010424197,786.2582546819559,90.5850113214157,95.29644567445604,2785.977765143152,3653.3901029644603,0,955.1924003567411,954.9999992613713,0.19240035674113187,-7.386287279587123e-07,-0.020630481289317985,3.2461379144840186e-06
trained_53tet,53tet-Q4,24000,20260826,955.0,452.8929,786.258253207688,452.9Hz_+50c,1,452.8652213625325,786.307723260399,452.89290104489896,786.2582546832823,90.59215962799377,94.6081928284479,2785.948377103803,3666.068396488479,0,955.214730858971,954.9999992548146,0.21473085897105193,-7.45185388950631e-07,0.10892292084690147,3.2490586706276575e-06
trained_53tet,53tet-Q4,24000,20260826,955.0,452.8929,786.258253207688,452.9Hz_+50c,2,452.8323601871753,786.2898213399003,452.8929010459711,786.2582546818892,142.07908817383228,112.32637616451457,2006.7393976250623,3368.837329735234,0,955.3009430632918,954.9999992476488,0.3009430632918111,-7.523511840190622e-07,0.06950735083174531,3.245991069413359e-06
trained_53tet,53tet-Q4,24000,20260826,955.0,452.8929,786.258253207688,452.9Hz_+50c,3,452.88306126650474,786.2774103354882,452.89290105274137,786.2582546838639,90.58664868840322,94.37054367503634,2786.1218933146006,3670.355864142908,0,955.0797909575684,954.9999992261168,0.07979095756843435,-7.738832437098608e-07,0.04218088365236066,3.2503391442673593e-06
trained_53tet,53tet-Q4,24000,20260826,955.0,452.8929,786.258253207688,452.9Hz_+50c,4,452.8721116818745,393.1272326626018,452.8929010498973,786.2582546833756,90.59234186948122,94.93421077609042,2785.9712348666126,2459.9955905589272,1,-244.92887291562008,954.9999992359133,-1199.92887291562,-7.640867352165515e-07,-1200.0083404236464,3.249263946197637e-06
trained_53tet,53tet-Q4,24000,20260826,960.0,440.0,766.0844957005893,440Hz_ongrid,0,440.0222144064059,383.0240923510426,439.99999891377115,766.0844935672189,93.29292823910424,95.75003858522294,2685.284073656425,2400.1082010091263,1,-240.16946236442715,959.9999994528094,-1200.169462364427,-5.471905524245813e-07,-1200.0820592599869,-4.821091480985062e-06
trained_53tet,53tet-Q4,24000,20260826,960.0,440.0,766.0844957005893,440Hz_ongrid,1,440.0104669864139,382.9346875644786,439.9999989111603,766.0844935686979,62.85862086780881,127.65051332770959,3368.8263822000154,1901.878813358858,1,-240.5273910846284,959.9999994664245,-1200.5273910846283,-5.335755304258782e-07,-1200.486207930674,-4.817749217967268e-06
trained_53tet,53tet-Q4,24000,20260826,960.0,440.0,766.0844957005893,440Hz_ongrid,2,439.98969372939536,383.0610232781041,439.99999891466484,766.084493567015,62.854650610815646,127.67594615981125,3368.8539984125723,1902.1049851721,1,-239.87459111394358,959.9999994488322,-1199.8745911139436,-5.511677727554343e-07,-1199.9151428765783,-4.821552389991715e-06
trained_53tet,53tet-Q4,24000,20260826,960.0,440.0,766.0844957005893,440Hz_ongrid,3,439.9972195728268,382.97484754253855,439.99999890612514,766.0844935669045,62.85491586166213,109.42844298747073,3368.876304299854,2168.7142407913225,1,-240.2937156569427,959.9999994821832,-1200.2937156569428,-5.178168294150964e-07,-1200.3046556237657,-4.821802065054118e-06
trained_53tet,53tet-Q4,24000,20260826,960.0,440.0,766.0844957005893,440Hz_ongrid,4,439.9837571058391,383.0755986921778,439.9999989088654,766.0844935678957,62.85621717322897,109.43736227206854,3368.787491334347,2169.028521946278,1,-239.78536009372127,959.9999994736411,-1199.7853600937212,-5.263589173409855e-07,-1199.849270935718,-4.819561908893763e-06
trained_53tet,53tet-Q4,24000,20260826,960.0,452.8929,788.5323384156304,452.9Hz_+50c,0,452.8752331991692,394.240836768376,452.89290104118487,788.5323391785689,90.58898040915679,131.43617646304895,2786.047406956954,1901.6577670452452,1,-240.04370439087432,959.999997694996,-1200.0437043908744,-2.3050040454108967e-06,-1200.111239041342,1.6750425027847683e-06
trained_53tet,53tet-Q4,24000,20260826,960.0,452.8929,788.5323384156304,452.9Hz_+50c,1,452.84856807398324,788.5608573293696,452.89290105155806,788.532339176939,90.58261559009456,94.36205499014117,2786.0671110298417,3675.532028317396,0,960.2320846195735,959.9999976517649,0.23208461957347026,-2.3482350570702692e-06,0.06261255155540735,1.6714640191093454e-06
trained_53tet,53tet-Q4,24000,20260826,960.0,452.8929,788.5323384156304,452.9Hz_+50c,2,452.82266369876197,394.26490043664404,452.8929010468916,788.5323391769222,90.58727606472537,95.76677951378959,2785.879006432997,2449.881705124164,1,-239.73706423721447,959.999997669566,-1199.7370642372146,-2.3304339720198186e-06,-1200.0055712195413,1.671427115636057e-06
trained_53tet,53tet-Q4,24000,20260826,960.0,452.8929,788.5323384156304,452.9Hz_+50c,3,452.89744630496284,394.27300854327564,452.892901047523,788.5323391770978,90.58442340707342,94.32081921242988,2786.219410738185,2476.25615377508,1,-239.98734721728442,959.999997667538,-1199.9873472172844,-2.3324620315179345e-06,-1199.969968542448,1.671812680049684e-06
trained_53tet,53tet-Q4,24000,20260826,960.0,452.8929,788.5323384156304,452.9Hz_+50c,4,452.8759875474264,394.2332823949864,452.89290104861936,788.5323391777636,90.5824357909345,112.65177180316377,2786.175368501408,2168.615488370434,1,-240.07976200140178,959.9999976648088,-1200.0797620014018,-2.3351911977442796e-06,-1200.1444129607237,1.6732742113563725e-06
trained_53tet,53tet-Q4,24000,20260826,965.0,440.0,768.3002325944143,440Hz_ongrid,0,440.00300082112375,384.07135351554996,439.9999989094881,768.3002294307712,62.85694836712353,96.02598465951719,3368.8430702505825,2399.8531260398304,1,-235.3668005478973,964.9999971620208,-1200.3668005478974,-2.837979195646767e-06,-1200.354993488831,-7.128732371235564e-06
trained_53tet,53tet-Q4,24000,20260826,965.0,440.0,768.3002325944143,440Hz_ongrid,1,439.96756173960546,384.1304761404164,439.9999989154493,768.3002294302967,93.71700993983137,96.03426367120964,2677.2171947899037,2399.9703514735684,1,-234.9608767509358,964.9999971374966,-1199.9608767509358,-2.862503379219561e-06,-1200.0885137761052,-7.129801610938411e-06
trained_53tet,53tet-Q4,24000,20260826,965.0,440.0,768.3002325944143,440Hz_ongrid,2,439.9997803399051,384.1044836547276,439.99999891847307,768.3002294305167,62.8570248807137,96.02784346093478,3368.8282915416007,2399.968944848755,1,-235.20479875037583,964.9999971260947,-1200.2047987503759,-2.873905259548337e-06,-1200.2056630302177,-7.129305912719168e-06
trained_53tet,53tet-Q4,24000,20260826,965.0,440.0,768.3002325944143,440Hz_ongrid,3,439.9999626446619,384.0899257880856,439.9999989148327,768.3002294309093,62.8573050229342,128.0342383502817,3368.82129306713,1901.897355931092,1,-235.2711324473777,964.9999971413032,-1200.2711324473778,-2.858696802832128e-06,-1200.2712794265508,-7.128420998178111e-06
trained_53tet,53tet-Q4,24000,20260826,965.0,440.0,768.3002325944143,440Hz_ongrid,4,439.9859776155673,384.27701215526736,439.9999989060839,768.3002294313161,62.854222405759906,96.02851552351834,3368.851170787546,2400.73427375179,1,-234.37304424356134,964.9999971766432,-1199.3730442435613,-2.8233567945790128e-06,-1199.4282179167756,-7.127504369714535e-06
trained_53tet,53tet-Q4,24000,20260826,965.0,452.8929,790.8130009326336,452.9Hz_+50c,0,452.86061236966566,395.4006796773367,452.892901039712,790.8129988929223,90.59798340442039,93.98748205005766,2785.8194676039843,2487.329790156081,1,-234.90205822908314,964.9999915602835,-1199.9020582290832,-8.439716452812718e-06,-1200.0254857273126,-4.4653002885748885e-06
trained_53tet,53tet-Q4,24000,20260826,965.0,452.8929,790.8130009326336,452.9Hz_+50c,1,452.84130064600254,395.41096398376914,452.89290104067715,790.8129988904873,90.59126558237368,93.97446970861506,2785.8740149430664,2487.614520477277,1,-234.7832016295513,964.9999915512633,-1199.7832016295513,-8.448736707578064e-06,-1199.9804572009612,-4.470631110633645e-06
trained_53tet,53tet-Q4,24000,20260826,965.0,452.8929,790.8130009326336,452.9Hz_+50c,2,452.8778287770752,790.8187517285024,452.8929010511644,790.812998891105,90.59151389185597,96.02960570897602,2786.0089128275736,3650.155105480003,0,965.0702018997506,964.9999915125272,0.0702018997506002,-8.4874727690476e-06,0.012589496386544073,-4.469278752097303e-06
trained_53tet,53tet-Q4,24000,20260826,965.0,452.8929,790.8130009326336,452.9Hz_+50c,3,452.8923322716138,790.8297013978749,452.89290105164594,790.8129988930914,150.97375102207982,131.80819627663396,1901.8444512661993,3101.912365197367,0,965.0387301885899,964.9999915150349,0.03873018858985233,-8.484965064781136e-06,0.03655998161845148,-4.464930292812743e-06
trained_53tet,53tet-Q4,24000,20260826,965.0,452.8929,790.8130009326336,452.9Hz_+50c,4,452.83200590408103,395.4017214730626,452.8929010429117,790.8129988934677,90.5864011464959,131.81608273444428,2785.9314440764497,1901.7512993725202,1,-234.7881341230315,964.999991549246,-1199.7881341230316,-8.450753966826596e-06,-1200.0209243040538,-4.4641064996508975e-06
trained_53tet,53tet-Q4,24000,20260826,970.0,440.0,770.522378037179,440Hz_ongrid,0,439.9920322545437,385.25573686790136,439.99999891447203,770.5223807274918,62.85683928905446,96.30623395158916,3368.8029171137496,2400.1384170905594,1,-229.99314994547498,970.0000103158233,-1199.993149945475,1.0315823260498291e-05,-1200.0245003025761,6.044680131545954e-06
trained_53tet,53tet-Q4,24000,20260826,970.0,440.0,770.522378037179,440Hz_ongrid,1,440.01883301800075,385.29222321997554,439.99999890382435,770.5223807277587,62.85764200320669,128.41451726676303,3368.886258100142,1902.173710033271,1,-229.9346476030971,970.0000103583172,-1199.9346476030971,1.0358317240388715e-05,-1199.8605483661463,6.045279428574196e-06
trained_53tet,53tet-Q4,24000,20260826,970.0,440.0,770.522378037179,440Hz_ongrid,2,439.9872668813923,385.3309604326768,439.99999891213844,770.5223807273179,62.8580614474692,96.30681209692318,3368.750505764431,2400.466025337486,1,-229.63639840287266,970.0000103246141,-1199.6363984028726,1.0324614095225115e-05,-1199.6864991470895,6.044289185376794e-06
trained_53tet,53tet-Q4,24000,20260826,970.0,440.0,770.522378037179,440Hz_ongrid,3,439.98884000772,385.249453686054,439.9999989149288,770.5223807269114,62.856978133193174,128.419538519126,3368.7865324439936,1901.9138297363018,1,-230.008824518418,970.0000103127218,-1200.008824518418,1.0312721769878408e-05,-1200.0527354357957,6.043375824415215e-06
trained_53tet,53tet-Q4,24000,20260826,970.0,440.0,770.522378037179,440Hz_ongrid,4,440.0088267051041,385.26068204866164,439.99999891557144,770.5223807278126,62.857652501287575,128.4234583270107,3368.846599130736,1901.911444581957,1,-230.0370075607827,970.0000103122179,-1200.0370075607827,1.0312217909813626e-05,-1200.0022781536356,6.0454005180956175e-06
trained_53tet,53tet-Q4,24000,20260826,970.0,452.8929,793.1002597821689,452.9Hz_+50c,0,452.84514886767795,793.050810635188,452.89290103976396,793.1002607648585,129.35563103270636,94.52311363052497,2169.209933709543,3682.409092734355,0,970.0745993175209,969.9999981704683,0.07459931752089233,-1.8295316976946197e-06,-0.10794438004689837,2.1450828108156594e-06
trained_53tet,53tet-Q4,24000,20260826,970.0,452.8929,793.1002597821689,452.9Hz_+50c,1,452.81497029992056,396.5176325106518,452.8929010416289,793.1002607610692,90.5846323266086,94.42430374550186,2785.900118557311,2484.185851044328,1,-229.84396019259933,969.9999981550678,-1199.8439601925993,-1.8449321714797406e-06,-1200.1418808687206,2.1368110510447983e-06
trained_53tet,53tet-Q4,24000,20260826,970.0,452.8929,793.1002597821689,452.9Hz_+50c,2,452.88038040674957,396.54221510133533,452.89290104023667,793.1002607617581,90.59557395043136,94.61206911935405,2785.941079681038,2480.8539885807495,1,-229.98669602994332,969.9999981618936,-1199.9866960299432,-1.8381064137429348e-06,-1200.0345542447658,2.1383152519920724e-06
trained_53tet,53tet-Q4,24000,20260826,970.0,452.8929,793.1002597821689,452.9Hz_+50c,3,452.87349762325897,793.0536376927164,452.8929010495258,793.1002607613892,90.58725479945812,94.38469126232354,2786.0737504646163,3684.9523913499197,0,969.9723964463755,969.9999981255795,-0.027603553624544475,-1.8744204908216489e-06,-0.10177290974163297,2.137509910570008e-06
trained_53tet,53tet-Q4,24000,20260826,970.0,452.8929,793.1002597821689,452.9Hz_+50c,4,452.82376071188446,396.54608778048157,452.892901048472,793.1002607609242,113.21042844367439,94.56464815780113,2399.9313632803573,2481.7388334545,1,-229.75333400567138,969.9999981285928,-1199.7533340056714,-1.8714072211878374e-06,-1200.0176468865943,2.1364946806436717e-06
trained_53tet,53tet-Q4,24000,20260826,975.0,440.0,772.7509505642518,440Hz_ongrid,0,439.9983598257213,386.2731888136384,439.9999989123063,772.7509519673574,62.856976225396224,96.57232892073019,3368.824042427535,2399.9277226501467,1,-225.45192256224232,975.0000074231148,-1200.4519225622423,7.4231147664249875e-06,-1200.458376041447,3.1434505404490073e-06
trained_53tet,53tet-Q4,24000,20260826,975.0,440.0,772.7509505642518,440Hz_ongrid,1,439.9754210308619,386.3809239596417,439.9999989137542,772.7509519676838,93.0136472788096,128.79961053478254,2690.2903400385303,1901.874765005077,1,-224.8788745876807,975.000007418149,-1199.8788745876807,7.418149039040145e-06,-1199.9755862622499,3.14418169051291e-06
trained_53tet,53tet-Q4,24000,20260826,975.0,440.0,772.7509505642518,440Hz_ongrid,2,439.997266486141,386.2377757768261,439.9999989119203,772.7509519685717,62.85729947747033,96.57714690482696,3368.810837401608,2399.682629084976,1,-225.60634528328052,975.0000074273541,-1200.6063452832805,7.4273541486036265e-06,-1200.6171006627494,3.146171018368165e-06
trained_53tet,53tet-Q4,24000,20260826,975.0,440.0,772.7509505642518,440Hz_ongrid,3,440.02030190056274,386.16304332309824,439.99999891200184,772.7509519684045,92.68343534170437,96.5699238449647,2696.623997857405,2399.4771081299,1,-226.03198492008906,975.0000074266585,-1201.0319849200891,7.426658498843608e-06,-1200.9521064412738,3.1457962174679003e-06
trained_53tet,53tet-Q4,24000,20260826,975.0,440.0,772.7509505642518,440Hz_ongrid,4,440.0130937581518,386.3514374910069,439.99999891817765,772.7509519687794,94.00487248733656,96.58196958201876,2672.0868163075816,2400.10557141679,1,-225.1592278051621,975.000007403199,-1200.1592278051621,7.403198992506077e-06,-1200.1077095718424,3.146636155895674e-06
trained_53tet,53tet-Q4,24000,20260826,975.0,452.8929,795.3941340427286,452.9Hz_+50c,0,452.8595664014088,397.68082255634323,452.8929010491032,795.3941315909108,90.59726155525665,94.42710080997841,2785.8292628311774,2489.2057335499526,1,-224.94328987961447,974.9999906531224,-1199.9432898796144,-9.346877618554572e-06,-1200.0707159988372,-5.3365626575868e-06
trained_53tet,53tet-Q4,24000,20260826,975.0,452.8929,795.3941340427286,452.9Hz_+50c,1,452.846271287301,397.6817247341421,452.89290104249324,795.3941315894646,90.58435450521544,93.57114995937631,2786.0250962292016,2504.9742917039566,1,-224.8885358545076,974.999990675242,-1199.8885358545076,-9.324758025286428e-06,-1200.0667885297125,-5.339710408547684e-06
trained_53tet,53tet-Q4,24000,20260826,975.0,452.8929,795.3941340427286,452.9Hz_+50c,2,452.8362614907997,795.3574199586142,452.89290104962583,795.3941315883226,90.5875469294731,93.80034668411378,2785.925816254179,3700.725802130639,0,975.1366078523864,974.9999906454913,0.13660785238641893,-9.354508733849798e-06,-0.07991275865885956,-5.342196011248194e-06
trained_53tet,53tet-Q4,24000,20260826,975.0,452.8929,795.3941340427286,452.9Hz_+50c,3,452.84292652223485,795.4462755146816,452.8929010423293,795.3941315898649,90.59051131814788,94.62340357968111,2785.8946450753306,3685.7946406512883,0,975.3045258227215,974.9999906767398,0.30452582272152995,-9.323260201199446e-06,0.11348604310436329,-5.338839140604489e-06
trained_53tet,53tet-Q4,24000,20260826,975.0,452.8929,795.3941340427286,452.9Hz_+50c,4,452.8113056672872,397.6779050857323,452.8929010519972,795.3941315900564,90.5700302128511,96.07285867001775,2786.1652025785866,2459.2795048660123,1,-224.77148513040922,974.9999906402,-1199.7714851304092,-9.359799946651037e-06,-1200.0834167445091,-5.338422246677998e-06
trained_53tet,53tet-Q4,24000,20260826,980.0,440.0,774.9859687646107,440Hz_ongrid,0,439.9847931034993,387.504455596928,439.99999891639345,774.9859693804844,62.85355962036764,129.16826666051026,3368.8647656427283,1901.9534622764068,1,-219.88891544002382,980.0000056393781,-1199.8889154400238,5.639378059640876e-06,-1199.9487498762812,1.3757949287428103e-06
trained_53tet,53tet-Q4,24000,20260826,980.0,440.0,774.9859687646107,440Hz_ongrid,1,440.020674743916,387.4408167921839,439.9999989112345,774.9859693801127,93.2103503471492,96.85258747793763,2686.8110900026886,2400.1361430506113,1,-220.31443450144818,980.0000056588459,-1200.3144345014482,5.658845907419163e-06,-1200.2330890929666,1.374964216182501e-06
trained_53tet,53tet-Q4,24000,20260826,980.0,440.0,774.9859687646107,440Hz_ongrid,2,440.00614455452194,387.464292725093,439.99999891398164,774.985969379485,62.85795108107384,129.13888951164063,3368.827822553619,1902.1678041830821,1,-220.15236914167303,980.0000056466349,-1200.152369141673,5.646634917866322e-06,-1200.1281928059268,1.3735622686084843e-06
trained_53tet,53tet-Q4,24000,20260826,980.0,440.0,774.9859687646107,440Hz_ongrid,3,439.99344970822807,387.4331953545122,439.99999891560435,774.9859693804008,62.857218426454594,96.86280422144252,3368.798051993748,2399.9194731806638,1,-220.2413718127726,980.0000056422958,-1200.2413718127725,5.642295832331001e-06,-1200.2671449322222,1.3756077204980762e-06
trained_53tet,53tet-Q4,24000,20260826,980.0,440.0,774.9859687646107,440Hz_ongrid,4,439.9869824268243,387.5308870679044,439.99999891256493,774.9859693794851,92.86953186177003,96.86567044338449,2693.020287275632,2400.3047233757443,1,-219.77944735951493,980.0000056522093,-1199.779447359515,5.652209324580326e-06,-1199.8306673579236,1.3735622686084843e-06
trained_53tet,53tet-Q4,24000,20260826,980.0,452.8929,797.6946428479862,452.9Hz_+50c,0,452.88000919320626,398.86729952994426,452.8929010514657,797.6946433842928,90.58882967110901,94.77800321429275,2786.0685450846036,2487.94161559773,1,-219.86400807684075,979.9999971445986,-1199.8640080768407,-2.8554013624670915e-06,-1199.9132853369933,1.163944389703194e-06
trained_53tet,53tet-Q4,24000,20260826,980.0,452.8929,797.6946428479862,452.9Hz_+50c,1,452.8776665491653,398.7592586693863,452.8929010453926,797.6946433838078,90.63901863550008,93.73041636113348,2785.1006991182,2506.7145843601697,1,-220.32405425717226,979.999997166761,-1200.3240542571723,-2.8332390229479643e-06,-1200.382286815717,1.1628918718918077e-06
trained_53tet,53tet-Q4,24000,20260826,980.0,452.8929,797.6946428479862,452.9Hz_+50c,2,452.85158181129674,797.7677169194718,452.8929010527563,797.6946433848478,90.58162751241277,94.86463426262102,2786.097516921139,3686.431788711485,0,980.31653578113,979.9999971408696,0.3165357811300282,-2.8591304044311983e-06,0.15858515241522825,1.1651491343419383e-06
trained_53tet,53tet-Q4,24000,20260826,980.0,452.8929,797.6946428479862,452.9Hz_+50c,3,452.86344894211226,398.8220705130544,452.89290104613974,797.6946433841903,90.59300107052668,94.57980440692012,2785.9255213418505,2491.369423458621,1,-219.9970237649972,979.9999971647351,-1199.9970237649973,-2.8352649223961635e-06,-1200.1096074068867,1.1637218156298584e-06
trained_53tet,53tet-Q4,24000,20260826,980.0,452.8929,797.6946428479862,452.9Hz_+50c,4,452.85178482174086,797.6668488253833,452.89290104691617,797.6946433835982,90.58168613102396,139.6634794009806,2786.0971726789103,3016.5978008679035,0,980.0968522014499,979.9999971604822,0.0968522014499058,-2.8395178333084914e-06,-0.060322326377498146,1.1624371134656317e-06
trained_53tet,53tet-Q4,24000,20260826,985.0,440.0,777.2274512809981,440Hz_ongrid,0,440.00466760444374,388.5493919586797,439.9999989161922,777.2274499130215,93.75045664502373,97.12649121854646,2676.7454463221297,2400.193506026938,1,-215.30498880538406,985.0000012172773,-1200.304988805384,1.2172772585472558e-06,-1200.2866236397476,-3.047097499191464e-06
trained_53tet,53tet-Q4,24000,20260826,985.0,440.0,777.2274512809981,440Hz_ongrid,1,439.9932294929437,388.6040186132801,439.99999890694846,777.2274499135976,62.856467091375265,67.00623766232664,3368.8178791564806,3043.120213921279,1,-215.016604748093,985.0000012549314,-1200.016604748093,1.2549313623821945e-06,-1200.043244344746,-3.0458141424632474e-06
trained_53tet,53tet-Q4,24000,20260826,985.0,440.0,777.2274512809981,440Hz_ongrid,2,439.98840062819687,388.55622308624123,439.99999891477984,777.227449913446,92.82245019261934,97.13282629693131,2693.90376638774,2400.111026654752,1,-215.21054714533793,985.0000012237799,-1200.2105471453378,1.2237799182912568e-06,-1200.256186900135,-3.0461518476858736e-06
trained_53tet,53tet-Q4,24000,20260826,985.0,440.0,777.2274512809981,440Hz_ongrid,3,440.0209932133291,388.6519296007547,439.99999891268595,777.227449913745,62.860781774257134,97.12171774311665,3368.8082834115753,2400.735403048904,1,-214.91241207050052,985.0000012326846,-1199.9124120705005,1.23268455354264e-06,-1199.8298136643216,-3.0454858553145587e-06
trained_53tet,53tet-Q4,24000,20260826,985.0,440.0,777.2274512809981,440Hz_ongrid,4,439.987033027782,388.5870023692225,439.9999989108046,777.2274499143327,62.85622844781886,97.12931436948985,3368.800070746141,2400.310755549972,1,-215.06803261272387,985.0000012413961,-1200.068032612724,1.241396148543572e-06,-1200.1190535095693,-3.0441767430372072e-06
trained_53tet,53tet-Q4,24000,20260826,985.0,452.8929,800.0018053869545,452.9Hz_+50c,0,452.8331116003747,399.98197454059897,452.8929010508159,800.0018081662199,129.33511501127006,93.90995332977461,2169.438512856743,2508.7020071402153,1,-214.85336144098895,985.000001997573,-1199.853361440989,1.9975730083388044e-06,-1200.081924410353,6.014435044384054e-06
trained_53tet,53tet-Q4,24000,20260826,985.0,452.8929,800.0018053869545,452.9Hz_+50c,1,452.8455331400794,399.98100122251424,452.89290104445223,800.0018081644617,90.59113089717506,99.99917858046379,2785.8927697836953,2399.9319904740587,1,-214.9050625900227,985.0000020180942,-1199.9050625900227,2.0180941646685824e-06,-1200.0861372088448,6.010630142533097e-06
trained_53tet,53tet-Q4,24000,20260826,985.0,452.8929,800.0018053869545,452.9Hz_+50c,2,452.9055027421276,399.99452050091526,452.8929010382631,800.0018081676221,90.60843692759079,100.00094675750826,2785.791325305237,2399.9598935883364,1,-215.07579755969527,985.0000020485918,-1200.0757975596953,2.048591795755783e-06,-1200.0276228307087,6.017469586232043e-06
trained_53tet,53tet-Q4,24000,20260826,985.0,452.8929,800.0018053869545,452.9Hz_+50c,3,452.8699593405518,400.0063308807469,452.8929010510935,800.0018081661051,90.58965280906916,100.00056857481516,2786.014396037087,2400.0175570411275,1,-214.88881108382168,985.0000019962637,-1199.8888110838216,1.9962636770287645e-06,-1199.9765065558618,6.014186714762341e-06
trained_53tet,53tet-Q4,24000,20260826,985.0,452.8929,800.0018053869545,452.9Hz_+50c,4,452.7982382758169,400.00940163343313,452.8929010439682,800.0018081668301,90.57368887983753,100.00113926884089,2786.045307764001,2400.0209672938618,1,-214.60132342853714,985.0000020250694,-1199.6013234285372,2.025069420596992e-06,-1199.963216338206,6.015755496784339e-06
trained_53tet,53tet-Q4,24000,20260826,990.0,440.0,779.4754168100773,440Hz_ongrid,0,440.01429100107555,389.71411738637835,439.9999989078003,779.4754148716713,62.86053692602078,97.10145836610062,3368.788657112469,2405.8215903688347,1,-210.1610244217285,989.9999999921464,-1200.1610244217286,-7.853600436646957e-09,-1200.1047956356454,-4.305247233485244e-06
trained_53tet,53tet-Q4,24000,20260826,990.0,440.0,779.4754168100773,440Hz_ongrid,1,439.9790509265078,389.7554145605514,439.9999989081407,779.4754148724165,62.85433527895391,62.21130753899096,3368.8208068596687,3176.7843977359516,1,-209.83892150853333,989.9999999924623,-1199.8389215085333,-7.537664714618586e-09,-1199.92135017384,-4.3035921511436676e-06
trained_53tet,53tet-Q4,24000,20260826,990.0,440.0,779.4754168100773,440Hz_ongrid,2,440.00783900442934,389.7443658390425,439.99999891625004,779.4754148724893,62.860646496179335,97.30824993523888,3368.760253922333,2402.272965985491,1,-210.00127085475253,989.9999999607167,-1200.0012708547524,-3.92833499063272e-08,-1199.9704276036412,-4.3034305062418835e-06
trained_53tet,53tet-Q4,24000,20260826,990.0,440.0,779.4754168100773,440Hz_ongrid,3,439.9941643906301,779.4357453113852,439.999998912541,779.4754148719943,62.85791056166038,129.89909051389245,3368.7818011299814,3102.0465191026337,0,989.9348474587212,989.9999999742112,-0.06515254127884873,-2.5788835955609102e-08,-0.0881136154475584,-4.304529922220726e-06
trained_53tet,53tet-Q4,24000,20260826,990.0,440.0,779.4754168100773,440Hz_ongrid,4,440.0220956201032,389.7018189175494,439.99999891031905,779.4754148707115,62.86058405534146,129.89601953971822,3368.8180660929224,1902.016131495372,1,-210.2463659561771,989.9999999801043,-1200.2463659561772,-1.9895651348633692e-08,-1200.1594302075036,-4.307379177897366e-06
trained_53tet,53tet-Q4,24000,20260826,990.0,452.8929,802.3156409041469,452.9Hz_+50c,0,452.8667859949111,802.3209806838244,452.89290104985605,802.3156394539469,90.58587609681273,133.71447859497587,2786.074442127798,3102.028602473921,0,990.1113487203269,989.9999928575702,0.11134872032687326,-7.14242980848212e-06,0.011522120669412557,-3.1292367505278923e-06
trained_53tet,53tet-Q4,24000,20260826,990.0,452.8929,802.3156409041469,452.9Hz_+50c,1,452.8370904010439,401.1369288484023,452.8929010345091,802.3156394560107,140.30369157718428,95.41603752651282,2028.5269928901816,2486.149329046005,1,-209.87681040003918,989.9999929206888,-1199.8768104000392,-7.079311217239592e-06,-1200.0901620150319,-3.1247835391998352e-06
trained_53tet,53tet-Q4,24000,20260826,990.0,452.8929,802.3156409041469,452.9Hz_+50c,2,452.87332467599487,401.09122345844946,452.8929010445552,802.3156394544324,90.58958210949696,133.70975378872066,2786.028612134883,1901.7908252496254,1,-210.21259891134952,989.9999928788809,-1200.2125989113495,-7.121119097064366e-06,-1200.2874294062856,-3.1281892300592513e-06
trained_53tet,53tet-Q4,24000,20260826,990.0,452.8929,802.3156409041469,452.9Hz_+50c,3,452.88633137877133,401.15127187696925,452.89290103866284,802.3156394573055,90.58919578294574,133.7138398589598,2786.0857161567205,1901.9970890261013,1,-210.00315174274277,989.9999929076045,-1200.0031517427428,-7.092395549079811e-06,-1200.0282612182807,-3.1219896387352274e-06
trained_53tet,53tet-Q4,24000,20260826,990.0,452.8929,802.3156409041469,452.9Hz_+50c,4,452.8607738354218,401.13287272012496,452.8929010420823,802.3156394578332,129.30693447442985,95.91499260086066,2169.921521380768,2477.1023422236394,1,-209.9848573823656,989.999992895672,-1199.9848573823656,-7.104328005880234e-06,-1200.1076676156852,-3.1208510128166586e-06
trained_53tet,53tet-Q4,24000,20260826,995.0,440.0,781.729884102587,440Hz_ongrid,0,440.0174687787571,781.7001564457781,439.9999989145685,781.7298855503261,62.86062781583972,156.34252841487648,3368.798656834745,2786.2860621206705,0,994.8654316156795,995.0000074769547,-0.1345683843204597,7.476954692720028e-06,-0.06583669283287225,3.2061910579188274e-06
trained_53tet,53tet-Q4,24000,20260826,995.0,440.0,781.729884102587,440Hz_ongrid,1,439.98259967028145,781.7630046559669,439.9999989148135,781.7298855520584,62.85578061482306,93.9879677092636,3368.794961155406,3667.419999574738,0,995.1418129497506,995.000007479827,0.14181294975060155,7.479826990675065e-06,0.07334786126134021,3.210027097081507e-06
trained_53tet,53tet-Q4,24000,20260826,995.0,440.0,781.729884102587,440Hz_ongrid,2,439.9792020771095,390.8715785434011,439.99999891142846,781.7298855517469,62.85218408072256,156.35093577316138,3368.8806543448463,1586.2881981325318,1,-204.88877172672164,995.0000074924559,-1199.8887717267216,7.4924558930433705e-06,-1199.9706056432044,3.209337463425045e-06
trained_53tet,53tet-Q4,24000,20260826,995.0,440.0,781.729884102587,440Hz_ongrid,3,440.006466209996,390.81048506909127,439.9999989149118,781.729885550415,62.85647381690038,93.86898301059199,3368.8697754249038,2469.2984877634103,1,-205.26666167694685,995.0000074758005,-1200.2666616769468,7.475800543943478e-06,-1200.241219766362,3.206387876442857e-06
trained_53tet,53tet-Q4,24000,20260826,995.0,440.0,781.729884102587,440Hz_ongrid,4,439.9965833693284,390.8929647638571,439.99999891537976,781.7298855503394,62.856767325292154,124.79808243778939,3368.822806328131,1976.6134230451194,1,-204.86244196651108,995.000007473792,-1199.8624419665111,7.4737920385814505e-06,-1199.8758851717773,3.2062202731684885e-06
trained_53tet,53tet-Q4,24000,20260826,995.0,452.8929,804.6361686997375,452.9Hz_+50c,0,452.8326189676011,402.2786145632434,452.89290103892466,804.6361696887275,90.59490520337613,134.09018275569292,2785.7712709863795,1901.9897150810395,1,-204.9394062813821,994.9999981564785,-1199.9394062813822,-1.8435215451972908e-06,-1200.1698526445914,2.1278850234455626e-06
trained_53tet,53tet-Q4,24000,20260826,995.0,452.8929,804.6361686997375,452.9Hz_+50c,1,452.901251763054,402.2738143492063,452.8929010398351,804.6361696857465,90.5910667439098,95.72462547427219,2786.106995657701,2485.4589773772605,1,-205.22243608270608,994.9999981465844,-1200.222436082706,-1.8534155969973654e-06,-1200.1905108234382,2.121471122907496e-06
trained_53tet,53tet-Q4,24000,20260826,995.0,452.8929,804.6361686997375,452.9Hz_+50c,2,452.8599393470466,402.30218209732095,452.8929010439842,804.636169684909,90.59380515616972,94.08563127527964,2785.8967385711035,2515.4798954315524,1,-204.94243070211297,994.9999981289221,-1199.942430702113,-1.871077870418958e-06,-1200.0684310903396,2.119669003295717e-06
trained_53tet,53tet-Q4,24000,20260826,995.0,452.8929,804.6361686997375,452.9Hz_+50c,3,452.83099182258076,402.37489109537,452.89290104500196,804.636169688088,113.2107657584489,94.49408608326182,2399.9538507440775,2508.2932021139363,1,-204.51890230547957,994.9999981318714,-1199.5189023054795,-1.8681286064747837e-06,-1199.755569452716,2.1265088314212145e-06
trained_53tet,53tet-Q4,24000,20260826,995.0,452.8929,804.6361686997375,452.9Hz_+50c,4,452.8416413982026,402.2852468243152,452.89290104892024,804.636169687336,90.58370095992443,94.76193960193147,2786.0198865452235,2503.0070364916387,1,-204.94535762233986,994.9999981152753,-1199.9453576223398,-1.884724724732223e-06,-1200.1413104822075,2.1248908447646543e-06
trained_53tet,53tet-Q4,24000,20260826,1000.0,440.0,783.9908719634985,440Hz_ongrid,0,439.99930857074116,392.00063681015564,439.9999989050814,783.9908709611234,62.857694133636215,94.0148501451564,3368.8080025646464,2471.8745241229035,1,-199.97431036123666,1000.0000020946144,-1199.9743103612366,2.09461438771541e-06,-1199.9770308767274,-2.213477250786666e-06
trained_53tet,53tet-Q4,24000,20260826,1000.0,440.0,783.9908719634985,440Hz_ongrid,1,439.9707523629172,783.9686871665826,439.9999989060438,783.9908709602186,62.85136487252575,96.03242452117172,3368.869970869714,3635.0430305111427,0,1000.0660923651551,1000.0000020888295,0.0660923651551002,2.0888295466647833e-06,-0.04898988060155695,-2.2154754201052417e-06
trained_53tet,53tet-Q4,24000,20260826,1000.0,440.0,783.9908719634985,440Hz_ongrid,2,440.01629085225255,783.9754576892551,439.9999989177733,783.9908709617822,62.85786058127784,96.05725641630556,3368.870235938323,3634.6103801745926,0,999.9018641927305,1000.0000020461312,-0.09813580726950022,2.0461311578401364e-06,-0.03403863451414861,-2.2120224466723642e-06
trained_53tet,53tet-Q4,24000,20260826,1000.0,440.0,783.9908719634985,440Hz_ongrid,3,439.98934419722696,783.9910487168203,439.99999891419895,783.990870960945,62.854153838733936,130.66398886398704,3368.8663059745936,3101.9707136834777,0,1000.0423173850164,1000.0000020583464,0.042317385016417575,2.058346353805973e-06,0.00039031236895636446,-2.213871080041549e-06
trained_53tet,53tet-Q4,24000,20260826,1000.0,440.0,783.9908719634985,440Hz_ongrid,4,440.0022589835817,783.9821061299964,439.9999989035076,783.9908709612845,62.8538132357076,100.723332345916,3368.9265027554743,3552.50736823479,0,999.9717546686061,1000.0000021011624,-0.028245331393918605,2.101162408507662e-06,-0.019357105816840327,-2.2131214782386975e-06
trained_53tet,53tet-Q4,24000,20260826,1000.0,452.8929,806.9634081297218,452.9Hz_+50c,0,452.90246965296893,806.9429411717649,452.89290103736874,806.9634103713003,90.59693548610251,94.19171664424694,2785.9995005449296,3718.553479792284,0,999.9195095835493,1000.0000008435537,-0.0804904164507434,8.435537210971233e-07,-0.04390972811138791,4.809012307275084e-06
trained_53tet,53tet-Q4,24000,20260826,1000.0,452.8929,806.9634081297218,452.9Hz_+50c,1,452.8240199221412,403.485809128045,452.8929010372641,806.9634103685503,90.58516000979562,115.28282017292534,2785.9246324254464,2168.808480001924,1,-199.71906447179734,1000.0000008380539,-1199.7190644717973,8.380538929486647e-07,-1199.982386341354,4.803112748904976e-06
trained_53tet,53tet-Q4,24000,20260826,1000.0,452.8929,806.9634081297218,452.9Hz_+50c,2,452.82553662826183,403.49974570615603,452.89290103615923,806.9634103686569,90.59902081579347,94.4824914156396,2785.6655481364082,2513.338621689867,1,-199.6650665675,1000.0000008425062,-1199.6650665675,8.425062105743564e-07,-1199.9225897851175,4.803341473556714e-06
trained_53tet,53tet-Q4,24000,20260826,1000.0,452.8929,806.9634081297218,452.9Hz_+50c,3,452.86845788069144,806.9506261790224,452.8929010451564,806.9634103690885,139.69726719391917,115.27694406547111,2036.1459134272613,3368.85168951156,0,1000.0660130571767,1000.0000008090395,0.06601305717674677,8.090395340332179e-07,-0.02742221431159368,4.8042671356766885e-06
trained_53tet,53tet-Q4,24000,20260826,1000.0,452.8929,806.9634081297218,452.9Hz_+50c,4,452.89654041234184,806.9416294575425,452.8929010382483,806.9634103710183,90.59489175365546,92.96107876393019,2786.015890198336,3741.3187242233485,0,999.93936025787,1000.0000008395866,-0.06063974212997891,8.395866188948276e-07,-0.04672391242899494,4.808407628489904e-06
trained_53tet,53tet-Q4,24000,20260826,1005.0,440.0,786.2583992521731,440Hz_ongrid,0,440.02349842053695,786.2213391397061,439.99999890788877,786.2584007876718,92.59216824339141,131.03888313015824,2698.3421925340226,3101.92866632112,0,1004.825941796696,1005.0000076780051,-0.17405820330395727,7.678005090383522e-06,-0.0816032499633539,3.3809589878473102e-06
trained_53tet,53tet-Q4,24000,20260826,1005.0,440.0,786.2583992521731,440Hz_ongrid,1,440.0137047323202,786.2549542318263,439.9999989106603,786.258400786269,62.86247929857369,95.27985196597307,3368.7328566305546,3653.704950814333,0,1004.938492404135,1005.0000076640115,-0.061507595865009534,7.664011491215206e-06,-0.0075854828334451655,3.3778706284295406e-06
trained_53tet,53tet-Q4,24000,20260826,1005.0,440.0,786.2583992521731,440Hz_ongrid,2,439.98070366949355,786.2439810980458,439.999998905288,786.2584007880342,62.852864121130224,94.67176990660938,3368.8678315197203,3664.765042661942,0,1005.0441783422636,1005.0000076890361,0.04417834226364903,7.68903612424765e-06,-0.031747105330577695,3.381757025456382e-06
trained_53tet,53tet-Q4,24000,20260826,1005.0,440.0,786.2583992521731,440Hz_ongrid,3,439.9935273895908,393.1330383101227,439.9999989106527,786.258400785172,62.85659342811847,94.96910813884732,3368.8155716391125,2459.3848805561233,1,-194.95762809424144,1005.0000076616255,-1199.9576280942415,7.661625545551942e-06,-1199.983095562304,3.375454988576256e-06
trained_53tet,53tet-Q4,24000,20260826,1005.0,440.0,786.2583992521731,440Hz_ongrid,4,439.99363022857335,393.1590309677158,439.9999989086803,786.258400787348,62.85463382626532,95.50197767117909,3368.869949650176,2449.8125756559352,1,-194.84357304118467,1005.0000076741777,-1199.8435730411848,7.674177709304786e-06,-1199.8686358707323,3.3802462895201332e-06
trained_53tet,53tet-Q4,24000,20260826,1005.0,452.8929,809.2973786060785,452.9Hz_+50c,0,452.86016384108893,404.6700789718627,452.89290104148404,809.2973764724034,90.58921354810572,94.66067244990381,2785.9853439532176,2515.090926282332,1,-194.7833474750258,1004.9999914544916,-1199.7833474750257,-8.545508421775594e-06,-1199.9084896472796,-4.5643186505457435e-06
trained_53tet,53tet-Q4,24000,20260826,1005.0,452.8929,809.2973786060785,452.9Hz_+50c,1,452.8252565498396,404.6350661467012,452.8929010504723,809.2973764740145,150.9496379411971,93.49394126685681,1901.864557129271,2536.411883366128,1,-194.79969178299388,1004.9999914235796,-1199.799691782994,-8.57642044138629e-06,-1200.058285791483,-4.560872019892675e-06
trained_53tet,53tet-Q4,24000,20260826,1005.0,452.8929,809.2973786060785,452.9Hz_+50c,2,452.82879480495,404.67269339792637,452.89290104803973,809.297376472624,90.5839480468176,92.57362442252244,2785.9660504285303,2553.6988674095855,1,-194.6522381476766,1004.999991429904,-1199.6522381476766,-8.570096042603836e-06,-1199.8973048104594,-4.563846593614897e-06
trained_53tet,53tet-Q4,24000,20260826,1005.0,452.8929,809.2973786060785,452.9Hz_+50c,3,452.8017906353101,404.6555593913401,452.8929010531378,809.2973764739088,90.58300135225984,92.68933042049302,2785.8808995153604,2551.4630796065553,1,-194.62229668639435,1004.9999914131643,-1199.6222966863943,-8.586835747337318e-06,-1199.9706075167503,-4.5610982458729705e-06
trained_53tet,53tet-Q4,24000,20260826,1005.0,452.8929,809.2973786060785,452.9Hz_+50c,4,452.8814108655809,404.6548058159323,452.8929010386543,809.2973764720193,90.59378117195921,94.7016925809311,2785.979278228434,2514.275536215152,1,-194.92991246865725,1004.999991464487,-1199.9299124686572,-8.535512961316272e-06,-1199.9738315342854,-4.565140137240548e-06
trained_53tet,53tet-Q4,24000,20260826,1010.0,440.0,788.5324848825181,440Hz_ongrid,0,439.9845697142158,788.5757920739824,439.9999989153499,788.5324856316664,62.855842221338484,112.6527990386502,3368.8010159996993,3368.839515334437,0,1010.1557923503461,1010.0000059124544,0.15579235034613248,5.912454412282386e-06,0.0950789309100177,1.6447655094185813e-06
trained_53tet,53tet-Q4,24000,20260826,1010.0,440.0,788.5324848825181,440Hz_ongrid,1,439.9797987036591,394.2449587259251,439.9999989095092,788.5324856328567,62.85445360192741,94.70209416581231,3368.820490181899,2469.1488880847733,1,-190.01397360267717,1010.0000059380488,-1200.0139736026772,5.9380488437454915e-06,-1200.0934599093362,1.6473787366208487e-06
trained_53tet,53tet-Q4,24000,20260826,1010.0,440.0,788.5324848825181,440Hz_ongrid,2,440.0073206030461,788.5594932567775,439.9999989087308,788.5324856339962,62.85528560985896,112.65039791551774,3368.905863770241,3368.8406332013633,0,1010.0304926739045,1010.0000059436132,0.030492673904518597,5.943613246017776e-06,0.05929624623108827,1.6498804845808855e-06
trained_53tet,53tet-Q4,24000,20260826,1010.0,440.0,788.5324848825181,440Hz_ongrid,3,440.00491761462337,788.5333910472519,439.9999989128954,788.5324856323505,62.85638070354283,94.36425358769675,3368.8662469558026,3675.4313902518265,0,1009.9826406454616,1010.0000059236138,-0.017359354538371008,5.9236137985863024e-06,0.0019894961461070083,1.6462674038992024e-06
trained_53tet,53tet-Q4,24000,20260826,1010.0,440.0,788.5324848825181,440Hz_ongrid,4,439.9665096961016,394.2448321845646,439.9999989148258,788.532485633125,62.85167964459417,95.60763635306785,3368.8446060448864,2452.6729026462945,1,-189.96223885635123,1010.0000059177189,-1199.9622388563512,5.917718908676761e-06,-1200.09401558606,1.6479680389599296e-06
trained_53tet,53tet-Q4,24000,20260826,1010.0,452.8929,811.6380995969314,452.9Hz_+50c,0,452.8463684047757,811.6270219953625,452.8929010445215,811.6380986229949,90.58603571482631,62.53641644073112,2785.9933367922667,4437.658131888706,0,1010.1542525729059,1009.9999939297804,0.15425257290587524,-6.070219569664914e-06,-0.023628821642527498,-2.077418565201234e-06
trained_53tet,53tet-Q4,24000,20260826,1010.0,452.8929,811.6380995969314,452.9Hz_+50c,1,452.8459859197727,405.80082070242406,452.8929010491908,811.6380986218836,90.59046332186287,93.7892096260646,2785.9072584530136,2535.933511630108,1,-189.89842388142424,1009.9999939095612,-1199.8984238814242,-6.0904387737537036e-06,-1200.0777675187692,-2.0797888445427823e-06
trained_53tet,53tet-Q4,24000,20260826,1010.0,452.8929,811.6380995969314,452.9Hz_+50c,2,452.88901042085087,405.7986247670471,452.8929010491332,811.6380986220516,90.58973736761413,62.76056931238671,2786.0856071170606,3231.4003577421913,1,-190.07226746164847,1009.9999939101399,-1200.0722674616484,-6.0898601077497005e-06,-1200.087135879271,-2.0794305733221654e-06
trained_53tet,53tet-Q4,24000,20260826,1010.0,452.8929,811.6380995969314,452.9Hz_+50c,3,452.91221624610904,405.8195773266496,452.89290103625234,811.6380986212413,90.59828090967417,62.14214411934677,2786.011047041641,3248.6334468842756,1,-190.07158650199545,1009.99999395765,-1200.0715865019954,-6.042350037205324e-06,-1199.9977495532535,-2.0811590781971707e-06
trained_53tet,53tet-Q4,24000,20260826,1010.0,452.8929,811.6380995969314,452.9Hz_+50c,4,452.81316364348334,405.81937512880353,452.892901047582,811.6380986210208,90.58664244293531,93.95568076247127,2785.8547947220195,2532.942537389466,1,-189.69378410744622,1009.999993913871,-1199.6937841074462,-6.086129019422515e-06,-1199.9986121333322,-2.081629213071436e-06
trained_53tet,53tet-Q4,24000,20260826,1015.0,440.0,790.8131478231458,440Hz_ongrid,0,439.9899973949203,395.3631059390072,439.99999890965165,790.8131457718639,62.855585784215066,95.76990815795621,3368.8294355374783,2454.640711359504,1,-185.150972157782,1014.9999997994798,-1200.150972157782,-2.0052016225236002e-07,-1200.190329083532,-4.490629717937539e-06
trained_53tet,53tet-Q4,24000,20260826,1015.0,440.0,790.8131478231458,440Hz_ongrid,1,440.0032353911216,395.4044918330869,439.9999989176102,790.8131457722166,62.85720975746653,96.14437509312015,3368.836793874312,2448.065879693373,1,-185.02184611922576,1014.999999768938,-1200.0218461192258,-2.3106201751943445e-07,-1200.009116122229,-4.489857628079587e-06
trained_53tet,53tet-Q4,24000,20260826,1015.0,440.0,790.8131478231458,440Hz_ongrid,2,440.00957449033143,790.8247279697514,439.9999989144404,790.8131457710381,93.8803096569306,95.13076975083855,2674.3684933790664,3666.448831093323,0,1014.9876792664951,1014.99999977883,-0.012320733504907366,-2.2117001208243892e-07,0.025350864953335734,-4.492437603723923e-06
trained_53tet,53tet-Q4,24000,20260826,1015.0,440.0,790.8131478231458,440Hz_ongrid,3,440.0062281716942,395.38912638920823,439.99999890715924,790.8131457721305,62.85741563251039,94.70552996006938,3368.842898941246,2474.1031466249783,1,-185.10089862862574,1014.9999998098702,-1200.1008986286258,-1.9012975371879293e-07,-1200.0763932954692,-4.4900459895585e-06
trained_53tet,53tet-Q4,24000,20260826,1015.0,440.0,790.8131478231458,440Hz_ongrid,4,439.9796642459769,395.40251520525067,439.99999892085384,790.8131457714876,62.855242094103325,94.28590127503364,3368.798243389048,2481.8497016027645,1,-184.93775521499666,1014.9999997545798,-1199.9377552149967,-2.4542021037632367e-07,-1200.0177705862945,-4.491453511099397e-06
trained_53tet,53tet-Q4,24000,20260826,1015.0,452.8929,813.9855906267118,452.9Hz_+50c,0,452.8379308750956,406.989738623498,452.89290104878785,813.9855912908301,90.58962711308735,94.4064651369439,2785.892444162649,2529.6418246247404,1,-184.80286394111366,1014.9999974033778,-1199.8028639411136,-2.596622152850614e-06,-1200.0130023565341,1.412487360299139e-06
trained_53tet,53tet-Q4,24000,20260826,1015.0,452.8929,813.9855906267118,452.9Hz_+50c,1,452.82940345004386,407.01288279371096,452.8929010373597,813.9855912903391,90.58672178941968,95.58400382338905,2785.9153666085936,2508.280024671868,1,-184.67181583862285,1014.9999974460188,-1199.671815838623,-2.5539811758790165e-06,-1199.9145555592718,1.4114429151226869e-06
trained_53tet,53tet-Q4,24000,20260826,1015.0,452.8929,813.9855906267118,452.9Hz_+50c,2,452.8592383872894,406.97623831588413,452.89290105328257,813.9855912896054,90.58516588686373,64.56517244467183,2786.0591618915614,3187.33979799867,1,-184.94175020773625,1014.9999973835913,-1199.9417502077363,-2.616408664835035e-06,-1200.0704302905713,1.40988259014248e-06
trained_53tet,53tet-Q4,24000,20260826,1015.0,452.8929,813.9855906267118,452.9Hz_+50c,3,452.813854109016,406.96834662805344,452.892901052173,813.9855912897305,90.57822225778725,93.79415385579543,2786.0183632465933,2540.816016098474,1,-184.80181284385213,1014.9999973880989,-1199.801812843852,-2.6119010954062105e-06,-1200.1040010248212,1.4101486026791402e-06
trained_53tet,53tet-Q4,24000,20260826,1015.0,452.8929,813.9855906267118,452.9Hz_+50c,4,452.8491931467383,406.96866202595857,452.8929010520211,813.9855912905791,145.18624030917766,93.68011059905731,1969.351146441354,2542.923626555809,1,-184.9355769050143,1014.9999973904846,-1199.9355769050144,-2.6095153771166224e-06,-1200.1026593298584,1.4119534131699185e-06
trained_53tet,53tet-Q4,24000,20260826,1020.0,440.0,793.1004070975306,440Hz_ongrid,0,439.97541531786374,396.55845620830394,439.99999890222773,793.1004080807927,62.85318418122421,93.8740042006496,3368.838207025054,2494.483132318577,1,-179.86723727629612,1020.0000064656518,-1199.8672372762962,6.465651836151665e-06,-1199.9639714306145,2.146332147150599e-06
trained_53tet,53tet-Q4,24000,20260826,1020.0,440.0,793.1004070975306,440Hz_ongrid,1,439.97006850050343,396.54852358151913,439.99999891032087,793.1004080832306,62.85223451411163,132.1941937520762,3368.8433259303542,1901.8063197563865,1,-179.88956114395913,1020.00000643913,-1199.889561143959,6.4391299474664265e-06,-1200.0073343113495,2.1516535511150705e-06
trained_53tet,53tet-Q4,24000,20260826,1020.0,440.0,793.1004070975306,440Hz_ongrid,2,439.98541270328474,793.1038569757225,439.9999989067061,793.1004080826757,62.856956405110196,94.20834903810352,3368.7736453434754,3688.299567006744,0,1020.0649270769694,1020.0000064521414,0.06492707696941125,6.4521414060436655e-06,0.007530614721146373,2.1504422714869532e-06
trained_53tet,53tet-Q4,24000,20260826,1020.0,440.0,793.1004070975306,440Hz_ongrid,3,439.98237355941654,793.0657161733715,439.9999989135369,793.1004080818865,92.67648990516324,94.9489758069647,2696.604503276067,3674.6592888542837,0,1019.9936273963924,1020.0000064235422,-0.006372603607587735,6.423542231459578e-06,-0.07572738848261776,2.1487197249894605e-06
trained_53tet,53tet-Q4,24000,20260826,1020.0,440.0,793.1004070975306,440Hz_ongrid,4,440.00714940057287,793.0927690616821,439.99999891871875,793.1004080796537,62.86071750428934,94.02246122261812,3368.7555850166536,3691.6947337719703,0,1019.9551971241436,1020.0000063982797,-0.044802875856362334,6.398279651875782e-06,-0.01667290961485606,2.143845775638479e-06
trained_53tet,53tet-Q4,24000,20260826,1020.0,452.8929,816.3398712763209,452.9Hz_+50c,0,452.8633667206818,408.2158443636357,452.89290104100445,816.3398726158298,90.59254893076222,71.83633650075811,2785.933847442154,3007.855796478083,1,-179.69239323453837,1019.9999988613761,-1199.6923932345385,-1.1386239293642575e-06,-1199.805291197562,2.840732886940572e-06
trained_53tet,53tet-Q4,24000,20260826,1020.0,452.8929,816.3398712763209,452.9Hz_+50c,1,452.86949261747696,408.2430624483224,452.89290104096483,816.3398726153031,90.585563716429,94.78309572802112,2786.090759137836,2528.072018783082,1,-179.60038410689288,1019.9999988604103,-1199.6003841068928,-1.1395896990507026e-06,-1199.6898637716758,2.839615788051994e-06
trained_53tet,53tet-Q4,24000,20260826,1020.0,452.8929,816.3398712763209,452.9Hz_+50c,2,452.8416128755182,408.2821111459895,452.89290104002356,816.3398726157421,90.59078439154716,136.1014765826883,2785.8844043779277,1901.8603661343086,1,-179.3282161957132,1019.9999988649398,-1199.3282161957131,-1.135060188062198e-06,-1199.5242780990945,2.840546831929535e-06
trained_53tet,53tet-Q4,24000,20260826,1020.0,452.8929,816.3398712763209,452.9Hz_+50c,3,452.86388627316745,408.263730645209,452.8929010403831,816.3398726158098,140.27341577562322,94.78102095027633,2029.0030519292854,2528.1975607559953,1,-179.49130669764537,1019.9999988637088,-1199.4913066976453,-1.1362911891410477e-06,-1199.6022184844767,2.840690217299611e-06
trained_53tet,53tet-Q4,24000,20260826,1020.0,452.8929,816.3398712763209,452.9Hz_+50c,4,452.82172681990147,408.1558509314993,452.89290103838096,816.3398726148996,90.58672749555468,94.47199320590107,2785.8859084109913,2533.393843676503,1,-179.7876518012847,1019.9999988694319,-1199.7876518012847,-1.1305680800433038e-06,-1200.059740667627,2.838760088765698e-06
trained_53tet,53tet-Q4,24000,20260826,1025.0,440.0,795.3942817841688,440Hz_ongrid,0,439.97978641901426,397.65382352344943,439.9999989144929,795.3942793087551,93.17592612671159,94.37276505718756,2687.2897032037786,2490.0846767659837,1,-175.10904249187507,1024.9999988831412,-1200.109042491875,-1.1168588116561295e-06,-1200.188577136198,-5.387919607043851e-06
trained_53tet,53tet-Q4,24000,20260826,1025.0,440.0,795.3942817841688,440Hz_ongrid,1,439.9858398940857,397.6556866155567,439.9999989072061,795.3942793082049,62.857179372244744,94.20554960337694,3368.7691851846844,2493.1630154360264,1,-175.12475038556335,1024.9999989106145,-1200.1247503855634,-1.0893854778259993e-06,-1200.180465958219,-5.389117240080295e-06
trained_53tet,53tet-Q4,24000,20260826,1025.0,440.0,795.3942817841688,440Hz_ongrid,2,439.9960836936822,795.3600639982233,439.99999891128044,795.3942793107079,62.85766223533517,94.77806684058125,3368.7961923702837,3682.779581169364,0,1024.9409301315568,1024.9999989000314,-0.05906986844320272,-1.0999685855495045e-06,-0.07447912530155605,-5.383669172608306e-06
trained_53tet,53tet-Q4,24000,20260826,1025.0,440.0,795.3942817841688,440Hz_ongrid,3,440.00387648952164,397.67160872139766,439.9999989120614,795.3942793092754,62.85598456425805,93.78845884885311,3368.873061339553,2500.9143103472743,1,-175.1264013128816,1024.9999988938405,-1200.1264013128816,-1.1061595159844728e-06,-1200.1111488558638,-5.386787323908288e-06
trained_53tet,53tet-Q4,24000,20260826,1025.0,440.0,795.3942817841688,440Hz_ongrid,4,439.9912341551176,795.4315917287438,439.99999890940813,795.3942793093217,62.85843481856897,94.6657582943828,3368.7558325312293,3684.987931722946,0,1025.115696565995,1024.999998904381,0.11569656599499467,-1.0956189271382755e-06,0.08120592895099973,-5.386686415973105e-06
trained_53tet,53tet-Q4,24000,20260826,1025.0,452.8929,818.7009611832941,452.9Hz_+50c,0,452.8338598144245,409.35150403812463,452.8929010502609,818.7009630722905,90.5836695088394,136.4490982494741,2785.9907380360232,1901.9728029329267,1,-174.76996916133655,1024.9999999797521,-1199.7699691613366,-2.0247853171895258e-08,-1199.9956716230752,3.994492684942363e-06
trained_53tet,53tet-Q4,24000,20260826,1025.0,452.8929,818.7009611832941,452.9Hz_+50c,1,452.84879695579605,409.3071335997699,452.8929010491944,818.7009630702921,90.58351588015087,136.43201447033155,2786.050779593864,1902.0019093381582,1,-175.01473670156733,1024.999999979603,-1200.0147367015672,-2.039701030298602e-08,-1200.1833337576825,3.990266852845335e-06
trained_53tet,53tet-Q4,24000,20260826,1025.0,452.8929,818.7009611832941,452.9Hz_+50c,2,452.86975209846423,409.352228648577,452.8929010390737,818.7009630718283,90.5936336010818,136.4482303324897,2785.9375296359312,1901.986879422483,1,-174.90411937645783,1025.0000000215387,-1199.9041193764579,2.1538653527386487e-08,-1199.9926070949987,3.993515127312713e-06
trained_53tet,53tet-Q4,24000,20260826,1025.0,452.8929,818.7009611832941,452.9Hz_+50c,3,452.8719135045696,409.36789630292157,452.89290104618993,818.7009630702295,90.59545638306982,136.4559104735813,2785.9109594501206,1901.9556981591911,1,-174.8461215598878,1024.9999999909555,-1199.8461215598877,-9.044470061780885e-09,-1199.926346657892,3.990134230988383e-06
trained_53tet,53tet-Q4,24000,20260826,1025.0,452.8929,818.7009611832941,452.9Hz_+50c,4,452.8135088551785,409.30521759563084,452.8929010472129,818.7009630712423,90.57532007898806,136.44117513951556,2786.072513876219,1901.877566187771,1,-174.88792965813568,1024.999999989187,-1199.8879296581356,-1.0812982509378344e-08,-1200.191437841621,3.992276170080956e-06
trained_53tet,53tet-Q4,24000,20260826,1030.0,440.0,797.6947910167371,440Hz_ongrid,0,440.0039381341996,797.7660664211757,439.9999989199019,797.6947915446086,62.85707759625439,94.02965472312319,3368.8431989123555,3701.7336397761487,0,1030.1391868322771,1030.000005395416,0.1391868322771188,5.3954161103320075e-06,0.154681835698974,1.1456375760684636e-06
trained_53tet,53tet-Q4,24000,20260826,1030.0,440.0,797.6947910167371,440Hz_ongrid,1,439.9955411617113,398.74236204717187,439.9999989068658,797.6947915449268,62.85527561655865,93.7138143031934,3368.8597915092846,2506.947898304086,1,-170.43842356784586,1030.000005447399,-1200.4384235678458,5.4473989621328656e-06,-1200.4559675037037,1.1463283629592893e-06
trained_53tet,53tet-Q4,24000,20260826,1030.0,440.0,797.6947910167371,440Hz_ongrid,2,440.0113341984008,398.84951170004206,439.9999989188248,797.6947915417448,93.171824081866,93.66112766369204,2687.4900518562727,2508.3866383394934,1,-170.03540971998672,1030.0000053934389,-1200.0354097199868,5.393438868850353e-06,-1199.9908144984731,1.139422416106924e-06
trained_53tet,53tet-Q4,24000,20260826,1030.0,440.0,797.6947910167371,440Hz_ongrid,3,440.0145407880925,398.80375784218444,439.9999989145645,797.6947915432639,62.861555301571116,139.3180049763508,3368.7615931737046,1820.756742129751,1,-170.24663526458173,1030.0000054134985,-1200.2466352645818,5.4134984566189814e-06,-1200.1894236929961,1.1427191263883572e-06
trained_53tet,53tet-Q4,24000,20260826,1030.0,440.0,797.6947910167371,440Hz_ongrid,4,439.9906091906814,398.87821473349135,439.99999890374744,797.6947915454946,62.856446390313636,94.27906582739391,3368.8081392283216,2497.126754594446,1,-169.82928178083878,1030.0000054609006,-1199.8292817808388,5.46090063835436e-06,-1199.8662314679634,1.14756040079184e-06
trained_53tet,53tet-Q4,24000,20260826,1030.0,452.8929,821.0688800419637,452.9Hz_+50c,0,452.88575945338806,410.51991852509923,452.8929010457695,821.0688819631506,90.59185811933915,117.28905384775578,2786.0326511836756,2168.860614405908,1,-170.03394283836397,1030.000000053275,-1200.033942838364,5.327501639840193e-08,-1200.061238596096,4.05084659504417e-06
trained_53tet,53tet-Q4,24000,20260826,1030.0,452.8929,821.0688800419637,452.9Hz_+50c,1,452.8790777401533,410.4186160873949,452.8929010388065,821.0688819624685,90.58912465403313,117.27860092496064,2786.0593470155995,2168.5876479096783,1,-170.4356634026173,1030.000000078454,-1200.4356634026174,7.845392246963456e-08,-1200.4885013518394,4.049408512821442e-06
trained_53tet,53tet-Q4,24000,20260826,1030.0,452.8929,821.0688800419637,452.9Hz_+50c,2,452.87510028825517,410.44311735795065,452.8929010457484,821.068881962973,90.59158939226836,117.28800055473269,2785.997039656194,2168.5522472998887,1,-170.31711006725672,1030.0000000529815,-1200.3171100672566,5.298147698340472e-08,-1200.3851528045368,4.05047217855528e-06
trained_53tet,53tet-Q4,24000,20260826,1030.0,452.8929,821.0688800419637,452.9Hz_+50c,3,452.85544153835644,410.3982044714276,452.89290104672614,821.0688819636151,90.5960716484244,117.29635108758059,2785.836232068952,2168.2395420484263,1,-170.43140897729072,1030.0000000505977,-1200.4314089772906,5.0597691370057873e-08,-1200.574604081904,4.051826074729684e-06
trained_53tet,53tet-Q4,24000,20260826,1030.0,452.8929,821.0688800419637,452.9Hz_+50c,4,452.894670022349,410.47936623853116,452.8929010456212,821.0688819626395,90.59494028988422,117.2777004932403,2786.007812956235,2168.857178130867,1,-170.23902920028488,1030.0000000527643,-1200.239029200285,5.276433512335643e-08,-1200.2322631039956,4.049769090507868e-06
trained_53tet,53tet-Q4,24000,20260826,1035.0,440.0,800.0019539842522,440Hz_ongrid,0,439.9956104482843,400.00737295304776,439.99999891229595,800.0019567405086,62.85556168887594,94.17226889035969,3368.852184805712,2503.982877684175,1,-164.95504670903367,1035.0000102443469,-1199.9550467090337,1.0244346867693821e-05,-1199.9723180256178,5.964641495529266e-06
trained_53tet,53tet-Q4,24000,20260826,1035.0,440.0,800.0019539842522,440Hz_ongrid,1,440.0025332814481,400.0045811685184,439.9999989189098,800.0019567389841,62.85703039604125,95.18704166032389,3368.838971394377,2485.4153196464736,1,-164.9943684045036,1035.0000102150248,-1199.9943684045036,1.0215024758508662e-05,-1199.9844009261542,5.9613424787899405e-06
trained_53tet,53tet-Q4,24000,20260826,1035.0,440.0,800.0019539842522,440Hz_ongrid,2,439.99635100526393,400.0188269610177,439.9999989091333,800.0019567407066,62.85617044867492,94.3228835122145,3368.838331622695,2501.2658088902317,1,-164.90838825005065,1035.0000102572192,-1199.9083882500506,1.0257219173581689e-05,-1199.9227457276124,5.965070113994e-06
trained_53tet,53tet-Q4,24000,20260826,1035.0,440.0,800.0019539842522,440Hz_ongrid,3,439.9835963530638,399.9983156304898,439.99999891361267,800.0019567370252,62.85369913894802,100.0004298919603,3368.8562138262296,2399.985267470039,1,-164.94697524288574,1035.000010231628,-1199.9469752428859,1.0231628039036877e-05,-1200.0115186098892,5.957103576717623e-06
trained_53tet,53tet-Q4,24000,20260826,1035.0,440.0,800.0019539842522,440Hz_ongrid,4,439.9923116849059,400.01104437422504,439.9999989060252,800.0019567383301,93.38797238791082,100.0015137619999,2683.4035860809868,2400.0215937670578,1,-164.9261772835969,1035.0000102643055,-1199.9261772835969,1.0264305501550552e-05,-1199.9564281680523,5.9599274612395476e-06
trained_53tet,53tet-Q4,24000,20260826,1035.0,452.8929,823.4436476036238,452.9Hz_+50c,0,452.87050573819386,411.694672115643,452.8929010490747,823.4436497528685,90.59605929295128,117.63590770793095,2785.8940565778616,2168.695531568711,1,-165.02856619646582,1035.000000508434,-1200.0285661964658,5.084339136374183e-07,-1200.1141728975197,4.5186400190861075e-06
trained_53tet,53tet-Q4,24000,20260826,1035.0,452.8929,823.4436476036238,452.9Hz_+50c,1,452.8555929972231,411.71062253835476,452.89290104819946,823.4436497525027,90.59733798352754,137.23828810744433,2785.8126123856596,1901.9371643495904,1,-164.90448433576185,1035.0000005110103,-1199.904484335762,5.110102847538656e-07,-1200.0471004240287,4.517870812316019e-06
trained_53tet,53tet-Q4,24000,20260826,1035.0,452.8929,823.4436476036238,452.9Hz_+50c,2,452.8522106441553,411.72222407798307,452.89290104451345,823.4436497520604,90.58980409687258,137.2424938677459,2785.9436536650237,1901.9328938522403,1,-164.84277026744292,1035.0000005241707,-1199.842770267443,5.241706730885198e-07,-1199.9983168941758,4.516941306084097e-06
trained_53tet,53tet-Q4,24000,20260826,1035.0,452.8929,823.4436476036238,452.9Hz_+50c,3,452.8601437999245,411.7923535290057,452.8929010457889,823.4436497526926,90.58837762524772,94.22489168479795,2786.001242582084,2553.284285520592,1,-164.57823873926273,1035.0000005206246,-1199.5782387392628,5.206245532463072e-07,-1199.703457526661,4.518270215531472e-06
trained_53tet,53tet-Q4,24000,20260826,1035.0,452.8929,823.4436476036238,452.9Hz_+50c,4,452.8466436012047,411.7108386732474,452.8929010423368,823.4436497527599,90.58123404234328,137.238077806237,2786.086158413678,1901.940726102246,1,-164.86936226435876,1035.000000533962,-1199.8693622643586,5.339620656741317e-07,-1200.0461915818307,4.51841206325669e-06
trained_53tet,53tet-Q4,24000,20260826,1040.0,440.0,802.3157899312308,440Hz_ongrid,0,440.00598670555024,401.102923153738,439.9999989074477,802.315788485738,93.19060188631053,96.00147537529539,2687.1201349835064,2475.412796909446,1,-160.2608074695693,1040.0000011797024,-1200.2608074695693,1.179702394438209e-06,-1200.2372522014302,-3.1190790694771452e-06
trained_53tet,53tet-Q4,24000,20260826,1040.0,440.0,802.3157899312308,440Hz_ongrid,1,439.9851061286089,401.0543828350261,439.99999890995383,802.3157884833986,62.85493051049318,133.70438763210615,3368.82823803067,1901.7012831869818,1,-160.3881710717404,1040.0000011647937,-1200.3881710717403,1.1647937299130717e-06,-1200.4467738301225,-3.1241269649024283e-06
trained_53tet,53tet-Q4,24000,20260826,1040.0,440.0,802.3157899312308,440Hz_ongrid,2,439.97312463903285,401.09588156786134,439.99999891903013,802.315788482065,62.851884347670044,133.69956115306118,3368.864996649279,1901.9429072166138,1,-160.16189761038586,1040.0000011262043,-1200.161897610386,1.1262043244641973e-06,-1200.267645249033,-3.1270044747989403e-06
trained_53tet,53tet-Q4,24000,20260826,1040.0,440.0,802.3157899312308,440Hz_ongrid,3,440.00922782515653,401.12231249741995,439.9999989139177,802.3157884845851,62.85995900431377,95.93532869937034,3368.7846524986367,2476.6897441835376,1,-160.18987387858206,1040.0000011517577,-1200.1898738785821,1.151757714978885e-06,-1200.1535662476954,-3.1215667864359614e-06
trained_53tet,53tet-Q4,24000,20260826,1040.0,440.0,802.3157899312308,440Hz_ongrid,4,440.0120745195425,401.11596130589686,439.9999989162778,802.3157884848306,93.09935764595652,95.80911272894654,2688.839993939896,2478.9415057991177,1,-160.22848607983838,1040.000001143001,-1200.2284860798384,1.1430010999902152e-06,-1200.1809780513358,-3.1210370678283353e-06
trained_53tet,53tet-Q4,24000,20260826,1040.0,452.8929,825.8252836766952,452.9Hz_+50c,0,452.8724437464279,412.93333884306617,452.8929010450609,825.825285709154,113.22366956598498,91.58522568743061,2399.9150043033055,2607.2665337967414,1,-159.83502698427446,1040.0000002659194,-1199.8350269842745,2.659194251464214e-07,-1199.9132250803948,4.260782381645371e-06
trained_53tet,53tet-Q4,24000,20260826,1040.0,452.8929,825.8252836766952,452.9Hz_+50c,1,452.84965192013317,412.92045176196956,452.89290103965294,825.8252857107973,90.58447843677794,112.89229333116099,2786.0356518017716,2245.1002480723373,1,-159.80192681153744,1040.000000290037,-1199.8019268115374,2.9003695090068504e-07,-1199.967255355107,4.2642274746361515e-06
trained_53tet,53tet-Q4,24000,20260826,1040.0,452.8929,825.8252836766952,452.9Hz_+50c,2,452.8256677624267,412.93969300870094,452.89290104948026,825.8252857082716,90.58384499211792,93.53623235626003,2785.956064798586,2570.8006537928272,1,-159.62956340824422,1040.000000247176,-1199.6295634082442,2.47176103584934e-07,-1199.8865852762694,4.25893259504956e-06
trained_53tet,53tet-Q4,24000,20260826,1040.0,452.8929,825.8252836766952,452.9Hz_+50c,3,452.836666671129,412.89490672772564,452.89290103974514,825.8252857110942,90.5786787800289,94.6219558803761,2786.096854306376,2550.6332817336456,1,-159.85938867814397,1040.000000290307,-1199.859388678144,2.903070708271116e-07,-1200.074360248779,4.264849836335779e-06
trained_53tet,53tet-Q4,24000,20260826,1040.0,452.8929,825.8252836766952,452.9Hz_+50c,4,452.8468102970334,412.9611342474102,452.89290103809617,825.8252857087379,90.58908055414219,75.62432404601772,2785.9368357119347,2938.900514282778,1,-159.62050398841805,1040.0000002916706,-1199.620503988418,2.9167063075874466e-07,-1199.7966960273643,4.259910152679059e-06
trained_53tet,53tet-Q4,24000,20260826,1045.0,440.0,804.6363181578506,440Hz_ongrid,0,439.9942746184263,804.6278646383988,439.9999989212246,804.6363191449055,62.857431139587106,93.98207243640545,3368.795439144842,3717.4370560574216,0,1045.0043389010564,1045.0000063682955,0.004338901056371469,6.36829554423457e-06,-0.01818846261041063,2.1237210815439567e-06
trained_53tet,53tet-Q4,24000,20260826,1045.0,440.0,804.6363181578506,440Hz_ongrid,1,439.9823619737005,402.31521523892474,439.9999989165258,804.6363191501949,62.85351515728399,95.52143419364191,3368.8564243953597,2489.3158770454424,1,-154.94326744953565,1045.0000063981643,-1199.9432674495356,6.398164259735495e-06,-1200.0126678216604,2.1351015745274115e-06
trained_53tet,53tet-Q4,24000,20260826,1045.0,440.0,804.6363181578506,440Hz_ongrid,2,439.987142293916,402.37471874148844,439.9999989070102,804.6363191447601,62.85848937595285,95.63085349748303,3368.7382295975076,2487.5899276857367,1,-154.70604161925695,1045.000006423911,-1199.706041619257,6.423910917874309e-06,-1199.7566325824591,2.123408170843448e-06
trained_53tet,53tet-Q4,24000,20260826,1045.0,440.0,804.6363181578506,440Hz_ongrid,3,439.9944451333,804.5964055590858,439.9999989110507,804.6363191491051,62.85672526594945,96.02473709949015,3368.815551510908,3680.1447346818104,0,1044.9359794300829,1045.0000064173619,-0.06402056991714744,6.417361873900518e-06,-0.0858770132673873,2.1327566663295097e-06
trained_53tet,53tet-Q4,24000,20260826,1045.0,440.0,804.6363181578506,440Hz_ongrid,4,439.99635652817574,402.31840023730774,439.99999891172723,804.6363191495248,62.85552719199038,94.75708971261015,3368.8560705252885,2503.2383126209643,1,-154.98462651361234,1045.0000064156027,-1199.9846265136123,6.4156026837736135e-06,-1199.9989622604191,2.133659648191292e-06
trained_53tet,53tet-Q4,24000,20260826,1045.0,452.8929,828.2138081268901,452.9Hz_+50c,0,452.8507512777102,414.1682702803739,452.8929010466348,828.2138102113906,90.58597481144679,138.07673013521597,2786.011256412146,1901.6961924911961,1,-154.58234289631318,1045.0000003563996,-1199.582342896313,3.563995960575994e-07,-1199.7434686256574,4.3572788135684285e-06
trained_53tet,53tet-Q4,24000,20260826,1045.0,452.8929,828.2138081268901,452.9Hz_+50c,1,452.8630342639506,414.05784507371067,452.89290104645505,828.213810212089,90.58634589218438,138.13499105588394,2786.0511213460995,1900.504217565147,1,-155.09094148120778,1045.0000003585467,-1200.0909414812077,3.5854668567480985e-07,-1200.2051103808242,4.358738422816952e-06
trained_53tet,53tet-Q4,24000,20260826,1045.0,452.8929,828.2138081268901,452.9Hz_+50c,2,452.874995219166,414.23616505284525,452.8929010499423,828.2138102154075,90.58291214601529,138.08224320523846,2786.162470876327,1901.91084852121,1,-154.39124559388077,1045.000000352153,-1199.3912455938807,3.5215293792134617e-07,-1199.4596899854046,4.3656751225508346e-06
trained_53tet,53tet-Q4,24000,20260826,1045.0,452.8929,828.2138081268901,452.9Hz_+50c,3,452.8565083191385,414.13611148693747,452.89290103800045,828.2138102152786,90.59460503630423,92.8522570630678,2785.8683365546467,2588.515346628566,1,-154.73878154793093,1045.0000003975324,-1199.738781547931,3.9753240343998186e-07,-1199.8778984305159,4.3654056503140134e-06
trained_53tet,53tet-Q4,24000,20260826,1045.0,452.8929,828.2138081268901,452.9Hz_+50c,4,452.8242391062565,414.09665483123223,452.8929010508877,828.2138102147551,90.58597429635448,62.507072837984126,2785.9099080993005,3273.4514394085877,1,-154.78036504754417,1045.0000003471753,-1199.7803650475441,3.4717527341854293e-07,-1200.0428489339222,4.364311616097188e-06
trained_53tet,53tet-Q4,24000,20260826,1050.0,440.0,806.9635580201107,440Hz_ongrid,0,439.9933783062133,403.4856954799331,439.9999989110835,806.9635602405458,62.85554503215183,115.27293618171147,3368.843860835735,2168.9564293703334,1,-149.95714147713673,1050.000009048127,-1199.9571414771367,9.048126912603038e-06,-1199.9831955407894,4.7636510192841144e-06
trained_53tet,53tet-Q4,24000,20260826,1050.0,440.0,806.9635580201107,440Hz_ongrid,1,439.98729570762407,403.4656604072789,439.99999891740583,806.9635602424839,62.85703372426343,95.88062683521643,3368.7789249281855,2487.761571257849,1,-150.01917474026138,1050.0000090274089,-1200.0191747402614,9.027408850670327e-06,-1200.0691620608495,4.7678091950116805e-06
trained_53tet,53tet-Q4,24000,20260826,1050.0,440.0,806.9635580201107,440Hz_ongrid,2,440.00670936957727,403.50801475893803,439.9999989117555,806.9635602400652,62.86052443779185,93.54605529437552,3368.7591709006465,2530.618327401066,1,-149.91383160843915,1050.000009044452,-1199.913831608439,9.044452099260525e-06,-1199.8874329709365,4.762620028500963e-06
trained_53tet,53tet-Q4,24000,20260826,1050.0,440.0,806.9635580201107,440Hz_ongrid,3,440.01407945724173,806.9748467618317,439.99999891396675,806.9635602408205,62.857884388699254,115.2796404564889,3368.860879528327,3368.8631575940008,0,1049.968821871696,1050.0000090373715,-0.031178128303963604,9.037371455633547e-06,0.024218339412584264,4.764240321622135e-06
trained_53tet,53tet-Q4,24000,20260826,1050.0,440.0,806.9635580201107,440Hz_ongrid,4,440.0075254352909,403.4568897102426,439.99999891581666,806.9635602428544,62.85952827508112,115.2778683294501,3368.789817172805,2168.7587559914864,1,-150.13640622076232,1050.0000090344568,-1200.1364062207624,9.03445675248804e-06,-1200.1067967244035,4.768604157330677e-06
trained_53tet,53tet-Q4,24000,20260826,1050.0,452.8929,830.6092408773777,452.9Hz_+50c,0,452.84752372005045,415.32142356059336,452.89290104057864,830.6092423889395,90.58237493099614,79.18271985122203,2786.067718007595,2869.1649165695044,1,-149.75649149306054,1049.9999991728107,-1199.7564914930606,-8.271892966149608e-07,-1199.9299561168693,3.1505394670149432e-06
trained_53tet,53tet-Q4,24000,20260826,1050.0,452.8929,830.6092408773777,452.9Hz_+50c,1,452.89343939433644,415.2923224519838,452.8929010402799,830.6092423894158,90.59464681127663,93.18349138464518,2786.008717025289,2587.177091429609,1,-150.0533278988258,1049.9999991749453,-1200.0533278988257,-8.250547125498997e-07,-1200.0512660045347,3.1515324010922588e-06
trained_53tet,53tet-Q4,24000,20260826,1050.0,452.8929,830.6092408773777,452.9Hz_+50c,2,452.8600348368542,415.3517252836396,452.8929010465792,830.6092423896785,90.57898147491198,82.2780315845159,2786.180405125639,2802.9052351981586,1,-149.67801508066486,1049.999999151413,-1199.6780150806649,-8.485869784635724e-07,-1199.803650421833,3.152079802612234e-06
trained_53tet,53tet-Q4,24000,20260826,1050.0,452.8929,830.6092408773777,452.9Hz_+50c,3,452.82395567651776,415.3215755858154,452.8929010497313,830.6092423935903,129.34235318223682,93.08097415309906,2169.3066234507232,2589.204726902491,1,-149.6657549189859,1049.9999991475172,-1199.6657549189858,-8.524827990186168e-07,-1199.929322412038,3.160233163734879e-06
trained_53tet,53tet-Q4,24000,20260826,1050.0,452.8929,830.6092408773777,452.9Hz_+50c,4,452.8613319337758,415.2931920613223,452.89290105118295,830.6092423888261,90.58865989815489,148.00908218131713,2786.0003901721548,1786.1334192423758,1,-149.92696416796633,1049.999999132038,-1199.9269641679664,-8.679619440954411e-07,-1200.0476408575269,3.150303054139392e-06
trained_53tet,53tet-Q4,24000,20260826,1055.0,440.0,809.2975289299935,440Hz_ongrid,0,439.9818366260805,404.63872539295556,439.9999989118677,809.2975268036,93.60153752536216,94.7724624674007,2679.407801119055,2512.9134825383435,1,-144.97148381993605,1054.9999997326493,-1199.971483819936,-2.6735074243333656e-07,-1200.0429513209026,-4.548740964033462e-06
trained_53tet,53tet-Q4,24000,20260826,1055.0,440.0,809.2975289299935,440Hz_ongrid,1,439.98379019659046,404.65627047379036,439.99999891058496,809.2975268007417,62.85511940315266,93.56897133758258,3368.817857426579,2535.113823810314,1,-144.90410623466016,1054.9999997315817,-1199.90410623466,-2.6841826183954254e-07,-1199.9678868722287,-4.554855408285901e-06
trained_53tet,53tet-Q4,24000,20260826,1055.0,440.0,809.2975289299935,440Hz_ongrid,2,440.0013505962628,809.2430770006279,439.999998908392,809.2975268044801,62.859617101466704,93.1951120337003,3368.763075361483,3741.896308712789,0,1054.8781994595054,1054.9999997482073,-0.12180054049463251,-2.517926986911334e-07,-0.11648646174872843,-4.546858310272225e-06
trained_53tet,53tet-Q4,24000,20260826,1055.0,440.0,809.2975289299935,440Hz_ongrid,3,439.96910400108806,404.676037796345,439.9999989136102,809.2975268019345,62.853021736684695,94.40550040191013,3368.8178472017617,2519.78952130014,1,-144.76175036627703,1054.99999972223,-1199.761750366277,-2.7776991373684723e-07,-1199.883318737428,-4.552303879068901e-06
trained_53tet,53tet-Q4,24000,20260826,1055.0,440.0,809.2975289299935,440Hz_ongrid,4,439.98569431074696,404.6845760506881,439.99999891161184,809.2975268029337,62.85434277462952,93.05134339040494,3368.846740660456,2544.8387760266564,1,-144.79050343185926,1054.9999997322307,-1199.7905034318592,-2.6776933736982755e-07,-1199.8467918385743,-4.550166360694345e-06
trained_53tet,53tet-Q4,24000,20260826,1055.0,452.8929,833.0116019089515,452.9Hz_+50c,0,452.8500130411165,416.4981000628898,452.8929010468012,833.0116029782777,90.58147814156142,84.71030252086331,2786.094374403843,2757.2406811710616,1,-144.86806157700357,1054.9999982208471,-1199.8680615770036,-1.7791528534871759e-06,-1200.0320095637148,2.222362527970333e-06
trained_53tet,53tet-Q4,24000,20260826,1055.0,452.8929,833.0116019089515,452.9Hz_+50c,1,452.87272559268706,416.5170054702006,452.89290104208374,833.011602976749,90.5861694174961,92.96649277295877,2786.091542272799,2596.311196511823,1,-144.87630765321578,1054.9999982357033,-1199.8763076532157,-1.764296712281066e-06,-1199.9534283119797,2.219185753979105e-06
trained_53tet,53tet-Q4,24000,20260826,1055.0,452.8929,833.0116019089515,452.9Hz_+50c,2,452.85194999279173,416.5713284595404,452.89290104008484,833.0116029772933,113.21707515597275,104.14480412127647,2399.937493350145,2399.967218365223,1,-144.57110890678362,1054.9999982444754,-1199.5711089067836,-1.755524635882466e-06,-1199.7276519924824,2.2203166916705615e-06
trained_53tet,53tet-Q4,24000,20260826,1055.0,452.8929,833.0116019089515,452.9Hz_+50c,3,452.8750656975076,416.5335873239492,452.8929010536792,833.0116029769632,90.59516734389054,104.13559960447661,2785.9285329821864,2399.9633789327027,1,-144.81633299103754,1054.9999981918236,-1199.8163329910376,-1.8081764210364781e-06,-1199.8845079605428,2.219630902125504e-06
trained_53tet,53tet-Q4,24000,20260826,1055.0,452.8929,833.0116019089515,452.9Hz_+50c,4,452.90052104833285,416.530560239671,452.89290103838766,833.011602979686,90.59425475715904,84.20511217715833,2786.0432792423926,2767.7311432475003,1,-144.92622151325833,1054.999998255936,-1199.9262215132583,-1.7440640931454254e-06,-1199.8970894439428,2.2252894346945786e-06
trained_53tet,53tet-Q4,24000,20260826,1060.0,440.0,811.6382503556265,440Hz_ongrid,0,439.98215764610507,405.81807613262544,439.9999989135999,811.6382493788633,62.85400318552912,94.78945601036507,3368.8421782377545,2517.6415608118095,1,-139.9342709009655,1060.0000021911271,-1199.9342709009654,2.19112712329661e-06,-1200.0044752575293,-2.0834474779571883e-06
trained_53tet,53tet-Q4,24000,20260826,1060.0,440.0,811.6382503556265,440Hz_ongrid,1,439.9937614925345,405.8325080173883,439.9999989095812,811.6382493787472,62.85471170708054,93.72177300832449,3368.8683210260187,2537.3139364715616,1,-139.91836308115083,1060.0000022066915,-1199.9183630811508,2.2066915335017256e-06,-1199.9429094291193,-2.083695038757701e-06
trained_53tet,53tet-Q4,24000,20260826,1060.0,440.0,811.6382503556265,440Hz_ongrid,2,439.97040117721156,405.82321888217945,439.99999892077625,811.6382493766527,62.85339343785277,94.20431200488883,3368.8127132831382,2528.383688888449,1,-139.86607212633825,1060.0000021581757,-1199.8660721263382,2.158175675504026e-06,-1199.9825362478007,-2.088162857707955e-06
trained_53tet,53tet-Q4,24000,20260826,1060.0,440.0,811.6382503556265,440Hz_ongrid,3,440.0038840867965,811.6514053426793,439.9999989059408,811.638249377457,62.85697467985272,62.45903424072568,3368.845820823934,4439.853687275308,0,1060.0127771674113,1060.000002218263,0.012777167411286428,2.2182630345923826e-06,0.028059516576370895,-2.0864472306075035e-06
trained_53tet,53tet-Q4,24000,20260826,1060.0,440.0,811.6382503556265,440Hz_ongrid,4,440.0057096908434,405.7896420952673,439.99999890718857,811.6382493774219,62.857409332345,93.71997765571209,3368.8410324630013,2537.1642299752516,1,-140.14824543532578,1060.0000022132785,-1200.1482454353259,2.213278548879316e-06,-1200.1257801010922,-2.086522190787783e-06
trained_53tet,53tet-Q4,24000,20260826,1060.0,452.8929,835.4209112601948,452.9Hz_+50c,0,452.8880104673307,417.72870000001956,452.8929010515597,835.4209108919364,90.59691401563875,119.34747021396116,2785.9446392503382,2168.877937066173,1,-139.90569552645135,1059.9999952171565,-1199.9056955264514,-4.782843461725861e-06,-1199.924386415922,-7.631380729583488e-07
trained_53tet,53tet-Q4,24000,20260826,1060.0,452.8929,835.4209112601948,452.9Hz_+50c,1,452.8706341879145,417.7118622431255,452.89290104491806,835.4209108906499,90.58531846611658,94.35718774030285,2786.0998102687604,2575.564545940259,1,-139.90905452743522,1059.9999952398794,-1199.9090545274353,-4.760120646096766e-06,-1199.994170190774,-7.658039644960007e-07
trained_53tet,53tet-Q4,24000,20260826,1060.0,452.8929,835.4209112601948,452.9Hz_+50c,2,452.8622207053884,417.72068253950727,452.89290103496313,835.4209108899219,90.59055070961067,139.2412755687791,2785.967653036173,1901.9419699851508,1,-139.84033525664918,1059.9999952764242,-1199.8403352566493,-4.723575784737477e-06,-1199.9576142832627,-7.673127783799656e-07
trained_53tet,53tet-Q4,24000,20260826,1060.0,452.8929,835.4209112601948,452.9Hz_+50c,3,452.76836977985914,417.7233315609584,452.8929010444151,835.4209108892139,90.5743347509016,93.80031157206665,2785.9187592460135,2585.8597274301214,1,-139.4705392766574,1059.999995238826,-1199.4705392766573,-4.7611740683350945e-06,-1199.9466355077723,-7.687796914452434e-07
trained_53tet,53tet-Q4,24000,20260826,1060.0,452.8929,835.4209112601948,452.9Hz_+50c,4,452.81846618243236,278.46753604909156,452.8929010360616,835.4209108917296,90.57559397013895,119.34380497682346,2786.086231956792,1466.8625609722844,1,-841.7083756073008,1059.9999952759715,-1901.7083756073007,-4.7240284857252846e-06,-1901.992930631068,-7.635664992191579e-07
trained_53tet,53tet-Q4,24000,20260826,1065.0,440.0,813.9857418214444,440Hz_ongrid,0,440.0031401133333,406.9697311847361,439.9999989139757,813.9857424799826,62.854346480680725,96.2745051627474,3368.9152821067814,2495.6349462792955,1,-135.11078785001524,1065.0000056737151,-1200.1107878500152,5.673715122611611e-06,-1200.0984327324647,1.4006186651121474e-06
trained_53tet,53tet-Q4,24000,20260826,1065.0,440.0,813.9857418214444,440Hz_ongrid,1,439.996497983606,406.9308094710401,439.9999989168473,813.985742479533,62.85714906958938,94.74901374249065,3368.8119561951744,2523.120818852253,1,-135.25023299947404,1065.0000056614601,-1200.250232999474,5.661460136252572e-06,-1200.264012167995,1.3996626345071221e-06
trained_53tet,53tet-Q4,24000,20260826,1065.0,440.0,813.9857418214444,440Hz_ongrid,2,439.98378461137287,406.97328126764705,439.99999891241066,813.9857424792026,62.853011568276514,94.66991977495131,3368.8758930391527,2524.7472920183272,1,-135.01952826400895,1065.0000056782137,-1200.0195282640088,5.6782137107802555e-06,-1200.0833308781123,1.3989599308698132e-06
trained_53tet,53tet-Q4,24000,20260826,1065.0,440.0,813.9857418214444,440Hz_ongrid,3,440.01720948194975,406.9540509648245,439.999998918437,813.9857424800845,62.85824271203395,94.85399445181687,3368.86332563148,2521.30257037213,1,-135.2328485844014,1065.0000056563779,-1200.2328485844014,5.656377879859065e-06,-1200.1651370878515,1.40083547301775e-06
trained_53tet,53tet-Q4,24000,20260826,1065.0,440.0,813.9857418214444,440Hz_ongrid,4,439.99725354051276,406.97392918648205,439.9999989155438,813.9857424785602,62.85492989278711,94.1370161424966,3368.876051486783,2534.522818042024,1,-135.06976836585346,1065.0000056645197,-1200.0697683658534,5.664519676429336e-06,-1200.0805746818044,1.3975933491243896e-06
trained_53tet,53tet-Q4,24000,20260826,1065.0,452.8929,837.8371890276483,452.9Hz_+50c,0,452.894692495451,418.9183409620168,452.89290104748324,837.8371875843424,90.59726214605361,93.78187581605141,2785.9635296627007,2591.1456097658465,1,-135.0078998371248,1064.9999930135555,-1200.0078998371248,-6.986444532230962e-06,-1200.0010478352133,-2.9823221009100365e-06
trained_53tet,53tet-Q4,24000,20260826,1065.0,452.8929,837.8371890276483,452.9Hz_+50c,1,452.81521166378195,418.91777700227584,452.8929010520292,837.8371875836177,90.58093322015262,91.2471706085226,2785.9717393284523,2638.578452923657,1,-134.70638059604215,1064.9999929946807,-1199.7063805960422,-7.005319275776856e-06,-1200.003378473115,-2.983819382460499e-06
trained_53tet,53tet-Q4,24000,20260826,1065.0,452.8929,837.8371890276483,452.9Hz_+50c,2,452.8398146721887,418.93605203516296,452.8929010465156,837.837187582507,90.58831894857623,104.73584557717552,2785.9246462094175,2399.9697082453154,1,-134.72491955938514,1064.999993013462,-1199.7249195593852,-6.986537982811569e-06,-1199.9278560893995,-2.98611450941738e-06
trained_53tet,53tet-Q4,24000,20260826,1065.0,452.8929,837.8371890276483,452.9Hz_+50c,3,452.8448543820715,418.9331961198552,452.89290103636733,837.8371875833514,140.44603480702082,104.73492696282356,2026.8011650470141,2399.9730905937345,1,-134.7559885478556,1064.9999930539996,-1199.7559885478556,-6.946000439711497e-06,-1199.939658068844,-2.984369859271864e-06
trained_53tet,53tet-Q4,24000,20260826,1065.0,452.8929,837.8371890276483,452.9Hz_+50c,4,452.850464342993,418.914017626484,452.8929010506408,837.8371875844471,113.21628359185902,139.62700397077714,2399.9439178350135,1902.0914080155128,1,-134.8566919968342,1064.9999930017018,-1199.8566919968341,-6.998298204052844e-06,-1200.0189146688426,-2.9821056774150656e-06
trained_53tet,53tet-Q4,24000,20260826,1070.0,440.0,816.3400229083524,440Hz_ongrid,0,440.0001628020835,408.2158074998833,439.9999989124254,816.3400242372439,62.8564045480275,136.0785946755206,3368.846881928579,1901.870282938363,1,-129.80640967069743,1070.0000070974118,-1199.8064096706973,7.097411753420602e-06,-1199.8057691060203,2.818215617670878e-06
trained_53tet,53tet-Q4,24000,20260826,1070.0,440.0,816.3400229083524,440Hz_ongrid,1,439.95768811248354,408.22129090094023,439.99999891261297,816.340024237471,62.8489068681045,136.08095663346933,3368.886270581225,1901.863488462454,1,-129.6160249575856,1070.000007097155,-1199.6160249575855,7.097155048541026e-06,-1199.7825142817767,2.818697284879207e-06
trained_53tet,53tet-Q4,24000,20260826,1070.0,440.0,816.3400229083524,440Hz_ongrid,2,440.00138816925465,408.23503030475956,439.9999989112474,816.3400242365284,62.85790160620539,94.89563313761263,3368.810470769357,2525.98365540348,1,-129.72970945656056,1070.0000071005293,-1199.7297094565606,7.100529273884604e-06,-1199.724247542723,2.81669834674408e-06
trained_53tet,53tet-Q4,24000,20260826,1070.0,440.0,816.3400229083524,440Hz_ongrid,3,439.97309960732446,408.1106898039101,439.99999890939114,816.3400242368627,93.743323645962,66.14364434974483,2676.7529608935165,3150.343270130139,1,-130.1457821610285,1070.0000071085421,-1200.1457821610286,7.108542149580899e-06,-1200.251628296026,2.81740758537087e-06
trained_53tet,53tet-Q4,24000,20260826,1070.0,440.0,816.3400229083524,440Hz_ongrid,4,440.02083515645444,408.1701769195414,439.99999891127027,816.3400242360894,62.8600665398503,94.49531943519624,3368.8273597620746,2533.027198753842,1,-130.08127472806822,1070.0000070995084,-1200.0812747280681,7.099508366081864e-06,-1199.99929818652,2.8157673028665257e-06
trained_53tet,53tet-Q4,24000,20260826,1070.0,452.8929,840.2604553659776,452.9Hz_+50c,0,452.8573995379534,420.13473708685586,452.89290103621545,840.2604522007641,90.58695763684527,93.49148788537956,2786.0178891456976,2601.5341810328227,1,-129.84570833449314,1069.9999895174897,-1199.845708334493,-1.0482510333531536e-05,-1199.9814181625009,-6.5214603441580245e-06
trained_53tet,53tet-Q4,24000,20260826,1070.0,452.8929,840.2604553659776,452.9Hz_+50c,1,452.8736392016895,280.09183812982735,452.8929010486825,840.260452201505,90.59745581665969,94.23306106464882,2785.8793486561494,1885.913675836778,1,-831.850346089506,1069.9999894713592,-1901.850346089506,-1.0528640814300161e-05,-1901.9239742230463,-6.519933847354678e-06
trained_53tet,53tet-Q4,24000,20260826,1070.0,452.8929,840.2604553659776,452.9Hz_+50c,2,452.8763957612808,280.08348735707216,452.89290104246595,840.2604522016517,90.59154716921834,94.10215627756118,2786.00279883118,1888.268692203405,1,-831.9125002549804,1069.999989495425,-1901.9125002549804,-1.0504574902370223e-05,-1901.9755907133597,-6.5196317001656996e-06
trained_53tet,53tet-Q4,24000,20260826,1070.0,452.8929,840.2604553659776,452.9Hz_+50c,3,452.8611724472725,420.1412150323232,452.89290103676757,840.260452201586,90.59835986922896,92.4695190930016,2785.8144148755705,2620.589433111573,1,-129.83343854491775,1069.9999895170722,-1199.8334385449177,-1.048292779159965e-05,-1199.9547249321809,-6.519767205107322e-06
trained_53tet,53tet-Q4,24000,20260826,1070.0,452.8929,840.2604553659776,452.9Hz_+50c,4,452.8930622252942,420.12383426363175,452.8929010457576,840.2604522009732,90.5957226639575,91.72625633640347,2785.986716184787,2634.489563654903,1,-130.0269657399696,1069.9999894814443,-1200.0269657399697,-1.0518555654925876e-05,-1200.0263456156472,-6.521029611428699e-06
trained_53tet,53tet-Q4,24000,20260826,1075.0,440.0,818.701113253889,440Hz_ongrid,0,440.01914697769945,409.3520794716986,439.99999891678806,818.701115131818,94.09490948584121,136.45708129695714,2670.4532661693383,1901.8739524963914,1,-125.06889406131278,1075.000008233119,-1200.0688940613127,8.233118933276273e-06,-1199.9935595646737,3.971088579096393e-06
trained_53tet,53tet-Q4,24000,20260826,1075.0,440.0,818.701113253889,440Hz_ongrid,1,439.9941364497145,409.30140079391657,439.99999890937124,818.7011151325295,62.85407522953011,136.4316757689545,3368.8873272219416,1901.981959198991,1,-125.18483236118685,1075.0000082638057,-1200.1848323611869,8.263805739261443e-06,-1200.207903373782,3.972592780042073e-06
trained_53tet,53tet-Q4,24000,20260826,1075.0,440.0,818.701113253889,440Hz_ongrid,2,440.0104830457187,409.34650473214606,439.99999891289434,818.7011151318018,62.85755374877346,94.46493169205225,3368.8558359207127,2538.5661791471593,1,-125.0583827839184,1075.000008248405,-1200.0583827839184,8.248405038102646e-06,-1200.017136444161,3.971053982090231e-06
trained_53tet,53tet-Q4,24000,20260826,1075.0,440.0,818.701113253889,440Hz_ongrid,3,440.01500383095697,409.3670781260418,439.99999890710916,818.7011151321466,62.8606150204134,136.4548586292101,3368.789310949442,1901.9655829903502,1,-124.98916174535336,1075.0000082718966,-1199.9891617453534,8.271896604128415e-06,-1199.9301283359032,3.971783210097887e-06
trained_53tet,53tet-Q4,24000,20260826,1075.0,440.0,818.701113253889,440Hz_ongrid,4,439.99305040045317,409.30529684175355,439.99999891318333,818.7011151328692,62.856290781928735,136.43318783224274,3368.8220305213326,1901.9792513007415,1,-125.16407995622541,1075.000008249525,-1200.1640799562254,8.24952508082788e-06,-1200.1914242252685,3.9733112445367e-06
trained_53tet,53tet-Q4,24000,20260826,1075.0,452.8929,842.6907304881414,452.9Hz_+50c,0,452.84296557617836,421.2803532641952,452.89290104934923,842.6907321659837,90.59240197953451,93.19214115134947,2785.858663187292,2611.800519513519,1,-125.07625293371576,1074.999999435724,-1200.0762529337158,-5.642759788315743e-07,-1200.2671434087729,3.4469796859048413e-06
trained_53tet,53tet-Q4,24000,20260826,1075.0,452.8929,842.6907304881414,452.9Hz_+50c,1,452.8663901023616,280.890645079039,452.89290103795656,842.6907321663797,90.5927095479316,94.15025358866583,2785.942335963901,1892.366029507272,1,-826.892274456102,1074.9999994800874,-1901.8922744561019,-5.199126462684944e-07,-1901.9936144874846,3.44779309996107e-06
trained_53tet,53tet-Q4,24000,20260826,1075.0,452.8929,842.6907304881414,452.9Hz_+50c,2,452.8342741871066,421.36831167841393,452.892901044578,842.6907321668538,90.58473362101199,93.20844700732937,2785.971985047859,2611.859055194153,1,-124.68160143187131,1074.99999945575,-1199.6816014318713,-5.442500423669117e-07,-1199.9057197016323,3.44876681347923e-06
trained_53tet,53tet-Q4,24000,20260826,1075.0,452.8929,842.6907304881414,452.9Hz_+50c,3,452.8188383876874,421.3403674165527,452.8929010386745,842.690732165599,90.58522335869677,93.41186875109778,2785.9036115978543,2607.9700439651297,1,-124.73740332260809,1074.999999475739,-1199.737403322608,-5.242609404376708e-07,-1200.020535316632,3.446189336519394e-06
trained_53tet,53tet-Q4,24000,20260826,1075.0,452.8929,842.6907304881414,452.9Hz_+50c,4,452.8482346208331,280.88217045842674,452.89290105222324,842.6907321656911,90.58738416947631,92.80197922885887,2785.9747005466156,1917.2850836528794,1,-826.8751006748387,1074.9999994241366,-1901.8751006748387,-5.758633960795123e-07,-1902.0458475302812,3.4463784668198023e-06
trained_53tet,53tet-Q4,24000,20260826,1080.0,440.0,821.0690325523905,440Hz_ongrid,0,439.9901984123852,410.73277375387397,439.99999891985897,821.069034475465,62.854878072935534,94.44381837345708,3368.849719114531,2544.8061518944487,1,-119.12557922171298,1080.0000083047735,-1199.125579221713,8.304773473355453e-06,-1199.1641452017543,4.0548260195749534e-06
trained_53tet,53tet-Q4,24000,20260826,1080.0,440.0,821.0690325523905,440Hz_ongrid,1,440.01316428427765,410.4055792403849,439.99999891810774,821.0690344765854,93.20230579037353,117.29216529077497,2686.9309616118803,2168.3324329974625,1,-120.59561174048724,1080.0000083140264,-1200.5956117404871,8.314026445077616e-06,-1200.5438160217418,4.057188610684513e-06
trained_53tet,53tet-Q4,24000,20260826,1080.0,440.0,821.0690325523905,440Hz_ongrid,2,439.99619751288225,410.4440093209932,439.99999890947566,821.0690344766007,62.85895517673732,117.28912891189185,3368.7610302129237,2168.5393544840854,1,-120.36675069396728,1080.0000083480227,-1200.3667506939673,8.348022674908862e-06,-1200.3817121112734,4.057220516812415e-06
trained_53tet,53tet-Q4,24000,20260826,1080.0,440.0,821.0690325523905,440Hz_ongrid,3,439.9986701166383,410.4221242282446,439.99999891164794,821.0690344771482,62.85772799213823,117.2910706728207,3368.804557948165,2168.4183807792533,1,-120.46879229475718,1080.0000083406298,-1200.4687922947571,8.3406298472255e-06,-1200.4740248921125,4.058374903584624e-06
trained_53tet,53tet-Q4,24000,20260826,1080.0,440.0,821.0690325523905,440Hz_ongrid,4,439.97206235659365,410.58519265087216,439.9999989136103,821.0690344757644,62.85311697297004,117.2922772817444,3368.8268647911186,2169.0882863486418,1,-119.67638210327874,1080.000008329991,-1199.6763821032787,8.329991032951511e-06,-1199.7863096830304,4.055457222731787e-06
trained_53tet,53tet-Q4,24000,20260826,1080.0,452.8929,845.1280346655603,452.9Hz_+50c,0,452.8738491918707,422.6013378785117,452.8929010504916,845.128034113263,90.59506468231332,94.43688679109856,2785.9258443821705,2594.2499364579407,1,-119.77428003496746,1079.9999948530035,-1199.7742800349674,-5.1469965001160745e-06,-1199.8471054234685,-1.1313741921719092e-06
trained_53tet,53tet-Q4,24000,20260826,1080.0,452.8929,845.1280346655603,452.9Hz_+50c,1,452.8474875430141,281.6899672605178,452.89290104261704,845.1280341142486,90.5870481442461,93.39478149749891,2785.9782663324922,1911.23320271731,1,-821.900486507599,1079.9999948851241,-1901.900486507599,-5.11487587573356e-06,-1902.0740894360606,-1.129355072445236e-06
trained_53tet,53tet-Q4,24000,20260826,1080.0,452.8929,845.1280346655603,452.9Hz_+50c,2,452.88878395878424,422.59152235193113,452.892901052972,845.1280341140817,90.59120491366382,93.91375100819185,2786.056695815331,2603.8266062980874,1,-119.8715822002591,1079.9999948451994,-1199.8715822002591,-5.1548006467783125e-06,-1199.887316302254,-1.129696813984886e-06
trained_53tet,53tet-Q4,24000,20260826,1080.0,452.8929,845.1280346655603,452.9Hz_+50c,3,452.8783072703768,422.57122132170275,452.892901033168,845.1280341128103,90.59481921785385,92.64835554704202,2785.947577251873,2627.228691697031,1,-119.91470244289776,1079.9999949182977,-1199.9147024428978,-5.081702283860068e-06,-1199.9704856918947,-1.1323015841453697e-06
trained_53tet,53tet-Q4,24000,20260826,1080.0,452.8929,845.1280346655603,452.9Hz_+50c,4,452.8525568922115,422.5595967982675,452.89290104664855,845.1280341121286,90.57985105761782,93.89729563166489,2786.135197295584,2603.9991815771787,1,-119.8638879762059,1079.9999948653701,-1199.863887976206,-5.1346298732823925e-06,-1200.0181109123814,-1.1336979577592964e-06
trained_53tet,53tet-Q4,24000,20260826,1085.0,440.0,823.4438005551548,440Hz_ongrid,0,439.9884015429384,411.6442616306225,439.9999989065799,823.4438026877868,62.85854029294814,94.73677135362786,3368.7417820615715,2543.2820451944253,1,-115.28085447705737,1085.0000087859082,-1200.2808544770573,8.785908221398131e-06,-1200.326490632597,4.483712419320523e-06
trained_53tet,53tet-Q4,24000,20260826,1085.0,440.0,823.4438005551548,440Hz_ongrid,1,439.97448265805104,411.761240586543,439.99999890888813,823.4438026878898,62.854382729903065,93.46442519756984,3368.801524528115,2567.182540895556,1,-114.73418327805102,1085.0000087770427,-1199.734183278051,8.777042694418924e-06,-1199.8345873059102,4.483928842814561e-06
trained_53tet,53tet-Q4,24000,20260826,1085.0,440.0,823.4438005551548,440Hz_ongrid,2,439.99395293104976,411.73539566022384,439.999998907442,823.4438026893272,62.859428251908355,94.51520084551981,3368.739169349217,2547.7190363273453,1,-114.91946160018014,1085.0000087857547,-1199.91946160018,8.785754744167207e-06,-1199.9432546992782,4.48695108350749e-06
trained_53tet,53tet-Q4,24000,20260826,1085.0,440.0,823.4438005551548,440Hz_ongrid,3,440.01570291905574,411.7148772945008,439.99999891461454,823.4438026884641,62.86029726255765,94.89330368870719,3368.800812841384,2540.720869974313,1,-115.09131489270939,1085.000008755719,-1200.0913148927093,8.755718909014831e-06,-1200.0295309312373,4.485136278329251e-06
trained_53tet,53tet-Q4,24000,20260826,1085.0,440.0,823.4438005551548,440Hz_ongrid,4,440.001768787073,205.85028877716672,439.9999989083941,823.4438026861804,62.85796346118866,117.63129483202783,3368.8102647407395,968.7882530838413,1,-1315.0966209407904,1085.0000087753926,-2400.0966209407907,8.775392643656232e-06,-2400.0896614447647,4.480334982697766e-06
trained_53tet,53tet-Q4,24000,20260826,1085.0,452.8929,847.5723882282855,452.9Hz_+50c,0,452.8732034238725,423.7894006537992,452.89290103741956,847.5723863068883,90.5968191751571,93.41710510680065,2785.889848451058,2617.906634009358,1,-114.91160680982716,1084.9999921097403,-1199.9116068098272,-7.890259666964994e-06,-1199.9869008247354,-3.924606549186238e-06
trained_53tet,53tet-Q4,24000,20260826,1085.0,452.8929,847.5723882282855,452.9Hz_+50c,1,452.8583546730904,423.8036056607019,452.8929010458199,847.572386308101,90.5885506644026,91.8735748235218,2785.991095988033,2646.8087897957607,1,-114.79681408823618,1084.9999920801063,-1199.7968140882363,-7.919893732832861e-06,-1199.9288725223867,-3.922129595739345e-06
trained_53tet,53tet-Q4,24000,20260826,1085.0,452.8929,847.5723882282855,452.9Hz_+50c,2,452.8783964569418,423.7763844930576,452.89290103947343,847.5723863077096,90.60133990666033,92.56867022565383,2785.823314680959,2633.648749594357,1,-114.98463201479098,1084.9999921035667,-1199.984632014791,-7.896433317000628e-06,-1200.0400743271598,-3.922928978790918e-06
trained_53tet,53tet-Q4,24000,20260826,1085.0,452.8929,847.5723882282855,452.9Hz_+50c,3,452.8966566465917,423.7845505666241,452.89290104685176,847.5723863092142,90.59131623714127,92.91449924218824,2786.0846626271536,2627.2264117633076,1,-115.02107431077208,1084.9999920784353,-1200.021074310772,-7.921564701973693e-06,-1200.006714166206,-3.919855995807378e-06
trained_53tet,53tet-Q4,24000,20260826,1085.0,452.8929,847.5723882282855,452.9Hz_+50c,4,452.87704783342053,423.7674344157889,452.8929010403313,847.5723863078359,113.22538067287174,92.2473066524161,2399.906441355493,2639.632835495717,1,-115.01604029944265,1084.9999921005453,-1200.0160402994427,-7.899454658399918e-06,-1200.076638049682,-3.922671038888247e-06
trained_53tet,53tet-Q4,24000,20260826,1090.0,440.0,825.825437070606,440Hz_ongrid,0,440.00097524090586,412.92537098412186,439.99999891927683,825.8254390926026,62.856981317809655,91.8661963913344,3368.8341928501795,2601.930073676173,1,-109.95078963507927,1090.000008491087,-1199.9507896350792,8.491087100992445e-06,-1199.9469524341903,4.238849032975833e-06
trained_53tet,53tet-Q4,24000,20260826,1090.0,440.0,825.825437070606,440Hz_ongrid,1,440.0054096353458,412.9509268830246,439.99999891169784,825.8254390910756,62.859354966095495,137.65188368178528,3368.7862655842746,1901.935195645524,1,-109.86109463762054,1090.0000085177064,-1199.8610946376205,8.51770641929761e-06,-1199.839809893683,4.235648041083995e-06
trained_53tet,53tet-Q4,24000,20260826,1090.0,440.0,825.825437070606,440Hz_ongrid,2,439.9757559720729,412.97240313036383,439.99999891172655,825.8254390929736,62.855958509743274,92.05500174075168,3368.763132764619,2598.572832262069,1,-109.65438259520332,1090.0000085215725,-1199.6543825952033,8.521572453901172e-06,-1199.7497763293143,4.239627081203174e-06
trained_53tet,53tet-Q4,24000,20260826,1090.0,440.0,825.825437070606,440Hz_ongrid,3,439.97468806160094,412.9041364042652,439.99999891816657,825.8254390929649,62.85354314411147,91.41697127591308,3368.8254581042156,2610.3275329958033,1,-109.93638718863218,1090.000008496215,-1199.9363871886321,8.496215059494716e-06,-1200.035982984309,4.2396086294665575e-06
trained_53tet,53tet-Q4,24000,20260826,1090.0,440.0,825.825437070606,440Hz_ongrid,4,440.004319975402,412.97508989173065,439.99999891269283,825.825439094301,92.79502241159116,92.83183920948876,2694.478035418549,2584.035787076094,1,-109.75551050314567,1090.0000085205531,-1199.7555105031456,8.52055313771416e-06,-1199.7385131127073,4.2424094493205114e-06
trained_53tet,53tet-Q4,24000,20260826,1090.0,452.8929,850.0238115651687,452.9Hz_+50c,0,452.7837736827126,424.9555250916572,452.89290104383366,850.0238129288603,90.58026840034658,106.23778962774144,2785.8642457779733,2400.0177891839585,1,-109.81247720090981,1089.9999987872436,-1199.8124772009098,-1.212756387758418e-06,-1200.2296750873988,2.7774153682765657e-06
trained_53tet,53tet-Q4,24000,20260826,1090.0,452.8929,850.0238115651687,452.9Hz_+50c,1,452.8970380290754,425.0340046294622,452.89290104896685,850.0238129245042,90.59307934726525,93.67287422753245,2786.0524271236573,2618.2500357860745,1,-109.92580339785295,1089.9999987587496,-1199.9258033978529,-1.241250402017613e-06,-1199.9099853885534,2.7685435426569905e-06
trained_53tet,53tet-Q4,24000,20260826,1090.0,452.8929,850.0238115651687,452.9Hz_+50c,2,452.85387115040146,425.06147047152933,452.8929010477675,850.0238129280948,90.59831796675842,106.26928615656617,2785.787303376546,2399.9361618684547,1,-109.64891747329004,1089.9999987706472,-1199.64891747329,-1.2293528470763704e-06,-1199.7981160694428,2.7758565809423093e-06
trained_53tet,53tet-Q4,24000,20260826,1090.0,452.8929,850.0238115651687,452.9Hz_+50c,3,452.87832079523906,424.9147657009321,452.89290104349635,850.0238129243565,90.60074763051678,106.2290510204053,2785.8343428504254,2399.9941396025492,1,-110.34000192801565,1089.9999987793606,-1200.3400019280157,-1.2206394330860348e-06,-1200.3957334750403,2.7682429331143535e-06
trained_53tet,53tet-Q4,24000,20260826,1090.0,452.8929,850.0238115651687,452.9Hz_+50c,4,452.8621156944078,424.9895175249924,452.8929010448337,850.0238129254348,90.58661418808312,94.71494255904292,2786.0424822665386,2598.9159646724934,1,-109.97351776268482,1089.9999987764443,-1199.9735177626849,-1.2235557278472697e-06,-1200.0911982328234,2.7704386897736158e-06
trained_53tet,53tet-Q4,24000,20260826,1095.0,440.0,828.2139619644599,440Hz_ongrid,0,439.99375464369933,414.30602527942324,439.9999989108339,828.21396406105,92.72896582932499,138.10390265714193,2695.6692908513332,1901.9312551271767,1,-104.14349319119273,1095.0000086680063,-1199.1434931911926,8.668006330481148e-06,-1199.1680664871262,4.3825488512743966e-06
trained_53tet,53tet-Q4,24000,20260826,1095.0,440.0,828.2139619644599,440Hz_ongrid,1,440.02311251495473,414.0743699391998,439.99999892019457,828.2139640605607,62.86162919796602,93.38086211884239,3368.7932831059193,2578.4293122023346,1,-105.2272771851841,1095.000008630153,-1200.227277185184,8.630152933619684e-06,-1200.1363405443406,4.381525933125787e-06
trained_53tet,53tet-Q4,24000,20260826,1095.0,440.0,828.2139619644599,440Hz_ongrid,2,439.98667449952615,414.05159101493854,439.99999891215464,828.2139640575407,62.85440888587742,62.42498350943936,3368.848776514772,3275.538119066545,1,-105.1791496347499,1095.0000086554744,-1200.1791496347498,8.655474402985419e-06,-1200.231581247208,4.375213132736275e-06
trained_53tet,53tet-Q4,24000,20260826,1095.0,440.0,828.2139619644599,440Hz_ongrid,3,439.99073557874823,414.12511489565503,439.9999989191367,828.2139640596827,62.85661069383976,138.04989698071782,3368.804111177166,1901.852264700525,1,-104.88773782825054,1095.0000086324799,-1199.8877378282505,8.63247987581417e-06,-1199.9241902154588,4.379690754154926e-06
trained_53tet,53tet-Q4,24000,20260826,1095.0,440.0,828.2139619644599,440Hz_ongrid,4,439.99157566937333,414.1277773940336,439.9999989140368,828.2139640588755,62.85502207704542,62.676668070901385,3368.851171862184,3268.8906978021414,1,-104.87991289858975,1095.0000086508587,-1199.8799128985897,8.650858717373922e-06,-1199.9130597795943,4.378003189076984e-06
trained_53tet,53tet-Q4,24000,20260826,1095.0,452.8929,852.4823251240317,452.9Hz_+50c,0,452.83302697315753,426.24639074079045,452.89290103593623,852.4823238621103,90.580423939112,91.42480315388057,2786.049584391141,2665.2361172182996,1,-104.74987869139896,1094.999993477288,-1199.7498786913989,-6.522712055812008e-06,-1199.978765200561,-2.5627292241336014e-06
trained_53tet,53tet-Q4,24000,20260826,1095.0,452.8929,852.4823251240317,452.9Hz_+50c,1,452.8281106703838,426.25061730867344,452.89290104944723,852.4823238618261,90.5806820298679,93.70697947081044,2786.0258558867276,2622.5682142465002,1,-104.71391652346799,1094.9999934250634,-1199.713916523468,-6.574936605829862e-06,-1199.9615987397742,-2.5633064175219133e-06
trained_53tet,53tet-Q4,24000,20260826,1095.0,452.8929,852.4823251240317,452.9Hz_+50c,2,452.8649395313782,426.2379219952673,452.8929010407142,852.4823238615097,90.58891375713674,91.92767236638942,2786.0093300502585,2655.705404795395,1,-104.90627669875099,1094.9999934578036,-1199.906276698751,-6.542196388181765e-06,-1200.0131620343418,-2.5639487686054096e-06
trained_53tet,53tet-Q4,24000,20260826,1095.0,452.8929,852.4823251240317,452.9Hz_+50c,3,452.8482266159967,426.2360177189558,452.8929010389681,852.4823238629077,90.58890227344618,92.74825092611536,2785.945657391471,2640.3126339523114,1,-104.85011911906581,1094.9999934673176,-1199.8501191190658,-6.5326823914801935e-06,-1200.0208965769145,-2.5611096998279362e-06
trained_53tet,53tet-Q4,24000,20260826,1095.0,452.8929,852.4823251240317,452.9Hz_+50c,4,452.8578909906215,426.2896099215346,452.89290104534996,852.4823238610687,90.61150423555638,93.70986538227518,2785.5507141891794,2622.6732607512627,1,-104.669404866846,1094.9999934391876,-1199.669404866846,-6.560812380485004e-06,-1199.8032359155031,-2.564844446657203e-06
trained_53tet,53tet-Q4,24000,20260826,1100.0,440.0,830.6093951598903,440Hz_ongrid,0,440.0244296683847,415.34938288870467,439.999998914786,830.609396671665,62.862535275055826,82.00061627790583,3368.7735117875127,2808.742504108889,1,-99.90985425543991,1100.0000074208906,-1199.90985425544,7.420890597131802e-06,-1199.8137353925993,3.1509826931052047e-06
trained_53tet,53tet-Q4,24000,20260826,1100.0,440.0,830.6093951598903,440Hz_ongrid,1,439.9836149474237,415.348788819984,439.9999989121871,830.6093966698862,62.852179290341695,81.26134315303727,3368.898150007653,2824.4186778569297,1,-99.7517413530146,1100.0000074274087,-1199.7517413530145,7.427408718285733e-06,-1199.8162115554985,3.147275431687613e-06
trained_53tet,53tet-Q4,24000,20260826,1100.0,440.0,830.6093951598903,440Hz_ongrid,2,439.99801666343564,415.2882807741988,439.9999989154619,830.6093966698649,62.85619557706345,81.91606801251018,3368.844193295637,2810.273745295245,1,-100.06063254801377,1100.000007414479,-1200.0606325480137,7.414478886857978e-06,-1200.0684362469449,3.147230839990761e-06
trained_53tet,53tet-Q4,24000,20260826,1100.0,440.0,830.6093951598903,440Hz_ongrid,3,439.97795921929736,415.3720321512633,439.9999989149678,830.6093966703517,62.85510565553121,138.42338245870195,3368.7952923870334,1902.3796997238512,1,-99.63260835584255,1100.000007417438,-1199.6326083558426,7.417437927870196e-06,-1199.7193326871254,3.1482453010941444e-06
trained_53tet,53tet-Q4,24000,20260826,1100.0,440.0,830.6093951598903,440Hz_ongrid,4,439.9918962546031,415.2243067487302,439.9999989091416,830.6093966694543,62.856501638611796,79.66735587934194,3368.8116817553982,2858.1963616542253,1,-100.30326319240953,1100.0000074384914,-1200.3032631924095,7.438491365974187e-06,-1200.335148667756,3.1463751407046176e-06
trained_53tet,53tet-Q4,24000,20260826,1100.0,452.8929,854.9479494118378,452.9Hz_+50c,0,452.84566000141075,427.4302561908317,452.89290104134125,854.9479515322848,90.58443126585705,93.19206020723482,2786.021292241165,2636.892101219881,1,-99.99647577858777,1100.0000003131727,-1199.9964757785879,3.131726771243848e-07,-1200.1770654050458,4.293817140767574e-06
trained_53tet,53tet-Q4,24000,20260826,1100.0,452.8929,854.9479494118378,452.9Hz_+50c,1,452.8292104769316,427.5319537802822,452.8929010486218,854.947951534229,150.95132947850536,89.50789372690618,1901.8602736017483,2707.1345116878297,1,-99.52172800711094,1100.000000289279,-1199.521728007111,2.892788870667573e-07,-1199.765205492779,4.297753895656873e-06
trained_53tet,53tet-Q4,24000,20260826,1100.0,452.8929,854.9479494118378,452.9Hz_+50c,2,452.87271108351086,427.47473427971283,452.8929010531847,854.9479515345561,90.5917461698221,93.79937505180821,2785.984910203021,2625.8267242041475,1,-99.91974766784017,1100.0000002724992,-1199.91974766784,2.7249916456639767e-07,-1199.9969237920334,4.298416236119158e-06
trained_53tet,53tet-Q4,24000,20260826,1100.0,452.8929,854.9479494118378,452.9Hz_+50c,3,452.86815542189555,427.43696876381,452.8929010389587,854.9479515331208,90.59165520458791,91.96562413587746,2785.9692331825577,2659.854107607626,1,-100.05528595856237,1100.0000003239732,-1200.0552859585623,3.2397315408161376e-07,-1200.149877475604,4.2955097031909305e-06
trained_53tet,53tet-Q4,24000,20260826,1100.0,452.8929,854.9479494118378,452.9Hz_+50c,4,452.87453816792095,427.4260195313116,452.8929010334637,854.9479515339652,90.59109872211054,93.56085491848185,2786.0042676901717,2630.0373420648602,1,-100.12403377252865,1100.0000003466885,-1200.1240337725287,3.4668846637941897e-07,-1200.194225363799,4.2972195641173636e-06
trained_53tet,53tet-Q4,24000,20260826,1105.0,440.0,833.0117566376935,440Hz_ongrid,0,439.98697216403815,416.5492634852952,439.99999891002506,833.0117577002144,62.85786752571321,104.13921732065702,3368.7546871218283,2399.968389584963,1,-94.76841571682988,1105.0000064968592,-1199.7684157168298,6.496859214166761e-06,-1199.819676096626,2.2082188874258474e-06
trained_53tet,53tet-Q4,24000,20260826,1105.0,440.0,833.0117566376935,440Hz_ongrid,1,439.98727660036485,416.52339092512796,439.99999890580716,833.0117577029274,62.85439677803245,104.13360314189948,3368.851479117772,2399.9541903511576,1,-94.87714672902332,1105.0000065190934,-1199.8771467290233,6.519093403767329e-06,-1199.927209231642,2.2138574306136013e-06
trained_53tet,53tet-Q4,24000,20260826,1105.0,440.0,833.0117566376935,440Hz_ongrid,2,440.0249568363022,416.5372760691411,439.99999891299524,833.0117577009496,62.863384992885386,104.1354084578232,3368.7521848095016,2399.9818881353854,1,-94.96769106012783,1105.0000064867006,-1199.967691060128,6.486700613095309e-06,-1199.869498106759,2.2097469218662174e-06
trained_53tet,53tet-Q4,24000,20260826,1105.0,440.0,833.0117566376935,440Hz_ongrid,3,440.00437839195985,416.54345205624384,439.9999989125064,833.0117577018128,62.85864287221997,84.00414387292653,3368.8018202422954,2771.921516738255,1,-94.86105657118888,1105.0000064904182,-1199.8610565711888,6.4904181726888055e-06,-1199.843829335899,2.2115409688431233e-06
trained_53tet,53tet-Q4,24000,20260826,1105.0,440.0,833.0117566376935,440Hz_ongrid,4,439.99551413947137,277.6783184338697,439.999998918211,833.0117576993857,62.857993854197794,93.35211208012349,3368.7848179013877,1887.1919578698364,1,-796.8891378920671,1105.0000064629285,-1901.889137892067,6.462928467954043e-06,-1901.9067881513279,2.2064967253395927e-06
trained_53tet,53tet-Q4,24000,20260826,1105.0,452.8929,857.4207049948619,452.9Hz_+50c,0,452.865568009183,428.7088728562187,452.8929010387439,857.4207039019478,90.58796004631148,94.12043848506278,2786.029958975085,2624.9019955351864,1,-94.90149239051121,1104.9999938225615,-1199.9014923905113,-6.177438535814872e-06,-1200.005975152344,-2.2067231463374006e-06
trained_53tet,53tet-Q4,24000,20260826,1105.0,452.8929,857.4207049948619,452.9Hz_+50c,1,452.8928901565022,428.7120108081542,452.8929010506466,857.4207039023103,90.60056162879107,107.17514886488674,2785.8935909659745,2400.0460983196367,1,-94.99326573319398,1104.9999937777936,-1199.993265733194,-6.222206366146565e-06,-1199.9933033610716,-2.205991227448876e-06
trained_53tet,53tet-Q4,24000,20260826,1105.0,452.8929,857.4207049948619,452.9Hz_+50c,2,452.8755870741642,428.67594305242056,452.89290103805615,857.4207039011378,90.59293404840258,107.16732529824684,2785.97320390708,2400.0268237638857,1,-95.07277720274084,1104.9999938235549,-1200.0727772027408,-6.1764451402268605e-06,-1200.1389590739966,-2.2083586237067434e-06
trained_53tet,53tet-Q4,24000,20260826,1105.0,452.8929,857.4207049948619,452.9Hz_+50c,3,452.8515049173453,428.7666177499634,452.8929010432412,857.4207039023273,90.59480381620864,107.19096125523663,2785.845410229398,2400.0111955040466,1,-94.61455788737021,1104.9999938061362,-1199.6145578873702,-6.193863782755216e-06,-1199.7728024787061,-2.2059568226481814e-06
trained_53tet,53tet-Q4,24000,20260826,1105.0,452.8929,857.4207049948619,452.9Hz_+50c,4,452.84317216995345,428.71841875390237,452.8929010390799,857.4207039024336,90.59004939343266,107.17834335622331,2785.904411850328,2400.020373971316,1,-94.77732619010854,1104.9999938222577,-1199.7773261901086,-6.177742307045264e-06,-1199.9674268503218,-2.2057423212092125e-06
trained_53tet,53tet-Q4,24000,20260826,1110.0,440.0,835.421066436457,440Hz_ongrid,0,439.9999935385889,417.73809334362875,439.999998912997,835.4210660511905,62.85637188592333,119.34550622887326,3368.8471155429133,2168.945355851454,1,-89.88575324470001,1110.0000034785633,-1199.8857532447,3.4785632578859804e-06,-1199.8857786679162,-7.983835808768774e-07
trained_53tet,53tet-Q4,24000,20260826,1110.0,440.0,835.421066436457,440Hz_ongrid,1,439.990663503356,417.72419132198775,439.9999989104509,835.4210660486984,93.30887151971251,119.34363283371475,2684.864100870526,2168.914916486788,1,-89.90665786106544,1110.000003483417,-1199.9066578610655,3.483417003735667e-06,-1199.9433938437528,-8.035477606775365e-07
trained_53tet,53tet-Q4,24000,20260826,1110.0,440.0,835.421066436457,440Hz_ongrid,2,439.98918050125604,417.7134770498486,439.9999989138532,835.4210660486085,62.85503481025066,93.45468526541977,3368.8413968585974,2592.2097504821704,1,-89.94522793180558,1110.0000034698442,-1199.9452279318057,3.469844159553759e-06,-1199.9877991020778,-8.03734200100145e-07
trained_53tet,53tet-Q4,24000,20260826,1110.0,440.0,835.421066436457,440Hz_ongrid,3,439.9929534103094,417.73501292916575,439.9999989216184,835.4210660510776,92.94142093796304,119.34352860279421,2691.704174420759,2168.9612774438747,1,-89.87081899715214,1110.0000034444076,-1199.8708189971521,3.444407639108249e-06,-1199.8985448919,-7.986174950802939e-07
trained_53tet,53tet-Q4,24000,20260826,1110.0,440.0,835.421066436457,440Hz_ongrid,4,439.9706749996991,417.72021858416264,439.99999891167386,835.4210660488942,93.60747331048891,119.35087393863402,2679.254098425776,2168.7934131996108,1,-89.84447204592276,1110.000003479011,-1199.8444720459227,3.479010956652928e-06,-1199.9598587070263,-8.031420146763751e-07
trained_53tet,53tet-Q4,24000,20260826,1110.0,452.8929,859.9006124988629,452.9Hz_+50c,0,452.85837475194626,429.9801706676584,452.8929010500389,859.9006143286873,90.57977559299042,62.3779641896236,2786.1588808976385,3342.1941059923793,1,-89.74777070282083,1109.9999996700858,-1199.7477707028208,-3.2991420084726997e-07,-1199.8797523774338,3.683977250803762e-06
trained_53tet,53tet-Q4,24000,20260826,1110.0,452.8929,859.9006124988629,452.9Hz_+50c,1,452.8354022290315,430.01099718585243,452.8929010404748,859.9006143280322,90.58813860324958,92.10221186689837,2785.911223674025,2667.6790168572556,1,-89.53583401600605,1109.999999705327,-1199.535834016006,-2.9467310014297254e-07,-1199.7556396657465,3.682658336046417e-06
trained_53tet,53tet-Q4,24000,20260826,1110.0,452.8929,859.9006124988629,452.9Hz_+50c,2,452.8332382181402,429.9908882903139,452.8929010428936,859.9006143276936,90.58884305107597,92.44144051276359,2785.8894877466896,2661.2333306095743,1,-89.60852153442057,1109.9999996953989,-1199.6085215344206,-3.0460114430752583e-07,-1199.836600429298,3.6819767750249153e-06
trained_53tet,53tet-Q4,24000,20260826,1110.0,452.8929,859.9006124988629,452.9Hz_+50c,3,452.8442437001803,429.92165740396007,452.8929010427884,859.9006143275817,90.58512498860455,92.12326684602465,2786.0026194382685,2666.923572849432,1,-89.92935685737896,1109.9999996955755,-1199.929356857379,-3.0442447496170644e-07,-1200.1153610278307,3.6817515100736463e-06
trained_53tet,53tet-Q4,24000,20260826,1110.0,452.8929,859.9006124988629,452.9Hz_+50c,4,452.86854102619066,429.9992382777068,452.8929010369466,859.9006143289593,90.59063131013784,92.66764321146209,2785.9902743227935,2657.0358222255104,1,-89.70986452319097,1109.9999997206799,-1199.709864523191,-2.793201474560192e-07,-1199.802981944532,3.684524652323569e-06
trained_53tet,53tet-Q4,24000,20260826,1115.0,440.0,837.8373446527248,440Hz_ongrid,0,440.0190995404504,279.3040057971157,439.99999891134297,837.8373432069686,62.85895047116764,94.36513396637363,3368.851269086059,1878.6125386441652,1,-786.8758583605982,1115.0000012960702,-1901.8758583605982,1.2960701951669762e-06,-1901.8007105035306,-2.9873846039598032e-06
trained_53tet,53tet-Q4,24000,20260826,1115.0,440.0,837.8373446527248,440Hz_ongrid,1,439.9797202085539,418.9234837543578,439.99999891193625,837.8373432061683,62.854996196045,93.44132329739809,3368.805236421713,2597.464979454603,1,-84.90032111395445,1115.0000012920823,-1199.9003211139545,1.2920822882733773e-06,-1199.9801162834553,-2.9890383408609872e-06
trained_53tet,53tet-Q4,24000,20260826,1115.0,440.0,837.8373446527248,440Hz_ongrid,2,439.9974416757626,418.94703178508956,439.9999989052255,837.83734320644,93.51752173087758,93.45422611507955,2681.023838559857,2597.323250356071,1,-84.87273887012604,1115.000001319048,-1199.872738870126,1.3190478966862429e-06,-1199.8828049403635,-2.988476908330959e-06
trained_53tet,53tet-Q4,24000,20260826,1115.0,440.0,837.8373446527248,440Hz_ongrid,3,439.9974828135877,279.30226113666384,439.9999989150168,837.8373432064603,62.85766737052736,94.04542457400959,3368.8015559855276,1884.477109874941,1,-786.8016204088083,1115.000001280565,-1901.8016204088083,1.2805649021174759e-06,-1901.8115246162863,-2.9884348153066266e-06
trained_53tet,53tet-Q4,24000,20260826,1115.0,440.0,837.8373446527248,440Hz_ongrid,4,440.01006624113575,418.93466902274344,439.99999891488085,837.8373432068015,62.85794440010539,91.80087739973536,3368.843436634375,2628.1745185025943,1,-84.97349931366132,1115.0000012818048,-1199.9734993136613,1.2818047707696678e-06,-1199.9338929044402,-2.98772980520045e-06
trained_53tet,53tet-Q4,24000,20260826,1115.0,452.8929,862.3876926092546,452.9Hz_+50c,0,452.8872475159818,431.18885032353967,452.89290103873736,862.3876909061408,90.58887663848829,93.61804603631178,2786.0953173653506,2644.1535772067386,1,-84.99845148241091,1114.9999926103271,-1199.998451482411,-7.389672873614472e-06,-1200.0200588731693,-3.418982642028524e-06
trained_53tet,53tet-Q4,24000,20260826,1115.0,452.8929,862.3876926092546,452.9Hz_+50c,1,452.91908570723854,431.20195828547054,452.89290104542516,862.387690905315,90.59758304091783,93.54874139812975,2786.050640570329,2645.4882975707983,1,-85.06752579465959,1114.9999925831044,-1200.0675257946596,-7.416895641654264e-06,-1199.9674308771753,-3.420640415247523e-06
trained_53tet,53tet-Q4,24000,20260826,1115.0,452.8929,862.3876926092546,452.9Hz_+50c,2,452.85614208600805,862.35524114986,452.89290104775046,862.3876909062179,90.5873806722539,92.62482737456912,2786.004997275208,3862.57373521782,0,1115.0753697803502,1114.9999925760283,0.07536978035022912,-7.423971737807733e-06,-0.06514718263554063,-3.418827916528084e-06
trained_53tet,53tet-Q4,24000,20260826,1115.0,452.8929,862.3876926092546,452.9Hz_+50c,3,452.8377874982025,431.23329468409185,452.89290104359634,862.38769090534,90.5882353947222,92.69282757161729,2785.918492982168,2661.5267463714977,1,-84.63093629036774,1114.9999925901457,-1199.6309362903678,-7.409854333673138e-06,-1199.8416228467047,-3.420590249588374e-06
trained_53tet,53tet-Q4,24000,20260826,1115.0,452.8929,862.3876926092546,452.9Hz_+50c,4,452.84060769363253,431.19958108757123,452.89290104088656,862.3876909046502,90.58573262611594,94.27236499866723,2785.9771059095,2632.1387401766638,1,-84.77707035889378,1114.999992599119,-1199.7770703588938,-7.400881031571771e-06,-1199.976975122534,-3.42197509086871e-06
trained_53tet,53tet-Q4,24000,20260826,1120.0,440.0,840.2606114411666,440Hz_ongrid,0,440.0088134279848,280.0928846648703,439.9999989079702,840.2606082763899,62.8592171380964,94.20377361451048,3368.8034539869973,1886.458292178179,1,-781.952504390713,1119.9999977761659,-1901.9525043907129,-2.2238341443880927e-06,-1901.9178272229756,-6.520559284347638e-06
trained_53tet,53tet-Q4,24000,20260826,1120.0,440.0,840.2606114411666,440Hz_ongrid,1,439.98208135146444,280.09049689871847,439.99999892132627,840.2606082766,62.85301902022302,94.16960536905562,3368.868985836186,1887.0715758619642,1,-781.8620813379655,1119.999997724048,-1901.8620813379655,-2.275952056152164e-06,-1901.9325858973648,-6.520126437356812e-06
trained_53tet,53tet-Q4,24000,20260826,1120.0,440.0,840.2606114411666,440Hz_ongrid,2,439.96051155702753,420.11420419002854,439.9999989049987,840.260608276908,62.851310117353094,93.88045656974695,3368.8311822393835,2594.26176161626,1,-79.91097186510606,1119.9999977889254,-1199.9109718651061,-2.211074615843245e-06,-1200.0663509671604,-6.519491966701077e-06
trained_53tet,53tet-Q4,24000,20260826,1120.0,440.0,840.2606114411666,440Hz_ongrid,3,439.99717998087067,420.09356533299734,439.9999989068348,840.260608276964,62.85726917412047,90.83942932824763,3368.8113316577364,2651.184168034631,1,-80.1403072590326,1119.9999977818165,-1200.1403072590326,-2.2181834538059775e-06,-1200.1514030062617,-6.519376451140915e-06
trained_53tet,53tet-Q4,24000,20260826,1120.0,440.0,840.2606114411666,440Hz_ongrid,4,439.98103480143243,420.1276201775517,439.9999989130218,840.2606082765126,62.85417067927551,140.0429715911632,3368.8331466853356,1901.949666188478,1,-79.93644386068955,1119.9999977565428,-1199.9364438606895,-2.24345717469987e-06,-1200.0110663723442,-6.520306533995535e-06
trained_53tet,53tet-Q4,24000,20260826,1120.0,452.8929,864.8819660712799,452.9Hz_+50c,0,452.88001464621914,432.4603570497002,452.8929010498625,864.8819671249333,90.58620740532567,91.92584543837594,2786.118680513985,2680.8305330981657,1,-79.87318340287331,1119.9999980958805,-1199.8731834028733,-1.9041194718738552e-06,-1199.922439817678,2.1090980802572186e-06
trained_53tet,53tet-Q4,24000,20260826,1120.0,452.8929,864.8819660712799,452.9Hz_+50c,1,452.8248612422101,432.45279990639204,452.89290104573973,864.881967126385,90.58667769500238,92.06253983304165,2785.898843690293,2678.227834565844,1,-79.69258764821252,1119.9999981145463,-1199.6925876482126,-1.885453684735694e-06,-1199.952692990968,2.1120038443667566e-06
trained_53tet,53tet-Q4,24000,20260826,1120.0,452.8929,864.8819660712799,452.9Hz_+50c,2,452.84539408966765,432.41238186769897,452.8929010484057,864.8819671276657,90.58096126017277,93.68671452009367,2786.0865950785374,2647.7897422309857,1,-79.93289948001146,1119.9999981069188,-1199.9328994800114,-1.8930811620521126e-06,-1200.1145056903515,2.1145670981149203e-06
trained_53tet,53tet-Q4,24000,20260826,1120.0,452.8929,864.8819660712799,452.9Hz_+50c,3,452.8316209009598,432.39287444252636,452.89290104946514,864.8819671274867,90.58856629927412,92.79846287293957,2785.888593527536,2664.203921907705,1,-79.95834653803769,1119.9999981025107,-1199.9583465380376,-1.8974892554979306e-06,-1200.1926086353271,2.114209211306351e-06
trained_53tet,53tet-Q4,24000,20260826,1120.0,452.8929,864.8819660712799,452.9Hz_+50c,4,452.87088517323554,432.45433703465227,452.8929010387551,864.8819671251565,90.58723551414022,93.35764776228095,2786.0641321901435,2654.04922770329,1,-79.86238323461266,1119.9999981387866,-1199.8623832346127,-1.861213377196691e-06,-1199.9465394314275,2.1095447660483663e-06
trained_53tet,53tet-Q4,24000,20260826,1125.0,440.0,842.6908870147448,440Hz_ongrid,0,439.98455982055384,421.3167892938856,439.9999989167046,842.6908886799799,93.06576850417066,95.02942940228682,2689.356454935366,2578.1509629837606,1,-75.05698675993719,1125.0000076834374,-1200.0569867599372,7.683437388550374e-06,-1200.1177391085673,3.421078445028153e-06
trained_53tet,53tet-Q4,24000,20260826,1125.0,440.0,842.6908870147448,440Hz_ongrid,1,439.98633867070015,842.6574609020847,439.9999989085021,842.6908886792299,62.85491264583259,93.15495244021044,3368.833579828601,3812.6903061539842,0,1124.985080652589,1125.0000077141704,-0.01491934741102341,7.714170351391658e-06,-0.06867236016136462,3.419537725019922e-06
trained_53tet,53tet-Q4,24000,20260826,1125.0,440.0,842.6908870147448,440Hz_ongrid,2,439.9956353255273,421.30636401772506,439.9999989111354,842.690888679947,62.857093135619124,93.65949496382468,3368.810102484724,2603.2470537848326,1,-75.14340473825466,1125.0000077052823,-1200.1434047382547,7.705282314418582e-06,-1200.1605781712967,3.421010788660526e-06
trained_53tet,53tet-Q4,24000,20260826,1125.0,440.0,842.6908870147448,440Hz_ongrid,3,440.00257032044755,421.35059116274664,439.9999989118632,842.6908886793998,62.85676257761495,94.01053832301795,3368.8464935084144,2596.95210743678,1,-74.98896253395846,1125.0000077012946,-1199.9889625339586,7.701294634898659e-06,-1199.9788493219617,3.4198867703710882e-06
trained_53tet,53tet-Q4,24000,20260826,1125.0,440.0,842.6908870147448,440Hz_ongrid,4,439.997784372916,421.3744670952036,439.9999989127376,842.69088868,92.81113931241481,94.03486745066179,2694.1516608529946,2596.6022347680246,1,-74.87203362919884,1125.000007699087,-1199.8720336291988,7.69908706388378e-06,-1199.8807513080749,3.421119577024381e-06
trained_53tet,53tet-Q4,24000,20260826,1125.0,452.8929,867.3834536901821,452.9Hz_+50c,0,452.83398311681816,433.3844019808682,452.8929010499671,867.3834566491245,90.58269216564646,93.36765654975805,2786.0098885073025,2657.582942215152,1,-76.00199979626078,1125.0000018922156,-1201.0019997962609,1.8922155504697002e-06,-1201.2272308593429,5.905832735699727e-06
trained_53tet,53tet-Q4,24000,20260826,1125.0,452.8929,867.3834536901821,452.9Hz_+50c,1,452.85747073985533,867.3469715609035,452.89290103826687,867.383456649741,150.96615077988415,93.78508269354032,1901.798338923258,3851.014641751637,0,1125.0626204314456,1125.0000019381716,0.06262043144556628,1.93817163562926e-06,-0.07281719796862808,5.907063235884175e-06
trained_53tet,53tet-Q4,24000,20260826,1125.0,452.8929,867.3834536901821,452.9Hz_+50c,2,452.8035833615958,433.5555859349122,452.8929010455471,867.3834566498545,90.58058596953491,93.72554063615968,2785.933917501364,2651.643389937244,1,-75.20208338420032,1125.0000019105685,-1200.2020833842003,1.9105684714304516e-06,-1200.5435399513738,5.907290038479871e-06
trained_53tet,53tet-Q4,24000,20260826,1125.0,452.8929,867.3834536901821,452.9Hz_+50c,3,452.84486512377106,433.5566476989696,452.89290104778456,867.3834566492018,90.58467248202577,93.78060956621731,2786.013643336611,2650.630732790663,1,-75.35567176329779,1125.000001900713,-1200.3556717632978,1.9007129594683647e-06,-1200.5393002185758,5.905987268993743e-06
trained_53tet,53tet-Q4,24000,20260826,1125.0,452.8929,867.3834536901821,452.9Hz_+50c,4,452.87677988853216,867.3490128924485,452.8929010428319,867.3834566519182,90.59329717064149,70.21371791521567,2785.9708244780472,4352.145370795338,0,1124.992879353212,1125.0000019250667,-0.007120646788052909,1.925066726471414e-06,-0.06874268265554662,5.9114090042644165e-06
trained_53tet,53tet-Q4,24000,20260826,1130.0,440.0,845.1281916448837,440Hz_ongrid,0,439.98887385206166,422.527532436495,439.99999891276144,845.1281910867859,62.85673357286917,93.11449971628035,3368.7934014112952,2618.361127917171,1,-70.1060279679247,1130.0000031346176,-1200.1060279679248,3.134617600153433e-06,-1200.1498057172103,-1.1432559573564843e-06
trained_53tet,53tet-Q4,24000,20260826,1130.0,440.0,845.1281916448837,440Hz_ongrid,1,439.9901962953417,845.0965698046757,439.99999891060725,845.1281910872148,62.85545367553772,94.20603964576246,3368.833856831927,3798.2696976736092,0,1129.973796171942,1130.000003143972,-0.026203828057987266,3.143971980534843e-06,-0.06477813805263594,-1.1423775778085585e-06
trained_53tet,53tet-Q4,24000,20260826,1130.0,440.0,845.1281916448837,440Hz_ongrid,2,440.000561680319,422.55525563572184,439.9999989075513,845.1281910884304,62.856819235099394,93.72926629895409,3368.8370298056543,2607.0822165402215,1,-70.03842839144286,1130.0000031584862,-1200.038428391443,3.1584861517330864e-06,-1200.0362183926422,-1.1398873621799117e-06
trained_53tet,53tet-Q4,24000,20260826,1130.0,440.0,845.1281916448837,440Hz_ongrid,3,439.982214690212,422.5298766579715,439.9999989184869,845.128191085453,62.85594325285676,93.63437561445508,3368.7889668169264,2608.7318081539916,1,-70.07022079824483,1130.0000031093598,-1200.070220798245,3.1093597954168217e-06,-1200.1402006986755,-1.1459866221786717e-06
trained_53tet,53tet-Q4,24000,20260826,1130.0,440.0,845.1281916448837,440Hz_ongrid,4,439.97914683641875,422.6049094207958,439.9999989108876,845.1281910870463,93.94032686996873,93.61004558138444,2673.1423548477087,2609.4891167546293,1,-69.750744551533,1130.0000031425238,-1199.750744551533,3.1425238375959452e-06,-1199.8327958295872,-1.1427227790488376e-06
trained_53tet,53tet-Q4,24000,20260826,1130.0,452.8929,869.8921763313799,452.9Hz_+50c,0,452.83913985601805,434.9391535022422,452.89290105273443,869.8921747910596,90.57854931924027,92.5193317849393,2786.1087838731646,2679.584202759607,1,-69.82208615505041,1129.9999929103037,-1199.8220861550503,-7.089696282491786e-06,-1200.0276025500946,-3.0655006078715985e-06
trained_53tet,53tet-Q4,24000,20260826,1130.0,452.8929,869.8921763313799,452.9Hz_+50c,1,452.8834178780862,434.9331711388794,452.89290104125337,869.8921747903678,90.60396945992808,93.62530507806242,2785.7922646753823,2658.98798832969,1,-70.01516808687352,1129.9999929528144,-1200.0151680868735,-7.047185590636218e-06,-1200.0514149438318,-3.0668773765168467e-06
trained_53tet,53tet-Q4,24000,20260826,1130.0,452.8929,869.8921763313799,452.9Hz_+50c,2,452.8582969481611,434.8994336913334,452.8929010418602,869.8921747905061,90.59109918211198,92.3191838329906,2785.942171379588,2683.175346573018,1,-70.05343159873266,1129.99999295077,-1200.0534315987327,-7.049229907352128e-06,-1200.1857107097646,-3.066602138111151e-06
trained_53tet,53tet-Q4,24000,20260826,1130.0,452.8929,869.8921763313799,452.9Hz_+50c,3,452.90259689951966,434.9006193644183,452.8929010443298,869.8921747897202,90.5952928430902,108.72251502354632,2786.031376810748,2400.042034408032,1,-70.21805791815076,1129.9999929397657,-1200.2180579181509,-7.06023433849623e-06,-1200.1809908259054,-3.0681661150016146e-06
trained_53tet,53tet-Q4,24000,20260826,1130.0,452.8929,869.8921763313799,452.9Hz_+50c,4,452.8371336837538,434.889728024369,452.8929010481625,869.8921747887428,90.58438097069013,95.52468729047467,2785.9896569588745,2624.044917896087,1,-70.01116101447911,1129.9999929231694,-1200.011161014479,-7.0768305704405066e-06,-1200.224347156062,-3.07011142778377e-06
trained_53tet,53tet-Q4,24000,20260826,1135.0,440.0,847.5725456616384,440Hz_ongrid,0,440.0190919111752,423.748147942158,439.99999890554767,847.572543738111,62.8606530354423,93.99350835786176,3368.8043484145855,2607.088844192844,1,-65.23087105500808,1135.0000003773002,-1200.230871055008,3.773002390516922e-07,-1200.1557532149584,-3.928957122730938e-06
trained_53tet,53tet-Q4,24000,20260826,1135.0,440.0,847.5725456616384,440Hz_ongrid,1,439.9920452522659,423.82466783926213,439.99999891706943,847.5725437398116,62.856309273213654,95.37899502047354,3368.8175662748813,2582.0688870638514,1,-64.81185819884602,1135.00000033544,-1199.811858198846,3.3544006328156684e-07,-1199.8431574138872,-3.9254833910908506e-06
trained_53tet,53tet-Q4,24000,20260826,1135.0,440.0,847.5725456616384,440Hz_ongrid,2,440.0011648480642,423.8123705881152,439.99999890632694,847.5725437414294,93.55814741086387,93.85689779176307,2680.2865722130705,2609.869220840334,1,-64.89797304210771,1135.000000381012,-1199.8979730421077,3.810118869296275e-07,-1199.8933898103774,-3.922178992576145e-06
trained_53tet,53tet-Q4,24000,20260826,1135.0,440.0,847.5725456616384,440Hz_ongrid,3,439.9943702328992,423.8128243453385,439.9999989183576,847.572543740879,93.93337044208606,92.50041843211542,2673.330460305274,2635.0745359785546,1,-64.86938510346356,1135.0000003325517,-1199.8693851034636,3.3255173548241146e-07,-1199.8915362553869,-3.9233032030759425e-06
trained_53tet,53tet-Q4,24000,20260826,1135.0,440.0,847.5725456616384,440Hz_ongrid,4,439.99132921324315,423.7290711259905,439.9999989094832,847.5725437417822,62.85449852891412,93.59091471980398,3368.86462242906,2614.442063116359,1,-65.1995771848654,1135.000000369314,-1200.1995771848653,3.693139660754241e-07,-1200.2336937966268,-3.921458413816745e-06
trained_53tet,53tet-Q4,24000,20260826,1135.0,452.8929,872.4081549206405,452.9Hz_+50c,0,452.8777574958536,436.11609893231065,452.8929010483767,872.4081545573438,75.49512341993876,93.64689269007306,3101.599587399075,2663.2910608785965,1,-65.29132501396155,1134.9999952715248,-1200.2913250139616,-4.728475232695928e-06,-1200.349209906902,-7.209374135496046e-07
trained_53tet,53tet-Q4,24000,20260826,1135.0,452.8929,872.4081549206405,452.9Hz_+50c,1,452.87105545030465,436.198859182988,452.8929010490991,872.4081545588958,90.5869442124101,124.6313629605482,2786.0703502700144,2168.7826015227006,1,-64.93720548757487,1134.999995271843,-1199.9372054875748,-4.728156909550307e-06,-1200.0207107496221,-7.178575111704969e-07
trained_53tet,53tet-Q4,24000,20260826,1135.0,452.8929,872.4081549206405,452.9Hz_+50c,2,452.8375082256772,872.3986718552865,452.8929010360933,872.408154557106,90.5784022945299,124.62945747556216,2786.1053561266694,3368.810962663569,0,1135.1929356432427,1134.9999953180077,0.192935643242663,-4.681992322730366e-06,-0.018818593988410633,-7.214094704794034e-07
trained_53tet,53tet-Q4,24000,20260826,1135.0,452.8929,872.4081549206405,452.9Hz_+50c,3,452.86193075783865,436.1948065931311,452.89290104030727,872.4081545568791,90.60147432401217,109.04752902899548,2785.757801054218,2400.018616355088,1,-64.91840772989787,1134.9999953014492,-1199.9184077298978,-4.6985508106445195e-06,-1200.036795189073,-7.218594237663167e-07
trained_53tet,53tet-Q4,24000,20260826,1135.0,452.8929,872.4081549206405,452.9Hz_+50c,4,452.8516375688355,436.1928836761273,452.8929010418477,872.4081545580415,90.58452441847417,124.63292553703083,2786.0423640819454,2168.73717975042,1,-64.88668969166287,1134.999995297867,-1199.886689691663,-4.702133082901128e-06,-1200.0444271614808,-7.195529566826099e-07
trained_53tet,53tet-Q4,24000,20260826,1140.0,440.0,850.0239694538641,440Hz_ongrid,0,439.99658954900013,424.9494308476648,439.99999891414785,850.0239708181539,62.856854552487746,91.97113469531011,3368.820428187499,2649.645750320729,1,-60.24140539667898,1140.0000070510519,-1200.241405396679,7.051051852613455e-06,-1200.2548242870787,2.778633182894302e-06
trained_53tet,53tet-Q4,24000,20260826,1140.0,440.0,850.0239694538641,440Hz_ongrid,1,440.0000642343394,425.04239465264203,439.9999989145307,850.0239708163311,62.856140518442025,106.26197923034509,3368.853766200332,2399.9775074729405,1,-59.87638607683298,1140.0000070458334,-1199.876386076833,7.045833399388357e-06,-1199.8761333389527,2.774920924130575e-06
trained_53tet,53tet-Q4,24000,20260826,1140.0,440.0,850.0239694538641,440Hz_ongrid,2,440.0064297713671,424.98689059834857,439.999998917192,850.0239708151197,62.85926926955222,62.39490469952056,3368.7926395843433,3321.5018570737493,1,-60.12751940473169,1140.000007032895,-1200.1275194047316,7.032894927760935e-06,-1200.1022208643074,2.77245377317835e-06
trained_53tet,53tet-Q4,24000,20260826,1140.0,440.0,850.0239694538641,440Hz_ongrid,3,439.99348820548596,424.96004344961085,439.99999891589505,850.0239708167329,62.85662487715958,94.20953887946837,3368.8145512740016,2608.0585818946975,1,-60.185967689652884,1140.0000070412834,-1200.185967689653,7.0412834247690625e-06,-1200.2115893346638,2.7757393355324576e-06
trained_53tet,53tet-Q4,24000,20260826,1140.0,440.0,850.0239694538641,440Hz_ongrid,4,439.9825224677063,425.0588214879117,439.9999989187734,850.0239708159869,62.85541704525262,106.26598882499022,3368.804671190278,2399.979090478543,1,-59.740457862405535,1140.0000070284389,-1199.7404578624055,7.028438858469599e-06,-1199.8092267259499,2.7742197581385436e-06
trained_53tet,53tet-Q4,24000,20260826,1140.0,452.8929,874.9314104442543,452.9Hz_+50c,0,452.90246754902915,874.9974839068618,452.89290104909344,874.9314118877454,90.59104784941262,124.99984174949304,2786.11200412636,3368.823119988555,0,1140.0941625269115,1139.99999884597,0.09416252691153204,-1.1540300874912646e-06,0.1307351728742979,2.8562477221583206e-06
trained_53tet,53tet-Q4,24000,20260826,1140.0,452.8929,874.9314104442543,452.9Hz_+50c,1,452.8673323175256,874.9204585139819,452.8929010471446,874.931411887969,90.58867616525427,62.482681651083986,2786.0230178814018,4569.148302574103,0,1140.0760672898227,1139.999998853862,0.07606728982273125,-1.14613794721663e-06,-0.021670811029465567,2.8566901794262974e-06
trained_53tet,53tet-Q4,24000,20260826,1140.0,452.8929,874.9314104442543,452.9Hz_+50c,2,452.84073022921956,874.8317683192537,452.8929010462126,874.9314118873725,90.5877973101829,124.97924076500043,2785.9381154998673,3368.7805557692764,0,1140.0022623753264,1139.9999988562447,0.002262375326381516,-1.1437552984716604e-06,-0.1971739282235844,2.8555100371042387e-06
trained_53tet,53tet-Q4,24000,20260826,1140.0,452.8929,874.9314104442543,452.9Hz_+50c,3,452.8501651544492,437.4758608053846,452.89290104737324,874.9314118875108,90.59196129830464,124.9958799506484,2785.894608704158,2168.787445570553,1,-59.796444131181964,1139.9999988520815,-1199.796444131182,-1.147918510469026e-06,-1199.9598105925998,2.855783353453094e-06
trained_53tet,53tet-Q4,24000,20260826,1140.0,452.8929,874.9314104442543,452.9Hz_+50c,4,452.8821611041479,437.4780799921593,452.8929010413421,874.9314118876355,90.58698990053156,124.99409850220076,2786.111931249052,2168.8209014137683,1,-59.909977448194205,1139.999998875383,-1199.9099774481942,-1.124617028835928e-06,-1199.9510285721383,2.8560301454305407e-06
trained_53tet,53tet-Q4,24000,20260826,1145.0,440.0,852.4824834693868,440Hz_ongrid,0,440.00785106099534,426.2076341478707,439.9999989156843,852.4824821923669,62.859410864845835,92.1246436442332,3368.794332000009,2651.87687509603,1,-55.16739763972675,1145.0000016729825,-1200.1673976397267,1.6729825347283622e-06,-1200.136506951421,-2.5933910131661162e-06
trained_53tet,53tet-Q4,24000,20260826,1145.0,440.0,852.4824834693868,440Hz_ongrid,1,440.0320376954582,426.1991023777108,439.9999989113566,852.4824821927554,62.861217904034156,92.67641879855327,3368.8397253583653,2641.5040234403987,1,-55.29721458029392,1145.0000016907993,-1200.297214580294,1.6907993085624184e-06,-1200.1711629210827,-2.592602009217045e-06
trained_53tet,53tet-Q4,24000,20260826,1145.0,440.0,852.4824834693868,440Hz_ongrid,2,439.9901815295692,426.2721594473347,439.9999989131176,852.4824821935971,62.85651881511559,93.72028906817499,3368.804461735498,2622.409829289574,1,-54.83579584794364,1145.0000016855797,-1199.8357958479437,1.6855797184689436e-06,-1199.8744282569794,-2.59089272490058e-06
trained_53tet,53tet-Q4,24000,20260826,1145.0,440.0,852.4824834693868,440Hz_ongrid,3,440.008241721771,426.3030880478958,439.999998918724,852.4824821931498,62.85904574320726,93.73330347006741,3368.805925052644,2622.2950462356907,1,-54.78124916812852,1145.0000016626125,-1199.7812491681286,1.6626124761387473e-06,-1199.748821405122,-2.591800896315771e-06
trained_53tet,53tet-Q4,24000,20260826,1145.0,440.0,852.4824834693868,440Hz_ongrid,4,439.99807009991713,426.24083862836534,439.99999891946754,852.4824821952793,62.8553309387917,92.13503458398232,3368.8682182501016,2651.8164861204327,1,-54.99404382377706,1145.0000016640115,-1199.994043823777,1.6640115063637495e-06,-1200.0016372693728,-2.5874762705291524e-06
trained_53tet,53tet-Q4,24000,20260826,1145.0,452.8929,877.4619639492106,452.9Hz_+50c,0,452.88241631691443,438.76854376128495,452.8929010426121,877.4619659285222,90.59327611047908,93.0834551377105,2785.992773451187,2684.236118138907,1,-54.81171187618715,1144.9999999196837,-1199.8117118761872,-8.031634024519008e-08,-1199.8517873977678,3.9051855108798034e-06
trained_53tet,53tet-Q4,24000,20260826,1145.0,452.8929,877.4619639492106,452.9Hz_+50c,1,452.8025040348362,438.70945174419563,452.89290104688473,877.4619659275526,113.20580622171704,92.34175355304897,2399.9207782124026,2697.8529053469597,1,-54.739377218255676,1144.9999999014378,-1199.7393772182556,-9.856216820480768e-08,-1200.0849604521163,3.90327229643898e-06
trained_53tet,53tet-Q4,24000,20260826,1145.0,452.8929,877.4619639492106,452.9Hz_+50c,2,452.8835312090882,438.71826600131953,452.8929010362316,877.4619659296042,90.59133522129746,92.07889114846411,2786.034126060837,2702.8228907269904,1,-55.01436437652198,1144.9999999462084,-1200.014364376522,-5.3791609389008954e-08,-1200.0501780039624,3.907320146160069e-06
trained_53tet,53tet-Q4,24000,20260826,1145.0,452.8929,877.4619639492106,452.9Hz_+50c,3,452.88819239467915,438.7222605566857,452.8929010351135,877.4619659284957,150.97538995723522,92.008898002154,1901.8098322654992,2704.155139917375,1,-55.01641964451581,1144.9999999482957,-1200.0164196445157,-5.1704319048440084e-08,-1200.0344150888668,3.905133230959379e-06
trained_53tet,53tet-Q4,24000,20260826,1145.0,452.8929,877.4619639492106,452.9Hz_+50c,4,452.90071998235885,438.7457331224756,452.8929010533187,877.4619659285146,90.59694823128406,94.11737739753524,2785.992568810554,2665.02248378918,1,-54.9716853994678,1144.9999998787414,-1199.9716853994678,-1.212586084875511e-07,-1199.9417928954265,3.905170518843799e-06
trained_53tet,53tet-Q4,24000,20260826,1150.0,440.0,854.9481082151732,440Hz_ongrid,0,439.99380052983906,427.41442149746877,439.9999989067673,854.948110344684,62.857333532999796,94.7432590309896,3368.7962620652925,2608.248459177844,1,-50.217131165055854,1150.0000086136283,-1200.217131165056,8.613628324383171e-06,-1200.241523913783,4.312170083710554e-06
trained_53tet,53tet-Q4,24000,20260826,1150.0,440.0,854.9481082151732,440Hz_ongrid,1,439.98041129215244,427.49788163971976,439.9999989081056,854.9481103421376,62.856109664218266,106.87481429272574,3368.7772873813524,2399.994429533593,1,-49.826427290631386,1150.0000086032064,-1199.8264272906313,8.603206424595555e-06,-1199.903503183625,4.3070135921487294e-06
trained_53tet,53tet-Q4,24000,20260826,1150.0,440.0,854.9481082151732,440Hz_ongrid,2,440.01429310346566,427.4873654486791,439.9999989138114,854.9481103455838,93.31250314378865,91.61804625460576,2684.889694799115,2666.6136939067947,1,-50.00232808282481,1150.0000085877346,-1200.0023280828248,8.587734555476345e-06,-1199.9460910248984,4.313992192701384e-06
trained_53tet,53tet-Q4,24000,20260826,1150.0,440.0,854.9481082151732,440Hz_ongrid,3,439.99068339442476,427.532704129236,439.9999989072336,854.9481103445402,62.856533489990476,92.5435099237319,3368.8060322427086,2649.397272808144,1,-49.725830909636564,1150.0000086115024,-1199.7258309096367,8.611502380517777e-06,-1199.762488626811,4.311878700036492e-06
trained_53tet,53tet-Q4,24000,20260826,1150.0,440.0,854.9481082151732,440Hz_ongrid,4,439.99454218078165,427.48339619609607,439.99999890944906,854.948110342754,62.857440848693685,92.73577909336497,3368.7962245047142,2645.6045005983674,1,-49.94069114552996,1150.0000085991687,-1199.9406911455299,8.599168722867034e-06,-1199.9621657388636,4.30826177524857e-06
trained_53tet,53tet-Q4,24000,20260826,1150.0,452.8929,879.9998365433718,452.9Hz_+50c,0,452.8513378817193,439.96207758779803,452.89290104650826,879.9998344320475,90.5880871355504,92.28027622757159,2785.973129763304,2703.941938515313,1,-49.99001208713253,1149.9999918459712,-1199.9900120871325,-8.154028819262749e-06,-1200.1488952494203,-4.153633157075212e-06
trained_53tet,53tet-Q4,24000,20260826,1150.0,452.8929,879.9998365433718,452.9Hz_+50c,1,452.8464230296133,439.9936361521407,452.89290103940624,879.9998344311952,90.59245687516456,92.71873173912816,2785.8708320356304,2695.8599038960383,1,-49.84704538856644,1149.9999918714427,-1199.8470453885664,-8.12855728327122e-06,-1200.024717952086,-4.155309958648393e-06
trained_53tet,53tet-Q4,24000,20260826,1150.0,452.8929,879.9998365433718,452.9Hz_+50c,2,452.84918266691426,439.9263398847072,452.89290103763017,879.9998344343302,90.58956836415554,92.22482238519969,2785.936582824484,2704.8419667882604,1,-50.12240497519769,1149.9999918843994,-1200.1224049751977,-8.115600621749763e-06,-1200.2895274642144,-4.1491424656543355e-06
trained_53tet,53tet-Q4,24000,20260826,1150.0,452.8929,879.9998365433718,452.9Hz_+50c,3,452.8721603291187,439.9533452045173,452.8929010502335,879.9998344318279,90.60567250008619,93.89021114448497,2785.716689106864,2673.9646606639026,1,-50.1039756467189,1149.9999918312992,-1200.103975646719,-8.16870078779175e-06,-1200.1832571866569,-4.154065043037492e-06
trained_53tet,53tet-Q4,24000,20260826,1150.0,452.8929,879.9998365433718,452.9Hz_+50c,4,452.86015482275013,439.9838452785041,452.892901050997,879.9998344323678,90.59231688656608,91.8893179536326,2785.926003153823,2711.377787269649,1,-49.93806568456112,1149.9999918294427,-1199.938065684561,-8.170557293851743e-06,-1200.0632423329212,-4.153002914943339e-06
trained_53tet,53tet-Q4,24000,20260826,1155.0,440.0,857.4208642575022,440Hz_ongrid,0,440.0013672654243,428.7101317824163,439.99999890313876,857.4208631643409,62.85422735500797,107.17498269758325,3368.911587805867,2400.0411945359647,1,-45.00659253531719,1155.0000021085132,-1200.0065925353172,2.108513172061066e-06,-1200.0012128699107,-2.20722191984468e-06
trained_53tet,53tet-Q4,24000,20260826,1155.0,440.0,857.4208642575022,440Hz_ongrid,1,439.98612346343975,428.73252421393056,439.99999891385573,857.420863163687,62.8551928023429,107.18146807940701,3368.8250166146863,2400.0268607536336,1,-44.856189438573665,1155.000002065026,-1199.8561894385737,2.065025910269469e-06,-1199.9107892372242,-2.2085421800456464e-06
trained_53tet,53tet-Q4,24000,20260826,1155.0,440.0,857.4208642575022,440Hz_ongrid,2,439.9998123915853,428.7186468300141,439.99999891273666,857.4208631649115,62.85785914642391,107.17723033032286,3368.8054401158697,2400.0392735957444,1,-44.96608924409092,1155.0000020719012,-1199.9660892440909,2.0719012354675215e-06,-1199.9668274126018,-2.2060698395353798e-06
trained_53tet,53tet-Q4,24000,20260826,1155.0,440.0,857.4208642575022,440Hz_ongrid,3,439.9866511290979,428.6642775370714,439.99999890817276,857.420863163633,62.8589132397502,107.16510669136419,3368.724623071838,2400.015552070064,1,-45.13386961424769,1155.0000020872772,-1200.1338696142477,2.0872771528956946e-06,-1200.186393183314,-2.2086511606154452e-06
trained_53tet,53tet-Q4,24000,20260826,1155.0,440.0,857.4208642575022,440Hz_ongrid,4,440.00193075943656,428.65380971792183,439.99999891582803,857.4208631633708,62.85736364555081,107.16345887561285,3368.8274222395253,2399.9998958622245,1,-45.23626657217545,1155.000002056627,-1200.2362665721755,2.0566269540722715e-06,-1200.2286697786678,-2.2091806870172014e-06
trained_53tet,53tet-Q4,24000,20260826,1155.0,452.8929,882.5450493956512,452.9Hz_+50c,0,452.83233665100965,441.2842905609272,452.89290104000384,882.5450474808945,90.5938984788467,92.5226021663466,2785.7894298837364,2704.5967706958886,1,-44.72231418910983,1154.9999922684085,-1199.7223141891097,-7.731591495030443e-06,-1199.953839883241,-3.756059736890327e-06
trained_53tet,53tet-Q4,24000,20260826,1155.0,452.8929,882.5450493956512,452.9Hz_+50c,1,452.8688078927182,441.23262917617376,452.8929010375452,882.5450474813017,90.59713325418691,91.91130955853637,2785.867043433371,2715.870219701798,1,-45.06443099209911,1154.9999922786058,-1200.064430992099,-7.721394240434165e-06,-1200.1565282315526,-3.7552609304556027e-06
trained_53tet,53tet-Q4,24000,20260826,1155.0,452.8929,882.5450493956512,452.9Hz_+50c,2,452.85892899427097,441.27238239706696,452.8929010420987,882.545047480284,129.35509012881533,110.31893270914554,2169.269853761092,2399.9868631921295,1,-44.87069542452573,1154.999992259203,-1199.8706954245258,-7.740796945654438e-06,-1200.0005582852873,-3.757257369925642e-06
trained_53tet,53tet-Q4,24000,20260826,1155.0,452.8929,882.5450493956512,452.9Hz_+50c,3,452.8363071904291,441.27122291158287,452.8929010525425,882.5450474791276,90.5825858227302,147.09544102637724,2786.0208061208673,1901.8957595743725,1,-44.78876137744892,1154.9999922170118,-1199.788761377449,-7.782988177496009e-06,-1200.0051072746796,-3.759525780306448e-06
trained_53tet,53tet-Q4,24000,20260826,1155.0,452.8929,882.5450493956512,452.9Hz_+50c,4,452.84719566262305,441.2644007879765,452.89290104638224,882.545047480062,90.59565607106435,91.22556583546809,2785.8126498278784,2728.959915005042,1,-44.857153850235534,1154.999992242393,-1199.8571538502356,-7.757606908853631e-06,-1200.0318726365697,-3.7576929077940458e-06
trained_53tet,53tet-Q4,24000,20260826,1160.0,440.0,859.9007722221364,440Hz_ongrid,0,439.9913165346868,429.90438582218786,439.9999989102897,859.9007740403898,62.85658952809182,92.2262955898312,3368.806980025972,2664.9189269852177,1,-40.15106772763071,1160.0000079482797,-1200.1510677276308,7.94827974459622e-06,-1200.1852342257134,3.6606807800838953e-06
trained_53tet,53tet-Q4,24000,20260826,1160.0,440.0,859.9007722221364,440Hz_ongrid,1,439.98655930218763,429.95378245737606,439.99999891533315,859.9007740413432,62.85493474508954,94.6918969712458,3368.83383926985,2619.442446977832,1,-39.933439474632266,1160.000007930355,-1199.9334394746322,7.930354968266329e-06,-1199.9863243589564,3.6626001451038618e-06
trained_53tet,53tet-Q4,24000,20260826,1160.0,440.0,859.9007722221364,440Hz_ongrid,2,440.00066741817693,429.9197806937632,439.99999890892,859.9007740414604,62.85782582526571,92.40270293019844,3368.8097220543063,2661.6726383643927,1,-40.125865899273784,1160.0000079558245,-1200.1258658992738,7.955824457894778e-06,-1200.1232398624634,3.662836173568163e-06
trained_53tet,53tet-Q4,24000,20260826,1160.0,440.0,859.9007722221364,440Hz_ongrid,3,440.02662419271104,429.95815412171055,439.99999890786694,859.9007740406695,62.86010707113136,91.71138945138635,3368.8490199331386,2674.8281282986786,1,-40.07347467380547,1160.0000079583756,-1200.0734746738055,7.958375590533251e-06,-1199.9687216863451,3.661243942462075e-06
trained_53tet,53tet-Q4,24000,20260826,1160.0,440.0,859.9007722221364,440Hz_ongrid,4,439.9992959842793,429.8065643510206,439.99999891454127,859.9007740406851,62.857557421583564,92.22392179074828,3368.8117183852123,2664.569513580986,1,-40.57643814390201,1160.000007932146,-1200.5764381439021,7.932145990707795e-06,-1200.5792081824516,3.661275079767626e-06
trained_53tet,53tet-Q4,24000,20260826,1160.0,452.8929,885.0976237361882,452.9Hz_+50c,0,452.86571398039933,442.5504238006312,452.89290104428727,885.0976216862543,90.59273363160423,93.14899474064588,2785.939291017548,2697.875686892977,1,-39.889769456112255,1159.999991998463,-1199.8897694561122,-8.001537025847938e-06,-1199.993694192966,-4.009631575302678e-06
trained_53tet,53tet-Q4,24000,20260826,1160.0,452.8929,885.0976237361882,452.9Hz_+50c,1,452.9023687936397,442.48452006754303,452.89290104725364,885.0976216865832,90.592501497376,147.4955046406159,2786.0838470132035,1901.9471998677761,1,-40.28772048923336,1159.9999919877669,-1200.2877204892334,-8.012233138288138e-06,-1200.2515253389206,-4.008988263190692e-06
trained_53tet,53tet-Q4,24000,20260826,1160.0,452.8929,885.0976237361882,452.9Hz_+50c,2,452.8371894011885,442.4387681761681,452.89290104309134,885.0976216860846,90.58536849766186,94.38083087698413,2785.970996618246,2674.694433873589,1,-40.217567121583926,1159.9999920027024,-1200.217567121584,-7.997297643669299e-06,-1200.43054025079,-4.0099635143577725e-06
trained_53tet,53tet-Q4,24000,20260826,1160.0,452.8929,885.0976237361882,452.9Hz_+50c,3,452.8992434615217,442.5319989656378,452.89290103457927,885.0976216867904,90.59726034992005,93.29958751487409,2785.9809604086486,2695.007004731305,1,-40.09002110696799,1159.9999920366213,-1200.090021106968,-7.963378720887704e-06,-1200.0657726816428,-4.008583093805552e-06
trained_53tet,53tet-Q4,24000,20260826,1160.0,452.8929,885.0976237361882,452.9Hz_+50c,4,452.8914377168987,442.56653719292024,452.89290104563577,885.097621683984,90.59413542029174,93.76950965580733,2786.0108379222756,2686.4442940954914,1,-39.9250708442531,1159.9999919888674,-1199.925070844253,-8.011132649698993e-06,-1199.930660594901,-4.014072293269617e-06
trained_53tet,53tet-Q4,24000,20260826,1165.0,440.0,862.3878527944938,440Hz_ongrid,0,440.0067615411485,431.19779296215484,439.99999891874296,862.3878510780679,93.45936544149724,92.01144095225196,2682.137456103985,2674.1575533398245,1,-35.01107980708792,1165.0000008086326,-1200.011079807088,8.086326488410123e-07,-1199.9844758972722,-3.4457059463189796e-06
trained_53tet,53tet-Q4,24000,20260826,1165.0,440.0,862.3878527944938,440Hz_ongrid,1,439.9927245067497,862.4010739557465,439.9999989100502,862.3878510788162,62.855261504582444,92.60192344365767,3368.8490975752798,3863.093891307126,0,1165.0551676896994,1165.0000008443374,0.05516768969937402,8.443373644695384e-07,0.026541131119763257,-3.4442038596283525e-06
trained_53tet,53tet-Q4,24000,20260826,1165.0,440.0,862.3878527944938,440Hz_ongrid,2,440.00140786721937,431.1624658015864,439.99999891190384,862.3878510774093,62.858801283796986,93.43885859213131,3368.7857695056114,2647.3644429634346,1,-35.13185761956668,1165.0000008342197,-1200.1318576195667,8.342196906596655e-07,-1200.1263182019134,-3.4470281285767966e-06
trained_53tet,53tet-Q4,24000,20260826,1165.0,440.0,862.3878527944938,440Hz_ongrid,3,439.9761327003362,431.1908032544243,439.99999891761746,862.387851078532,62.854701484602494,91.20762196690754,3368.7992375666317,2689.320133249718,1,-34.91862802512416,1165.0000008139925,-1199.9186280251242,8.139925284922356e-07,-1200.012539394562,-3.4447743258212865e-06
trained_53tet,53tet-Q4,24000,20260826,1165.0,440.0,862.3878527944938,440Hz_ongrid,4,440.006525324052,862.4670264816004,439.9999989100555,862.3878510764032,62.85583768110387,93.07632983394026,3368.887528969169,3854.3796867832825,0,1165.1332585045127,1165.0000008394722,0.13325850451269616,8.394722499360796e-07,0.15893300317858425,-3.4490478249229442e-06
trained_53tet,53tet-Q4,24000,20260826,1165.0,452.8929,887.657580856526,452.9Hz_+50c,0,452.8558718769896,443.81026672220304,452.8929010470924,887.6575790532193,90.58836107882571,93.74739418180442,2785.9852276366046,2691.711056644934,1,-34.93070660456995,1164.9999924803103,-1199.9307066045699,-7.519689688706421e-06,-1200.0722565560682,-3.5170613108069965e-06
trained_53tet,53tet-Q4,24000,20260826,1165.0,452.8929,887.657580856526,452.9Hz_+50c,1,452.8272889146086,443.8481222599065,452.8929010484403,887.6575790539318,90.58616668892961,93.60216283432527,2785.9178911559798,2694.542787152716,1,-34.67377043229673,1164.9999924765475,-1199.6737704322968,-7.523452495661331e-06,-1199.9245943547728,-3.515671472181228e-06
trained_53tet,53tet-Q4,24000,20260826,1165.0,452.8929,887.657580856526,452.9Hz_+50c,2,452.8156346695296,443.8167792042267,452.8929010438876,887.6575790535469,90.58252826892098,93.39512825543311,2785.942871385988,2698.254011832005,1,-34.75147196099188,1164.9999924932001,-1199.751471960992,-7.5067998750455445e-06,-1200.0468525743502,-3.5164222272181874e-06
trained_53tet,53tet-Q4,24000,20260826,1165.0,452.8929,887.657580856526,452.9Hz_+50c,3,452.8734855245353,443.81801552388464,452.8929010429711,887.6575790536585,90.5842907647635,93.74566152091904,2786.1303514955757,2691.773280598987,1,-34.967814356463094,1164.999992496921,-1199.9678143564631,-7.503078904846916e-06,-1200.0420299632942,-3.516204458284016e-06
trained_53tet,53tet-Q4,24000,20260826,1165.0,452.8929,887.657580856526,452.9Hz_+50c,4,452.8897289267489,443.8144810142402,452.8929010522611,887.6575790541447,90.58607206331185,142.56215880968935,2786.158401686659,1966.0387830537206,1,-35.043695517091656,1164.9999924623573,-1200.0436955170917,-7.537642659372068e-06,-1200.0558173436957,-3.515256308105491e-06
trained_53tet,53tet-Q4,24000,20260826,1170.0,440.0,864.8821267198209,440Hz_ongrid,0,439.99437657324114,432.4928607536507,439.99999890293947,864.8821277743289,62.856294569323346,93.57042868299511,3368.827144270429,2650.26209996923,1,-29.770520587558046,1170.0000064273274,-1199.770520587558,6.427327434721519e-06,-1199.792646792308,2.110807941185811e-06
trained_53tet,53tet-Q4,24000,20260826,1170.0,440.0,864.8821267198209,440Hz_ongrid,1,440.0143702003711,432.37673780209496,439.999998919443,864.8821277724187,62.861574317801995,93.1917934917892,3368.760398282379,2656.816902971512,1,-30.31408041348039,1170.0000063585685,-1200.3140804134805,6.358568498399109e-06,-1200.257540018189,2.1069842031784553e-06
trained_53tet,53tet-Q4,24000,20260826,1170.0,440.0,864.8821267198209,440Hz_ongrid,2,439.991345243223,432.44659925481886,439.99999891131364,864.8821277719757,62.85513561260571,91.92936507103651,3368.8471380646492,2680.7091729730378,1,-29.943784208035495,1170.0000063896678,-1199.9437842080356,6.389667760231532e-06,-1199.9778377466303,2.1060973665862184e-06
trained_53tet,53tet-Q4,24000,20260826,1170.0,440.0,864.8821267198209,440Hz_ongrid,3,439.99316130659616,432.4197644808665,439.99999891224473,864.8821277723398,62.85628902996232,92.73738054461131,3368.8225151559573,2665.4514999616936,1,-30.058362119084695,1170.000006386733,-1200.0583621190847,6.386733048202586e-06,-1200.0852700074472,2.1068265945946595e-06
trained_53tet,53tet-Q4,24000,20260826,1170.0,440.0,864.8821267198209,440Hz_ongrid,4,439.9927755779223,432.47457973878915,439.9999989197738,864.8821277719203,62.857025023778235,92.40909496310326,3368.8007262716337,2671.810297063571,1,-29.837400157917255,1170.0000063562693,-1199.8374001579173,6.356269295793027e-06,-1199.8658257673835,2.105986656166381e-06
trained_53tet,53tet-Q4,24000,20260826,1170.0,452.8929,890.224942109789,452.9Hz_+50c,0,452.812218764191,445.1189065449419,452.8929010430195,890.2249400302048,140.5086738014333,93.81209306470569,2025.9044349681046,2695.613960604424,1,-29.666529216214226,1169.9999919687414,-1199.6665292162143,-8.031258630580851e-06,-1199.9749697892635,-4.04419917416898e-06
trained_53tet,53tet-Q4,24000,20260826,1170.0,452.8929,890.224942109789,452.9Hz_+50c,1,452.8719356087309,890.1717467148225,452.89290103904113,890.2249400302832,90.59052274472802,140.56488463149188,2786.0053258883386,3195.416976740552,0,1169.9766876099932,1169.9999919841016,-0.02331239000682217,-8.015898401936283e-06,-0.10345298845499779,-4.044046755135572e-06
trained_53tet,53tet-Q4,24000,20260826,1170.0,452.8929,890.224942109789,452.9Hz_+50c,2,452.8241134736001,222.56927764836118,452.89290105084046,890.2249400305607,90.59988778887242,140.49965422500566,2785.6435404571507,796.4254608968371,1,-1229.635585920916,1169.9999919395368,-2399.635585920916,-8.060463187575806e-06,-2399.8985501251386,-4.04350723404254e-06
trained_53tet,53tet-Q4,24000,20260826,1170.0,452.8929,890.224942109789,452.9Hz_+50c,3,452.85222737301973,890.2237023099706,452.8929010532214,890.2249400306052,90.59948670549767,140.6821201058443,2785.7586861339564,3194.07471756215,0,1170.1530716136904,1169.9999919305221,0.15307161369037203,-8.069477871686104e-06,-0.002411059332195882,-4.043420549321144e-06
trained_53tet,53tet-Q4,24000,20260826,1170.0,452.8929,890.224942109789,452.9Hz_+50c,4,452.8016574593908,445.1420939118497,452.8929010476565,890.2249400305176,90.5765651607364,93.64360437734314,2786.003404028868,2698.8162745379573,1,-29.53596777571356,1169.9999919516242,-1199.5359677757135,-8.048375775615568e-06,-1199.8847877885078,-4.0435910356800755e-06
trained_53tet,53tet-Q4,24000,20260826,1175.0,440.0,867.383614803365,440Hz_ongrid,0,440.0022896554353,433.681458398377,439.9999989180756,867.383617739749,62.857467270350014,94.42959361285598,3368.8259802940124,2639.189756278681,1,-25.05032110247437,1175.0000101177711,-1200.0503211024743,1.011777112580603e-05,-1200.0413121953459,5.86080665428572e-06
trained_53tet,53tet-Q4,24000,20260826,1175.0,440.0,867.383614803365,440Hz_ongrid,1,439.98841205335754,433.62742092393285,439.9999989103772,867.3836177384709,62.857249072693776,93.42836943233368,3368.7773862447543,2657.4280746500617,1,-25.211445651038492,1175.0000101455107,-1200.2114456510385,1.0145510714210104e-05,-1200.257040450953,5.8582557017008355e-06
trained_53tet,53tet-Q4,24000,20260826,1175.0,440.0,867.383614803365,440Hz_ongrid,2,440.02957564699113,433.62292169150646,439.99999891244676,867.3836177386348,62.859259813600495,70.33301836771044,3368.8839665796418,3149.00037996219,1,-25.391368591799942,1175.0000101376947,-1200.3913685917998,1.0137694744116743e-05,-1200.2750034865114,5.8585832200254786e-06
trained_53tet,53tet-Q4,24000,20260826,1175.0,440.0,867.383614803365,440Hz_ongrid,3,440.0065743154005,433.7538690847623,439.99999891242237,867.3836177397714,62.85753101997532,93.98214778097186,3368.8410828399897,2647.7015800128593,1,-24.778143851528682,1175.0000101400592,-1199.7781438515287,1.0140059202967677e-05,-1199.7522765932533,5.860851630393681e-06
trained_53tet,53tet-Q4,24000,20260826,1175.0,440.0,867.383614803365,440Hz_ongrid,4,440.00481300364936,433.62131007786775,439.999998904486,867.3836177372982,62.85742457887018,93.01511542357368,3368.837084455824,2665.078287961889,1,-25.300375096115033,1175.0000101663497,-1200.300375096115,1.0166349738938152e-05,-1200.281437845607,5.855915406442127e-06
trained_53tet,53tet-Q4,24000,20260826,1175.0,452.8929,892.7997289108612,452.9Hz_+50c,0,452.8368193676789,446.3654918333915,452.8929010381649,892.7997269871407,90.58166988510467,93.65881648088171,2786.0402699068736,2703.2865422370196,1,-24.91892170602818,1174.9999923011983,-1199.9189217060282,-7.6988017099211e-06,-1200.133309504541,-3.7302993826042015e-06
trained_53tet,53tet-Q4,24000,20260826,1175.0,452.8929,892.7997289108612,452.9Hz_+50c,1,452.86942844844225,446.38485537828757,452.8929010475722,892.7997269860497,90.58669880329754,92.75649900581246,2786.0688206541654,2720.1213697595585,1,-24.968484415642443,1174.999992263122,-1199.9684844156425,-7.736877932984498e-06,-1200.0582093864741,-3.7324151817460018e-06
trained_53tet,53tet-Q4,24000,20260826,1175.0,452.8929,892.7997289108612,452.9Hz_+50c,2,452.8612883328715,446.3904788599738,452.8929010472874,892.799726987806,90.59216547582191,93.91242681253057,2785.933229918233,2698.7019336624435,1,-24.915556356550233,1174.9999922676166,-1199.9155563565503,-7.732383437542012e-06,-1200.036399727098,-3.729009298679806e-06
trained_53tet,53tet-Q4,24000,20260826,1175.0,452.8929,892.7997289108612,452.9Hz_+50c,3,452.8772095254644,223.189099827984,452.892901041372,892.7997269865699,90.58638265663954,93.75350541241522,2786.1046079820826,1501.5864379635905,1,-1225.0240431173008,1174.999992287832,-2400.0240431173006,-7.712168098805705e-06,-2400.084022759991,-3.7314062946007155e-06
trained_53tet,53tet-Q4,24000,20260826,1175.0,452.8929,892.7997289108612,452.9Hz_+50c,4,452.8073457564726,297.5909930806424,452.89290103885173,892.7997269871263,90.58516694921923,94.02312540733124,2785.86075005858,1994.691983424241,1,-726.679800495674,1174.999992298545,-1901.679800495674,-7.701454933339846e-06,-1902.0068721081004,-3.7303274446204357e-06
trained_53tet,53tet-Q4,24000,20260826,1180.0,440.0,869.8923379105486,440Hz_ongrid,0,439.9855019276533,434.9327537538784,439.99999891618404,869.8923363634523,62.85252373796864,95.24145692133816,3368.8960872000303,2629.356916613888,1,-19.99635251260514,1180.0000011854215,-1199.9963525126052,1.1854215244966326e-06,-1200.0533978990115,-3.078985367694807e-06
trained_53tet,53tet-Q4,24000,20260826,1180.0,440.0,869.8923379105486,440Hz_ongrid,1,439.98995718778053,434.90390082705574,439.9999989093108,869.8923363638343,62.85658052347033,92.94960400355349,3368.8018794054974,2671.411230075068,1,-20.12873460791083,1180.0000012132252,-1200.128734607911,1.213225232277182e-06,-1200.1682497371946,-3.0782251945841e-06
trained_53tet,53tet-Q4,24000,20260826,1180.0,440.0,869.8923379105486,440Hz_ongrid,2,440.00111130039505,434.94467940294584,439.9999989089256,869.892336364925,62.85713475054998,95.43248977496712,3368.830502286231,2625.9353988893427,1,-20.01030147868178,1180.0000012169116,-1200.0103014786819,1.216911641677143e-06,-1200.0059289362882,-3.0760544246441964e-06
trained_53tet,53tet-Q4,24000,20260826,1180.0,440.0,869.8923379105486,440Hz_ongrid,3,439.99222992006804,434.91835608298885,439.99999890520354,869.8923363654271,62.855615909874665,94.17078353099717,3368.8373901072096,2648.871794060872,1,-20.080135650387984,1180.000001232556,-1200.080135650388,1.2325560874160146e-06,-1200.1107082542933,-3.075055147778822e-06
trained_53tet,53tet-Q4,24000,20260826,1180.0,440.0,869.8923379105486,440Hz_ongrid,4,440.00649341306035,434.9185117296033,439.99999891623025,869.8923363652787,62.85497395208791,124.26848354556847,3368.9111932061237,2168.7415968332916,1,-20.13563763099857,1180.0000011888746,-1200.1356376309986,1.188874648505589e-06,-1200.1100886881916,-3.0753505677715278e-06
trained_53tet,53tet-Q4,24000,20260826,1180.0,452.8929,895.3819627365643,452.9Hz_+50c,0,452.93075259620326,298.52518635882547,452.89290104033785,895.3819610977595,90.59984200270263,93.74788346715741,2786.0520693296608,2005.1935575996338,1,-721.7254097474903,1179.9999928545387,-1901.7254097474902,-7.145461268009967e-06,-1901.5807199875287,-3.1686531198101867e-06
trained_53tet,53tet-Q4,24000,20260826,1180.0,452.8929,895.3819627365643,452.9Hz_+50c,1,452.84215119341115,298.51869263901716,452.89290104212535,895.3819610979001,90.58724732263684,93.67219564011505,2785.9540588211503,2006.5541833100187,1,-721.4243754689004,1179.9999928479776,-1901.4243754689005,-7.152022362788557e-06,-1901.6183793597563,-3.1683811488995154e-06
trained_53tet,53tet-Q4,24000,20260826,1180.0,452.8929,895.3819627365643,452.9Hz_+50c,2,452.8319658399838,298.4492349219006,452.8929010410302,895.3819610983851,90.5817507346671,93.60637686584313,2786.0201691249176,2007.368201538023,1,-721.7882970664159,1179.9999928531017,-1901.788297066416,-7.146898269638768e-06,-1902.0212404175575,-3.1674433778230726e-06
trained_53tet,53tet-Q4,24000,20260826,1180.0,452.8929,895.3819627365643,452.9Hz_+50c,3,452.8415512795943,298.44913619795005,452.8929010456472,895.3819610960743,140.4267185237249,93.83796215540136,2027.026659298165,2003.0897878292756,1,-721.8255157047342,1179.9999928309846,-1901.8255157047342,-7.1690153617964825e-06,-1902.0218130921464,-3.1719113889817136e-06
trained_53tet,53tet-Q4,24000,20260826,1180.0,452.8929,895.3819627365643,452.9Hz_+50c,4,452.83293147561494,298.4567634807561,452.89290103915573,895.381961098644,144.76723183450187,93.34671419051571,1974.2925541276488,2012.2209627509972,1,-721.748317955732,1179.9999928607674,-1901.748317955732,-7.139232593544875e-06,-1901.977569563297,-3.1669428744652007e-06
trained_53tet,53tet-Q4,24000,20260826,1185.0,440.0,872.4083169671427,440Hz_ongrid,0,439.99309984390123,436.2222362867322,439.999998913956,872.4083165852606,62.85564522669207,93.5194131731263,3368.8400055126913,2666.0706366598697,1,-14.901103458514985,1185.000003515355,-1199.901103458515,3.5153550470568007e-06,-1199.9282531831764,-7.578185910408371e-07
trained_53tet,53tet-Q4,24000,20260826,1185.0,440.0,872.4083169671427,440Hz_ongrid,1,440.0011479826725,436.21577799052477,439.99999890856634,872.4083165849925,62.859146987332714,93.1198548613588,3368.775225747108,2673.457486410256,1,-14.958401269141234,1185.0000035360292,-1199.9584012691412,3.536029225870152e-06,-1199.953884396192,-7.58350808320414e-07
trained_53tet,53tet-Q4,24000,20260826,1185.0,440.0,872.4083169671427,440Hz_ongrid,2,439.99518925928356,436.2090967974131,439.99999891375154,872.408316584708,62.8559858931592,124.63235781077998,3368.8388437270146,2168.8094139689138,1,-14.961472071696829,1185.0000035150629,-1199.9614720716968,3.515062871883856e-06,-1199.9804006254692,-7.589151239335733e-07
trained_53tet,53tet-Q4,24000,20260826,1185.0,440.0,872.4083169671427,440Hz_ongrid,3,440.0083469916742,872.3964876973082,439.99999891257903,872.4083165858391,62.85836809699698,124.6312036171204,3368.82500275359,3368.7823727294644,0,1184.9436835193294,1185.000003521921,-0.05631648067060269,3.521920916682575e-06,-0.023474528106090756,-7.56670739255488e-07
trained_53tet,53tet-Q4,24000,20260826,1185.0,440.0,872.4083169671427,440Hz_ongrid,4,440.00209692255595,436.1865473834103,439.9999989025918,872.4083165855973,62.856166713267484,91.51927878001563,3368.8610425635075,2703.3572253702127,1,-15.078148014526041,1185.000003560737,-1200.078148014526,3.5607370136858663e-06,-1200.0698974348063,-7.571504844089093e-07
trained_53tet,53tet-Q4,24000,20260826,1185.0,452.8929,897.9716651258374,452.9Hz_+50c,0,452.8774587411356,299.33024346102695,452.8929010390003,897.971667051519,90.59190846542064,149.66593931617405,2785.999957859907,1199.990542697917,1,-716.859217659154,1184.9999997409,-1901.859217659154,-2.59100033872528e-07,-1901.9182446141676,3.712595509894168e-06
trained_53tet,53tet-Q4,24000,20260826,1185.0,452.8929,897.9716651258374,452.9Hz_+50c,1,452.86441861912016,299.31802689977076,452.8929010402867,897.9716670509051,90.58391675601666,149.6608751445952,2786.1028384136307,1199.9784643159812,1,-716.8800261829732,1184.9999997347993,-1901.8800261829733,-2.6520069695834536e-07,-1901.9889028883474,3.7114119078720766e-06
trained_53tet,53tet-Q4,24000,20260826,1185.0,452.8929,897.9716651258374,452.9Hz_+50c,2,452.89828388152455,299.5149201840265,452.89290103642327,897.9716670526049,90.59924875332169,76.50180224720503,2785.939296128586,2362.8746775168515,1,-715.8710409880115,1184.9999997528444,-1900.8710409880114,-2.4715563995414414e-07,-1900.8504606176625,3.7146890131784504e-06
trained_53tet,53tet-Q4,24000,20260826,1185.0,452.8929,897.9716651258374,452.9Hz_+50c,3,452.8365788789929,299.2980873757058,452.89290104652014,897.9716670519553,90.57520016446914,93.58359669058422,2786.163006869734,2012.7065731937116,1,-716.8889283026266,1184.9999997129958,-1901.8889283026265,-2.870042408176232e-07,-1902.1042355102832,3.713436601555206e-06
trained_53tet,53tet-Q4,24000,20260826,1185.0,452.8929,897.9716651258374,452.9Hz_+50c,4,452.7827404296902,299.3319595316069,452.89290103873003,897.9716670489469,90.57378342745629,149.66951366263427,2785.984244913672,1199.9591227725812,1,-716.4871708494557,1184.9999997369744,-1901.4871708494557,-2.630256403790554e-07,-1901.9083194182765,3.70763660567689e-06
trained_53tet,53tet-Q4,24000,20260826,1190.0,440.0,874.9315729594417,440Hz_ongrid,0,439.98321543799943,874.9431660809583,439.9999989156303,874.9315744002232,92.93143349801987,124.99203445155767,2691.8519057012168,3368.823779229396,0,1190.0889814302425,1190.0000071174718,0.08898143024248384,7.117471795936581e-06,0.022939249601262906,2.850885955022133e-06
trained_53tet,53tet-Q4,24000,20260826,1190.0,440.0,874.9315729594417,440Hz_ongrid,1,439.99760529463845,437.4571101314759,439.9999989062482,874.931574400291,93.35749143880226,124.99151833176279,2683.989565298265,2168.7736523845965,1,-10.024913970751086,1190.0000071545207,-1200.0249139707512,7.154520744734327e-06,-1200.0343362587994,2.8510197301127122e-06
trained_53tet,53tet-Q4,24000,20260826,1190.0,440.0,874.9315729594417,440Hz_ongrid,2,439.98822707983356,874.9315496610631,439.9999989148924,874.931574399815,62.854239516595364,124.99035682416209,3368.859550545851,3368.824030441124,0,1190.0462765196003,1190.0000071195673,0.04627651960026924,7.1195672717294656e-06,-4.610068749052415e-05,2.850077922722141e-06
trained_53tet,53tet-Q4,24000,20260826,1190.0,440.0,874.9315729594417,440Hz_ongrid,3,440.0006966281752,437.4497370344743,439.9999989136231,874.9315743992543,62.859105333004415,124.98630306379015,3368.7745970634196,2168.816710353252,1,-10.066256461507923,1190.000007123452,-1200.066256461508,7.123451950974413e-06,-1200.0635154945496,2.8489685120571665e-06
trained_53tet,53tet-Q4,24000,20260826,1190.0,440.0,874.9315729594417,440Hz_ongrid,4,439.99491335400495,437.496637988531,439.9999989160201,874.9315743999784,92.89853558621239,124.99912420778452,2692.5109025227907,2168.824732233833,1,-9.857897904980808,1190.0000071154536,-1199.8578979049807,7.115453627193347e-06,-1199.8779120541735,2.850401596935554e-06
trained_53tet,53tet-Q4,24000,20260826,1190.0,452.8929,900.5688576799163,452.9Hz_+50c,0,452.8290979780431,300.18415150507093,452.8929010483412,900.5688589864493,90.57703175738303,150.08631711536978,2786.099398189584,1200.0664241596037,1,-711.7426266549362,1189.9999985042489,-1901.7426266549362,-1.4957511211832752e-06,-1901.9865342407973,2.511650777017137e-06
trained_53tet,53tet-Q4,24000,20260826,1190.0,452.8929,900.5688576799163,452.9Hz_+50c,1,452.8650910523062,300.158196081629,452.8929010532356,900.5688589870152,90.58818643696411,150.08145043137733,2786.023809077569,1199.9728642644086,1,-712.0299257751182,1189.9999984866272,-1902.029925775118,-1.5133728084038012e-06,-1902.136231869256,2.5127386606562538e-06
trained_53tet,53tet-Q4,24000,20260826,1190.0,452.8929,900.5688576799163,452.9Hz_+50c,2,452.8739110388058,300.1238555009657,452.8929010449366,900.5688589863742,113.22335518181397,150.06201862946168,2399.925420500934,1199.9989515479563,1,-712.2617217353843,1189.999998517119,-1902.2617217353843,-1.482881089032162e-06,-1902.334310697091,2.5115062384134948e-06
trained_53tet,53tet-Q4,24000,20260826,1190.0,452.8929,900.5688576799163,452.9Hz_+50c,3,452.8473334181479,300.1936361275429,452.8929010390216,900.568858986671,90.58374858508252,150.0998934767037,2786.0407370468934,1199.964528195155,1,-711.7576428634467,1189.9999985403003,-1901.7576428634466,-1.4596996606996981e-06,-1901.931835010727,2.5120770890156462e-06
trained_53tet,53tet-Q4,24000,20260826,1190.0,452.8929,900.5688576799163,452.9Hz_+50c,4,452.87603896780126,300.15663360416335,452.8929010326246,900.5688589848526,90.59117858228323,150.07419643497124,2786.008478728754,1200.0475313017353,1,-712.0807894626599,1189.9999985612578,-1902.08078946266,-1.4387421742867446e-06,-1902.1452438544868,2.508581253745632e-06
trained_53tet,53tet-Q4,24000,20260826,1195.0,440.0,877.4621269344385,440Hz_ongrid,0,439.99133434264945,438.6676758952869,439.9999989073463,877.4621289066102,93.7392037492527,125.34945537620436,2676.9007977480505,2168.607209405183,1,-5.216049184499453,1195.0000081902779,-1200.2160491844995,8.190277867470286e-06,-1200.2501456135842,3.891097609970108e-06
trained_53tet,53tet-Q4,24000,20260826,1195.0,440.0,877.4621269344385,440Hz_ongrid,1,440.001743069508,438.711347559133,439.99999892184303,877.4621289075629,62.85728536686463,92.47044671751051,3368.828839727043,2695.4493117385423,1,-5.084659086146808,1195.0000081351184,-1200.0846590861468,8.13511837804981e-06,-1200.0778007786357,3.89297738063832e-06
trained_53tet,53tet-Q4,24000,20260826,1195.0,440.0,877.4621269344385,440Hz_ongrid,2,439.991283816697,877.4529884041498,439.99999891604983,877.4621289065456,62.85569916710492,125.3461891565732,3368.8313743227513,3368.8844357910243,0,1195.0162648061732,1195.000008155905,0.016264806173239776,8.155905106832506e-06,-0.01803042740483402,3.890969985458482e-06
trained_53tet,53tet-Q4,24000,20260826,1195.0,440.0,877.4621269344385,440Hz_ongrid,3,439.99869305996197,438.752643190674,439.9999989119218,877.462128906332,62.8567500116427,93.35475134393295,3368.8315840713153,2679.1349525820483,1,-4.909706119035472,1195.0000081717262,-1199.9097061190355,8.171726221917197e-06,-1199.9148484427951,3.890548670805647e-06
trained_53tet,53tet-Q4,24000,20260826,1195.0,440.0,877.4621269344385,440Hz_ongrid,4,439.9826991265556,877.4619931819248,439.9999989143662,877.4621289066654,62.85442203711095,92.5273607607959,3368.8327721453766,3894.461630239779,0,1195.067809856206,1195.000008162766,0.06780985620594038,8.162766107489006e-06,-0.0002638939237809437,3.891206398333932e-06
trained_53tet,53tet-Q4,24000,20260826,1195.0,452.8929,903.1735620625135,452.9Hz_+50c,0,452.85635727644035,301.0302555909742,452.8929010531693,903.1735614793316,90.59711563887397,150.50835505344554,2785.8197829797023,1200.0779022388483,1,-706.9740186831323,1194.999994856279,-1901.9740186831323,-5.143720954947639e-06,-1902.1137129899132,-1.117863100197992e-06
trained_53tet,53tet-Q4,24000,20260826,1195.0,452.8929,903.1735620625135,452.9Hz_+50c,1,452.8631040806498,301.02865350509467,452.8929010411972,903.1735614788571,90.59858346619284,95.48998885584062,2785.8175265785762,1987.7753069458254,1,-707.0090246586332,1194.999994901134,-1902.0090246586333,-5.098866040498251e-06,-1902.122926658484,-1.1187726170515425e-06
trained_53tet,53tet-Q4,24000,20260826,1195.0,452.8929,903.1735620625135,452.9Hz_+50c,2,452.8452013286444,301.051304966974,452.8929010475339,903.1735614783502,90.58451408651987,93.97410995865074,2786.017955875614,2015.6089435160325,1,-706.8103184894683,1194.9999948759396,-1901.8103184894683,-5.124060407979414e-06,-1901.9926616279565,-1.1197442163107778e-06
trained_53tet,53tet-Q4,24000,20260826,1195.0,452.8929,903.1735620625135,452.9Hz_+50c,3,452.8756613531753,301.00729078612915,452.89290103676944,903.173561478608,90.59522489164557,150.51050264246408,2785.9297103190465,1199.921123284584,1,-707.1798913903054,1194.9999949175822,-1902.1798913903053,-5.082417828816688e-06,-1902.2457893108553,-1.1192500557379798e-06
trained_53tet,53tet-Q4,24000,20260826,1195.0,452.8929,903.1735620625135,452.9Hz_+50c,4,452.8175672891078,150.5386752509472,452.8929010429076,903.173561478972,90.58707380988665,150.53696802390795,2785.8633870450517,0.019633667789929296,1,-1906.5548982126775,1194.999994894816,-3101.5548982126775,-5.105184072817792e-06,-3101.8428899255177,-1.1185523494449979e-06
trained_53tet,53tet-Q4,24000,20260826,1200.0,440.0,880.0,440Hz_ongrid,0,440.01422234019645,439.93836279122615,439.9999989069619,879.999997947214,92.27094184920374,92.72862493386621,2704.322241441966,2695.4576924617627,1,-0.29849479771673715,1200.0000002622232,-1200.2984947977168,2.6222323867841624e-07,-1200.2425361575433,-4.038469525510882e-06
trained_53tet,53tet-Q4,24000,20260826,1200.0,440.0,880.0,440Hz_ongrid,1,439.99330618675157,439.93389131721233,439.9999989147443,879.9999979458498,62.85623148062884,93.19150084820015,3368.8246702802016,2686.8197471942353,1,-0.2337944448478591,1200.0000002289187,-1200.233794444848,2.2891867956786882e-07,-1200.260132275676,-4.0411530999679195e-06
trained_53tet,53tet-Q4,24000,20260826,1200.0,440.0,880.0,440Hz_ongrid,2,440.01366655715765,439.99886513481226,439.99999891128135,879.9999979478654,62.858441946615514,92.5491146366122,3368.8438987619343,2699.0504506044426,1,-0.05823718508220417,1200.0000002465094,-1200.0582371850821,2.4650944396853447e-07,-1200.004465272245,-4.037187898632246e-06
trained_53tet,53tet-Q4,24000,20260826,1200.0,440.0,880.0,440Hz_ongrid,3,439.99923242704506,440.0045547555068,439.9999989118643,879.9999979456442,62.856021594337385,93.7748938515458,3368.8537688555566,2676.2937937215393,1,0.020941264998108965,1200.000000239846,-1199.979058735002,2.398460310359951e-07,-1199.982078847715,-4.041557692736296e-06
trained_53tet,53tet-Q4,24000,20260826,1200.0,440.0,880.0,440Hz_ongrid,4,439.9851977180747,439.95606239435205,439.9999989145957,879.9999979459811,62.854971368219,93.62537161375761,3368.8274730554044,2678.8656079875996,1,-0.11464416265966015,1200.0000002297618,-1200.1146441626597,2.2976178115641233e-07,-1200.1728865388766,-4.040894775654049e-06
trained_53tet,53tet-Q4,24000,20260826,1200.0,452.8929,905.7858,452.9Hz_+50c,0,452.90002250071956,301.89296010904525,452.89290104342194,905.7857981467973,90.60063656885501,62.47275952684018,2785.9194229538525,2727.2855425372672,1,-702.1865955111523,1199.9999924693643,-1902.1865955111523,-7.530635684815934e-06,-1902.1593691651428,-3.5420378506913915e-06
trained_53tet,53tet-Q4,24000,20260826,1200.0,452.8929,905.7858,452.9Hz_+50c,1,452.8173464177765,301.91539327783295,452.89290105204606,905.7857981464168,90.58563599768434,62.50552746160489,2785.8900212345225,2726.5063617662818,1,-701.7418926339515,1199.9999924356705,-1901.7418926339515,-7.56432950765884e-06,-1902.0307287929659,-3.5427651566463056e-06
trained_53tet,53tet-Q4,24000,20260826,1200.0,452.8929,905.7858,452.9Hz_+50c,2,452.87352519649636,301.9556194150069,452.8929010444671,905.7857981472835,75.49188997749735,62.502004385398806,3101.6575583704193,2726.8345923233696,1,-701.7260167180591,1199.9999924662984,-1901.726016718059,-7.5337015914556105e-06,-1901.8000806678624,-3.5411087288663243e-06
trained_53tet,53tet-Q4,24000,20260826,1200.0,452.8929,905.7858,452.9Hz_+50c,3,452.81523959384054,301.9326541490202,452.89290103969904,905.7857981468213,75.48014792163158,62.682060665610884,3101.704029399879,2721.7227351036304,1,-701.6348637675609,1199.9999924836413,-1901.634863767561,-7.516358664361178e-06,-1901.9317548605293,-3.5419919135552326e-06
trained_53tet,53tet-Q4,24000,20260826,1200.0,452.8929,905.7858,452.9Hz_+50c,4,452.88610006131773,301.88154612818613,452.8929010479198,905.7857981468313,90.59838453000614,129.33583945768865,2785.9092362972583,1467.4325537027917,1,-702.1988312416846,1199.9999924522358,-1902.1988312416847,-7.5477641985344235e-06,-1902.2248249672573,-3.541972885201761e-06
