codec,rate_label,sample_rate,seed,theta_cents,f1_nominal,f2_nominal,reference_label,rep,f1_hat_coded,f2_hat_coded,f1_hat_uncoded,f2_hat_uncoded,f1_crosscheck_coded,f2_crosscheck_coded,disagreement_f1_cents,disagreement_f2_cents,octave_flag,interval_coded_cents,interval_uncoded_cents,residual_coded_cents,residual_uncoded_cents,abs_residual_f2_coded_cents,abs_residual_f2_uncoded_cents
encodec_ft_encodec_ft_53tet,3.0kbps,24000,20260826,0.0,220.0,220.0,220Hz_ongrid,0,220.00984043659304,219.9941998081155,220.0000009415277,220.00000094930158,73.34696961241794,109.9666244254573,1901.7105441828248,1200.4797171598466,0,-0.12307881793748332,6.117442643461098e-08,-0.12307881793748332,6.117442643461098e-08,-0.04564373660630233,7.470287440445793e-06
encodec_ft_encodec_ft_53tet,3.0kbps,24000,20260826,0.0,220.0,220.0,220Hz_ongrid,1,219.9946242852779,219.99976144976884,220.00000095285736,220.00000093404702,73.32904086609848,73.33580182886871,1902.0140359322863,1901.894849041323,0,0.04042612529233514,-1.4802309900371682e-07,0.04042612529233514,-1.4802309900371682e-07,-0.001877211393134288,7.350245439582157e-06
encodec_ft_encodec_ft_53tet,3.0kbps,24000,20260826,0.0,220.0,220.0,220Hz_ongrid,2,220.02343024105684,219.98085646953584,220.00000093426038,220.0000009512554,110.0065137633943,109.98277722839788,1200.0818547319407,1200.1204299652306,0,-0.3350202046228862,1.3373780290964094e-07,-0.3350202046228862,1.3373780290964094e-07,-0.1506516990113582,7.485662349952971e-06
encodec_ft_encodec_ft_53tet,3.0kbps,24000,20260826,0.0,220.0,220.0,220Hz_ongrid,3,220.00993579173274,220.00220731449824,220.000000948024,220.00000093736406,73.33784293469536,109.99152568013866,1901.9267280762049,1200.1507479605584,0,-0.06081560769097491,-8.388563118476058e-08,-0.06081560769097491,-8.388563118476058e-08,0.017369812936718392,7.376348111857763e-06
encodec_ft_encodec_ft_53tet,3.0kbps,24000,20260826,0.0,220.0,220.0,220Hz_ongrid,4,220.0117054279483,220.0077537553852,220.00000092156063,220.0000009265217,109.99552096769108,109.99507103149035,1200.1626050843722,1200.138591397179,0,-0.031095307034304794,3.904003066449206e-08,-0.031095307034304794,3.904003066449206e-08,0.06101513083738893,7.291026897483044e-06
encodec_ft_encodec_ft_53tet,3.0kbps,24000,20260826,0.0,226.4,226.4,226.4Hz_+49.6c,0,226.4008483587537,226.35924435601535,226.4000035450309,226.40000335414413,75.46546530530769,75.44746621985229,1901.9890479835076,1902.0838444150081,0,-0.31816526005624207,-1.4596717196304068e-06,-0.31816526005624207,-1.4596717196304068e-06,-0.3116780480045484,2.5648447332869764e-05
encodec_ft_encodec_ft_53tet,3.0kbps,24000,20260826,0.0,226.4,226.4,226.4Hz_+49.6c,1,226.41326535968145,226.40875176992319,226.40000342669546,226.40000335359736,75.46932129441437,75.47147185993201,1901.9955382604037,1901.911693096674,0,-0.03451281067467355,-5.589661470150224e-07,-0.03451281067467355,-5.589661470150224e-07,0.0669216839261397,2.5644266092521868e-05
encodec_ft_encodec_ft_53tet,3.0kbps,24000,20260826,0.0,226.4,226.4,226.4Hz_+49.6c,2,226.38156685825618,226.3355481564511,226.40000353488222,226.40000352080105,75.45802036143658,75.44179041368467,1902.0124015938154,1902.0328455464626,0,-0.35195993741306,-1.0767568591106803e-07,-0.35195993741306,-1.0767568591106803e-07,-0.4929201043970666,2.6922838417516966e-05
encodec_ft_encodec_ft_53tet,3.0kbps,24000,20260826,0.0,226.4,226.4,226.4Hz_+49.6c,3,226.38775775308045,226.3458360477024,226.40000343863628,226.40000361366464,75.45888367271452,75.44369733756076,1902.0399384502684,1902.0677761091615,0,-0.32061364540499554,1.3384055597160729e-06,-0.32061364540499554,1.3384055597160729e-06,-0.41423011071997573,2.763294695677426e-05
encodec_ft_encodec_ft_53tet,3.0kbps,24000,20260826,0.0,226.4,226.4,226.4Hz_+49.6c,4,226.38942291173873,226.23868699444122,226.40000355606318,226.40000346917176,75.46156277755674,75.40537210943253,1901.9912072839445,1902.1277257673376,0,-1.153084204797042,-6.644406945407083e-07,-1.153084204797042,-6.644406945407083e-07,-1.233966903970821,2.6528039684235445e-05
encodec_ft_encodec_ft_53tet,3.0kbps,24000,20260826,5.0,220.0,220.63630333126076,220Hz_ongrid,0,219.99293536199184,220.64843746797285,220.00000091715776,220.6363010186206,109.99277995592442,73.55189746081898,1200.0580420659333,1901.89807887382,0,5.1508027716023035,4.9999746364107605,0.1508027716023035,-2.5363589239546513e-05,0.09520850686672949,-1.8146249612694326e-05
encodec_ft_encodec_ft_53tet,3.0kbps,24000,20260826,5.0,220.0,220.63630333126076,220Hz_ongrid,1,220.02388074934865,220.60593561444819,220.0000009475864,220.6363010452354,110.00321873117815,73.52824272230849,1200.1372560532072,1902.121437094834,0,4.573788470833357,4.9999746057948515,-0.4262115291666433,-2.5394205148465687e-05,-0.2382982442794297,-1.793741516144485e-05
encodec_ft_encodec_ft_53tet,3.0kbps,24000,20260826,5.0,220.0,220.63630333126076,220Hz_ongrid,2,220.02835634054335,220.65174979254488,220.0000009407585,220.63630106877162,110.0107387816177,110.32344562701145,1200.0541246585042,1200.0381205221859,0,4.898068576069814,4.9999748442032965,-0.10193142393018562,-2.5155796703479893e-05,0.121197206832628,-1.7752736916842478e-05
encodec_ft_encodec_ft_53tet,3.0kbps,24000,20260826,5.0,220.0,220.63630333126076,220Hz_ongrid,3,220.0233375556449,220.57897612864812,220.00000095391775,220.6363010511495,110.0043707551628,110.28709896492309,1200.1148514931067,1200.037502531755,0,4.366481503257253,4.999974602376942,-0.633518496742747,-2.539762305797666e-05,-0.4498792778923759,-1.789100981208216e-05
encodec_ft_encodec_ft_53tet,3.0kbps,24000,20260826,5.0,220.0,220.63630333126076,220Hz_ongrid,4,220.01638171770804,220.62771055841026,220.00000094932741,220.6363009453208,73.33875901939176,110.31164179188715,1901.9558243958372,1200.034738184508,0,4.8036680930192635,4.9999738081092495,-0.19633190698073655,-2.6191890750482116e-05,-0.06742494501393587,-1.8721400053057243e-05
encodec_ft_encodec_ft_53tet,3.0kbps,24000,20260826,5.0,226.4,227.05481397362473,226.4Hz_+49.6c,0,226.37282610765465,227.03301509681563,226.40000343701462,227.05481563978256,75.45554308228422,75.67852870248784,1902.0023933172333,1901.9353958049962,0,5.04158685537557,4.999986421880607,0.04158685537557005,-1.3578119393287125e-05,-0.16621875935127828,1.2704021029568348e-05
encodec_ft_encodec_ft_53tet,3.0kbps,24000,20260826,5.0,226.4,227.05481397362473,226.4Hz_+49.6c,1,226.38791574990645,227.0141333807473,226.40000348469286,227.05481553686081,75.45991704927837,75.6697680460712,1902.0174383499425,1901.991829576925,0,4.782201474708396,4.999985272543274,-0.21779852529160415,-1.4727456726149057e-05,-0.31020675659241187,1.1919269443737708e-05
encodec_ft_encodec_ft_53tet,3.0kbps,24000,20260826,5.0,226.4,227.05481397362473,226.4Hz_+49.6c,2,226.40238633446168,227.05962728319113,226.4000035129149,227.05481567588382,75.46854649123588,75.68487665523507,1901.9301252222538,1901.993103726277,0,5.018452136985182,4.999986116749535,0.01845213698518222,-1.3883250464807873e-05,0.03669984767426348,1.2979283650638697e-05
encodec_ft_encodec_ft_53tet,3.0kbps,24000,20260826,5.0,226.4,227.05481397362473,226.4Hz_+49.6c,3,226.33835844281717,227.03016687487025,226.4000034530656,227.05481582044024,75.44434847778014,75.67882444349272,1901.995639893304,1901.9069112251834,0,5.283486504711961,4.999987676609661,0.283486504711961,-1.2323390339297191e-05,-0.1879379341578115,1.4081488905659141e-05
encodec_ft_encodec_ft_53tet,3.0kbps,24000,20260826,5.0,226.4,227.05481397362473,226.4Hz_+49.6c,4,226.27019343171418,227.05363892116432,226.40000336440758,227.05481562373458,75.41427137403518,75.6815158960818,1902.1644975750994,1902.024320904284,0,5.983929193524171,4.9999868547300075,0.9839291935241707,-1.3145269992520525e-05,-0.008959493336579276,1.258165949202159e-05
encodec_ft_encodec_ft_53tet,3.0kbps,24000,20260826,10.0,220.0,221.27444703492776,220Hz_ongrid,0,219.9700080124152,221.2877978049953,220.00000093781878,221.27444986358478,73.30989416072985,73.76837400352319,1902.2724047312113,1901.8194711122633,0,10.340482642393026,10.000014751265672,0.3404826423930256,1.4751265672074965e-05,0.10445223467981754,2.2131192330935997e-05
encodec_ft_encodec_ft_53tet,3.0kbps,24000,20260826,10.0,220.0,221.27444703492776,220Hz_ongrid,1,220.0195369521599,221.26657970793434,220.00000092914954,221.2744498883169,73.34575765949648,73.75419427931118,1901.8154497347127,1901.9862734594712,0,9.784711301431471,10.000015012988534,-0.2152886985685285,1.501298853412436e-05,-0.06155444826362497,2.2324694153180955e-05
encodec_ft_encodec_ft_53tet,3.0kbps,24000,20260826,10.0,220.0,221.27444703492776,220Hz_ongrid,2,220.02305091802026,221.28229865115355,220.00000094957875,221.27444987667718,110.00750425596536,73.75979073510463,1200.0632821955367,1901.9778964888183,0,9.880045509557986,10.000014761157695,-0.119954490442014,1.4761157695275529e-05,0.06142934430085924,2.2233625992468913e-05
encodec_ft_encodec_ft_53tet,3.0kbps,24000,20260826,10.0,220.0,221.27444703492776,220Hz_ongrid,3,219.97295580989015,221.30575783486907,220.00000095181687,221.27444977578324,73.31993906631811,73.76935931058077,1902.0584076221094,1901.936851271409,0,10.45778638877118,10.000013954159154,0.4577863887711793,1.3954159154394574e-05,0.2449559309517107,2.144423994982376e-05
encodec_ft_encodec_ft_53tet,3.0kbps,24000,20260826,10.0,220.0,221.27444703492776,220Hz_ongrid,4,219.99561918691307,221.25437358948957,220.00000096232833,221.2744498622417,109.99123521511054,73.74906023836343,1200.103475949517,1902.0112833753615,0,9.877413838988607,10.000014547885964,-0.12258616101139275,1.4547885964333318e-05,-0.15706019869836554,2.2120684067041302e-05
encodec_ft_encodec_ft_53tet,3.0kbps,24000,20260826,10.0,226.4,227.71152185776202,226.4Hz_+49.6c,0,226.37547383892482,227.6462335367294,226.40000352933617,227.71151920809885,75.45399129009854,75.88041340855115,1902.0582466007572,1901.9929750713598,0,9.691114614411697,9.999952867165481,-0.3088853855883027,-4.71328345188482e-05,-0.4964420340428914,-2.0144729939459844e-05
encodec_ft_encodec_ft_53tet,3.0kbps,24000,20260826,10.0,226.4,227.71152185776202,226.4Hz_+49.6c,1,226.42426924780176,227.702911311166,226.4000034290362,227.71151916298874,75.47791482232107,75.90014780510187,1901.882555102962,1901.9737644748284,0,9.748962938411706,9.999953291177672,-0.25103706158829375,-4.670882232815643e-05,-0.06546508131572977,-2.0487691027381505e-05
encodec_ft_encodec_ft_53tet,3.0kbps,24000,20260826,10.0,226.4,227.71152185776202,226.4Hz_+49.6c,2,226.39574558011927,227.73970241228912,226.40000343150717,227.7115193424772,75.46683002658946,75.90907063777071,1901.9187203546774,1902.0499538748998,0,10.246769464898124,9.99995463688885,0.246769464898124,-4.53631111501096e-05,0.21423648892074995,-1.912308475429928e-05
encodec_ft_encodec_ft_53tet,3.0kbps,24000,20260826,10.0,226.4,227.71152185776202,226.4Hz_+49.6c,3,226.37727409402723,227.6987727031071,226.40000356123045,227.71151928714607,75.45405580262843,75.90195404062614,1902.070534026538,1901.9010995994477,0,10.07685766815919,9.999953224252657,0.0768576681591906,-4.67757473430197e-05,-0.09693136455101548,-1.954375360199564e-05
encodec_ft_encodec_ft_53tet,3.0kbps,24000,20260826,10.0,226.4,227.71152185776202,226.4Hz_+49.6c,4,226.40231143967995,227.70075384198591,226.40000350416503,227.71151923780093,75.46867659023337,75.90026661782362,1901.9265680796716,1901.954651035007,0,9.900456507581639,9.99995328546153,-0.09954349241836091,-4.671453847038265e-05,-0.08186848071812165,-1.9918912586232366e-05
encodec_ft_encodec_ft_53tet,3.0kbps,24000,20260826,15.0,220.0,221.91443643388777,220Hz_ongrid,0,220.02646045392893,221.92400290264754,220.00000094501706,221.91443377640647,110.006828851081,110.96221032301237,1200.1007388139055,1199.9967411777536,0,14.866418550994458,14.99997183146442,-0.13358144900554159,-2.816853558051946e-05,0.0746298426679849,-2.0731964153883456e-05
encodec_ft_encodec_ft_53tet,3.0kbps,24000,20260826,15.0,220.0,221.91443643388777,220Hz_ongrid,1,219.99732715126294,221.88357398927837,220.00000092610313,221.9144337585213,109.9936218292519,73.94514163615568,1200.0793522644171,1902.3307221153952,0,14.780247696296428,14.999971840774187,-0.21975230370357224,-2.8159225813340072e-05,-0.24078573484551793,-2.087149272849719e-05
encodec_ft_encodec_ft_53tet,3.0kbps,24000,20260826,15.0,220.0,221.91443643388777,220Hz_ongrid,2,220.02423122387455,221.9905292971533,220.0000009506448,221.91443378667765,110.00266842348556,74.00394161886122,1200.1486745029188,1901.7889314864162,0,15.402854991181828,14.999971867307538,0.40285499118182777,-2.813269246182415e-05,0.5935259446786699,-2.065183498779845e-05
encodec_ft_encodec_ft_53tet,3.0kbps,24000,20260826,15.0,220.0,221.91443643388777,220Hz_ongrid,3,220.02182454591636,221.90555381320513,220.0000009496729,221.9144337520984,110.00501025250782,73.97529216056827,1200.0928821755,1901.7964573585618,0,14.758967910231172,14.999971605190462,-0.24103208976882762,-2.8394809538312415e-05,-0.06929789423960536,-2.0921600149857906e-05
encodec_ft_encodec_ft_53tet,3.0kbps,24000,20260826,15.0,220.0,221.91443643388777,220Hz_ongrid,4,220.03005093824316,221.90353856227935,220.00000095276081,221.91443377199516,73.3529047494502,73.96834484289532,1901.7294877307086,1901.9433297615087,0,14.67851764388629,14.999971736112569,-0.32148235611371057,-2.8263887431378976e-05,-0.08502028965722255,-2.076637837302081e-05
encodec_ft_encodec_ft_53tet,3.0kbps,24000,20260826,15.0,226.4,228.37012913014632,226.4Hz_+49.6c,0,226.41305692661126,228.37817533427426,226.4000035417808,228.3701268116946,75.4671335363965,76.1278946522677,1902.0441314718682,1901.9132429353333,0,14.961155050560846,14.999955340956173,-0.038844949439154064,-4.4659043826555944e-05,0.06099579316353038,-1.7575777456636152e-05
encodec_ft_encodec_ft_53tet,3.0kbps,24000,20260826,15.0,226.4,228.37012913014632,226.4Hz_+49.6c,1,226.3868857023785,228.36497051784323,226.40000340178258,228.37012673952475,75.45871171954028,76.12154186372001,1902.037214767783,1901.9576157553508,0,15.061178250133338,14.9999558643866,0.061178250133338,-4.413561340044225e-05,-0.03910698027070798,-1.8122884524284587e-05
encodec_ft_encodec_ft_53tet,3.0kbps,24000,20260826,15.0,226.4,228.37012913014632,226.4Hz_+49.6c,2,226.4212221718512,228.3796982135331,226.40000348492723,228.3701267967967,75.47181010163474,76.1271309425337,1901.9992864911733,1901.9421548781436,0,14.910266069151788,14.99995566276529,-0.08973393084821168,-4.4337234710312146e-05,0.07254002952259506,-1.768871592496018e-05
encodec_ft_encodec_ft_53tet,3.0kbps,24000,20260826,15.0,226.4,228.37012913014632,226.4Hz_+49.6c,3,226.36420474685272,228.31985487096125,226.400003514192,228.3701268481411,75.45260799062137,76.10603897825838,1902.0038017375327,1901.9681788071541,0,14.892578217848751,14.999955828216502,-0.10742178215124909,-4.417178349847006e-05,-0.38116233196911026,-1.729948307113272e-05
encodec_ft_encodec_ft_53tet,3.0kbps,24000,20260826,15.0,226.4,228.37012913014632,226.4Hz_+49.6c,4,226.36869458601635,228.3342271458208,226.40000357218187,228.37012684043697,75.45485962944178,76.11342636377576,1901.9864773942663,1901.9091155182464,0,14.967214521928899,14.999955326376245,-0.03278547807110144,-4.467362375493167e-05,-0.27218806638181486,-1.7357886662364258e-05
encodec_ft_encodec_ft_53tet,3.0kbps,24000,20260826,20.0,220.0,222.55627686642296,220Hz_ongrid,0,219.9706706114488,222.53635375465868,220.00000091876598,222.55627976239754,109.98414867892349,74.18462084944862,1200.0186783065,1901.8187955807296,0,20.07582952198344,20.00001529738467,0.07582952198344017,1.5297384670986958e-05,-0.15498602807512796,2.2527379558385945e-05
encodec_ft_encodec_ft_53tet,3.0kbps,24000,20260826,20.0,220.0,222.55627686642296,220Hz_ongrid,1,220.01206328365467,222.55440558215835,220.00000094514218,222.55627980262108,110.0033984608852,74.18599445696786,1200.0414405191857,1901.9271697384634,0,19.89051714085645,20.000015402717235,-0.10948285914355083,1.5402717234991314e-05,-0.014556518916091212,2.284027295667572e-05
encodec_ft_encodec_ft_53tet,3.0kbps,24000,20260826,20.0,220.0,222.55627686642296,220Hz_ongrid,2,220.01533051746097,222.54526298861882,220.00000094505177,222.55627980370988,73.3431980688014,74.18370954801988,1901.8427678519606,1901.9093710979453,0,19.793687064858993,20.000015411898314,-0.2063129351410069,1.5411898313999473e-05,-0.08567753001667175,2.2848742688102985e-05
encodec_ft_encodec_ft_53tet,3.0kbps,24000,20260826,20.0,220.0,222.55627686642296,220Hz_ongrid,3,219.99923717182085,222.56624543687585,220.00000095076865,222.55627973426456,109.99740761111367,74.1917332145036,1200.034797878099,1901.8853518691762,0,20.083545266944245,20.000014826705485,0.08354526694424536,1.4826705484694003e-05,0.07754237418576174,2.2308537351474583e-05
encodec_ft_encodec_ft_53tet,3.0kbps,24000,20260826,20.0,220.0,222.55627686642296,220Hz_ongrid,4,220.00512356866932,222.6078121935433,220.00000094647714,222.5562797296486,73.33418610057325,74.20765785180163,1901.975187228813,1901.8370940775583,0,20.360521519603893,20.000014824569146,0.36052151960389267,1.4824569145588384e-05,0.4008396707268606,2.2272630272392707e-05
encodec_ft_encodec_ft_53tet,3.0kbps,24000,20260826,20.0,226.4,229.03064128435526,226.4Hz_+49.6c,0,226.42099848931176,229.0293638140042,226.40000358101383,229.0306432748154,75.47315202132533,76.34417670361721,1901.966794419751,1901.9310669779172,0,19.829779956823153,19.99998766254052,-0.17022004317684747,-1.2337459480704638e-05,-0.009656377521699755,1.504581355897504e-05
encodec_ft_encodec_ft_53tet,3.0kbps,24000,20260826,20.0,226.4,229.03064128435526,226.4Hz_+49.6c,1,226.36437784560374,229.03139356665636,226.40000346066117,229.0306432502525,75.45078158494762,76.34470753244543,1902.0470323517702,1901.9343724152318,0,20.27810315503988,19.999988397182683,0.27810315503987937,-1.1602817316713754e-05,0.005686464431178092,1.486014372923995e-05
encodec_ft_encodec_ft_53tet,3.0kbps,24000,20260826,20.0,226.4,229.03064128435526,226.4Hz_+49.6c,2,226.407046029334,229.00017540705022,226.40000345491686,229.03064325501327,75.46813129343094,76.33502424275798,1901.975280789076,1901.9179776684412,0,19.715815562212384,19.99998847709467,-0.2841844377876157,-1.1522905328575916e-05,-0.23030574485778182,1.4896129997178062e-05
encodec_ft_encodec_ft_53tet,3.0kbps,24000,20260826,20.0,226.4,229.03064128435526,226.4Hz_+49.6c,3,226.29742018917943,228.9934732936331,226.40000341146185,229.03064325528405,75.42867706586574,76.33018378454868,1902.0421318020376,1901.9770914262924,0,20.503610137645296,19.99998881143287,0.5036101376452962,-1.1188567128783689e-05,-0.2809742507734305,1.4898176986696387e-05
encodec_ft_encodec_ft_53tet,3.0kbps,24000,20260826,20.0,226.4,229.03064128435526,226.4Hz_+49.6c,4,226.4278806757293,228.96136323318757,226.4000034953049,229.03064328712867,75.47261476802915,76.32444427765235,1902.03173917762,1901.864498097821,0,19.263065942506426,19.99998841101453,-0.7369340574935741,-1.158898546904652e-05,-0.5237494138160578,1.5138889115231978e-05
encodec_ft_encodec_ft_53tet,3.0kbps,24000,20260826,25.0,220.0,223.19997368625522,220Hz_ongrid,0,219.99871816162877,223.20416714131358,220.00000094443092,223.199971468589,109.9943946212898,74.39944280473296,1200.0781353217626,1902.0002882608899,0,25.04261304818342,24.999975366877404,0.042613048183419266,-2.4633122595929535e-05,0.032525917734788995,-1.7201163567966487e-05
encodec_ft_encodec_ft_53tet,3.0kbps,24000,20260826,25.0,220.0,223.19997368625522,220Hz_ongrid,1,219.98740278896992,223.17685142855646,220.00000092361324,223.19997151499584,109.98695714940928,74.39423112922476,1200.1061535754209,1901.9096840410646,0,24.919778018721853,24.99997589064824,-0.08022198127814661,-2.4109351759449282e-05,-0.17935536794456006,-1.684121246738225e-05
encodec_ft_encodec_ft_53tet,3.0kbps,24000,20260826,25.0,220.0,223.19997368625522,220Hz_ongrid,2,219.99265759547035,223.2113089595153,220.0000009444911,223.19997143174558,109.99158799470916,74.40269366815956,1200.0746171857027,1901.9800371688902,0,25.14569912353759,24.999975080630605,0.14569912353758951,-2.4919369394638125e-05,0.08791897423025628,-1.7486936956643268e-05
encodec_ft_encodec_ft_53tet,3.0kbps,24000,20260826,25.0,220.0,223.19997368625522,220Hz_ongrid,3,220.02859409047053,223.20870324451343,220.00000094940793,223.1999715004619,110.00678771812146,74.40702300094205,1200.1181741541186,1901.8590931855247,0,24.842709546175197,24.999975574932126,-0.15729045382480322,-2.4425067874034312e-05,0.0677088473984912,-1.6953943738030068e-05
encodec_ft_encodec_ft_53tet,3.0kbps,24000,20260826,25.0,220.0,223.19997368625522,220Hz_ongrid,4,220.01909222982766,223.18551574949905,220.00000094770732,223.19997153547112,110.00468445014627,74.39577416876512,1200.0765103199055,1901.9409860391431,0,24.73761952495841,24.999975859861106,-0.26238047504158857,-2.414013889406874e-05,-0.1121455468094947,-1.6682397407367045e-05
encodec_ft_encodec_ft_53tet,3.0kbps,24000,20260826,25.0,226.4,229.6930638298554,226.4Hz_+49.6c,0,226.41302262293652,229.70568417626475,226.40000341176528,229.69306828614143,75.47076953216578,76.57220360343734,1901.9604605726886,1901.8726515274716,0,24.995540549593883,25.000007498689413,-0.004459450406116616,7.49868941340992e-06,0.0951189941863173,3.358775358164941e-05
encodec_ft_encodec_ft_53tet,3.0kbps,24000,20260826,25.0,226.4,229.6930638298554,226.4Hz_+49.6c,1,226.3288185973538,229.69688482445747,226.40000339080584,229.6930683150198,75.44115140681487,76.56592371268408,1901.9960345352279,1901.948320699419,0,25.573194291552113,25.000007876623172,0.5731942915521131,7.876623172364816e-06,0.02879921938204094,3.38054144916005e-05
encodec_ft_encodec_ft_53tet,3.0kbps,24000,20260826,25.0,226.4,229.6930638298554,226.4Hz_+49.6c,2,226.37926578717506,229.67669673478412,226.40000356372272,229.69306835311386,75.45580606308145,76.56020432965938,1902.045607669006,1901.9254815676113,0,25.035191646735605,25.000006841484414,0.03519164673560482,6.8414844136555075e-06,-0.12336585781734515,3.409253580958823e-05
encodec_ft_encodec_ft_53tet,3.0kbps,24000,20260826,25.0,226.4,229.6930638298554,226.4Hz_+49.6c,3,226.36103893732857,229.70268931582584,226.4000036101863,229.69306838798119,75.44833447154741,76.56799051493243,1902.0776466455789,1901.9453369286482,0,25.37050017501737,25.000006748987737,0.3705001750173693,6.748987736671097e-06,0.07254733610029607,3.435533658585711e-05
encodec_ft_encodec_ft_53tet,3.0kbps,24000,20260826,25.0,226.4,229.6930638298554,226.4Hz_+49.6c,4,226.42662098639815,229.65666504343875,226.40000339484072,229.6930683287615,75.47913619874836,76.552761909187,1901.8725219036744,1901.9427836121477,0,24.52208145754646,25.000007949342788,-0.4779185424535406,7.949342787583191e-06,-0.27436532367471667,3.3908988315981586e-05
encodec_ft_encodec_ft_53tet,3.0kbps,24000,20260826,30.0,220.0,223.84553226259098,220Hz_ongrid,0,220.01089981369043,223.8338134719319,220.00000092407362,223.84553297091043,73.33509549358735,74.61199637696036,1901.9991719363509,1901.9381733964353,0,29.823592648480584,29.999998206420095,-0.17640735151941556,-1.7935799050405876e-06,-0.09063616448152936,5.478182602658907e-06
encodec_ft_encodec_ft_53tet,3.0kbps,24000,20260826,30.0,220.0,223.84553226259098,220Hz_ongrid,1,220.02477045089927,223.82993566467982,220.00000093864057,223.84553301004883,110.00722262515372,74.61350785028864,1200.0812442991146,1901.8731097836817,0,29.684457033268277,29.999998394488,-0.3155429667317229,-1.6055120006797097e-06,-0.12062917581488225,5.7808814195583875e-06
encodec_ft_encodec_ft_53tet,3.0kbps,24000,20260826,30.0,220.0,223.84553226259098,220Hz_ongrid,2,220.01564825124373,223.8117583592454,220.00000093792517,223.84553298718112,110.00060266485586,74.60344868832786,1200.1136505446539,1901.965925312099,0,29.615635453001573,29.999998223257453,-0.3843645469984267,-1.7767425468662168e-06,-0.2612289927031096,5.604021139823719e-06
encodec_ft_encodec_ft_53tet,3.0kbps,24000,20260826,30.0,220.0,223.84553226259098,220Hz_ongrid,3,220.0215799002933,223.89403729086735,220.00000093870798,223.845532964475,110.00754911688041,74.63193888168352,1200.0510015748873,1901.9412422751902,0,30.2052907935988,29.999998041486837,0.20529079359879887,-1.958513163202724e-06,0.3751000025093379,5.428410965225912e-06
encodec_ft_encodec_ft_53tet,3.0kbps,24000,20260826,30.0,220.0,223.84553226259098,220Hz_ongrid,4,219.99645515990187,223.8087715323095,220.0000009557794,223.84553297207225,109.99413574955034,74.59986474223658,1200.0644014729066,1902.0259917813337,0,29.743562520568805,29.999997965905372,-0.2564374794311952,-2.0340946278452066e-06,-0.2843329217899238,5.487168213973651e-06
encodec_ft_encodec_ft_53tet,3.0kbps,24000,20260826,30.0,226.4,230.3574022920482,226.4Hz_+49.6c,0,226.42070940620437,230.37059587533324,226.40000351363864,230.3574066065843,75.47155126329572,76.78952179368913,1902.0013032967304,1901.9702600884145,0,29.940799251212983,30.000005557508235,-0.05920074878701698,5.557508234943498e-06,0.0991525616387323,3.2425577120731225e-05
encodec_ft_encodec_ft_53tet,3.0kbps,24000,20260826,30.0,226.4,230.3574022920482,226.4Hz_+49.6c,1,226.34740414400903,230.42922301228216,226.40000352039817,230.35740645222353,75.44418908646516,76.78855671516162,1902.068485540906,1902.4325447325034,0,30.941915568350936,30.000004345732737,0.9419155683509359,4.345732737220942e-06,0.5396791941271654,3.1265490318172104e-05
encodec_ft_encodec_ft_53tet,3.0kbps,24000,20260826,30.0,226.4,230.3574022920482,226.4Hz_+49.6c,2,226.3728969487667,230.37033634977988,226.40000362020655,230.35740640000077,75.45440504438938,76.79226651125536,1902.0290461574518,1901.906430691808,0,30.304466069538694,30.00000319004235,0.3044660695386945,3.1900423493880226e-06,0.0972022271096978,3.0873014198191804e-05
encodec_ft_encodec_ft_53tet,3.0kbps,24000,20260826,30.0,226.4,230.3574022920482,226.4Hz_+49.6c,3,226.43046519052083,230.38797924007565,226.40000349349958,230.35740634896803,75.47581905920374,76.79552130288779,1901.9779995769566,1901.9656363050751,0,29.996838196963623,30.00000377541157,-0.003161803036377364,3.775411570927645e-06,0.2297835452778345,3.04894814040784e-05
encodec_ft_encodec_ft_53tet,3.0kbps,24000,20260826,30.0,226.4,230.3574022920482,226.4Hz_+49.6c,4,226.33336921872717,230.40007443662864,226.40000344261077,230.3574063849814,75.4431228307114,76.78059925533549,1901.9856028722324,1902.3929491530178,0,30.830256468114495,30.000004435203536,0.830256468114495,4.435203535990695e-06,0.3206696519829057,3.0760137238816154e-05
encodec_ft_encodec_ft_53tet,3.0kbps,24000,20260826,35.0,220.0,224.4929579801661,220Hz_ongrid,0,220.02469388318812,224.45205828742863,220.00000092192306,224.4929601333673,110.00820593160252,74.81892345149504,1200.0651671619046,1901.9186563321125,0,34.49025164336987,35.00000935011455,-0.5097483566301335,9.350114552830746e-06,-0.31543702811548663,1.660495377094278e-05
encodec_ft_encodec_ft_53tet,3.0kbps,24000,20260826,35.0,220.0,224.4929579801661,220Hz_ongrid,1,220.02296366529106,224.5065286077456,220.00000095069305,224.49296019649978,110.00441212427032,74.83569356327752,1200.1112585062858,1901.9507436077586,0,34.92395285986992,35.00000961057864,-0.07604714013007907,9.610578636909395e-06,0.10465015324869308,1.7091815908010953e-05
encodec_ft_encodec_ft_53tet,3.0kbps,24000,20260826,35.0,220.0,224.4929579801661,220Hz_ongrid,2,219.99577468504566,224.48811660523685,220.00000095617102,224.4929602153128,109.9912823731057,74.828807982266,1200.1039573717762,1901.9680545584506,0,34.99591447468364,35.00000971255234,-0.004085525316362748,9.712552341056835e-06,-0.037335886060956204,1.7236897299011476e-05
encodec_ft_encodec_ft_53tet,3.0kbps,24000,20260826,35.0,220.0,224.4929579801661,220Hz_ongrid,3,219.9827097843046,224.52859611850477,220.00000093665267,224.4929602002298,109.9838636139227,74.84832780949866,1200.1179146999852,1901.8286506620618,0,35.41087697919223,35.00000974983081,0.4108769791922313,9.749830809369087e-06,0.2748106771430208,1.7120581011949204e-05
encodec_ft_encodec_ft_53tet,3.0kbps,24000,20260826,35.0,220.0,224.4929579801661,220Hz_ongrid,4,219.9992763483663,224.396189723748,220.0000009213454,224.4929602490367,73.33604020364977,74.789974246143,1901.885404360281,1902.1576645609728,0,34.25928091004887,35.0000102466743,-0.7407190899511278,1.0246674300162795e-05,-0.7464136918072737,1.7496967605251846e-05
encodec_ft_encodec_ft_53tet,3.0kbps,24000,20260826,35.0,226.4,231.0236622123164,226.4Hz_+49.6c,0,226.3491427529954,231.04049638776928,226.40000335857636,231.02366403545852,75.44292885510006,77.01296180428523,1902.1107024049961,1901.9670722744677,0,35.51508509346466,34.99998797983538,0.5150850934646627,-1.202016461832045e-05,0.12614654135111678,1.3662175115431515e-05
encodec_ft_encodec_ft_53tet,3.0kbps,24000,20260826,35.0,226.4,231.0236622123164,226.4Hz_+49.6c,1,226.44580944957607,231.0405885395039,226.40000352397595,231.02366417224343,75.47999873108111,77.01348986781231,1901.9994452139376,1901.9558920777197,0,34.77657708611187,34.999987740091136,-0.22342291388812896,-1.2259908864109548e-05,0.1268370531502766,1.4687207135318456e-05
encodec_ft_encodec_ft_53tet,3.0kbps,24000,20260826,35.0,226.4,231.0236622123164,226.4Hz_+49.6c,2,226.43028319804716,230.9937186478777,226.4000033744968,231.02366429575588,75.47575409968887,76.99844642391409,1901.9780981206986,1901.9428547802497,0,34.5440419324822,34.99998980869862,-0.4559580675177983,-1.0191301377915352e-05,-0.22440419138677023,1.561277891313375e-05
encodec_ft_encodec_ft_53tet,3.0kbps,24000,20260826,35.0,226.4,231.0236622123164,226.4Hz_+49.6c,3,226.40287811036913,231.0355113103065,226.4000035449937,231.02366410402354,75.46935239476124,77.010618076603,1901.9153985130363,1901.9824049313302,0,35.06678374988967,34.99998706814965,0.06678374988967306,-1.2931850349673368e-05,0.08879192567192488,1.417598409244573e-05
encodec_ft_encodec_ft_53tet,3.0kbps,24000,20260826,35.0,226.4,231.0236622123164,226.4Hz_+49.6c,4,226.33750674463914,230.98908599902686,226.40000342543004,231.02366444950863,75.44179561701709,76.99484344766502,1902.047707260156,1901.989145269134,0,35.21881402320557,34.99999057140796,0.2188140232055673,-9.428592036897498e-06,-0.25912496171649674,1.676496377003268e-05
encodec_ft_encodec_ft_53tet,3.0kbps,24000,20260826,40.0,220.0,225.1422562392905,220Hz_ongrid,0,219.99465501781543,225.09112240453442,220.000000946607,225.1422533989918,109.99254079946314,75.03081352130559,1200.075339054825,1901.9448625902812,0,39.64882260272367,39.99997071040664,-0.3511773972763308,-2.9289593356907062e-05,-0.39323888618093666,-2.1840510677981006e-05
encodec_ft_encodec_ft_53tet,3.0kbps,24000,20260826,40.0,220.0,225.1422562392905,220Hz_ongrid,1,220.02732022441663,225.01565924178374,220.0000009555753,225.14225342013185,73.34408576775466,75.0011823024418,1901.916155038866,1902.0481937138104,0,38.81128088408284,39.999970802389335,-1.1887191159171593,-2.919761066522142e-05,-0.9737429059181698,-2.1677953951235347e-05
encodec_ft_encodec_ft_53tet,3.0kbps,24000,20260826,40.0,220.0,225.1422562392905,220Hz_ongrid,2,220.0046657889421,225.02327266312216,220.00000095138725,225.14225345548147,73.34050183903636,75.00545443544739,1901.8224927888452,1902.0081593552607,0,39.04811668406625,39.9999711071675,-0.951883315933749,-2.8892832503402133e-05,-0.9151674658048845,-2.140613276583393e-05
encodec_ft_encodec_ft_53tet,3.0kbps,24000,20260826,40.0,220.0,225.1422562392905,220Hz_ongrid,3,220.0113316208285,224.9866273449718,220.0000009073638,225.14225349149453,109.99831693325388,74.98457444276337,1200.1156581458984,1902.2082102254578,0,38.713706958048455,39.9999717305215,-1.286293041951545,-2.8269478498543776e-05,-1.1971240301377155,-2.1129209867431475e-05
encodec_ft_encodec_ft_53tet,3.0kbps,24000,20260826,40.0,220.0,225.1422562392905,220Hz_ongrid,4,219.9754638240959,225.0894512447001,220.00000093936038,225.1422534356171,109.98563977191681,75.01667548297942,1200.0329311152786,1902.2582559778898,0,39.78699970748797,39.99997104906261,-0.213000292512028,-2.89509373914143e-05,-0.40609225647719016,-2.155887989572337e-05
encodec_ft_encodec_ft_53tet,3.0kbps,24000,20260826,40.0,226.4,231.69184914806985,226.4Hz_+49.6c,0,226.38264732262465,231.63886714444803,226.40000347182604,231.69185047578105,75.45547655051155,77.21243208105184,1902.0790279957673,1901.9667415851577,0,39.736763179375714,39.99998337250804,-0.2632368206242859,-1.6627491959297913e-05,-0.3959342466721346,9.92084450688852e-06
encodec_ft_encodec_ft_53tet,3.0kbps,24000,20260826,40.0,226.4,231.69184914806985,226.4Hz_+49.6c,1,226.4118198661534,231.7039684689716,226.40000350791632,231.6918501567452,75.46889749064185,77.23502682837079,1901.9942073873326,1901.9466921790965,0,40.00017318375996,39.99998071265247,0.00017318375996211444,-1.9287347527097154e-05,0.09055490016886233,7.536963943818383e-06
encodec_ft_encodec_ft_53tet,3.0kbps,24000,20260826,40.0,226.4,231.69184914806985,226.4Hz_+49.6c,2,226.38536357710367,231.68494536328194,226.4000034887997,231.69185019925752,75.46045633133221,77.22841607931336,1901.9855488619137,1901.9527376774308,0,40.06033850297174,39.999981176491296,0.060338502971738706,-1.882350870374694e-05,-0.05158681847996833,7.854621736966425e-06
encodec_ft_encodec_ft_53tet,3.0kbps,24000,20260826,40.0,226.4,231.69184914806985,226.4Hz_+49.6c,3,226.34833368132368,231.7203550888647,226.40000352280097,231.6918503162712,75.4461283875874,77.23877933517683,1902.031094169464,1901.985013644047,0,40.60811404984835,39.99998179083315,0.6081140498483535,-1.820916685346674e-05,0.21298729259056798,8.7289645783188e-06
encodec_ft_encodec_ft_53tet,3.0kbps,24000,20260826,40.0,226.4,231.69184914806985,226.4Hz_+49.6c,4,226.42290360708904,231.69895254034165,226.40000341486322,231.6918500950282,75.46970105317249,77.23084471651661,1902.0605225793063,1902.0029591770908,0,39.87794643587576,39.99998096305238,-0.12205356412424351,-1.9036947620065803e-05,0.05307673143685769,7.075805841950798e-06
encodec_ft_encodec_ft_53tet,3.0kbps,24000,20260826,45.0,220.0,225.79343245589328,220Hz_ongrid,0,220.01790379304802,225.8117749877348,220.00000096400208,225.793433414828,110.00044020984312,75.26826625942955,1200.1339553885698,1902.0084862865572,0,44.99974902385797,44.999999766504814,-0.00025097614202707064,-2.3349518585291662e-07,0.14063263737512946,7.352474255596987e-06
encodec_ft_encodec_ft_53tet,3.0kbps,24000,20260826,45.0,220.0,225.79343245589328,220Hz_ongrid,1,220.0235645246162,225.7743304808826,220.0000009409329,225.79343340655976,73.34641250879258,75.25594743090245,1901.831683765257,1902.0047529061217,0,44.668107446066536,44.9999998846466,-0.3318925539334643,-1.1535340149748663e-07,-0.14646745085401636,7.289079086039866e-06
encodec_ft_encodec_ft_53tet,3.0kbps,24000,20260826,45.0,220.0,225.79343245589328,220Hz_ongrid,2,219.9962720042357,225.79835900888483,220.000000948564,225.79343338967698,109.99450844222943,75.26347062654146,1200.0570942288575,1902.015933916235,0,45.06710988674343,44.9999996951497,0.06710988674343099,-3.0485030322324747e-07,0.03777312362638229,7.159633234495042e-06
encodec_ft_encodec_ft_53tet,3.0kbps,24000,20260826,45.0,220.0,225.79343245589328,220Hz_ongrid,3,220.0097440416421,225.72761402095247,220.00000095054108,225.79343334102276,110.00114993728565,75.2402917098088,1200.058578376112,1902.0066860465063,0,44.418597836537074,44.9999993065435,-0.5814021634629256,-6.934564993343884e-07,-0.5047256039203796,6.7865848656229775e-06
encodec_ft_encodec_ft_53tet,3.0kbps,24000,20260826,45.0,220.0,225.79343245589328,220Hz_ongrid,4,219.99150773517678,225.79094125961836,220.00000095161948,225.79343343048984,109.98535289257875,75.26442782088144,1200.1637097145187,1901.9370423034786,0,45.04772806455592,44.99999998403139,0.04772806455591905,-1.5968609545780055e-08,-0.019100943545078485,7.472558926101315e-06
encodec_ft_encodec_ft_53tet,3.0kbps,24000,20260826,45.0,226.4,232.36196867279202,226.4Hz_+49.6c,0,226.41132285956434,232.34724702677053,226.40000343870707,232.3619694898943,75.46516230708819,77.45027626510978,1902.0760931944003,1901.928313086773,0,44.80373015440206,44.99997979281229,-0.19626984559793925,-2.0207187709786467e-05,-0.10968844171025727,6.0878952518904125e-06
encodec_ft_encodec_ft_53tet,3.0kbps,24000,20260826,45.0,226.4,232.36196867279202,226.4Hz_+49.6c,1,226.36515078300135,232.35126054540285,226.40000336188672,232.36196911726225,75.4536972332055,77.45084844539429,1901.9860448946686,1901.9454279997635,0,45.18672155937686,44.99997760391266,0.1867215593768634,-2.2396087338449888e-05,-0.07978371854122654,3.311565850507559e-06
encodec_ft_encodec_ft_53tet,3.0kbps,24000,20260826,45.0,226.4,232.36196867279202,226.4Hz_+49.6c,2,226.39676837922536,232.3405717981444,226.40000358360206,232.36196937038952,75.4634661368604,77.44507371456905,1902.0037120808008,1901.9948705348977,0,44.86528500577117,44.99997779444893,-0.1347149942288297,-2.2205551069021112e-05,-0.1594267073393177,5.197514005981357e-06
encodec_ft_encodec_ft_53tet,3.0kbps,24000,20260826,45.0,226.4,232.36196867279202,226.4Hz_+49.6c,3,226.39904145158414,232.38410928151626,226.40000336298402,232.3619690883007,75.46404562710413,77.46105349002245,1902.0077997171388,1901.9620694125654,0,45.17228260416033,44.99997737974124,0.1722826041603298,-2.262025876120788e-05,0.16495276684499918,3.095785476214034e-06
encodec_ft_encodec_ft_53tet,3.0kbps,24000,20260826,45.0,226.4,232.36196867279202,226.4Hz_+49.6c,4,226.36550926901816,232.3382500282781,226.40000336632704,232.36196959250083,75.45315512107128,77.44476331476756,1902.0012250240036,1901.984509095919,0,45.08703664443725,44.99998111076665,0.0870366444372479,-1.8889233352581414e-05,-0.17672694508576886,6.8523745324320946e-06
encodec_ft_encodec_ft_53tet,3.0kbps,24000,20260826,50.0,220.0,226.44649206156825,220Hz_ongrid,0,219.99664125710112,226.4763910034687,220.00000093990081,226.44649289854786,73.33229105072768,75.48711637439888,1901.953175999118,1902.0699880390828,0,50.25499997963467,49.99999900258575,0.25499997963466825,-9.974142471946834e-07,0.22856900483378412,6.398896196916967e-06
encodec_ft_encodec_ft_53tet,3.0kbps,24000,20260826,50.0,220.0,226.44649206156825,220Hz_ongrid,1,220.02278850042083,226.4474198271076,220.00000093060297,226.4464929447186,110.00936206040613,75.48463316954783,1200.0319805843997,1901.9054631633585,0,49.82777393910395,49.99999942873859,-0.17222606089605108,-5.712614097319602e-07,0.007092960400450518,6.751881762031662e-06
encodec_ft_encodec_ft_53tet,3.0kbps,24000,20260826,50.0,220.0,226.44649206156825,220Hz_ongrid,2,219.99635774749473,226.44869939198088,220.00000094512524,226.44649276589527,109.99531772180758,75.48311765557065,1200.0450315462472,1901.9500041963925,0,50.04553746920186,49.99999794731493,0.04553746920186086,-2.052685069031668e-06,0.01687545215764967,5.384737626739312e-06
encodec_ft_encodec_ft_53tet,3.0kbps,24000,20260826,50.0,220.0,226.44649206156825,220Hz_ongrid,3,220.0168453967092,226.4355359435567,220.0000009468136,226.44649290675207,110.00225203773508,75.4735449840223,1200.0971121768102,1902.0689315369748,0,49.78368051199153,49.99999901091035,-0.21631948800847312,-9.890896492947832e-07,-0.0837639975888584,6.461619031354574e-06
encodec_ft_encodec_ft_53tet,3.0kbps,24000,20260826,50.0,220.0,226.44649206156825,220Hz_ongrid,4,220.0245638866766,226.4106665182041,220.0000009420583,226.44649276696046,110.00693374367822,75.47098820511782,1200.0841652428005,1901.937428708108,0,49.53279557605601,49.999997979593005,-0.46720442394398987,-2.0204069954843362e-06,-0.273915955407471,5.392880993160782e-06
encodec_ft_encodec_ft_53tet,3.0kbps,24000,20260826,50.0,226.4,233.03402637608662,226.4Hz_+49.6c,0,226.25324494618445,233.0052504917805,226.40000338684573,233.03402731177084,75.40501497896884,77.66064689956153,1902.2473225965339,1902.1282017957171,0,50.90877722121138,49.99998105278603,0.9087772212113805,-1.8947213966669096e-05,-0.21379224129298113,6.951295445516114e-06
encodec_ft_encodec_ft_53tet,3.0kbps,24000,20260826,50.0,226.4,233.03402637608662,226.4Hz_+49.6c,1,226.36702630376624,233.07205183711253,226.40000337753327,233.0340271686557,75.45312813696872,116.53569587225941,1902.013446340654,1200.0049031034955,0,50.53463347353237,49.99998006077915,0.5346334735323666,-1.9939220848641526e-05,0.28247206411881304,5.888078320979579e-06
encodec_ft_encodec_ft_53tet,3.0kbps,24000,20260826,50.0,226.4,233.03402637608662,226.4Hz_+49.6c,2,226.34544969430218,233.0140851996844,226.40000341906526,233.03402698655856,75.44475619891362,116.50644016312259,1902.0405231277105,1200.0089519194255,0,50.26903376991415,49.99997839037407,0.2690337699141523,-2.1609625932228482e-05,-0.14815141497004528,4.535259652018561e-06
encodec_ft_encodec_ft_53tet,3.0kbps,24000,20260826,50.0,226.4,233.03402637608662,226.4Hz_+49.6c,3,226.44008611712425,232.9824833290898,226.40000347910262,233.03402723934076,75.48068247316192,116.49140855288893,1901.9400059111713,1199.997519791424,0,49.31053585645755,49.999979809225835,-0.6894641435424518,-2.019077416548498e-05,-0.3829610172989179,6.413204749823022e-06
encodec_ft_encodec_ft_53tet,3.0kbps,24000,20260826,50.0,226.4,233.03402637608662,226.4Hz_+49.6c,4,226.39208690346726,232.98240544080286,226.40000353351107,233.03402680045286,75.46255554930633,77.65982184062128,1901.9888031582284,1901.9768468063799,0,49.676971087040585,49.99997613263196,-0.3230289129594155,-2.3867368042829185e-05,-0.38353978560372126,3.1526610323160276e-06
encodec_ft_encodec_ft_53tet,3.0kbps,24000,20260826,55.0,220.0,227.10144050361865,220Hz_ongrid,0,220.02353575701883,227.09474967957482,220.0000009382263,227.10143907364593,110.00907715132406,75.69749910525084,1200.0423439744504,1901.9721716202505,0,54.76379517728451,54.999981715934545,-0.23620482271549292,-1.8284065454565734e-05,-0.05100607469720865,-1.0900932395927718e-05
encodec_ft_encodec_ft_53tet,3.0kbps,24000,20260826,55.0,220.0,227.10144050361865,220Hz_ongrid,1,220.02141424982176,227.10169940036704,220.00000095634542,227.10143926929314,110.00503890315704,75.6990232959669,1200.0892028745873,1901.9902927690848,0,54.833467822108645,54.99998306480361,-0.1665321778913551,-1.6935196391898444e-05,0.0019736141237217328,-9.409479473819637e-06
encodec_ft_encodec_ft_53tet,3.0kbps,24000,20260826,55.0,220.0,227.10144050361865,220Hz_ongrid,2,220.0231314106804,227.04955144287018,220.00000092794912,227.10143937881182,73.34563840685409,75.681485448929,1901.8465474796105,1901.9938509874835,0,54.422378222356585,54.99998412314091,-0.5776217776434152,-1.5876859087882167e-05,-0.3956045928589249,-8.574599506906638e-06
encodec_ft_encodec_ft_53tet,3.0kbps,24000,20260826,55.0,220.0,227.10144050361865,220Hz_ongrid,3,220.03581029934358,227.04068717790517,220.0000009576547,227.1014392929851,73.35344427816909,75.67796894975292,1901.7620691682976,1902.006703100975,0,54.25502768964892,54.999983235108296,-0.7449723103510806,-1.6764891704212914e-05,-0.46319519941301646,-9.228871567932948e-06
encodec_ft_encodec_ft_53tet,3.0kbps,24000,20260826,55.0,220.0,227.10144050361865,220Hz_ongrid,4,220.01075339292018,227.0785126566553,220.00000094661286,227.10143928326335,73.33608747294367,75.68960537836382,1901.9746021053502,1902.0289281890869,0,54.74058916142275,54.99998324788874,-0.2594108385772529,-1.6752111257289926e-05,-0.174791815852929,-9.302982199810063e-06
encodec_ft_encodec_ft_53tet,3.0kbps,24000,20260826,55.0,226.4,233.70802786372394,226.4Hz_+49.6c,0,226.32504756074823,233.73258331552222,226.4000034871331,233.7080296703531,75.4393784155661,77.91159048629197,1902.0078762157586,1901.9387935805814,0,55.75513006906691,54.99998671754248,0.755130069066908,-1.328245752318935e-05,0.18188934921721103,1.3382928841437458e-05
encodec_ft_encodec_ft_53tet,3.0kbps,24000,20260826,55.0,226.4,233.70802786372394,226.4Hz_+49.6c,1,226.34803022319485,233.69801926720578,226.4000034577118,233.70802968537606,75.44445763194764,77.89934332541772,1902.0671117849613,1901.9549215328066,0,55.32330571234787,54.99998705380642,0.3233057123478673,-1.2946193578500242e-05,-0.0741420577873947,1.3494213955260243e-05
encodec_ft_encodec_ft_53tet,3.0kbps,24000,20260826,55.0,226.4,233.70802786372394,226.4Hz_+49.6c,2,226.42241778413725,233.7366673747227,226.4000034245843,233.70802956616103,75.47152501934644,77.91271294978488,1902.0149676731976,1901.9441020235622,0,55.04072362656199,54.99998642401893,0.040723626561991466,-1.3575981071767274e-05,0.21213930613320864,1.2611107310286296e-05
encodec_ft_encodec_ft_53tet,3.0kbps,24000,20260826,55.0,226.4,233.70802786372394,226.4Hz_+49.6c,3,226.4156964421181,233.70296560762714,226.40000349286075,233.70802960925073,75.46902938864176,77.47075292842689,1902.020823263717,1911.5428503607147,0,54.84247673469056,54.999986221117766,-0.15752326530944316,-1.3778882234305456e-05,-0.03749997429526633,1.2930301978391294e-05
encodec_ft_encodec_ft_53tet,3.0kbps,24000,20260826,55.0,226.4,233.70802786372394,226.4Hz_+49.6c,4,226.39408860473986,233.74696643833124,226.4000036392033,233.70802966623728,75.46486559423595,116.87470757155134,1901.9511148362992,1199.9818638978034,0,55.333624243752915,54.99998552420425,0.3336242437529151,-1.4475795751422993e-05,0.28842043473659984,1.3352440037717227e-05
encodec_ft_encodec_ft_53tet,3.0kbps,24000,20260826,60.0,220.0,227.75828324510306,220Hz_ongrid,0,220.01042265929894,227.75357517658816,220.00000092404608,227.7582813595689,110.00019944058485,75.91761150182059,1200.0788776327813,1901.9606309730914,0,59.88219618161822,59.99997839615059,-0.11780381838178045,-2.160384941163329e-05,-0.03578729452567109,-1.4332303863110608e-05
encodec_ft_encodec_ft_53tet,3.0kbps,24000,20260826,60.0,220.0,227.75828324510306,220Hz_ongrid,1,219.98540401008154,227.7467737789368,220.0000009220909,227.7582814446172,109.98812055682481,75.9143213244999,1200.072111369112,1901.9839616271636,0,60.02737538801685,59.99997905800483,0.02737538801684991,-2.094199516733397e-05,-0.08748785292534694,-1.3685835539386154e-05
encodec_ft_encodec_ft_53tet,3.0kbps,24000,20260826,60.0,220.0,227.75828324510306,220Hz_ongrid,2,220.00711918449693,227.75402654404303,220.00000092272234,227.7582813886505,109.99771140369762,75.9174517273015,1200.0920411332277,1901.9677054910906,0,59.91162199750325,59.99997862762201,-0.08837800249675354,-2.137237798649494e-05,-0.0323562970907688,-1.4111249365205974e-05
encodec_ft_encodec_ft_53tet,3.0kbps,24000,20260826,60.0,220.0,227.75828324510306,220Hz_ongrid,3,220.0111633403344,227.73865973056706,220.0000009550773,227.75828135882628,110.00028454107499,75.91198616289968,1200.0833665975042,1901.9755354098372,0,59.76298666683943,59.99997814631347,-0.2370133331605686,-2.1853686533290784e-05,-0.1491684941996123,-1.4337948749136782e-05
encodec_ft_encodec_ft_53tet,3.0kbps,24000,20260826,60.0,220.0,227.75828324510306,220Hz_ongrid,4,220.0041754265887,227.75560882783375,220.00000092481005,227.7582813857146,109.9971668699725,75.92030602090655,1200.077446912504,1901.914644357262,0,59.946813980255264,59.99997858887697,-0.0531860197447358,-2.1411123029224655e-05,-0.020328873909978538,-1.413356539544154e-05
encodec_ft_encodec_ft_53tet,3.0kbps,24000,20260826,60.0,226.4,234.38397875768788,226.4Hz_+49.6c,0,226.36558045469678,234.3738218754545,226.40000342912234,234.38398220343365,75.45297637385568,77.2204789545877,1902.0058707173312,1922.1072370784802,0,60.18819560078485,59.99999922957548,0.18819560078485154,-7.704245206241467e-07,-0.07502356369885627,2.545136548972534e-05
encodec_ft_encodec_ft_53tet,3.0kbps,24000,20260826,60.0,226.4,234.38397875768788,226.4Hz_+49.6c,1,226.37911887665476,234.40367857576194,226.40000345384126,234.38398246695297,75.45926316987074,77.29293742333287,1901.9651672281536,1920.7040524658107,0,60.30518396202387,60.000000986991914,0.3051839620238681,9.869919139759986e-07,0.1455029598019051,2.73978026414255e-05
encodec_ft_encodec_ft_53tet,3.0kbps,24000,20260826,60.0,226.4,234.38397875768788,226.4Hz_+49.6c,2,226.35792899554622,234.3940167671403,226.40000344660754,234.38398213441846,75.44456866305613,77.79437154408906,1902.140273533187,1909.4376707232332,0,60.39588049671673,59.99999858610179,0.3958804967167282,-1.4138982109557219e-06,0.07414231861339898,2.494159783073945e-05
encodec_ft_encodec_ft_53tet,3.0kbps,24000,20260826,60.0,226.4,234.38397875768788,226.4Hz_+49.6c,3,226.4074823056925,234.39928122075054,226.40000344815775,234.38398230787556,75.46477476628961,77.42057022396199,1902.0556170250632,1917.815168579427,0,60.05581043164732,59.99999985545655,0.055810431647323355,-1.4454344920977746e-07,0.11302513276284479,2.622280644808915e-05
encodec_ft_encodec_ft_53tet,3.0kbps,24000,20260826,60.0,226.4,234.38397875768788,226.4Hz_+49.6c,4,226.35794465876472,234.3920126808806,226.40000362150766,234.38398250908915,75.44842587851839,77.5655112661649,1902.0518836831206,1914.523425780437,0,60.38095845802537,60.00000001611267,0.38095845802536843,1.6112672085455415e-08,0.05934007557657526,2.770903346050615e-05
encodec_ft_encodec_ft_53tet,3.0kbps,24000,20260826,65.0,220.0,228.41702576488072,220Hz_ongrid,0,220.01053648938588,228.3900719855632,220.0000009292704,228.4170293650014,110.00149917661118,76.12917515820341,1200.0593176207578,1901.974303941951,0,64.71278576750636,65.00001997362504,-0.2872142324936391,1.9973625043689935e-05,-0.20430199438448784,2.7286282268857714e-05
encodec_ft_encodec_ft_53tet,3.0kbps,24000,20260826,65.0,220.0,228.41702576488072,220Hz_ongrid,1,220.0303214135815,228.40549542888584,220.0000009379455,228.41702934350033,73.34917370796136,76.13596203135853,1901.8196760603332,1901.936880551299,0,64.67401606637247,65.0000197423965,-0.3259839336275263,1.9742396503374948e-05,-0.08739372228663193,2.7123319992920593e-05
encodec_ft_encodec_ft_53tet,3.0kbps,24000,20260826,65.0,220.0,228.41702576488072,220Hz_ongrid,2,219.9956962815118,228.36146947019455,220.00000093533146,228.41702940554399,109.99261331240798,76.12008686000398,1200.082391872982,1901.964165622429,0,64.6127400394055,65.00002023321255,-0.3872599605945055,2.023321255251176e-05,-0.42112730996871806,2.759356556960922e-05
encodec_ft_encodec_ft_53tet,3.0kbps,24000,20260826,65.0,220.0,228.41702576488072,220Hz_ongrid,3,220.0021437255573,228.4501182490523,220.0000009531136,228.41702930969524,73.33191915383597,76.15063083767579,1902.005256185877,1901.9415552418911,0,65.2339292465903,65.00001936681687,0.2339292465902929,1.936681687197961e-05,0.2507986674764997,2.6867101872505906e-05
encodec_ft_encodec_ft_53tet,3.0kbps,24000,20260826,65.0,220.0,228.41702576488072,220Hz_ongrid,4,219.96033835563506,228.46335227596697,220.00000094961098,228.4170293221685,109.97520445724794,76.1554814105494,1200.0781530649022,1901.9315710125104,0,65.66322084124191,65.00001948891804,0.6632208412419089,1.9488918042043224e-05,0.3510854809995029,2.696164011264617e-05
encodec_ft_encodec_ft_53tet,3.0kbps,24000,20260826,65.0,226.4,235.0618846962227,226.4Hz_+49.6c,0,226.37287610446594,235.0728576398166,226.4000034609614,235.0618888640238,75.45434299341741,78.35785010906416,1902.03031045111,1901.9498994588887,0,65.28823724949187,65.00000423065575,0.28823724949187124,4.230655747505807e-06,0.08081399590814366,3.069591289521464e-05
encodec_ft_encodec_ft_53tet,3.0kbps,24000,20260826,65.0,226.4,235.0618846962227,226.4Hz_+49.6c,1,226.36207201204573,235.12179658007483,226.40000341642914,235.06188895732146,75.44946351272033,75.93135890804336,1902.0596409627444,1956.7686661356079,0,65.73124742286332,65.00000525832313,0.7312474228633192,5.258323128032316e-06,0.44119563464359873,3.138305132766378e-05
encodec_ft_encodec_ft_53tet,3.0kbps,24000,20260826,65.0,226.4,235.0618846962227,226.4Hz_+49.6c,2,226.39342282110866,235.0719791633279,226.40000347401593,235.06188883510046,75.4631853793198,77.18652777038083,1901.9845697044834,1928.0179362814392,0,65.12463935366004,65.00000391780947,0.12463935366004364,3.917809465292521e-06,0.0743442942779724,3.048289182773903e-05
encodec_ft_encodec_ft_53tet,3.0kbps,24000,20260826,65.0,226.4,235.0618846962227,226.4Hz_+49.6c,3,226.41711697755923,235.05081167072314,226.40000349420535,235.06188898135497,75.47478196951747,78.35060331178819,1901.8997277841856,1901.94764830168,0,64.78756004725582,65.00000484059174,-0.2124399527441767,4.840591742549805e-06,-0.08155490767522194,3.156005844983316e-05
encodec_ft_encodec_ft_53tet,3.0kbps,24000,20260826,65.0,226.4,235.0618846962227,226.4Hz_+49.6c,4,226.40874949384832,235.07106516982725,226.40000347227055,235.0618888279534,75.46750773988693,77.60438109745613,1902.002610713121,1918.6643554831724,0,65.00070871549426,65.00000387851786,0.0007087154942553298,3.878517858879604e-06,0.06761299541872143,3.0430253636902617e-05
encodec_ft_encodec_ft_53tet,3.0kbps,24000,20260826,70.0,220.0,229.07767355765742,220Hz_ongrid,0,219.9971246473892,229.07852050739348,220.00000095591122,229.07767784860815,73.33295075663484,76.35935013947135,1901.94140565507,1901.9585535113558,0,70.02902773908956,70.00002490617615,0.029027739089556803,2.490617615080737e-05,0.006400735120082601,3.242847634979993e-05
encodec_ft_encodec_ft_53tet,3.0kbps,24000,20260826,70.0,220.0,229.07767355765742,220Hz_ongrid,1,219.99604381107662,229.03130653176777,220.0000009315588,229.07767777391132,109.99163445202976,76.33533984457853,1200.1005336085982,1902.1461543349642,0,69.68068237934138,70.00002453329705,-0.319317620658623,2.4533297050766123e-05,-0.35045012316742674,3.1863961622378544e-05
encodec_ft_encodec_ft_53tet,3.0kbps,24000,20260826,70.0,220.0,229.07767355765742,220Hz_ongrid,2,219.96138680210146,229.15519203944865,220.00000094018742,229.07767778349086,73.31389768256575,76.38541268737912,1902.1100100015497,1901.9470983345936,0,70.8896233092149,70.00002453779253,0.8896233092148975,2.4537792526757585e-05,0.5857398997962816,3.1936358163071345e-05
encodec_ft_encodec_ft_53tet,3.0kbps,24000,20260826,70.0,220.0,229.07767355765742,220Hz_ongrid,3,220.01664589464232,229.08379980266488,220.00000095643358,229.07767776689406,110.00547579139483,76.36245433974214,1200.0448071285641,1901.9280731041652,0,69.91531225104079,70.00002428451863,-0.08468774895921172,2.4284518630679486e-05,0.046297930171806265,3.181092941013139e-05
encodec_ft_encodec_ft_53tet,3.0kbps,24000,20260826,70.0,220.0,229.07767355765742,220Hz_ongrid,4,219.98547621475112,229.06818998196076,220.00000092688433,229.077677727147,109.98819374751446,76.35626318080644,1200.0715275679352,1901.9504695591331,0,70.04262224751426,70.00002421666444,0.04262224751425947,2.4216664442633373e-05,-0.07167275953762155,3.1510544753047394e-05
encodec_ft_encodec_ft_53tet,3.0kbps,24000,20260826,70.0,226.4,235.7417513338802,226.4Hz_+49.6c,0,226.376698505688,235.73944985026876,226.4000033701111,235.74175488951525,75.45460799002855,117.87055274000957,1902.0534627140635,1199.9878413539473,0,70.16128922825231,70.00000034123518,0.16128922825231484,3.4123517878015264e-07,-0.01690165708206776,2.611177850616041e-05
encodec_ft_encodec_ft_53tet,3.0kbps,24000,20260826,70.0,226.4,235.7417513338802,226.4Hz_+49.6c,1,226.4027825003117,235.7450644873224,226.40000351901077,235.74175486531226,75.46704361825802,64.29814431455218,1901.967630548601,2249.2542732801912,0,70.00305380323984,69.99999902488932,0.0030538032398368387,-9.751106802013965e-07,0.024330877795782063,2.5934037542501483e-05
encodec_ft_encodec_ft_53tet,3.0kbps,24000,20260826,70.0,226.4,235.7417513338802,226.4Hz_+49.6c,2,226.41359695491096,235.7225748982974,226.40000344102572,235.7417548836449,75.46918877043063,76.65668584630927,1902.001113796578,1944.7276788432198,0,69.75519688614024,69.9999997558553,-0.24480311385975995,-2.44144700900506e-07,-0.14083312942995485,2.60686679461553e-05
encodec_ft_encodec_ft_53tet,3.0kbps,24000,20260826,70.0,226.4,235.7417513338802,226.4Hz_+49.6c,3,226.34733600009187,235.7350775453518,226.40000364097182,235.74175487086293,75.44462409355553,76.0131475232064,1902.0579821647063,1959.4146831881499,0,70.35374609210935,69.99999813304105,0.35374609210934693,-1.8669589536557396e-06,-0.04901148573876412,2.5974800119054937e-05
encodec_ft_encodec_ft_53tet,3.0kbps,24000,20260826,70.0,226.4,235.7417513338802,226.4Hz_+49.6c,4,226.39789058795841,235.7324465374018,226.4000035687083,235.74175488339728,75.4548962830683,117.8680695046999,1902.2089086896285,1199.9728824636709,0,69.94779664615601,69.99999877767436,-0.05220335384399277,-1.2223256362631219e-06,-0.06833366728370115,2.6066849681299113e-05
encodec_ft_encodec_ft_53tet,3.0kbps,24000,20260826,75.0,220.0,229.74023213403103,220Hz_ongrid,0,219.99404580317668,229.7821779839878,220.00000095745582,229.74023345675877,109.99296455752905,76.59382877294975,1200.0638751199565,1901.960212044301,0,75.362914615772,75.00000243311243,0.3629146157719987,2.4331124279797223e-06,0.3160589440905463,9.967567763548883e-06
encodec_ft_encodec_ft_53tet,3.0kbps,24000,20260826,75.0,220.0,229.74023213403103,220Hz_ongrid,1,219.99157242029142,229.733022739739,220.00000095819857,229.74023349639253,109.99191652793229,76.57931787715688,1200.060906364531,1901.9178427940515,0,75.0119918898283,75.00000272593228,0.011991889828294688,2.7259322763484306e-06,-0.05432807563952406,1.0266232568759616e-05
encodec_ft_encodec_ft_53tet,3.0kbps,24000,20260826,75.0,220.0,229.74023213403103,220Hz_ongrid,2,220.0025637500953,229.8216939865404,220.00000096002327,229.74023342354647,73.33384501825459,76.59486809975198,1901.9630958462699,1902.234417965958,0,75.59358172759832,75.00000216263335,0.5935817275983197,2.1626333506219453e-06,0.6137563894025626,9.71729263741172e-06
encodec_ft_encodec_ft_53tet,3.0kbps,24000,20260826,75.0,220.0,229.74023213403103,220Hz_ongrid,3,220.01322069524107,229.72885139123568,220.00000094884498,229.74023344011,73.34688943833812,76.5763323371393,1901.73903525224,1901.953903473674,0,74.81020320118284,75.00000237541433,-0.18979679881715583,2.375414325683778e-06,-0.08576302581174136,9.8421086405342e-06
encodec_ft_encodec_ft_53tet,3.0kbps,24000,20260826,75.0,220.0,229.74023213403103,220Hz_ongrid,4,220.0086093194317,229.7543223900013,220.0000009242856,229.7402334879652,73.33683886981173,76.5852319881588,1901.939992584152,1901.9446508020367,0,75.0384279709238,75.00000292929691,0.03842797092380579,2.929296911702295e-06,0.10617549506637881,1.0202727457712229e-05
encodec_ft_encodec_ft_53tet,3.0kbps,24000,20260826,75.0,226.4,236.42358434156648,226.4Hz_+49.6c,0,226.35006295949142,236.45507559518504,226.40000356868325,236.4235814292186,75.44471418432181,78.8175922623475,1902.0767720671593,1901.9718319453054,0,75.61248268204764,74.9999513850733,0.6124826820476414,-4.861492669760992e-05,0.23058232570736195,-2.1325942862750457e-05
encodec_ft_encodec_ft_53tet,3.0kbps,24000,20260826,75.0,226.4,236.42358434156648,226.4Hz_+49.6c,1,226.39410472399493,236.45356584189034,226.40000351586147,236.42358139059345,75.46202155591196,75.5949361751355,1902.0164842080535,1974.2344758591148,0,75.26460899671902,74.99995150615428,0.2646089967190193,-4.8493845724806306e-05,0.2195284515321596,-2.1608779158447164e-05
encodec_ft_encodec_ft_53tet,3.0kbps,24000,20260826,75.0,226.4,236.42358434156648,226.4Hz_+49.6c,2,226.3647053156349,236.4135699871237,226.40000343573277,236.42358144142395,75.45239362813828,75.18592427989614,1902.0125485648748,1983.3340145246862,0,75.19657959232599,74.99995249109288,0.19657959232598898,-4.7508907115911825e-05,-0.07333261032743174,-2.123656803101774e-05
encodec_ft_encodec_ft_53tet,3.0kbps,24000,20260826,75.0,226.4,236.42358434156648,226.4Hz_+49.6c,3,226.3980248116973,236.41795118492874,226.40000344285397,236.42358134696872,75.4646231303866,75.84769509779935,1901.9867770769981,1968.194806198006,0,74.97385410947572,74.99995174498147,-0.026145890524276183,-4.825501852678826e-05,-0.04124981349024512,-2.192822543004107e-05
encodec_ft_encodec_ft_53tet,3.0kbps,24000,20260826,75.0,226.4,236.42358434156648,226.4Hz_+49.6c,4,226.34245346609472,236.4192446851601,226.40000337832603,236.42358141412458,75.44332193263976,75.59738356648874,1902.0505183982623,1973.9271216552852,0,75.4083245607654,74.99995273016819,0.4083245607653936,-4.726983181058131e-05,-0.031777835978432985,-2.1436470112159853e-05
encodec_ft_encodec_ft_53tet,3.0kbps,24000,20260826,80.0,220.0,230.40470702053787,220Hz_ongrid,0,220.02075328747452,230.428193761374,220.00000093452735,230.4047061618265,110.00433439175266,76.80986004868066,1200.095089572167,1901.9445848260875,0,80.0131626170858,79.99998619371767,0.013162617085797024,-1.3806282325390384e-05,0.17646763242516222,-6.4522569133423994e-06
encodec_ft_encodec_ft_53tet,3.0kbps,24000,20260826,80.0,220.0,230.40470702053787,220Hz_ongrid,1,220.03424950527952,230.3939285329807,220.00000093508007,230.4047060996852,110.01307397279608,76.79949308338715,1200.0637444135587,1901.9208060462104,0,79.64951301505253,79.99998572244593,-0.3504869849474659,-1.427755407235054e-05,-0.08099019059539307,-6.9191794568159525e-06
encodec_ft_encodec_ft_53tet,3.0kbps,24000,20260826,80.0,220.0,230.40470702053787,220Hz_ongrid,2,220.01612083921793,230.45693455952463,220.0000009453449,230.40470623668477,73.34522434151148,76.80512846632475,1901.8011580248497,1902.2671537916308,0,80.26553295826544,79.99998667106816,0.2655329582654389,-1.3328931842693237e-05,0.39238715493832715,-5.889780513718305e-06
encodec_ft_encodec_ft_53tet,3.0kbps,24000,20260826,80.0,220.0,230.40470702053787,220Hz_ongrid,3,220.01600177538663,230.39022555829425,220.00000094475394,230.4047062307119,110.0009112180924,76.79577703528919,1200.11157618386,1901.9767509464061,0,79.76526724243674,79.99998663083892,-0.23473275756326473,-1.3369161081300263e-05,-0.10881543503259761,-5.934660134778837e-06
encodec_ft_encodec_ft_53tet,3.0kbps,24000,20260826,80.0,220.0,230.40470702053787,220Hz_ongrid,4,220.0095360073366,230.49084880715546,220.0000009549658,230.40470620727982,109.99851514438251,76.82895656513953,1200.0984091032424,1901.9848885300078,0,80.57209879619516,79.99998637441361,0.5720987961951636,-1.362558639073086e-05,0.6471383544086359,-6.110726030003128e-06
encodec_ft_encodec_ft_53tet,3.0kbps,24000,20260826,80.0,226.4,237.1073894065899,226.4Hz_+49.6c,0,226.39987369085884,237.0773119845823,226.4000034944012,237.10738414152533,75.46605597259662,75.41557821207816,1901.968044616224,1982.907762809025,0,79.78134233794269,79.99993483628985,-0.21865766205731063,-6.516371014697597e-05,-0.2196235222466714,-3.8442746069535363e-05
encodec_ft_encodec_ft_53tet,3.0kbps,24000,20260826,80.0,226.4,237.1073894065899,226.4Hz_+49.6c,1,226.39740390963638,237.0919457758589,226.40000343349777,237.10738409404496,75.46308724170801,79.02856501478908,1902.0172643025994,1902.0006440094708,0,79.90708690033075,79.9999349553288,-0.09291309966924644,-6.504467120294066e-05,-0.11276498041426308,-3.8789422879635454e-05
encodec_ft_encodec_ft_53tet,3.0kbps,24000,20260826,80.0,226.4,237.1073894065899,226.4Hz_+49.6c,2,226.36713232240123,237.13188584100095,226.40000352791168,237.10738434597982,75.45175132105007,79.04238117933551,1902.04584779768,1901.989623448856,0,80.43020149216864,79.99993607286206,0.430201492168635,-6.392713794411975e-05,0.1788509032649963,-3.69499263497188e-05
encodec_ft_encodec_ft_53tet,3.0kbps,24000,20260826,80.0,226.4,237.1073894065899,226.4Hz_+49.6c,3,226.40005494459285,237.13902423300735,226.40000347025642,237.1073842364891,75.4633781028611,74.50067552052474,1902.030863564088,2004.4892208130314,0,80.23054538672922,79.99993571429576,0.23054538672921865,-6.428570424077407e-05,0.23096553663352526,-3.774937015369449e-05
encodec_ft_encodec_ft_53tet,3.0kbps,24000,20260826,80.0,226.4,237.1073894065899,226.4Hz_+49.6c,4,226.4109590805121,237.14363481406673,226.40000358002618,237.10738441235057,75.46687737950981,75.03171532478818,1902.033966836811,1992.2264397837685,0,80.18082497069071,79.99993615895737,0.1808249706907077,-6.384104263190693e-05,0.2646247681655499,-3.646532184450017e-05
encodec_ft_encodec_ft_53tet,3.0kbps,24000,20260826,85.0,220.0,231.07110375969845,220Hz_ongrid,0,220.0274614767725,231.08303848011641,220.00000095571755,231.0711005589424,110.01069425833224,77.02676183367798,1200.0477843099393,1901.9756258300988,0,84.87332754352302,84.9999684984759,-0.12667245647698167,-3.1501524105692624e-05,0.08941516463797135,-2.3980748015519182e-05
encodec_ft_encodec_ft_53tet,3.0kbps,24000,20260826,85.0,220.0,231.07110375969845,220Hz_ongrid,1,220.0049547528984,231.10727342389706,220.00000093427093,231.0711008498081,73.33533571145655,77.03472150500237,1901.9467196233572,1901.9782899858376,0,85.23197991161922,84.99997084647255,0.23197991161922005,-2.9153527449921057e-05,0.27096964039438937,-2.1801520043661312e-05
encodec_ft_encodec_ft_53tet,3.0kbps,24000,20260826,85.0,220.0,231.07110375969845,220Hz_ongrid,2,219.99019329358538,231.10695359980505,220.00000094914702,231.07110061799693,73.32532524537405,77.03681079721463,1902.066890921106,1901.9289412533365,0,85.34574692547582,84.99996899263007,0.3457469254758223,-3.100736992678321e-05,0.2685738233668101,-2.3538298813374866e-05
encodec_ft_encodec_ft_53tet,3.0kbps,24000,20260826,85.0,220.0,231.07110375969845,220Hz_ongrid,3,219.99797361827856,231.14245153847824,220.0000009269118,231.07110048781303,109.9869749231032,77.02910066790815,1200.1890610287683,1902.3681146992644,0,85.55041645237259,84.99996819223873,0.5504164523725876,-3.180776127464924e-05,0.5344702833313738,-2.451366435405854e-05
encodec_ft_encodec_ft_53tet,3.0kbps,24000,20260826,85.0,220.0,231.07110375969845,220Hz_ongrid,4,220.01147995652667,231.0784087212968,220.00000092917986,231.07110065488703,73.34312755890878,77.02564191588603,1901.8141330441028,1901.966111304955,0,84.9643932256533,84.99996942614503,-0.035606774346703673,-3.057385497129417e-05,0.05472946700458699,-2.3261910246179368e-05
encodec_ft_encodec_ft_53tet,3.0kbps,24000,20260826,85.0,226.4,237.79317223270786,226.4Hz_+49.6c,0,226.43496845379624,237.79671740756865,226.4000034239572,237.7931718184223,75.47613738766533,75.63722701782254,1902.0051284506837,1983.0725065474824,0,84.75843427065506,84.9999708015337,-0.24156572934494136,-2.9198466293678393e-05,0.02581016780511386,-3.016172580697432e-06
encodec_ft_encodec_ft_53tet,3.0kbps,24000,20260826,85.0,226.4,237.79317223270786,226.4Hz_+49.6c,1,226.29225175542948,237.84972517879098,226.40000354824224,237.79317172459272,75.42496954537665,79.28234245000219,1902.0876883482222,1901.9746376319843,0,86.23580492060974,84.99996916803306,1.2358049206097377,-3.08319669386492e-05,0.4116802198805789,-3.6992914312828097e-06
encodec_ft_encodec_ft_53tet,3.0kbps,24000,20260826,85.0,226.4,237.79317223270786,226.4Hz_+49.6c,2,226.36173196552207,237.78529905344428,226.40000350267812,237.79317188511334,75.45138024994485,79.26101675878277,1902.0130601112205,1901.9713735255227,0,85.23533149460152,84.9999706851098,0.23533149460152458,-2.9314890198861576e-05,-0.05732099680588721,-2.5306339658076068e-06
encodec_ft_encodec_ft_53tet,3.0kbps,24000,20260826,85.0,226.4,237.79317223270786,226.4Hz_+49.6c,3,226.39939417773002,237.78343209399412,226.4000034627482,237.7931717980649,75.46684402837884,74.99005164780617,1901.9462995210074,1997.852489435706,0,84.93371885578902,84.99997035669638,-0.06628114421097564,-2.9643303619764083e-05,-0.07091374820707534,-3.164383080409852e-06
encodec_ft_encodec_ft_53tet,3.0kbps,24000,20260826,85.0,226.4,237.79317223270786,226.4Hz_+49.6c,4,226.338448833583,237.7766366226198,226.40000358249364,237.79317196112103,75.44043496435344,75.13413804041772,1902.086137655605,1994.479799605359,0,85.35034268715825,84.99997062814515,0.35034268715824624,-2.937185485052396e-05,-0.12039036408550224,-1.9772659981833807e-06
encodec_ft_encodec_ft_53tet,3.0kbps,24000,20260826,90.0,220.0,231.73942791006388,220Hz_ongrid,0,220.01634580266384,231.74925577559733,220.0000009443904,231.73942456444067,110.00556958306242,115.87379061337668,1200.0409697428715,1200.012509409964,0,89.94479419949583,89.99996757452575,-0.05520580050416868,-3.242547424520126e-05,0.07341855817673425,-2.4993834288489895e-05
encodec_ft_encodec_ft_53tet,3.0kbps,24000,20260826,90.0,220.0,231.73942791006388,220Hz_ongrid,1,219.98831039867912,231.73000462989995,220.0000009278822,231.73942437661685,109.99019204010928,115.864475372978,1200.0623785854602,1200.0078734901824,0,90.02159174036571,89.99996630127481,0.021591740365707324,-3.369872518987904e-05,-0.07039904826756056,-2.639699220304715e-05
encodec_ft_encodec_ft_53tet,3.0kbps,24000,20260826,90.0,220.0,231.73942791006388,220Hz_ongrid,2,219.9998822905764,231.74240916257577,220.00000093005735,231.73942454824922,109.99767738484107,77.24748196495169,1200.035628559903,1901.9547264565394,0,90.02319790540325,89.99996756635589,0.02319790540325073,-3.243364410820959e-05,0.022271620782998602,-2.5114794265516808e-05
encodec_ft_encodec_ft_53tet,3.0kbps,24000,20260826,90.0,220.0,231.73942791006388,220Hz_ongrid,3,220.0157095585014,231.7492020389492,220.00000092910128,231.7394244780503,110.00060345574971,77.25033438538813,1200.1141205047386,1901.9415460473986,0,89.94939916802065,89.99996704945079,-0.05060083197935228,-3.2950549211818725e-05,0.07301712980772644,-2.5639222805415024e-05
encodec_ft_encodec_ft_53tet,3.0kbps,24000,20260826,90.0,220.0,231.73942791006388,220Hz_ongrid,4,220.00862883270696,231.70825120949513,220.00000094770206,231.73942458430653,109.99799068542582,77.23588828439081,1200.0995249417688,1901.9593818976116,0,89.69917440046378,89.99996769687552,-0.3008255995362248,-3.230312448465611e-05,-0.23292452665260668,-2.484542427750314e-05
encodec_ft_encodec_ft_53tet,3.0kbps,24000,20260826,90.0,226.4,238.48093854017483,226.4Hz_+49.6c,0,226.38654871180412,238.48237785702932,226.4000034754362,238.48094350639678,75.45933387082626,119.24185896104319,1902.020363886251,1199.990271986729,0,90.11331085751443,90.00000947596368,0.11331085751443482,9.475963679506094e-06,0.010448578581364656,3.605190646547029e-05
encodec_ft_encodec_ft_53tet,3.0kbps,24000,20260826,90.0,226.4,238.48093854017483,226.4Hz_+49.6c,1,226.41265237142863,238.46863399978145,226.40000346569337,238.4809433423849,75.47349991344252,75.10368200153876,1901.8949980490238,2000.2127713779325,0,89.81392646173246,90.00000835983339,-0.1860735382675358,8.35983338731694e-06,-0.08932616996990875,3.486127473796849e-05
encodec_ft_encodec_ft_53tet,3.0kbps,24000,20260826,90.0,226.4,238.48093854017483,226.4Hz_+49.6c,2,226.29106685923222,238.49792015824227,226.40000336773585,238.48094356852837,75.42788460409042,75.27114222385613,1902.0117151214918,1996.56949895503,0,90.95646205783764,90.00001075056524,0.9564620578376406,1.0750565238026866e-05,0.12327236263338921,3.650294570432955e-05
encodec_ft_encodec_ft_53tet,3.0kbps,24000,20260826,90.0,226.4,238.48093854017483,226.4Hz_+49.6c,3,226.36097698710924,238.48760244532738,226.4000035132692,238.48094299824504,75.45208755775772,59.623122423500085,1901.9910568399175,2399.9645227486485,0,90.3468020725925,90.0000054977739,0.34680207259249585,5.497773898355263e-06,0.04837543154009025,3.2363017661982935e-05
encodec_ft_encodec_ft_53tet,3.0kbps,24000,20260826,90.0,226.4,238.48093854017483,226.4Hz_+49.6c,4,226.3954645479173,238.50549160767096,226.40000354435878,238.4809430889391,75.46350300845862,59.6320136729436,1901.9928958968403,2399.836229632973,0,90.21291394492921,90.00000591842483,0.21291394492921256,5.918424832884739e-06,0.17823193201845247,3.302140444448788e-05
encodec_ft_encodec_ft_53tet,3.0kbps,24000,20260826,95.0,220.0,232.40968504626224,220Hz_ongrid,0,220.01506841702832,232.37025030050665,220.00000092962753,232.4096817337059,110.00502623180037,77.45230449036117,1200.0394695164011,1902.0543674400585,0,94.58765021229364,94.99996800909616,-0.4123497877063613,-3.199090383532166e-05,-0.29377677279144737,-2.4675436305634373e-05
encodec_ft_encodec_ft_53tet,3.0kbps,24000,20260826,95.0,220.0,232.40968504626224,220Hz_ongrid,1,220.0058751614662,232.44918496652997,220.00000095230604,232.40968159074617,109.99720215637778,116.22363687475571,1200.0902668693202,1200.0142344124831,0,95.24797986451799,94.99996676571767,0.24797986451798693,-3.323428232704373e-05,0.2942123361683544,-2.5740351970420204e-05
encodec_ft_encodec_ft_53tet,3.0kbps,24000,20260826,95.0,220.0,232.40968504626224,220Hz_ongrid,2,220.00046913284726,232.4055893176716,220.00000094177747,232.40968177421107,109.99073123318243,77.46597728897055,1200.1495742703546,1902.0120436324135,0,94.96579867910145,94.99996821521098,-0.03420132089854633,-3.178478901588733e-05,-0.03050960320418832,-2.4373710812585284e-05
encodec_ft_encodec_ft_53tet,3.0kbps,24000,20260826,95.0,220.0,232.40968504626224,220Hz_ongrid,3,220.02201958742262,232.41180614959384,220.00000094315791,232.4096816840295,73.34617672291559,77.46119060114633,1901.8250929216397,1902.165331104435,0,94.8425312850385,94.99996753258004,-0.15746871496149595,-3.2467419956105914e-05,0.015800157173557008,-2.504547877809722e-05
encodec_ft_encodec_ft_53tet,3.0kbps,24000,20260826,95.0,220.0,232.40968504626224,220Hz_ongrid,4,220.02181883171164,232.41759188929854,220.00000094595023,232.40968194852,73.3461286441173,116.2054021337602,1901.82464811626,1200.0505604306127,0,94.88720832507171,94.99996948081233,-0.1127916749282889,-3.051918767482675e-05,0.05889755857988445,-2.307527284940169e-05
encodec_ft_encodec_ft_53tet,3.0kbps,24000,20260826,95.0,226.4,239.17069406578986,226.4Hz_+49.6c,0,226.34991176170095,239.1407533500378,226.40000351033595,239.17069091574822,75.44289786574349,59.78951548999221,1902.1172952984887,2399.8747006937565,0,95.16631773058047,94.99995035564936,0.16631773058047372,-4.964435063925521e-05,-0.21673905950249592,-2.280153671946021e-05
encodec_ft_encodec_ft_53tet,3.0kbps,24000,20260826,95.0,226.4,239.17069406578986,226.4Hz_+49.6c,1,226.29367057767234,239.14558318628238,226.400003599795,239.17069115184734,75.42544881363212,59.78824188944711,1902.0875422814959,2399.9465435328484,0,95.63149580133587,94.99995138057483,0.6314958013358734,-4.8619425172091724e-05,-0.18177432679084687,-2.1092536271546237e-05
encodec_ft_encodec_ft_53tet,3.0kbps,24000,20260826,95.0,226.4,239.17069406578986,226.4Hz_+49.6c,2,226.41034584986124,239.16292019368015,226.40000347851404,239.1706908987631,75.46816472319543,59.792650520465266,1901.9997459896258,2399.9443938350055,0,94.86461724042596,94.99995047603826,-0.13538275957404267,-4.952396173507623e-05,-0.056271989629734905,-2.2924483333340866e-05
encodec_ft_encodec_ft_53tet,3.0kbps,24000,20260826,95.0,226.4,239.17069406578986,226.4Hz_+49.6c,3,226.34813869460731,239.1608231199843,226.40000352418681,239.17069134010111,75.45061932568976,59.791969690914215,1901.9265539977764,2399.9489264578237,0,95.32516593033898,94.9999533214075,0.3251659303389829,-4.667859249707362e-05,-0.07145219105798846,-1.9729863586246998e-05
encodec_ft_encodec_ft_53tet,3.0kbps,24000,20260826,95.0,226.4,239.17069406578986,226.4Hz_+49.6c,4,226.37357190374095,239.1858796279872,226.4000034281153,239.17069103521533,75.4554306392533,59.797961524232036,1902.0106768091928,2399.9568150704836,0,95.31201900167292,94.9999518491346,0.3120190016729225,-4.815086539622371e-05,0.10991701080249858,-2.193677569583072e-05
encodec_ft_encodec_ft_53tet,3.0kbps,24000,20260826,100.0,220.0,233.08188075904496,220Hz_ongrid,0,219.99587163480044,233.07675361434605,220.0000009576205,233.08187690361774,73.33058646846116,116.53805925418668,1901.9873619186633,1200.0047174098902,0,99.99440473441018,99.99996382775926,-0.005595265589818155,-3.6172240740484085e-05,-0.03808269041097562,-2.8636489896408032e-05
encodec_ft_encodec_ft_53tet,3.0kbps,24000,20260826,100.0,220.0,233.08188075904496,220Hz_ongrid,1,220.0224602416037,233.08774040276882,220.00000094549208,233.0818764198371,73.34591547068625,116.54264854180481,1901.8347266920716,1200.0181475846134,0,99.8667862811142,99.99996032988163,-0.13321371888579847,-3.967011836891743e-05,0.04352241875130245,-3.222980883473234e-05
encodec_ft_encodec_ft_53tet,3.0kbps,24000,20260826,100.0,220.0,233.08188075904496,220Hz_ongrid,2,220.00520568159138,233.10794543134259,220.00000094545126,233.08187639689325,109.99776395852754,116.55422820975909,1200.0761565797845,1199.9962050235695,0,100.15262228228649,99.99996015978564,0.15262228228648667,-3.984021435599061e-05,0.1935865849975431,-3.2400226194639463e-05
encodec_ft_encodec_ft_53tet,3.0kbps,24000,20260826,100.0,220.0,233.08188075904496,220Hz_ongrid,3,220.0073936373125,233.1124007936061,220.00000094183653,233.08187696443275,109.99484897282079,116.55564556321583,1200.1392526657337,1200.008241080961,0,100.16849375232377,99.99996440367518,0.16849375232376929,-3.5596324821085545e-05,0.22667512312865393,-2.8184781573024988e-05
encodec_ft_encodec_ft_53tet,3.0kbps,24000,20260826,100.0,220.0,233.08188075904496,220Hz_ongrid,4,220.03077132149727,233.13469663122416,220.00000095173314,233.08187675675453,110.01170532182171,116.56694349416534,1200.057915850585,1200.0060123344956,0,100.1501194598707,99.99996278324991,0.15011945987069453,-3.7216750087054606e-05,0.3922496156218195,-2.9727328139823888e-05
encodec_ft_encodec_ft_53tet,3.0kbps,24000,20260826,100.0,226.4,239.86244456294446,226.4Hz_+49.6c,0,226.42592805907861,239.77494279403342,226.4000034695753,239.86244216828752,75.47787403769358,119.8890491227549,1901.8961737598972,1199.9772170143085,0,99.17007580114381,99.99995618516965,-0.8299241988561903,-4.38148303487651e-05,-0.6316690373438409,-1.7283704721867644e-05
encodec_ft_encodec_ft_53tet,3.0kbps,24000,20260826,100.0,226.4,239.86244456294446,226.4Hz_+49.6c,1,226.36191347623966,239.93068449681175,226.40000330975462,239.86244225425116,75.45003108439305,119.96553551636843,1902.0454052387217,1199.9972109294101,0,100.7837235972349,99.99995802773753,0.7837235972348964,-4.1972262465606036e-05,0.49245931489359657,-1.6663252384956738e-05
encodec_ft_encodec_ft_53tet,3.0kbps,24000,20260826,100.0,226.4,239.86244456294446,226.4Hz_+49.6c,2,226.4014559570032,239.7730246385821,226.4000034807282,239.86244216885606,75.46816319503166,119.88835653557048,1901.931803642398,1199.9733686017044,0,99.34334798646049,99.99995610398949,-0.6566520135395137,-4.389601051002501e-05,-0.6455186467855858,-1.7279601132475295e-05
encodec_ft_encodec_ft_53tet,3.0kbps,24000,20260826,100.0,226.4,239.86244456294446,226.4Hz_+49.6c,3,226.3776875860585,239.80788361726368,226.40000340069605,239.86244209553,75.45695206157747,59.95262313931263,1902.0072451177089,2399.981165501734,0,99.77678230066391,99.99995618673964,-0.22321769933608948,-4.381326036195787e-05,-0.39384452933579406,-1.7808840191561784e-05
encodec_ft_encodec_ft_53tet,3.0kbps,24000,20260826,100.0,226.4,239.86244456294446,226.4Hz_+49.6c,4,226.40390292972086,239.8103298651348,226.4000034094282,239.86244223808816,75.46765758919793,59.95318642072501,1901.962113515093,2399.982559863423,0,99.59397082519958,99.99995714889613,-0.4060291748004232,-4.285110387058921e-05,-0.37618453441503624,-1.6779910608044985e-05
encodec_ft_encodec_ft_53tet,3.0kbps,24000,20260826,105.0,220.0,233.7560206553336,220Hz_ongrid,0,220.00064602021465,233.72577508215326,220.00000095073102,233.7560172973508,109.99561115866118,77.90678289397619,1200.0741588037959,1901.9951953107181,0,104.77089832536103,104.99996764871227,-0.2291016746389687,-3.235128772871576e-05,-0.22401799032116174,-2.486975173940771e-05
encodec_ft_encodec_ft_53tet,3.0kbps,24000,20260826,105.0,220.0,233.7560206553336,220Hz_ongrid,1,220.01166787209934,233.7610011753677,220.00000092977396,233.7560176668409,73.33963486226757,77.92027412385879,1901.898057336082,1901.9563250868293,0,104.94507120853916,104.99997055013085,-0.05492879146083851,-2.9449869145992125e-05,0.03688612590678007,-2.2133249598102535e-05
encodec_ft_encodec_ft_53tet,3.0kbps,24000,20260826,105.0,220.0,233.7560206553336,220Hz_ongrid,2,220.00844520028986,233.7019506803443,220.00000094125687,233.75601741162095,73.3378580650374,77.89714014748002,1901.9146415647938,1902.0330092734396,0,104.53304681449198,104.99996856956953,-0.466953185508018,-3.143043046804905e-05,-0.4004971051564291,-2.4023448986653216e-05
encodec_ft_encodec_ft_53tet,3.0kbps,24000,20260826,105.0,220.0,233.7560206553336,220Hz_ongrid,3,220.0134542445849,233.7468085241562,220.00000092191056,233.75601741099246,73.34322078689377,77.9163114203864,1901.8274677150612,1901.9392567721595,0,104.8259006367667,104.99996871715574,-0.1740993632332959,-3.128284426168193e-05,-0.06822784447671842,-2.4028103629496387e-05
encodec_ft_encodec_ft_53tet,3.0kbps,24000,20260826,105.0,220.0,233.7560206553336,220Hz_ongrid,4,220.02021877210862,233.76940375598323,220.0000009257766,233.75601749375656,110.00766579532196,77.92087236492422,1200.038455324571,1902.0052618034367,0,104.94001534797222,104.99996929969682,-0.05998465202777936,-3.0700303184971744e-05,0.09911452221980002,-2.3415139620064952e-05
encodec_ft_encodec_ft_53tet,3.0kbps,24000,20260826,105.0,226.4,240.55619580167058,226.4Hz_+49.6c,0,226.36750169810125,240.51335571254316,226.40000345425537,240.55620066536446,75.45273786018404,60.12753633139309,1902.0260368362294,2400.0231087721186,0,104.94018677053664,105.00000858903853,-0.05981322946335865,8.589038529294157e-06,-0.3083388708557719,3.5003015978800426e-05
encodec_ft_encodec_ft_53tet,3.0kbps,24000,20260826,105.0,226.4,240.55619580167058,226.4Hz_+49.6c,1,226.35267269990626,240.54091070076947,226.40000341984933,240.55620040232967,75.44941868063852,60.13489530406771,1901.9887815281227,2400.009568664165,0,105.25193266311074,105.00000695912647,0.25193266311073614,6.95912646619945e-06,-0.11000725955191328,3.311000814460167e-05
encodec_ft_encodec_ft_53tet,3.0kbps,24000,20260826,105.0,226.4,240.55619580167058,226.4Hz_+49.6c,2,226.42390309716973,240.5153011898311,226.40000355339146,240.5562006051119,75.47386431344187,120.25714714838881,1901.972664382955,1200.0072476519294,0,104.52289237118464,105.00000739733993,-0.47710762881536084,7.397339928161273e-06,-0.29433522897613124,3.45693905656775e-05
encodec_ft_encodec_ft_53tet,3.0kbps,24000,20260826,105.0,226.4,240.55619580167058,226.4Hz_+49.6c,3,226.39946921559795,240.5694498859871,226.40000342140658,240.5562004685796,75.46496245913497,60.14349366871821,1901.990037672591,2399.9674381143577,0,105.09944312675677,105.00000742400599,0.0994431267567677,7.424005985967597e-06,0.09538432328211952,3.358679524459512e-05
encodec_ft_encodec_ft_53tet,3.0kbps,24000,20260826,105.0,226.4,240.55619580167058,226.4Hz_+49.6c,4,226.3531261848231,240.58606182930626,226.4000033621402,240.55620033003154,75.44488236354542,60.1467252092512,1902.0963417142402,2399.9939625922157,0,105.57339788459396,105.00000688010151,0.5733978845939589,6.8801015089547946e-06,0.21492638902356995,3.2589693014100075e-05
encodec_ft_encodec_ft_53tet,3.0kbps,24000,20260826,110.0,220.0,234.43211035826653,220Hz_ongrid,0,220.01080999781271,234.4021759046612,220.00000095815722,234.43210894978264,109.99869832585719,77.69082363108474,1200.1055509471578,1911.80382075424,0,109.6938615191023,109.99998205865492,-0.306138480897701,-1.7941345078043014e-05,-0.22107404219635357,-1.0401370651084729e-05
encodec_ft_encodec_ft_53tet,3.0kbps,24000,20260826,110.0,220.0,234.43211035826653,220Hz_ongrid,1,219.99393574156045,234.4316316131284,220.00000095953197,234.43210907904864,109.99105564423924,78.14434454419481,1200.0930545920862,1901.944647243118,0,110.0441863569387,109.99998300243983,0.044186356938695326,-1.6997560166487347e-05,-0.0035354402986360373,-9.446767166321518e-06
encodec_ft_encodec_ft_53tet,3.0kbps,24000,20260826,110.0,220.0,234.43211035826653,220Hz_ongrid,2,220.00023430504478,234.41751125957794,220.0000009253581,234.43210880788098,109.99731684447438,77.31985819280737,1200.0440731380613,1920.2033376750649,0,109.89034142836918,109.99998126884361,-0.10965857163081694,-1.8731156387730152e-05,-0.10781476865157279,-1.1449285914727635e-05
encodec_ft_encodec_ft_53tet,3.0kbps,24000,20260826,110.0,220.0,234.43211035826653,220Hz_ongrid,3,220.01480990447348,234.44604776452914,220.0000009405464,234.4321092287647,110.00194310867872,77.77085283137785,1200.0859575252014,1910.345392977507,0,109.9863830322519,109.99998425746492,-0.01361696774810639,-1.5742535083518305e-05,0.10292188649285997,-8.341144289407005e-06
encodec_ft_encodec_ft_53tet,3.0kbps,24000,20260826,110.0,220.0,234.43211035826653,220Hz_ongrid,4,220.02082482456308,234.4282701987198,220.00000095228498,234.4321089212435,110.00359009554882,77.54133263978046,1200.10736613934,1915.3309476522327,0,109.8077730557026,109.99998189410888,-0.19222694429740272,-1.8105891115283157e-05,-0.02835903922355153,-1.061212638851686e-05
encodec_ft_encodec_ft_53tet,3.0kbps,24000,20260826,110.0,226.4,241.25195356868883,226.4Hz_+49.6c,0,226.41000349540187,241.21570450542436,226.40000347229486,241.25194919595447,75.46805345096465,60.30284834880808,1901.9996807719426,2400.0309416315395,0,109.66336269684427,109.99994206915444,-0.33663730315572593,-5.7930845557052635e-05,-0.26014432942026794,-3.13789238970258e-05
encodec_ft_encodec_ft_53tet,3.0kbps,24000,20260826,110.0,226.4,241.25195356868883,226.4Hz_+49.6c,1,226.35684371848066,241.25543797651721,226.40000350981038,241.25194889326505,75.44607869594769,72.4022053097453,1902.0973225524895,2083.74709824989,0,110.35504270492858,109.99993961016925,0.3550427049285787,-6.0389830750295914e-05,0.025004074876867056,-3.355103585323447e-05
encodec_ft_encodec_ft_53tet,3.0kbps,24000,20260826,110.0,226.4,241.25195356868883,226.4Hz_+49.6c,2,226.3688179094262,241.25859647806365,226.40000353239782,241.25194919911232,75.45409776734476,72.39278919366858,1902.0049007825555,2083.9949299468453,0,110.28612856707593,109.99994163222026,0.28612856707593437,-5.836777974366214e-05,0.04766913757299384,-3.135626304973282e-05
encodec_ft_encodec_ft_53tet,3.0kbps,24000,20260826,110.0,226.4,241.25195356868883,226.4Hz_+49.6c,3,226.4258079424988,241.25318133411463,226.4000035002785,241.25194864042203,75.47390919251697,60.31371168850906,1901.9861992983103,2399.9880489794723,0,109.81147371355704,109.99993786864523,-0.18852628644296487,-6.213135476684783e-05,0.008810473322233702,-3.536544781965189e-05
encodec_ft_encodec_ft_53tet,3.0kbps,24000,20260826,110.0,226.4,241.25195356868883,226.4Hz_+49.6c,4,226.3356930889415,241.317962022644,226.4000034384588,241.25194924589687,75.44219296926985,72.43768891207883,1902.0247163317879,2083.3474560112904,0,110.96542614086323,109.99994268628058,0.9654261408632294,-5.731371942374608e-05,0.47361462053056463,-3.102053523276475e-05
encodec_ft_encodec_ft_53tet,3.0kbps,24000,20260826,115.0,220.0,235.1101555072459,220Hz_ongrid,0,220.02508126698132,235.16327792126373,220.00000095026306,235.1101565571374,73.34623915712773,78.38691962360548,1901.847709779705,1901.9735458070213,0,115.19376340351783,115.0000002530247,0.19376340351783483,2.5302469452981313e-07,0.39112280545782346,7.730877856478165e-06
encodec_ft_encodec_ft_53tet,3.0kbps,24000,20260826,115.0,220.0,235.1101555072459,220Hz_ongrid,1,220.01836601503538,235.05385178645452,220.00000094174047,235.11015673514353,110.00420288795767,117.52732969884651,1200.078374799943,1199.994051738944,0,114.44083714869322,115.00000163083953,-0.5591628513067803,1.630839534527695e-06,-0.4146421992198989,9.041626179161815e-06
encodec_ft_encodec_ft_53tet,3.0kbps,24000,20260826,115.0,220.0,235.1101555072459,220Hz_ongrid,2,220.0323675190595,235.1075287723077,220.00000095411983,235.1101564440722,110.01008020594637,78.36928650346992,1200.0960492588124,1901.952565449287,0,114.72596870022768,114.9999993901188,-0.274031299772318,-6.098811979882157e-07,-0.019342075447125115,6.8983220474161995e-06
encodec_ft_encodec_ft_53tet,3.0kbps,24000,20260826,115.0,220.0,235.1101555072459,220Hz_ongrid,3,220.01867294737593,235.0947066264901,220.00000094057688,235.1101565299122,110.00663722856261,117.5481300524804,1200.0424789617718,1199.9885602446102,0,114.73930262661783,115.00000012877443,-0.2606973733821718,1.2877443111847242e-07,-0.11376159860468629,7.530405120285954e-06
encodec_ft_encodec_ft_53tet,3.0kbps,24000,20260826,115.0,220.0,235.1101555072459,220Hz_ongrid,4,220.01044234337004,235.09500315980853,220.00000091957153,235.11015658675012,110.0014534084673,78.36497954344333,1200.0592971098213,1901.955476059008,0,114.80625065182093,115.0000007125969,-0.1937493481790682,7.125969005983279e-07,-0.11157793287639084,7.948931253493586e-06
encodec_ft_encodec_ft_53tet,3.0kbps,24000,20260826,115.0,226.4,241.9497236674567,226.4Hz_+49.6c,0,226.42451049800954,241.99891577711315,226.40000345830526,241.94972617947792,75.4726001934827,72.62625343727416,1902.006305425343,2083.725025080478,0,115.16453422821311,114.99999152943555,0.16453422821311392,-8.470564452522922e-06,0.35195080029021125,1.7974381299762812e-05
encodec_ft_encodec_ft_53tet,3.0kbps,24000,20260826,115.0,226.4,241.9497236674567,226.4Hz_+49.6c,1,226.43567056993064,241.98266804632266,226.40000351386416,241.94972618327623,75.47671773960279,72.63795395975161,1901.9971847778056,2083.329897007591,0,114.96296839395582,114.9999911317665,-0.037031606044180876,-8.86823349333099e-06,0.23571239075036626,1.800155955434997e-05
encodec_ft_encodec_ft_53tet,3.0kbps,24000,20260826,115.0,226.4,241.9497236674567,226.4Hz_+49.6c,2,226.3491042979226,241.96389615800436,226.40000338997834,241.94972621668296,75.44603407620401,72.59995081802575,1902.0391523798537,2084.1015847140993,0,115.49063878340739,114.9999923181327,0.4906387834073911,-7.681867302267165e-06,0.10140610719744353,1.8240596418547282e-05
encodec_ft_encodec_ft_53tet,3.0kbps,24000,20260826,115.0,226.4,241.9497236674567,226.4Hz_+49.6c,3,226.37081913420096,241.9110592716589,226.4000033687679,241.94972618116512,75.46103952733868,60.47792670731964,1901.8609399591264,2399.9953657666465,0,114.94647518918623,114.99999222618185,-0.05352481081376936,-7.773818154532819e-06,-0.2766792473969131,1.7986454117170883e-05
encodec_ft_encodec_ft_53tet,3.0kbps,24000,20260826,115.0,226.4,241.9497236674567,226.4Hz_+49.6c,4,226.38280778447003,241.97556905814366,226.4000035578184,241.9497261564083,75.45269750688324,72.61638223853132,1902.1440180550032,2083.793318594728,0,115.31639315660975,114.99999060340814,0.31639315660974887,-9.39659186371955e-06,0.18492284277687654,1.7809310527646035e-05
encodec_ft_encodec_ft_53tet,3.0kbps,24000,20260826,120.0,220.0,235.7901617579845,220Hz_ongrid,0,220.0365959271545,235.81781280787638,220.00000093635512,235.79016538504956,110.01479341122851,76.33413531661434,1200.0551480717331,1952.7269320116466,0,119.9150510637379,120.00001926246706,-0.08494893626209432,1.9262467063185795e-05,0.20300945574211954,2.6630875824007957e-05
encodec_ft_encodec_ft_53tet,3.0kbps,24000,20260826,120.0,220.0,235.7901617579845,220Hz_ongrid,1,219.98801764634337,235.8295961535415,220.0000009328918,235.79016535262306,109.98202028084124,117.91633495226179,1200.1887021307389,1199.9774356239982,0,120.38380825890849,120.00001905163715,0.3838082589084877,1.905163715321123e-05,0.28951360627522565,2.6392791916270943e-05
encodec_ft_encodec_ft_53tet,3.0kbps,24000,20260826,120.0,220.0,235.7901617579845,220Hz_ongrid,2,220.02178434873161,235.80942350222315,220.00000094104067,235.79016534818913,110.00621068555142,76.04810386169697,1200.0736738438209,1959.1646289200228,0,119.97000116510748,120.00001895495633,-0.029998834892523973,1.895495633164046e-05,0.14141907046211916,2.636023651830516e-05
encodec_ft_encodec_ft_53tet,3.0kbps,24000,20260826,120.0,220.0,235.7901617579845,220Hz_ongrid,3,220.0121034621144,235.80991915282064,220.00000093709284,235.79016535420723,110.0009711734366,117.90577522209651,1200.0799577597707,1199.988023670041,0,120.04981547079029,120.00001903020924,0.04981547079029269,1.903020924487464e-05,0.14505796782359243,2.6404423045180697e-05
encodec_ft_encodec_ft_53tet,3.0kbps,24000,20260826,120.0,220.0,235.7901617579845,220Hz_ongrid,4,220.00502272315896,235.7574433434481,220.00000095281328,235.79016533677463,110.00130805316881,117.87993675327631,1200.018937930238,1199.9821547121983,0,119.7202314428266,120.00001877850659,-0.2797685571733979,1.8778506586158983e-05,-0.2402439658476327,2.6276428347249347e-05
encodec_ft_encodec_ft_53tet,3.0kbps,24000,20260826,120.0,226.4,242.64951191821677,226.4Hz_+49.6c,0,226.3902613307946,242.67345337699243,226.4000036485471,242.64950910025019,75.4588898185944,60.6712655831935,1902.0589427181044,2399.9171836122105,0,120.2452781478983,119.99995199493766,0.24527814789830416,-4.800506233948454e-05,0.17080695377822655,-2.010537622881418e-05
encodec_ft_encodec_ft_53tet,3.0kbps,24000,20260826,120.0,226.4,242.64951191821677,226.4Hz_+49.6c,1,226.37760143508712,242.6473783456624,226.40000355926523,242.64950918782355,75.45638402940877,72.81180281614287,1902.0196188747523,2083.9404443382923,0,120.15606318406228,119.99995330246841,0.15606318406227615,-4.669753158736967e-05,-0.015222489681881876,-1.9480565629084535e-05
encodec_ft_encodec_ft_53tet,3.0kbps,24000,20260826,120.0,226.4,242.64951191821677,226.4Hz_+49.6c,2,226.3633507619066,242.63913338813006,226.400003391975,242.64950911522124,75.45211795511588,60.66014666111427,1902.0085141780964,2399.989631024205,0,120.20622244888551,119.9999540637057,0.20622244888551222,-4.593629429905377e-05,-0.07404939242611497,-1.999856219933029e-05
encodec_ft_encodec_ft_53tet,3.0kbps,24000,20260826,120.0,226.4,242.64951191821677,226.4Hz_+49.6c,3,226.39323003026323,242.66616779926,226.40000347226803,242.6495092803829,75.45903566381696,60.670588487996824,1902.0782984911184,2399.884528261736,0,120.17060014762069,119.99995462810223,0.1706001476206893,-4.537189776954165e-05,0.11883081299703051,-1.882018161855374e-05
encodec_ft_encodec_ft_53tet,3.0kbps,24000,20260826,120.0,226.4,242.64951191821677,226.4Hz_+49.6c,4,226.37440333651378,242.64599786615872,226.40000343169964,242.6495091652436,75.45716119657759,72.81678456331363,1901.9773302346339,2083.812148785178,0,120.17067153950204,119.99995411683452,0.17067153950203817,-4.588316548392868e-05,-0.025071926076058067,-1.964166716708374e-05
encodec_ft_encodec_ft_53tet,3.0kbps,24000,20260826,125.0,220.0,236.4721347825532,220Hz_ongrid,0,220.00418815957872,236.49978985897909,220.00000093636518,236.47213899906333,109.99613214741842,74.5009002946705,1200.093832577638,1999.8109642137085,0,125.1694961537444,125.00002350096679,0.1694961537444044,2.3500966790379607e-05,0.20245349670102727,3.0869454550724235e-05
encodec_ft_encodec_ft_53tet,3.0kbps,24000,20260826,125.0,220.0,236.4721347825532,220Hz_ongrid,1,219.99093819433693,236.45775239053373,220.0000009401991,236.47213894302567,109.98825084789272,75.90005147213024,1200.1136127612392,1967.2916075425985,0,124.96601303884762,125.00002306053989,-0.033986961152379536,2.306053988831991e-05,-0.1052980048593261,3.045919787622618e-05
encodec_ft_encodec_ft_53tet,3.0kbps,24000,20260826,125.0,220.0,236.4721347825532,220Hz_ongrid,2,220.00768111930103,236.45906992526756,220.00000094160958,236.47213896561388,109.99942237495675,75.41632955413299,1200.0695345303147,1978.369965711388,0,124.84390478712604,125.00002321481101,-0.15609521287396433,2.3214811008642755e-05,-0.09565165317790653,3.062456810344109e-05
encodec_ft_encodec_ft_53tet,3.0kbps,24000,20260826,125.0,220.0,236.4721347825532,220Hz_ongrid,3,219.99244259580604,236.44515523128743,220.0000009348263,236.4721389496065,109.99211182621873,118.22395944464552,1200.064680314663,1199.9797648174706,0,124.86194106968937,125.00002315099874,-0.13805893031063476,2.3150998742949014e-05,-0.197531022091276,3.0507376513035818e-05
encodec_ft_encodec_ft_53tet,3.0kbps,24000,20260826,125.0,220.0,236.4721347825532,220Hz_ongrid,4,219.99385443852162,236.44934519013907,220.00000094276467,236.47213899035634,109.98783676271015,74.80468478306877,1200.143079980869,1992.3967403458341,0,124.88150888543944,125.00002338686296,-0.11849111456055539,2.3386862963548083e-05,-0.16685272313929125,3.080570995227146e-05
encodec_ft_encodec_ft_53tet,3.0kbps,24000,20260826,125.0,226.4,243.35132415804568,226.4Hz_+49.6c,0,226.40114016079968,243.34726624539354,226.4000034895384,243.3513259476092,75.46442347559301,60.836576419903366,1902.0151798392283,2400.006833721589,0,124.962412670695,124.99998604741633,-0.03758732930499775,-1.3952583671539287e-05,-0.028868777063251798,1.2731195440126467e-05
encodec_ft_encodec_ft_53tet,3.0kbps,24000,20260826,125.0,226.4,243.35132415804568,226.4Hz_+49.6c,1,75.46784553920877,243.3786562467451,226.4000035059834,243.35132595710053,75.46784553920877,73.01954845638735,0.0,2084.217600075851,1,2027.1223905281886,124.99998598918745,1902.1223905281886,-1.4010812549258844e-05,0.19443323626330342,1.2798718032298372e-05
encodec_ft_encodec_ft_53tet,3.0kbps,24000,20260826,125.0,226.4,243.35132415804568,226.4Hz_+49.6c,2,226.39126577915414,243.33838673276242,226.40000350902122,243.35132595666607,75.46401867528408,73.02466248890666,1901.948957789483,2083.809880507517,0,124.9747490414706,124.99998596286702,-0.02525095852939785,-1.403713298486764e-05,-0.09204103009266186,1.2795627366430338e-05
encodec_ft_encodec_ft_53tet,3.0kbps,24000,20260826,125.0,226.4,243.35132415804568,226.4Hz_+49.6c,3,226.41409451134783,243.36855611307308,226.4000034388288,243.35132592680824,75.47144950008087,73.03013599375029,1901.9530587867503,2083.8947492502552,0,125.0148116423751,124.9999862872013,0.01481164237509347,-1.3712798704546003e-05,0.12258610546695392,1.2583214819646419e-05
encodec_ft_encodec_ft_53tet,3.0kbps,24000,20260826,125.0,226.4,243.35132415804568,226.4Hz_+49.6c,4,226.4039998523572,243.34623913019482,226.40000348650096,243.351325942336,75.46563868134155,60.84063332287637,1902.009169175357,2399.8840826035157,0,124.93323827516868,124.9999860331285,-0.06676172483132348,-1.3966871506454481e-05,-0.03617594999537555,1.2693681137712238e-05
encodec_ft_encodec_ft_53tet,3.0kbps,24000,20260826,130.0,220.0,237.15608026942812,220Hz_ongrid,0,220.03256878458757,237.1853607661449,220.00000092302471,237.15607721653626,110.01036235787313,75.71339351048623,1200.0931925999207,1976.8734378082283,0,129.95746097454926,129.9999704504497,-0.04253902545073629,-2.9549550305318917e-05,0.21373377305336053,-2.2286041896370413e-05
encodec_ft_encodec_ft_53tet,3.0kbps,24000,20260826,130.0,220.0,237.15608026942812,220Hz_ongrid,1,220.01205855024318,237.1279946380244,220.00000093977076,237.156077400842,73.33416225917514,75.31313966990216,1902.0303210065847,1985.6309980233061,0,129.70007428774014,129.99997166409867,-0.29992571225986353,-2.8335901333775837e-05,-0.20503661836838527,-2.0940614088101183e-05
encodec_ft_encodec_ft_53tet,3.0kbps,24000,20260826,130.0,220.0,237.15608026942812,220Hz_ongrid,2,220.01203865003998,237.16394593928894,220.0000009226488,237.15607739096694,73.33540839550581,75.26753203121196,1902.0007465392423,1986.942159864931,0,129.9626857579173,129.99997172674802,-0.03731424208268663,-2.8273251984956005e-05,0.05741826079671451,-2.101270194882353e-05
encodec_ft_encodec_ft_53tet,3.0kbps,24000,20260826,130.0,220.0,237.15608026942812,220Hz_ongrid,3,220.02190382498128,237.12701071641632,220.00000094344713,237.15607721797969,73.34498012700473,76.38584318370685,1901.8524262549,1961.1393814063672,0,129.61542191044512,129.99997030027757,-0.3845780895548785,-2.9699722432496856e-05,-0.2122200895823504,-2.2275504993572867e-05
encodec_ft_encodec_ft_53tet,3.0kbps,24000,20260826,130.0,220.0,237.15608026942812,220Hz_ongrid,4,220.02091766126225,237.15793467121216,220.00000094400292,237.15607730740143,110.00536495098761,75.07175991087593,1200.080164214834,1991.407113928102,0,129.84893864780065,129.99997094868087,-0.15106135219934913,-2.9051319131667697e-05,0.013537038367205179,-2.16227282871266e-05
encodec_ft_encodec_ft_53tet,3.0kbps,24000,20260826,130.0,226.4,244.0551662409024,226.4Hz_+49.6c,0,226.42804887625843,244.02286428242925,226.40000341292716,244.05516237875614,75.47595633519818,73.20825551201644,1901.9563761293753,2084.325694602077,0,129.55637641070064,129.99994650546176,-0.44362358929936363,-5.34945382355545e-05,-0.22915290975873306,-2.739658929669043e-05
encodec_ft_encodec_ft_53tet,3.0kbps,24000,20260826,130.0,226.4,244.0551662409024,226.4Hz_+49.6c,1,226.35401426989998,244.06617780484788,226.40000343449853,244.05516241126432,75.44855804815688,73.2263870176128,1902.0187902139905,2084.204235525518,0,130.4297891622839,129.9999465711105,0.4297891622838961,-5.342888948689506e-05,0.07811006288350288,-2.716598871412354e-05
encodec_ft_encodec_ft_53tet,3.0kbps,24000,20260826,130.0,226.4,244.0551662409024,226.4Hz_+49.6c,2,226.34987782881078,244.07531933366178,226.40000362680942,244.05516240221164,75.44670076682573,73.22757796264116,1902.0297704792258,2084.2409215456923,0,130.5262687588651,129.99994503633238,0.5262687588650863,-5.496366762258731e-05,0.14295243353975276,-2.7230204987239048e-05
encodec_ft_encodec_ft_53tet,3.0kbps,24000,20260826,130.0,226.4,244.0551662409024,226.4Hz_+49.6c,3,226.47806495926676,244.0329812125882,226.40000335004277,244.0551623854194,75.49224003948534,73.21983574418122,1901.9652810711777,2084.123639749429,0,129.24577700672978,129.99994703359226,-0.7542229932702185,-5.29664077362213e-05,-0.15737926283955084,-2.7349322673810772e-05
encodec_ft_encodec_ft_53tet,3.0kbps,24000,20260826,130.0,226.4,244.0551662409024,226.4Hz_+49.6c,4,226.4256959936672,244.01827468998428,226.40000351971673,244.05516240718586,75.47590219012308,73.21206938241446,1901.9396282135529,2084.2029448419503,0,129.5418048526301,129.99994589053347,-0.4581951473699064,-5.410946653228166e-05,-0.2617143398425726,-2.7194919692224606e-05
encodec_ft_encodec_ft_53tet,3.0kbps,24000,20260826,135.0,220.0,237.84200392353804,220Hz_ongrid,0,219.98843930431798,237.85105865687746,220.00000091083714,237.8419992007464,109.98686324459874,79.28369560233412,1200.1157887131399,1901.954795970559,0,135.1568838129474,134.99995845555353,0.15688381294739884,-4.1544446474972574e-05,0.06590746806035744,-3.437684545800362e-05
encodec_ft_encodec_ft_53tet,3.0kbps,24000,20260826,135.0,220.0,237.84200392353804,220Hz_ongrid,1,220.0178193889075,237.88439537010518,220.00000093490098,237.84199932987312,73.3445740884321,74.81608995849422,1901.829871881674,2002.6081954122901,0,135.16831718411765,134.99995920609297,0.1683171841176545,-4.079390703282115e-05,0.3085366546377901,-3.343694165163928e-05
encodec_ft_encodec_ft_53tet,3.0kbps,24000,20260826,135.0,220.0,237.84200392353804,220Hz_ongrid,2,219.99970415978018,237.79515387364864,220.0000009541083,237.8419991841179,109.9922141401598,74.5564186323318,1200.120213983698,2007.977817788789,0,134.66127646201045,134.99995799400443,-0.33872353798955146,-4.2005995567251375e-05,-0.3410515789260412,-3.449788289454053e-05
encodec_ft_encodec_ft_53tet,3.0kbps,24000,20260826,135.0,220.0,237.84200392353804,220Hz_ongrid,3,220.0193508963933,237.8754340021461,220.00000094920986,237.8419992886769,110.00393164671131,61.778204166244265,1200.090393179186,2334.043739732304,0,135.09104766595874,134.99995879362876,0.09104766595874025,-4.120637123605775e-05,0.24331792711601158,-3.373680582729589e-05
encodec_ft_encodec_ft_53tet,3.0kbps,24000,20260826,135.0,220.0,237.84200392353804,220Hz_ongrid,4,220.03347556406476,237.86357976827824,220.000000934826,237.8419992316525,73.34986086251105,61.749107317114465,1901.828274662442,2334.773047753365,0,134.8936344292966,134.99995849174243,-0.10636557070338881,-4.150825756710219e-05,0.15704182737287894,-3.4151882264579575e-05
encodec_ft_encodec_ft_53tet,3.0kbps,24000,20260826,135.0,226.4,244.76104403767732,226.4Hz_+49.6c,0,226.40199732322552,244.752596664585,226.40000352060255,244.76104753995838,75.46699939536816,61.1882715016997,1901.9626410100896,2399.996538688182,0,134.92497629577147,134.99999785087377,-0.07502370422852778,-2.149126231643095e-06,-0.05975065333437923,2.477219436093405e-05
encodec_ft_encodec_ft_53tet,3.0kbps,24000,20260826,135.0,226.4,244.76104403767732,226.4Hz_+49.6c,1,226.36011450683708,244.74398677632195,226.40000346849402,244.76104756073917,75.44999655232782,73.43368344937304,1902.032438875496,2084.1114495060974,0,135.18437005464156,134.99999839632304,0.18437005464156186,-1.6036769636684767e-06,-0.12065294448599327,2.4919180124251516e-05
encodec_ft_encodec_ft_53tet,3.0kbps,24000,20260826,135.0,226.4,244.76104403767732,226.4Hz_+49.6c,2,226.38511786296613,244.73172667358992,226.40000344321695,244.76104742666735,75.45648440055199,73.43295192967842,1902.0747973148161,2084.0419696317394,0,134.90642553939963,134.99999764130015,-0.09357446060036523,-2.3586998452174157e-06,-0.20737882981988992,2.3970868892757917e-05
encodec_ft_encodec_ft_53tet,3.0kbps,24000,20260826,135.0,226.4,244.76104403767732,226.4Hz_+49.6c,3,226.39530628444786,244.7476539324106,226.40000343517215,244.761047306199,75.46634943304582,73.42892422847883,1901.9263860950075,2084.249594036078,0,134.94117929668454,134.99999685072518,-0.05882070331546174,-3.1492748178152397e-06,-0.09471294896401183,2.3118776931164766e-05
encodec_ft_encodec_ft_53tet,3.0kbps,24000,20260826,135.0,226.4,244.76104403767732,226.4Hz_+49.6c,4,226.38853883926015,244.75580368279097,226.40000354803064,244.76104774672444,75.46410403086348,73.44028500447327,1901.9261463560686,2084.0394083754677,0,135.05057708205297,134.99999910362644,0.050577082052967626,-8.963735638189974e-07,-0.03706626585385616,2.623468398456298e-05
encodec_ft_encodec_ft_53tet,3.0kbps,24000,20260826,140.0,220.0,238.52991146631206,220Hz_ongrid,0,219.98416104317934,238.48877808917916,220.00000093895673,238.52991279416995,73.31506540986501,59.624302433891,1902.2616737939104,2399.938794204923,0,139.8260761015531,140.00000224862208,-0.17392389844690115,2.2486220814244007e-06,-0.2985690279280589,9.637503100008374e-06
encodec_ft_encodec_ft_53tet,3.0kbps,24000,20260826,140.0,220.0,238.52991146631206,220Hz_ongrid,1,220.02052400287863,238.5612212633384,220.00000091278366,238.52991278214347,110.00543574164827,74.61324079338245,1200.0759526285349,2012.2271648964065,0,140.0657285995959,140.00000236729696,0.06572859959590005,2.367296957572762e-06,0.22722948736902798,9.550216006979078e-06
encodec_ft_encodec_ft_53tet,3.0kbps,24000,20260826,140.0,220.0,238.52991146631206,220Hz_ongrid,2,220.0263191102919,238.51669961843245,220.00000092623563,238.5299131457393,110.00520589513944,75.35538547553674,1200.125168160356,1994.7693030937262,0,139.6970074839877,140.0000049003943,-0.3029925160122957,4.900394287687959e-06,-0.09589335873954995,1.2189169913414388e-05
encodec_ft_encodec_ft_53tet,3.0kbps,24000,20260826,140.0,220.0,238.52991146631206,220Hz_ongrid,3,220.01099158228308,238.55545400604942,220.00000093285232,238.52991329088337,109.9987662327608,75.57136810035986,1200.105911044635,1990.095629578452,0,140.09888280903994,140.00000590177194,0.09888280903993518,5.901771942262712e-06,0.1853761097511925,1.3242615686359896e-05
encodec_ft_encodec_ft_53tet,3.0kbps,24000,20260826,140.0,220.0,238.52991146631206,220Hz_ongrid,4,219.97869976558752,238.54561088899854,220.0000009292146,238.52991291580372,73.32079681778828,79.51402018348816,1902.0833600356375,1901.980767479467,0,140.28156649633803,140.00000320809525,0.28156649633803,3.2080952507840266e-06,0.1139416039670954,1.0520312981069653e-05
encodec_ft_encodec_ft_53tet,3.0kbps,24000,20260826,140.0,226.4,245.46896343624113,226.4Hz_+49.6c,0,226.40583731896336,245.49190048268645,226.4000036095749,245.46895900187235,75.46902050066517,61.37259931639873,1901.9456400571905,2400.0106008734892,0,140.11712576272518,139.99994112378099,0.1171257627251805,-5.8876219014791786e-05,0.16176196001894727,-3.127454549612973e-05
encodec_ft_encodec_ft_53tet,3.0kbps,24000,20260826,140.0,226.4,245.46896343624113,226.4Hz_+49.6c,1,226.38829802492856,245.45228361035393,226.40000338909346,245.46895873369328,75.4609055071468,73.64223232397055,1901.9976842023225,2084.2047889554515,0,139.97184206911137,139.9999409183537,-0.02815793088862506,-5.908164629886414e-05,-0.11764283046722633,-3.316594848609015e-05
encodec_ft_encodec_ft_53tet,3.0kbps,24000,20260826,140.0,226.4,245.46896343624113,226.4Hz_+49.6c,2,226.4194850752845,245.45844536674122,226.4000035589998,245.46895850680093,75.47272415305775,81.81962635742855,1901.9650373350466,1901.9519419152614,0,139.77682503958016,139.9999380188976,-0.22317496041983986,-6.198110239097332e-05,-0.0741830247199146,-3.4766166345832676e-05
encodec_ft_encodec_ft_53tet,3.0kbps,24000,20260826,140.0,226.4,245.46896343624113,226.4Hz_+49.6c,3,226.32807583056066,245.45934471331603,226.4000035072043,245.46895881443265,75.43951093183092,61.36496856793029,1902.0279992130104,2399.9962650085536,0,140.4822367644313,139.99994058462025,0.48223676443129193,-5.941537975218125e-05,-0.06783988766663375,-3.259651308205593e-05
encodec_ft_encodec_ft_53tet,3.0kbps,24000,20260826,140.0,226.4,245.46896343624113,226.4Hz_+49.6c,4,226.41117573972983,245.48067782227537,226.40000346381876,245.46895860724442,75.46813327342346,61.37213066175434,1902.006813140035,2399.9446758465074,0,139.9971603344345,139.999939455131,-0.002839665565488758,-6.0544869000978e-05,0.08261679922321231,-3.405776226047979e-05
encodec_ft_encodec_ft_53tet,3.0kbps,24000,20260826,145.0,220.0,239.21980863572728,220Hz_ongrid,0,220.01438038500567,239.2365609567124,220.0000009524416,239.21981236376016,110.0006457470032,59.8121068655155,1200.1029960304472,2399.914130229344,0,145.0080732384726,145.00001948478146,0.008073238472604771,1.9484781461187595e-05,0.12123232271700084,2.697977816950232e-05
encodec_ft_encodec_ft_53tet,3.0kbps,24000,20260826,145.0,220.0,239.21980863572728,220Hz_ongrid,1,219.98893966587974,239.22920281854798,220.00000092697934,239.21981280129145,109.98798116757607,59.80882404767405,1200.1021299504844,2399.9559045515016,0,145.1550230521388,145.0000228515648,0.15502305213880163,2.2851564807524483e-05,0.06798437775008731,3.0146193000073018e-05
encodec_ft_encodec_ft_53tet,3.0kbps,24000,20260826,145.0,220.0,239.21980863572728,220Hz_ongrid,2,220.00036289588292,239.21772729314412,220.00000094171415,239.21981233729446,109.99735331840174,59.80657352344884,1200.0445109910872,2399.938002623849,0,144.98208154113811,145.00001937766623,-0.017918458861885256,1.9377666234277058e-05,-0.015062744359204492,2.6788246070635847e-05
encodec_ft_encodec_ft_53tet,3.0kbps,24000,20260826,145.0,220.0,239.21980863572728,220Hz_ongrid,3,220.0224235463816,239.18121876910348,220.00000094796502,239.2198128682228,110.00222076708346,119.5927340620148,1200.1414962326376,1199.969242724728,0,144.54425515633838,145.0000231708053,-0.4557448436616198,2.3170805292238583e-05,-0.27929744028934606,3.0630574912440655e-05
encodec_ft_encodec_ft_53tet,3.0kbps,24000,20260826,145.0,220.0,239.21980863572728,220Hz_ongrid,4,220.02122130969866,239.21833634733431,220.0000009559664,239.21981208308898,73.34450416488446,59.806262488401394,1901.858290541567,2399.95141400591,0,144.8223573684102,145.00001742582643,-0.17764263158980498,1.742582642805246e-05,-0.010654985697366344,2.4948560670350756e-05
encodec_ft_encodec_ft_53tet,3.0kbps,24000,20260826,145.0,226.4,246.1789303414939,226.4Hz_+49.6c,0,226.36542358084714,246.15758736002763,226.40000343585461,246.17893386263265,75.45433437478584,73.85481257396995,1901.9735125224513,2084.1820436851817,0,145.11431957678838,144.99999848886205,0.11431957678837534,-1.5111379525478696e-06,-0.15009935244551642,2.4762132398429515e-05
encodec_ft_encodec_ft_53tet,3.0kbps,24000,20260826,145.0,226.4,246.1789303414939,226.4Hz_+49.6c,1,226.40649385196076,246.1832607575721,226.40000341498367,246.1789339034091,75.47013698124333,82.05855320236671,1901.9250487917234,1902.0084552457831,0,144.98079661127264,144.99999893521496,-0.01920338872736238,-1.0647850388068036e-06,0.030453044108145207,2.5048889680534422e-05
encodec_ft_encodec_ft_53tet,3.0kbps,24000,20260826,145.0,226.4,246.1789303414939,226.4Hz_+49.6c,2,226.4127374682737,246.1890075311735,226.40000351566283,246.17893372592204,75.46914043829538,82.06432511731047,1901.9956505828368,1901.9270988436415,0,144.97346754704085,144.99999691717844,-0.026532452959145303,-3.082821564248661e-06,0.07086559685435434,2.3800725815756502e-05
encodec_ft_encodec_ft_53tet,3.0kbps,24000,20260826,145.0,226.4,246.1789303414939,226.4Hz_+49.6c,3,226.34133863853808,246.16036224260415,226.4000033554697,246.178933795864,75.44402965639185,73.8558668427478,1902.025750953944,2084.1768464251727,0,145.31804581520288,144.99999863400362,0.3180458152028791,-1.365996382673984e-06,-0.13058362606362373,2.429258721813277e-05
encodec_ft_encodec_ft_53tet,3.0kbps,24000,20260826,145.0,226.4,246.1789303414939,226.4Hz_+49.6c,4,226.47693089163062,246.18663404422986,226.40000347717978,246.17893390677514,75.4950526774773,73.8573093879596,1901.8921121308485,2084.3277909342396,0,144.4660001217121,144.9999984832855,-0.5339998782878865,-1.516714490890081e-06,0.05417483855988382,2.5072560951861997e-05
encodec_ft_encodec_ft_53tet,3.0kbps,24000,20260826,150.0,220.0,239.91170118635668,220Hz_ongrid,0,219.98809741689038,239.93079408668694,220.0000009515144,239.91169646306008,109.99044117934552,59.984416636304964,1200.056781068648,2399.9504121016907,0,150.2314382552972,149.99995842837617,0.2314382552972063,-4.1571623825120696e-05,0.13777137077375945,-3.40839231716751e-05
encodec_ft_encodec_ft_53tet,3.0kbps,24000,20260826,150.0,220.0,239.91170118635668,220Hz_ongrid,1,220.00773068139577,239.92769001426143,220.00000094517463,239.911696356875,73.33989530389006,59.98258944915556,1901.8609280829191,2399.980750325311,0,150.0545400555509,149.99995771202032,0.0545400555508877,-4.2287979681532306e-05,0.11537361788646283,-3.4850168455292027e-05
encodec_ft_encodec_ft_53tet,3.0kbps,24000,20260826,150.0,220.0,239.91170118635668,220Hz_ongrid,2,219.99136380035102,239.90396299555965,220.00000092823632,239.9116963462273,109.99279172685989,119.95309544536045,1200.0454893510507,1199.9839227747489,0,150.0121210185885,149.99995776847675,0.012121018588487686,-4.22315232526671e-05,-0.05584069211239542,-3.4927003602562394e-05
encodec_ft_encodec_ft_53tet,3.0kbps,24000,20260826,150.0,220.0,239.91170118635668,220Hz_ongrid,3,220.01373702231203,239.85045577643734,220.00000094991836,239.91169644030188,110.00007638251786,119.92705301046337,1200.1068944834758,1199.973652835304,0,149.44989210372552,149.99995827670983,-0.5501078962744828,-4.172329016682852e-05,-0.44201126761911813,-3.42481492051698e-05
encodec_ft_encodec_ft_53tet,3.0kbps,24000,20260826,150.0,220.0,239.91170118635668,220Hz_ongrid,4,220.0129892758693,239.84801773583945,220.00000094348871,239.91169654111258,110.00288562782562,119.92356319963535,1200.0567979526797,1200.0064337203985,0,149.43817814680406,149.9999590547695,-0.5618218531959371,-4.094523049502641e-05,-0.4596090676087685,-3.3520686205538244e-05
encodec_ft_encodec_ft_53tet,3.0kbps,24000,20260826,150.0,226.4,246.89095067541436,226.4Hz_+49.6c,0,226.3561501866702,246.90393985567985,226.4000034211098,246.89095198039817,75.44770157781157,74.07270159546857,1902.0547789524398,2084.323195497022,0,150.42642250572976,149.99998299021,0.4264225057297608,-1.7009790013844395e-05,0.09107956190525093,9.150729759826099e-06
encodec_ft_encodec_ft_53tet,3.0kbps,24000,20260826,150.0,226.4,246.89095067541436,226.4Hz_+49.6c,1,226.3871080807891,246.89251800013454,226.40000357269503,246.89095193692583,75.46079888483665,74.07312233105087,1901.9910305957874,2084.233272758364,0,150.10957491730363,149.99998152623485,0.10957491730363245,-1.847376515229371e-05,0.010990266356362922,8.84589592383047e-06
encodec_ft_encodec_ft_53tet,3.0kbps,24000,20260826,150.0,226.4,246.89095067541436,226.4Hz_+49.6c,2,226.35537879403302,246.8844606180679,226.4000034809716,246.89095214295676,75.44913275789958,74.07368368584818,1902.0160393623144,2084.1636527873584,0,150.29573298426058,149.99998367234303,0.2957329842605816,-1.632765696513161e-05,-0.04550979251817633,1.029061346332422e-05
encodec_ft_encodec_ft_53tet,3.0kbps,24000,20260826,150.0,226.4,246.89095067541436,226.4Hz_+49.6c,3,226.4080071546211,246.867740131841,226.40000354828052,246.89095177004384,75.46787615878678,74.06638259011936,1901.9884828534755,2084.217047368934,0,149.77600877987575,149.99998054272768,-0.22399122012424755,-1.9457272316003582e-05,-0.16276324491809419,7.675695631768988e-06
encodec_ft_encodec_ft_53tet,3.0kbps,24000,20260826,150.0,226.4,246.89095067541436,226.4Hz_+49.6c,4,226.41157106213086,246.88663115052995,226.40000352333044,246.89095214155066,75.46812295396518,74.06358724986964,1902.0100726646651,2084.4148609916306,0,149.88123135768848,149.99998333857394,-0.1187686423115224,-1.6661426059272344e-05,-0.030289380608140553,1.0280753701015238e-05
encodec_ft_encodec_ft_53tet,3.0kbps,24000,20260826,155.0,220.0,240.60559488941718,220Hz_ongrid,0,219.99982789134387,240.61809496292506,220.00000093603657,240.60559707284924,109.99708323185772,60.15583057917618,1200.0445517729925,2399.962389883641,0,155.0912940480751,155.00000834458857,0.091294048075099,8.344588565023514e-06,0.08993968224709664,1.5710490468154464e-05
encodec_ft_encodec_ft_53tet,3.0kbps,24000,20260826,155.0,220.0,240.60559488941718,220Hz_ongrid,1,219.97646122779943,240.61833799786308,220.00000093832887,240.6055971633927,73.31248536494529,60.15808243012963,1902.2620019026033,2399.899333348303,0,155.276930595984,155.0000089780389,0.2769305959839983,8.978038891882534e-06,0.09168830446695685,1.6361979767246597e-05
encodec_ft_encodec_ft_53tet,3.0kbps,24000,20260826,155.0,220.0,240.60559488941718,220Hz_ongrid,2,220.00529117202177,240.59089506176204,220.00000095279873,240.60559697220518,109.99608822090535,60.15034029348852,1200.1032036280371,2399.924690019192,0,154.85258978528475,155.00000748851676,-0.14741021471525073,7.488516757803154e-06,-0.10577318285298375,1.4986324391670462e-05
encodec_ft_encodec_ft_53tet,3.0kbps,24000,20260826,155.0,220.0,240.60559488941718,220Hz_ongrid,3,219.9884948388992,240.62915587329854,220.00000092373605,240.60559706152867,73.32924515752322,60.15999346372496,1901.9609768284274,2399.9221705406117,0,155.26005980577455,155.00000835992932,0.2600598057745458,8.359929324797122e-06,0.1695204990613724,1.5629035277397447e-05
encodec_ft_encodec_ft_53tet,3.0kbps,24000,20260826,155.0,220.0,240.60559488941718,220Hz_ongrid,4,220.0042413158809,240.60821572410066,220.0000009342618,240.60559690907547,109.99845092354295,60.154036114665864,1200.0577559330407,2399.9429517855783,0,154.9854820043872,155.00000718015,-0.01451799561280609,7.180149992791485e-06,0.018857639331972566,1.453208607738855e-05
encodec_ft_encodec_ft_53tet,3.0kbps,24000,20260826,155.0,226.4,247.60503037710933,226.4Hz_+49.6c,0,226.40633081623386,247.62472054622197,226.40000350310822,247.60502563854388,75.46518085068517,82.54198617372768,1902.0374961525226,1901.9463457559848,0,155.0892568049435,154.99994008079406,0.08925680494348853,-5.991920593828581e-05,0.1376665725518764,-3.31316609301927e-05
encodec_ft_encodec_ft_53tet,3.0kbps,24000,20260826,155.0,226.4,247.60503037710933,226.4Hz_+49.6c,1,226.416179179485,247.61121075462628,226.40000354013063,247.60502568304994,75.46842037023266,82.53736549685772,1902.0384851298502,1901.9488080380013,0,154.91949772888478,154.9999401088739,-0.0805022711152219,-5.989112611359815e-05,0.043212153016345255,-3.2820478151628894e-05
encodec_ft_encodec_ft_53tet,3.0kbps,24000,20260826,155.0,226.4,247.60503037710933,226.4Hz_+49.6c,2,226.41189363437746,247.6199390127313,226.40000358845114,247.60502603607506,75.47003316729823,82.5404247926064,1901.968719559664,1901.9456646896183,0,155.01329104123968,154.99994220769983,0.0132910412396825,-5.779230016855763e-05,0.10423681848477763,-3.0352155657343877e-05
encodec_ft_encodec_ft_53tet,3.0kbps,24000,20260826,155.0,226.4,247.60503037710933,226.4Hz_+49.6c,3,226.33152989598656,247.60693813466727,226.40000336186404,247.60502587611748,75.44592040213774,82.53805759802904,1901.9073375624257,1901.9044178492538,0,155.53699476795478,154.99994282195428,0.5369947679547806,-5.717804572213936e-05,0.013338832870432197,-3.147056579426008e-05
encodec_ft_encodec_ft_53tet,3.0kbps,24000,20260826,155.0,226.4,247.60503037710933,226.4Hz_+49.6c,4,226.4653197362155,247.56441641155743,226.40000361678946,247.60502635783902,75.48416728609968,74.26872821008507,1902.0529910332884,2084.3726225734986,0,154.21659270077785,154.99994424074967,-0.7834072992221479,-5.5759250329856513e-05,-0.28399280547191985,-2.8102408406292684e-05
encodec_ft_encodec_ft_53tet,3.0kbps,24000,20260826,160.0,220.0,241.30149553281768,220Hz_ongrid,0,220.01416107134787,241.28705673309273,220.00000093714888,241.301496173483,110.00414793268823,72.40349617951908,1200.0461523911927,2083.943111461351,0,159.78497138330533,159.9999972218421,-0.2150286166946671,-2.7781578921803884e-06,-0.1035952535616307,4.5964971217263434e-06
encodec_ft_encodec_ft_53tet,3.0kbps,24000,20260826,160.0,220.0,241.30149553281768,220Hz_ongrid,1,219.9958597171719,241.30473167019048,220.0000009516625,241.30149639733503,109.99616400779558,72.40900113665454,1200.0277925735202,2083.938300873571,0,160.05579894209683,159.99999871367226,0.05579894209682834,-1.2863277447650034e-06,0.023217732766528384,6.202538582242579e-06
encodec_ft_encodec_ft_53tet,3.0kbps,24000,20260826,160.0,220.0,241.30149553281768,220Hz_ongrid,2,220.0100196293247,241.32031592637756,220.0000009437637,241.30149606139892,109.99806858287972,60.33116792206058,1200.1092429878347,2399.9687520084385,0,160.0561778033016,159.99999636563373,0.056177803301608265,-3.6343662657145615e-06,0.13502293261743006,3.792341993518466e-06
encodec_ft_encodec_ft_53tet,3.0kbps,24000,20260826,160.0,220.0,241.30149553281768,220Hz_ongrid,3,220.02346807322164,241.30298645462096,220.00000093449708,241.3014966509733,110.01046566501891,60.325017217764014,1200.019960241192,2400.0209323996305,0,159.8260305027086,160.0000006684963,-0.17396949729140943,6.684963125280774e-07,0.010696687190723194,8.022283825787829e-06
encodec_ft_encodec_ft_53tet,3.0kbps,24000,20260826,160.0,220.0,241.30149553281768,220Hz_ongrid,4,220.0398178204426,241.3357917499401,220.00000093968953,241.3014962661938,110.00977718502004,72.41740255049619,1200.1594365557476,2083.9602676153127,0,159.93273520642933,159.99999786700909,-0.06726479357067205,-2.1329909145606507e-06,0.24604306588381275,5.261656855358786e-06
encodec_ft_encodec_ft_53tet,3.0kbps,24000,20260826,160.0,226.4,248.3211754028633,226.4Hz_+49.6c,0,226.352352936867,248.29991604984014,226.40000335538633,248.32117598317285,75.44801572327088,62.07314581444229,1902.0185278858203,2400.0511275515705,0,160.2161642816799,159.9999783878289,0.21616428167990875,-2.161217111051883e-05,-0.14822131589161755,4.04577505835225e-06
encodec_ft_encodec_ft_53tet,3.0kbps,24000,20260826,160.0,226.4,248.3211754028633,226.4Hz_+49.6c,1,226.39408570739815,248.34047088914377,226.4000034768495,248.32117593955752,75.46221860575662,62.08319175870654,1902.0118181175028,2400.0537060340134,0,160.1797441147318,159.9999771549499,0.17974411473178975,-2.2845050096975683e-05,0.13451814976371254,3.74169966471515e-06
encodec_ft_encodec_ft_53tet,3.0kbps,24000,20260826,160.0,226.4,248.3211754028633,226.4Hz_+49.6c,2,226.43287497815402,248.30219746250253,226.4000034293673,248.3211757636339,75.47938087116523,74.49227593600844,1901.914726662324,2084.3211398191856,0,159.61631550039718,159.99997629154026,-0.3836844996028219,-2.3708459735871656e-05,-0.13231458020256784,2.5152038895529496e-06
encodec_ft_encodec_ft_53tet,3.0kbps,24000,20260826,160.0,226.4,248.3211754028633,226.4Hz_+49.6c,3,226.37469076043573,248.29899665774903,226.40000352204865,248.3211757328333,75.45410337739531,62.073262741285994,1902.0496861468555,2400.041456102783,0,160.0389136953911,159.99997536809087,0.03891369539110201,-2.463190912749269e-05,-0.15463165168508686,2.3004694979808028e-06
encodec_ft_encodec_ft_53tet,3.0kbps,24000,20260826,160.0,226.4,248.3211754028633,226.4Hz_+49.6c,4,226.38928624901072,248.30745231556543,226.40000343337832,248.32117575412482,75.46165013281227,74.4934336782926,1901.988158105963,2084.3308715292296,0,159.98625115294,159.999976194574,-0.013748847059986247,-2.3805425996670238e-05,-0.09567662703447542,2.4489087218774263e-06
encodec_ft_encodec_ft_53tet,3.0kbps,24000,20260826,165.0,220.0,241.99940892120742,220Hz_ongrid,0,219.99067143790182,241.99850713243282,220.00000091671438,241.9994069558234,73.33074455772557,72.63230981142766,1901.9427067745528,2083.5777384004687,0,165.0669590052163,164.99997872603345,0.06695900521629028,-2.1273966552826096e-05,-0.006451298155943169,-1.4060115950593396e-05
encodec_ft_encodec_ft_53tet,3.0kbps,24000,20260826,165.0,220.0,241.99940892120742,220Hz_ongrid,1,219.9797097512022,242.01781743354044,220.00000094226135,241.99940695787024,109.98432089797204,72.61894156074985,1200.0871066839231,2084.0345464124684,0,165.29136354384997,164.99997853964075,0.2913635438499682,-2.1460359249658723e-05,0.1316872277419126,-1.404547315199413e-05
encodec_ft_encodec_ft_53tet,3.0kbps,24000,20260826,165.0,220.0,241.99940892120742,220Hz_ongrid,2,220.0089337650308,242.0762514430616,220.00000093557713,241.99940695572056,109.99637880524449,72.661800195697,1200.1272936449443,2083.43104632029,0,165.47933414042387,164.999978576862,0.4793341404238731,-2.142313800845841e-05,0.5496347049028932,-1.4060851713598768e-05
encodec_ft_encodec_ft_53tet,3.0kbps,24000,20260826,165.0,220.0,241.99940892120742,220Hz_ongrid,3,219.97591071925197,242.02178316311932,220.00000093822388,241.99940694905158,109.97895648903553,72.62744964281168,1200.1416499513234,2083.8600937469932,0,165.3496300272408,164.99997850832514,0.3496300272408064,-2.149167485754333e-05,0.1600551797360885,-1.410856079338794e-05
encodec_ft_encodec_ft_53tet,3.0kbps,24000,20260826,165.0,220.0,241.99940892120742,220Hz_ongrid,4,220.01760897312,241.96536465215974,220.00000095177742,241.99940695149448,110.00748434686713,72.59876986866873,1200.0207754689252,2084.140253052438,0,164.61787055753558,164.999978419145,-0.38212944246441793,-2.1580854991043452e-05,-0.24356565215675663,-1.4091084499954044e-05
encodec_ft_encodec_ft_53tet,3.0kbps,24000,20260826,165.0,226.4,249.039391726188,226.4Hz_+49.6c,0,226.360740505933,249.03750471104658,226.40000344491202,249.03939718347482,75.45205492854663,74.71515675251369,1901.9899968758218,2084.268219541427,0,165.28711736279251,165.00001159460297,0.28711736279251454,1.1594602966624734e-05,-0.01311791366883163,3.793713342991913e-05
encodec_ft_encodec_ft_53tet,3.0kbps,24000,20260826,165.0,226.4,249.039391726188,226.4Hz_+49.6c,1,226.38687422190247,249.0218928385905,226.40000348556495,249.03939695053472,75.46214502774039,74.70434849666364,1901.9583590661546,2084.410144620207,0,164.97872265324884,165.00000966442082,-0.02127734675116244,9.664420815624908e-06,-0.12165037107235832,3.631781597459289e-05
encodec_ft_encodec_ft_53tet,3.0kbps,24000,20260826,165.0,226.4,249.039391726188,226.4Hz_+49.6c,2,226.3651489580544,249.05301777869414,226.40000348130457,249.03939637347383,75.45628549461024,74.70989247984117,1901.926646048719,2084.498041781111,0,165.36124015675432,165.00000568547546,0.3612401567543202,5.685475457539724e-06,0.09472092169521702,3.2306292411609336e-05
encodec_ft_encodec_ft_53tet,3.0kbps,24000,20260826,165.0,226.4,249.039391726188,226.4Hz_+49.6c,3,226.40697588977022,249.03639516451634,226.40000349207844,249.03939712679377,75.46902376171114,74.70732393433182,1901.9542714193735,2084.4420109933067,0,164.9258264676337,165.0000108399045,-0.0741735323663022,1.0839904490467234e-05,-0.020831165588576575,3.754310698119414e-05
encodec_ft_encodec_ft_53tet,3.0kbps,24000,20260826,165.0,226.4,249.039391726188,226.4Hz_+49.6c,4,226.45204582066938,249.0633032969878,226.40000348446844,249.039397206201,75.48691919006026,74.71771567247478,1901.8884005075702,2084.38826225288,0,164.7682789250565,165.00001145010734,-0.23172107494349348,1.1450107336941073e-05,0.16621683030698806,3.809511796457213e-05
encodec_ft_encodec_ft_53tet,3.0kbps,24000,20260826,170.0,220.0,242.69934087602422,220Hz_ongrid,0,220.0210311980671,242.70762242253352,220.00000095739955,242.69934452273085,73.34439788325743,72.82066603233268,1901.859303338453,2084.1594924404185,0,169.8935815444189,170.00001847884215,-0.10641845558109253,1.847884215067097e-05,0.059073298824577715,2.6012854518881803e-05
encodec_ft_encodec_ft_53tet,3.0kbps,24000,20260826,170.0,220.0,242.69934087602422,220Hz_ongrid,1,220.0115306539315,242.68930046568633,220.00000094857265,242.699344456681,110.00113029446439,72.831226065156,1200.07294613256,2083.7777615740015,0,169.83764263300125,170.00001807715333,-0.16235736699874792,1.8077153328022177e-05,-0.07162219617657743,2.5541704422269547e-05
encodec_ft_encodec_ft_53tet,3.0kbps,24000,20260826,170.0,220.0,242.69934087602422,220Hz_ongrid,2,220.02414552713896,242.69976662593982,220.00000093687703,242.69934443601,110.00520251806303,72.83976482372509,1200.108118809624,2083.6494621545025,0,169.81304031715757,170.00001802173773,-0.1869596828424278,1.8021737730578025e-05,0.0030369761248475115,2.5394253137072228e-05
encodec_ft_encodec_ft_53tet,3.0kbps,24000,20260826,170.0,220.0,242.69934087602422,220Hz_ongrid,3,219.99941412590647,242.74508803696006,220.00000095033346,242.69934452842705,109.99368144551597,72.84241094386002,1200.0948369780324,2083.9098291091923,0,170.3309053847832,170.00001857507954,0.3309053847831933,1.857507953673121e-05,0.3262949914661296,2.605348678004519e-05
encodec_ft_encodec_ft_53tet,3.0kbps,24000,20260826,170.0,220.0,242.69934087602422,220Hz_ongrid,4,220.0020149334018,242.74348229613818,220.00000094530216,242.69934454531193,73.33904196731264,72.8362630452733,1901.8360941141732,2084.0444993848655,0,170.29898703491628,170.00001873511604,0.29898703491628,1.8735116043444577e-05,0.31484296826841884,2.6173930873700644e-05
encodec_ft_encodec_ft_53tet,3.0kbps,24000,20260826,170.0,226.4,249.75968533787218,226.4Hz_+49.6c,0,226.41592110834918,249.66122818879697,226.4000034581278,249.75968719742042,75.47081405212282,74.89526793784013,1901.981602026502,2084.4303812471044,0,169.19565879950187,169.9999864460541,-0.8043412004981292,-1.3553945905186993e-05,-0.6826000531601304,1.2889643192548651e-05
encodec_ft_encodec_ft_53tet,3.0kbps,24000,20260826,170.0,226.4,249.75968533787218,226.4Hz_+49.6c,1,226.3848785826208,249.73407003126204,226.4000034544931,249.75968704563175,75.4599835059869,74.91878334538369,1901.9926876855093,2084.3919344276055,0,169.93807007198993,169.99998542170965,-0.061929928010073354,-1.4578290347344591e-05,-0.1775641458696313,1.1837504801804158e-05
encodec_ft_encodec_ft_53tet,3.0kbps,24000,20260826,170.0,226.4,249.75968533787218,226.4Hz_+49.6c,2,226.30061873504698,249.8152262312928,226.40000350633014,249.75968746558215,75.43216045328546,74.94329347139809,1901.986652702319,2084.388152090408,0,171.145059270225,169.9999879362503,1.1450592702250049,-1.2063749693425052e-05,0.38494441564109777,1.474843268792065e-05
encodec_ft_encodec_ft_53tet,3.0kbps,24000,20260826,170.0,226.4,249.75968533787218,226.4Hz_+49.6c,3,226.37179487170093,249.85328757190157,226.4000035053569,249.75968726548044,75.45651360610249,74.95694867210116,1901.9722393796364,2084.3364848899355,0,170.86438385621025,169.9999865566678,0.864383856210253,-1.3443332193219248e-05,0.6486916285322389,1.3361407966076938e-05
encodec_ft_encodec_ft_53tet,3.0kbps,24000,20260826,170.0,226.4,249.75968533787218,226.4Hz_+49.6c,4,226.37950231015668,249.77543601900405,226.4000033680205,249.75968702959892,75.45945176375236,74.93774973568071,1901.963772698457,2084.2404499264276,0,170.26592266465738,169.99998597181462,0.26592266465738135,-1.4028185375991598e-05,0.10917396721351796,1.1726371914701309e-05
encodec_ft_encodec_ft_53tet,3.0kbps,24000,20260826,175.0,220.0,243.40129723554335,220Hz_ongrid,0,220.01524360648256,243.4198742083317,220.00000094357137,243.401294626023,110.00285779422546,73.03538877217999,1200.074974743336,2084.135252180692,0,175.01217537824962,174.99997401413788,0.012175378249622781,-2.5985862123434345e-05,0.13212690705273272,-1.856066735767528e-05
encodec_ft_encodec_ft_53tet,3.0kbps,24000,20260826,175.0,220.0,243.40129723554335,220Hz_ongrid,1,219.98388685303533,243.4108277125842,220.00000094343952,243.40129456432706,109.98871303645272,73.0291267162168,1200.050845936752,2084.2193535338542,0,175.19458880380924,174.99997357635223,0.19458880380923915,-2.6423647767614966e-05,0.06778584802412128,-1.8999490407842413e-05
encodec_ft_encodec_ft_53tet,3.0kbps,24000,20260826,175.0,220.0,243.40129723554335,220Hz_ongrid,2,219.99255088364518,243.38503729313265,220.00000092412193,243.40129457116942,109.98843335467501,73.02882339694392,1200.1234311999744,2084.0431026798065,0,174.94296438832853,174.9999737770347,-0.05703561167146631,-2.622296528898005e-05,-0.1156555307782077,-1.8950822990835088e-05
encodec_ft_encodec_ft_53tet,3.0kbps,24000,20260826,175.0,220.0,243.40129723554335,220Hz_ongrid,3,220.0275596895948,243.4249464740162,220.00000095156622,243.40129462150526,73.34514794119913,73.0358244642987,1901.8929675604961,2084.160998788958,0,174.95134076423784,174.99997391909113,-0.048659235762158914,-2.6080908867243124e-05,0.16820114954753632,-1.8592800673005728e-05
encodec_ft_encodec_ft_53tet,3.0kbps,24000,20260826,175.0,220.0,243.40129723554335,220Hz_ongrid,4,220.00116681909373,243.40642520434042,220.0000009601595,243.4012945586341,109.99338064271492,73.02750432580905,1200.1133637938212,2084.226501809332,0,175.02729122375067,174.99997340428664,0.02729122375066595,-2.659571336494082e-05,0.036473185510885714,-1.9039982552186384e-05
encodec_ft_encodec_ft_53tet,3.0kbps,24000,20260826,175.0,226.4,250.4820622460319,226.4Hz_+49.6c,0,226.38732145200865,250.44252287060266,226.40000347280682,250.48205971100793,75.4599684997803,75.13553707804469,1902.011713228834,2084.294651500206,0,174.82365068291347,174.99995592306956,-0.17634931708653312,-4.4076930436176553e-05,-0.2733022702334912,-1.7521094196839382e-05
encodec_ft_encodec_ft_53tet,3.0kbps,24000,20260826,175.0,226.4,250.4820622460319,226.4Hz_+49.6c,1,226.3625425404031,250.47165046224254,226.40000339330004,250.48205951055138,75.4510206769972,75.14663170637826,1902.0275098778106,2084.2403723015195,0,175.21448948280548,174.999955145564,0.21448948280547597,-4.485443599833161e-05,-0.07196367310189065,-1.890657149731286e-05
encodec_ft_encodec_ft_53tet,3.0kbps,24000,20260826,175.0,226.4,250.4820622460319,226.4Hz_+49.6c,2,226.38580579260318,250.50000019608692,226.4000034665888,250.48205956272824,75.46088943982679,75.1448753953267,1901.9789941449947,2084.476774136486,0,175.2325192315263,174.99995494576618,0.23251923152631093,-4.5054233822838796e-05,0.12397565600488111,-1.8545945370333926e-05
encodec_ft_encodec_ft_53tet,3.0kbps,24000,20260826,175.0,226.4,250.4820622460319,226.4Hz_+49.6c,3,226.34426561598252,250.48966893047572,226.40000357090491,250.48206014070703,75.44797972201786,75.14018649567376,1901.9574977770644,2084.51340124658,0,175.4788154227009,174.99995814284577,0.4788154227009045,-4.1857154229774096e-05,0.05257362957288557,-1.4551182017127011e-05
encodec_ft_encodec_ft_53tet,3.0kbps,24000,20260826,175.0,226.4,250.4820622460319,226.4Hz_+49.6c,4,226.37344292900895,250.42678837108065,226.4000033968101,250.4820598505367,75.45248885435865,75.12921021300343,1902.0771874805052,2084.33166668581,0,174.82101478610997,174.99995746856914,-0.17898521389003008,-4.2531430864301e-05,-0.38207356332369347,-1.6556725895250947e-05
encodec_ft_encodec_ft_53tet,3.0kbps,24000,20260826,180.0,220.0,244.10528385492591,220Hz_ongrid,0,220.00442863954117,244.115866795128,220.00000095453007,244.1052867822847,73.3301531938304,73.23911250503448,1902.0649280922034,2084.255825869247,0,180.04020459027603,180.00001324986917,0.040204590276033514,1.3249869169840167e-05,0.07505429207878883,2.0761300821114804e-05
encodec_ft_encodec_ft_53tet,3.0kbps,24000,20260826,180.0,220.0,244.10528385492591,220Hz_ongrid,1,219.9842778729781,244.10090167047883,220.00000094573596,244.10528679586272,73.32203922818569,73.23531878679384,1902.0979239624787,2084.239370783259,0,180.09264626319478,180.00001341536975,0.09264626319477998,1.341536975019153e-05,-0.031079437947330535,2.0857598127129067e-05
encodec_ft_encodec_ft_53tet,3.0kbps,24000,20260826,180.0,220.0,244.10528385492591,220Hz_ongrid,2,219.99093511814854,244.08852444006848,220.0000009502321,244.1052867678584,109.9929255503702,73.24058691927203,1200.04000949286,2084.0270550109944,0,179.9524706979425,180.00001318137726,-0.04752930205751227,1.3181377255477855e-05,-0.11886455404393292,2.0658986711370465e-05
encodec_ft_encodec_ft_53tet,3.0kbps,24000,20260826,180.0,220.0,244.10528385492591,220Hz_ongrid,3,219.9950484842793,244.1186857484567,220.0000009232162,244.10528680324774,73.33831053000216,73.24922673264598,1901.798539370338,2084.036752661394,0,180.13401091383733,180.0000136449588,0.13401091383732933,1.3644958812619734e-05,0.09504578166095715,2.0909973765423455e-05
encodec_ft_encodec_ft_53tet,3.0kbps,24000,20260826,180.0,220.0,244.10528385492591,220Hz_ongrid,4,219.99557092842622,244.0873268560545,220.0000009429263,244.10528680555086,109.99546269726139,73.24080172185658,1200.0365579695617,2084.0134835309555,0,179.90749518612066,180.00001350618936,-0.09250481387934428,1.3506189361578436e-05,-0.1273586170590216,2.092630778069493e-05
encodec_ft_encodec_ft_53tet,3.0kbps,24000,20260826,180.0,226.4,251.20652847616012,226.4Hz_+49.6c,0,226.39648501073984,251.20542846446392,226.40000353395524,251.20652352186806,75.46369452493632,75.36234694380458,1901.9963056645765,2084.3422096360305,0,180.01929766468612,179.99993883319746,0.019297664686121152,-6.116680253853701e-05,-0.007580941004679692,-3.4143376782632995e-05
encodec_ft_encodec_ft_53tet,3.0kbps,24000,20260826,180.0,226.4,251.20652847616012,226.4Hz_+49.6c,1,226.43838983839407,251.19573455332926,226.40000358052902,251.20652412134476,75.47869531007139,75.3579407945878,1901.972615478268,2084.3766223740313,0,179.63207590016683,179.99994260845656,-0.367924099833175,-5.739154343586961e-05,-0.07438981909817027,-3.0011977512257205e-05
encodec_ft_encodec_ft_53tet,3.0kbps,24000,20260826,180.0,226.4,251.20652847616012,226.4Hz_+49.6c,2,226.37754698397657,251.13432940710643,226.4000035535061,251.20652407805082,75.45487441011839,75.3502624656958,1902.0538387638169,2084.1297749841096,0,179.67405796965187,179.99994251672751,-0.32594203034813063,-5.748327248511487e-05,-0.49764412173831835,-3.0310345366774458e-05
encodec_ft_encodec_ft_53tet,3.0kbps,24000,20260826,180.0,226.4,251.20652847616012,226.4Hz_+49.6c,3,226.3872526711449,251.18514819262,226.40000346257085,251.20652369224692,75.4609572267519,75.35668981747396,1901.9885036085602,2084.3323994662455,0,179.95012667421355,179.99994055325487,-0.049873325786450096,-5.944674512647907e-05,-0.14735226153081837,-3.29691808924188e-05
encodec_ft_encodec_ft_53tet,3.0kbps,24000,20260826,180.0,226.4,251.20652847616012,226.4Hz_+49.6c,4,226.37580778840214,251.1777139704346,226.40000334220508,251.2065238979331,75.45866928169076,75.35238597497897,1901.953470910533,2084.380038794085,0,179.98641109828122,179.99994289118985,-0.01358890171877647,-5.71088101537498e-05,-0.1985916326945807,-3.1551658487487204e-05
encodec_ft_encodec_ft_53tet,3.0kbps,24000,20260826,185.0,220.0,244.81130660626792,220Hz_ongrid,0,220.0123640411327,244.87708168774935,220.0000009492835,244.8113060875264,109.99620955564028,73.46727344163268,1200.1569498469653,2084.26094183467,0,185.36778674427865,184.99998886146625,0.36778674427864644,-1.1138533750454371e-05,0.46507968760417834,-3.6683886164200505e-06
encodec_ft_encodec_ft_53tet,3.0kbps,24000,20260826,185.0,220.0,244.81130660626792,220Hz_ongrid,1,219.98676180847735,244.82514755493997,220.00000092737977,244.8113061374782,73.32435088936808,73.457742632938,1902.0628913127605,2084.118343715884,0,185.20205409498334,184.99998938707674,0.20205409498333893,-1.0612923261987817e-05,0.09787637915903444,-3.315143956116589e-06
encodec_ft_encodec_ft_53tet,3.0kbps,24000,20260826,185.0,220.0,244.81130660626792,220Hz_ongrid,2,219.9759884211621,244.79470798625331,220.00000094507612,244.8113061480745,109.98042200017615,73.44495196048538,1200.1191922796068,2084.2045564416244,0,185.07157875359204,184.99998932275366,0.07157875359203558,-1.0677246336854296e-05,-0.11738457164059769,-3.2402101079513114e-06
encodec_ft_encodec_ft_53tet,3.0kbps,24000,20260826,185.0,220.0,244.81130660626792,220Hz_ongrid,3,220.00205870450606,244.77683278904885,220.00000095327508,244.81130595110824,73.33463677593433,61.19402542914904,1901.9404301844272,2400.005170666677,0,184.73999369243163,184.9999878653465,-0.26000630756837495,-1.2134653502471338e-05,-0.24380593183196636,-4.633097883547131e-06
encodec_ft_encodec_ft_53tet,3.0kbps,24000,20260826,185.0,220.0,244.81130660626792,220Hz_ongrid,4,220.00325110866567,244.7630535770241,220.0000009406677,244.81130591137344,73.3325712497775,73.43628055388557,1901.9985756108338,2084.185089293074,0,184.6331514552161,184.999987683564,-0.36684854478389184,-1.2316435999082387e-05,-0.341264961003125,-4.914090732695564e-06
encodec_ft_encodec_ft_53tet,3.0kbps,24000,20260826,185.0,226.4,251.93309007117753,226.4Hz_+49.6c,0,226.39428558621248,251.91967075313872,226.40000346499409,251.93308530026442,75.4614548766499,62.98052381807163,1902.0308679464702,2399.983338379688,0,184.95148015515613,184.99994071914045,-0.04851984484386662,-5.9280859545651765e-05,-0.0922173385396128,-3.278476558346534e-05
encodec_ft_encodec_ft_53tet,3.0kbps,24000,20260826,185.0,226.4,251.93309007117753,226.4Hz_+49.6c,1,226.39229526277356,251.91699847720776,226.40000339562545,251.93308528501524,75.46306078762528,75.55142238537798,1901.9788055418621,2084.9011816747493,0,184.9483357746771,184.9999411447987,-0.05166422532289516,-5.885520130277655e-05,-0.11058176242054765,-3.288955492001218e-05
encodec_ft_encodec_ft_53tet,3.0kbps,24000,20260826,185.0,226.4,251.93309007117753,226.4Hz_+49.6c,2,226.44903655141323,251.8957600434578,226.40000350060967,251.93308522108373,75.48390551522448,62.976943771106775,1901.9345120616797,2399.917424763502,0,184.36852469228467,184.99993990268146,-0.6314753077153341,-6.009731853851008e-05,-0.25654352720979884,-3.332887963041147e-05
encodec_ft_encodec_ft_53tet,3.0kbps,24000,20260826,185.0,226.4,251.93309007117753,226.4Hz_+49.6c,3,226.39638542180018,251.94119364517226,226.40000349492405,251.93308521895327,75.46358611799167,83.97647133563514,1901.9980311128215,1902.0359474836157,0,185.08332540568887,184.999939931518,0.0833254056888677,-6.006848198580883e-05,0.055685251950159775,-3.334351973829552e-05
encodec_ft_encodec_ft_53tet,3.0kbps,24000,20260826,185.0,226.4,251.93309007117753,226.4Hz_+49.6c,4,226.37355557674758,251.9368774201772,226.40000348681156,251.93308530018547,75.45338922813954,62.98669982855139,1902.057390300329,2399.931821086618,0,185.22825256744852,184.9999405517643,0.2282525674485214,-5.944823570303015e-05,0.026025712850814047,-3.278530817985683e-05
encodec_ft_encodec_ft_53tet,3.0kbps,24000,20260826,190.0,220.0,245.51937137864914,220Hz_ongrid,0,220.0234870901615,245.5094373534889,220.00000095073273,245.51936752983605,110.0090782827335,61.377296688552505,1200.0419432387093,2400.0017671264713,0,189.74513483999866,189.99996537926285,-0.2548651600013443,-3.462073715354563e-05,-0.07004934251604883,-2.713918775840727e-05
encodec_ft_encodec_ft_53tet,3.0kbps,24000,20260826,190.0,220.0,245.51937137864914,220Hz_ongrid,1,219.9924629690443,245.52866431660277,220.00000093203417,245.5193675481427,109.99025640575329,73.6584560812761,1200.0940445016624,2084.3620790243967,0,190.12483794269647,189.99996565549228,0.12483794269647319,-3.434450772488162e-05,0.0655261784332272,-2.7010101905374012e-05
encodec_ft_encodec_ft_53tet,3.0kbps,24000,20260826,190.0,220.0,245.51937137864914,220Hz_ongrid,2,220.02319850850986,245.53828186725622,220.00000093191176,245.51936752187646,110.00711856488009,73.66608681335676,1200.0705132916598,2084.250551610024,0,189.95079350946244,189.99996547124414,-0.0492064905375571,-3.452875586162918e-05,0.1333386479604992,-2.719531332927958e-05
encodec_ft_encodec_ft_53tet,3.0kbps,24000,20260826,190.0,220.0,245.51937137864914,220Hz_ongrid,3,220.0189588273028,245.5109623503167,220.00000093919414,245.5193676558507,110.00534767283678,81.83726615659444,1200.0650229848213,1901.949104933039,0,189.79151904809024,189.99996635863172,-0.20848095190976323,-3.3641368275993955e-05,-0.05929571014290927,-2.625061899461065e-05
encodec_ft_encodec_ft_53tet,3.0kbps,24000,20260826,190.0,220.0,245.51937137864914,220Hz_ongrid,4,220.01697447725448,245.53073805862888,220.00000093730768,245.51936742021073,110.00121766948949,61.38169244450343,1200.1144070042105,2400.0279805212535,0,189.946576989434,189.99996471190542,-0.05342301056600718,-3.5288094579755125e-05,0.08014816830734947,-2.7912190218789474e-05
encodec_ft_encodec_ft_53tet,3.0kbps,24000,20260826,190.0,226.4,252.66175309148255,226.4Hz_+49.6c,0,226.39820500947116,252.65296099091813,226.40000355505975,252.66174950641448,75.46104633637155,84.21632621477953,1902.0702122059367,1901.9822890012645,0,189.95348160410745,189.99994825036651,-0.046518395892547915,-5.174963348508754e-05,-0.06024437221902539,-2.456482583099644e-05
encodec_ft_encodec_ft_53tet,3.0kbps,24000,20260826,190.0,226.4,252.66175309148255,226.4Hz_+49.6c,1,226.37614453185415,252.6321216365126,226.4000034862074,252.6617493999876,75.45558838805032,84.20990826977113,1902.0267319974762,1901.9714258889123,0,189.97938131635254,189.9999480476311,-0.020618683647455782,-5.195236889221633e-05,-0.20304613371282135,-2.5294060962432556e-05
encodec_ft_encodec_ft_53tet,3.0kbps,24000,20260826,190.0,226.4,252.66175309148255,226.4Hz_+49.6c,2,226.4021971567572,252.6894260283269,226.40000354076656,252.66174905982817,75.46253035745174,84.22601394867492,1902.0666930956736,1902.0329983039978,0,190.17280298859066,189.9999452996617,0.1728029885906608,-5.470033829624299e-05,0.18960411108125327,-2.762482767254643e-05
encodec_ft_encodec_ft_53tet,3.0kbps,24000,20260826,190.0,226.4,252.66175309148255,226.4Hz_+49.6c,3,226.4705316705569,252.65819874146337,226.40000347862116,252.66174919519025,75.48950650999859,84.21266080109929,1901.9703825651623,1902.0935303627566,0,189.43638835699795,189.99994670237345,-0.5636116430020479,-5.3297626550374844e-05,-0.024354517383763406,-2.6697329011038044e-05
encodec_ft_encodec_ft_53tet,3.0kbps,24000,20260826,190.0,226.4,252.66175309148255,226.4Hz_+49.6c,4,226.38583974031104,252.68257164673548,226.40000349663555,252.6617491322687,75.45985706190892,84.22479745091722,1902.0029388698088,1902.0110415386227,0,190.25092647925732,189.99994613348375,0.25092647925731626,-5.3866516253719965e-05,0.14264251110482298,-2.7128466338210674e-05
encodec_ft_encodec_ft_53tet,3.0kbps,24000,20260826,195.0,220.0,246.22948407818222,220Hz_ongrid,0,220.00896584789461,246.27272612809796,220.0000009277246,246.22948838099117,73.34008575294406,82.79469200547982,1901.8661518796612,1887.1760147148066,0,195.23345417947226,195.00002295246145,0.2334541794722611,2.2952461449676775e-05,0.30400720161866696,3.0252953977714503e-05
encodec_ft_encodec_ft_53tet,3.0kbps,24000,20260826,195.0,220.0,246.22948407818222,220Hz_ongrid,1,220.01066962625512,246.25013795990782,220.0000009186538,246.22948805879412,73.34175360109766,73.88158973688058,1901.8401886840797,2084.2052616854016,0,195.0612510205158,195.00002075848147,0.06125102051581166,2.075848146887438e-05,0.14521089486603508,2.7987593942654575e-05
encodec_ft_encodec_ft_53tet,3.0kbps,24000,20260826,195.0,220.0,246.22948407818222,220Hz_ongrid,2,220.0109736845153,246.25124590707495,220.00000093596972,246.22948811090365,109.99877192910917,73.88088984348701,1200.105680556801,2084.229451331155,0,195.06664771015525,195.00002098859926,0.06664771015525162,2.0988599260363117e-05,0.15300017596498514,2.8353974695142395e-05
encodec_ft_encodec_ft_53tet,3.0kbps,24000,20260826,195.0,220.0,246.22948407818222,220Hz_ongrid,3,219.96225369414321,246.22366460633882,220.00000093052748,246.2294882855548,109.97598258648037,82.07395176151888,1200.0809786882305,1901.9677225141727,0,195.2561433777108,195.0000222593937,0.2561433777107993,2.225939368827312e-05,-0.040917061167191834,2.9581943131206244e-05
encodec_ft_encodec_ft_53tet,3.0kbps,24000,20260826,195.0,220.0,246.22948407818222,220Hz_ongrid,4,220.02050339347983,246.2210413898508,220.00000092636236,246.22948806593357,73.33940741771129,73.86876953974951,1901.9729501394286,2084.3011253961754,0,194.77929990516506,195.00002074801824,-0.2207000948349389,2.074801824392125e-05,-0.059361372363470666,2.8037791122608883e-05
encodec_ft_encodec_ft_53tet,3.0kbps,24000,20260826,195.0,226.4,253.39252361500206,226.4Hz_+49.6c,0,226.38541007369156,253.41448393173218,226.400003441827,253.39252043683197,75.45930001876268,84.46266866741108,1902.0124330713475,1902.1358977396117,0,195.2616010130978,194.99995196709514,0.2616010130977884,-4.8032904857109315e-05,0.15003126440310915,-2.1713964630043968e-05
encodec_ft_encodec_ft_53tet,3.0kbps,24000,20260826,195.0,226.4,253.39252361500206,226.4Hz_+49.6c,1,226.4379899751895,253.37425689459928,226.40000346312482,253.39252055989422,75.47717023787051,84.4558024340285,1902.0045388371002,1902.001802810523,0,194.58471608191815,194.9999526450238,-0.4152839180818546,-4.735497620345086e-05,-0.12480679301031443,-2.087317606507671e-05
encodec_ft_encodec_ft_53tet,3.0kbps,24000,20260826,195.0,226.4,253.39252361500206,226.4Hz_+49.6c,2,226.42395175080327,253.37727993600424,226.40000360615124,253.39252073498713,75.47183420807232,84.45597000538763,1902.0196039625403,1902.0190232758214,0,194.71270425887244,194.99995274760388,-0.28729574112756495,-4.7252396115027295e-05,-0.10415133631535212,-1.9676902296284617e-05
encodec_ft_encodec_ft_53tet,3.0kbps,24000,20260826,195.0,226.4,253.39252361500206,226.4Hz_+49.6c,3,226.38345610449375,253.33900000154824,226.40000346830442,253.39252023406704,75.46037097029583,84.4454396136938,1901.9729201851944,1901.9733231168125,0,194.76078852304792,194.99995037929278,-0.23921147695207878,-4.962070721603595e-05,-0.36572385204538405,-2.3099299893939855e-05
encodec_ft_encodec_ft_53tet,3.0kbps,24000,20260826,195.0,226.4,253.39252361500206,226.4Hz_+49.6c,4,226.4337562413876,253.398354822136,226.40000352009847,253.39252053725767,75.4728024160656,84.4645093540273,1902.072357927066,1901.9879779182363,0,194.78173187910963,194.9999520547003,-0.21826812089037162,-4.794529971263728e-05,0.039839644979642375,-2.10278339107148e-05
encodec_ft_encodec_ft_53tet,3.0kbps,24000,20260826,200.0,220.0,246.94165062806206,220Hz_ongrid,0,220.01045223147267,246.9501600908824,220.0000009258145,246.94164793538476,73.33615041090792,74.09180121720775,1901.9707465396712,2084.2009103138475,0,199.9774070471709,199.99997383698314,-0.022592952829086244,-2.6163016855207388e-05,0.05965627068764679,-1.8877555180067313e-05
encodec_ft_encodec_ft_53tet,3.0kbps,24000,20260826,200.0,220.0,246.94165062806206,220Hz_ongrid,1,219.99789955832387,246.9286188707665,220.00000094063358,246.94164832665726,73.32574111384855,74.08092801404396,1902.1177162947633,2084.303972526206,0,199.92516480727207,199.99997646346264,-0.0748351927279316,-2.3536537355539622e-05,-0.0913641632137653,-1.6134460780838674e-05
encodec_ft_encodec_ft_53tet,3.0kbps,24000,20260826,200.0,220.0,246.94165062806206,220Hz_ongrid,2,220.01667453886347,246.93421910296706,220.00000094753798,246.94164805153886,73.3418507604572,74.07792427011432,1901.8851464324525,2084.41343311475,0,199.81668794597564,199.99997448035717,-0.18331205402435558,-2.5519642832705358e-05,-0.052100983548545955,-1.8063233518733636e-05
encodec_ft_encodec_ft_53tet,3.0kbps,24000,20260826,200.0,220.0,246.94165062806206,220Hz_ongrid,3,220.02931794600704,246.96280827631037,220.0000009453622,246.94164773196457,73.35394510610304,74.09074872850627,1901.699166673764,2084.3141703295078,0,199.91762884069047,199.99997225703947,-0.0823711593095311,-2.774296052621139e-05,0.14832358934086368,-2.030367339312845e-05
encodec_ft_encodec_ft_53tet,3.0kbps,24000,20260826,200.0,220.0,246.94165062806206,220Hz_ongrid,4,220.02730427697793,246.90560857517937,220.00000095979567,246.94164818304122,73.34662805044317,74.07450577513066,1901.8560218576854,2084.2927291967785,0,199.53245077503482,199.99997530582223,-0.4675492249651825,-2.4694177767514702e-05,-0.25269849370115227,-1.7141309785547597e-05
encodec_ft_encodec_ft_53tet,3.0kbps,24000,20260826,200.0,226.4,254.12540773724206,226.4Hz_+49.6c,0,226.36687985731095,254.15250106786843,226.40000338320297,254.1254043399942,75.4523519697517,84.7163242913567,1902.0301351891092,1901.9790343555449,0,200.4378453972443,199.99995098553174,0.4378453972443026,-4.9014468260111244e-05,0.18456397854343656,-2.3143814132614607e-05
encodec_ft_encodec_ft_53tet,3.0kbps,24000,20260826,200.0,226.4,254.12540773724206,226.4Hz_+49.6c,1,226.37368851281087,254.07585226923894,226.40000338263374,254.1254043351548,75.45384900763156,84.68706489676423,1902.0478576130158,1902.0548782504652,0,199.86357973679085,199.99995095691585,-0.13642026320914624,-4.9043084146660476e-05,-0.3376304647307027,-2.317678258133085e-05
encodec_ft_encodec_ft_53tet,3.0kbps,24000,20260826,200.0,226.4,254.12540773724206,226.4Hz_+49.6c,2,226.37457565898757,254.15161418345244,226.40000342727024,254.1254043105231,75.4537756610676,76.08520578000156,1902.056325096562,2088.001835152238,0,200.37294829827934,199.99995044778584,0.37294829827933995,-4.9552214164805264e-05,0.17852269556951778,-2.3344586520901243e-05
encodec_ft_encodec_ft_53tet,3.0kbps,24000,20260826,200.0,226.4,254.12540773724206,226.4Hz_+49.6c,3,226.44704718081422,254.12462493920336,226.40000360015793,254.1254043399763,75.48144685612893,84.73279125986983,1901.975693595339,1901.4526568643962,0,199.63494446395697,199.9999493264001,-0.3650555360430303,-5.067359990107434e-05,-0.005332834357196838,-2.3143935990960443e-05
encodec_ft_encodec_ft_53tet,3.0kbps,24000,20260826,200.0,226.4,254.12540773724206,226.4Hz_+49.6c,4,226.30680340456004,254.14309800911823,226.40000351929044,254.1254043122743,75.43504941716571,84.71214603639055,1901.9676627375648,1902.0003689934836,0,200.83331295196297,199.99994975605654,0.8333129519629665,-5.024394346264671e-05,0.12051111046764516,-2.3332656511960497e-05
encodec_ft_encodec_ft_53tet,3.0kbps,24000,20260826,205.0,220.0,247.65587696861508,220Hz_ongrid,0,220.0220947117033,247.6537212403429,220.00000094407764,247.65587376462582,110.0053765331359,61.91162129539639,1200.0892435319176,2400.0505847207014,0,204.8110703695769,204.9999701733904,-0.18892963042310384,-2.9826609591054876e-05,-0.0150696461318352,-2.2397430611307658e-05
encodec_ft_encodec_ft_53tet,3.0kbps,24000,20260826,205.0,220.0,247.65587696861508,220Hz_ongrid,1,220.0070686026669,247.68245016233487,220.00000094500143,247.65587337007287,109.99866261889053,74.30829111948844,1200.076672166377,2084.2758617045247,0,205.13012580042653,204.99996740800538,0.13012580042652644,-3.259199462490869e-05,0.18574947781954554,-2.5155546079759982e-05
encodec_ft_encodec_ft_53tet,3.0kbps,24000,20260826,205.0,220.0,247.65587696861508,220Hz_ongrid,2,219.99385385027372,247.68770630370622,220.00000093598675,247.6558735547986,109.99371871065547,82.56443423300959,1200.0504946029066,1901.9158848316326,0,205.2708543474656,204.99996877026607,0.2708543474655869,-3.122973393487882e-05,0.222488109690349,-2.3864224143655128e-05
encodec_ft_encodec_ft_53tet,3.0kbps,24000,20260826,205.0,220.0,247.65587696861508,220Hz_ongrid,3,220.02193020250016,247.64766837891744,220.00000094996457,247.65587321089174,73.34414695472601,82.54958555452555,1901.8723001057774,1901.9473929951832,0,204.77005149673374,204.99996625619636,-0.22994850326625738,-3.37438036410731e-05,-0.0573829527939384,-2.6268299026096022e-05
encodec_ft_encodec_ft_53tet,3.0kbps,24000,20260826,205.0,220.0,247.65587696861508,220Hz_ongrid,4,220.03167690460688,247.6618461745417,220.00000093765576,247.65587376178996,110.01125889207442,82.55469889891455,1200.0720664926735,1901.9392690802051,0,204.79247172564783,204.99997020410174,-0.20752827435217114,-2.9795898257134468e-05,0.0417271260998097,-2.241725469614045e-05
encodec_ft_encodec_ft_53tet,3.0kbps,24000,20260826,205.0,226.4,254.86041157133843,226.4Hz_+49.6c,0,226.36990142266106,254.84275581267408,226.4000034140009,254.86040710038316,75.45259228621555,76.3711017988139,1902.0477297134955,2086.2103212162783,0,205.11023545018787,204.99994352321488,0.11023545018787217,-5.64767851187753e-05,-0.11993745587619926,-3.037062526944965e-05
encodec_ft_encodec_ft_53tet,3.0kbps,24000,20260826,205.0,226.4,254.86041157133843,226.4Hz_+49.6c,1,226.31760631508766,254.881885282667,226.4000033556085,254.8604073073058,75.43339756876637,60.51245645017303,1902.0882127387692,2489.4297447244267,0,205.776024187556,204.99994537532862,0.7760241875560041,-5.462467137817839e-05,0.1458620187624468,-2.896502634063503e-05
encodec_ft_encodec_ft_53tet,3.0kbps,24000,20260826,205.0,226.4,254.86041157133843,226.4Hz_+49.6c,2,226.40475151621422,254.78277365411594,226.40000348524396,254.86040705485743,75.46626684051495,90.27428982129697,1902.0005065357898,1796.256800102569,0,204.43620177112422,204.9999426691838,-0.5637982288757826,-5.7330816190415135e-05,-0.5274647468286137,-3.067987580474029e-05
encodec_ft_encodec_ft_53tet,3.0kbps,24000,20260826,205.0,226.4,254.86041157133843,226.4Hz_+49.6c,3,226.3687655172551,254.77582491524893,226.4000036330637,254.86040715522745,75.45515190834372,63.69777156585273,1901.9803138403058,2399.8963003091408,0,204.6641784518528,204.99994222063734,-0.33582154814720866,-5.777936266326833e-05,-0.5746816649972906,-2.9998075089469412e-05
encodec_ft_encodec_ft_53tet,3.0kbps,24000,20260826,205.0,226.4,254.86041157133843,226.4Hz_+49.6c,4,226.364800425636,254.89924552262045,226.4000034064548,254.8604070458229,75.45264651870373,90.68268943411054,1902.0074734711548,1789.2336232539253,0,205.53295875168502,204.99994321029763,0.5329587516850154,-5.678970236999703e-05,0.2637739488155099,-3.074124608976108e-05
encodec_ft_encodec_ft_53tet,3.0kbps,24000,20260826,210.0,220.0,248.37216905734886,220Hz_ongrid,0,220.03594970990264,248.34897525511775,220.00000095318515,248.3721735613462,73.35067464490166,74.50622886395469,1901.8285341270573,2084.323015306098,0,209.55545018790642,210.00002389346426,-0.4445498120935838,2.3893464259572283e-05,-0.16167582410672515,3.139431226857994e-05
encodec_ft_encodec_ft_53tet,3.0kbps,24000,20260826,210.0,220.0,248.37216905734886,220Hz_ongrid,1,220.01375375907094,248.37482942967804,220.00000094803005,248.37217345267825,73.34441988784985,74.51119759191651,1901.8015205099557,2084.3877846820596,0,209.9103152269556,210.0000231765805,-0.0896847730444108,2.3176580498329713e-05,0.01854355305049346,3.06368619571858e-05
encodec_ft_encodec_ft_53tet,3.0kbps,24000,20260826,210.0,220.0,248.37216905734886,220Hz_ongrid,2,220.07256319577377,248.36628891461788,220.00000094831694,248.37217372337315,73.37701497437011,82.78973428307727,1901.4950066429792,1901.934689440478,0,209.3880895600273,210.00002506115356,-0.6119104399726893,2.5061153564820415e-05,-0.04098697472017298,3.2523692690946086e-05
encodec_ft_encodec_ft_53tet,3.0kbps,24000,20260826,210.0,220.0,248.37216905734886,220Hz_ongrid,3,220.03485462234576,248.36447020154742,220.00000095014425,248.3721734922499,73.34366815676222,74.51114815108808,1901.9852941235497,2084.316725527329,0,209.67207780114143,210.00002343577034,-0.3279221988585732,2.343577034480404e-05,-0.05366433739716662,3.091268927541887e-05
encodec_ft_encodec_ft_53tet,3.0kbps,24000,20260826,210.0,220.0,248.37216905734886,220Hz_ongrid,4,220.02788494666976,248.369986654063,220.0000009526331,248.3721737305144,110.01146549603624,62.09014375880436,1200.038979384044,2400.0656038354027,0,209.76536828839392,210.00002507696533,-0.23463171160608454,2.5076965329162704e-05,-0.015212120951773737,3.257346932494536e-05
encodec_ft_encodec_ft_53tet,3.0kbps,24000,20260826,210.0,226.4,255.5975412481081,226.4Hz_+49.6c,0,226.34904431223734,255.5652024926357,226.40000354271916,255.5975362151253,75.4460133526259,85.18799285033073,1902.0391691153488,1901.9632920353145,0,210.17063813167854,209.99993881974962,0.17063813167854391,-6.118025038404085e-05,-0.21905334588044031,-3.408980850696379e-05
encodec_ft_encodec_ft_53tet,3.0kbps,24000,20260826,210.0,226.4,255.5975412481081,226.4Hz_+49.6c,1,226.38783246045926,255.63282410528285,226.40000343947582,255.59753621239904,75.46428514129587,85.21232188552372,1901.916589663022,1901.9269530724216,0,210.33200938667787,209.9999395907642,0.3320093866778677,-6.0409235800307215e-05,0.23896422406014775,-3.4108274274997556e-05
encodec_ft_encodec_ft_53tet,3.0kbps,24000,20260826,210.0,226.4,255.5975412481081,226.4Hz_+49.6c,2,226.40191869803874,255.638038430241,226.40000343945712,255.5975361558405,75.46385110500675,85.21170811344346,1902.034263951653,1901.974735801788,0,210.25960525350814,209.99993920782038,0.25960525350814123,-6.0792179624513665e-05,0.274277079034856,-3.449136135873412e-05
encodec_ft_encodec_ft_53tet,3.0kbps,24000,20260826,210.0,226.4,255.5975412481081,226.4Hz_+49.6c,3,226.38131749936665,255.6528901013447,226.40000341387915,255.5975360368745,75.46058577201725,85.2164722257872,1901.9516374037316,1901.9785224094396,0,210.51771988726318,209.99993859761966,0.5177198872631834,-6.14023803393593e-05,0.374852768031664,-3.529715140588206e-05
encodec_ft_encodec_ft_53tet,3.0kbps,24000,20260826,210.0,226.4,255.5975412481081,226.4Hz_+49.6c,4,226.34651975593377,255.59056117445397,226.40000346464677,255.59753631087221,75.45165323378781,85.1961833630395,1901.8904483001106,1901.9686229376969,0,210.3617220438769,209.99994006527368,0.36172204387690954,-5.993472632326302e-05,-0.04727864799080546,-3.344128780452948e-05
encodec_ft_encodec_ft_53tet,3.0kbps,24000,20260826,215.0,220.0,249.09053286900183,220Hz_ongrid,0,219.994489736063,249.0879349496464,220.00000093036945,249.09053540963026,109.99325176893382,74.72594627280762,1200.0628480704909,2084.3687726989465,0,215.02530595801036,215.000010336621,0.025305958010363838,1.0336620988482537e-05,-0.01805620569911228,1.7657926715454172e-05
encodec_ft_encodec_ft_53tet,3.0kbps,24000,20260826,215.0,220.0,249.09053286900183,220Hz_ongrid,1,220.02690359389499,249.08898301002165,220.0000009316376,249.0905350993566,110.01055872497655,74.72687487792723,1200.0455276193804,2084.3545434274365,0,214.77753005926735,215.00000817017147,-0.22246994073265114,8.170171469146226e-06,-0.010771894677474796,1.5501456511562974e-05
encodec_ft_encodec_ft_53tet,3.0kbps,24000,20260826,215.0,220.0,249.09053286900183,220Hz_ongrid,2,220.01515895305425,249.06934450672182,220.00000094193,249.09053565508336,110.00436665209573,74.72887336325617,1200.050562263982,2084.171746007547,0,214.7334445369237,215.00001195160132,-0.26655546307628697,1.1951601322834904e-05,-0.1472700468711782,1.9363880088240475e-05
encodec_ft_encodec_ft_53tet,3.0kbps,24000,20260826,215.0,220.0,249.09053286900183,220Hz_ongrid,3,220.0006647276688,249.06375634334057,220.00000092700424,249.09053547114644,109.99174195711817,74.71523963780363,1200.1352049127765,2084.4487828545516,0,214.8086563499973,215.00001079065396,-0.19134365000269327,1.0790653959702468e-05,-0.18611275257086063,1.8085477667402825e-05
encodec_ft_encodec_ft_53tet,3.0kbps,24000,20260826,215.0,220.0,249.09053286900183,220Hz_ongrid,4,220.0138240156387,249.05493046495977,220.00000093558336,249.09053520064117,73.34182957244107,74.71756592974592,1901.8632166627092,2084.333531478088,0,214.6437566099508,215.0000088430713,-0.356243390049201,8.843071299224903e-06,-0.24746223241173718,1.6205406788451754e-05
encodec_ft_encodec_ft_53tet,3.0kbps,24000,20260826,215.0,226.4,256.3368029161001,226.4Hz_+49.6c,0,226.37428843270237,256.30075098425846,226.40000364474932,256.3367985952159,75.45448628608642,85.43307473400144,1902.0378237717105,1901.9653138484223,0,214.95311944145016,214.99994294719392,-0.04688055854984441,-5.705280608481189e-05,-0.24350276942025872,-2.918216138397427e-05
encodec_ft_encodec_ft_53tet,3.0kbps,24000,20260826,215.0,226.4,256.3368029161001,226.4Hz_+49.6c,1,226.40236185893568,256.40074652937744,226.40000356610815,256.33679869479244,75.46522680859997,85.46461815094956,1902.0060926257834,1902.0015372272492,0,215.41374461175877,214.99994422106124,0.41374461175877286,-5.577893875852169e-05,0.431805165116928,-2.8509646505921254e-05
encodec_ft_encodec_ft_53tet,3.0kbps,24000,20260826,215.0,226.4,256.3368029161001,226.4Hz_+49.6c,2,226.37136046612747,256.29847437503196,226.40000344891118,256.3367985557947,75.45879483347605,85.43244332027598,1901.9165786784542,1901.962731123105,0,214.96013381003633,214.99994417848683,-0.03986618996367497,-5.58215131718498e-05,-0.2588806444322229,-2.944840207339496e-05
encodec_ft_encodec_ft_53tet,3.0kbps,24000,20260826,215.0,226.4,256.3368029161001,226.4Hz_+49.6c,3,226.39650338478606,256.44441156058286,226.40000345418153,256.3367985479033,75.46170291340015,85.47646056095992,1902.0421368981215,1902.0564692437026,0,215.75334721526602,214.99994408488914,0.7533472152660181,-5.591511086322498e-05,0.7266091142877269,-2.950169876241693e-05
encodec_ft_encodec_ft_53tet,3.0kbps,24000,20260826,215.0,226.4,256.3368029161001,226.4Hz_+49.6c,4,226.39917135761874,256.3348997218443,226.4000034869573,256.3367986978019,75.465413988413,85.44085427433046,1901.9774015509142,1902.0383237892445,0,214.99348272755591,214.99994484663685,-0.00651727244408562,-5.5153363149429424e-05,-0.01285374121766845,-2.8489321341036728e-05
encodec_ft_encodec_ft_53tet,3.0kbps,24000,20260826,220.0,220.0,249.810974395593,220Hz_ongrid,0,219.996390516233,249.7644431353445,220.00000092903937,249.81097250348066,109.99313000308436,74.92882978099809,1200.079722616062,2084.3703384861733,0,219.70590428267968,219.99997957648884,-0.29409571732031736,-2.0423511159606278e-05,-0.32249986486247306,-1.31126719298974e-05
encodec_ft_encodec_ft_53tet,3.0kbps,24000,20260826,220.0,220.0,249.810974395593,220Hz_ongrid,1,220.0318348565224,249.7887772405425,220.00000095407475,249.8109724268526,110.00775042981005,74.94226609514276,1200.1285224079886,2084.2285824992764,0,219.59566478790614,219.9999788484335,-0.40433521209385503,-2.115156650006611e-05,-0.15383702860263745,-1.3643717720272447e-05
encodec_ft_encodec_ft_53tet,3.0kbps,24000,20260826,220.0,220.0,249.810974395593,220Hz_ongrid,2,220.01775905663453,249.85300339332412,220.000000937793,249.81097243997016,110.00466138985,74.95599586227596,1200.066383049958,2084.356522410867,0,220.15149911774833,219.9999790674654,0.15149911774832958,-2.09325345963407e-05,0.29124385717713974,-1.3552810818164613e-05
encodec_ft_encodec_ft_53tet,3.0kbps,24000,20260826,220.0,220.0,249.810974395593,220Hz_ongrid,3,219.9975407027681,249.79932350535452,220.00000091607214,249.8109724362159,109.99627928261586,74.93735030545761,1200.0392065464873,2084.415237830847,0,219.9386083180524,219.99997921237483,-0.06139168194761169,-2.0787625174989444e-05,-0.08074460422934675,-1.3578828535884231e-05
encodec_ft_encodec_ft_53tet,3.0kbps,24000,20260826,220.0,220.0,249.810974395593,220Hz_ongrid,4,219.9833348253738,249.93090391048514,220.00000093384259,249.81097255697773,109.98625438416735,74.98296502898967,1200.0852014530092,2084.2734258075125,0,220.96208053911323,219.99997990943538,0.9620805391132308,-2.009056461815817e-05,0.8309332184005669,-1.2741927717370041e-05
encodec_ft_encodec_ft_53tet,3.0kbps,24000,20260826,220.0,226.4,257.07820274164663,226.4Hz_+49.6c,0,226.27087875697296,256.9924248397867,226.40000358337335,257.0782016783126,75.42040798458231,85.66408013115628,1902.0288728580451,1901.95624339174,0,220.40989719722512,219.99996543790564,0.40989719722512064,-3.4562094356260786e-05,-0.5777479504492196,-7.160778617221092e-06
encodec_ft_encodec_ft_53tet,3.0kbps,24000,20260826,220.0,226.4,257.07820274164663,226.4Hz_+49.6c,1,226.33197440916723,257.0699161049729,226.40000340399712,257.0782016173458,75.44057175902144,85.69225936147197,1902.0334756871691,1901.908789569698,0,220.46445046078418,219.9999663989918,0.4644504607841782,-3.3601008198047566e-05,-0.05580534883697914,-7.571345328349701e-06
encodec_ft_encodec_ft_53tet,3.0kbps,24000,20260826,220.0,226.4,257.07820274164663,226.4Hz_+49.6c,2,226.3778440192614,257.05861757005044,226.40000351408855,257.07820187832414,75.45680904285891,85.6895773498058,1902.011722776926,1901.8868833801616,0,220.03753364075018,219.99996731464384,0.037533640750183395,-3.2685356160300216e-05,-0.1318968593611676,-5.81384681195786e-06
encodec_ft_encodec_ft_53tet,3.0kbps,24000,20260826,220.0,226.4,257.07820274164663,226.4Hz_+49.6c,3,226.34086509071392,257.10582502662663,226.40000353236903,257.07820179312597,75.4463478873246,85.7018558557939,1901.96893264982,1901.956734480074,0,220.63825744055785,219.99996660110938,0.6382574405578509,-3.339889062203838e-05,0.18600593458335105,-6.387594339615446e-06
encodec_ft_encodec_ft_53tet,3.0kbps,24000,20260826,220.0,226.4,257.07820274164663,226.4Hz_+49.6c,4,226.3645499003248,257.12868684062244,226.40000342431134,257.0782018114657,75.45062526617706,85.70884041546549,1902.0519349960114,1901.96958175986,0,220.6110409973902,219.99996755090905,0.6110409973902051,-3.244909095201365e-05,0.33994018024588096,-6.264089561873146e-06
encodec_ft_encodec_ft_53tet,3.0kbps,24000,20260826,225.0,220.0,250.53349964647214,220Hz_ongrid,0,220.00507320151945,250.5097577643804,220.00000093444808,250.53349543248663,109.99912013198988,75.1594246891348,1200.0537696592855,2084.209045318694,0,224.79600950412785,224.99996352715806,-0.2039904958721479,-3.647284194130407e-05,-0.16406868704035837,-2.9119440085892302e-05
encodec_ft_encodec_ft_53tet,3.0kbps,24000,20260826,225.0,220.0,250.53349964647214,220Hz_ongrid,1,220.01414892392248,250.52559576238846,220.00000094164363,250.53349507952245,73.34136218983222,75.15093388428372,1901.8768058859478,2084.5140853915227,0,224.83404402057727,224.99996103148493,-0.16595597942273344,-3.896851507079191e-05,-0.05461820121438237,-3.1558489666494044e-05
encodec_ft_encodec_ft_53tet,3.0kbps,24000,20260826,225.0,220.0,250.53349964647214,220Hz_ongrid,2,220.01339358971506,250.58971965615203,220.00000093843425,250.53349516790766,110.00088799407492,75.17722232543002,1200.0914186091456,2084.3516563317,0,225.2830531186709,224.99996166749906,0.28305311867089245,-3.833250093521201e-05,0.38844735847778394,-3.094773121358369e-05
encodec_ft_encodec_ft_53tet,3.0kbps,24000,20260826,225.0,220.0,250.53349964647214,220Hz_ongrid,3,220.01728371102283,250.52883309164298,220.00000095319172,250.53349519391674,110.00379085554043,75.15429398353753,1200.076343106793,2084.45905244191,0,224.8317484938917,224.99996173109665,-0.1682515061083052,-3.826890335290045e-05,-0.03224708019125919,-3.076800341486336e-05
encodec_ft_encodec_ft_53tet,3.0kbps,24000,20260826,225.0,220.0,250.53349964647214,220Hz_ongrid,4,219.9967562798874,250.54244255733408,220.00000096234012,250.5334950707718,109.99574427855524,75.16445050921014,1200.0414541121943,2084.3191484524323,0,225.0873219277053,224.99996080815055,0.08732192770528968,-3.919184945289089e-05,0.06179610905078968,-3.1618958315105745e-05
encodec_ft_encodec_ft_53tet,3.0kbps,24000,20260826,225.0,226.4,257.821746908915,226.4Hz_+49.6c,0,226.41107914314904,257.8164877858143,226.40000346535163,257.82175044107385,75.46845812306668,85.93853269315726,1901.9986225086675,1901.9609752411334,0,224.8799675763687,224.9999972190843,-0.12003242363130084,-2.7809157074898394e-06,-0.03531457664638168,2.3717912500698182e-05
encodec_ft_encodec_ft_53tet,3.0kbps,24000,20260826,225.0,226.4,257.821746908915,226.4Hz_+49.6c,1,226.3634404128967,257.8230627219528,226.40000353165118,257.8217504501745,75.44886103703949,85.93995541127579,1902.0839307909948,1901.976464823369,0,225.28842165090435,224.99999677321486,0.288421650904354,-3.226785139531785e-06,0.00883546305801761,2.3779021960806096e-05
encodec_ft_encodec_ft_53tet,3.0kbps,24000,20260826,225.0,226.4,257.821746908915,226.4Hz_+49.6c,2,226.4250476077573,257.825477821864,226.40000347919602,257.8217504151221,75.47364568808187,85.94320732296859,1901.9864301509665,1901.927174170893,0,224.83352904515715,224.99999693895722,-0.16647095484285046,-3.061042775698297e-06,0.02505233509196943,2.3543650457929314e-05
encodec_ft_encodec_ft_53tet,3.0kbps,24000,20260826,225.0,226.4,257.821746908915,226.4Hz_+49.6c,3,226.3853098525225,257.8152464838309,226.40000344984028,257.82175049276407,75.4607434330032,85.93953688085836,1901.9785512634382,1901.9324106258832,0,225.06868624696074,224.99999768478853,0.06868624696073766,-2.315211474979151e-06,-0.04364992187823753,2.4065004654555994e-05
encodec_ft_encodec_ft_53tet,3.0kbps,24000,20260826,225.0,226.4,257.821746908915,226.4Hz_+49.6c,4,226.361098808816,257.8079173572302,226.40000352336995,257.8217504701496,75.45007660685448,85.93682757193699,1902.0381300532622,1901.9377740320454,0,225.2046290959922,224.99999697066946,0.20462909599220325,-3.029330542858588e-06,-0.09286583928328611,2.391315186127746e-05
encodec_ft_encodec_ft_53tet,3.0kbps,24000,20260826,230.0,220.0,251.25811464836974,220Hz_ongrid,0,219.9916273227161,251.2506108643033,220.00000094639773,251.25811107366906,109.98596076177857,75.37857608961788,1200.1550826225505,2084.2807874682903,0,230.01418410371542,229.99996792194196,0.014184103715422225,-3.2078058040951873e-05,-0.051703804587118325,-2.463062184178403e-05
encodec_ft_encodec_ft_53tet,3.0kbps,24000,20260826,230.0,220.0,251.25811464836974,220Hz_ongrid,1,219.99189607807057,251.27483322027564,220.00000093172764,251.25811083406424,73.32957851363102,83.75293627104334,1901.9798730037585,1902.0654093911282,0,230.1789644228686,229.99996638644478,0.17896442286860292,-3.3613555217471e-05,0.11519149567683563,-2.6281561596434285e-05
encodec_ft_encodec_ft_53tet,3.0kbps,24000,20260826,230.0,220.0,251.25811464836974,220Hz_ongrid,2,220.02145842064618,251.25061345034638,220.0000009376273,251.25811102450973,110.00649234416846,75.37474189089556,1200.0666766619206,2084.368868296087,0,229.7794606652382,229.99996765223804,-0.22053933476180987,-3.23477619588175e-05,-0.051685985542777396,-2.496934229859597e-05
encodec_ft_encodec_ft_53tet,3.0kbps,24000,20260826,230.0,220.0,251.25811464836974,220Hz_ongrid,3,220.0039639496776,251.25725678526553,220.00000094514735,251.25811051274042,73.32687380511742,75.3720557537808,1902.1386954383229,2084.476340628649,0,229.9628960761612,229.99996406683658,-0.037103923838799346,-3.59331634172122e-05,-0.005910910988465965,-2.849556667738282e-05
encodec_ft_encodec_ft_53tet,3.0kbps,24000,20260826,230.0,220.0,251.25811464836974,220Hz_ongrid,4,220.01516571760462,251.2810859617572,220.0000009624832,251.25811120457513,110.00368026657529,75.38464022364857,1200.0614177696884,2084.3514918742676,0,230.03893247099242,229.9999686973387,0.03893247099242103,-3.1302661312793134e-05,0.15827111543764555,-2.372864462491116e-05
encodec_ft_encodec_ft_53tet,3.0kbps,24000,20260826,230.0,226.4,258.5674416199587,226.4Hz_+49.6c,0,226.38340653474145,258.62941401230756,226.40000358244825,258.56744510403263,75.4588320914436,86.21095752091563,1902.0078468795223,1901.9318499014125,0,230.54177686829615,229.99999593331785,0.5417768682961537,-4.066682151915302e-06,0.41488541580110144,2.3327559481927884e-05
encodec_ft_encodec_ft_53tet,3.0kbps,24000,20260826,230.0,226.4,258.5674416199587,226.4Hz_+49.6c,1,226.38914417298082,258.57509042973464,226.40000349811774,258.56744505684173,75.46022646297415,86.19194215661513,1902.019733635192,1901.9500728737332,0,230.1342259802839,229.99999626221006,0.13422598028390098,-3.7377899388957303e-06,0.05121172249158686,2.30115938696128e-05
encodec_ft_encodec_ft_53tet,3.0kbps,24000,20260826,230.0,226.4,258.5674416199587,226.4Hz_+49.6c,2,226.36495252523747,258.55123905840026,226.40000350460056,258.56744496065886,75.44946002482313,86.18305535714885,1902.0817512347408,1901.9688814408498,0,230.15953416485831,229.99999556864628,0.1595341648583144,-4.431353715972364e-06,-0.10848738330019586,2.2367602897412164e-05
encodec_ft_encodec_ft_53tet,3.0kbps,24000,20260826,230.0,226.4,258.5674416199587,226.4Hz_+49.6c,3,226.37928404822114,258.57493980959606,226.40000345913748,258.56744504349433,75.45747981818847,86.19174454340296,1902.007345640568,1901.9530336524756,0,230.2086211306911,229.9999964709168,0.20862113069111388,-3.5290831874590367e-06,0.05020327737040896,2.292222634397672e-05
encodec_ft_encodec_ft_53tet,3.0kbps,24000,20260826,230.0,226.4,258.5674416199587,226.4Hz_+49.6c,4,226.36744325236143,258.5531882158529,226.40000337230254,258.56744502461106,75.45454132840739,86.18525987098695,1901.9842104593058,1901.9376493391635,0,230.15353656509478,229.99999700849293,0.15353656509478242,-2.9915070740571537e-06,-0.09543606302119896,2.2795793892804734e-05
encodec_ft_encodec_ft_53tet,3.0kbps,24000,20260826,235.0,220.0,251.98482544544726,220Hz_ongrid,0,220.00533827483,251.9629819603974,220.00000093082696,251.98482452826315,73.33289726364254,125.98188928872386,1902.0073032010616,1199.9945264642818,0,234.80791254519465,234.9999863736814,-0.19208745480534617,-1.362631860502006e-05,-0.15007976832729103,-6.301412620136011e-06
encodec_ft_encodec_ft_53tet,3.0kbps,24000,20260826,235.0,220.0,251.98482544544726,220Hz_ongrid,1,220.00297897660303,251.99314002806673,220.0000009557638,251.9848245554929,109.9872085896745,63.00034833998964,1200.2247713469385,2399.943299189796,0,235.03368134360775,234.99998636452642,0.03368134360775343,-1.3635473578688106e-05,0.05712348365220183,-6.11433353673887e-06
encodec_ft_encodec_ft_53tet,3.0kbps,24000,20260826,235.0,220.0,251.98482544544726,220Hz_ongrid,2,220.02501056256963,251.95487719177152,220.00000094591098,251.98482452526122,110.00816098790298,75.56833082495704,1200.068366201687,2084.7740661730427,0,234.5974285116944,234.9999862343569,-0.40257148830559686,-1.3765643103624825e-05,-0.20576841341627644,-6.322037048865124e-06
encodec_ft_encodec_ft_53tet,3.0kbps,24000,20260826,235.0,220.0,251.98482544544726,220Hz_ongrid,3,220.01379730980108,251.9689502211402,220.00000094392712,251.98482452574785,110.0029897013925,75.5731811004338,1200.0615182659344,2084.759648258355,0,234.78235656426205,234.9999862533119,-0.21764343573795486,-1.37466880971715e-05,-0.10907241970627389,-6.318693632610886e-06
encodec_ft_encodec_ft_53tet,3.0kbps,24000,20260826,235.0,220.0,251.98482544544726,220Hz_ongrid,4,220.01451589127848,251.9722125678781,220.0000009400468,251.98482454528985,110.00378538412949,75.5593605178344,1200.0546501360354,2085.0986946408375,0,234.7991170956949,234.9999864181084,-0.2008829043051037,-1.3581891607827856e-05,-0.08665755793410145,-6.184432453389064e-06
encodec_ft_encodec_ft_53tet,3.0kbps,24000,20260826,235.0,226.4,259.3152930947694,226.4Hz_+49.6c,0,226.35369959900493,259.30755529875546,226.40000353816117,259.31528995203865,75.44990327749494,86.43583591381659,1901.985516295595,1901.9553183757446,0,235.30242616901944,234.9999519629949,0.30242616901944075,-4.803700508659858e-05,-0.05165964425417603,-2.098141779775609e-05
encodec_ft_encodec_ft_53tet,3.0kbps,24000,20260826,235.0,226.4,259.3152930947694,226.4Hz_+49.6c,1,226.41201929560907,259.32328929306556,226.40000361606408,259.31528977745756,75.46705506224679,86.4404226589817,1902.03799757791,1901.9684951602476,0,234.96147655709223,234.9999502017536,-0.0385234429077741,-4.979824640827246e-05,0.05338318908217544,-2.2146951550394002e-05
encodec_ft_encodec_ft_53tet,3.0kbps,24000,20260826,235.0,226.4,259.3152930947694,226.4Hz_+49.6c,2,226.38840354891445,259.26776642335545,226.4000033827257,259.31528986026916,75.46062547660482,86.42294057421277,1902.0049156735304,1901.9479542264726,0,234.77135252395257,234.99995253890847,-0.22864747604742774,-4.7461091526201926e-05,-0.3173254139749055,-2.1594086962946745e-05
encodec_ft_encodec_ft_53tet,3.0kbps,24000,20260826,235.0,226.4,259.3152930947694,226.4Hz_+49.6c,3,226.38496633917785,259.3452278250802,226.4000035065587,259.3152897720784,75.45963327345693,86.44805870291664,1902.0013939842013,1901.9620215105256,0,235.31480105454875,234.99995100320635,0.3148010545487523,-4.899679365166776e-05,0.19983793765280125,-2.218286362774333e-05
encodec_ft_encodec_ft_53tet,3.0kbps,24000,20260826,235.0,226.4,259.3152930947694,226.4Hz_+49.6c,4,226.35979032866965,259.34360336758834,226.40000342003722,259.3152897897591,75.44862536009825,86.44701349019975,1902.0614224207104,1901.9721094286906,0,235.4964963556204,234.99995178285772,0.49649635562039407,-4.8217142278872416e-05,0.18899399441708656,-2.2064824407107607e-05
encodec_ft_encodec_ft_53tet,3.0kbps,24000,20260826,240.0,220.0,252.71363809934772,220Hz_ongrid,0,220.00934290844768,252.70057200316555,220.0000009437859,252.71363995000866,110.0011026342783,84.23086035184737,1200.0561663677315,1902.009747157566,0,239.8369673168439,240.00000525121095,-0.16303268315610353,5.2512109505187254e-06,-0.08951260234424316,1.2678093648870076e-05
encodec_ft_encodec_ft_53tet,3.0kbps,24000,20260826,240.0,220.0,252.71363809934772,220Hz_ongrid,1,220.03430300548067,252.70446934901383,220.0000009540267,252.71363950445874,110.01014655324562,84.23266786652161,1200.1102336590825,1901.999297148839,0,239.66726990219772,240.00000211835004,-0.33273009780228335,2.1183500393817667e-06,-0.06281236280698389,9.625820075476899e-06
encodec_ft_encodec_ft_53tet,3.0kbps,24000,20260826,240.0,220.0,252.71363809934772,220Hz_ongrid,2,220.0314475427078,252.68176066684538,220.00000092872193,252.71363990179316,73.35261134134025,84.22585239651401,1901.7474012857015,1901.9838009795837,0,239.53415668916693,240.00000503944884,-0.4658433108330655,5.039448836896554e-06,-0.21839255661128992,1.2347789882093796e-05
encodec_ft_encodec_ft_53tet,3.0kbps,24000,20260826,240.0,220.0,252.71363809934772,220Hz_ongrid,3,220.02952971683325,252.6495496866912,220.00000095007198,252.71363992895513,110.00844167451197,84.21322927676701,1200.0995068788402,1902.022578721016,0,239.32854075921514,240.0000050575152,-0.6714592407848556,5.057515210182828e-06,-0.4390982383284254,1.2533864881479597e-05
encodec_ft_encodec_ft_53tet,3.0kbps,24000,20260826,240.0,220.0,252.71363809934772,220Hz_ongrid,4,219.99871626711933,252.71106427337455,220.00000095678456,252.71363997304624,109.99347270789613,84.2350709155524,1200.0926307395148,1901.9950880677716,0,239.99246975800327,240.000005306742,-0.0075302419967329115,5.3067419969465845e-06,-0.017632280892584267,1.2835914426666442e-05
encodec_ft_encodec_ft_53tet,3.0kbps,24000,20260826,240.0,226.4,260.06530757132873,226.4Hz_+49.6c,0,226.38767139403794,260.10633560681373,226.40000361493043,260.06530790861103,75.46068319018974,86.70281255356818,1901.9979926634546,1901.9410099237389,0,240.36737569541705,239.99997460263504,0.36737569541705284,-2.5397364964874214e-05,0.27309882450042444,2.245261517549476e-06
encodec_ft_encodec_ft_53tet,3.0kbps,24000,20260826,240.0,226.4,260.06530757132873,226.4Hz_+49.6c,1,226.35804074459742,260.02838289400546,226.4000034072901,260.06530792747674,75.44775663083216,130.01477218248118,1902.06797514445,1199.9922670996357,0,240.07506140854582,239.9999763160054,0.075061408545821,-2.368399461261106e-05,-0.24582208902813305,2.3708490344487856e-06
encodec_ft_encodec_ft_53tet,3.0kbps,24000,20260826,240.0,226.4,260.06530757132873,226.4Hz_+49.6c,2,226.42226718473333,260.03933486464354,226.40000343337118,260.0653079366481,75.47254642925253,86.68037224386191,1901.9903863193008,1901.943137974899,0,239.65682893434075,239.9999761776215,-0.3431710656592486,-2.3822378494742225e-05,-0.17290687499586183,2.4319019868667664e-06
encodec_ft_encodec_ft_53tet,3.0kbps,24000,20260826,240.0,226.4,260.06530757132873,226.4Hz_+49.6c,3,226.37421177149355,260.0619793062848,226.4000035640146,260.0653079076246,75.45188009521809,86.68815018517314,1902.0970351867325,1901.9385498235902,0,240.1750523527706,239.999974985411,0.17505235277059228,-2.501458899928366e-05,-0.022156137214115856,2.2386946213622202e-06
encodec_ft_encodec_ft_53tet,3.0kbps,24000,20260826,240.0,226.4,260.06530757132873,226.4Hz_+49.6c,4,226.38088316104242,260.0196664428646,226.40000346204445,260.06530790298973,75.44977318073282,130.0102330814684,1902.1963985517655,1199.9946754008702,0,239.8423326692789,239.9999757343021,-0.15766733072109673,-2.4265697902592365e-05,-0.30385602271062107,2.2078410112359394e-06
encodec_ft_encodec_ft_53tet,3.0kbps,24000,20260826,245.0,220.0,253.44455868924607,220Hz_ongrid,0,220.00692822444796,253.46516540673304,220.0000009230751,253.44456126992827,73.3346208782098,84.48575558328642,1901.9791241532007,1902.00895161941,0,245.08623600497324,245.00001036426977,0.08623600497324446,1.036426976952498e-05,0.14075504681331796,1.7628174443623485e-05
encodec_ft_encodec_ft_53tet,3.0kbps,24000,20260826,245.0,220.0,253.44455868924607,220Hz_ongrid,1,220.00446743790647,253.47025813763292,220.00000094346208,253.44456119303797,109.99928459039121,63.37106336480202,1200.0464145140559,2399.904412815389,0,245.14038438548812,245.0000096786157,0.14038438548811882,9.67861569733941e-06,0.175539394986257,1.7102950762154126e-05
encodec_ft_encodec_ft_53tet,3.0kbps,24000,20260826,245.0,220.0,253.44455868924607,220Hz_ongrid,2,220.01473122127,253.4509465104792,220.00000095813698,253.4445608971168,110.00234889896032,84.47980015332635,1200.0789519870648,1902.0338696616905,0,244.92771378601267,245.00000754175113,-0.07228621398732571,7.541751131157071e-06,0.04363350436270419,1.5081566489324786e-05
encodec_ft_encodec_ft_53tet,3.0kbps,24000,20260826,245.0,220.0,253.44455868924607,220Hz_ongrid,3,220.01374860141684,253.46664977968078,220.00000091920808,253.44456090099325,110.00443591015544,84.48413866935198,1200.038374615799,1902.052223446873,0,245.04270593476832,245.0000078745718,0.042705934768321185,7.874571792854113e-06,0.15089367655253874,1.5108045884437383e-05
encodec_ft_encodec_ft_53tet,3.0kbps,24000,20260826,245.0,220.0,253.44455868924607,220Hz_ongrid,4,220.01463082681607,253.41429404132913,220.00000094036196,253.4445610933723,110.00381270241553,84.46627175323567,1200.0551245983484,1902.0607494867186,0,244.67812556428774,245.00000902221305,-0.32187443571226027,9.022213049547645e-06,-0.20674469326851416,1.6422152417576274e-05
encodec_ft_encodec_ft_53tet,3.0kbps,24000,20260826,245.0,226.4,260.8174913056605,226.4Hz_+49.6c,0,226.38480975579344,260.8202207625608,226.40000360268482,260.8174922668411,75.45906058797978,130.4107901217686,1902.0133354406053,1199.9909762609097,0,245.13427783946008,244.9999788310632,0.13427783946008276,-2.1168936797266724e-05,0.018117281829743113,6.380049670042221e-06
encodec_ft_encodec_ft_53tet,3.0kbps,24000,20260826,245.0,226.4,260.8174913056605,226.4Hz_+49.6c,1,226.4023906264916,260.82306585384487,226.40000353730662,260.8174922926551,75.46498933884752,86.9408653193174,1902.011760362026,1901.958119839927,0,245.0187213761361,244.99997950234317,0.018721376136113577,-2.0497656834095324e-05,0.03700190674544385,6.551395955745999e-06
encodec_ft_encodec_ft_53tet,3.0kbps,24000,20260826,245.0,226.4,260.8174913056605,226.4Hz_+49.6c,2,226.35217137080258,260.8661671377942,226.40000368511076,260.8174923076669,75.44750478258973,86.95507058565728,1902.02886330565,1901.9613412461902,0,245.68884079388116,244.9999784717593,0.6888407938811554,-2.152824069412418e-05,0.3230665052938992,6.65103994627488e-06
encodec_ft_encodec_ft_53tet,3.0kbps,24000,20260826,245.0,226.4,260.8174913056605,226.4Hz_+49.6c,3,226.37324829177055,260.8158241018513,226.40000361021671,260.8174923470496,75.4554745123968,86.9380358978445,1902.007195308427,1901.9663940172782,0,245.19351040436388,244.9999793058702,0.19351040436387734,-2.0694129801768213e-05,-0.011066471085933696,6.912451464708748e-06
encodec_ft_encodec_ft_53tet,3.0kbps,24000,20260826,245.0,226.4,260.8174913056605,226.4Hz_+49.6c,4,226.263628161567,260.8408268998068,226.40000352857157,260.8174922385561,75.4173377434604,86.9467695213655,1902.0438736578903,1901.9584411294477,0,246.1980097434483,244.99997921004373,1.1980097434482957,-2.0789956266753506e-05,0.15488826213785026,6.192301712543634e-06
encodec_ft_encodec_ft_53tet,3.0kbps,24000,20260826,250.0,220.0,254.17759331190004,220Hz_ongrid,0,220.00502217105782,254.1526927918671,220.0000009383354,254.17759523928416,109.99510987133665,76.14112383880911,1200.116485205278,2086.7372966423545,0,249.79087101913532,250.00000574365214,-0.20912898086467635,5.743652138789912e-06,-0.1696087340589416,1.3127644069328305e-05
encodec_ft_encodec_ft_53tet,3.0kbps,24000,20260826,250.0,220.0,254.17759331190004,220Hz_ongrid,1,220.02891497234742,254.19004419855307,220.00000094559888,254.177595187567,73.34807077677202,84.72620749333215,1901.8346422006853,1902.032793496458,0,249.85727833456792,250.00000533424213,-0.14272166543207732,5.334242132448708e-06,0.08480240412082878,1.2775392346451659e-05
encodec_ft_encodec_ft_53tet,3.0kbps,24000,20260826,250.0,220.0,254.17759331190004,220Hz_ongrid,2,219.9907379441166,254.17017066841063,220.00000092132908,254.17759526972952,109.97261135852317,76.13402033211824,1200.3582226423034,2087.01786933242,0,250.02232967496371,250.00000608484618,0.022329674963714297,6.084846177145664e-06,-0.0505572525518984,1.3335011219340788e-05
encodec_ft_encodec_ft_53tet,3.0kbps,24000,20260826,250.0,220.0,254.17759331190004,220Hz_ongrid,3,219.97991436598076,254.18465141811402,220.00000093736875,254.17759528385665,73.32673538151633,84.72540254116026,1901.9527045800264,1902.0125119208265,0,250.2061389442044,250.00000605484763,0.2061389442044117,6.054847631276061e-06,0.04807293982588292,1.3431232796766165e-05
encodec_ft_encodec_ft_53tet,3.0kbps,24000,20260826,250.0,220.0,254.17759331190004,220Hz_ongrid,4,220.031107460835,254.1810565475552,220.00000093815999,254.177595286444,110.01207333699094,84.72815146966707,1200.0547692640694,1901.9318580938868,0,249.77881340555302,250.00000606624403,-0.22118659444697641,6.0662440262149175e-06,0.02358835238815312,1.3448855358375082e-05
encodec_ft_encodec_ft_53tet,3.0kbps,24000,20260826,250.0,226.4,261.5718505718826,226.4Hz_+49.6c,0,226.3489216781381,261.5444048907426,226.40000356054617,261.57185008797796,75.44575155928402,87.18141836373117,1902.0442384396943,1901.9559924299149,0,250.20896849743752,249.99996957047753,0.20896849743752455,-3.0429522468011783e-05,-0.18166094911703506,-3.202761155092609e-06
encodec_ft_encodec_ft_53tet,3.0kbps,24000,20260826,250.0,226.4,261.5718505718826,226.4Hz_+49.6c,1,226.41625289856668,261.56645176194843,226.40000342624643,261.5718500077549,75.47414725705207,74.63687338170254,1901.9076798785588,2171.0604691436038,0,249.83998908093358,249.99997006647746,-0.16001091906642273,-2.9933522540659396e-05,-0.035732820713226615,-3.7337237174071013e-06
encodec_ft_encodec_ft_53tet,3.0kbps,24000,20260826,250.0,226.4,261.5718505718826,226.4Hz_+49.6c,2,226.3952213415703,261.5853475495026,226.4000035066145,261.5718500102937,75.46202036849432,74.86884604122363,1902.0250501948487,2165.813170269801,0,250.1258703126276,249.99996946872253,0.1258703126275975,-3.053127747421058e-05,0.08932851274661649,-3.716920528056363e-06
encodec_ft_encodec_ft_53tet,3.0kbps,24000,20260826,250.0,226.4,261.5718505718826,226.4Hz_+49.6c,3,226.42170131867417,261.5837987149562,226.4000035781695,261.57185002907653,75.47554365726248,130.79287554576476,1901.917308849268,1199.9870786791714,0,249.9131403770849,249.9999690458719,-0.08685962291511373,-3.0954128106941425e-05,0.0790779269762399,-3.592604835117728e-06
encodec_ft_encodec_ft_53tet,3.0kbps,24000,20260826,250.0,226.4,261.5718505718826,226.4Hz_+49.6c,4,226.40121252408815,261.5568150641913,226.40000343738132,261.5718501575078,75.46314353203147,130.778349518004,1902.0450966976266,1200.0007679860532,0,249.89121154256623,249.99997097248263,-0.10878845743377497,-2.9027517371105205e-05,-0.09951656094262432,-2.7425723432801256e-06
encodec_ft_encodec_ft_53tet,3.0kbps,24000,20260826,255.0,220.0,254.91274808170098,220Hz_ongrid,0,220.0254063118884,254.91333214778723,220.00000094897402,254.91274824969835,110.00487186892454,60.35934923919939,1200.123242797678,2494.0292070922787,0,254.80404970010497,254.9999936732407,-0.19595029989503132,-6.326759290686823e-06,0.003966666808927745,1.1409504505482372e-06
encodec_ft_encodec_ft_53tet,3.0kbps,24000,20260826,255.0,220.0,254.91274808170098,220Hz_ongrid,1,219.99957827050542,254.8976668650364,220.0000009476138,254.91274804068507,109.99297127841203,61.067964044575675,1200.107306312134,2473.7166183318295,0,254.90089193112232,254.9999922644353,-0.09910806887768331,-7.735564707900267e-06,-0.10242676506106037,-2.78558564595802e-07
encodec_ft_encodec_ft_53tet,3.0kbps,24000,20260826,255.0,220.0,254.91274808170098,220Hz_ongrid,2,220.01885344808125,254.9721773363362,220.0000009548725,254.9127480986574,109.9983806678655,76.40977441817134,1200.1738420904333,2086.212866388521,0,255.25520931317192,254.99999260103283,0.25520931317191753,-7.3989671705021465e-06,0.40356537121266994,1.1515921055945144e-07
encodec_ft_encodec_ft_53tet,3.0kbps,24000,20260826,255.0,220.0,254.91274808170098,220Hz_ongrid,3,220.01182184222117,254.95414793490312,220.00000092580038,254.91274799779237,110.00034267303293,76.2623767294766,1200.0876333332371,2089.4332933729306,0,255.18811683740168,254.9999921447859,0.1881168374016795,-7.855214107621578e-06,0.28114331880485083,-5.698634351621926e-07
encodec_ft_encodec_ft_53tet,3.0kbps,24000,20260826,255.0,220.0,254.91274808170098,220Hz_ongrid,4,220.0239318447661,254.88553005493574,220.00000094130047,254.91274815255733,73.34579856823879,90.51325315702306,1901.8490652090334,1792.3782214601629,0,254.6268242060997,254.99999307389442,-0.37317579390028754,-6.9261055841707275e-06,-0.18486047030755656,4.812193700214971e-07
encodec_ft_encodec_ft_53tet,3.0kbps,24000,20260826,255.0,226.4,262.32839166225955,226.4Hz_+49.6c,0,226.4007588399083,262.324195085431,226.4000034348575,262.3283895980765,75.46146351697381,74.94509512527937,1902.0801698965251,2168.9338934177567,0,254.96650182207674,254.99996011179508,-0.033498177923263484,-3.988820492395462e-05,-0.027695495567270082,-1.3622558959911067e-05
encodec_ft_encodec_ft_53tet,3.0kbps,24000,20260826,255.0,226.4,262.32839166225955,226.4Hz_+49.6c,1,226.39566078611747,262.426086569375,226.40000351895483,262.3283895281916,75.46248576152139,75.07409518701031,1902.017733686667,2166.628861803647,0,255.67779809637003,254.99995900751534,0.6777980963700259,-4.099248465649907e-05,0.6446167058647699,-1.4083763581168244e-05
encodec_ft_encodec_ft_53tet,3.0kbps,24000,20260826,255.0,226.4,262.32839166225955,226.4Hz_+49.6c,2,226.40775231194593,262.2540672242108,226.4000033173535,262.32838949719405,75.471843046486,74.8928943088494,1901.8955361287651,2169.677276539519,0,254.45014767337088,254.99996034455094,-0.5498523266291215,-3.965544905781826e-05,-0.49057301291334765,-1.4288331836636932e-05
encodec_ft_encodec_ft_53tet,3.0kbps,24000,20260826,255.0,226.4,262.32839166225955,226.4Hz_+49.6c,3,226.3105111070585,262.37730140576133,226.4000034973818,262.3283894863719,75.43435580073215,74.86609372025957,1902.0119447836498,2171.1102357391583,0,256.0071877234785,254.9999588964914,1.0071877234785234,-4.1103508607420736e-05,0.3227493608143612,-1.4359752551473062e-05
encodec_ft_encodec_ft_53tet,3.0kbps,24000,20260826,255.0,226.4,262.32839166225955,226.4Hz_+49.6c,4,226.28828910883638,262.33702989969447,226.4000035195309,262.3283894629633,75.42525455575947,74.97793478972415,1902.0508302657884,2168.2601648257055,0,255.9114479722084,254.99995857263656,0.911447972208407,-4.142736344192599e-05,0.05700703784934965,-1.4514237603702218e-05
encodec_ft_encodec_ft_53tet,3.0kbps,24000,20260826,260.0,220.0,255.65002913072473,220Hz_ongrid,0,220.01514882965645,255.69469036441666,220.00000093300417,255.65002635281184,110.003450471879,85.23127014311501,1200.0649013880518,1901.960958658942,0,260.1832088192574,259.99997384623833,0.18320881925740196,-2.615376166659189e-05,0.30241457744479283,-1.881172245823024e-05
encodec_ft_encodec_ft_53tet,3.0kbps,24000,20260826,260.0,220.0,255.65002913072473,220Hz_ongrid,1,220.01769935425384,255.6396577054386,220.00000092748945,255.6500262903494,73.33964924618442,85.21275662652606,1901.9451778407838,1901.9643994771957,0,259.79048945250554,259.99997346664617,-0.2095105474944603,-2.653335383229205e-05,-0.07023558290903817,-1.923471141955637e-05
encodec_ft_encodec_ft_53tet,3.0kbps,24000,20260826,260.0,220.0,255.65002913072473,220Hz_ongrid,2,220.00705246555827,255.6382499518792,220.0000009550537,255.65002617306283,73.32956304639114,85.21354942785392,1902.099507790814,1901.9387589532564,0,259.86473415627495,259.9999724554846,-0.13526584372505113,-2.7544515376121126e-05,-0.07976914912897598,-2.0028963165682653e-05
encodec_ft_encodec_ft_53tet,3.0kbps,24000,20260826,260.0,220.0,255.65002913072473,220Hz_ongrid,3,219.98018735264253,255.61960757469484,220.0000009452609,255.65002617765543,109.98398952931935,85.20653825265913,1200.096081383579,1901.9549522151947,0,259.94989390044117,259.9999725636475,-0.05010609955883183,-2.7436352525000984e-05,-0.2060237100175939,-1.9997862570973773e-05
encodec_ft_encodec_ft_53tet,3.0kbps,24000,20260826,260.0,220.0,255.65002913072473,220Hz_ongrid,4,219.99921259672746,255.63200793573873,220.000000933089,255.6500262177424,73.33383563488101,85.20876381697737,1901.9369464222627,1901.993715437456,0,259.88415441704063,259.99997293089564,-0.11584558295936631,-2.70691043624538e-05,-0.12204186384717836,-1.9726397927210087e-05
encodec_ft_encodec_ft_53tet,3.0kbps,24000,20260826,260.0,226.4,263.0871208872549,226.4Hz_+49.6c,0,226.32541608550966,263.0875048438653,226.40000344697273,263.0871237775239,75.43791659166645,75.25434265351652,1902.0442424313421,2166.835185948273,0,260.572948365083,259.9999926610085,0.5729483650829934,-7.338991508731851e-06,0.0025266089424207925,1.9019296985187428e-05
encodec_ft_encodec_ft_53tet,3.0kbps,24000,20260826,260.0,226.4,263.0871208872549,226.4Hz_+49.6c,1,226.42396042069817,263.0822709508685,226.40000346246563,263.08712383787326,75.47297815592913,75.00739260330799,1901.9934296489976,2172.4911978913547,0,259.78487420291367,259.9999929396639,-0.21512579708632984,-7.0603360882159905e-06,-0.03191510239250198,1.9416423329852853e-05
encodec_ft_encodec_ft_53tet,3.0kbps,24000,20260826,260.0,226.4,263.0871208872549,226.4Hz_+49.6c,2,226.3786602672329,263.07169073027893,226.40000352342912,263.08712385216955,75.45715199576209,87.69055612018126,1902.0100965762263,1901.9551480771559,0,260.06164772558054,259.9999925675652,0.0616477255805421,-7.4324348133814055e-06,-0.1015404952158987,1.951049950816627e-05
encodec_ft_encodec_ft_53tet,3.0kbps,24000,20260826,260.0,226.4,263.0871208872549,226.4Hz_+49.6c,3,226.37534767639997,263.0266471793445,226.40000348505384,263.0871238255524,75.45636726428242,75.1270277424096,1902.002767707306,2169.3660420620845,0,259.79053098493495,259.9999926858596,-0.20946901506505355,-7.314140418657189e-06,-0.39799050708626604,1.9335346399867548e-05
encodec_ft_encodec_ft_53tet,3.0kbps,24000,20260826,260.0,226.4,263.0871208872549,226.4Hz_+49.6c,4,226.25477747883644,263.0978933175017,226.4000034842469,263.08712376440513,75.40944492473689,87.69946378719844,1902.1573443757197,1901.951723643872,0,261.181729026022,259.9999922896531,1.1817290260220261,-7.710346892508824e-06,0.07088608581992817,1.8932969382927083e-05
encodec_ft_encodec_ft_53tet,3.0kbps,24000,20260826,265.0,220.0,256.3894426087829,220Hz_ongrid,0,220.01705256873382,256.383430293555,220.00000095108098,256.3894386290302,110.00322699899486,85.46274520406998,1200.0833983015605,1901.922553162734,0,264.82521654929934,264.9999656429839,-0.1747834507006587,-3.4357016090780235e-05,-0.04059779831071543,-2.6872726417320697e-05
encodec_ft_encodec_ft_53tet,3.0kbps,24000,20260826,265.0,220.0,256.3894426087829,220Hz_ongrid,1,220.00454029653847,256.3967643696114,220.00000095773103,256.3894385609037,109.99459497763269,85.46128905365504,1200.1207973280543,1902.0420871762897,0,265.01371012544,264.9999651306383,0.013710125440013599,-3.486936168428656e-05,0.04943846567547855,-2.7332741097279856e-05
encodec_ft_encodec_ft_53tet,3.0kbps,24000,20260826,265.0,220.0,256.3894426087829,220Hz_ongrid,2,220.01524674474587,256.4070040417136,220.00000095321573,256.38943859820233,110.00314605777865,85.46881864493317,1200.070462727758,1901.958701631558,0,264.9986008493928,264.9999654180238,-0.0013991506071988624,-3.458197619465864e-05,0.11857707224983934,-2.7080887381249328e-05
encodec_ft_encodec_ft_53tet,3.0kbps,24000,20260826,265.0,220.0,256.3894426087829,220Hz_ongrid,3,219.98194517850374,256.43030380070564,220.00000095139032,256.38943859821563,73.3176272469038,85.47111442978651,1902.1837420792378,1902.0695098971726,0,265.41797118750753,264.99996543247823,0.4179711875075327,-3.4567521765893616e-05,0.2758875311925834,-2.7080797621237282e-05
encodec_ft_encodec_ft_53tet,3.0kbps,24000,20260826,265.0,220.0,256.3894426087829,220Hz_ongrid,4,220.02655940916378,256.36510642242536,220.0000009434707,256.3894386445981,110.0077087262422,85.4538434828149,1200.0876704305267,1901.979149592872,0,264.6266755863822,264.99996580799115,-0.37332441361780866,-3.4192008854461164e-05,-0.16433451271288688,-2.6767606487517742e-05
encodec_ft_encodec_ft_53tet,3.0kbps,24000,20260826,265.0,226.4,263.8480445755838,226.4Hz_+49.6c,0,226.3819303692396,263.85413164436466,226.40000349492237,263.8480418498005,75.45871576690548,87.9515657526207,1901.9992268908507,1901.9512896925144,0,265.1781199776093,264.9999553898739,0.17811997760929899,-4.4610126110455894e-05,0.03993972815650173,-1.7885176756769624e-05
encodec_ft_encodec_ft_53tet,3.0kbps,24000,20260826,265.0,226.4,263.8480445755838,226.4Hz_+49.6c,1,226.37939706230884,263.8321227015934,226.4000033621098,263.84804177251846,75.45932031625672,87.94452299117123,1901.9659835633493,1901.9455106323398,0,265.05307934601365,264.9999558983793,0.0530793460136465,-4.410162068779755e-05,-0.10447423304826584,-1.839226143065359e-05
encodec_ft_encodec_ft_53tet,3.0kbps,24000,20260826,265.0,226.4,263.8480445755838,226.4Hz_+49.6c,2,226.33212694399617,263.84507779878504,226.40000348106733,263.8480418012626,75.44065647579171,87.94814194371456,1902.0326983335965,1901.959278792357,0,265.49962249674206,264.99995517734,0.49962249674206305,-4.482266001559765e-05,-0.01946656036341436,-1.8203657194575396e-05
encodec_ft_encodec_ft_53tet,3.0kbps,24000,20260826,265.0,226.4,263.8480445755838,226.4Hz_+49.6c,3,226.40325644188502,263.8297067033249,226.40000343592658,263.8480418506922,75.45893752409032,87.94316167627335,1902.1572205771192,1901.9564554802473,0,264.85477105030924,264.9999558468532,-0.14522894969076106,-4.415314680272786e-05,-0.1203277901250824,-1.787932582633703e-05
encodec_ft_encodec_ft_53tet,3.0kbps,24000,20260826,265.0,226.4,263.8480445755838,226.4Hz_+49.6c,4,226.35765254734744,263.8667891414515,226.4000034854825,263.8480417963081,75.44807879364951,87.95617519237416,1902.0576137532616,1901.9436081218137,0,265.44684026707876,264.99995511106914,0.44684026707875546,-4.48889308586331e-05,0.12298775249566829,-1.823616588742089e-05
encodec_ft_encodec_ft_53tet,3.0kbps,24000,20260826,270.0,220.0,257.130994683474,220Hz_ongrid,0,219.99762856373536,257.1346652874002,220.00000094550805,257.13099261405966,109.99202895726626,85.71173421343849,1200.1067952176074,1901.95138298411,0,270.04337510189475,269.99997862643073,0.04337510189475324,-2.137356926823486e-05,0.02471358674088394,-1.3933133788737335e-05
encodec_ft_encodec_ft_53tet,3.0kbps,24000,20260826,270.0,220.0,257.130994683474,220Hz_ongrid,1,220.01397260809804,257.13817213226235,220.0000009492638,257.1309924381417,110.00195904299673,85.71619816454553,1200.079118287623,1901.8848316599708,0,269.9383738861356,269.99997741244,-0.06162611386440631,-2.258756001083384e-05,0.04832428047574784,-1.5117569995566088e-05
encodec_ft_encodec_ft_53tet,3.0kbps,24000,20260826,270.0,220.0,257.130994683474,220Hz_ongrid,2,220.00396464119692,257.100201478158,220.00000095793865,257.13099221269704,109.99770714281726,85.70261792815067,1200.0672849435343,1901.9034733442782,0,269.761461944241,269.99997582628214,-0.23853805575902243,-2.4173717861231125e-05,-0.20733960127123172,-1.6635463300454193e-05
encodec_ft_encodec_ft_53tet,3.0kbps,24000,20260826,270.0,220.0,257.130994683474,220Hz_ongrid,3,220.0329400232498,257.1419210373941,220.00000094602373,257.13099229044,110.011748009636,85.71245792518918,1200.0743076565154,1901.985616037275,0,269.81437061641685,269.9999764434783,-0.18562938358314796,-2.355652168262168e-05,0.07356434828005551,-1.6112028466194145e-05
encodec_ft_encodec_ft_53tet,3.0kbps,24000,20260826,270.0,220.0,257.130994683474,220Hz_ongrid,4,220.0108434783241,257.13746170830467,220.0000009476526,257.1309924011008,109.99765122624385,85.71044999682998,1200.1222944422275,1901.996149827716,0,269.95821331072136,269.9999771757268,-0.04178668927863782,-2.282427317368274e-05,0.043541202826916946,-1.536696194063473e-05
encodec_ft_encodec_ft_53tet,3.0kbps,24000,20260826,270.0,226.4,264.611169074266,226.4Hz_+49.6c,0,226.39676445340424,264.59403200580715,226.40000354837608,264.61117005199895,75.46374808500087,88.19862536707318,1901.9972138005678,1901.9429350239238,0,269.9126178300634,269.9999792631761,-0.08738216993657488,-2.0736823898914736e-05,-0.11212390341955077,6.396874962937591e-06
encodec_ft_encodec_ft_53tet,3.0kbps,24000,20260826,270.0,226.4,264.611169074266,226.4Hz_+49.6c,1,226.29231240341096,264.62241787085657,226.40000345792004,264.6111701251553,75.43066513681005,88.20969451965561,1901.9574260004715,1901.911392614163,0,270.89725506268394,269.99998043350433,0.8972550626839393,-1.95664956663677e-05,0.07359434530194911,6.875504553068535e-06
encodec_ft_encodec_ft_53tet,3.0kbps,24000,20260826,270.0,226.4,264.611169074266,226.4Hz_+49.6c,2,226.38537529876731,264.5605575386576,226.40000338102388,264.611169992096,75.46080550172339,88.18724645225014,1901.9776277585204,1901.947267289486,0,269.7806750797058,269.9999801509652,-0.21932492029418427,-1.9849034799790388e-05,-0.3311606028117402,6.0049562335292305e-06
encodec_ft_encodec_ft_53tet,3.0kbps,24000,20260826,270.0,226.4,264.611169074266,226.4Hz_+49.6c,3,226.36598240656485,264.58612811634737,226.4000033816598,264.6111700551948,75.4520577098387,88.19548110892563,1902.0300232791062,1901.9529383887677,0,270.0963053728114,269.99998055893013,0.0963053728114005,-1.9441069866843463e-05,-0.16383968411213384,6.417784240198846e-06
encodec_ft_encodec_ft_53tet,3.0kbps,24000,20260826,270.0,226.4,264.611169074266,226.4Hz_+49.6c,4,226.41035695836695,264.57657094260804,226.40000341391936,264.611170075438,75.46803686990816,88.19164697264075,1902.0027638775143,1901.9656668246582,0,269.69442919000744,269.9999804446902,-0.3055708099925596,-1.9555309791030595e-05,-0.22637509948270493,6.5502261925282925e-06
encodec_ft_encodec_ft_53tet,3.0kbps,24000,20260826,275.0,220.0,257.87469154023535,220Hz_ongrid,0,219.98526114130544,257.8774066026746,220.00000094823224,257.87469288788816,73.32226181292687,85.95799116920708,1902.1004065547525,1901.9780487573735,0,275.1342149801407,275.00000158555474,0.13421498014071176,1.585554741723172e-06,0.018227394739517996,9.047426943844617e-06
encodec_ft_encodec_ft_53tet,3.0kbps,24000,20260826,275.0,220.0,257.87469154023535,220Hz_ongrid,1,220.0251554826719,257.83691270203303,220.00000093568744,257.87469288118155,110.00959432496289,85.94639599771543,1200.0469497411045,1901.939723595638,0,274.54841095983267,275.000001639248,-0.4515890401673346,1.6392480119975517e-06,-0.2536456833974436,9.002402400157032e-06
encodec_ft_encodec_ft_53tet,3.0kbps,24000,20260826,275.0,220.0,257.87469154023535,220Hz_ongrid,2,220.02792807178108,257.8497300784091,220.00000096457615,257.8746929318097,110.00857476807131,85.95149391587628,1200.0848102562652,1901.9230978816431,0,274.6126549499025,275.0000017518066,-0.3873450500975082,1.7518066215416184e-06,-0.16758614038956324,9.34229299794931e-06
encodec_ft_encodec_ft_53tet,3.0kbps,24000,20260826,275.0,220.0,257.87469154023535,220Hz_ongrid,3,220.00676260175348,257.87965964426314,220.00000094611065,257.87469288980196,73.3281969680535,85.96031110065879,1902.129478829671,1901.9464503881693,0,274.9801371401887,275.00000161509826,-0.01986285981132596,1.615098256024794e-06,0.033352896908222476,9.060275118661867e-06
encodec_ft_encodec_ft_53tet,3.0kbps,24000,20260826,275.0,220.0,257.87469154023535,220Hz_ongrid,4,220.02059331787214,257.8893920865283,220.0000009460633,257.874692901946,73.34856153322353,85.96255150542976,1901.7575811419908,1901.9666653656993,0,274.936642572562,275.0000016969996,-0.06335742743800665,1.6969996181614988e-06,0.09868886608078409,9.141803732263025e-06
encodec_ft_encodec_ft_53tet,3.0kbps,24000,20260826,275.0,226.4,265.37650074867855,226.4Hz_+49.6c,0,226.37127456624103,265.37472782436095,226.40000338453208,265.3765029077187,75.45639285254873,88.45816933757195,1901.9710307183486,1901.9564348586134,0,275.20810534894645,274.99998820409104,0.2081053489464466,-1.1795908960721135e-05,-0.011566047443119523,1.4084908627492676e-05
encodec_ft_encodec_ft_53tet,3.0kbps,24000,20260826,275.0,226.4,265.37650074867855,226.4Hz_+49.6c,1,226.35918382986435,265.3987238871678,226.40000366310514,265.3765028900036,75.44871537073288,88.46735284937495,1902.0547184488055,1901.9332485289854,0,275.4571117608108,274.9999859583328,0.45711176081078975,-1.404166721385991e-05,0.14497079843412863,1.3969341173192118e-05
encodec_ft_encodec_ft_53tet,3.0kbps,24000,20260826,275.0,226.4,265.37650074867855,226.4Hz_+49.6c,2,226.34936977040218,265.3842729523462,226.40000348311887,265.37650301531136,75.44564106245704,88.46419872603985,1902.0502012223612,1901.9007051615008,0,275.43790491331055,274.99998815211956,0.4379049133105468,-1.1847880443838221e-05,0.05070270560042541,1.478680999338311e-05
encodec_ft_encodec_ft_53tet,3.0kbps,24000,20260826,275.0,226.4,265.37650074867855,226.4Hz_+49.6c,3,226.36126358120612,265.36672987819475,226.40000342705156,265.37650285323997,75.45171532255166,132.68189466053843,1902.0017896305217,1200.019184095964,0,275.23249143428933,274.9999875235511,0.2324914342893294,-1.2476448887355218e-05,-0.06374330446957556,1.3729506270800761e-05
encodec_ft_encodec_ft_53tet,3.0kbps,24000,20260826,275.0,226.4,265.37650074867855,226.4Hz_+49.6c,4,226.40070960304445,265.3597003520677,226.40000350546893,265.37650279586313,75.46594000106175,132.67996808224814,1901.977097110571,1199.9984615360825,0,274.8849697701803,274.999986549601,-0.1150302298196948,-1.3450399023895443e-05,-0.10960405037345715,1.335519780350456e-05
encodec_ft_encodec_ft_53tet,3.0kbps,24000,20260826,280.0,220.0,258.62053938239393,220Hz_ongrid,0,219.9853595032712,258.65753831583106,220.0000009563123,258.6205413952968,109.9887024835262,86.21872316647465,1200.062601497491,1901.9641625849983,0,280.36287067326884,280.00000594913456,0.36287067326884426,5.949134560978564e-06,0.2476571740282663,1.3474590917884257e-05
encodec_ft_encodec_ft_53tet,3.0kbps,24000,20260826,280.0,220.0,258.62053938239393,220Hz_ongrid,1,219.9945748578356,258.65445918274133,220.00000091885246,258.6205414691015,109.99361909357887,86.2182202677111,1200.0577364505025,1901.9536513740518,0,280.26974025051493,280.000006737972,0.26974025051492845,6.73797200079207e-06,0.22704794759491512,1.396864769542817e-05
encodec_ft_encodec_ft_53tet,3.0kbps,24000,20260826,280.0,220.0,258.62053938239393,220Hz_ongrid,2,220.07774459022554,258.61897531486653,220.00000095006598,258.6205416441756,110.0375431357814,86.20617713160097,1200.0209116991168,1901.9579725351493,0,279.3778467227477,280.0000076643103,-0.6221532772523233,7.664310317068157e-06,-0.01047006998317397,1.5140612814950077e-05
encodec_ft_encodec_ft_53tet,3.0kbps,24000,20260826,280.0,220.0,258.62053938239393,220Hz_ongrid,3,219.99697236325923,258.67108503976203,220.00000092422258,258.62054161331014,73.32339177563209,86.22286588685874,1902.1658890740484,1901.9716484788742,0,280.3621504544684,280.0000076610615,0.36215045446840577,7.661061488306586e-06,0.33832507319000305,1.493399603577165e-05
encodec_ft_encodec_ft_53tet,3.0kbps,24000,20260826,280.0,220.0,258.62053938239393,220Hz_ongrid,4,220.00640792666846,258.6852657711826,220.00000094693036,258.62054153675837,109.99214299997425,86.22853369474647,1200.174086558327,1901.9527568063645,0,280.3828064677084,280.0000069699226,0.38280646770840576,6.969922594635136e-06,0.4332312825898106,1.442155018101695e-05
encodec_ft_encodec_ft_53tet,3.0kbps,24000,20260826,280.0,226.4,266.14404598260904,226.4Hz_+49.6c,0,226.4359106045018,266.1148813143229,226.4000033835557,266.1440459496719,75.47760300395153,88.70944390189588,1901.9787145049686,1901.8675003583287,0,279.53569784893165,279.9999739123967,-0.4643021510683525,-2.6087603316682362e-05,-0.18972294959419897,-2.1425195585258734e-07
encodec_ft_encodec_ft_53tet,3.0kbps,24000,20260826,280.0,226.4,266.14404598260904,226.4Hz_+49.6c,1,226.3641859379082,266.1831595654883,226.40000345084982,266.14404591497913,75.4505907625012,88.73061448797614,1902.0499431083927,1901.8985224034989,0,280.5282947177874,279.9999731721402,0.5282947177873893,-2.6827859812783572e-05,0.254410317104648,-4.3992419128918445e-07
encodec_ft_encodec_ft_53tet,3.0kbps,24000,20260826,280.0,226.4,266.14404598260904,226.4Hz_+49.6c,2,226.37132708142698,266.13185452160775,226.40000341919296,266.14404591372517,75.4513451685898,88.71326488401233,1902.0872477728014,1901.903349705024,0,280.1399640127431,279.9999734060567,0.1399640127431212,-2.6593943289299204e-05,-0.07930575995269672,-4.4808101212941027e-07
encodec_ft_encodec_ft_53tet,3.0kbps,24000,20260826,280.0,226.4,266.14404598260904,226.4Hz_+49.6c,3,226.4516280522041,266.15295928919915,226.40000360040517,266.14404592095633,75.48522142210234,66.5499797987101,1901.9241440812152,2399.694568805453,0,279.6632349369804,279.99997206740215,-0.336765063019584,-2.7932597845392593e-05,0.057978984315896945,-4.0104330684351826e-07
encodec_ft_encodec_ft_53tet,3.0kbps,24000,20260826,280.0,226.4,266.14404598260904,226.4Hz_+49.6c,4,226.43472019378638,266.0813855401312,226.400003562442,266.1440459153999,75.47364911601676,88.69623350436815,1902.0603060264232,1901.9074073210977,0,279.32687579821214,279.9999723215548,-0.6731242017878571,-2.7678445178480615e-05,-0.4076464055395339,-4.371871836836316e-07
encodec_ft_encodec_ft_53tet,3.0kbps,24000,20260826,285.0,220.0,259.36854443121877,220Hz_ongrid,0,220.01353342634675,259.3890160314035,220.00000094809957,259.3685447139927,110.00268380709802,86.46276675068424,1200.0642560217384,1901.9597781813757,0,285.03014393350537,284.999994426632,0.03014393350537148,-5.573368014211155e-06,0.1366385147833909,1.887460432663579e-06
encodec_ft_encodec_ft_53tet,3.0kbps,24000,20260826,285.0,220.0,259.36854443121877,220Hz_ongrid,1,220.03715304358093,259.38563500654067,220.00000093078015,259.3685443973977,110.01473615793182,86.46198664427567,1200.0604323826478,1901.9528321905573,0,284.8217307291336,284.9999924497136,-0.17826927086639444,-7.550286397872696e-06,0.11407247246934483,-2.257487332335897e-07
encodec_ft_encodec_ft_53tet,3.0kbps,24000,20260826,285.0,220.0,259.36854443121877,220Hz_ongrid,2,220.0129232213274,259.3717677369714,220.00000093364977,259.3685445390181,73.33913050473656,86.45694408463478,1901.9198411933367,1901.9612449646306,0,284.9198217818151,284.99999337241974,-0.08017821818492621,-6.627580262374977e-06,0.021514798594519626,7.195393097866415e-07
encodec_ft_encodec_ft_53tet,3.0kbps,24000,20260826,285.0,220.0,259.36854443121877,220Hz_ongrid,3,220.01188153238505,259.3675483334848,220.00000092716732,259.3685447665079,110.00098991407786,86.45550691831566,1200.0779164886098,1901.9618597900612,0,284.8998550580007,284.9999949418815,-0.10014494199930368,-5.058118517808907e-06,-0.006648769334810338,2.2379892268469924e-06
encodec_ft_encodec_ft_53tet,3.0kbps,24000,20260826,285.0,220.0,259.36854443121877,220Hz_ongrid,4,220.00027116043537,259.36145710277225,220.00000094651605,259.36854459800225,73.33112896780577,86.45336064223318,1902.009175556021,1901.9641801705113,0,284.95055900268744,284.9999936648796,-0.049440997312558466,-6.335120417588769e-06,-0.04730717054344128,1.1132470900242217e-06
encodec_ft_encodec_ft_53tet,3.0kbps,24000,20260826,285.0,226.4,266.9138111783088,226.4Hz_+49.6c,0,226.41716523931944,266.8999750144268,226.40000362426298,266.9138093777915,75.46890928154419,88.98053374544271,1902.0348092559987,1901.6850154013782,0,284.77900063952694,284.9999606076448,-0.22099936047305846,-3.939235517691486e-05,-0.08974529562894404,-1.167836480353295e-05
encodec_ft_encodec_ft_53tet,3.0kbps,24000,20260826,285.0,226.4,266.9138111783088,226.4Hz_+49.6c,1,226.42141185523212,266.8616603035698,226.40000347630206,266.9138093394623,75.47250784927718,133.43092181325034,1901.9847313926855,1199.9988107141712,0,284.49798601303775,284.99996149046405,-0.502013986962254,-3.8509535954744933e-05,-0.338289693504838,-1.1926972164881443e-05
encodec_ft_encodec_ft_53tet,3.0kbps,24000,20260826,285.0,226.4,266.9138111783088,226.4Hz_+49.6c,2,226.40836794483832,266.98537501075594,226.4000034707211,266.91380933267857,75.46975668218074,89.00571466942709,1901.9481029486346,1901.7490109371506,0,285.400122369088,284.9999614891403,0.4001223690880238,-3.8510859724283364e-05,0.4641091328143185,-1.19709724455171e-05
encodec_ft_encodec_ft_53tet,3.0kbps,24000,20260826,285.0,226.4,266.9138111783088,226.4Hz_+49.6c,3,226.35952147159728,266.8993678024452,226.40000346961213,266.9138093548885,75.45247961288662,133.4531939282133,1901.9709292505333,1199.954465247515,0,285.21587467026586,284.9999616416764,0.21587467026586182,-3.835832359300184e-05,-0.09368395187353622,-1.1826916276706334e-05
encodec_ft_encodec_ft_53tet,3.0kbps,24000,20260826,285.0,226.4,266.9138111783088,226.4Hz_+49.6c,4,226.40140857842,266.85324914897785,226.4000034662458,266.9138093405578,75.4663029016351,88.97381984836083,1901.974116868543,1901.5125364362711,0,284.5963719825296,284.9999615744673,-0.4036280174703961,-3.842553269350901e-05,-0.3928569426667887,-1.1919866708572925e-05
encodec_ft_encodec_ft_53tet,3.0kbps,24000,20260826,290.0,220.0,260.1187129259726,220Hz_ongrid,0,220.02008349961272,260.1095303683205,220.00000094862065,260.1187116727543,110.00019102313044,86.70321116319293,1200.1550283659615,1901.9543145122275,0,289.7808491369223,289.99998419420933,-0.2191508630776866,-1.5805790667400288e-05,-0.06111608383961664,-8.340861939393598e-06
encodec_ft_encodec_ft_53tet,3.0kbps,24000,20260826,290.0,220.0,260.1187129259726,220Hz_ongrid,1,220.02118702530723,260.08514021827443,220.0000009390279,260.1187116290894,73.34615557768012,86.69522191924308,1901.8190410329173,1901.9515026613826,0,289.60982274225705,289.9999839790829,-0.3901772577429483,-1.6020917087189446e-05,-0.2234593781488418,-8.63147583221627e-06
encodec_ft_encodec_ft_53tet,3.0kbps,24000,20260826,290.0,220.0,260.1187129259726,220Hz_ongrid,2,220.0012615234787,260.1267795286783,220.00000092521807,260.1187116996262,73.33295428851318,86.70736866410755,1901.9738764886708,1901.9861051521773,0,290.04375966491193,289.99998455721743,0.043759664911931395,-1.544278256915277e-05,0.053686874631416956,-8.162014252422004e-06
encodec_ft_encodec_ft_53tet,3.0kbps,24000,20260826,290.0,220.0,260.1187129259726,220Hz_ongrid,3,219.99294081254337,260.1180636317408,220.0000009283167,260.11871165691736,73.33617855174494,86.70682852365923,1901.8322816286916,1901.9388815536674,0,290.0512299536423,289.9999842485825,0.05122995364229155,-1.5751417492992914e-05,-0.004321417987213709,-8.44626537132466e-06
encodec_ft_encodec_ft_53tet,3.0kbps,24000,20260826,290.0,220.0,260.1187129259726,220Hz_ongrid,4,219.981605983509,260.17289948387696,220.0000009205603,260.1187116338866,109.98824649106123,86.72518324250781,1200.0402392960352,1901.9373657900987,0,290.50535707113954,289.99998415633746,0.5053570711395423,-1.5843662538372882e-05,0.3606039849477896,-8.599547600436504e-06
encodec_ft_encodec_ft_53tet,3.0kbps,24000,20260826,290.0,226.4,267.68580275654637,226.4Hz_+49.6c,0,226.31361378888582,267.65816290026856,226.40000353116952,267.68579926171526,75.43345341541921,89.23768581894481,1902.0563896230992,1901.599974961287,0,290.48193604224696,289.9999503953678,0.4819360422469572,-4.960463218139921e-05,-0.17876753418986566,-2.2602508596990655e-05
encodec_ft_encodec_ft_53tet,3.0kbps,24000,20260826,290.0,226.4,267.68580275654637,226.4Hz_+49.6c,1,226.40853736175083,267.70886943210064,226.40000347463302,267.685799227168,75.46974898995192,86.03880894191526,1901.949574851855,1965.1265749615013,0,290.0838930276861,289.9999506042591,0.08389302768608786,-4.9395740916224895e-05,0.1491752391922562,-2.282593991033961e-05
encodec_ft_encodec_ft_53tet,3.0kbps,24000,20260826,290.0,226.4,267.68580275654637,226.4Hz_+49.6c,2,226.3818473649404,267.727129981977,226.4000035540928,267.6857992177175,75.45679721866723,89.26087910789371,1902.0426095469832,1901.5961047027308,0,290.4060745304619,289.9999499355265,0.40607453046192177,-5.006447349842347e-05,0.26725951349380184,-2.2887060135605794e-05
encodec_ft_encodec_ft_53tet,3.0kbps,24000,20260826,290.0,226.4,267.68580275654637,226.4Hz_+49.6c,3,226.35817483888326,267.73583053949847,226.40000353318112,267.6857992534884,75.44741659367422,87.70967610206294,1902.0768032800245,1932.0027727618651,0,290.6433779093786,289.999950326779,0.6433779093786143,-4.967322098536897e-05,0.32351999288799527,-2.265571494917328e-05
encodec_ft_encodec_ft_53tet,3.0kbps,24000,20260826,290.0,226.4,267.68580275654637,226.4Hz_+49.6c,4,226.38007167187058,267.71452440288596,226.4000034262782,267.6857992779436,75.45901918128585,89.24533915694572,1901.978051462309,1901.816016857842,0,290.3381392380246,289.9999513024051,0.33813923802460977,-4.8697594877467054e-05,0.185744720776853,-2.2497553195434358e-05
encodec_ft_encodec_ft_53tet,3.0kbps,24000,20260826,295.0,220.0,260.87105112396375,220Hz_ongrid,0,219.99864599769154,260.8764957339895,220.0000009421539,260.87105102487584,109.99207862484477,86.95819823675285,1200.1140199739325,1901.9676165247367,0,295.04678702140535,294.9999919283764,0.046787021405350515,-8.071623597061262e-06,0.03613201180360447,-6.575829912843133e-07
encodec_ft_encodec_ft_53tet,3.0kbps,24000,20260826,295.0,220.0,260.87105112396375,220Hz_ongrid,1,220.014179316407,260.8723381128155,220.00000094706746,260.8710509205533,109.99970386149867,86.95802549786957,1200.116237708255,1901.9434644410433,0,294.89696397074124,294.9999911973884,-0.10303602925876021,-8.80261160318696e-06,0.00854089947995106,-1.3499050290175185e-06
encodec_ft_encodec_ft_53tet,3.0kbps,24000,20260826,295.0,220.0,260.87105112396375,220Hz_ongrid,2,220.0114117689013,260.8750984049731,220.00000095000166,260.8710509603373,73.33236398312698,86.95827553931808,1902.0676848654891,1901.956804514678,0,294.9370593188787,294.9999914383197,-0.06294068112129025,-8.561680317598075e-06,0.026859002969035477,-1.0858839340753548e-06
encodec_ft_encodec_ft_53tet,3.0kbps,24000,20260826,295.0,220.0,260.87105112396375,220Hz_ongrid,3,220.03547579297867,260.8702704794341,220.00000094333163,260.87105076756467,73.34859792586012,130.43518217123116,1901.8738211038362,1199.9993770894596,0,294.71567413002197,294.99999021149927,-0.28432586997803355,-9.788500733520777e-06,-0.005180645403993886,-2.365192427167386e-06
encodec_ft_encodec_ft_53tet,3.0kbps,24000,20260826,295.0,220.0,260.87105112396375,220Hz_ongrid,4,220.0205836475532,260.84952112640866,220.00000095138276,260.87105091700164,110.00155885298243,86.94946476355595,1200.1374363821749,1901.962479585714,0,294.6951430997018,294.99999113986047,-0.3048569002982049,-8.86013953049769e-06,-0.14288669777418173,-1.3734750083602364e-06
encodec_ft_encodec_ft_53tet,3.0kbps,24000,20260826,295.0,226.4,268.4600271566609,226.4Hz_+49.6c,0,226.34798411976584,268.5145960786835,226.40000357789725,268.4600257215772,75.44617473453403,89.51805805466844,1902.0273570265067,1901.6998419999813,0,295.74966646812146,294.9999633860497,0.7496664681214611,-3.6613950271657814e-05,0.35186607360489414,-9.254508910722486e-06
encodec_ft_encodec_ft_53tet,3.0kbps,24000,20260826,295.0,226.4,268.4600271566609,226.4Hz_+49.6c,1,226.38334693726836,268.438293999198,226.40000348424718,268.4600257471654,75.46053381476652,89.49136387945958,1901.9683493229957,1901.7241472156093,0,294.9871896447883,294.9999642671847,-0.012810355211684055,-3.573281531998873e-05,-0.14015757074104346,-9.08949695093613e-06
encodec_ft_encodec_ft_53tet,3.0kbps,24000,20260826,295.0,226.4,268.4600271566609,226.4Hz_+49.6c,2,226.43563554772604,268.4751463708753,226.40000357247567,268.4600257608908,75.47614092133395,89.51472150524334,1902.0101477314004,1901.5100017355178,0,294.8250211937706,294.99996368103143,-0.174978806229376,-3.6318968568593846e-05,0.09749742516607092,-9.000985122939732e-06
encodec_ft_encodec_ft_53tet,3.0kbps,24000,20260826,295.0,226.4,268.4600271566609,226.4Hz_+49.6c,3,226.38582909417912,268.4686636037965,226.40000337878456,268.460025712258,75.45983874855732,97.52978299197434,1902.0032776091596,1753.0067411077598,0,295.16405885343397,294.9999648485261,0.1640588534339713,-3.51514739236336e-05,0.05569347141509981,-9.314606217352836e-06
encodec_ft_encodec_ft_53tet,3.0kbps,24000,20260826,295.0,226.4,268.4600271566609,226.4Hz_+49.6c,4,226.3053061849303,268.43326187333145,226.40000351003582,268.46002568758155,75.42833852106249,89.50087381025725,1902.1102309424505,1901.5077309701521,0,295.55164405376956,294.9999636857425,0.5516440537695644,-3.63142574997255e-05,-0.1726114697948034,-9.473738800328954e-06
encodec_ft_encodec_ft_53tet,3.0kbps,24000,20260826,300.0,220.0,261.6255653005986,220Hz_ongrid,0,220.02902497136594,261.61511784493086,220.0000009393041,261.6255675052448,110.00951211616633,87.20461797266861,1200.0786896792952,1901.9633649027255,0,299.70247593711844,300.00000719701507,-0.2975240628815641,7.197015065685264e-06,-0.0691344979974985,1.4588629886268891e-05
encodec_ft_encodec_ft_53tet,3.0kbps,24000,20260826,300.0,220.0,261.6255653005986,220Hz_ongrid,1,220.02248098490622,261.642115969783,220.00000092040844,261.62556733985616,110.00747723630495,87.2134213671868,1200.0592229356387,1901.9672543539186,0,299.93261660798873,300.0000062512965,-0.06738339201126564,6.251296497339354e-06,0.1095159630986337,1.3494216646138486e-05
encodec_ft_encodec_ft_53tet,3.0kbps,24000,20260826,300.0,220.0,261.6255653005986,220Hz_ongrid,2,220.00271578782326,261.61780394539284,220.00000094899943,261.62556745166495,109.99526253372255,87.2050252829885,1200.0959332473642,1901.9730539106245,0,299.92726956987525,300.0000067661703,-0.07273043012475,6.766170315586351e-06,-0.05135936044251293,1.4234080153671631e-05
encodec_ft_encodec_ft_53tet,3.0kbps,24000,20260826,300.0,220.0,261.6255653005986,220Hz_ongrid,3,220.0187289186071,261.6027159045743,220.0000009299269,261.6255674944033,110.00532219636837,87.1995616450696,1200.0636148734961,1901.9816772137508,0,299.70141771695666,300.0000071990661,-0.2985822830433449,7.1990660899245995e-06,-0.15120609433381735,1.451688915031901e-05
encodec_ft_encodec_ft_53tet,3.0kbps,24000,20260826,300.0,220.0,261.6255653005986,220Hz_ongrid,4,220.01948702827775,261.6108431453107,220.00000094646697,261.6255674138081,73.3458304838666,74.67445874346802,1901.8133379797582,2170.4826691440103,0,299.74923608955464,300.0000065355916,-0.2507639104453574,6.535591580814071e-06,-0.09742248859375226,1.3983572843800132e-05
encodec_ft_encodec_ft_53tet,3.0kbps,24000,20260826,300.0,226.4,269.23649083661604,226.4Hz_+49.6c,0,226.4406932145261,269.22550775962264,226.40000346445328,269.23648964841715,75.48144174409748,89.77551027831696,1901.9272327893066,1901.3055015514215,0,299.6182309567868,299.99996586773096,-0.3817690432131826,-3.413226903603572e-05,-0.07062439654682685,-7.640310424277124e-06
encodec_ft_encodec_ft_53tet,3.0kbps,24000,20260826,300.0,226.4,269.23649083661604,226.4Hz_+49.6c,1,226.40601520117522,269.19832552311624,226.40000358090842,269.23648979769524,75.46793604827133,89.7677701169538,1901.9718774035005,1901.279967407279,0,299.70857709451644,299.9999659371046,-0.2914229054835573,-3.406289539498175e-05,-0.245426515252318,-6.680428206685939e-06
encodec_ft_encodec_ft_53tet,3.0kbps,24000,20260826,300.0,226.4,269.23649083661604,226.4Hz_+49.6c,2,226.40489050882232,269.23239839458927,226.40000347784866,269.23648976312415,75.46405591846317,89.80522148334141,1902.0522897657659,1900.7769535675875,0,299.93628843069627,299.9999665028836,-0.06371156930373445,-3.349711641931208e-05,-0.02631526211609306,-6.902725889404317e-06
encodec_ft_encodec_ft_53tet,3.0kbps,24000,20260826,300.0,226.4,269.23649083661604,226.4Hz_+49.6c,3,226.43089929633717,269.2084950466287,226.40000337273975,269.23648969687594,75.47693150870386,89.76400912924775,1901.9558019125254,1901.4179019090411,0,299.5837087802133,299.9999668806432,-0.4162912197866717,-3.311935677174915e-05,-0.1800268037441752,-7.32871267842423e-06
encodec_ft_encodec_ft_53tet,3.0kbps,24000,20260826,300.0,226.4,269.23649083661604,226.4Hz_+49.6c,4,226.3368364295448,269.2519649964241,226.40000352731576,269.2364896804939,75.44419410068959,89.76172679027174,1901.9875406837673,1901.7414460988648,0,300.58256465230033,299.99996559329304,0.5825646523003343,-3.4406706959089206e-05,0.09949848342191399,-7.434051913626257e-06
encodec_ft_encodec_ft_53tet,3.0kbps,24000,20260826,305.0,220.0,262.3822617494339,220Hz_ongrid,0,220.02339059753172,262.4687627154176,220.00000093269296,262.38225871093084,110.00541547942353,113.03652574471145,1200.0988271960478,1458.4280445535455,0,305.3865945704969,304.9999726119514,0.3865945704969249,-2.7388048579268798e-05,0.5706511446622357,-2.0048458771130814e-05
encodec_ft_encodec_ft_53tet,3.0kbps,24000,20260826,305.0,220.0,262.3822617494339,220Hz_ongrid,1,220.00486205674883,262.308734858944,220.0000009521678,262.3822586869991,73.3405779871534,74.84910781275171,1901.822239726913,2171.0505902172486,0,304.47653123628726,304.9999723007939,-0.5234687637127422,-2.7699206100351148e-05,-0.4852084674378099,-2.0206363930180045e-05
encodec_ft_encodec_ft_53tet,3.0kbps,24000,20260826,305.0,220.0,262.3822617494339,220Hz_ongrid,2,220.03218415595114,262.328311230686,220.00000094393127,262.38225866835694,73.34697555818771,74.91720377529563,1901.886215268062,2169.605469084057,0,304.39074398961117,304.99997224260585,-0.6092560103888331,-2.775739415028511e-05,-0.3560095037531956,-2.0329367244526183e-05
encodec_ft_encodec_ft_53tet,3.0kbps,24000,20260826,305.0,220.0,262.3822617494339,220Hz_ongrid,3,220.02553116174354,262.28427570483126,220.00000094877663,262.38225869367307,110.00608505394256,74.89584548810781,1200.1051324071166,2169.8084636670615,0,304.15245459723843,304.99997237151587,-0.8475454027615683,-2.76284841334018e-05,-0.6466460755999985,-2.0162328091300474e-05
encodec_ft_encodec_ft_53tet,3.0kbps,24000,20260826,305.0,220.0,262.3822617494339,220Hz_ongrid,4,220.00971211459617,262.4349434337241,220.00000092979352,262.3822586851696,109.99412204093409,75.01367223937748,1200.1689380086034,2168.081224512935,0,305.27114073797225,304.9999724647915,0.2711407379722459,-2.7535208516837884e-05,0.34756606685500907,-2.0218435210209713e-05
encodec_ft_encodec_ft_53tet,3.0kbps,24000,20260826,305.0,226.4,270.0152002730538,226.4Hz_+49.6c,0,226.40025655149833,270.33254398864165,226.4000034340932,270.01519808502644,75.46420612179625,90.14083289370642,1902.0134094164039,1901.3790187084455,0,307.03152983931676,304.9999597114054,2.031529839316761,-4.028859461868706e-05,2.033491634535991,-1.4028793358533235e-05
encodec_ft_encodec_ft_53tet,3.0kbps,24000,20260826,305.0,226.4,270.0152002730538,226.4Hz_+49.6c,1,226.3448824304536,270.0188319917156,226.40000352596283,270.0151980762982,75.44470611831132,90.01972723920936,1902.0373335294498,1901.6963166837436,0,305.4448090177799,304.9999589529353,0.4448090177799031,-4.104706471252939e-05,0.023285032529364688,-1.4084755554227484e-05
encodec_ft_encodec_ft_53tet,3.0kbps,24000,20260826,305.0,226.4,270.0152002730538,226.4Hz_+49.6c,2,226.4261437244899,270.19160654873366,226.4000035852373,270.0151980677877,75.47021230759026,90.11934546469526,1902.073568544896,1900.8889414278476,0,305.9307760481245,304.99995844510954,0.9307760481245282,-4.155489045842842e-05,1.1306801688728674,-1.4139321568504719e-05
encodec_ft_encodec_ft_53tet,3.0kbps,24000,20260826,305.0,226.4,270.0152002730538,226.4Hz_+49.6c,3,226.37210364860314,268.9576182286334,226.40000361860456,270.0151980937007,75.45608797928408,89.88864537791608,1901.9843662079395,1897.4016731401066,0,298.4192056163811,304.9999583561011,-6.580794383618922,-4.164389889638187e-05,-6.794125165506479,-1.3973177325111588e-05
encodec_ft_encodec_ft_53tet,3.0kbps,24000,20260826,305.0,226.4,270.0152002730538,226.4Hz_+49.6c,4,226.40076209156487,270.00837554825625,226.4000034449209,270.01519805472674,75.4632580548132,90.02106971248548,1902.039025031303,1901.6034557011021,0,304.95041437842826,304.99995943433817,-0.04958562157173674,-4.056566183407995e-05,-0.043758074553199106,-1.4223063430591916e-05
encodec_ft_encodec_ft_53tet,3.0kbps,24000,20260826,310.0,220.0,263.1411467822288,220Hz_ongrid,0,220.02126978411798,263.12526062802823,220.00000095058755,263.14115054750374,73.34534119490459,87.70793822094198,1901.8389146996128,1901.9645146272524,0,309.7281110530902,310.00001729174335,-0.2718889469098258,1.7291743347414013e-05,-0.10451988073668078,2.4772150538060105e-05
encodec_ft_encodec_ft_53tet,3.0kbps,24000,20260826,310.0,220.0,263.1411467822288,220Hz_ongrid,1,220.0244102680361,263.0473321528889,220.00000094646282,263.1411505108123,110.00496566683107,73.78113381158245,1200.1139293996928,2200.7982644128706,0,309.1905936217213,310.000017082805,-0.8094063782787089,1.708280501588888e-05,-0.6173266380270217,2.453075339015006e-05
encodec_ft_encodec_ft_53tet,3.0kbps,24000,20260826,310.0,220.0,263.1411467822288,220Hz_ongrid,2,219.99492165697063,263.1057286181489,220.00000094057776,263.14115054044765,109.99177369776186,87.70226924831509,1200.089511237887,1901.9479002323767,0,309.80692757678173,310.00001732409015,-0.19307242321826834,1.7324090151760174e-05,-0.23303561339559448,2.4725727891338117e-05
encodec_ft_encodec_ft_53tet,3.0kbps,24000,20260826,310.0,220.0,263.1411467822288,220Hz_ongrid,3,220.01180039766592,263.1464377590017,220.00000095827002,263.14115055045085,73.33859672208018,87.71656005378324,1901.923606364894,1901.9336693101864,0,309.941951820174,310.0000172506777,-0.05804817982601662,1.7250677672109305e-05,0.03480955816303314,2.4791539853313667e-05
encodec_ft_encodec_ft_53tet,3.0kbps,24000,20260826,310.0,220.0,263.1411467822288,220Hz_ongrid,4,219.99521776306827,263.21293531871,220.000000957665,263.1411505547655,109.99455014191219,87.73668904318322,1200.0481416629082,1901.97386594807,0,310.5098731339754,310.000017283825,0.5098731339754181,1.7283825002323283e-05,0.472240127647043,2.481992631211666e-05
encodec_ft_encodec_ft_53tet,3.0kbps,24000,20260826,310.0,226.4,270.7961619613482,226.4Hz_+49.6c,0,226.4065747291676,270.8085539136429,226.40000353125205,270.7961590833315,75.46326661459673,90.39613463511584,1902.083275977021,1899.5283844892044,0,310.02894663648783,309.99995459772055,0.0289466364878308,-4.5402279454265226e-05,0.07922150277458458,-1.8399524495574337e-05
encodec_ft_encodec_ft_53tet,3.0kbps,24000,20260826,310.0,226.4,270.7961619613482,226.4Hz_+49.6c,1,226.39033933162779,270.781277700408,226.40000348592335,270.7961590953051,75.46251648825363,90.34715690248305,1901.9763354430331,1900.2922614212841,0,309.97871513786356,309.99995502088854,-0.021284862136440097,-4.4979111464726884e-05,-0.0951595744368351,-1.8322975735369958e-05
encodec_ft_encodec_ft_53tet,3.0kbps,24000,20260826,310.0,226.4,270.7961619613482,226.4Hz_+49.6c,2,226.3130242345207,270.8041768532116,226.40000353352613,270.79615908576017,75.43317428785565,90.34273803039848,1902.0582858196424,1900.5233370400329,0,310.7164529608417,309.9999545958581,0.716452960841707,-4.540414187204078e-05,0.051239457215914,-1.8383997551213925e-05
encodec_ft_encodec_ft_53tet,3.0kbps,24000,20260826,310.0,226.4,270.7961619613482,226.4Hz_+49.6c,3,226.39269907707148,270.75823222872805,226.4000035169478,270.7961590827453,75.46124254297887,90.27600392521859,1902.0236072484342,1901.508886402269,0,309.8133229972388,309.9999547033547,-0.18667700276120058,-4.529664528263311e-05,-0.24250655297369875,-1.840327192800686e-05
encodec_ft_encodec_ft_53tet,3.0kbps,24000,20260826,310.0,226.4,270.7961619613482,226.4Hz_+49.6c,4,226.44897161455063,270.78551183245105,226.40000350686398,270.7961590997192,75.48252264677609,90.34770403597643,1901.9657321843324,1900.3088478869254,0,309.5574757133492,309.9999548889799,-0.44252428665078014,-4.511102008564194e-05,-0.0680889574676031,-1.8294755725902926e-05
encodec_ft_encodec_ft_53tet,3.0kbps,24000,20260826,315.0,220.0,263.90222672899847,220Hz_ongrid,0,220.0174066649364,263.8806275383296,220.00000094385925,263.9022262363967,73.34089563763331,87.96051423792247,1901.9134530828292,1901.9489967106065,0,314.72132870547415,314.9999893410062,-0.27867129452585004,-1.0658993801371253e-05,-0.14169939033386716,-3.2315337553865723e-06
encodec_ft_encodec_ft_53tet,3.0kbps,24000,20260826,315.0,220.0,263.90222672899847,220Hz_ongrid,1,220.00494884256432,263.92621591718716,220.00000094591232,263.9022262057497,109.99934641885243,87.97501175345883,1200.0492296317511,1901.9627454459537,0,315.11842192400445,314.9999891238017,0.11842192400445128,-1.0876198302867124e-05,0.15736514395518575,-3.432582340797671e-06
encodec_ft_encodec_ft_53tet,3.0kbps,24000,20260826,315.0,220.0,263.90222672899847,220Hz_ongrid,2,220.01358669759455,263.88010811097604,220.00000091808758,263.902226235047,110.00317215349793,131.94047424816964,1200.056989569421,1199.994486505827,0,314.74797905422497,314.9999895349558,-0.25202094577502976,-1.0465044226748432e-05,-0.14510718579757528,-3.240387898122606e-06
encodec_ft_encodec_ft_53tet,3.0kbps,24000,20260826,315.0,220.0,263.90222672899847,220Hz_ongrid,3,219.99933174842684,263.88974985201907,220.000000952473,263.90222621979785,109.98925750703094,87.96469125387641,1200.1638202451104,1901.9266343289103,0,314.92340672024784,314.9999891643321,-0.07659327975216002,-1.0835667922037828e-05,-0.08185192354271402,-3.340424373036809e-06
encodec_ft_encodec_ft_53tet,3.0kbps,24000,20260826,315.0,220.0,263.90222672899847,220Hz_ongrid,4,219.99840445072329,263.92196033548845,220.0000009317838,263.90222619596517,109.98905815956694,87.97383659266595,1200.1596608117313,1901.957956364557,0,315.1420060837125,314.9999891707947,0.1420060837124879,-1.0829205280060705e-05,0.12945026893247405,-3.496769974399838e-06
encodec_ft_encodec_ft_53tet,3.0kbps,24000,20260826,315.0,226.4,271.57938241566023,226.4Hz_+49.6c,0,226.39321575678062,271.66577485002483,226.4000033390184,271.5793792415464,75.46352319176864,90.60031601694436,1901.9752363933255,1901.0938020367373,0,315.60251579124974,314.99995423322815,0.6025157912497434,-4.576677184786604e-05,0.5506373069846222,-2.0233988102341563e-05
encodec_ft_encodec_ft_53tet,3.0kbps,24000,20260826,315.0,226.4,271.57938241566023,226.4Hz_+49.6c,1,226.422066997074,271.60138443860643,226.40000349902516,271.57937935715705,75.47237685014375,90.87442007545735,1901.9927455860566,1895.4536112126782,0,314.97151682143027,314.99995374667145,-0.02848317856972926,-4.6253328548573336e-05,0.14025036826770731,-1.949700612663543e-05
encodec_ft_encodec_ft_53tet,3.0kbps,24000,20260826,315.0,226.4,271.57938241566023,226.4Hz_+49.6c,2,226.3949424078727,271.6304848819993,226.40000342082485,271.57937927109987,75.46530519715452,90.61122454040988,1901.9475589811766,1900.6604636833888,0,315.3644064696133,314.9999537960654,0.36440646961330003,-4.6203934573441074e-05,0.3257316750099707,-2.0045593946775282e-05
encodec_ft_encodec_ft_53tet,3.0kbps,24000,20260826,315.0,226.4,271.57938241566023,226.4Hz_+49.6c,3,226.40059390643808,271.64467020818086,226.4000035897088,271.57937925054534,75.46221109769066,90.58432116513964,1902.0617578044576,1901.264968310935,0,315.411597868196,314.99995237361605,0.4115978681959973,-4.762638394595342e-05,0.4161393421311821,-2.0176622613417923e-05
encodec_ft_encodec_ft_53tet,3.0kbps,24000,20260826,315.0,226.4,271.57938241566023,226.4Hz_+49.6c,4,226.37850135944353,271.63372158571184,226.40000359635536,271.5793792242562,75.45670436998788,90.6366001698582,1902.0191513570699,1900.1963292783146,0,315.5107641201199,314.9999521552059,0.5107641201199158,-4.784479409636333e-05,0.3463606493002044,-2.0344207822733266e-05
encodec_ft_encodec_ft_53tet,3.0kbps,24000,20260826,320.0,220.0,264.6655079380657,220Hz_ongrid,0,220.01684077035682,264.64826612468755,220.00000095050913,264.6655066507967,73.33546579521715,88.21795213372545,1902.037178085248,1901.9184316676096,0,319.7546948267828,319.9999840999069,-0.24530517321721845,-1.5900093103482504e-05,-0.11278608591386119,-8.420303393303614e-06
encodec_ft_encodec_ft_53tet,3.0kbps,24000,20260826,320.0,220.0,264.6655079380657,220Hz_ongrid,1,220.0461030227918,264.64980260184484,220.0000009307104,264.6655065089123,73.355446085581,88.21811627165604,1901.79580552008,1901.9252615975863,0,319.53450696294476,319.99998332761146,-0.46549303705523926,-1.6672388539973326e-05,-0.10273503253767417,-9.348399804409032e-06
encodec_ft_encodec_ft_53tet,3.0kbps,24000,20260826,320.0,220.0,264.6655079380657,220Hz_ongrid,2,220.03491102291878,264.653844588448,220.00000093901915,264.66550664423943,110.01233278233663,88.21797662246257,1200.0806131129048,1901.9544430129952,0,319.6490042177975,319.99998414743163,-0.35099578220251715,-1.5852568367336062e-05,-0.0762941611378368,-8.463195993028246e-06
encodec_ft_encodec_ft_53tet,3.0kbps,24000,20260826,320.0,220.0,264.6655079380657,220Hz_ongrid,3,220.02105545487834,264.65324384899185,220.00000094606324,264.66550653547915,110.00460294030867,88.21845642860652,1200.0932407983498,1901.9410973372228,0,319.7540934761945,319.9999833805757,-0.24590652380550182,-1.6619424286545836e-05,-0.0802239048494897,-9.174620386568947e-06
encodec_ft_encodec_ft_53tet,3.0kbps,24000,20260826,320.0,220.0,264.6655079380657,220Hz_ongrid,4,220.02444327933657,264.6580232556522,220.00000093388715,264.6655066045543,110.01000129221359,66.16306906418933,1200.0349413896763,2400.037593827954,0,319.75870090373894,319.9999839282279,-0.24129909626105928,-1.6071772108716686e-05,-0.04895961081605197,-8.722784828162468e-06
encodec_ft_encodec_ft_53tet,3.0kbps,24000,20260826,320.0,226.4,272.3648681689912,226.4Hz_+49.6c,0,226.38878899952064,272.37207878708404,226.40000351829244,272.3648671632156,75.46270646397738,90.82660186424309,1901.960121477482,1901.2704099822238,0,320.1315626061294,319.9999667033285,0.13156260612942106,-3.329667151774629e-05,0.04583227786384849,-6.3930162671302265e-06
encodec_ft_encodec_ft_53tet,3.0kbps,24000,20260826,320.0,226.4,272.3648681689912,226.4Hz_+49.6c,1,226.38378564005185,272.40151111925474,226.40000345347121,272.36486712480814,75.45648182833764,90.83542070863439,1902.0646683971636,1901.2893891030972,0,320.35689038739616,319.99996695487323,0.3568903873961631,-3.304512677004823e-05,0.2328980849847368,-6.637145621861408e-06
encodec_ft_encodec_ft_53tet,3.0kbps,24000,20260826,320.0,226.4,272.3648681689912,226.4Hz_+49.6c,2,226.43378671280078,272.38864101800914,226.40000330731934,272.36486720937245,75.48397034160334,90.8510600262035,1901.8164342193672,1900.9095474913088,0,319.89276013432516,319.999968609983,-0.1072398656748419,-3.13900169999215e-05,0.1511008740472208,-6.09962923241772e-06
encodec_ft_encodec_ft_53tet,3.0kbps,24000,20260826,320.0,226.4,272.3648681689912,226.4Hz_+49.6c,3,226.39006921889495,272.3817132668007,226.40000337478537,272.36486726259307,75.45848790238341,90.82959426319447,1902.066694699862,1901.2746101773755,0,320.1830095587565,319.9999684323708,0.1830095587565097,-3.1567629207529535e-05,0.10706926079311657,-5.76134277952187e-06
encodec_ft_encodec_ft_53tet,3.0kbps,24000,20260826,320.0,226.4,272.3648681689912,226.4Hz_+49.6c,4,226.29846593599876,272.38859449545384,226.4000035376537,272.3648671172139,75.42598928430101,90.80982145178072,1902.1118229037031,1901.6952617029185,0,320.92738936038614,319.9999662628759,0.9273893603861438,-3.3737124113031314e-05,0.1508051883007142,-6.685416902799587e-06
encodec_ft_encodec_ft_53tet,3.0kbps,24000,20260826,325.0,220.0,265.4309967761148,220Hz_ongrid,0,220.0287579927372,265.47348953430924,220.00000092487673,265.43099747098125,73.35086960613158,88.49469944296389,1901.7673475601985,1901.88581904438,0,325.05084156878326,324.9999972540804,0.0508415687832553,-2.7459195734991226e-06,0.27713048911422716,4.532162835556903e-06
encodec_ft_encodec_ft_53tet,3.0kbps,24000,20260826,325.0,220.0,265.4309967761148,220Hz_ongrid,1,219.99930272531583,265.44063348336914,220.00000093628972,265.43099732669583,109.99395833852095,88.48199082630853,1200.089602213843,1901.9201796783705,0,325.068339877891,324.9999962231887,0.06833987789099183,-3.776811297484528e-06,0.06285284340118104,3.5910827515965975e-06
encodec_ft_encodec_ft_53tet,3.0kbps,24000,20260826,325.0,220.0,265.4309967761148,220Hz_ongrid,2,219.9959939825516,265.4258594090258,220.00000094744078,265.43099751018366,109.98939538733684,88.47659769952969,1200.1353840278052,1901.9293436560188,0,324.99801658838084,324.9999973322104,-0.001983411619164599,-2.667789601673576e-06,-0.0335080341288342,4.787854700372511e-06
encodec_ft_encodec_ft_53tet,3.0kbps,24000,20260826,325.0,220.0,265.4309967761148,220Hz_ongrid,3,219.98261560673976,265.4454449309431,220.00000095426415,265.4309974800496,73.3176239816507,88.48373267296125,1902.189095370451,1901.9174796572095,0,325.2310408350189,324.9999970819706,0.23104083501891637,-2.918029395004851e-06,0.09423336816622979,4.5913094928598305e-06
encodec_ft_encodec_ft_53tet,3.0kbps,24000,20260826,325.0,220.0,265.4309967761148,220Hz_ongrid,4,220.0007210069918,265.4701332823198,220.0000009354645,265.43099751243085,73.33346718536188,66.38078845765756,1901.9575146966363,2399.6542668953903,0,325.24956943027763,324.9999974411116,0.24956943027763145,-2.5588884113858512e-06,0.2552432021339091,4.802511529820408e-06
encodec_ft_encodec_ft_53tet,3.0kbps,24000,20260826,325.0,226.4,273.1526257732381,226.4Hz_+49.6c,0,226.3948817083366,273.125383890882,226.40000345299816,273.1526274679035,75.4636021501721,91.09411128627764,1901.9861645054139,1900.9604426731703,0,324.8664720285315,324.9999843363803,-0.1335279714684816,-1.566361970617436e-05,-0.17266693332094502,1.074074396087012e-05
encodec_ft_encodec_ft_53tet,3.0kbps,24000,20260826,325.0,226.4,273.1526257732381,226.4Hz_+49.6c,1,226.40313992882733,273.18827373079824,226.40000340049298,273.15262749011293,75.46744314903744,91.09761454266861,1901.9611983768405,1901.2924529272714,0,325.20191084070314,324.9999848786392,0.20191084070313536,-1.5121360775083303e-05,0.22592106156212124,1.0881506492817584e-05
encodec_ft_encodec_ft_53tet,3.0kbps,24000,20260826,325.0,226.4,273.1526257732381,226.4Hz_+49.6c,2,226.396522302039,273.2221376043962,226.40000343354194,273.152627507438,75.47141301313412,91.09651284423647,1901.819527852835,1901.527976932611,0,325.46710152452835,324.9999847357264,0.46710152452834564,-1.5264273599768785e-05,0.44050808210547615,1.0991312392588155e-05
encodec_ft_encodec_ft_53tet,3.0kbps,24000,20260826,325.0,226.4,273.1526257732381,226.4Hz_+49.6c,3,226.40891628371767,273.13461303460855,226.40000349391312,273.15262741897556,75.47134531753183,91.05725600552155,1901.9158537990213,1901.719514068289,0,324.8176523412619,324.99998371340774,-0.182347658738081,-1.6286592256165022e-05,-0.11416802088147625,1.0430639847902143e-05
encodec_ft_encodec_ft_53tet,3.0kbps,24000,20260826,325.0,226.4,273.1526257732381,226.4Hz_+49.6c,4,226.34214127467197,273.1418249396374,226.40000345670623,273.1526274463355,75.44252380055663,91.06886259158235,1902.066445742454,1901.5445681701626,0,325.3740335202556,324.99998417132787,0.3740335202555798,-1.5828672133011423e-05,-0.06845674842911491,1.0604046192708477e-05
encodec_ft_encodec_ft_53tet,3.0kbps,24000,20260826,330.0,220.0,266.19869962824436,220Hz_ongrid,0,219.97787622121143,266.1758086588602,220.00000092768434,266.19870245782766,73.32203545343874,66.58148572204436,1902.0476325855436,2399.023787261333,0,330.0252274551311,330.0000111021338,0.025227455131073384,1.1102133782969759e-05,-0.14887874990826835,1.840230974340851e-05
encodec_ft_encodec_ft_53tet,3.0kbps,24000,20260826,330.0,220.0,266.19869962824436,220Hz_ongrid,1,220.01423008930064,266.1062978056275,220.00000094184935,266.198702446305,73.34419569885604,88.70511590891842,1901.810560434062,1901.8961248999667,0,329.28698022643937,330.0000109157277,-0.7130197735606316,1.09157277279337e-05,-0.601043326243751,1.8327371475451473e-05
encodec_ft_encodec_ft_53tet,3.0kbps,24000,20260826,330.0,220.0,266.19869962824436,220Hz_ongrid,2,220.04860709687168,266.1801260042226,220.00000093738544,266.1987024144864,73.35070950381478,88.72930815453095,1901.9272963317844,1901.9042804723015,0,329.496742529864,330.0000107439215,-0.5032574701360204,1.0743921507128107e-05,-0.12079853212002258,1.8120437941843993e-05
encodec_ft_encodec_ft_53tet,3.0kbps,24000,20260826,330.0,220.0,266.19869962824436,220Hz_ongrid,3,220.01056597881308,266.2053466738199,220.00000092913567,266.19870241565025,110.00400671178043,66.55325362632541,1200.0200858362427,2399.9501339100507,0,329.96008450448807,330.0000108164104,-0.039915495511934296,1.0816410394909326e-05,0.04322879101550773,1.812800738231914e-05
encodec_ft_encodec_ft_53tet,3.0kbps,24000,20260826,330.0,220.0,266.19869962824436,220Hz_ongrid,4,220.00690042966545,266.16093206062715,220.0000009361725,266.198702405004,110.00023181116023,88.7216905649861,1200.0506519706448,1901.9280749746574,0,329.7000593403152,330.00001069179734,-0.29994065968480754,1.0691797342587961e-05,-0.2456403349428218,1.805876877886343e-05
encodec_ft_encodec_ft_53tet,3.0kbps,24000,20260826,330.0,226.4,273.94266179924784,226.4Hz_+49.6c,0,226.40987177134465,273.9294295592603,226.4000035618441,273.9426649127675,75.46457017315844,91.347786330171,1902.0785816435346,1901.2351165297455,0,329.84088850914304,329.9999924398082,-0.15911149085695797,-7.560191818356543e-06,-0.08362573957537292,1.967649440458816e-05
encodec_ft_encodec_ft_53tet,3.0kbps,24000,20260826,330.0,226.4,273.94266179924784,226.4Hz_+49.6c,1,226.39110712937944,274.0377442090384,226.4000034266143,273.9426649164986,75.46251216900224,91.44460776900755,1901.9823059651974,1900.0855302515913,0,330.6687908460485,329.9999934974619,0.6687908460485232,-6.5025380990846315e-06,0.6007875651897668,1.970007341730693e-05
encodec_ft_encodec_ft_53tet,3.0kbps,24000,20260826,330.0,226.4,273.94266179924784,226.4Hz_+49.6c,2,226.42257398056722,274.01500969982527,226.40000342703308,273.9426649209232,75.47368958363775,100.16933339375181,1901.9665099364342,1742.1768279845257,0,330.2845463327119,329.9999935222219,0.2845463327118978,-6.477778072166984e-06,0.45715629546093967,1.9728035870666194e-05
encodec_ft_encodec_ft_53tet,3.0kbps,24000,20260826,330.0,226.4,273.94266179924784,226.4Hz_+49.6c,3,226.4250995811269,273.995729679095,226.4000033708444,273.94266489749253,75.47563775258304,91.3866085025292,1901.9411336476942,1900.918476501475,0,330.14341965547777,329.9999938038102,0.14341965547777136,-6.196189815455e-06,0.3353403310271621,1.9579961070046066e-05
encodec_ft_encodec_ft_53tet,3.0kbps,24000,20260826,330.0,226.4,273.94266179924784,226.4Hz_+49.6c,4,226.37589851764312,273.9302122974717,226.40000347455359,273.9426648966123,75.46016667610188,74.96859521290284,1901.9198106749807,2243.340142402598,0,330.10563002820885,329.9999930052048,0.10563002820885004,-6.994795228365547e-06,-0.07867884099200989,1.957439825591657e-05
encodec_ft_encodec_ft_53tet,3.0kbps,24000,20260826,335.0,220.0,266.96862289802044,220Hz_ongrid,0,220.0189573564385,266.9315983331525,220.0000009340616,266.9686232135685,73.34317380825115,88.98509196479982,1901.8718787747594,1901.8014424910004,0,334.61071334852164,334.99999469590114,-0.3892866514783577,-5.304098863234685e-06,-0.2401129833067335,2.0462610755414588e-06
encodec_ft_encodec_ft_53tet,3.0kbps,24000,20260826,335.0,220.0,266.96862289802044,220Hz_ongrid,1,219.99594523214412,266.93447175464286,220.00000092206227,266.9686231777285,109.99335363552248,88.99103836799765,1200.0726986516863,1901.704393142522,0,334.8104312792117,334.9999945579118,-0.18956872078831566,-5.442088195195538e-06,-0.22147697925943158,1.8138464605069648e-06
encodec_ft_encodec_ft_53tet,3.0kbps,24000,20260826,335.0,220.0,266.96862289802044,220Hz_ongrid,2,219.99313807436602,266.9459201357132,220.00000094991393,266.96862327630924,109.99096289403258,66.7551666643822,1200.0882372362003,2399.5153115282405,0,334.9067702342507,334.9999949780154,-0.09322976574929953,-5.021984577524563e-06,-0.14722878651887908,2.453121483998099e-06
encodec_ft_encodec_ft_53tet,3.0kbps,24000,20260826,335.0,220.0,266.96862289802044,220Hz_ongrid,3,219.98006917892022,266.92881634664735,220.00000092189498,266.96862335756157,73.32439763255897,133.4624164488975,1902.0091177602785,1200.0258358533122,0,334.89869146927293,334.9999957254075,-0.10130853072706714,-4.2745925270537555e-06,-0.25815616324434076,2.9800254311788284e-06
encodec_ft_encodec_ft_53tet,3.0kbps,24000,20260826,335.0,220.0,266.96862289802044,220Hz_ongrid,4,220.01284251725824,266.96429589729786,220.00000093525858,266.96862317607304,109.9998858218374,66.74324783077188,1200.1028549667765,2399.943612039991,0,334.8708821305739,334.9999944433317,-0.1291178694261248,-5.556668327244552e-06,-0.028059895607675262,1.8031113938927148e-06
encodec_ft_encodec_ft_53tet,3.0kbps,24000,20260826,335.0,226.4,274.73498283687195,226.4Hz_+49.6c,0,226.3434641325525,274.6464747898621,226.40000337179833,274.73497973977896,75.44342703823486,100.62223917023721,1902.0558367968454,1738.3518895398631,0,334.8745514958984,334.9999547003183,-0.12544850410159825,-4.5299681687538396e-05,-0.5578205955017714,-1.9516236296154506e-05
encodec_ft_encodec_ft_53tet,3.0kbps,24000,20260826,335.0,226.4,274.73498283687195,226.4Hz_+49.6c,1,226.3780461557458,274.8030835691549,226.400003445313,274.73497974768287,75.45765577344005,100.16747319773708,1901.9938418731695,1747.1809033872166,0,335.59696614693445,334.99995418797306,0.5969661469344487,-4.581202693998421e-05,0.42908149336838275,-1.9466430060997742e-05
encodec_ft_encodec_ft_53tet,3.0kbps,24000,20260826,335.0,226.4,274.73498283687195,226.4Hz_+49.6c,2,226.37108823755412,274.8385890107395,226.40000347140813,274.7349797358409,75.45372816226275,100.38401782602615,1902.0307441316622,1743.6659831335276,0,335.87384444237057,334.9999539138074,0.8738444423705687,-4.608619258306135e-05,0.6527480475995482,-1.9541051960188886e-05
encodec_ft_encodec_ft_53tet,3.0kbps,24000,20260826,335.0,226.4,274.73498283687195,226.4Hz_+49.6c,3,226.43734479744683,274.773457986202,226.40000347085518,274.73497974716975,75.47679318684455,100.73786718196025,1902.008254628711,1737.1638726978267,0,334.95688859068497,334.9999539894239,-0.043111409315031324,-4.601057611353099e-05,0.24243299546858124,-1.9469663535678526e-05
encodec_ft_encodec_ft_53tet,3.0kbps,24000,20260826,335.0,226.4,274.73498283687195,226.4Hz_+49.6c,4,226.40041242342556,274.6930348983267,226.40000347029903,274.7349797325028,75.46621693685782,100.06066563391099,1901.9684715829685,1748.3344503120768,0,334.73249245886785,334.9999539012534,-0.26750754113214725,-4.609874662264701e-05,-0.2643538272336018,-1.956208694022109e-05
encodec_ft_encodec_ft_53tet,3.0kbps,24000,20260826,340.0,220.0,267.74077300753004,220Hz_ongrid,0,220.01996813445672,267.74726551011963,220.00000094726786,267.7407709893279,73.34108039097076,89.27638433765897,1901.9292470507692,1901.4256032692974,0,339.8848535262307,339.99997949585423,-0.11514647376930043,-2.050414576615367e-05,0.041980551343150756,-1.304986241003104e-05
encodec_ft_encodec_ft_53tet,3.0kbps,24000,20260826,340.0,220.0,267.74077300753004,220Hz_ongrid,1,220.0107030993255,267.6637111552063,220.00000093726172,267.7407709936679,109.99782650878328,87.74989559236809,1200.118431080053,1930.7426916875413,0,339.417416677643,339.999979602658,-0.5825833223569816,-2.039734198433507e-05,-0.4983600529867397,-1.3021799624823954e-05
encodec_ft_encodec_ft_53tet,3.0kbps,24000,20260826,340.0,220.0,267.74077300753004,220Hz_ongrid,2,220.01059430660925,267.75920262475466,220.00000094719786,267.7407709014398,73.34064159776432,89.27308019557303,1901.8658450712485,1901.5668606564518,0,340.0357961384475,339.9999789281134,0.03579613844749474,-2.1071886578738486e-05,0.11916333264260018,-1.3618154184365137e-05
encodec_ft_encodec_ft_53tet,3.0kbps,24000,20260826,340.0,220.0,267.74077300753004,220Hz_ongrid,3,220.01925374787592,267.68945365042055,220.00000095267433,267.74077097778263,110.00524522088924,89.24116706327682,1200.068955947186,1901.7348184470877,0,339.51662713057596,339.9999793786569,-0.4833728694240449,-2.0621343082893873e-05,-0.3318670267489419,-1.3124515254045866e-05
encodec_ft_encodec_ft_53tet,3.0kbps,24000,20260826,340.0,220.0,267.74077300753004,220Hz_ongrid,4,219.99625406664978,267.62358303397315,220.0000009367405,267.74077097138365,109.99067230440535,89.22093047993938,1200.1173321603271,1901.7013836221065,0,339.27155194614085,339.9999794626677,-0.7284480538591538,-2.0537332318326662e-05,-0.757925974644697,-1.31658915439742e-05
encodec_ft_encodec_ft_53tet,3.0kbps,24000,20260826,340.0,226.4,275.5295954950218,226.4Hz_+49.6c,0,226.40583113593803,275.472431140953,226.40000354819492,275.52959610339934,75.46724242636557,74.94199195680132,1901.9863816873915,2253.6740558553843,0,339.59619325055365,339.99997669030284,-0.4038067494463462,-2.33096971555824e-05,-0.3592178312521867,3.822616295968837e-06
encodec_ft_encodec_ft_53tet,3.0kbps,24000,20260826,340.0,226.4,275.5295954950218,226.4Hz_+49.6c,1,226.4262588579272,275.49856736253906,226.40000353702055,275.52959613088126,75.47489036837868,91.83865903746712,1901.9671407176506,1901.8456013874259,0,339.60424565560726,339.99997694842773,-0.39575434439274204,-2.3051572270560428e-05,-0.19496992390108445,3.995293413429409e-06
encodec_ft_encodec_ft_53tet,3.0kbps,24000,20260826,340.0,226.4,275.5295954950218,226.4Hz_+49.6c,2,226.42483646357934,275.52644280424596,226.40000345930866,275.5295959916637,75.4733757393659,91.83780139124364,1901.9910079175902,1902.0369293183978,0,339.79028170496343,339.9999766679294,-0.20971829503656636,-2.3332070611559175e-05,-0.0198094031750127,3.1205480911811262e-06
encodec_ft_encodec_ft_53tet,3.0kbps,24000,20260826,340.0,226.4,275.5295954950218,226.4Hz_+49.6c,3,226.38338306459684,275.59176298517576,226.4000035026516,275.5295961539757,75.45797449309346,100.40007650059272,1902.0273431819248,1748.1268802215143,0,340.51764362848587,339.99997735634935,0.517643628485871,-2.2643650652298675e-05,0.390572691477092,4.140402483132377e-06
encodec_ft_encodec_ft_53tet,3.0kbps,24000,20260826,340.0,226.4,275.5295954950218,226.4Hz_+49.6c,4,226.42077320335727,275.48237045629145,226.4000035651426,275.5295960269596,75.47257769841566,75.15242560732129,1901.9782459675605,2248.882106434958,0,339.5444045539674,339.99997608041366,-0.4555954460325893,-2.3919586340070964e-05,-0.2967543366412478,3.342322973408061e-06
encodec_ft_encodec_ft_53tet,3.0kbps,24000,20260826,345.0,220.0,268.5151563974347,220Hz_ongrid,0,220.00681550146282,268.5098413495064,220.00000096548243,268.5151545317548,109.99535352366709,89.52259179838511,1200.1267620968238,1901.5815077623809,0,344.91209920948796,344.9999803735315,-0.08790079051203747,-1.9626468485967052e-05,-0.03426876582936211,-1.2028850162070362e-05
encodec_ft_encodec_ft_53tet,3.0kbps,24000,20260826,345.0,220.0,268.5151563974347,220Hz_ongrid,1,220.0243046955764,268.4653344053214,220.00000093600298,268.51515449543626,73.34254534160873,89.51056038026752,1901.9287889113325,1901.5272080666623,0,344.48749707714853,344.9999803713514,-0.5125029228514677,-1.962864860161062e-05,-0.3212538662527068,-1.226301135120519e-05
encodec_ft_encodec_ft_53tet,3.0kbps,24000,20260826,345.0,220.0,268.5151563974347,220Hz_ongrid,2,220.0161143820789,268.5035378017779,220.00000093723074,268.51515449387585,110.00558030605255,89.55482870447258,1200.0389800166383,1900.9175630687068,0,344.79828485003895,344.9999803516292,-0.20171514996104634,-1.964837082368831e-05,-0.07491176237919803,-1.2273071968485835e-05
encodec_ft_encodec_ft_53tet,3.0kbps,24000,20260826,345.0,220.0,268.5151563974347,220Hz_ongrid,3,219.98112065356105,268.4666799449383,220.0000009255077,268.51515453839943,109.98588187711202,89.51036792648135,1200.073639625071,1901.5396072090884,0,344.8359955916919,344.9999807309436,-0.16400440830807383,-1.9269056394932704e-05,-0.31257699865370747,-1.1986009265561519e-05
encodec_ft_encodec_ft_53tet,3.0kbps,24000,20260826,345.0,220.0,268.5151563974347,220Hz_ongrid,4,220.0020111658284,268.4927897817877,220.0000009342701,268.51515449172047,109.99490822354129,89.55219269514764,1200.0959650202208,1900.8992204293395,0,344.839960404764,344.99998036103034,-0.16003959523601452,-1.9638969661173178e-05,-0.14421330957350356,-1.2286968817169139e-05
encodec_ft_encodec_ft_53tet,3.0kbps,24000,20260826,345.0,226.4,276.3265064017237,226.4Hz_+49.6c,0,226.32389933641903,276.33557362967167,226.40000357474872,276.32650858909716,75.43789650549556,75.38190882360065,1902.0331012633217,2248.957277577594,0,345.6388307263279,344.9999863689137,0.6388307263279103,-1.3631086289933592e-05,0.056806842093170225,1.3704278518460742e-05
encodec_ft_encodec_ft_53tet,3.0kbps,24000,20260826,345.0,226.4,276.3265064017237,226.4Hz_+49.6c,1,226.37207479451757,276.334508173249,226.40000339606416,276.3265085158382,75.45347707346825,92.11308606287254,1902.0440501458943,1901.925242303138,0,345.2636832271407,344.99998727629753,0.2636832271406888,-1.272370246852006e-05,0.0501317768147201,1.3245298491967786e-05
encodec_ft_encodec_ft_53tet,3.0kbps,24000,20260826,345.0,226.4,276.3265064017237,226.4Hz_+49.6c,2,226.43106600285833,276.32263668529134,226.400003362894,276.3265085074171,75.47466302392067,92.10878959642449,1902.009110117081,1901.9316184095264,0,344.73821636581914,344.9999874771828,-0.26178363418085837,-1.2522817200988356e-05,-0.024244622222997274,1.3192538442263988e-05
encodec_ft_encodec_ft_53tet,3.0kbps,24000,20260826,345.0,226.4,276.3265064017237,226.4Hz_+49.6c,3,226.37301672853727,276.2978689240162,226.40000352497842,276.3265085410927,75.45561292850185,92.0951825505458,1902.002248595845,1902.0322055213132,0,345.0269196812393,344.9999864487406,0.026919681239292004,-1.3551259428368212e-05,-0.17942812059913577,1.3403522132626449e-05
encodec_ft_encodec_ft_53tet,3.0kbps,24000,20260826,345.0,226.4,276.3265064017237,226.4Hz_+49.6c,4,226.38785829951442,276.2985668218339,226.40000352557314,276.32650857621667,75.4609649140458,92.08385619341857,1901.9929586154328,1902.2495079193163,0,344.9177923454477,344.99998666425046,-0.08220765455229184,-1.3335749542875419e-05,-0.17505522064319218,1.362357984880652e-05
encodec_ft_encodec_ft_53tet,3.0kbps,24000,20260826,350.0,220.0,269.2917795270242,220Hz_ongrid,0,220.00444589507774,269.2889880927298,220.00000094278454,269.2917770348281,109.99323614487199,89.79325034659779,1200.1414416355865,1901.3715925685183,0,349.94706873246304,349.99997655906435,-0.05293126753696242,-2.3440935649432504e-05,-0.017945780416582176,-1.6021932479349383e-05
encodec_ft_encodec_ft_53tet,3.0kbps,24000,20260826,350.0,220.0,269.2917795270242,220Hz_ongrid,1,220.02601863286895,269.2453987344519,220.00000094115452,269.2917771397781,73.34482919328254,89.78579221196456,1901.8883658042357,1901.2351384087601,0,349.4970646678893,349.99997724659835,-0.5029353321107237,-2.275340165169837e-05,-0.2982004242736685,-1.5347225693838185e-05
encodec_ft_encodec_ft_53tet,3.0kbps,24000,20260826,350.0,220.0,269.2917795270242,220Hz_ongrid,2,219.994871660039,269.27981899494335,220.00000094365274,269.2917772077144,109.98928406625072,89.83578823835427,1200.128304208632,1900.4926983692565,0,349.9634625700856,349.999977663691,-0.036537429914403674,-2.233630897308103e-05,-0.07689406735711354,-1.4910474044260542e-05
encodec_ft_encodec_ft_53tet,3.0kbps,24000,20260826,350.0,220.0,269.2917795270242,220Hz_ongrid,3,220.018614511529,269.28668328753696,220.0000009415655,269.29177705782064,73.34303685545846,89.79256372937252,1901.8724137890372,1901.3700133103011,0,349.82076080861435,349.99997671647264,-0.1792391913856477,-2.3283527355033584e-05,-0.0327632236783033,-1.5874117153233364e-05
encodec_ft_encodec_ft_53tet,3.0kbps,24000,20260826,350.0,220.0,269.2917795270242,220Hz_ongrid,4,220.01360028627516,269.32001574202155,220.00000093725436,269.2917771529363,109.9965802892671,89.80101210609745,1200.1608426104635,1901.4214129708237,0,350.07449593611807,349.99997736188146,0.07449593611806904,-2.2638118537088303e-05,0.18151662215499445,-1.5262633898569124e-05
encodec_ft_encodec_ft_53tet,3.0kbps,24000,20260826,350.0,226.4,277.125722204174,226.4Hz_+49.6c,0,226.4167777335792,276.9994486940112,226.40000336520737,277.12572104284203,75.47193951551003,92.3464136446755,1901.962335042708,1901.7063190234467,0,349.0826849809124,349.9999670119895,-0.9173150190875958,-3.298801050277689e-05,-0.7890239085102847,-7.254965122993096e-06
encodec_ft_encodec_ft_53tet,3.0kbps,24000,20260826,350.0,226.4,277.125722204174,226.4Hz_+49.6c,1,226.3420945334504,277.110105365899,226.40000351873084,277.12572108441174,75.44202931329978,92.37058888910305,1902.0774356237803,1901.9446219838883,0,350.3452849712885,349.99996609771756,0.34528497128849267,-3.3902282439157716e-05,-0.09756280926882598,-6.995274611321324e-06
encodec_ft_encodec_ft_53tet,3.0kbps,24000,20260826,350.0,226.4,277.125722204174,226.4Hz_+49.6c,2,226.38455121581597,277.13278947946696,226.40000343985778,277.1257209668623,75.45928303045416,92.37671395866826,1902.006254883159,1901.971540384821,0,350.16228715549505,349.9999659664996,0.16228715549505068,-3.403350041253361e-05,0.0441494622600386,-7.729618752173421e-06
encodec_ft_encodec_ft_53tet,3.0kbps,24000,20260826,350.0,226.4,277.125722204174,226.4Hz_+49.6c,3,226.3597302498054,277.0274520989706,226.40000344256924,277.12572105010196,75.44702230279238,92.35122863289688,1902.0977468573146,1901.7910651374552,0,349.69394911552587,349.99996646577296,-0.3060508844741321,-3.353422704321929e-05,-0.614012738015075,-7.209611522910859e-06
encodec_ft_encodec_ft_53tet,3.0kbps,24000,20260826,350.0,226.4,277.125722204174,226.4Hz_+49.6c,4,226.34462168929292,277.13999785931304,226.4000034120914,277.12572100945476,75.44630156221025,92.38348886967064,1901.9987288523416,1901.8896060693596,0,350.51269755446043,349.99996644490324,0.5126975544604306,-3.355509676339352e-05,0.08917924872603031,-7.463538942172504e-06
encodec_ft_encodec_ft_53tet,3.0kbps,24000,20260826,355.0,220.0,270.07064887427043,220Hz_ongrid,0,220.02640373183206,270.16191687640395,220.00000093570964,270.07064570735906,73.3464472278051,90.0940641540132,1901.8532041563917,1901.1844301848544,0,355.37719151098247,354.99997233581695,0.3771915109824704,-2.76641830510016e-05,0.5849564961619995,-2.0300854121497906e-05
encodec_ft_encodec_ft_53tet,3.0kbps,24000,20260826,355.0,220.0,270.07064887427043,220Hz_ongrid,1,220.00708511759285,270.1080987023946,220.0000009320164,270.07064572790495,73.33702771717802,90.04548922312875,1901.923540653116,1901.773182020016,0,355.18429438042125,354.99997249658526,0.18429438042124957,-2.750341474211382e-05,0.24004801364352135,-2.0169148698954784e-05
encodec_ft_encodec_ft_53tet,3.0kbps,24000,20260826,355.0,220.0,270.07064887427043,220Hz_ongrid,2,220.01930870945375,270.11609325477815,220.0000009503524,270.070645707703,110.00330425411572,90.07777110884209,1200.0999351171458,1901.2038743529638,0,355.13934932322695,354.99997222279455,0.13934932322695204,-2.7777205446000153e-05,0.29128763415875275,-2.029864913894095e-05
encodec_ft_encodec_ft_53tet,3.0kbps,24000,20260826,355.0,220.0,270.07064887427043,220Hz_ongrid,3,219.97254563720102,269.74280019128645,220.0000009425709,270.07064573262085,109.97521029514438,89.99134038442394,1200.174137917429,1900.4716391804968,0,353.11317334689556,354.99997244375976,-1.8868266531044355,-2.755624024075587e-05,-2.1028852604245,-2.013891841116607e-05
encodec_ft_encodec_ft_53tet,3.0kbps,24000,20260826,355.0,220.0,270.07064887427043,220Hz_ongrid,4,220.00412234588387,270.1104519727661,220.00000093763444,270.07064572344956,110.00031766163762,90.06597061916104,1200.0274399408863,1901.3945300609062,0,355.2226915783439,354.9999724238151,0.22269157834392672,-2.757618489113156e-05,0.2551310269487959,-2.0197709104556635e-05
encodec_ft_encodec_ft_53tet,3.0kbps,24000,20260826,355.0,226.4,277.92724956879465,226.4Hz_+49.6c,0,226.41263385675663,277.9309175866466,226.40000354331988,277.92725108865085,75.46544473613989,92.64421784620829,1902.0796384418982,1901.9441876395224,0,354.9262424668328,354.9999823722867,-0.07375753316722466,-1.76277133050462e-05,0.022848265162571258,9.467321964891635e-06
encodec_ft_encodec_ft_53tet,3.0kbps,24000,20260826,355.0,226.4,277.92724956879465,226.4Hz_+49.6c,1,226.38777970172967,277.89428523692476,226.40000335521137,277.9272511183831,75.46219409895502,92.63258449903357,1901.9641576915956,1901.9333943302477,0,354.8880986276679,354.99998399591857,-0.11190137233211317,-1.6004081430764927e-05,-0.20534999179106056,9.652527042090504e-06
encodec_ft_encodec_ft_53tet,3.0kbps,24000,20260826,355.0,226.4,277.92724956879465,226.4Hz_+49.6c,2,226.4036113681741,277.9315806153825,226.40000352795877,277.92725112311336,75.4717709502453,92.65073968861854,1901.86552578404,1901.826448861476,0,354.9993631054277,354.9999827044202,-0.0006368945723238539,-1.7295579823439766e-05,0.026978271870219474,9.68199215890806e-06
encodec_ft_encodec_ft_53tet,3.0kbps,24000,20260826,355.0,226.4,277.92724956879465,226.4Hz_+49.6c,3,226.35125415172342,277.76587575360674,226.40000346484013,277.92725108304097,75.4498324517408,92.59442739964858,1901.968437670649,1901.8465149450235,0,354.36728549344747,354.9999829374607,-0.6327145065525315,-1.7062539313883462e-05,-1.0055040762742353,9.43237783554522e-06
encodec_ft_encodec_ft_53tet,3.0kbps,24000,20260826,355.0,226.4,277.92724956879465,226.4Hz_+49.6c,4,226.4351505953325,277.9280217236411,226.40000350390542,277.9272511007,75.48022347509361,92.6432185170689,1901.912798932281,1901.9448236634612,0,354.73604133568597,354.99998274873633,-0.2639586643140319,-1.725126367091434e-05,0.004809815901297473,9.542377478641587e-06
encodec_ft_encodec_ft_53tet,3.0kbps,24000,20260826,360.0,220.0,270.8517709358816,220Hz_ongrid,0,220.00939673082604,270.8630787043551,220.00000091344202,270.8517686134388,110.00204562194237,90.36327367041956,1200.0417489003912,1900.5063730411418,0,359.9983320359863,359.9999779672789,-0.0016679640136771923,-2.203272111955812e-05,0.07227564027858652,-1.4844621333192767e-05
encodec_ft_encodec_ft_53tet,3.0kbps,24000,20260826,360.0,220.0,270.8517709358816,220Hz_ongrid,1,220.01193867415355,270.860515396768,220.00000095053207,270.8517686365053,73.34050184037996,90.33634459457957,1901.8797227179375,1901.0059898155375,0,359.96194625136434,359.999977822845,-0.03805374863566158,-2.2177155017288896e-05,0.055892062301391474,-1.4697184652193236e-05
encodec_ft_encodec_ft_53tet,3.0kbps,24000,20260826,360.0,220.0,270.8517709358816,220Hz_ongrid,2,219.98387225476776,270.87413641957164,220.00000094838364,270.85176864456827,109.97568756495845,90.33711851745235,1200.25576549947,1901.07821621823,0,360.26986794375557,359.9999778912884,0.2698679437555711,-2.2108711618784582e-05,0.14295010219888135,-1.464564779802605e-05
encodec_ft_encodec_ft_53tet,3.0kbps,24000,20260826,360.0,220.0,270.8517709358816,220Hz_ongrid,3,219.9842952126318,270.8714616853552,220.00000091081913,270.851768639615,109.98420259557702,90.34784326018239,1200.1250559262821,1900.8556027684297,0,360.2494442681102,359.9999781552323,0.24944426811021003,-2.184476767297383e-05,0.12585502670964402,-1.4677308287527861e-05
encodec_ft_encodec_ft_53tet,3.0kbps,24000,20260826,360.0,220.0,270.8517709358816,220Hz_ongrid,4,220.0262717795096,270.8644124800616,220.00000093989556,270.8517686525589,110.0051312806741,90.33394837860781,1200.125970011257,1901.0768207061092,0,359.8740737649326,359.9999780091579,-0.12592623506742484,-2.199084207177293e-05,0.08080050916425606,-1.4594573006103205e-05
encodec_ft_encodec_ft_53tet,3.0kbps,24000,20260826,360.0,226.4,278.73109518128905,226.4Hz_+49.6c,0,226.42277622208513,278.74007629029927,226.4000034309893,278.73109489742467,75.47303428107116,139.37045051829324,1901.9830878373386,1199.9948775692362,0,359.8816255971197,359.99997200081583,-0.1183744028803062,-2.7999184169402724e-05,0.05578190411944631,-1.763117448720257e-06
encodec_ft_encodec_ft_53tet,3.0kbps,24000,20260826,360.0,226.4,278.73109518128905,226.4Hz_+49.6c,1,226.38670108886888,278.7472900117051,226.40000344510946,278.73109486160877,75.45735258329043,139.37090666967023,1902.0669856545433,1200.0340146618705,0,360.2022822299571,359.9999716703849,0.2022822299571203,-2.832961507692744e-05,0.10058521581367556,-1.985574661447305e-06
encodec_ft_encodec_ft_53tet,3.0kbps,24000,20260826,360.0,226.4,278.73109518128905,226.4Hz_+49.6c,2,226.39560096592876,278.7208838658667,226.40000337945372,278.7310948823185,75.46503551952993,139.3619640018881,1901.9587815738034,1199.9810918853782,0,359.9702138999106,359.9999723010713,-0.029786100089381762,-2.7698928704467107e-05,-0.0634249320528796,-1.8569439531277205e-06
encodec_ft_encodec_ft_53tet,3.0kbps,24000,20260826,360.0,226.4,278.73109518128905,226.4Hz_+49.6c,3,226.40598723241712,278.74619866122464,226.40000347560635,278.73109486441246,75.4666901181702,139.3712422978303,1902.000245403639,1200.023067434221,0,360.0480245560613,359.99997145459565,0.04802455606130707,-2.8545404347823933e-05,0.0938070806437089,-1.9681606427470918e-06
encodec_ft_encodec_ft_53tet,3.0kbps,24000,20260826,360.0,226.4,278.73109518128905,226.4Hz_+49.6c,4,226.37268142210968,278.6987982508102,226.40000345246537,278.73109487439785,75.45514327053226,75.9557313201671,1902.010460013712,2250.5712570293035,0,360.00830018973875,359.9999716935706,0.008300189738747576,-2.830642938533856e-05,-0.2006119386370219,-1.9061399350282248e-06
encodec_ft_encodec_ft_53tet,3.0kbps,24000,20260826,365.0,220.0,271.635152227356,220Hz_ongrid,0,220.00916906649712,271.62461337280416,220.00000094180675,271.6351518692545,110.00025150137174,90.62272497857468,1200.0681938857074,1900.4033258181043,0,364.86067843870705,364.9999903063742,-0.13932156129294526,-9.693625827367214e-06,-0.06716942794563027,-2.28231683625007e-06
encodec_ft_encodec_ft_53tet,3.0kbps,24000,20260826,365.0,220.0,271.635152227356,220Hz_ongrid,1,219.9837408375175,271.603568919717,220.00000091506385,271.6351519805473,109.98455124651151,90.56430215539962,1200.1152050762,1901.3856461549099,0,364.9266479476244,364.9999912261317,-0.07335205237558284,-8.773868273692642e-06,-0.20130412468731076,-1.573005746008141e-06
encodec_ft_encodec_ft_53tet,3.0kbps,24000,20260826,365.0,220.0,271.635152227356,220Hz_ongrid,2,219.9994703162231,271.59766977578994,220.000000936976,271.63515180114587,73.33105920864065,90.61287422621878,1902.0045204187766,1900.4197854121992,0,364.76526182576055,364.9999899103066,-0.2347381742394532,-1.0089693375903153e-05,-0.23890639102906527,-2.7163991314006215e-06
encodec_ft_encodec_ft_53tet,3.0kbps,24000,20260826,365.0,220.0,271.635152227356,220Hz_ongrid,3,220.01791284454313,271.61593292273227,220.00000094835522,271.63515180346906,110.00495707058788,90.66572493113551,1200.0629397813968,1899.5267333851518,0,364.7365488983488,364.999989835567,-0.2634511016511851,-1.0164432978854165e-05,-0.12249626549273612,-2.7015925737341694e-06
encodec_ft_encodec_ft_53tet,3.0kbps,24000,20260826,365.0,220.0,271.635152227356,220Hz_ongrid,4,220.00268017511004,271.6466031306443,220.0000009339342,271.635151846519,73.33166159262484,90.62312272874071,1902.0155581581996,1900.535876162137,0,365.05188859194845,364.99999022342337,0.05188859194845463,-9.776576632702927e-06,0.0729794198779679,-2.4272187088648227e-06
encodec_ft_encodec_ft_53tet,3.0kbps,24000,20260826,365.0,226.4,279.5372657466973,226.4Hz_+49.6c,0,226.37314476466713,279.53549466894276,226.40000346416267,279.5372633157544,75.45638273348332,93.18670967849285,1901.9855656620043,1901.8024407223875,0,365.1943999216461,364.9999584549145,0.1943999216460952,-4.15450854802657e-05,-0.010968697920199362,-1.505534920135498e-05
encodec_ft_encodec_ft_53tet,3.0kbps,24000,20260826,365.0,226.4,279.5372657466973,226.4Hz_+49.6c,1,226.3587237427254,279.19632812396765,226.40000356679514,279.53726334102373,75.44627219876847,93.06604649643965,1902.1072611568766,1901.943769029997,0,363.2028715118681,364.99995782660363,-1.7971284881318752,-4.2173396366251836e-05,-2.1127882798154465,-1.4898850795502563e-05
encodec_ft_encodec_ft_53tet,3.0kbps,24000,20260826,365.0,226.4,279.5372657466973,226.4Hz_+49.6c,2,226.41826936741117,279.54331811188604,226.40000345721293,279.5372633147133,75.47154451015204,93.18349204081404,1901.9828013396607,1901.9106713030608,0,364.8977867420796,364.99995850160997,-0.10221325792042535,-4.1498390032757015e-05,0.03748318576989089,-1.5061796930140882e-05
encodec_ft_encodec_ft_53tet,3.0kbps,24000,20260826,365.0,226.4,279.5372657466973,226.4Hz_+49.6c,3,226.34737570233517,279.5171454468674,226.40000361915705,279.53726348311767,75.44480575796861,93.17770810101429,1902.0541171668312,1901.856036098244,0,365.2778401092862,364.9999583062211,0.27784010928621683,-4.169377888274539e-05,-0.12461380309522131,-1.4018832688150117e-05
encodec_ft_encodec_ft_53tet,3.0kbps,24000,20260826,365.0,226.4,279.5372657466973,226.4Hz_+49.6c,4,226.41921088524865,279.5144980043644,226.4000036880576,279.5372634061407,75.47344111708658,93.17159769910829,1901.94649481019,1901.9531731436957,0,364.7120933213173,364.999957302618,-0.2879066786827025,-4.2697382014011964e-05,-0.14101123840287277,-1.4495567329127727e-05
encodec_ft_encodec_ft_53tet,3.0kbps,24000,20260826,370.0,220.0,272.4207992830369,220Hz_ongrid,0,220.01030927828262,272.4130323429819,220.0000009206382,272.42080122454655,73.33538276554359,90.81764863452281,1901.987743427578,1901.7013615559451,0,369.8695160532018,370.00000509356477,-0.13048394679822195,5.093564766411873e-06,-0.04935960397696682,1.2338293003948298e-05
encodec_ft_encodec_ft_53tet,3.0kbps,24000,20260826,370.0,220.0,272.4207992830369,220Hz_ongrid,1,219.98526652692254,272.49154215896846,220.00000095673133,272.42080132724965,109.98996180382568,90.86587327096531,1200.0420480709452,1901.2811835839054,0,370.5654577817887,370.0000054622173,0.565457781788723,5.462217302465433e-06,0.449512579970496,1.2990970903670498e-05
encodec_ft_encodec_ft_53tet,3.0kbps,24000,20260826,370.0,220.0,272.4207992830369,220Hz_ongrid,2,220.02989391620832,272.4305920901529,220.0000009535314,272.4208012741282,73.34989159009808,90.84978909499412,1901.7993686089821,1901.2003761817023,0,369.82700557619484,370.00000514981167,-0.1729944238051644,5.149811670435156e-06,0.062232166001339094,1.2653384467193383e-05
encodec_ft_encodec_ft_53tet,3.0kbps,24000,20260826,370.0,220.0,272.4207992830369,220Hz_ongrid,3,219.99090067779167,272.33948891792835,220.00000094614393,272.42080132057447,109.99225878582428,68.10841502849986,1200.0502330368297,2399.4014668931713,0,369.5548018214217,370.0000055031113,-0.4451981785783232,5.503111310645181e-06,-0.5168044613832631,1.2948550361402418e-05
encodec_ft_encodec_ft_53tet,3.0kbps,24000,20260826,370.0,220.0,272.4207992830369,220Hz_ongrid,4,220.0216180384739,272.40959595205004,220.00000093678156,272.420801275421,110.00505036624946,90.82661676953502,1200.0906259772255,1901.5085736656242,0,369.75869207474386,370.0000052898358,-0.24130792525613742,5.289835826260969e-06,-0.0711986270949638,1.266160010288206e-05
encodec_ft_encodec_ft_53tet,3.0kbps,24000,20260826,370.0,226.4,280.34576798945255,226.4Hz_+49.6c,0,226.41028398431897,280.2842233713088,226.4000034601343,280.34577180978647,75.47147870225913,93.43272580805514,1901.923252175631,1901.8688128887459,0,369.541260822325,369.99999713297814,-0.4587391776749996,-2.8670218625848065e-06,-0.38010145920529786,2.35919098212782e-05
encodec_ft_encodec_ft_53tet,3.0kbps,24000,20260826,370.0,226.4,280.34576798945255,226.4Hz_+49.6c,1,226.42904195143367,280.3273467744602,226.40000357185187,280.34577175351825,75.47480697086539,93.44163141145503,1901.9903328234439,1901.9701472274594,0,369.664175196124,369.99999593122084,-0.3358248038759939,-4.068779162480496e-06,-0.11376124087869663,2.324443364056142e-05
encodec_ft_encodec_ft_53tet,3.0kbps,24000,20260826,370.0,226.4,280.34576798945255,226.4Hz_+49.6c,2,226.40793604590044,280.30147953325775,226.40000351350224,280.3457718402888,75.46819547949134,93.43248078228444,1901.9806139133477,1901.9799360348752,0,369.66579730780046,369.99999691324706,-0.3342026921995398,-3.086752940362203e-06,-0.27351845155153137,2.3780272834770126e-05
encodec_ft_encodec_ft_53tet,3.0kbps,24000,20260826,370.0,226.4,280.34576798945255,226.4Hz_+49.6c,3,226.3892114787054,280.28725791482975,226.40000354272894,280.34577177646855,75.46193231313181,93.42881978299918,1901.981112583594,1901.959933327672,0,369.72114149143,369.99999629564394,-0.2788585085700106,-3.7043560610072745e-06,-0.36135806878238225,2.3386159890308627e-05
encodec_ft_encodec_ft_53tet,3.0kbps,24000,20260826,370.0,226.4,280.34576798945255,226.4Hz_+49.6c,4,226.35720125533388,280.34820284016735,226.4000035563777,280.3457718056479,75.44602199581148,93.45214640658907,1902.101358160205,1901.9041395036802,0,370.3423400975777,369.9999963714677,0.3423400975776758,-3.6285322835283296e-06,0.015035997107788225,2.3566353013115902e-05
encodec_ft_encodec_ft_53tet,3.0kbps,24000,20260826,375.0,220.0,273.20871865616647,220Hz_ongrid,0,219.9996853919423,273.1942133499612,220.0000009294675,273.20872172785647,109.99461248678809,75.05274165722332,1200.08231767674,2236.7402956544597,0,374.91055792149035,375.0000121500838,-0.08944207850964858,1.215008381905136e-05,-0.09191780837769783,1.946429213156183e-05
encodec_ft_encodec_ft_53tet,3.0kbps,24000,20260826,375.0,220.0,273.20871865616647,220Hz_ongrid,1,220.0144825062691,273.1928909862455,220.0000009479594,273.20872183463536,110.0000538698658,91.07011970581229,1200.113114818634,1901.8443081727778,0,374.7857396924062,375.00001268118945,-0.2142603075938041,1.2681189446084318e-05,-0.10029765875003097,2.0140915000749827e-05
encodec_ft_encodec_ft_53tet,3.0kbps,24000,20260826,375.0,220.0,273.20871865616647,220Hz_ongrid,2,220.01619392073465,273.1871791283701,220.00000094757743,273.20872180658716,73.33932936449875,91.0704938158776,1901.9408831758906,1901.8009997462696,0,374.73607644495695,375.00001250646295,-0.2639235550430499,1.250646295147817e-05,-0.13649430419387829,1.9963182493523757e-05
encodec_ft_encodec_ft_53tet,3.0kbps,24000,20260826,375.0,220.0,273.20871865616647,220Hz_ongrid,3,220.01015381445242,273.20422510687473,220.00000094749294,273.20872177719497,110.00114476128587,91.11473176382847,1200.0618842947886,1901.0682682513832,0,374.89162460102943,375.00001232087914,-0.10837539897056558,1.2320879136495932e-05,-0.02847438232932874,1.9776933741084888e-05
encodec_ft_encodec_ft_53tet,3.0kbps,24000,20260826,375.0,220.0,273.20871865616647,220Hz_ongrid,4,220.03326293471503,273.221312507238,220.00000095524848,273.2087217872339,110.01437138622255,91.07889751595658,1200.0355652554767,1901.8575498269602,0,374.8180668454942,375.0000123234623,-0.1819331545058276,1.2323462271979224e-05,0.07980126473422691,1.984054725573272e-05
encodec_ft_encodec_ft_53tet,3.0kbps,24000,20260826,375.0,226.4,281.15660865343676,226.4Hz_+49.6c,0,226.31372851090572,281.0744250282878,226.4000035364226,281.15660813823683,75.43431304539553,93.69338642992987,1902.0375384041952,1901.9196819369806,0,375.1537027641721,374.99996978534097,0.1537027641721238,-3.0214659034299984e-05,-0.5061232220330449,-3.1723659552034384e-06
encodec_ft_encodec_ft_53tet,3.0kbps,24000,20260826,375.0,226.4,281.15660865343676,226.4Hz_+49.6c,1,226.405929792953,281.21591209518715,226.40000358627802,281.1566081590039,75.46546805113304,93.74021789054365,1902.027841088597,1901.9258108052616,0,375.31978170810345,374.99996953198064,0.31978170810344864,-3.046801936079646e-05,0.36512501652470575,-3.044491960205737e-06
encodec_ft_encodec_ft_53tet,3.0kbps,24000,20260826,375.0,226.4,281.15660865343676,226.4Hz_+49.6c,2,226.37814224864997,281.1706627499678,226.40000355232817,281.1566080929285,75.45763368373184,93.72292713831503,1901.9950835537684,1901.9665847273511,0,375.2536863278367,374.99996938472594,0.25368632783670364,-3.061527405634479e-05,0.08653654797054572,-3.451354099804697e-06
encodec_ft_encodec_ft_53tet,3.0kbps,24000,20260826,375.0,226.4,281.15660865343676,226.4Hz_+49.6c,3,226.3851026637781,281.18044446899927,226.40000341667124,281.15660810938203,75.45989132159679,93.72694632433151,1901.9965162350245,1901.9525718975008,0,375.2606844521182,374.9999705233801,0.26068445211819835,-2.9476619886281696e-05,0.14676385020220997,-3.3500406109401323e-06
encodec_ft_encodec_ft_53tet,3.0kbps,24000,20260826,375.0,226.4,281.15660865343676,226.4Hz_+49.6c,4,226.44047713257046,281.19075011657696,226.40000353858417,281.15660812578477,75.47961737106888,93.7364963812829,1901.96742487625,1901.8396323438026,0,374.9007221726732,374.99996969213754,-0.09927782732677315,-3.0307862459721946e-05,0.21021478139465605,-3.2490400327829758e-06
encodec_ft_encodec_ft_53tet,3.0kbps,24000,20260826,380.0,220.0,273.99891691894106,220Hz_ongrid,0,219.98685384639643,274.05937185483515,220.00000094616908,273.998914719166,109.98663163796813,91.42805392420549,1200.1069572327974,1900.5355841768173,0,380.4853895807036,379.99997865531026,0.48538958070361105,-2.134468974190895e-05,0.381936177309384,-1.389905304643754e-05
encodec_ft_encodec_ft_53tet,3.0kbps,24000,20260826,380.0,220.0,273.99891691894106,220Hz_ongrid,1,220.03706044120554,274.0474818746449,220.0000009434129,273.99891474640907,73.35635345879139,91.38765496377387,1901.7032462325433,1901.2256162478693,0,380.0152123444702,379.99997884913165,0.015212344470228345,-2.1150868349195662e-05,0.3068254998520723,-1.3726920637856396e-05
encodec_ft_encodec_ft_53tet,3.0kbps,24000,20260826,380.0,220.0,273.99891691894106,220Hz_ongrid,2,219.98340083994947,274.10745255954635,220.00000095785978,273.9989147339228,109.9887324813506,91.40032776343514,1200.0467150312795,1901.3643712974006,0,380.81626332083806,379.99997865655223,0.8162633208380612,-2.134344777005026e-05,0.6856355243158336,-1.3805813921665862e-05
encodec_ft_encodec_ft_53tet,3.0kbps,24000,20260826,380.0,220.0,273.99891691894106,220Hz_ongrid,3,219.9872392851947,273.9888798784408,220.00000095462238,273.9989147498371,109.98952633369956,91.37060046632975,1200.064427442444,1901.1784795707656,0,380.03700093984,379.9999787825813,0.03700093984002706,-2.1217418691321654e-05,-0.06341917235908633,-1.3705260797516307e-05
encodec_ft_encodec_ft_53tet,3.0kbps,24000,20260826,380.0,220.0,273.99891691894106,220Hz_ongrid,4,220.01424413764252,274.029984428986,220.0000009439137,273.9989147230937,109.99920034631177,91.40038830069965,1200.1246723784216,1900.873874871065,0,380.0841987574498,379.999978697875,0.08419875744982619,-2.1302124991962046e-05,0.19628574746626665,-1.3874236229250484e-05
encodec_ft_encodec_ft_53tet,3.0kbps,24000,20260826,380.0,226.4,281.96979450203753,226.4Hz_+49.6c,0,226.37438028766343,281.94630090658876,226.4000034763739,281.9697905527737,75.45547172029833,93.9853325123171,1902.015916509865,1901.8954616980784,0,380.0516680896161,379.9999491692542,0.05166808961610059,-5.08307458062518e-05,-0.14425164569908958,-2.4247632785081844e-05
encodec_ft_encodec_ft_53tet,3.0kbps,24000,20260826,380.0,226.4,281.96979450203753,226.4Hz_+49.6c,1,226.37000427252306,281.96015776393057,226.40000355042312,281.9697905935404,75.45367671885332,93.99025151744883,1902.0236345305714,1901.8899378567178,0,380.17021781425467,379.9999488533137,0.17021781425466997,-5.114668630312735e-05,-0.059168515760772825,-2.3997334204952223e-05
encodec_ft_encodec_ft_53tet,3.0kbps,24000,20260826,380.0,226.4,281.96979450203753,226.4Hz_+49.6c,2,226.3752995294015,281.98395499197704,226.40000336723173,281.9697905466711,75.45467285170871,93.99623725303321,1902.0412757083095,1901.925797048636,0,380.2758298897339,379.9999499663731,0.2758298897339273,-5.003362690558788e-05,0.08694018742459311,-2.4285101535571843e-05
encodec_ft_encodec_ft_53tet,3.0kbps,24000,20260826,380.0,226.4,281.96979450203753,226.4Hz_+49.6c,3,226.3964112341807,281.9315442723313,226.4000034245992,281.9697905654276,75.46424777478734,93.98104425339822,1901.9830492861734,1901.8838418451785,0,379.79257863338756,379.9999496428571,-0.2074213666124365,-5.0357142924895015e-05,-0.23486413526729727,-2.416994059354665e-05
encodec_ft_encodec_ft_53tet,3.0kbps,24000,20260826,380.0,226.4,281.96979450203753,226.4Hz_+49.6c,4,226.40471403875483,281.884339346938,226.4000034537188,281.9697905820402,75.46776499750634,93.96134846726464,1901.9658518269944,1901.9568061735806,0,379.43919725262924,379.9999495221832,-0.560802747370758,-5.0477816785132745e-05,-0.5247558417258548,-2.406794265935329e-05
encodec_ft_encodec_ft_53tet,3.0kbps,24000,20260826,385.0,220.0,274.7914006625654,220Hz_ongrid,0,220.00250202886838,274.6575007584379,220.00000094902398,274.79139912684457,73.32962080936547,99.88312481030862,1902.0623363414315,1751.1849964232606,0,384.1365125380772,384.9999828565862,-0.863487461922773,-1.7143413799658447e-05,-0.8437984940250638,-9.675310954495671e-06
encodec_ft_encodec_ft_53tet,3.0kbps,24000,20260826,385.0,220.0,274.7914006625654,220Hz_ongrid,1,220.03185964057025,274.862068058578,220.00000095741075,274.79139912670297,110.01177245359604,75.04817563227736,1200.065422441748,2247.3827004642526,0,385.1944665718865,384.9999827896965,0.19446657188649397,-1.721030349699504e-05,0.44515975890981746,-9.676202980644908e-06
encodec_ft_encodec_ft_53tet,3.0kbps,24000,20260826,385.0,220.0,274.7914006625654,220Hz_ongrid,2,219.99428033693763,137.35268693779642,220.0000009405676,274.7913991237954,109.99379580283494,74.80973486916503,1200.0526374382907,1051.904652187831,1,-815.4970586914129,384.99998290392136,-1200.4970586914128,-1.7096078636313905e-05,-1200.542068710342,-9.694521326729745e-06
encodec_ft_encodec_ft_53tet,3.0kbps,24000,20260826,385.0,220.0,274.7914006625654,220Hz_ongrid,3,219.99967064721872,274.7000778488308,220.0000009350555,274.7913991315206,109.99389098135632,91.5685777122531,1200.0935576471488,1901.9193600810213,0,384.4271463809088,384.9999829959675,-0.5728536190911768,-1.700403248605653e-05,-0.5754453789817228,-9.645851026900126e-06
encodec_ft_encodec_ft_53tet,3.0kbps,24000,20260826,385.0,220.0,274.7914006625654,220Hz_ongrid,4,220.02406025831434,274.77799711004155,220.0000009431621,274.7913991248251,73.34577222012204,100.72899355137372,1901.8506975303942,1737.3449764035004,0,384.7262274761258,384.999982889992,-0.27377252387418594,-1.7110008002418908e-05,-0.08444679273057804,-9.688034003612024e-06
encodec_ft_encodec_ft_53tet,3.0kbps,24000,20260826,385.0,226.4,282.7853323182037,226.4Hz_+49.6c,0,226.05999280608776,282.75261712070784,226.4000034215536,282.7853315685143,75.33793274104445,94.25534170403658,1902.3088087470137,1901.872908536274,0,387.40162247109004,384.99996924642903,2.401622471090036,-3.0753570968045096e-05,-0.2002965988264184,-4.589657305778199e-06
encodec_ft_encodec_ft_53tet,3.0kbps,24000,20260826,385.0,226.4,282.7853323182037,226.4Hz_+49.6c,1,226.34453175135857,282.81765072768457,226.40000353255775,282.78533157129783,75.44389619775309,94.28167066882487,1902.0532366975597,1901.7875202073028,0,385.6220507508205,384.9999684146442,0.622050750820506,-3.158535582770128e-05,0.1978445398731964,-4.572616550309002e-06
encodec_ft_encodec_ft_53tet,3.0kbps,24000,20260826,385.0,226.4,282.7853323182037,226.4Hz_+49.6c,2,226.43782485024266,282.7893187372598,226.40000343093953,282.78533158524783,75.47949518868153,94.28141424519568,1901.9499493594167,1901.6187892160426,0,384.73519033894314,384.9999692771006,-0.26480966105685866,-3.072289939609618e-05,0.02440499902547199,-4.487213455767953e-06
encodec_ft_encodec_ft_53tet,3.0kbps,24000,20260826,385.0,226.4,282.7853323182037,226.4Hz_+49.6c,3,226.3802336010173,282.7409678809401,226.40000338765566,282.78533155480477,75.46091655289544,94.2589717775839,1901.9357595189563,1901.7349071973194,0,384.87953228794333,384.99996942170867,-0.12046771205666573,-3.0578291330130014e-05,-0.27162388199785864,-4.673588297704764e-06
encodec_ft_encodec_ft_53tet,3.0kbps,24000,20260826,385.0,226.4,282.7853323182037,226.4Hz_+49.6c,4,226.38094788524876,282.73835075472374,226.4000034522231,282.785331596777,75.46067078384557,94.26051351648545,1901.9468604455933,1901.6905658048054,0,384.8580449948691,384.99996918493196,-0.1419550051309102,-3.08150680439212e-05,-0.2876487227556384,-4.416631142125822e-06
encodec_ft_encodec_ft_53tet,3.0kbps,24000,20260826,390.0,220.0,275.58617649730814,220Hz_ongrid,0,220.00580483214492,275.6155261044168,220.00000094807453,275.5861800053577,109.99785611733634,91.87728002824791,1200.0794208552143,1901.8525302869925,0,390.1386855468932,390.000014576957,0.138685546893214,1.4576957028111792e-05,0.18436459452649148,2.2037588594099752e-05
encodec_ft_encodec_ft_53tet,3.0kbps,24000,20260826,390.0,220.0,275.58617649730814,220Hz_ongrid,1,219.99194353101396,275.57392964015276,220.0000009302215,275.586180189549,73.32764887327484,91.85931128940013,1902.0258038104573,1901.9298453451202,0,389.9864629534135,390.0000158745383,-0.013537046586520773,1.5874538291882345e-05,-0.07693654119322436,2.319467968655325e-05
encodec_ft_encodec_ft_53tet,3.0kbps,24000,20260826,390.0,220.0,275.58617649730814,220Hz_ongrid,2,220.04399281936378,275.6420623119767,220.00000094128708,275.58618014016065,73.35250212297584,91.89459972047798,1901.8486839490445,1901.6928827241268,0,390.0048837430169,390.0000154772023,0.0048837430168759965,1.5477202282454527e-05,0.3510394378723493,2.2884421426934738e-05
encodec_ft_encodec_ft_53tet,3.0kbps,24000,20260826,390.0,220.0,275.58617649730814,220Hz_ongrid,3,220.00796986248966,275.6125624373096,220.00000095292475,275.58618008002986,109.9996758331749,100.26642240747722,1200.067817574257,1750.563715105579,0,390.10303303211015,390.0000150078808,0.10303303211014736,1.5007880790562922e-05,0.16574870207531275,2.2506679785409882e-05
encodec_ft_encodec_ft_53tet,3.0kbps,24000,20260826,390.0,220.0,275.58617649730814,220Hz_ongrid,4,220.01906537303228,275.58020038875657,220.0000009424964,275.5861801076064,110.0037705791248,91.86222921214572,1200.0906813939382,1901.9142475316373,0,389.812434038574,390.00001526318016,-0.18756596142600301,1.526318015976358e-05,-0.03754235758823245,2.2679915834855924e-05
encodec_ft_encodec_ft_53tet,3.0kbps,24000,20260826,390.0,226.4,283.60322890450254,226.4Hz_+49.6c,0,226.4678908362651,283.5785643949393,226.40000332874104,283.60322962269964,75.49204958661787,94.53555905356366,1901.8918743100392,1901.7833822344473,0,389.3303614726082,389.9999789299836,-0.6696385273917826,-2.1070016373414546e-05,-0.15056914481674347,4.384178754675411e-06
encodec_ft_encodec_ft_53tet,3.0kbps,24000,20260826,390.0,226.4,283.60322890450254,226.4Hz_+49.6c,1,226.36614421244454,283.62891500137863,226.40000356926026,283.6032296099143,75.45128902466497,94.57630060591033,1902.0488981952356,1901.3448018777729,0,390.4156992733788,389.99997701273554,0.41569927337877743,-2.2987264458151913e-05,0.15679169809998894,4.3061317529029525e-06
encodec_ft_encodec_ft_53tet,3.0kbps,24000,20260826,390.0,226.4,283.60322890450254,226.4Hz_+49.6c,2,226.32342952298598,283.56316548356045,226.4000035084226,283.60322961201575,75.43793399008098,94.53552379120093,1902.0286472469077,1901.6900157999487,0,390.34103632155126,389.99997749077687,0.3410363215512575,-2.250922312896364e-05,-0.24458134070952908,4.318959938374055e-06
encodec_ft_encodec_ft_53tet,3.0kbps,24000,20260826,390.0,226.4,283.60322890450254,226.4Hz_+49.6c,3,226.2664780446838,283.6103073328392,226.40000342119518,283.60322962197677,75.41780992804614,94.55563371160571,1902.0548399776683,1901.6095714498817,0,391.064525197258,389.9999782185931,1.0645251972579786,-2.1781406871923537e-05,0.04320918091015797,4.379766098746104e-06
encodec_ft_encodec_ft_53tet,3.0kbps,24000,20260826,390.0,226.4,283.60322890450254,226.4Hz_+49.6c,4,226.33851873959583,283.6139984241195,226.40000339253058,283.6032295896837,75.44302393395994,94.55280774515943,1902.0272607778595,1901.6838445628127,0,390.5359388032344,389.9999782406547,0.5359388032343873,-2.175934531578605e-05,0.06574045412198368,4.182635432960673e-06
encodec_ft_encodec_ft_53tet,3.0kbps,24000,20260826,395.0,220.0,276.38325105255655,220Hz_ongrid,0,219.97553243503802,276.4180359584909,220.00000096242172,276.3832479745314,109.98247881349421,92.1338437782947,1200.0832270189942,1902.0583740744926,0,395.4104270722093,394.99997314605866,0.41042707220930197,-2.6853941335502896e-05,0.21787508474255304,-1.928040849134719e-05
encodec_ft_encodec_ft_53tet,3.0kbps,24000,20260826,395.0,220.0,276.38325105255655,220Hz_ongrid,1,220.01421612331856,276.34792505710493,220.00000094551143,276.383248011074,109.99951001039541,92.11573307704624,1200.1195782670093,1901.9595479459429,0,394.6668411849364,394.99997350802846,-0.333158815063598,-2.6491971539144288e-05,-0.221292262385989,-1.905150969817599e-05
encodec_ft_encodec_ft_53tet,3.0kbps,24000,20260826,395.0,220.0,276.38325105255655,220Hz_ongrid,2,219.9894844507009,276.3543799164388,220.00000095296016,276.3832479423511,109.99131769036913,92.13179531400156,1200.0539004295515,1901.6981358888947,0,394.9018963758507,394.99997301894007,-0.09810362414930296,-2.6981059932040807e-05,-0.18085504270844327,-1.9481982376506055e-05
encodec_ft_encodec_ft_53tet,3.0kbps,24000,20260826,395.0,220.0,276.38325105255655,220Hz_ongrid,3,220.00800980866978,276.36464898839176,220.0000009498473,276.3832480027546,73.33585086547376,138.17921174233624,1901.9585986536472,1200.0389989292964,0,394.8204448057244,394.9999734217968,-0.17955519427562194,-2.657820317608639e-05,-0.11652518942092888,-1.910362143940105e-05
encodec_ft_encodec_ft_53tet,3.0kbps,24000,20260826,395.0,220.0,276.38325105255655,220Hz_ongrid,4,220.01207873752017,276.42855425448624,220.00000094820166,276.3832480331268,110.0032797374259,92.14131226357354,1200.0434305941972,1901.9839196479597,0,395.1887030366589,394.9999736249949,0.18870303665892152,-2.6375005120371497e-05,0.28375098047860475,-1.8913373461019766e-05
encodec_ft_encodec_ft_53tet,3.0kbps,24000,20260826,395.0,226.4,284.42349108317643,226.4Hz_+49.6c,0,226.42320773718043,284.45341265990913,226.40000357566757,284.42349382060826,75.4768017706087,94.82562025085991,1901.899969014302,1901.812297485599,0,395.0046619363105,394.99998931985857,0.004661936310526471,-1.0680141429020296e-05,0.1821176150703181,1.666224948801716e-05
encodec_ft_encodec_ft_53tet,3.0kbps,24000,20260826,395.0,226.4,284.42349108317643,226.4Hz_+49.6c,1,226.40167229459723,284.40335351671644,226.4000033881346,284.4234938081402,75.46634937961606,94.81314154028082,1901.9750672105934,1901.7354409935417,0,394.8646343126719,394.99999067799376,-0.13536568732808973,-9.322006235379376e-06,-0.12257804309483879,1.658635864908875e-05
encodec_ft_encodec_ft_53tet,3.0kbps,24000,20260826,395.0,226.4,284.42349108317643,226.4Hz_+49.6c,2,226.40555787115096,284.3549273001661,226.4000035602384,284.42349382799114,75.46983272065327,94.7967743058108,1901.9248712770675,1901.7395156447026,0,394.5401150443183,394.9999894827804,-0.4598849556816731,-1.0517219607208972e-05,-0.4173855843288003,1.6707187538990767e-05
encodec_ft_encodec_ft_53tet,3.0kbps,24000,20260826,395.0,226.4,284.42349108317643,226.4Hz_+49.6c,3,226.39539840407966,284.4076267240276,226.40000339209945,284.4234938588466,75.46470244839362,77.08403366254775,1901.9648735549995,2260.1474169538915,0,394.9386216501037,394.9999909563157,-0.06137834989630164,-9.043684315201972e-06,-0.09656616128209977,1.6894999307604376e-05
encodec_ft_encodec_ft_53tet,3.0kbps,24000,20260826,395.0,226.4,284.42349108317643,226.4Hz_+49.6c,4,226.38482750757404,284.3715207136046,226.40000339963328,284.42349383524584,75.46005322226658,94.81107984980852,1901.9906976401528,1901.579301652139,0,394.7996617148848,394.99999075505264,-0.20033828511520824,-9.244947364095424e-06,-0.31636308944236213,1.6751345619685604e-05
encodec_ft_encodec_ft_53tet,3.0kbps,24000,20260826,400.0,220.0,277.1826309768721,220Hz_ongrid,0,220.02608311116944,277.19705900957433,220.00000093474424,277.1826333306625,110.00048588179001,92.395943208633,1200.1975952138866,1902.0126439346689,0,399.8848703705575,400.00000734562957,-0.11512962944249239,7.345629569499579e-06,0.09011261390707624,1.4701361539273952e-05
encodec_ft_encodec_ft_53tet,3.0kbps,24000,20260826,400.0,220.0,277.1826309768721,220Hz_ongrid,1,219.97729020990093,277.1738366983263,220.00000092819693,277.18263344227086,109.98341856032197,92.39260328574619,1200.0822683741812,1901.9301846028789,0,400.12378975075535,400.0000080942382,0.12378975075534981,8.094238182820845e-06,-0.05492839118700109,1.539844777051088e-05
encodec_ft_encodec_ft_53tet,3.0kbps,24000,20260826,400.0,220.0,277.1826309768721,220Hz_ongrid,2,219.99754836314483,277.18946702103176,220.00000093094155,277.18263338037707,109.9878244799952,92.40013669050855,1200.172342282017,1901.886655527924,0,400.061988845365,400.00000768606225,0.061988845365021916,7.68606224710311e-06,0.042696205142784174,1.5011870052035281e-05
encodec_ft_encodec_ft_53tet,3.0kbps,24000,20260826,400.0,220.0,277.1826309768721,220Hz_ongrid,3,220.01147334188843,277.1696843698336,220.0000009558915,277.18263339883157,73.34373113367332,92.38888457328876,1901.7998339217197,1901.9739307606646,0,399.8288516850668,400.00000760498847,-0.17114831493319116,7.604988468301599e-06,-0.08086412308012825,1.5127133821436335e-05
encodec_ft_encodec_ft_53tet,3.0kbps,24000,20260826,400.0,220.0,277.1826309768721,220Hz_ongrid,4,220.01986224674377,277.19768477052486,220.00000095747123,277.1826334195583,110.00132162874056,92.41442583436016,1200.1354935265554,1901.670275541903,0,399.93772695499155,400.00000772201275,-0.06227304500845321,7.72201275367479e-06,0.09402079909908476,1.525658889825367e-05
encodec_ft_encodec_ft_53tet,3.0kbps,24000,20260826,400.0,226.4,285.2461256961993,226.4Hz_+49.6c,0,226.39893472012668,285.1419456911766,226.40000356333638,285.24612728556946,75.46465140978783,75.63646011947128,1901.9930862479148,2297.431838285935,0,399.3757345433674,399.9999823982098,-0.6242654566325996,-1.760179020493524e-05,-0.6324114510113247,9.646307269225365e-06
encodec_ft_encodec_ft_53tet,3.0kbps,24000,20260826,400.0,226.4,285.2461256961993,226.4Hz_+49.6c,1,226.43420689858775,285.35794363101354,226.40000351422174,285.2461273382097,75.47545538823157,95.12570509019434,1902.0149493188148,1901.8386926250087,0,400.41696625502306,399.99998309326696,0.4169662550230555,-1.6906733037558297e-05,0.6785195862799507,9.965794859194816e-06
encodec_ft_encodec_ft_53tet,3.0kbps,24000,20260826,400.0,226.4,285.2461256961993,226.4Hz_+49.6c,2,226.39284320732574,285.2454588376705,226.40000347805423,285.2461273161437,75.46707930054566,95.08315288744703,1901.890807532342,1901.930724986856,0,400.05068003551946,399.999983235908,0.05068003551946276,-1.676409198125839e-05,-0.004047345209641704,9.83187061762324e-06
encodec_ft_encodec_ft_53tet,3.0kbps,24000,20260826,400.0,226.4,285.2461256961993,226.4Hz_+49.6c,3,226.3163046837154,285.24210220109944,226.4000034947776,285.2461272987753,75.43407195272907,95.06707459810343,1902.0627784015098,1902.2031239885832,0,400.61569930107834,399.99998300261467,0.6156993010783367,-1.6997385330341785e-05,-0.024419826291102047,9.72645699990237e-06
encodec_ft_encodec_ft_53tet,3.0kbps,24000,20260826,400.0,226.4,285.2461256961993,226.4Hz_+49.6c,4,226.39331918425495,285.2338407436886,226.4000034057896,285.24612725485343,75.46399926575117,83.13940872592897,1901.9651055665915,2134.248916101553,0,399.97652534624865,399.9999834165139,-0.02347465375135016,-1.658348611499605e-05,-0.07456222595764288,9.459883608590438e-06
encodec_ft_encodec_ft_53tet,3.0kbps,24000,20260826,405.0,220.0,277.98432293804575,220Hz_ongrid,0,220.02712867059805,277.98224555964833,220.00000094329334,277.98432030278747,110.01142138622555,92.66015064830773,1200.0337229555032,1901.9661712798668,0,404.77359341749167,404.99997616510024,-0.22640658250833212,-2.3834899764096917e-05,-0.012937570056275664,-1.6411892831055527e-05
encodec_ft_encodec_ft_53tet,3.0kbps,24000,20260826,405.0,220.0,277.98432293804575,220Hz_ongrid,1,220.0212851787833,277.9559972744718,220.0000009463388,277.98432028562104,73.35325339136455,92.64940677370546,1901.6522874320685,1902.0034398806768,0,404.65609391079545,404.9999760342256,-0.3439060892045518,-2.3965774403222895e-05,-0.17641589034336205,-1.6518802002086202e-05
encodec_ft_encodec_ft_53tet,3.0kbps,24000,20260826,405.0,220.0,277.98432293804575,220Hz_ongrid,2,219.98718010592526,277.987149092025,220.00000095686292,277.98432028032886,73.32590157239062,92.66376110372826,1902.0295709786233,1901.9292541796935,0,405.11848650114166,404.99997591845,0.11848650114166048,-2.408155000921397e-05,0.017600665656185947,-1.6551760648191086e-05
encodec_ft_encodec_ft_53tet,3.0kbps,24000,20260826,405.0,220.0,277.98432293804575,220Hz_ongrid,3,220.0090339646069,277.98140276508184,220.00000093767082,277.9843203024673,73.33637066506338,92.66022281858852,1901.95438684888,1901.9595740596994,0,404.9107245894461,404.9999762073514,-0.08927541055390975,-2.3792648619291867e-05,-0.018186383190860553,-1.6413886579661875e-05
encodec_ft_encodec_ft_53tet,3.0kbps,24000,20260826,405.0,220.0,277.98432293804575,220Hz_ongrid,4,220.0121707747878,278.0044818432031,220.0000009499431,277.9843202895556,73.34210023304459,92.66922880875227,1901.8438187404931,1901.9350448873988,0,405.02976914786,404.9999760303665,0.029769147860008616,-2.3969633502929355e-05,0.1255413156361106,-1.6494298095565466e-05
encodec_ft_encodec_ft_53tet,3.0kbps,24000,20260826,405.0,226.4,286.07113960533434,226.4Hz_+49.6c,0,226.3512989974024,286.05958852828985,226.40000342626004,286.0711421436613,75.44685896603104,95.37619375087733,1902.0370101277292,1901.5375068995697,0,405.3025408060608,404.9999891614439,0.30254080606079015,-1.0838556079306727e-05,-0.06990576419751371,1.536134709458095e-05
encodec_ft_encodec_ft_53tet,3.0kbps,24000,20260826,405.0,226.4,286.07113960533434,226.4Hz_+49.6c,1,226.40887280516242,286.0652911096018,226.40000345661895,286.0711421365196,75.46697486789341,95.36543076067416,1902.0157778057935,1901.7673955214912,0,404.8967587628187,404.99998888607587,-0.10324123718129385,-1.111392413122303e-05,-0.03539405779740104,1.5318126977122672e-05
encodec_ft_encodec_ft_53tet,3.0kbps,24000,20260826,405.0,226.4,286.07113960533434,226.4Hz_+49.6c,2,226.31793437247708,286.0971506983149,226.40000345035824,286.07114213801526,75.43617786498007,95.36468183591307,1902.02691423022,1901.9737911288141,0,405.78505842169056,404.99998894300165,0.7850584216905645,-1.1056998346248292e-05,0.1574057514740621,1.53271787071088e-05
encodec_ft_encodec_ft_53tet,3.0kbps,24000,20260826,405.0,226.4,286.07113960533434,226.4Hz_+49.6c,3,226.39312513657137,286.03800823177744,226.40000348168738,286.07114215329847,75.46268843969094,95.35125286183123,1901.9936938522899,1901.859675079467,0,404.8520567068102,404.9999887959244,-0.1479432931898259,-1.1204075576642936e-05,-0.20051475238598881,1.541966880512799e-05
encodec_ft_encodec_ft_53tet,3.0kbps,24000,20260826,405.0,226.4,286.07113960533434,226.4Hz_+49.6c,4,226.38603097609516,286.07933187890467,226.4000035332561,286.07114213109776,75.457254840589,95.36039480375244,1902.0641036649245,1901.9437901404435,0,405.15639850522984,404.9999882672358,0.1563985052298449,-1.1732764221505931e-05,0.04957696847965338,1.5285315561104706e-05
encodec_ft_encodec_ft_53tet,3.0kbps,24000,20260826,410.0,220.0,278.7883336231537,220Hz_ongrid,0,220.02169555172713,278.7676059570859,220.0000009454279,278.7883363613822,73.34534453966253,92.92221100467896,1901.8421858931576,1901.961043156664,0,409.7005602852688,410.0000095641872,-0.2994397147311929,9.564187223531917e-06,-0.12872050577664115,1.7003991408532495e-05
encodec_ft_encodec_ft_53tet,3.0kbps,24000,20260826,410.0,220.0,278.7883336231537,220Hz_ongrid,1,220.00085360331926,278.7719664265705,220.00000094965904,278.7883363456347,109.99672418018372,92.92499151185726,1200.0582744307542,1901.9363199603592,0,409.89164196096436,410.0000094331015,-0.10835803903563601,9.43310152479171e-06,-0.10164083783646924,1.6906201818115914e-05
encodec_ft_encodec_ft_53tet,3.0kbps,24000,20260826,410.0,220.0,278.7883336231537,220Hz_ongrid,2,220.0259927248305,278.8117575303752,220.0000009468687,278.78833638249233,110.00882482205985,139.40663202035878,1200.0656472404626,1199.9906456062797,0,409.9409218111363,410.00000968393954,-0.05907818886367977,9.683939538263076e-06,0.14545286635094565,1.7135082154766145e-05
encodec_ft_encodec_ft_53tet,3.0kbps,24000,20260826,410.0,220.0,278.7883336231537,220Hz_ongrid,3,220.0038823001446,278.78759104801094,220.0000009351839,278.7883363916811,73.33709780753091,92.934376531834,1901.8966829334927,1901.8585112306048,0,409.96483820869514,410.00000983295143,-0.035161791304858525,9.832951434418646e-06,-0.004611287231821089,1.719214338100523e-05
encodec_ft_encodec_ft_53tet,3.0kbps,24000,20260826,410.0,220.0,278.7883336231537,220Hz_ongrid,4,220.02026087115314,278.8078692152503,220.00000093555522,278.78833638848783,110.00345399511679,92.94196085240549,1200.1050706126534,1901.8431521443908,0,409.96187843699346,410.0000098101996,-0.03812156300654124,9.810199571802514e-06,0.12130886848955473,1.717231353045812e-05
encodec_ft_encodec_ft_53tet,3.0kbps,24000,20260826,410.0,226.4,286.8985396921909,226.4Hz_+49.6c,0,226.3468680571878,286.86849870779497,226.40000350488634,286.89853963924276,75.44631893238802,95.62189775459657,1902.0155118952168,1901.9719316331634,0,410.2250506439529,409.9999728793527,0.22505064395289764,-2.7120647303036094e-05,-0.18128603290399603,-3.195054669284677e-07
encodec_ft_encodec_ft_53tet,3.0kbps,24000,20260826,410.0,226.4,286.8985396921909,226.4Hz_+49.6c,1,226.3946818124224,286.9331349240115,226.40000348879133,286.898539567858,75.46471402767558,95.642615721,1901.9591281664943,1901.9869052889062,0,410.24941324604623,409.99997257167047,0.24941324604623105,-2.7428329531176132e-05,0.20874568618300732,-7.502631814912388e-07
encodec_ft_encodec_ft_53tet,3.0kbps,24000,20260826,410.0,226.4,286.8985396921909,226.4Hz_+49.6c,2,226.38508706175367,286.85250398220325,226.40000354260786,286.898539647059,75.45823600346016,95.61039319996898,1902.0343743757257,1902.083704183192,0,409.8362239891303,409.9999726380699,-0.16377601086969662,-2.7361930108327215e-05,-0.27781592610006345,-2.723397527229566e-07
encodec_ft_encodec_ft_53tet,3.0kbps,24000,20260826,410.0,226.4,286.8985396921909,226.4Hz_+49.6c,3,226.37932422919658,286.8834930162628,226.40000342534302,286.8985396140211,75.46107401660873,95.61980847528665,1901.9251925703031,1902.100245819772,0,410.06731191711333,409.99997333540887,0.0673119171133294,-2.666459113243036e-05,-0.09079865249551197,-4.717007727077331e-07
encodec_ft_encodec_ft_53tet,3.0kbps,24000,20260826,410.0,226.4,286.8985396921909,226.4Hz_+49.6c,4,226.34812513798627,286.86824135436757,226.40000352516242,286.89853963425827,75.44461958926198,95.61910861455223,1902.0641212931212,1902.0208766251174,0,410.21388266385566,409.99997269422784,0.21388266385565657,-2.730577216425445e-05,-0.1828391459783561,-3.4958352754360957e-07
encodec_ft_encodec_ft_53tet,3.0kbps,24000,20260826,415.0,220.0,279.594669738613,220Hz_ongrid,0,220.0191417743395,279.5987642339986,220.00000093601818,279.59466673688286,110.00277445903764,93.19897932691744,1200.1069595233812,1901.966308791359,0,414.874727921051,414.99997404770335,-0.12527207894902403,-2.5952296653031226e-05,0.025352693342975057,-1.8586539768042387e-05
encodec_ft_encodec_ft_53tet,3.0kbps,24000,20260826,415.0,220.0,279.594669738613,220Hz_ongrid,1,220.01331282678387,279.5659053547254,220.00000094644167,279.59466678326197,110.0003982870759,93.18920000325551,1200.0984903086799,1901.9445066114015,0,414.7171246986401,414.99997425285505,-0.28287530135992256,-2.5747144945853506e-05,-0.17811656632735018,-1.8299362893949407e-05
encodec_ft_encodec_ft_53tet,3.0kbps,24000,20260826,415.0,220.0,279.594669738613,220Hz_ongrid,2,220.0212576339665,279.59338160903485,220.00000094806546,279.5946667436901,73.34620974901559,93.1990646932724,1901.818317977608,1901.9313943186514,0,414.824750494779,414.99997399505025,-0.1752495052210179,-2.6004949745583872e-05,-0.007976042334650433,-1.854438985047554e-05
encodec_ft_encodec_ft_53tet,3.0kbps,24000,20260826,415.0,220.0,279.594669738613,220Hz_ongrid,3,220.025490533935,279.53830881865696,220.00000095004242,279.59466670910024,110.00590710660504,76.07683432654582,1200.1076132039586,2253.02026598434,0,414.4504016054006,414.99997376531456,-0.5495983945993999,-2.6234685435611027e-05,-0.3490187405752446,-1.8758568193881267e-05
encodec_ft_encodec_ft_53tet,3.0kbps,24000,20260826,415.0,220.0,279.594669738613,220Hz_ongrid,4,220.0161985110886,279.6100907720666,220.00000094451028,279.594666666331,109.99835703628477,93.1988429533119,1200.15332333415,1902.038972847234,0,414.9680181446319,414.99997354402404,-0.03198185536808751,-2.645597595574145e-05,0.09548351544473474,-1.9023392710894583e-05
encodec_ft_encodec_ft_53tet,3.0kbps,24000,20260826,415.0,226.4,287.72833285828176,226.4Hz_+49.6c,0,226.37931335329137,287.72573542165213,226.40000344091393,287.7283327696509,75.45669508714488,95.90931455795328,1902.0255740649604,1901.9417139526442,0,415.1425651429809,414.9999731547584,0.1425651429809136,-2.6845241620776505e-05,-0.015628600027026224,-5.332836360405358e-07
encodec_ft_encodec_ft_53tet,3.0kbps,24000,20260826,415.0,226.4,287.72833285828176,226.4Hz_+49.6c,1,226.41269140941873,287.8418957233509,226.40000353460206,287.72833278969324,75.47152725779661,95.94960488453599,1901.9405465130735,1901.9133872439452,0,415.58611629634447,414.9999725589378,0.5861162963444713,-2.744106217278386e-05,0.6831621633835896,-4.1269058120294614e-07
encodec_ft_encodec_ft_53tet,3.0kbps,24000,20260826,415.0,226.4,287.72833285828176,226.4Hz_+49.6c,2,226.4193998751158,287.66900599758816,226.40000350428699,287.72833279064344,75.47121786454132,71.9939490672554,1901.9989382860265,2398.154675202406,0,414.4946586244247,414.99997279646794,-0.5053413755753127,-2.720353205631909e-05,-0.3570008920277991,-4.0697342592023426e-07
encodec_ft_encodec_ft_53tet,3.0kbps,24000,20260826,415.0,226.4,287.72833285828176,226.4Hz_+49.6c,3,226.34598649998296,287.63037330393894,226.40000342551528,287.7283327718835,75.44386426678591,72.18658502347306,1902.0650962800096,2393.2960438071023,0,414.82356566626993,414.9999732859425,-0.17643433373007156,-2.671405752607825e-05,-0.5895136920047415,-5.198500029241719e-07
encodec_ft_encodec_ft_53tet,3.0kbps,24000,20260826,415.0,226.4,287.72833285828176,226.4Hz_+49.6c,4,226.35496365887568,287.779498663527,226.40000338880415,287.7283327999499,75.4488865497733,71.94674607713891,1902.018513710706,2399.954968178527,0,415.6522502788775,414.99997373553737,0.6522502788774887,-2.6264462633207586e-05,0.307832420586352,-3.509772102786413e-07
encodec_ft_encodec_ft_53tet,3.0kbps,24000,20260826,420.0,220.0,280.4033380102377,220Hz_ongrid,0,220.0103805683803,280.36857870082116,220.00000095051956,280.4033382429237,109.99746343480021,93.45586723353343,1200.121607485503,1901.9610337061686,0,419.7036944500199,419.9999939567515,-0.2963055499801044,-6.043248504283838e-06,-0.21462023424402393,1.4366233850666818e-06
encodec_ft_encodec_ft_53tet,3.0kbps,24000,20260826,420.0,220.0,280.4033380102377,220Hz_ongrid,1,219.98740154822642,280.40473849339924,220.00000095268217,280.40333823213393,109.99058768564663,93.47662929108252,1200.0489988152262,1901.799734194292,0,420.1077898314581,419.99999387311635,0.10778983145809207,-6.126883647539216e-06,0.008646680516946724,1.3700064651920673e-06
encodec_ft_encodec_ft_53tet,3.0kbps,24000,20260826,420.0,220.0,280.4033380102377,220Hz_ongrid,2,219.98906460224978,280.39963645076557,220.00000091128288,280.4033382451394,109.9918779626485,93.46823218784806,1200.0417778638487,1901.92375916835,0,420.0632015765111,419.9999942791945,0.06320157651111913,-5.720805518194538e-06,-0.02285389373706692,1.450303425734227e-06
encodec_ft_encodec_ft_53tet,3.0kbps,24000,20260826,420.0,220.0,280.4033380102377,220Hz_ongrid,3,220.01231476245007,280.42681224285855,220.00000091795923,280.4033382092802,109.99849908254691,93.47309405218628,1200.1205275165348,1902.00148899083,0,420.0480206627733,419.9999940052589,0.04802066277329686,-5.994741115955549e-06,0.1449258417876179,1.2289052662215017e-06
encodec_ft_encodec_ft_53tet,3.0kbps,24000,20260826,420.0,220.0,280.4033380102377,220Hz_ongrid,4,220.00169901236444,280.3714811951116,220.00000092967954,280.4033382261169,73.33142969178152,93.45774736548512,1902.0133120119376,1901.9441277096118,0,419.7899322471315,419.99999401698005,-0.21006775286849688,-5.983019946143031e-06,-0.19669785878987847,1.3328565843304458e-06
encodec_ft_encodec_ft_53tet,3.0kbps,24000,20260826,420.0,226.4,288.560526025081,226.4Hz_+49.6c,0,226.37177012754873,288.5987098121936,226.40000359492646,288.5605218417188,75.45563750091131,96.19626303997532,1901.992151150088,1902.014513728287,0,420.4449519477123,419.9999474120386,0.4449519477122976,-5.2587961420158535e-05,0.2290704830260408,-2.5098301680196858e-05
encodec_ft_encodec_ft_53tet,3.0kbps,24000,20260826,420.0,226.4,288.560526025081,226.4Hz_+49.6c,1,226.35029606250328,288.5558328317071,226.4000035978969,288.5605218281169,75.44451314495312,96.18412952147246,1902.0831682178007,1901.9756653875172,0,420.3519601840079,419.99994730771897,0.35196018400790763,-5.269228103088608e-05,-0.02815728940354499,-2.5179906985442097e-05
encodec_ft_encodec_ft_53tet,3.0kbps,24000,20260826,420.0,226.4,288.560526025081,226.4Hz_+49.6c,2,226.42124931570973,288.5070363040188,226.40000353211752,288.5605218872567,75.47369778735118,96.1676210594023,1901.9561932992842,1901.9800425761214,0,419.51657435427666,419.99994816553254,-0.4834256457233437,-5.1834467456046696e-05,-0.3209441413391296,-2.4825094691932992e-05
encodec_ft_encodec_ft_53tet,3.0kbps,24000,20260826,420.0,226.4,288.560526025081,226.4Hz_+49.6c,3,226.357949440169,288.5397254651612,226.4000035241636,288.5605218668531,75.45030765340653,96.17819714093294,1902.0087417221548,1901.9858053170403,0,420.19678326223,419.9999481039422,0.1967832622299852,-5.189605781197315e-05,-0.12479855101565623,-2.4947507166614407e-05
encodec_ft_encodec_ft_53tet,3.0kbps,24000,20260826,420.0,226.4,288.560526025081,226.4Hz_+49.6c,4,226.40678308673316,288.60013458561474,226.40000346416466,288.56052182914135,75.46640886647427,96.1999037505994,1902.0127829965625,1901.9575403321687,0,420.18574924745707,419.999948336488,0.18574924745706767,-5.166351201069119e-05,0.23761733402129873,-2.517376082719397e-05
encodec_ft_encodec_ft_53tet,3.0kbps,24000,20260826,425.0,220.0,281.2143451832947,220Hz_ongrid,0,219.99080678021264,281.2259021052732,220.00000094456337,281.21434774038727,109.98811057249063,93.74627420074748,1200.1147865487474,1901.8754637733516,0,425.1434913941467,425.0000083091746,0.14349139414667889,8.309174575060752e-06,0.07114617750359249,1.574217594382705e-05
encodec_ft_encodec_ft_53tet,3.0kbps,24000,20260826,425.0,220.0,281.2143451832947,220Hz_ongrid,1,220.01486607800783,280.95081478636547,220.00000094541363,281.21434758487476,73.33175193878232,93.67007054964463,1902.1093152824044,1901.5890328838661,0,423.2598917595824,425.00000734510513,-1.7401082404176123,7.345105132117169e-06,-1.6231273726463005,1.47847976008706e-05
encodec_ft_encodec_ft_53tet,3.0kbps,24000,20260826,425.0,220.0,281.2143451832947,220Hz_ongrid,2,219.97357088182054,280.7778295193101,220.00000093061777,281.214347645711,109.97706449552965,112.52547256380778,1200.1530181586463,1583.012880101714,0,422.51858952132636,425.00000783606214,-2.481410478673638,7.8360621387219e-06,-2.689400196066953,1.5159322106939234e-05
encodec_ft_encodec_ft_53tet,3.0kbps,24000,20260826,425.0,220.0,281.2143451832947,220Hz_ongrid,3,219.99792100734675,280.56052436420043,220.000000958482,281.21434774346375,109.99507090148151,93.52995575659577,1200.0612181313245,1901.7739462388408,0,420.9865701837263,425.0000082185854,-4.0134298162736854,8.218585378472198e-06,-4.029789997525847,1.5761115498104702e-05
encodec_ft_encodec_ft_53tet,3.0kbps,24000,20260826,425.0,220.0,281.2143451832947,220Hz_ongrid,4,220.03412165371324,279.92221037842745,220.00000094927177,281.2143476688006,73.34895715518286,93.32199527863216,1901.8546879288153,1901.6842840931795,0,416.7584348480381,425.00000783141553,-8.241565151961879,7.831415530290542e-06,-7.973074296683278,1.5301468518764852e-05
encodec_ft_encodec_ft_53tet,3.0kbps,24000,20260826,425.0,226.4,289.3951261340815,226.4Hz_+49.6c,0,226.38412207462773,289.3503021037885,226.40000341861412,289.3951257717891,75.45878129282193,96.44893111742715,1902.0144843187798,1901.975994473707,0,424.85325014174407,424.99997169124026,-0.14674985825593012,-2.830875973813818e-05,-0.2681693325891701,-2.1673240755801487e-06
encodec_ft_encodec_ft_53tet,3.0kbps,24000,20260826,425.0,226.4,289.3951261340815,226.4Hz_+49.6c,1,226.36131926852846,289.41564924472954,226.40000356424656,289.39512567844014,75.4477814944523,96.47334080994136,1902.0924792817664,1901.9288414308219,0,425.418578865908,424.9999700191823,0.418578865907989,-2.998081771465877e-05,0.12277002942211085,-2.725760696893024e-06
encodec_ft_encodec_ft_53tet,3.0kbps,24000,20260826,425.0,226.4,289.3951261340815,226.4Hz_+49.6c,2,226.43035926339624,289.3955065595859,226.40000354538188,289.3951257570166,75.4753843044959,96.46543528105842,1901.9871619406435,1901.9502193638696,0,424.7701403447925,424.99997063350094,-0.2298596552075196,-2.9366499063598894e-05,0.0022757990508362374,-2.2556965541740693e-06
encodec_ft_encodec_ft_53tet,3.0kbps,24000,20260826,425.0,226.4,289.3951261340815,226.4Hz_+49.6c,3,226.34738543216525,289.31230233559967,226.40000338216439,289.39512571714954,75.44562162950277,96.43435244706149,1902.0354698606484,1902.0103234517956,0,424.906835893918,424.99997164309656,-0.09316410608198566,-2.8356903442272596e-05,-0.49554359916554214,-2.4941914014361417e-06
encodec_ft_encodec_ft_53tet,3.0kbps,24000,20260826,425.0,226.4,289.3951261340815,226.4Hz_+49.6c,4,226.41098583853662,289.3665960823807,226.4000036733017,289.39512570807835,75.46800697249004,96.45286079478718,1902.008258413483,1902.0029462024377,0,424.7453132785633,424.99996936256343,-0.25468672143671256,-3.063743656639417e-05,-0.17068232078990134,-2.5484575746268585e-06
encodec_ft_encodec_ft_53tet,3.0kbps,24000,20260826,430.0,220.0,282.02769802256034,220Hz_ongrid,0,220.00823881509825,282.0112913600123,220.00000095520065,282.0276979626528,73.33225272487476,94.00577444628892,1902.0453438198272,1901.9179716547965,0,429.8344523175948,429.99999211554723,-0.16554768240519024,-7.884452770667849e-06,-0.1007156362499628,-3.677440727401491e-07
encodec_ft_encodec_ft_53tet,3.0kbps,24000,20260826,430.0,220.0,282.02769802256034,220Hz_ongrid,1,220.0196467282345,282.054734213466,220.00000095726605,282.02769793258864,110.00550222487257,94.02372076518402,1200.0680034754132,1901.8541692770762,0,430.0113563486447,429.99999191474456,0.011356348644710579,-8.085255444711947e-06,0.16595437692782328,-5.522935377424945e-07
encodec_ft_encodec_ft_53tet,3.0kbps,24000,20260826,430.0,220.0,282.02769802256034,220Hz_ongrid,2,219.99699938919244,281.9841180620959,220.00000092730622,282.0276979334811,109.99602543348725,93.9997331345165,1200.0389421061805,1901.862411843593,0,429.7560753608931,429.99999215598416,-0.24392463910692186,-7.84401584041916e-06,-0.267537343763311,-5.468152940080516e-07
encodec_ft_encodec_ft_53tet,3.0kbps,24000,20260826,430.0,220.0,282.02769802256034,220Hz_ongrid,3,219.98442819070405,282.0481324127295,220.00000094110004,282.0276979736819,73.32229434426536,94.02621464687682,1902.0930833031834,1901.767728790184,0,430.2479751988584,429.9999922942109,0.24797519885839847,-7.705789073497726e-06,0.12543246896752464,-3.000415756248657e-07
encodec_ft_encodec_ft_53tet,3.0kbps,24000,20260826,430.0,220.0,282.02769802256034,220Hz_ongrid,4,220.0243174064244,282.00854544206163,220.00000095839715,282.0276979608785,110.01125467901035,94.00303818605816,1200.0142264630417,1901.9515070982154,0,429.6910783449838,429.9999920795019,-0.3089216550162064,-7.92049809206219e-06,-0.1175725846833183,-3.786354025128172e-07
encodec_ft_encodec_ft_53tet,3.0kbps,24000,20260826,430.0,226.4,290.232140146853,226.4Hz_+49.6c,0,226.2942084332071,290.25441217579777,226.4000034593461,290.23214380822714,75.4264392419772,96.75103916402507,1902.068924009227,1901.962723075449,0,430.9420028345513,429.99999538718293,0.9420028345513174,-4.612817065208219e-06,0.13284750427255076,2.184008812677403e-05
encodec_ft_encodec_ft_53tet,3.0kbps,24000,20260826,430.0,226.4,290.232140146853,226.4Hz_+49.6c,1,226.40930012801604,290.2485980341094,226.4000034611315,290.2321437578488,75.46734205146906,96.74976919065561,1902.010622048224,1901.9507687188593,0,430.02705377846087,429.9999950730238,0.02705377846086776,-4.926976203023514e-06,0.09816847632509458,2.153958160961731e-05
encodec_ft_encodec_ft_53tet,3.0kbps,24000,20260826,430.0,226.4,290.232140146853,226.4Hz_+49.6c,2,226.40096910487756,290.295289279193,226.40000357876514,290.23214382034126,75.4619103727423,96.765434692914,1902.0715260253614,1901.948948915782,0,430.36923292644934,429.99999454627107,0.36923292644934236,-5.453728931570367e-06,0.37664345547068917,2.1912348970741027e-05
encodec_ft_encodec_ft_53tet,3.0kbps,24000,20260826,430.0,226.4,290.232140146853,226.4Hz_+49.6c,3,226.3922802757772,290.25814198248656,226.40000347415108,290.23214379939793,75.46427527367956,96.75228512641274,1901.9508290562035,1901.9626747803122,0,430.2141260859608,429.99999522130616,0.21412608596079963,-4.778693835305603e-06,0.15509394249299638,2.1787421873659016e-05
encodec_ft_encodec_ft_53tet,3.0kbps,24000,20260826,430.0,226.4,290.232140146853,226.4Hz_+49.6c,4,226.39965666131582,290.2800638705021,226.40000349156506,290.23214382468024,75.46594996871558,96.75974862375266,1901.968816825156,1901.9598794303154,0,430.2884667447551,429.9999952389539,0.28846674475511236,-4.761046113799239e-06,0.2858413027449068,2.193823099078228e-05
encodec_ft_encodec_ft_53tet,3.0kbps,24000,20260826,435.0,220.0,282.8434033123765,220Hz_ongrid,0,220.00717835033439,282.83195146988635,220.0000009348452,282.8434008773848,109.99716789272905,94.2943125350322,1200.1010609503978,1901.6429393119442,0,434.8734166138092,434.9999777393231,-0.12658338619081633,-2.2260676871610485e-05,-0.07009610540237936,-1.4904150095876378e-05
encodec_ft_encodec_ft_53tet,3.0kbps,24000,20260826,435.0,220.0,282.8434033123765,220Hz_ongrid,1,220.02761757645433,282.79169308366386,220.00000096119237,282.84340081876815,73.34732526057375,94.27872051518106,1901.842030488767,1901.682788969019,0,434.4661461182719,434.9999771732087,-0.5338538817280778,-2.2826791280294856e-05,-0.3165380276159105,-1.5262932201647787e-05
encodec_ft_encodec_ft_53tet,3.0kbps,24000,20260826,435.0,220.0,282.8434033123765,220Hz_ongrid,2,219.99417439738423,282.8822321866497,220.00000094401764,282.8434007690837,73.33028255722365,94.30432399182766,1901.9811805785046,1901.7668841448842,0,435.28349201070176,434.99997700425104,0.2834920107017638,-2.2995748963694496e-05,0.23764830552507418,-1.5567041811271657e-05
encodec_ft_encodec_ft_53tet,3.0kbps,24000,20260826,435.0,220.0,282.8434033123765,220Hz_ongrid,3,219.98812700380668,282.86157941683115,220.0000009519375,282.8434008596719,109.9903021905306,94.29924714569326,1200.0592015736916,1901.733687955409,0,435.20468316582236,434.99997749640187,0.20468316582235957,-2.250359813160685e-05,0.11124912059377692,-1.5012567888504733e-05
encodec_ft_encodec_ft_53tet,3.0kbps,24000,20260826,435.0,220.0,282.8434033123765,220Hz_ongrid,4,220.0105832456603,282.81685109096253,220.0000009409555,282.84340076600404,109.9978616641343,94.28320690088752,1200.1169346647093,1901.7544167033693,0,434.7541908002288,434.9999770094979,-0.24580919977120175,-2.2990502088759968e-05,-0.1625290427111942,-1.5585891990291773e-05
encodec_ft_encodec_ft_53tet,3.0kbps,24000,20260826,435.0,226.4,291.0715750451002,226.4Hz_+49.6c,0,226.4241799550822,291.1420902146578,226.40000354020944,291.0715742333412,75.4767321343449,97.04659532982994,1901.9089998544919,1901.9687026590739,0,435.2344697252258,434.9999681005735,0.2344697252257788,-3.1899426517156826e-05,0.4193589755620708,-4.828175986855052e-06
encodec_ft_encodec_ft_53tet,3.0kbps,24000,20260826,435.0,226.4,291.0715750451002,226.4Hz_+49.6c,1,226.39599200255105,291.0647541341707,226.4000034471907,291.0715741861769,75.46372564386523,97.02150281566708,1901.9918217620861,1901.9564621971588,0,434.99007874509084,434.99996853134513,-0.00992125490915896,-3.146865486769457e-05,-0.04056985505087478,-5.108699469982424e-06
encodec_ft_encodec_ft_53tet,3.0kbps,24000,20260826,435.0,226.4,291.0715750451002,226.4Hz_+49.6c,2,226.40915442507116,291.0840188691809,226.40000344180532,291.07157423958955,75.46703581145758,97.02768009733869,1902.0165331470716,1901.9608210026859,0,435.0040111492423,434.9999688902133,0.004011149242273859,-3.110978667564268e-05,0.07401173218174487,-4.7910120748530985e-06
encodec_ft_encodec_ft_53tet,3.0kbps,24000,20260826,435.0,226.4,291.0715750451002,226.4Hz_+49.6c,3,226.38950183593823,291.0450816942317,226.4000034485363,291.0715742397375,75.46087209915784,72.76657927391614,1902.0076563985344,2399.8736892969323,0,434.9226949633042,434.9999688396229,-0.07730503669580457,-3.1160377091055125e-05,-0.15758419072204852,-4.790132157658596e-06
encodec_ft_encodec_ft_53tet,3.0kbps,24000,20260826,435.0,226.4,291.0715750451002,226.4Hz_+49.6c,4,226.31325651595196,291.11507295532266,226.40000353019406,291.07157426287563,75.4320809212079,97.0384439383102,1902.0851562748246,1901.9534614522497,0,435.9221339358054,434.9999683528239,0.922133935805391,-3.1647176115257025e-05,0.25869732203307727,-4.652511224829083e-06
encodec_ft_encodec_ft_53tet,3.0kbps,24000,20260826,440.0,220.0,283.6614678567074,220Hz_ongrid,0,220.0112746391544,283.7088207043352,220.00000093805744,283.66146600244105,110.00098842695142,94.58399703296382,1200.0731643529198,1901.6915886418221,0,440.2002577088128,439.9999813012933,0.20025770881278504,-1.8698706696795853e-05,0.28897834087070146,-1.131690219932555e-05
encodec_ft_encodec_ft_53tet,3.0kbps,24000,20260826,440.0,220.0,283.6614678567074,220Hz_ongrid,1,220.0198887689983,283.70254463189184,220.0000009342086,283.6614660304811,73.33826291273148,94.58942996267503,1901.9951310979834,1901.553850992767,0,440.0941778404671,439.9999815027141,0.0941778404671254,-1.8497285907415062e-05,0.2506803758577638,-1.1145768875665587e-05
encodec_ft_encodec_ft_53tet,3.0kbps,24000,20260826,440.0,220.0,283.6614678567074,220Hz_ongrid,2,220.01849083211405,283.6744592695925,220.00000093459818,283.66146605553536,110.00596698830277,94.56922669384424,1200.0515939392915,1901.752269771666,0,439.93378419456803,439.99998165255886,-0.06621580543196615,-1.8347441141486343e-05,0.07928698064310896,-1.0992858564147758e-05
encodec_ft_encodec_ft_53tet,3.0kbps,24000,20260826,440.0,220.0,283.6614678567074,220Hz_ongrid,3,220.02191028688264,283.6394446263664,220.00000095488573,283.6614660536898,73.3445935215536,94.56164588603025,1901.8616025547024,1901.6773498842392,0,439.69317442668745,439.99998148164724,-0.3068255733125511,-1.8518352760565904e-05,-0.13441672811377095,-1.1004122196217908e-05
encodec_ft_encodec_ft_53tet,3.0kbps,24000,20260826,440.0,220.0,283.6614678567074,220Hz_ongrid,4,219.99009638079252,283.63025401237957,220.00000095174798,283.66146601102855,109.99036081430037,94.55371284176546,1200.073777121273,1901.7664969638417,0,439.88742189867935,439.9999812459701,-0.1125781013206506,-1.8754029895262647e-05,-0.1905138681705253,-1.1264491194228943e-05
encodec_ft_encodec_ft_53tet,3.0kbps,24000,20260826,440.0,226.4,291.91343783072074,226.4Hz_+49.6c,0,226.37059867229075,291.90608220716035,226.40000345020178,291.91343811475457,75.45332225351979,97.30232799168998,1902.0363133678109,1901.9496526763871,0,440.18121636292824,439.9999753015228,0.1812163629282395,-2.4698477204765368e-05,-0.04362411849363492,1.6845028619266553e-06
encodec_ft_encodec_ft_53tet,3.0kbps,24000,20260826,440.0,226.4,291.91343783072074,226.4Hz_+49.6c,1,226.38153739697657,291.94429996088735,226.4000034167697,291.9134381246402,75.45803449657251,72.98513458578606,1902.0118519886132,2400.0223065929763,0,440.32420803547967,439.9999756157991,0.32420803547967125,-2.43842009126638e-05,0.1830225658154644,1.7431309486449564e-06
encodec_ft_encodec_ft_53tet,3.0kbps,24000,20260826,440.0,226.4,291.91343783072074,226.4Hz_+49.6c,2,226.42147998364584,291.932581383579,226.40000345282527,291.91343818004293,75.47223323904443,97.31070039836442,1901.9915514943823,1901.9578485069087,0,439.94928462501196,439.9999756686633,-0.05071537498804446,-2.4331336703653506e-05,0.11352983303643174,2.0717048671345185e-06
encodec_ft_encodec_ft_53tet,3.0kbps,24000,20260826,440.0,226.4,291.91343783072074,226.4Hz_+49.6c,3,226.45048909437747,291.8697865271366,226.40000344586994,291.9134381907264,75.48316747309222,72.96336867371441,1901.9625441003702,2400.0967568069573,0,439.35506375891674,439.99997578520924,-0.6449362410832578,-2.421479075565003e-05,-0.2588996053284037,2.135064671054133e-06
encodec_ft_encodec_ft_53tet,3.0kbps,24000,20260826,440.0,226.4,291.91343783072074,226.4Hz_+49.6c,4,226.30602243255862,291.9274322750237,226.40000346222962,291.9134381869525,75.43197966719045,97.30890181720142,1902.032140518093,1901.9593111934987,0,440.80177029035434,439.9999756377281,0.8017702903543409,-2.4362271915379097e-05,0.08299404759165588,2.1126827145106168e-06
encodec_ft_encodec_ft_53tet,3.0kbps,24000,20260826,445.0,220.0,284.4818984791963,220Hz_ongrid,0,220.02788991109045,284.4081439713191,220.0000009534122,284.4818961818204,110.00459281873162,94.80801594212613,1200.1471761230375,1901.858194475755,0,444.3316450535248,444.9999785165271,-0.6683549464751763,-2.1483472892214195e-05,-0.4488962945266033,-1.398083806338319e-05
encodec_ft_encodec_ft_53tet,3.0kbps,24000,20260826,445.0,220.0,284.4818984791963,220Hz_ongrid,1,219.9908751636112,284.48477714914674,220.0000009277301,284.48189615847645,73.3236580646113,94.83811692962298,1902.1116200657193,1901.775039633202,0,445.0893253226996,444.9999785765649,0.08932532269960802,-2.1423435100587085e-05,0.017518254223985157,-1.4122899330535926e-05
encodec_ft_encodec_ft_53tet,3.0kbps,24000,20260826,445.0,220.0,284.4818984791963,220Hz_ongrid,2,220.02125680418192,284.45533960437217,220.00000094818577,284.48189613749344,73.3378282314456,94.82933123051326,1902.0161566784604,1901.7562750369982,0,444.67109967208035,444.99997828790055,-0.32890032791965496,-2.1712099453452538e-05,-0.16163339418125583,-1.42505928453012e-05
encodec_ft_encodec_ft_53tet,3.0kbps,24000,20260826,445.0,220.0,284.4818984791963,220Hz_ongrid,3,220.02274981404733,284.47153040583106,220.00000094662414,284.48189613660594,73.34345673290764,94.84468438261588,1901.895041424953,1901.5745423834876,0,444.7578886104326,444.99997829478855,-0.24211138956741252,-2.170521145217208e-05,-0.06309676934461458,-1.4255993822431097e-05
encodec_ft_encodec_ft_53tet,3.0kbps,24000,20260826,445.0,220.0,284.4818984791963,220Hz_ongrid,4,220.02577260967436,284.4676321409173,220.00000095156534,284.4818961582364,110.00664709099064,94.83097849835363,1200.0981870953615,1901.801014699141,0,444.7103799269995,444.99997838753865,-0.2896200730004921,-2.1612461353015533e-05,-0.08682095426735735,-1.4124360093033581e-05
encodec_ft_encodec_ft_53tet,3.0kbps,24000,20260826,445.0,226.4,292.7577355258638,226.4Hz_+49.6c,0,226.228898066372,292.7685760628155,226.40000346067396,292.7577334067491,75.40261653337949,97.58995904885282,1902.1160833664815,1901.9473071589734,0,446.37298055095084,444.99996100547554,1.3729805509508424,-3.89945244592127e-05,0.064104742388783,-1.2531465669822631e-05
encodec_ft_encodec_ft_53tet,3.0kbps,24000,20260826,445.0,226.4,292.7577355258638,226.4Hz_+49.6c,1,226.37265045799427,292.7488238604576,226.40000339977257,292.75773339266806,75.45538757630447,97.58272102258721,1902.0046178947186,1901.9589086115934,0,445.15644865734566,444.99996138790704,0.15644865734566338,-3.861209296474044e-05,-0.052700275817330784,-1.2614734321665464e-05
encodec_ft_encodec_ft_53tet,3.0kbps,24000,20260826,445.0,226.4,292.7577355258638,226.4Hz_+49.6c,2,226.37771647664428,292.7774215886635,226.40000338095808,292.7577333757116,75.46061625464739,97.59284359053709,1901.9233992957243,1901.9484421231255,0,445.28681625816864,444.999961431505,0.286816258168642,-3.85684949719689e-05,0.11641037027320184,-1.2715007017793474e-05
encodec_ft_encodec_ft_53tet,3.0kbps,24000,20260826,445.0,226.4,292.7577355258638,226.4Hz_+49.6c,3,226.41455785464146,292.72664926589187,226.4000035427443,292.75773338914814,75.4700015989115,97.57512216167672,1901.9898152704632,1901.9625874611988,0,444.70484312451487,444.9999602738166,-0.2951568754851337,-3.972618338821121e-05,-0.1838395460921531,-1.263554961062228e-05
encodec_ft_encodec_ft_53tet,3.0kbps,24000,20260826,445.0,226.4,292.7577355258638,226.4Hz_+49.6c,4,226.3746752604843,292.73939877778105,226.4000034329392,292.7577334123594,75.45611761810264,97.57957545489103,1902.0033530836022,1901.958977459619,0,445.0852254291837,444.9999612507342,0.08522542918370846,-3.874926579783278e-05,-0.10843845607584263,-1.24982888704478e-05
encodec_ft_encodec_ft_53tet,3.0kbps,24000,20260826,450.0,220.0,285.30470202322215,220Hz_ongrid,0,220.0076062849451,285.2463864990344,220.00000093742688,285.30470200231554,73.33791496399523,74.60869043401533,1901.906697002428,2321.7516237660525,0,449.5862494941496,449.99999249629616,-0.41375050585037343,-7.503703841393872e-06,-0.3538958156264996,-1.2686164792901595e-07
encodec_ft_encodec_ft_53tet,3.0kbps,24000,20260826,450.0,220.0,285.30470202322215,220Hz_ongrid,1,219.98942755301707,285.313785309216,220.00000093616384,285.30470212544844,109.98894326758094,95.1452725000343,1200.0908258519967,1901.2146892256592,0,450.13831584682526,449.9999932534077,0.13831584682526454,-6.746592305262311e-06,0.05511666495340795,6.203108674022895e-07
encodec_ft_encodec_ft_53tet,3.0kbps,24000,20260826,450.0,220.0,285.30470202322215,220Hz_ongrid,2,219.9867275435598,285.31662294747855,220.00000093283074,285.3047021110361,109.98350791005305,76.60653563097381,1200.1551327035916,2276.4293013786423,0,450.1767822421473,449.99999319218244,0.1767822421472829,-6.807817555909423e-06,0.0723348710220001,5.328565550549078e-07
encodec_ft_encodec_ft_53tet,3.0kbps,24000,20260826,450.0,220.0,285.30470202322215,220Hz_ongrid,3,219.98940429000578,285.2730965108352,220.00000095412628,285.30470204560925,109.98861117225924,95.1035160895756,1200.0958699934959,1901.7277326667784,0,449.8915888135416,449.9999926275913,-0.10841118645839742,-7.372408674655162e-06,-0.1917934394888157,1.3584514500074648e-07
encodec_ft_encodec_ft_53tet,3.0kbps,24000,20260826,450.0,220.0,285.30470202322215,220Hz_ongrid,4,219.9826796596786,285.27945123550313,220.00000094854047,285.30470206999047,109.98187440846206,95.09885822680934,1200.1489895926093,1901.851089416067,0,449.9830743651679,449.9999928194932,-0.01692563483209142,-7.180506827353383e-06,-0.15322901361277452,2.83791169538523e-07
encodec_ft_encodec_ft_53tet,3.0kbps,24000,20260826,450.0,226.4,293.6044751729886,226.4Hz_+49.6c,0,226.3958710406428,293.6167824380629,226.4000034004791,293.60447454854267,75.46450951152518,73.40580386483815,1901.9729139449232,2399.96206979928,0,450.1041416564315,449.99997031520354,0.10414165643152273,-2.9684796459150675e-05,0.07256806893310516,-3.682035405560863e-06
encodec_ft_encodec_ft_53tet,3.0kbps,24000,20260826,450.0,226.4,293.6044751729886,226.4Hz_+49.6c,1,226.38682757477946,293.5678379946149,226.4000035318149,293.6044746017387,75.45919902153886,97.85587132115343,1902.025590216568,1901.9563220268387,0,449.88468573528957,449.9999696245751,-0.1153142647104346,-3.0375424898920755e-05,-0.21604401066695955,-3.3683660685648837e-06
encodec_ft_encodec_ft_53tet,3.0kbps,24000,20260826,450.0,226.4,293.6044751729886,226.4Hz_+49.6c,2,226.40485777218723,293.67430688777137,226.40000340530585,293.60447464637684,75.46581899980846,73.41867145381174,1902.0115927571596,2399.9977661929925,0,450.37456663733724,449.9999708551718,0.3745666373372387,-2.9144828204152873e-05,0.41171261962573513,-3.105157810757431e-06
encodec_ft_encodec_ft_53tet,3.0kbps,24000,20260826,450.0,226.4,293.6044751729886,226.4Hz_+49.6c,3,226.34546206137182,293.5931795567918,226.4000035001202,293.60447456658443,75.44431007187758,73.39693004987706,1902.0508550453828,2400.0321925499265,0,450.3504848938321,449.9999696596516,0.35048489383211745,-3.034034841675748e-05,-0.06660569983537122,-3.5756524942300336e-06
encodec_ft_encodec_ft_53tet,3.0kbps,24000,20260826,450.0,226.4,293.6044751729886,226.4Hz_+49.6c,4,226.32244171415596,293.6434490635545,226.4000033983437,293.60447455138757,75.43953437440517,73.41119910642261,1901.9843640855925,2399.992056373598,0,450.82296746973,449.9999703483072,0.8229674697299743,-2.9651692784682382e-05,0.22979366528752793,-3.6652604704324495e-06
encodec_ft_encodec_ft_53tet,3.0kbps,24000,20260826,455.0,220.0,286.1298853519573,220Hz_ongrid,0,220.0180906443848,286.10995622848964,220.00000092878,286.1298832917118,110.00563264068094,95.37239795673771,1200.0537068752542,1901.911206886772,0,454.737060406026,454.9999802256495,-0.2629395939740107,-1.9774350505485927e-05,-0.12058572165798791,-1.2465552606289582e-05
encodec_ft_encodec_ft_53tet,3.0kbps,24000,20260826,455.0,220.0,286.1298853519573,220Hz_ongrid,1,220.00344607677755,286.16466461094427,220.00000092738344,286.129883274299,109.99636733490837,95.4013425934556,1200.0842914246036,1901.716878619371,0,455.1833019353943,454.99998013128277,0.1833019353942973,-1.9868717231474875e-05,0.21041974779475833,-1.2570909140307413e-05
encodec_ft_encodec_ft_53tet,3.0kbps,24000,20260826,455.0,220.0,286.1298853519573,220Hz_ongrid,2,220.01665224128936,286.1659926708484,220.00000093938007,286.12988327342333,110.00171430925701,95.39095303780606,1200.1040551874944,1901.9134610707843,0,455.08741858436207,454.99998003158015,0.0874185843620694,-1.9968419849192287e-05,0.2184542030381412,-1.2576207287440552e-05
encodec_ft_encodec_ft_53tet,3.0kbps,24000,20260826,455.0,220.0,286.1298853519573,220Hz_ongrid,3,220.0333051080757,286.09118920597416,220.00000094360692,286.1298832717731,110.00883558141673,95.36736013018272,1200.1230131043696,1901.8890958973518,0,454.50378619352705,454.9999799883334,-0.49621380647295155,-2.0011666606478684e-05,-0.2341475648988671,-1.2586191983514323e-05
encodec_ft_encodec_ft_53tet,3.0kbps,24000,20260826,455.0,220.0,286.1298853519573,220Hz_ongrid,4,220.0227781607216,286.11637136144617,220.00000093653625,286.12988328080957,73.3430789746187,95.36981079810775,1901.9041812791982,1901.9969877036958,0,454.7389937607872,454.9999800986492,-0.2610062392128043,-1.990135081086919e-05,-0.0817685751247211,-1.253151679651e-05
encodec_ft_encodec_ft_53tet,3.0kbps,24000,20260826,455.0,226.4,294.4536638349233,226.4Hz_+49.6c,0,226.3580731305371,294.4485493235393,226.4000035670593,294.45366761399765,75.44853432270823,98.14920574182108,1902.0503779118355,1901.960481220051,0,455.2905648811136,454.99999494242144,0.29056488111359613,-5.057578562173148e-06,-0.03007092197911798,2.221898723049384e-05
encodec_ft_encodec_ft_53tet,3.0kbps,24000,20260826,455.0,226.4,294.4536638349233,226.4Hz_+49.6c,1,226.4149162401528,294.4735722671569,226.40000341739957,294.45366763623633,75.46774195806834,98.15764209029996,1902.0443910982292,1901.9587987340174,0,455.0029895957281,454.9999962175901,0.00298959572808144,-3.7824099194949667e-06,0.11704724674506796,2.2349738925675817e-05
encodec_ft_encodec_ft_53tet,3.0kbps,24000,20260826,455.0,226.4,294.4536638349233,226.4Hz_+49.6c,2,226.390700959262,294.4449986995319,226.40000344411928,294.45366762551976,75.4612954397255,73.60883345406796,1902.00711393569,2400.056827080334,0,455.0201620759296,454.9999959502624,0.020162075929590628,-4.049737583500246e-06,-0.050947228733502735,2.2286730858721612e-05
encodec_ft_encodec_ft_53tet,3.0kbps,24000,20260826,455.0,226.4,294.4536638349233,226.4Hz_+49.6c,3,226.37030772844656,294.4525557572955,226.4000035011289,294.4536676219985,75.45477569063044,98.15051029913698,1902.000740313925,1901.9610265404265,0,455.2205506282221,454.9999954936181,0.22055062822209948,-4.506381912960933e-06,-0.006514931085577949,2.2266027626042096e-05
encodec_ft_encodec_ft_53tet,3.0kbps,24000,20260826,455.0,226.4,294.4536638349233,226.4Hz_+49.6c,4,226.37528656314893,294.46428137518575,226.4000033000821,294.45366761267786,75.45555049843144,98.15413280189006,1902.0210399142632,1901.9660713807864,0,455.25141333990706,454.99999697618114,0.25141333990706016,-3.023818862857297e-06,0.06242447652072194,2.221122750650469e-05
encodec_ft_encodec_ft_53tet,3.0kbps,24000,20260826,460.0,220.0,286.9574553484241,220Hz_ongrid,0,220.00722331039012,286.9491723190351,220.0000009548398,286.95745455603793,73.33666691490053,71.73636643735382,1901.9331454079813,2400.0223627791775,0,459.89318612228186,459.9999877056105,-0.10681387771813888,-1.2294389478029188e-05,-0.049972806785457353,-4.780520340475861e-06
encodec_ft_encodec_ft_53tet,3.0kbps,24000,20260826,460.0,220.0,286.9574553484241,220Hz_ongrid,1,220.0116593750255,286.98337984509334,220.00000092799328,286.95745456976806,110.00206035570592,71.74981841764715,1200.0593214685668,2399.904122775468,0,460.06464915013464,459.9999879997071,0.06464915013464179,-1.2000292883840302e-05,0.15639720548564004,-4.6976854970281615e-06
encodec_ft_encodec_ft_53tet,3.0kbps,24000,20260826,460.0,220.0,286.9574553484241,220Hz_ongrid,2,219.98933985241618,286.95266256012667,220.00000092314363,286.9574544311081,109.99330511443536,95.65126100241301,1200.0214812524282,1901.9482410312505,0,460.0549738900965,459.99998720132527,0.05497389009650533,-1.279867473158447e-05,-0.028915462654335707,-5.5342305391050094e-06
encodec_ft_encodec_ft_53tet,3.0kbps,24000,20260826,460.0,220.0,286.9574553484241,220Hz_ongrid,3,219.99052979045558,286.9211338373948,220.00000093891123,286.9574545595804,109.99068582349636,95.63888071784761,1200.0720722834326,1901.9821031453266,0,459.8553809680193,459.99998785232845,-0.14461903198071013,-1.2147671554885164e-05,-0.21914404153215095,-4.7591482320170655e-06
encodec_ft_encodec_ft_53tet,3.0kbps,24000,20260826,460.0,220.0,286.9574553484241,220Hz_ongrid,4,219.987873724527,286.9305301359786,220.00000093117302,286.95745456856366,109.98736733231256,72.4857371029087,1200.103403277678,2381.918917447156,0,459.9329779922979,459.99998796741886,-0.0670220077021213,-1.2032581139465037e-05,-0.16244927852556063,-4.7049516371809055e-06
encodec_ft_encodec_ft_53tet,3.0kbps,24000,20260826,460.0,226.4,295.30530859492376,226.4Hz_+49.6c,0,226.38263564003634,295.3152305426043,226.4000034765327,295.3053080774315,75.45977224960838,73.82869637227661,1901.9803818738394,2400.0026090504994,0,460.1909534327058,459.9999703818626,0.1909534327057827,-2.9618137375564402e-05,0.058166665467813176,-3.0338101345100144e-06
encodec_ft_encodec_ft_53tet,3.0kbps,24000,20260826,460.0,226.4,295.30530859492376,226.4Hz_+49.6c,1,226.36260320816422,295.30494266975364,226.40000336849144,295.3053080303208,75.44766746173492,73.82644594235286,1902.1049155635887,2399.9950690351493,0,460.2838439194482,459.9999709318443,0.2838439194482021,-2.9068155697586917e-05,-0.002145245913226151,-3.3099974592227725e-06
encodec_ft_encodec_ft_53tet,3.0kbps,24000,20260826,460.0,226.4,295.30530859492376,226.4Hz_+49.6c,2,226.35713103032697,295.2963815215274,226.40000360560566,295.30530811620315,75.44840123138482,73.82510177503224,1902.0462264187693,2399.9763994018367,0,460.2755052375065,459.9999696221679,0.27550523750647926,-3.0377832104022673e-05,-0.05233596070625764,-2.806510301794598e-06
encodec_ft_encodec_ft_53tet,3.0kbps,24000,20260826,460.0,226.4,295.30530859492376,226.4Hz_+49.6c,3,226.4003676742283,295.3356748010515,226.40000350959372,295.3053081184075,75.4650319277802,73.8330390947496,1901.9953143302725,2400.020624830864,0,460.17520189105426,459.9999703692745,0.17520189105425743,-2.9630725521201384e-05,0.17801341767161769,-2.793587358914657e-06
encodec_ft_encodec_ft_53tet,3.0kbps,24000,20260826,460.0,226.4,295.30530859492376,226.4Hz_+49.6c,4,226.34015068572268,295.2933549713945,226.40000347485014,295.30530808721346,75.44017514013044,98.43135475867932,1902.1051174068868,1901.9508423875402,0,460.3876360426891,459.9999704520757,0.38763604268910967,-2.9547924327744113e-05,-0.07007980662012615,-2.9764630978930053e-06
encodec_ft_encodec_ft_53tet,3.0kbps,24000,20260826,465.0,220.0,287.78741891555285,220Hz_ongrid,0,219.9767265177242,287.80548777625296,220.00000095709646,287.78741707461813,109.97955043128246,95.92939436206787,1200.1387208427504,1902.059096758541,0,465.29184732305515,464.99998139391766,0.29184732305515126,-1.8606082335281826e-05,0.10869288526137942,-1.1074455219476488e-05
encodec_ft_encodec_ft_53tet,3.0kbps,24000,20260826,465.0,220.0,287.78741891555285,220Hz_ongrid,1,220.0073687481993,287.83174559489106,220.00000094455027,287.78741708475224,73.33696242438424,96.34395494424929,1901.9273138768654,1894.7515987180382,0,465.2086486081609,464.9999815536103,0.20864860816089958,-1.8446389674409147e-05,0.2666341269904505,-1.1013491834389968e-05
encodec_ft_encodec_ft_53tet,3.0kbps,24000,20260826,465.0,220.0,287.78741891555285,220Hz_ongrid,2,220.01372731089663,287.8386468043641,220.00000094917038,287.7874170706316,109.99803783490728,72.35008088897548,1200.1389020056945,2390.6325293301547,0,465.2001224205631,464.99998143230835,0.2001224205631047,-1.856769165442529e-05,0.3081426324744042,-1.1098436903328512e-05
encodec_ft_encodec_ft_53tet,3.0kbps,24000,20260826,465.0,220.0,287.78741891555285,220Hz_ongrid,3,219.98847454745368,287.80089906831955,220.00000093121767,287.78741706995,109.98367316178005,95.93025588863284,1200.1662798803598,1902.0159462537647,0,465.17178924052087,464.99998156948226,0.17178924052086586,-1.8430517741307995e-05,0.08109024707921095,-1.1102537225211157e-05
encodec_ft_encodec_ft_53tet,3.0kbps,24000,20260826,465.0,220.0,287.78741891555285,220Hz_ongrid,4,220.0187256152805,287.7817803320408,220.00000093643342,287.78741706757523,110.00181411546303,95.92519349182105,1200.118798991133,1901.9922982871142,0,464.8187296156204,464.9999815141526,-0.18127038437961573,-1.848584741992454e-05,-0.033920188146465864,-1.1116822905796592e-05
encodec_ft_encodec_ft_53tet,3.0kbps,24000,20260826,465.0,226.4,296.1594165567326,226.4Hz_+49.6c,0,226.38505949709491,296.15804222802177,226.40000346885353,296.1594162740285,75.46196578335011,98.7197201986141,1901.9485935658793,1901.9484632992285,0,465.10621689465165,464.9999718218144,0.10621689465165218,-2.81781855733243e-05,-0.008033815730033061,-1.6525794370538039e-06
encodec_ft_encodec_ft_53tet,3.0kbps,24000,20260826,465.0,226.4,296.1594165567326,226.4Hz_+49.6c,1,226.38949889278362,296.13794646290995,226.40000354255042,296.15941634074227,75.4607830472374,74.03633267436314,1902.0096769348115,2399.9568320134636,0,464.9547911999758,464.9999716482526,-0.045208800024227,-2.8351747403121408e-05,-0.12551046079018327,-1.2625964084125276e-06
encodec_ft_encodec_ft_53tet,3.0kbps,24000,20260826,465.0,226.4,296.1594165567326,226.4Hz_+49.6c,2,226.3786231984599,296.12847915344304,226.40000341447265,296.1594162867511,75.45437005560255,74.03164886975154,1902.073641081793,2400.0110124217153,0,464.9826140968581,464.9999723120252,-0.01738590314192834,-2.7687974807122373e-05,-0.18085760793425604,-1.5782081747236012e-06
encodec_ft_encodec_ft_53tet,3.0kbps,24000,20260826,465.0,226.4,296.1594165567326,226.4Hz_+49.6c,3,226.36900643196657,296.12003400286613,226.4000034536792,296.15941628341375,75.45466275788489,98.70662480037021,1901.9933793650114,1901.9559339602008,0,465.00678706675717,464.99997199271183,0.0067870667571696686,-2.8007288165099453e-05,-0.23023057183181425,-1.597716849944138e-06
encodec_ft_encodec_ft_53tet,3.0kbps,24000,20260826,465.0,226.4,296.1594165567326,226.4Hz_+49.6c,4,226.40894200292942,296.17544639914956,226.40000346488742,296.1594163244588,75.46800099188127,74.04510012171494,1901.9927675074468,2399.971042118108,0,465.02532545842735,464.9999721469386,0.025325458427346348,-2.7853061396854173e-05,0.09370175802817805,-1.3577833439615715e-06
encodec_ft_encodec_ft_53tet,3.0kbps,24000,20260826,470.0,220.0,288.61978297623875,220Hz_ongrid,0,220.01462167925843,288.5983964935877,220.00000095579543,288.6197833485944,110.00275844170086,96.20249237122546,1200.0716445963162,1901.9005292135755,0,469.7566545002444,469.99999471211964,-0.2433454997556055,-5.287880355808738e-06,-0.1282877369046818,2.2335085301333625e-06
encodec_ft_encodec_ft_53tet,3.0kbps,24000,20260826,470.0,220.0,288.61978297623875,220Hz_ongrid,1,219.99296370666096,288.5850988384568,220.00000095233048,288.61978334977124,109.98440546323917,96.19342673008248,1200.1900806746614,1901.9839083783943,0,469.84731211941596,469.9999947464451,-0.1526878805840397,-5.253554888895451e-06,-0.20805908700602438,2.240567857042168e-06
encodec_ft_encodec_ft_53tet,3.0kbps,24000,20260826,470.0,220.0,288.61978297623875,220Hz_ongrid,2,219.98511845168488,288.59568004013806,220.00000096126104,288.6197832924252,109.99104713284031,96.19728004774554,1200.0237998361242,1901.9780358757725,0,469.9725273403635,469.99999433218875,-0.02747265963648715,-5.66781125144189e-06,-0.14458318031262093,1.8965878917223937e-06
encodec_ft_encodec_ft_53tet,3.0kbps,24000,20260826,470.0,220.0,288.61978297623875,220Hz_ongrid,3,220.00235484505328,288.64305487878545,220.0000009228062,288.61978334308617,109.99512292267298,96.21305936090188,1200.0952902960905,1901.9782534132455,0,470.1210559546636,469.9999949386797,0.121055954663575,-5.061320280219661e-06,0.13958670974541523,2.2004683892153263e-06
encodec_ft_encodec_ft_53tet,3.0kbps,24000,20260826,470.0,220.0,288.61978297623875,220Hz_ongrid,4,220.03086148156189,288.57379974496286,220.00000094239468,288.61978331552706,110.01114900513228,96.18800344988416,1200.0673799188585,1902.0137311519368,0,469.4813163045729,469.9999946192248,-0.5186836954271143,-5.380775178309705e-06,-0.275844147344996,2.035160049485284e-06
encodec_ft_encodec_ft_53tet,3.0kbps,24000,20260826,470.0,226.4,297.0159948446384,226.4Hz_+49.6c,0,226.3631748566658,297.01570838447867,226.40000350412484,297.01599808534854,75.44854186021279,74.25458776419632,1902.0892235894921,2399.9845965590525,0,470.2799474632094,469.9999920939928,0.2799474632093961,-7.906007226665679e-06,-0.0016697074567132858,1.8889311805639388e-05
encodec_ft_encodec_ft_53tet,3.0kbps,24000,20260826,470.0,226.4,297.0159948446384,226.4Hz_+49.6c,1,226.38982168834508,297.01476023007643,226.4000034574345,297.0159980811478,75.46074600073038,74.25364121143309,1902.012995325988,2400.001138852965,0,470.07063691384315,469.999992426539,0.07063691384314552,-7.573461004994897e-06,-0.007196283185217081,1.8864826735767106e-05
encodec_ft_encodec_ft_53tet,3.0kbps,24000,20260826,470.0,226.4,297.0159948446384,226.4Hz_+49.6c,2,226.40900058104475,296.9624158983826,226.4000035467918,297.01599807965096,75.47238349823233,74.23907195812586,1901.8926837576862,2400.0357258198424,0,469.6188489558712,469.9999917345176,-0.3811510441287851,-8.265482392744161e-06,-0.312326827524706,1.8856102139710484e-05
encodec_ft_encodec_ft_53tet,3.0kbps,24000,20260826,470.0,226.4,297.0159948446384,226.4Hz_+49.6c,3,226.4155943677729,297.0059663386445,226.400003533363,297.01599806567623,75.47097736520244,74.25117696283719,1901.9753574284205,2400.007335679816,0,469.8223024854719,469.9999917557496,-0.17769751452811988,-8.244250409461529e-06,-0.05845471101752671,1.8774646564690293e-05
encodec_ft_encodec_ft_53tet,3.0kbps,24000,20260826,470.0,226.4,297.0159948446384,226.4Hz_+49.6c,4,226.36481184516475,297.02121289630486,226.4000035293559,297.0159980713331,75.45339899710646,74.2574055847095,1901.9902955451728,2399.950984958241,0,470.2995119543522,469.9999918193636,0.29951195435222644,-8.180636427823629e-06,0.030414487837886955,1.880761943333617e-05
encodec_ft_encodec_ft_53tet,3.0kbps,24000,20260826,475.0,220.0,289.45455447340026,220Hz_ongrid,0,220.0077163883713,289.46217917060875,220.0000009482688,289.4545549805147,109.99824191838235,96.48602668566906,1200.0883908644216,1901.9795172816814,0,474.9848817899171,474.99999557090223,-0.01511821008290326,-4.429097771208035e-06,0.04560288088011279,3.033062257243303e-06
encodec_ft_encodec_ft_53tet,3.0kbps,24000,20260826,475.0,220.0,289.45455447340026,220Hz_ongrid,1,220.0195501928808,289.50731948358947,220.00000095020124,289.4545549296492,73.34083392833699,96.50016628482936,1901.9317762814105,1901.9957882432532,0,475.1617214885316,474.99999525146785,0.1617214885316116,-4.74853214882387e-06,0.31555992406709477,2.7288350210122874e-06
encodec_ft_encodec_ft_53tet,3.0kbps,24000,20260826,475.0,220.0,289.45455447340026,220Hz_ongrid,2,220.01376007703888,289.43195375245205,220.00000094990108,289.45455487542245,109.99470494055083,96.47631733299919,1200.1916162938328,1901.972955913779,0,474.756541273338,474.9999949294986,-0.24345872666202695,-5.070501401860383e-06,-0.13518068603402933,2.4045034644290886e-06
encodec_ft_encodec_ft_53tet,3.0kbps,24000,20260826,475.0,220.0,289.45455447340026,220Hz_ongrid,3,219.97691759587812,289.41167462468144,220.000000955875,289.454554933852,73.32556382954277,96.46760269071346,1901.9567803465034,1902.008040580588,0,474.9251663229648,474.99999523195663,-0.07483367703520116,-4.768043368130748e-06,-0.2564843154601832,2.7539720524737985e-06
encodec_ft_encodec_ft_53tet,3.0kbps,24000,20260826,475.0,220.0,289.45455447340026,220Hz_ongrid,4,220.0024790404371,289.4821972672051,220.00000095186178,289.45455493543204,109.99513273444143,96.49448923914058,1200.0961131800682,1901.9474030169977,0,475.1458161945987,474.9999952729881,0.14581619459869444,-4.727011912564194e-06,0.16532426293096983,2.7634220325079343e-06
encodec_ft_encodec_ft_53tet,3.0kbps,24000,20260826,475.0,226.4,297.87505060353556,226.4Hz_+49.6c,0,226.43855771395764,297.8509026901634,226.4000034498501,297.8750499797236,75.47743507856727,74.46332185046946,1902.002804794206,2399.986139113386,0,474.5648301424415,474.9999699941468,-0.4351698575584919,-3.0005853204784216e-05,-0.14035208516771486,-3.625562135537392e-06
encodec_ft_encodec_ft_53tet,3.0kbps,24000,20260826,475.0,226.4,297.87505060353556,226.4Hz_+49.6c,1,226.37216816310783,297.92712969846934,226.40000340555395,297.87504994922983,75.45505926741674,74.48427951750863,1902.008462108825,2399.9419592331146,0,475.5154918824494,474.99997015564213,0.5154918824493961,-2.9844357868569205e-05,0.3026544903809682,-3.8027902977335145e-06
encodec_ft_encodec_ft_53tet,3.0kbps,24000,20260826,475.0,226.4,297.87505060353556,226.4Hz_+49.6c,2,226.36110050997414,297.8882807804366,226.40000342678533,297.8750499715116,75.4527514407187,74.47247923294759,1901.9767689528708,2399.990491223264,0,475.3743733059053,474.9999701227906,0.3743733059052943,-2.987720938563143e-05,0.07689138126990011,-3.6732898589812795e-06
encodec_ft_encodec_ft_53tet,3.0kbps,24000,20260826,475.0,226.4,297.87505060353556,226.4Hz_+49.6c,3,226.43287883623094,297.8459265124229,226.40000346330513,297.87504992270715,75.47785441337106,74.46420254229048,1901.949768138057,2399.9367397328674,0,474.5793246294258,474.99996955988246,-0.4206753705742017,-3.0440117541274958e-05,-0.16927595353985658,-3.956938797031369e-06
encodec_ft_encodec_ft_53tet,3.0kbps,24000,20260826,475.0,226.4,297.87505060353556,226.4Hz_+49.6c,4,226.3794166878626,297.91284667939675,226.4000034403658,297.8750500324578,75.46012902024634,74.47925209001312,1901.9475799656075,2399.97581576958,0,475.37705835270594,474.99997037315967,0.37705835270594434,-2.9626840330365667e-05,0.21965485985259037,-3.3190735994163478e-06
encodec_ft_encodec_ft_53tet,3.0kbps,24000,20260826,480.0,220.0,290.29174037003673,220Hz_ongrid,0,220.028703430193,290.3176423571237,220.00000093495936,290.2917403028752,73.34503343256658,96.77229679567304,1901.9046696418602,1901.9594850501041,0,479.9286070701852,479.9999922420391,-0.07139292981480594,-7.757960872822878e-06,0.15446668051618434,-4.005360762907868e-07
encodec_ft_encodec_ft_53tet,3.0kbps,24000,20260826,480.0,220.0,290.29174037003673,220Hz_ongrid,1,219.99580608717775,290.2989115074947,220.00000094492555,290.2917403038301,73.32393650128519,96.765925969248,1902.1438497746146,1901.9617612431925,0,480.0757697527837,479.9999921693077,0.07576975278368536,-7.830692311472376e-06,0.042766507859726896,-3.948412168565867e-07
encodec_ft_encodec_ft_53tet,3.0kbps,24000,20260826,480.0,220.0,290.29174037003673,220Hz_ongrid,2,220.02873671396247,290.299122384981,220.000000937106,290.2917402965052,110.00665324611406,96.76656568227808,1200.12141260443,1901.9515738030725,0,479.8179026074971,479.9999921871574,-0.18209739250289658,-7.8128426252988e-06,0.04402410179953972,-4.385253190031436e-07
encodec_ft_encodec_ft_53tet,3.0kbps,24000,20260826,480.0,220.0,290.29174037003673,220Hz_ongrid,3,220.0201964705556,290.2901609994359,220.00000094676415,290.2917402874817,110.00760400877739,96.76297279030788,1200.0392522037973,1901.9624116759633,0,479.8316572726337,479.9999920573408,-0.1683427273662801,-7.942659181026102e-06,-0.009419033400218737,-4.92339616786668e-07
encodec_ft_encodec_ft_53tet,3.0kbps,24000,20260826,480.0,220.0,290.29174037003673,220Hz_ongrid,4,220.01479001665948,290.3161114511708,220.0000009443029,290.2917403161074,110.00145360482716,96.77142484304785,1200.093504966825,1901.9659549664327,0,480.0289551327262,479.9999922474261,0.028955132726196098,-7.752573878860858e-06,0.14533749539998544,-3.216224192996408e-07
encodec_ft_encodec_ft_53tet,3.0kbps,24000,20260826,480.0,226.4,298.7365909989833,226.4Hz_+49.6c,0,226.38211356493548,298.7643232911804,226.40000349106228,298.73659101548543,75.4579806152865,74.69146875783694,1902.017494378776,2399.991008235498,0,480.2974856051705,479.99997340020104,0.2974856051704933,-2.6599798957249732e-05,0.1607063266232374,9.563304464928673e-08
encodec_ft_encodec_ft_53tet,3.0kbps,24000,20260826,480.0,226.4,298.7365909989833,226.4Hz_+49.6c,1,226.40325274116967,298.73764283536207,226.40000356295002,298.73659098553395,75.46928854440546,74.68663447788968,1901.9197278985714,2399.9484523296915,0,479.9812227151455,479.99997267691606,-0.018777284854479603,-2.7323083941155346e-05,0.006095576511568179,-7.794128889547371e-08
encodec_ft_encodec_ft_53tet,3.0kbps,24000,20260826,480.0,226.4,298.7365909989833,226.4Hz_+49.6c,2,226.3784515667075,298.7118202748887,226.40000338464554,298.73659097727455,75.45736217001743,74.67820285063372,1902.003678456598,2399.994255764369,0,480.0212273615204,479.9999739925086,0.02122736152040261,-2.6007491385371395e-05,-0.1435569002709721,-1.258060548274018e-07
encodec_ft_encodec_ft_53tet,3.0kbps,24000,20260826,480.0,226.4,298.7365909989833,226.4Hz_+49.6c,3,226.44255909094983,298.75198642380474,226.4000033888817,298.73659102573504,75.47993179382556,74.68988337484801,1901.9761305380032,2399.956266101012,0,479.76380705283356,479.9999742409533,-0.2361929471664439,-2.5759046707207744e-05,0.0892170483715881,1.5503149142696344e-07
encodec_ft_encodec_ft_53tet,3.0kbps,24000,20260826,480.0,226.4,298.7365909989833,226.4Hz_+49.6c,4,226.35244760621165,298.8098899433431,226.4000035187448,298.7365909912675,75.44784898771748,74.70479332339123,1902.0230778817938,2399.9462152931196,0,480.78839042539056,479.99997304817106,0.7883904253905598,-2.6951828942856082e-05,0.424728896981372,-4.471432410024713e-08
encodec_ft_encodec_ft_53tet,3.0kbps,24000,20260826,485.0,220.0,291.13134764928645,220Hz_ongrid,0,220.00562659189757,291.11602004654645,220.00000093962373,291.13134496427915,110.00033036852537,72.79533378901316,1200.039076973405,2399.611621997045,0,484.8645744116515,484.9999766392759,-0.1354255883484825,-2.3360724071608274e-05,-0.09114912057115016,-1.596659418294415e-05
encodec_ft_encodec_ft_53tet,3.0kbps,24000,20260826,485.0,220.0,291.13134764928645,220Hz_ongrid,1,220.0102275273245,291.13490242832484,220.00000095229308,291.13134500660374,73.34616817757617,97.04420590135891,1901.7325068047896,1901.9685870341993,0,484.94065757242646,484.9999767912638,-0.059342427573540135,-2.3208736195101665e-05,0.0211386268993818,-1.5714907879637736e-05
encodec_ft_encodec_ft_53tet,3.0kbps,24000,20260826,485.0,220.0,291.13134764928645,220Hz_ongrid,2,220.00906410465055,291.16475942302253,220.00000093481827,291.13134498266436,109.99644047220912,97.05433074433773,1200.1273487008118,1901.965508417214,0,485.1273479816111,484.99997678642023,0.12734798161108074,-2.3213579765979375e-05,0.19867417862688408,-1.5857265143544426e-05
encodec_ft_encodec_ft_53tet,3.0kbps,24000,20260826,485.0,220.0,291.13134764928645,220Hz_ongrid,3,220.00036637485613,291.12092112954747,220.00000094550447,291.13134505040233,109.99460096078512,72.7827325945442,1200.087857908753,2399.940478155666,0,484.9351137290803,484.9999771051367,-0.06488627091971466,-2.2894863320743752e-05,-0.06200317956753305,-1.5454456424758436e-05
encodec_ft_encodec_ft_53tet,3.0kbps,24000,20260826,485.0,220.0,291.13134764928645,220Hz_ongrid,4,219.9925255520318,291.0794798505511,220.00000094806384,291.1313450270711,109.98819299563095,97.02666079266727,1200.1270151432125,1901.9520120188952,0,484.7503560940533,484.9999769462557,-0.24964390594669794,-2.3053744314438518e-05,-0.3084631725039134,-1.5593197148225386e-05
encodec_ft_encodec_ft_53tet,3.0kbps,24000,20260826,485.0,226.4,299.6006232172657,226.4Hz_+49.6c,0,226.33417802769887,299.47312156470383,226.40000339173713,299.60062332670077,75.44012974789707,74.87303777382525,1902.0604747260425,2399.889995053729,0,484.76647856350337,484.9999746964542,-0.23352143649663049,-2.5303545783117443e-05,-0.7369216477368916,6.323675396618056e-07
encodec_ft_encodec_ft_53tet,3.0kbps,24000,20260826,485.0,226.4,299.6006232172657,226.4Hz_+49.6c,1,226.3890339235417,299.62403184232625,226.40000352302303,299.60062332941294,75.46170397932987,74.90659779240134,1901.9849931915392,2399.986367810312,0,485.21911817199555,484.9999737082103,0.21911817199554662,-2.6291789708920987e-05,0.13526081887665445,6.480395990720938e-07
encodec_ft_encodec_ft_53tet,3.0kbps,24000,20260826,485.0,226.4,299.6006232172657,226.4Hz_+49.6c,2,226.39180878009725,299.5427211068997,226.4000034573233,299.60062334815336,75.46290053723229,74.89100881009844,1901.978761763251,2399.876817434436,0,484.72801959513254,484.99997431889375,-0.2719804048674632,-2.568110625134068e-05,-0.3346181051334389,7.563309194413937e-07
encodec_ft_encodec_ft_53tet,3.0kbps,24000,20260826,485.0,226.4,299.6006232172657,226.4Hz_+49.6c,3,226.30232496359352,299.6946633832268,226.40000347691293,299.6006233080693,75.42936313333338,74.9279047061053,1902.063907689865,2399.902056958721,0,486.2903852707601,484.9999739374712,1.2903852707601118,-2.6062528775128158e-05,0.5433232740789758,5.247062692093311e-07
encodec_ft_encodec_ft_53tet,3.0kbps,24000,20260826,485.0,226.4,299.6006232172657,226.4Hz_+49.6c,4,226.4342314822672,299.7433346375675,226.40000344197338,299.60062337217755,75.48063275679705,74.94004459066201,1901.896384375021,2399.902718066707,0,485.56271642479885,484.99997457509465,0.5627164247988503,-2.542490534551689e-05,0.8244577139669959,8.951537133850821e-07
encodec_ft_encodec_ft_53tet,3.0kbps,24000,20260826,490.0,220.0,291.973383314485,220Hz_ongrid,0,220.026102889907,292.04221675268485,220.000000951587,291.9733843414264,73.33633231558267,97.34671891810758,1902.0896009973503,1901.9672126336834,0,490.2026966838515,489.9999986008997,0.20269668385151363,-1.3991003129376622e-06,0.4080945524881592,6.0891714970050436e-06
encodec_ft_encodec_ft_53tet,3.0kbps,24000,20260826,490.0,220.0,291.973383314485,220Hz_ongrid,1,219.98993449993392,291.9266771342879,220.00000094809414,291.9733842791399,109.99040249374939,97.30840395409722,1200.0718471541986,1901.9636904965041,0,489.8022467959892,489.9999982590625,-0.19775320401078034,-1.7409374777344055e-06,-0.2769629089242935,5.719848456639827e-06
encodec_ft_encodec_ft_53tet,3.0kbps,24000,20260826,490.0,220.0,291.973383314485,220Hz_ongrid,2,220.00465260983364,291.9944313098196,220.00000095108143,291.97338428945557,109.99431566286702,97.3313299665084,1200.126077345123,1901.957617987589,0,490.0881858523129,489.99999829672095,0.08818585231290399,-1.7032790537996334e-06,0.12479799499615911,5.781014041415202e-06
encodec_ft_encodec_ft_53tet,3.0kbps,24000,20260826,490.0,220.0,291.973383314485,220Hz_ongrid,3,220.0369142649064,291.97628256861526,220.00000095038854,291.9733843065896,110.0117677886583,97.32659209550553,1200.1052657174835,1901.9342854595038,0,489.72672777076133,489.99999840376825,-0.2732722292386711,-1.5962317547746352e-06,0.017190822293708743,5.882609303133798e-06
encodec_ft_encodec_ft_53tet,3.0kbps,24000,20260826,490.0,220.0,291.973383314485,220Hz_ongrid,4,220.00663534392572,291.95272620949027,220.00000094416433,291.9733842662123,110.00214519695713,97.31719785789701,1200.018452529543,1901.9617172317317,0,489.8252965642388,489.9999982133341,-0.1747034357612165,-1.7866659050014277e-06,-0.12248907166032827,5.6431949454522015e-06
encodec_ft_encodec_ft_53tet,3.0kbps,24000,20260826,490.0,226.4,300.4671544654518,226.4Hz_+49.6c,0,226.42290716060114,300.57017980697754,226.40000345370115,300.46715185356163,75.47556718795627,75.14442415820356,1901.9259890256662,2399.9567048796475,0,490.4183530226398,489.99995854105094,0.418353022639792,-4.145894905605019e-05,0.5935104884252762,-1.504920977033851e-05
encodec_ft_encodec_ft_53tet,3.0kbps,24000,20260826,490.0,226.4,300.4671544654518,226.4Hz_+49.6c,1,226.34660178870251,300.24248196134096,226.40000354933446,300.4671518822781,75.4442391180309,75.06238266717443,1902.0612005742744,2399.9593567876946,0,489.11336920239995,489.9999579752215,-0.8866307976000485,-4.202477850867581e-05,-1.2950040537256216,-1.48837511242043e-05
encodec_ft_encodec_ft_53tet,3.0kbps,24000,20260826,490.0,226.4,300.4671544654518,226.4Hz_+49.6c,2,226.37456922589453,300.5024830019245,226.40000333407843,300.4671518883227,75.45671743285294,75.13185636640242,1901.9887803204867,2399.856309172586,0,490.3980190782253,489.9999596560678,0.3980190782252748,-4.034393219853882e-05,0.20354427745588083,-1.4848923278750163e-05
encodec_ft_encodec_ft_53tet,3.0kbps,24000,20260826,490.0,226.4,300.4671544654518,226.4Hz_+49.6c,3,226.4200414185394,300.55864409402255,226.40000349818192,300.4671518531588,75.47082997390487,75.14596250127089,1902.0127414538874,2399.8548186763687,0,490.3738196265172,489.99995819859447,0.3738196265172178,-4.180140552989542e-05,0.5270654328686614,-1.5051530845066291e-05
encodec_ft_encodec_ft_53tet,3.0kbps,24000,20260826,490.0,226.4,300.4671544654518,226.4Hz_+49.6c,4,226.41699002576374,300.47932980738494,226.4000035283926,300.46715188420455,75.47189228197745,75.12843873686896,1901.9650417559988,2399.801668351113,0,489.9402362170291,489.99995814645956,-0.059763782970890134,-4.185354043784173e-05,0.07015056105062317,-1.4872651059067597e-05
encodec_ft_encodec_ft_53tet,3.0kbps,24000,20260826,495.0,220.0,292.8178543892235,220Hz_ongrid,0,220.02324245718134,292.8044375819657,220.00000094418237,292.8178555112409,73.3517790250028,97.60159506252143,1901.7024855290056,1901.9529456154887,0,494.7377827252295,494.99999920372744,-0.26221727477047807,-7.962725590004993e-07,-0.07932632987838052,6.63373067970764e-06
encodec_ft_encodec_ft_53tet,3.0kbps,24000,20260826,495.0,220.0,292.8178543892235,220Hz_ongrid,1,219.99776483450228,292.8469693452373,220.00000095318748,292.81785554545894,109.99358112238961,97.61556964084403,1200.0834372416448,1901.956540416423,0,495.18971765381485,494.99999933517216,0.18971765381485284,-6.648278372267669e-07,0.17212849803190686,6.836038594971943e-06
encodec_ft_encodec_ft_53tet,3.0kbps,24000,20260826,495.0,220.0,292.8178543892235,220Hz_ongrid,2,220.00096223685063,292.8154930317587,220.00000095246753,292.8178555461172,109.99332272682594,97.60491388303905,1200.1126654574914,1901.9594433245907,0,494.9784667715078,494.9999993447294,-0.02153322849221695,-6.552705826834426e-07,-0.013961166873703327,6.839930373747525e-06
encodec_ft_encodec_ft_53tet,3.0kbps,24000,20260826,495.0,220.0,292.8178543892235,220Hz_ongrid,3,220.00550511264203,292.8213658670585,220.00000094781856,292.8178555687856,73.33253392564735,97.60704528425592,1902.0171937165387,1901.9563607686414,0,494.977440328593,494.9999995153361,-0.02255967140700932,-4.846638717026508e-07,0.02076087044832093,6.973953409223532e-06
encodec_ft_encodec_ft_53tet,3.0kbps,24000,20260826,495.0,220.0,292.8178543892235,220Hz_ongrid,4,220.00596545039136,292.8146756367281,220.00000092799326,292.8178555447442,73.33558521222548,97.60465455149429,1901.9487828751508,1901.9592103859695,0,494.9342631248283,494.99999952920564,-0.06573687517169446,-4.7079436171770794e-07,-0.018793916906871905,6.831812762881851e-06
encodec_ft_encodec_ft_53tet,3.0kbps,24000,20260826,495.0,226.4,301.33619197145543,226.4Hz_+49.6c,0,226.39344342164912,301.3880690254175,226.4000035680369,301.3361914497339,75.46103803205509,75.3457888574711,1902.0339911739084,2400.028224917001,0,495.3481554703206,494.9999697185688,0.3481554703205916,-3.0281431179446372e-05,0.2980179435871449,-2.9973898659764624e-06
encodec_ft_encodec_ft_53tet,3.0kbps,24000,20260826,495.0,226.4,301.33619197145543,226.4Hz_+49.6c,1,226.35940772344412,301.2123217982191,226.40000351158616,301.3361914597899,75.44948011034838,75.3025845030112,1902.0388833217482,2400.011401955471,0,494.59862444233846,494.9999702080096,-0.4013755576615381,-2.9791990414196334e-05,-0.7118041442005234,-2.9396163251552175e-06
encodec_ft_encodec_ft_53tet,3.0kbps,24000,20260826,495.0,226.4,301.33619197145543,226.4Hz_+49.6c,2,226.36277541112005,301.2985906092778,226.400003440263,301.33619144430963,75.45288677840342,75.33808501912988,1901.986473461855,2399.6911880383263,0,495.0686316521722,494.9999706644658,0.06863165217220057,-2.9335534179608658e-05,-0.2160404957008902,-3.0285535038136405e-06
encodec_ft_encodec_ft_53tet,3.0kbps,24000,20260826,495.0,226.4,301.33619197145543,226.4Hz_+49.6c,3,226.4007967840945,301.2844088376672,226.40000346602682,301.3361914480416,75.4649630450249,75.32501927032087,1902.00017586794,2399.909969813437,0,494.69637759567024,494.99997048889605,-0.30362240432975796,-2.9511103946333606e-05,-0.29752957161409127,-3.0071127779806423e-06
encodec_ft_encodec_ft_53tet,3.0kbps,24000,20260826,495.0,226.4,301.33619197145543,226.4Hz_+49.6c,4,226.41728287969812,301.31483839988755,226.40000346321983,301.33619146250663,75.4715180501629,75.33246067657413,1901.9758654271598,2399.913793427678,0,494.74516173273406,494.99997059346475,-0.2548382672659386,-2.9406535247744614e-05,-0.12268469917068404,-2.9240082701742487e-06
encodec_ft_encodec_ft_53tet,3.0kbps,24000,20260826,500.0,220.0,293.6647679174076,220Hz_ongrid,0,220.00430774092212,293.6893832559286,220.0000009559281,293.66476741834873,109.99595941149693,97.8965763306592,1200.0974922749756,1901.9529628289386,0,500.11120972534064,499.9999895354789,0.11120972534064322,-1.0464521096764656e-05,0.14510806509748012,-2.9420882812553507e-06
encodec_ft_encodec_ft_53tet,3.0kbps,24000,20260826,500.0,220.0,293.6647679174076,220Hz_ongrid,1,220.0243558974767,293.64150912722164,220.00000093194626,293.66476738608367,110.00516833227454,73.41319187384774,1200.1103120904081,2399.9336248586446,0,499.6712257139045,499.9999895339863,-0.32877428609549497,-1.0466013691257103e-05,-0.13712235371853257,-3.132299546613728e-06
encodec_ft_encodec_ft_53tet,3.0kbps,24000,20260826,500.0,220.0,293.6647679174076,220Hz_ongrid,2,220.00278372941153,293.6974764780953,220.00000094401858,293.6647674156487,109.99550476361213,97.89908170742903,1200.0926553967097,1901.9563646197348,0,500.1709094528933,499.9999896132804,0.17090945289328374,-1.0386719623056706e-05,0.19281516494272044,-2.95800559503169e-06
encodec_ft_encodec_ft_53tet,3.0kbps,24000,20260826,500.0,220.0,293.6647679174076,220Hz_ongrid,3,220.0064110226883,293.6808993868588,220.00000093247215,293.6647673748519,109.99985161856502,97.893298931628,1200.0527844790192,1901.9609111044617,0,500.04464763084826,499.99998946363377,0.04464763084826018,-1.0536366232827277e-05,0.09509680836043588,-3.198513795951879e-06
encodec_ft_encodec_ft_53tet,3.0kbps,24000,20260826,500.0,220.0,293.6647679174076,220Hz_ongrid,4,220.02681904457236,293.70839462556756,220.00000094618346,293.66476738521686,110.0056390300685,73.42850007064712,1200.1222852366593,2399.966958344161,0,500.04613947523234,499.99998941684026,0.04613947523233719,-1.0583159735233494e-05,0.25717226312203106,-3.137409716650397e-06
encodec_ft_encodec_ft_53tet,3.0kbps,24000,20260826,500.0,226.4,302.2077429840958,226.4Hz_+49.6c,0,226.3802304529352,302.1675607765659,226.4000035408563,302.20774172225396,75.45731715795154,75.55332742551802,1902.018315195167,2399.7379066692397,0,499.92097624566526,499.9999656951878,-0.07902375433474162,-3.430481217492343e-05,-0.23020399911118264,-7.228615274107215e-06
encodec_ft_encodec_ft_53tet,3.0kbps,24000,20260826,500.0,226.4,302.2077429840958,226.4Hz_+49.6c,1,226.39035570572025,302.27822309638054,226.40000351837506,302.2077417301903,75.46147948745234,75.57660271413509,1902.000251322434,2399.838568142654,0,500.4774563744728,499.9999659125618,0.4774563744728084,-3.408743822319593e-05,0.4037068768147604,-7.183150963605237e-06
encodec_ft_encodec_ft_53tet,3.0kbps,24000,20260826,500.0,226.4,302.2077429840958,226.4Hz_+49.6c,2,226.408386544827,302.2180088115692,226.40000357840577,302.20774174261453,75.46589644254641,75.55606718247395,1902.0367991786877,2399.9641408810917,0,499.99467906175687,499.99996552469304,-0.005320938243130513,-3.447530696121248e-05,0.058808050493353595,-7.111977233249629e-06
encodec_ft_encodec_ft_53tet,3.0kbps,24000,20260826,500.0,226.4,302.2077429840958,226.4Hz_+49.6c,3,226.41835466230236,302.22663882712345,226.40000346515026,302.2077417038825,75.47096843273903,75.56304812665431,1901.996668150687,2399.8536279593204,0,499.96789514248314,499.99996616885306,-0.0321048575168561,-3.3831146936336154e-05,0.10824376584269683,-7.333858406507629e-06
encodec_ft_encodec_ft_53tet,3.0kbps,24000,20260826,500.0,226.4,302.2077429840958,226.4Hz_+49.6c,4,226.4196438667783,302.1578511352371,226.4000034045713,302.20774177094876,75.47317453337335,75.54444423443128,1901.9559204401444,2399.885837517656,0,499.56395876489876,499.9999670162854,-0.4360412351012428,-3.29837146182399e-05,-0.28583515855869807,-6.949661149286857e-06
encodec_ft_encodec_ft_53tet,3.0kbps,24000,20260826,505.0,220.0,294.5141309633156,220Hz_ongrid,0,220.01103987928343,294.55312868545093,220.00000093096355,294.5141302185485,109.99890951282457,98.18457782803989,1200.1040360506981,1901.9514461688955,0,505.14235068361035,504.99998829607586,0.14235068361034564,-1.1703924144512712e-05,0.22922402625322225,-4.3779434242095145e-06
encodec_ft_encodec_ft_53tet,3.0kbps,24000,20260826,505.0,220.0,294.5141309633156,220Hz_ongrid,1,220.0108427631213,294.51862917689675,220.00000094290917,294.5141302306257,109.9977652555741,98.17296316026251,1200.120494127379,1901.9534707524674,0,504.94111925490165,504.999988273066,-0.05888074509834951,-1.1726934019407054e-05,0.026441519177681175,-4.306950175018907e-06
encodec_ft_encodec_ft_53tet,3.0kbps,24000,20260826,505.0,220.0,294.5141309633156,220Hz_ongrid,2,220.01186837844057,294.4757345598634,220.00000095604204,294.5141302049334,73.33919373502201,98.15818147236044,1901.9100482378742,1901.9619977742304,0,504.6808881317214,504.999988018694,-0.31911186827858273,-1.1981305988228996e-05,-0.22571920164803427,-4.457976678951523e-06
encodec_ft_encodec_ft_53tet,3.0kbps,24000,20260826,505.0,220.0,294.5141309633156,220Hz_ongrid,3,220.01921370007526,294.51404366463015,220.00000095479166,294.51413023208926,110.00686219555122,73.63007164987621,1200.043193487475,2399.9633027113487,0,504.84829611029903,504.999988188163,-0.15170388970096838,-1.1811836998276704e-05,-0.0005131654587036195,-4.298347052778881e-06
encodec_ft_encodec_ft_53tet,3.0kbps,24000,20260826,505.0,220.0,294.5141309633156,220Hz_ongrid,4,219.98669664062032,294.5016062172182,220.00000094972881,294.51413020851027,109.98586468940765,73.62556193413353,1200.11779219006,2399.9962288189613,0,505.0310651439357,504.9999880894001,0.031065143935677497,-1.1910599880593509e-05,-0.07362542470209044,-4.436950732765599e-06
encodec_ft_encodec_ft_53tet,3.0kbps,24000,20260826,505.0,226.4,303.08181477315753,226.4Hz_+49.6c,0,226.41699188119688,303.0852939670655,226.40000349404085,303.0818145305506,75.47135377478563,75.78188310900855,1901.9774086916543,2399.758749163355,0,504.889944863147,504.9999718959964,-0.11005513685302049,-2.810400360431231e-05,0.019873394217787645,-1.3857953867037268e-06
encodec_ft_encodec_ft_53tet,3.0kbps,24000,20260826,505.0,226.4,303.08181477315753,226.4Hz_+49.6c,1,226.38622329487342,303.00441156934164,226.40000345296986,303.08181453700934,75.46158850112766,75.75626296507625,1901.9661490101541,2399.882074464466,0,504.6631594107619,504.99997224695073,-0.33684058923807925,-2.7753049266721064e-05,-0.44219141388540695,-1.3489024846581031e-06
encodec_ft_encodec_ft_53tet,3.0kbps,24000,20260826,505.0,226.4,303.08181477315753,226.4Hz_+49.6c,2,226.38487923963336,303.09188138798453,226.40000356746984,303.0818145486563,75.45671835531714,75.79028484173641,1902.0676047633015,2399.6044497338116,0,505.1731297629068,504.99997143792166,0.1731297629067967,-2.856207834156521e-05,0.05750056942193021,-1.2823735948392567e-06
encodec_ft_encodec_ft_53tet,3.0kbps,24000,20260826,505.0,226.4,303.08181477315753,226.4Hz_+49.6c,3,226.3595229977124,303.0816238104509,226.40000345947283,303.0818145526582,75.45079077193994,75.7715519033655,1902.0096912947563,2399.973817034043,0,505.30845615148405,504.9999722866117,0.3084561514840516,-2.7713388305983244e-05,-0.0010907986817797536,-1.2595143917709624e-06
encodec_ft_encodec_ft_53tet,3.0kbps,24000,20260826,505.0,226.4,303.08181477315753,226.4Hz_+49.6c,4,226.4895934390419,303.0857103228958,226.40000360359716,303.0818145490177,75.49842573406568,75.77776340250055,1901.9115560400112,2399.855244487632,0,504.33728462673173,504.99997116372776,-0.66271537326827,-2.8836272235821525e-05,0.022251631991548795,-1.2803094990042607e-06
encodec_ft_encodec_ft_53tet,3.0kbps,24000,20260826,510.0,220.0,295.365950611658,220Hz_ongrid,0,220.02418287329806,295.3663061566018,220.00000094569512,295.36595429712764,110.00532038189374,73.8425680540863,1200.106557753291,2399.976753842847,0,509.811793448277,510.0000141598062,-0.18820655172299894,1.415980619867696e-05,0.002083961069317463,2.16017132191182e-05
encodec_ft_encodec_ft_53tet,3.0kbps,24000,20260826,510.0,220.0,295.365950611658,220Hz_ongrid,1,219.9920294594458,295.3442493828699,220.00000093598172,295.365954169944,109.98228309191309,73.83707489190164,1200.2161365843092,2399.976258993842,0,509.9355207811022,510.0000134907793,-0.06447921889781583,1.3490779281255527e-05,-0.12720249693242947,2.0856249228313092e-05
encodec_ft_encodec_ft_53tet,3.0kbps,24000,20260826,510.0,220.0,295.365950611658,220Hz_ongrid,2,220.02707724840607,295.3842184904348,220.00000094446187,295.3659541824509,73.3436415201293,73.84574360770938,1901.9247294126558,2400.007291394511,0,509.89400614492837,510.0000134973536,-0.10599385507163106,1.3497353620550712e-05,0.10707055336380884,2.092955605513053e-05
encodec_ft_encodec_ft_53tet,3.0kbps,24000,20260826,510.0,220.0,295.365950611658,220Hz_ongrid,3,220.00770280099118,295.36261790469274,220.00000092476157,295.36595428521247,73.33315904623038,73.84196688653118,1902.019729566649,2399.96923010335,0,509.91985165896443,510.0000142546986,-0.08014834103556723,1.4254698612603534e-05,-0.01953416875820539,2.1531874549956184e-05
encodec_ft_encodec_ft_53tet,3.0kbps,24000,20260826,510.0,220.0,295.365950611658,220Hz_ongrid,4,220.00884053997805,295.33666349014806,220.00000095466328,295.3659541736028,73.33550195527572,73.83098929727616,1901.9733723490938,2400.0744846710186,0,509.75876334475595,510.0000133652149,-0.2412366552440517,1.3365214897476108e-05,-0.1716696719745084,2.0877694758989983e-05
encodec_ft_encodec_ft_53tet,3.0kbps,24000,20260826,510.0,226.4,303.9584146294517,226.4Hz_+49.6c,0,226.41444309435087,303.9770742853924,226.40000366580432,303.9584160678144,75.47113043838259,75.99985586298293,1901.9630431093935,2399.872719954661,0,509.9958353589748,509.9999801607308,-0.004164641025226956,-1.983926921411694e-05,0.10627519632478874,8.19237923735378e-06
encodec_ft_encodec_ft_53tet,3.0kbps,24000,20260826,510.0,226.4,303.9584146294517,226.4Hz_+49.6c,1,226.3764348465745,303.91109897114166,226.40000358306483,303.95841602207474,75.4545482150339,75.98171937860651,1902.0528178393781,2399.9101196291067,0,509.9106938763575,509.9999805329063,-0.08930612364247281,-1.9467093693492643e-05,-0.26951336447383906,7.931863012748362e-06
encodec_ft_encodec_ft_53tet,3.0kbps,24000,20260826,510.0,226.4,303.9584146294517,226.4Hz_+49.6c,2,226.4051085580922,303.93122672546707,226.4000035256567,303.9584160767368,75.46561710837406,75.98051908923765,1902.018141947524,2400.0521225416,0,509.8060772395457,509.99998128322926,-0.19392276045431345,-1.8716770739501953e-05,-0.15485911234601146,8.243197626346715e-06
encodec_ft_encodec_ft_53tet,3.0kbps,24000,20260826,510.0,226.4,303.9584146294517,226.4Hz_+49.6c,3,226.38363706311804,303.96717335662566,226.4000036262397,303.95841606982685,75.457265536064,75.99643476779725,1902.045551291532,2399.8942628728305,0,510.1750142540541,509.99998047473525,0.17501425405407645,-1.9525264747244364e-05,0.0498857327634036,8.203841225467212e-06
encodec_ft_encodec_ft_53tet,3.0kbps,24000,20260826,510.0,226.4,303.9584146294517,226.4Hz_+49.6c,4,226.42402323105102,303.9170435680518,226.40000340330312,303.95841604561053,75.47351271194815,75.98792321629219,1901.981648046344,2399.8026348801486,0,509.580658846548,509.9999820415581,-0.4193411534520237,-1.795844190155549e-05,-0.23565021185264576,8.065914110155883e-06
encodec_ft_encodec_ft_53tet,3.0kbps,24000,20260826,515.0,220.0,296.2202339676361,220Hz_ongrid,0,220.0144820584838,296.16097467219896,220.0000009625719,296.22023347197694,110.0003246828349,74.03803788345435,1200.108849114894,2400.051577170625,0,514.5396702983106,514.999989528447,-0.4603297016893748,-1.0471552968738251e-05,-0.3463705763463257,-2.8968378956882247e-06
encodec_ft_encodec_ft_53tet,3.0kbps,24000,20260826,515.0,220.0,296.2202339676361,220Hz_ongrid,1,220.0207039139249,296.2287526386535,220.00000094240048,296.2202333932709,73.34572562479596,74.05544522301017,1901.8253881426035,2400.040745089877,0,514.8868694154794,514.9999892271903,-0.11313058452060432,-1.0772809673653683e-05,0.049785934831728294,-3.3568285435778045e-06
encodec_ft_encodec_ft_53tet,3.0kbps,24000,20260826,515.0,220.0,296.2202339676361,220Hz_ongrid,2,220.0249279853867,296.2013403257062,220.00000092961446,296.22023345874027,110.00719675029566,98.73385714456454,1200.0828910412329,1901.9536500887154,0,514.6934208610685,514.9999897104367,-0.3065791389315109,-1.0289563306287164e-05,-0.11042581043743903,-2.9741985316250367e-06
encodec_ft_encodec_ft_53tet,3.0kbps,24000,20260826,515.0,220.0,296.2202339676361,220Hz_ongrid,3,220.01093164341052,296.2006031124654,220.00000094978654,296.22023341586265,109.9998375346495,98.73364196941054,1200.0885786119,1901.9531141888885,0,514.7992436785756,514.999989301103,-0.20075632142436461,-1.0698896971916838e-05,-0.11473467092671975,-3.224793105324676e-06
encodec_ft_encodec_ft_53tet,3.0kbps,24000,20260826,515.0,220.0,296.2202339676361,220Hz_ongrid,4,219.97848443628934,296.23732249340543,220.00000093741164,296.2202334544274,109.98565370982809,74.05931962721931,1200.0564841524972,2400.000257049037,0,515.2691890961771,514.9999896238724,0.26918909617711506,-1.0376127647759859e-05,0.09986955975448975,-2.9994047571823215e-06
encodec_ft_encodec_ft_53tet,3.0kbps,24000,20260826,515.0,226.4,304.83754986487645,226.4Hz_+49.6c,0,226.41070878895488,304.8745833689206,226.40000352707764,304.83754778765666,75.46607288292806,76.21580104035684,1902.0505085050843,2400.0646181747925,0,515.1284220177307,514.9999612322147,0.12842201773071338,-3.876778532685421e-05,0.21030797893506784,-1.1796951040574022e-05
encodec_ft_encodec_ft_53tet,3.0kbps,24000,20260826,515.0,226.4,304.83754986487645,226.4Hz_+49.6c,1,226.37661520455893,304.8673562268489,226.40000335979144,304.83754778097415,75.45669718841697,76.21607735867164,1902.0048916600667,2400.0173017431407,0,515.3480960154387,514.9999624734663,0.3480960154387276,-3.752653367428138e-05,0.1692680778884679,-1.183490241903492e-05
encodec_ft_encodec_ft_53tet,3.0kbps,24000,20260826,515.0,226.4,304.83754986487645,226.4Hz_+49.6c,2,226.3696875738938,304.8279947818352,226.40000337294086,304.8375477796684,75.45375407960927,76.20501269079317,1902.0194374891648,2400.045117689448,0,515.1775422836029,514.9999623654999,0.17754228360286106,-3.763450013138936e-05,-0.05426609802473994,-1.1842317902962251e-05
encodec_ft_encodec_ft_53tet,3.0kbps,24000,20260826,515.0,226.4,304.83754986487645,226.4Hz_+49.6c,3,226.3420454502553,304.9207374347281,226.40000360746274,304.83754777299765,75.44258595582872,76.23498397482717,1902.0642864841573,2399.891001217045,0,515.9155977753356,514.999960534275,0.915597775335641,-3.946572496715817e-05,0.4723745696596819,-1.1880202393878287e-05
encodec_ft_encodec_ft_53tet,3.0kbps,24000,20260826,515.0,226.4,304.83754986487645,226.4Hz_+49.6c,4,226.3715808535199,304.871072484879,226.4000035651477,304.83754779675075,75.45538941508589,76.21277864291449,1901.9963956540348,2400.113336269083,0,515.4077002513833,514.9999609927481,0.40770025138328947,-3.900725187122589e-05,0.19037126618651493,-1.1745303860483631e-05
encodec_ft_encodec_ft_53tet,3.0kbps,24000,20260826,520.0,220.0,297.07698815700184,220Hz_ongrid,0,219.99901904019816,297.048437712988,220.00000093015836,297.0769877267843,109.99277624984194,74.26189136815759,1200.105975231755,2400.0050835292545,0,519.8413320026525,519.9999901732369,-0.15866799734749293,-9.826763061937527e-06,-0.16638742823839486,-2.507118572836839e-06
encodec_ft_encodec_ft_53tet,3.0kbps,24000,20260826,520.0,220.0,297.07698815700184,220Hz_ongrid,1,220.00897745020453,297.0799275097062,220.0000009516054,297.0769877275021,109.99988548616632,74.27032828626047,1200.0724465957699,2399.991925225314,0,519.9464848504073,519.9999900086482,-0.05351514959272663,-9.991351817006944e-06,0.01712917025740834,-2.5029354103650446e-06
encodec_ft_encodec_ft_53tet,3.0kbps,24000,20260826,520.0,220.0,297.07698815700184,220Hz_ongrid,2,220.00150793704162,297.12822552691216,220.00000094912,297.07698772737155,109.9948916503347,74.28258947960732,1200.0922658703007,2399.9875755474022,0,520.2866968280143,519.9999900274453,0.2866968280143283,-9.972554721571214e-06,0.2985631143936753,-2.503696352297861e-06
encodec_ft_encodec_ft_53tet,3.0kbps,24000,20260826,520.0,220.0,297.07698815700184,220Hz_ongrid,3,220.00187279774647,297.14087834334526,220.00000091726287,297.0769877525052,73.33403452119776,74.28765344324805,1901.9531849286557,2399.9432793250044,0,520.3575464370628,519.9999904246048,0.35754643706275147,-9.575395210958959e-06,0.37228387990632494,-2.3572285807309797e-06
encodec_ft_encodec_ft_53tet,3.0kbps,24000,20260826,520.0,220.0,297.07698815700184,220Hz_ongrid,4,219.98885510089414,297.0200979233893,220.0000009388392,297.0769877467027,109.98580404042565,74.25655868186901,1200.135733234493,2399.9642309240753,0,519.7561411581172,519.9999902210008,-0.2438588418827976,-9.778999242371356e-06,-0.3315630125042521,-2.3910431180607306e-06
encodec_ft_encodec_ft_53tet,3.0kbps,24000,20260826,520.0,226.4,305.7192278124782,226.4Hz_+49.6c,0,226.4288065783587,305.7772829237628,226.4000035925742,305.7192288632485,75.47665913953131,76.43781688367787,1901.9460488540633,2400.147298854056,0,520.108460698036,519.9999784786537,0.10846069803596947,-2.15213462979591e-05,0.3287246416475422,5.950326792040638e-06
encodec_ft_encodec_ft_53tet,3.0kbps,24000,20260826,520.0,226.4,305.7192278124782,226.4Hz_+49.6c,1,226.38631043948536,305.73469121872324,226.40000345952305,305.719228870609,75.46188641740817,76.42879039109546,1901.9599806681745,2400.1105909255516,0,520.1922487342263,519.9999795377499,0.19224873422626843,-2.0462250063246756e-05,0.08756432685566241,5.9920081117827345e-06
encodec_ft_encodec_ft_53tet,3.0kbps,24000,20260826,520.0,226.4,305.7192278124782,226.4Hz_+49.6c,2,226.3550890545986,305.67512345612914,226.40000338920345,305.7192288653368,75.44894561436992,76.42235154401524,1902.0181174933225,2399.9191096968657,0,520.0936855867958,519.9999800456137,0.09368558679580019,-1.9954386289100512e-05,-0.24977320578023052,5.962152433144375e-06
encodec_ft_encodec_ft_53tet,3.0kbps,24000,20260826,520.0,226.4,305.7192278124782,226.4Hz_+49.6c,3,226.42878934049295,305.69557437873897,226.40000350247126,305.71922886305003,75.47112571584496,76.42525972768833,1902.0728437484256,2399.9690532015384,0,519.6459174500085,519.9999791665286,-0.3540825499915172,-2.0833471353398636e-05,-0.13395040401510938,5.949202773752843e-06
encodec_ft_encodec_ft_53tet,3.0kbps,24000,20260826,520.0,226.4,305.7192278124782,226.4Hz_+49.6c,4,226.37583328638976,305.7003361670138,226.40000342817802,305.7192288666867,75.45882201028066,76.41564060157701,1901.9501618894546,2400.2139325789344,0,520.0778243715869,519.9999797552274,0.07782437158687117,-2.0244772599653515e-05,-0.10698336071686437,5.969796833852616e-06
encodec_ft_encodec_ft_53tet,3.0kbps,24000,20260826,525.0,220.0,297.93622032611637,220Hz_ongrid,0,220.01206954389914,297.9044494134894,220.00000094076816,297.9362235137484,109.99909511130997,74.47721786193017,1200.1092172423305,2399.97430209779,0,524.7204016012163,525.0000111194092,-0.27959839878371895,1.1119409236926003e-05,-0.18462279785611288,1.852254510232751e-05
encodec_ft_encodec_ft_53tet,3.0kbps,24000,20260826,525.0,220.0,297.93622032611637,220Hz_ongrid,1,219.9950159953344,297.95156371649364,220.0000009526912,297.936223569744,109.99315888313325,74.49218898545108,1200.0684514054365,2399.9001082364084,0,525.1283751709908,525.0000113509604,0.12837517099080742,1.1350960448908154e-05,0.08915436955235372,1.884792186987942e-05
encodec_ft_encodec_ft_53tet,3.0kbps,24000,20260826,525.0,220.0,297.93622032611637,220Hz_ongrid,2,219.98895790873902,297.87390599353006,220.00000094600802,297.93622350027937,109.98764615271762,74.4703668822607,1200.1075467278836,2399.9560531442085,0,524.7247639878364,525.0000109999103,-0.2752360121636457,1.0999910273312707e-05,-0.3621311217989867,1.844427975564426e-05
encodec_ft_encodec_ft_53tet,3.0kbps,24000,20260826,525.0,220.0,297.93622032611637,220Hz_ongrid,3,219.9867217897741,297.90109698226075,220.00000093894968,297.9362235491384,109.99038505713013,74.47687443398576,1200.04683865735,2399.96280281012,0,524.9003875140359,525.0000113393617,-0.09961248596414407,1.1339361662976444e-05,-0.2041051377749949,1.8728187783156914e-05
encodec_ft_encodec_ft_53tet,3.0kbps,24000,20260826,525.0,220.0,297.93622032611637,220Hz_ongrid,4,219.98995524660646,297.98488265165,220.00000094883808,297.9362235205418,109.98916983482488,74.49683812988938,1200.0914124156855,2399.98565060865,0,525.3617881441613,525.0000110953796,0.36178814416132354,1.1095379591097299e-05,0.2827417073734268,1.8562019901614746e-05
encodec_ft_encodec_ft_53tet,3.0kbps,24000,20260826,525.0,226.4,306.6034558265125,226.4Hz_+49.6c,0,226.37094294923426,306.6045683348448,226.40000343039384,306.6034544974703,75.45336294032845,76.64410326428111,1902.0380127867377,2400.1589852815528,0,525.2284892851246,524.9999662640602,0.22848928512462408,-3.373593983724277e-05,0.006281758323111838,-7.504426645353061e-06
encodec_ft_encodec_ft_53tet,3.0kbps,24000,20260826,525.0,226.4,306.6034558265125,226.4Hz_+49.6c,1,226.36731733569036,306.61187340682335,226.40000355022713,306.6034544973171,75.45304195923592,76.64860939961676,1902.017649430255,2400.0984512538953,0,525.2974647755264,524.999965346855,0.2974647755263504,-3.465314500772365e-05,0.047529149879529976,-7.505291762718431e-06
encodec_ft_encodec_ft_53tet,3.0kbps,24000,20260826,525.0,226.4,306.6034558265125,226.4Hz_+49.6c,2,226.40020696275977,306.6925518423489,226.40000343968924,306.60345450044343,75.46144060006776,76.6694663636039,1902.0764755738064,2400.082904470564,0,525.5014242846835,524.9999662097679,0.5014242846834804,-3.37902321234651e-05,0.5030068854467488,-7.487638832413009e-06
encodec_ft_encodec_ft_53tet,3.0kbps,24000,20260826,525.0,226.4,306.6034558265125,226.4Hz_+49.6c,3,226.3463898537407,306.67861928329256,226.4000034539184,306.6034544910371,75.44614295941565,76.66581053481772,1902.0158922903688,2400.0868078211765,0,525.8343521279367,524.9999660478478,0.8343521279366541,-3.395215219370584e-05,0.4243578658365077,-7.540751580008259e-06
encodec_ft_encodec_ft_53tet,3.0kbps,24000,20260826,525.0,226.4,306.6034558265125,226.4Hz_+49.6c,4,226.39402415056944,306.5752182497018,226.4000035048587,306.6034544909975,75.46570009543561,102.19095751684526,1901.9314778295295,1901.9682471082642,0,524.8862460873121,524.9999656580943,-0.1137539126879119,-3.434190568896156e-05,-0.15945060237496544,-7.540975307316261e-06
encodec_ft_encodec_ft_53tet,3.0kbps,24000,20260826,530.0,220.0,298.79793764201065,220Hz_ongrid,0,219.9836952479724,298.79710226400874,220.00000094584502,298.7979347451425,109.99041837523251,74.69822753123722,1200.0224960325395,2400.024289475153,0,530.1234706706457,529.9999757724707,0.12347067064570183,-2.4227529252129898e-05,-0.004840183549688478,-1.6784442431495334e-05
encodec_ft_encodec_ft_53tet,3.0kbps,24000,20260826,530.0,220.0,298.79793764201065,220Hz_ongrid,1,219.95717394923932,298.79658740764194,220.00000095670342,298.79793475414164,109.96961532784566,74.70373836078724,1200.1412334378492,2399.8935900535625,0,530.3292182506248,529.9999757391639,0.32921825062476273,-2.42608360849772e-05,-0.00782327017863427,-1.6732301475090086e-05
encodec_ft_encodec_ft_53tet,3.0kbps,24000,20260826,530.0,220.0,298.79793764201065,220Hz_ongrid,2,219.99542679203188,298.8732191154971,220.00000093850255,298.7979347173381,73.33524112082806,74.7193323657641,1901.873974834648,2399.976190825202,0,530.4721136875855,529.9999756691514,0.4721136875855336,-2.4330848646059167e-05,0.4361256165008127,-1.6945541278365355e-05
encodec_ft_encodec_ft_53tet,3.0kbps,24000,20260826,530.0,220.0,298.79793764201065,220Hz_ongrid,3,220.02273137832447,298.83920579705784,220.0000009459937,298.7979347396983,73.34647544516201,74.71146950716827,1901.8236427024867,2399.961346886952,0,530.0602214538773,529.9999757397569,0.06022145387726141,-2.4260243094431644e-05,0.23909101386283624,-1.6815986252241856e-05
encodec_ft_encodec_ft_53tet,3.0kbps,24000,20260826,530.0,220.0,298.79793764201065,220Hz_ongrid,4,220.0220417937964,298.8167014539142,220.00000095466268,298.7979347378851,73.34067632712468,74.70495978927067,1901.955101679389,2399.9818213974813,0,529.9352704352026,529.9999756610329,-0.06472956479740333,-2.4338967136827705e-05,0.10871403725168319,-1.6826491825494662e-05
encodec_ft_encodec_ft_53tet,3.0kbps,24000,20260826,530.0,226.4,307.49024128250556,226.4Hz_+49.6c,0,226.43367730700243,307.5019084870437,226.40000348769738,307.49024115129623,75.47540713429086,76.87679853792207,1902.012007083576,2399.970241992954,0,529.8081832825701,529.9999725915627,-0.19181671742990147,-2.740843729043263e-05,0.06568754337372311,-7.387358434178938e-07
encodec_ft_encodec_ft_53tet,3.0kbps,24000,20260826,530.0,226.4,307.49024128250556,226.4Hz_+49.6c,1,226.4026425137052,307.54913999115126,226.400003555619,307.49024114319775,75.46786858057932,76.87232512363657,1901.9476353611622,2400.336877071445,0,530.3113735926396,529.9999720265839,0.3113735926395975,-2.7973416081295e-05,0.3315802313474217,-7.843320067855906e-07
encodec_ft_encodec_ft_53tet,3.0kbps,24000,20260826,530.0,226.4,307.49024128250556,226.4Hz_+49.6c,2,226.400102456063,307.50061448657084,226.40000349530084,307.4902411570103,75.46162316481136,76.86303548087129,1902.071488043557,2400.272922922805,0,530.0576188523393,529.9999725655922,0.05761885233926023,-2.743440779795492e-05,0.058402312519019034,-7.065644717119525e-07
encodec_ft_encodec_ft_53tet,3.0kbps,24000,20260826,530.0,226.4,307.49024128250556,226.4Hz_+49.6c,3,226.37824728997606,307.5736600967013,226.40000346313334,307.49024114692486,75.45733722550614,76.8860344486999,1902.0026885524583,2400.166179598358,0,530.6359480610032,529.999972754787,0.6359480610032051,-2.7245213004789548e-05,0.4696015878353805,-7.633475770517906e-07
encodec_ft_encodec_ft_53tet,3.0kbps,24000,20260826,530.0,226.4,307.49024128250556,226.4Hz_+49.6c,4,226.37280523521576,307.50849237895846,226.40000328724523,307.49024117289076,75.45577622514357,61.48337219484259,1901.9968845247406,2786.8296639981913,0,530.3107196628546,529.9999742459605,0.31071966285458075,-2.5754039484127134e-05,0.1027544217309402,-6.171540830095028e-07
encodec_ft_encodec_ft_53tet,3.0kbps,24000,20260826,535.0,220.0,299.66214729244456,220Hz_ongrid,0,220.00274311892667,299.79259523983023,220.00000092523277,299.66214804905434,109.99591761827111,74.94791608238309,1200.08583786401,2400.005375803579,0,535.7318850231504,534.9999970902674,0.7318850231504257,-2.909732643274765e-06,0.7534711653319552,4.371151444213818e-06
encodec_ft_encodec_ft_53tet,3.0kbps,24000,20260826,535.0,220.0,299.66214729244456,220Hz_ongrid,1,220.01602138137153,299.76665140571293,220.00000093515297,299.6621480290833,110.000121373156,74.94318169102439,1200.1241613663017,2399.9649135063382,0,535.4775733456484,534.9999968968245,0.4775733456483522,-3.1031754588184413e-06,0.6036449412630023,4.255773119565147e-06
encodec_ft_encodec_ft_53tet,3.0kbps,24000,20260826,535.0,220.0,299.66214729244456,220Hz_ongrid,2,220.01697116189786,299.65979683233974,220.00000093030707,299.66214805930275,110.00180216415411,74.91483096960589,1200.1051819789107,2400.0027324138177,0,534.8528755740089,534.9999971095443,-0.1471244259911373,-2.8904556756970123e-06,-0.013579334460633119,4.430359222899782e-06
encodec_ft_encodec_ft_53tet,3.0kbps,24000,20260826,535.0,220.0,299.66214729244456,220Hz_ongrid,3,220.00658915222542,299.80178593415826,220.00000094670855,299.6621480235317,73.3375176257482,74.95111378587306,1901.908072889638,2399.9845864643607,0,535.7546936399193,534.9999967738175,0.75469363991931,-3.226182457183313e-06,0.8065445211071564,4.223699772802197e-06
encodec_ft_encodec_ft_53tet,3.0kbps,24000,20260826,535.0,220.0,299.66214729244456,220Hz_ongrid,4,220.0384259013516,299.6635069508117,220.00000094272536,299.66214800948603,73.35274832504561,74.91379731874302,1901.7990739627237,2400.048054044415,0,534.7054986643612,534.9999967240162,-0.29450133563875625,-3.275983772255131e-06,0.007855117976970763,4.142554032504252e-06
encodec_ft_encodec_ft_53tet,3.0kbps,24000,20260826,535.0,226.4,308.3795915773157,226.4Hz_+49.6c,0,226.4514866025101,308.42196992778196,226.40000339918353,308.37959508941367,75.4820291505634,77.07825842299971,1901.996278161939,2400.6115888393533,0,534.8442318230593,534.9999937239612,-0.15576817694068268,-6.2760387891103164e-06,0.2378944800558876,1.971681567725881e-05
encodec_ft_encodec_ft_53tet,3.0kbps,24000,20260826,535.0,226.4,308.3795915773157,226.4Hz_+49.6c,1,226.42265135015134,308.44303423105424,226.40000350713717,308.3795950717202,75.47603092018389,77.10803367744259,1901.913396186217,2400.061178090211,0,535.1829270463971,534.9999927991315,0.18292704639713975,-7.200868481049838e-06,0.3561285792934208,1.961748498259048e-05
encodec_ft_encodec_ft_53tet,3.0kbps,24000,20260826,535.0,226.4,308.3795915773157,226.4Hz_+49.6c,2,226.3668905265228,308.40234728228415,226.40000347617834,308.3795951042657,75.45169941063362,77.09796776960343,1902.0451896456,2400.0588097628265,0,535.3809449735207,534.999993218577,0.38094497352074086,-6.781423053325852e-06,0.1277451520148728,1.9800194461348513e-05
encodec_ft_encodec_ft_53tet,3.0kbps,24000,20260826,535.0,226.4,308.3795915773157,226.4Hz_+49.6c,3,226.39117622267364,308.3908498255763,226.4000035612729,308.37959508843096,75.46692401503421,77.09126081954207,1901.8816222879461,2400.144877978751,0,535.1306772423184,534.9999924789804,0.1306772423183702,-7.521019597334089e-06,0.06320232428604386,1.9711298608059708e-05
encodec_ft_encodec_ft_53tet,3.0kbps,24000,20260826,535.0,226.4,308.3795915773157,226.4Hz_+49.6c,4,226.42142267340506,308.416124166888,226.40000346393788,308.3795950897569,75.47428944787309,77.09906315984671,1901.9439472050094,2400.1115485561654,0,535.0412737369568,534.9999932307251,0.04127373695678216,-6.769274932594271e-06,0.2050807469238805,1.9718742346073325e-05
encodec_ft_encodec_ft_53tet,3.0kbps,24000,20260826,540.0,220.0,300.528856485967,220Hz_ongrid,0,219.97402495044204,300.4330511113517,220.00000094757021,300.52885744559933,109.98112962783075,75.10936829603118,1200.0926005521758,2399.9745181610924,0,539.6524292880325,539.9999980714191,-0.347570711967478,-1.9285809003122267e-06,-0.5519868262063059,5.528081864601974e-06
encodec_ft_encodec_ft_53tet,3.0kbps,24000,20260826,540.0,220.0,300.528856485967,220Hz_ongrid,1,219.99714144870532,300.6309096374852,220.00000095177313,300.52885743728183,109.98652693439118,75.15772340090001,1200.1895639250465,2400.000092333848,0,540.6102849314701,539.9999979904312,0.6102849314701189,-2.0095687887078384e-06,0.5877901429078493,5.480167701988507e-06
encodec_ft_encodec_ft_53tet,3.0kbps,24000,20260826,540.0,220.0,300.528856485967,220Hz_ongrid,2,220.02933101600757,300.5283007923748,220.0000009426654,300.52885748418225,73.35374178935378,75.14850212841857,1901.7040680173902,2399.621523130677,0,539.7660012686431,539.9999983322781,-0.2339987313569054,-1.6677219036864699e-06,-0.003201145368686147,5.750343795484521e-06
encodec_ft_encodec_ft_53tet,3.0kbps,24000,20260826,540.0,220.0,300.528856485967,220Hz_ongrid,3,220.0383042126525,300.4581632399872,220.00000094640356,300.5288574431013,73.34995939977004,75.11981491348376,1901.8639405706983,2399.8784471435347,0,539.2913157917324,539.9999980662095,-0.7086842082676412,-1.933790485963982e-06,-0.4072851859584213,5.513691432107427e-06
encodec_ft_encodec_ft_53tet,3.0kbps,24000,20260826,540.0,220.0,300.528856485967,220Hz_ongrid,4,219.9892093643242,300.5683508284776,220.00000094573514,300.5288574898664,109.99152701732633,75.14226979581336,1200.0484408550162,2399.9958047776604,0,540.3124133951011,539.999998340866,0.312413395101089,-1.659133999964979e-06,0.22749714943348162,5.783087939726845e-06
encodec_ft_encodec_ft_53tet,3.0kbps,24000,20260826,540.0,226.4,309.2715141291951,226.4Hz_+49.6c,0,226.39023728766338,309.2939839010395,226.4000035807349,309.2715165329528,75.45918328230148,103.09804846579996,1902.05202600749,1901.954096910123,0,540.2004313364163,539.9999860745673,0.20043133641627264,-1.3925432654104952e-05,0.12577628151838277,1.3455707872024678e-05
encodec_ft_encodec_ft_53tet,3.0kbps,24000,20260826,540.0,226.4,309.2715141291951,226.4Hz_+49.6c,1,226.35579390927668,309.30857838900033,226.40000350834345,309.2715164943811,75.45040717309027,103.10109174872575,1901.9899721690972,1901.9846833920597,0,540.5455330124943,539.9999864122142,0.5455330124942748,-1.3587785815616371e-05,0.2074651590994131,1.323979180184985e-05
encodec_ft_encodec_ft_53tet,3.0kbps,24000,20260826,540.0,226.4,309.2715141291951,226.4Hz_+49.6c,2,226.34781116081186,309.34319297451646,226.4000035988538,309.2715164856636,75.44522980995089,103.11248026471428,1902.0477170936033,1901.987193146755,0,540.8003192323783,539.9999856713015,0.8003192323783423,-1.432869851214491e-05,0.40119595201472563,1.3190993109330322e-05
encodec_ft_encodec_ft_53tet,3.0kbps,24000,20260826,540.0,226.4,309.2715141291951,226.4Hz_+49.6c,3,226.43098274640195,309.29722436709335,226.4000034998139,309.27151650433035,75.48180743498462,77.31913930582365,1901.8446031712342,2400.115684382751,0,539.9070118321082,539.9999865331316,-0.09298816789180364,-1.3466868381328823e-05,0.14391428636645762,1.3295485677658935e-05
encodec_ft_encodec_ft_53tet,3.0kbps,24000,20260826,540.0,226.4,309.2715141291951,226.4Hz_+49.6c,4,226.3991070675819,309.2912731909283,226.40000340752718,309.27151649985285,75.46292563062615,103.09543315098149,1902.0339956996015,1901.9828412040279,0,540.1174314404893,539.999987213765,0.11743144048932663,-1.2786234947270714e-05,0.11060335721121314,1.3270421684474211e-05
encodec_ft_encodec_ft_53tet,3.0kbps,24000,20260826,545.0,220.0,301.39807245197613,220Hz_ongrid,0,220.01258563919356,301.42708448595107,220.00000094864754,301.3980748111429,109.99722669376875,75.36154726718516,1200.1426848604078,2399.890277092449,0,545.0676007880536,545.000006085941,0.06760078805359626,6.085940981392923e-06,0.16663744208681952,1.3551081438385896e-05
encodec_ft_encodec_ft_53tet,3.0kbps,24000,20260826,545.0,220.0,301.39807245197613,220Hz_ongrid,1,220.02066518660098,301.37357763165153,220.0000009519975,301.3980748231232,110.00575974405457,75.3670930978628,1200.0719644843502,2399.4555391601903,0,544.6966839550921,545.0000061283941,-0.30331604490788777,6.128394147708605e-06,-0.14070425173172055,1.3619896420904355e-05
encodec_ft_encodec_ft_53tet,3.0kbps,24000,20260826,545.0,220.0,301.39807245197613,220Hz_ongrid,2,220.02383035658147,301.56127989438795,220.0000009487109,301.3980748074919,110.01189665084013,75.39174087183977,1200.0002915625637,2399.9673713516786,0,545.7496949531887,545.000006064471,0.7496949531887367,6.064470994715521e-06,0.9372117280057158,1.3530110271011224e-05
encodec_ft_encodec_ft_53tet,3.0kbps,24000,20260826,545.0,220.0,301.39807245197613,220Hz_ongrid,3,220.00340443101038,301.4658719291286,220.0000009383489,301.3980747982243,73.33473474051854,75.37051471660051,1901.9487072259283,2399.9070454494213,0,545.3626070962662,545.0000060927788,0.36260709626617427,6.092778789934528e-06,0.3893971929955282,1.3476876626745465e-05
encodec_ft_encodec_ft_53tet,3.0kbps,24000,20260826,545.0,220.0,301.39807245197613,220Hz_ongrid,4,220.00338178847088,301.41885441144075,220.0000009379423,301.3980748029286,73.33440718345629,75.35743034038882,1901.9562617994554,2399.937585540363,0,545.0927557829006,545.0000061229998,0.09275578290055364,6.122999820945552e-06,0.1193677026718892,1.3503898426054002e-05
encodec_ft_encodec_ft_53tet,3.0kbps,24000,20260826,545.0,226.4,310.1660163778518,226.4Hz_+49.6c,0,226.4375447982433,310.1909888333968,226.40000348457593,310.1660140871298,75.47718921110985,103.3969926855597,1902.000700035996,1901.9550610122697,0,544.8523080490671,544.9999605681893,-0.1476919509328809,-3.943181070553692e-05,0.13938156573866592,-1.2785978355891426e-05
encodec_ft_encodec_ft_53tet,3.0kbps,24000,20260826,545.0,226.4,310.1660163778518,226.4Hz_+49.6c,1,226.356292274555,310.12663814406187,226.40000358269546,310.16601411426245,75.44628747539721,77.5296360134088,1902.0883141852155,2400.0451845990774,0,545.1144472647809,544.9999599693343,0.11444726478089251,-4.00306656729299e-05,-0.21980895219012558,-1.2634533611864915e-05
encodec_ft_encodec_ft_53tet,3.0kbps,24000,20260826,545.0,226.4,310.1660163778518,226.4Hz_+49.6c,2,226.39863207875229,310.1654804596471,226.40000347855957,310.16601411530775,75.46264354154913,103.38803351395951,1902.0368351036377,1901.9627030956176,0,545.0074689395565,544.9999607714742,0.007468939556474652,-3.9228525793078006e-05,-0.002991303353969375,-1.2628699211130947e-05
encodec_ft_encodec_ft_53tet,3.0kbps,24000,20260826,545.0,226.4,310.1660163778518,226.4Hz_+49.6c,3,226.35554703004433,310.14792238902373,226.40000339620147,310.1660141215376,75.44906473160793,103.38292518860827,1902.0188869938547,1901.9502384710918,0,545.238959037904,544.9999614360224,0.23895903790401007,-3.8563977568628616e-05,-0.10099701971467136,-1.259392633652138e-05
encodec_ft_encodec_ft_53tet,3.0kbps,24000,20260826,545.0,226.4,310.1660163778518,226.4Hz_+49.6c,4,226.40982194595026,310.1811976782837,226.40000358823383,310.16601408737813,75.46649283270821,77.543946389689,1902.0340934504823,2400.030207270515,0,545.009629668035,544.9999597769248,0.009629668035017858,-4.0223075188805524e-05,0.08473443138466602,-1.2784592169164458e-05
encodec_ft_encodec_ft_53tet,3.0kbps,24000,20260826,550.0,220.0,302.2698024407796,220Hz_ongrid,0,219.9968966825834,302.24359544153776,220.0000009466894,302.26980239368686,109.98705475372624,75.5695672020019,1200.1793296964981,2399.8014043287953,0,549.8743152524249,549.9999922805474,-0.12568474757506465,-7.719452582932718e-06,-0.15010568698290228,-2.697211437612682e-07
encodec_ft_encodec_ft_53tet,3.0kbps,24000,20260826,550.0,220.0,302.2698024407796,220Hz_ongrid,1,219.9802349301444,302.24990201333617,220.00000092241228,302.26980238447845,109.9849724124487,75.57807715476329,1200.080984535955,2399.6425828833244,0,550.0415607968735,549.9999924188494,0.04156079687345482,-7.5811506121681305e-06,-0.11398238085420909,-3.2246178111232646e-07
encodec_ft_encodec_ft_53tet,3.0kbps,24000,20260826,550.0,220.0,302.2698024407796,220Hz_ongrid,2,220.00922015030673,302.2725407829788,220.00000091544743,302.2698023866793,109.99952343029088,75.57716581754217,1200.08005461209,2399.7931246310163,0,549.9431295291471,549.9999924862627,-0.05687047085291397,-7.513737273256993e-06,0.015683636742703393,-3.0985636188604287e-07
encodec_ft_encodec_ft_53tet,3.0kbps,24000,20260826,550.0,220.0,302.2698024407796,220Hz_ongrid,3,220.01651880290888,302.24743716332756,220.00000095241765,302.2698024131803,110.00475511876583,75.57765047971665,1200.0551488603692,2399.638238287083,0,549.7419136976878,549.9999923471179,-0.25808630231222196,-7.652882118236448e-06,-0.12810066387780245,-1.5807352931767423e-07
encodec_ft_encodec_ft_53tet,3.0kbps,24000,20260826,550.0,220.0,302.2698024407796,220Hz_ongrid,4,220.00748524201575,302.21534434108435,220.00000093547743,302.26980236334657,73.33791260742132,75.56361858931326,1901.9058001484511,2399.775859060847,0,549.6291638538494,549.9999921950049,-0.3708361461506229,-7.80499510710797e-06,-0.3119339398059135,-4.4349344910064565e-07
encodec_ft_encodec_ft_53tet,3.0kbps,24000,20260826,550.0,226.4,311.0631057845114,226.4Hz_+49.6c,0,226.407406450292,311.0490749621228,226.40000346756577,311.0631023680546,75.47109448314293,103.68254700722436,1901.9100627199384,1901.962981896205,0,549.8652744708645,549.9999544698152,-0.13472552913549407,-4.553018482056359e-05,-0.07809085953116572,-1.9014425743395123e-05
encodec_ft_encodec_ft_53tet,3.0kbps,24000,20260826,550.0,226.4,311.0631057845114,226.4Hz_+49.6c,1,226.4190963121321,311.0538453036174,226.40000356905696,311.0631023875566,75.47362231907543,77.76248721700115,1901.9414623028727,2400.0216865483417,0,549.8024402617781,549.9999538022721,-0.19755973822191208,-4.619772789737908e-05,-0.051540340791416894,-1.8905886476581803e-05
encodec_ft_encodec_ft_53tet,3.0kbps,24000,20260826,550.0,226.4,311.0631057845114,226.4Hz_+49.6c,2,226.41285987367132,311.019770245044,226.40000342810922,311.0631023440618,75.47030030065972,77.7534143058931,1901.969979931366,2400.034027338234,0,549.6604635292473,549.9999546379983,-0.3395364707527051,-4.536200174243277e-05,-0.2412024650502216,-1.9147958656622508e-05
encodec_ft_encodec_ft_53tet,3.0kbps,24000,20260826,550.0,226.4,311.0631057845114,226.4Hz_+49.6c,3,226.30088172407844,311.0596834043968,226.40000345002858,311.0631023934468,75.42834587813012,103.68724572082112,1902.0762146565482,1901.9435705054102,0,550.7390554527739,549.9999547452397,0.7390554527738686,-4.525476026628894e-05,-0.019047497009320437,-1.8873104467371447e-05
encodec_ft_encodec_ft_53tet,3.0kbps,24000,20260826,550.0,226.4,311.0631057845114,226.4Hz_+49.6c,4,226.38474871737932,311.10354895080144,226.4000033815213,311.0631023772869,75.45824290132721,103.70074420527635,1902.0316286964285,1901.9623260429787,0,550.341700751491,549.9999551791623,0.34170075149097556,-4.482083772927581e-05,0.22507341433092293,-1.896304303798447e-05
encodec_ft_encodec_ft_53tet,3.0kbps,24000,20260826,555.0,220.0,303.1440537236551,220Hz_ongrid,0,220.0009334784152,303.1187903219715,220.0000009514711,303.14405331427787,109.99396182061271,75.7853086832033,1200.1023801978522,2399.8718156346376,0,554.8483707489364,554.9999901747165,-0.15162925106358216,-9.825283541431418e-06,-0.1442834956642525,-2.337924027838983e-06
encodec_ft_encodec_ft_53tet,3.0kbps,24000,20260826,555.0,220.0,303.1440537236551,220Hz_ongrid,1,220.00045805502654,303.099690148255,220.00000093419905,303.1440533201809,73.33021007855164,75.7806959756077,1902.0323399569277,2399.8680989396444,0,554.7430197036915,554.9999903443462,-0.25698029630848396,-9.655653798290587e-06,-0.2533757525233507,-2.304212320501179e-06
encodec_ft_encodec_ft_53tet,3.0kbps,24000,20260826,555.0,220.0,303.1440537236551,220Hz_ongrid,2,220.0319538757922,303.0844457486673,220.00000093082593,303.1440533109346,110.01511875351403,75.77479472392329,1200.0135046186806,2399.9158455466327,0,554.408114997812,554.9999903180851,-0.5918850021879507,-9.681914889370091e-06,-0.3404503625849429,-2.3570169623758497e-06
encodec_ft_encodec_ft_53tet,3.0kbps,24000,20260826,555.0,220.0,303.1440537236551,220Hz_ongrid,3,220.00465702524545,303.2307366918156,220.00000094922834,303.14405330016496,109.99633948294004,75.80621574832821,1200.0942588626067,2400.03353500849,0,555.4583225908627,554.9999901117674,0.4583225908627355,-9.888232625598903e-06,0.49496947877095737,-2.4185217903059744e-06
encodec_ft_encodec_ft_53tet,3.0kbps,24000,20260826,555.0,220.0,303.1440537236551,220Hz_ongrid,4,220.0206425866504,303.1100551134797,220.00000094139565,303.1440533025125,110.00497912840638,75.78077478327151,1200.0840717694387,2399.9254997826347,0,554.6433915103134,554.9999901868113,-0.35660848968655046,-9.813188739826728e-06,-0.1941745243794991,-2.405115258163241e-06
encodec_ft_encodec_ft_53tet,3.0kbps,24000,20260826,555.0,226.4,311.9627898319796,226.4Hz_+49.6c,0,226.39269903642585,311.93174628087166,226.4000034502281,311.96278984975896,75.46165255992491,103.97644751932421,1902.0142003423177,1901.9683416779556,0,554.883545445588,554.9999737154851,-0.11645455441203012,-2.628451488817518e-05,-0.1722844154436862,9.866643327410894e-08
encodec_ft_encodec_ft_53tet,3.0kbps,24000,20260826,555.0,226.4,311.9627898319796,226.4Hz_+49.6c,1,226.38897394207282,311.9282753034867,226.40000338967678,311.96278985135683,75.45874854493673,77.98273728586521,1902.0523390794249,2399.985159976406,0,554.8927674511267,554.9999741873758,-0.10723254887329858,-2.5812624244281324e-05,-0.19154859017681097,1.0753364597320071e-07
encodec_ft_encodec_ft_53tet,3.0kbps,24000,20260826,555.0,226.4,311.9627898319796,226.4Hz_+49.6c,2,226.41053117046985,311.99134970618394,226.40000339871935,311.96278984685466,75.46734349907896,103.9963294360748,1902.0200019549704,1901.9681042672157,0,555.0779576382539,554.9999740932444,0.07795763825390623,-2.590675558167277e-05,0.15848545128877414,8.25492257118987e-08
encodec_ft_encodec_ft_53tet,3.0kbps,24000,20260826,555.0,226.4,311.9627898319796,226.4Hz_+49.6c,3,226.35349943224037,311.9519783970507,226.40000352698289,311.9627898520382,75.44850075200856,62.39157891081868,1902.016167263851,2786.2808813902857,0,555.2956177828148,554.9999731412056,0.29561778281481566,-2.6858794399231556e-05,-0.05999897813975331,1.1131509875512499e-07
encodec_ft_encodec_ft_53tet,3.0kbps,24000,20260826,555.0,226.4,311.9627898319796,226.4Hz_+49.6c,4,226.4281716360806,311.9660625552174,226.40000356265634,311.9627898454497,75.47409532608934,77.99069017350708,1902.0000022605964,2400.018323546862,0,554.8027525641046,554.9999728318555,-0.19724743589540594,-2.716814447012439e-05,0.018161846116741834,7.475221373902755e-08
encodec_ft_encodec_ft_53tet,3.0kbps,24000,20260826,560.0,220.0,304.0208335929107,220Hz_ongrid,0,220.01500713527227,303.9955092176823,220.00000094291548,304.02083235778247,110.00423644397038,76.00546571260325,1200.0514168537804,2399.8499243330057,0,559.7376945806335,559.9999855465796,-0.2623054193664984,-1.4453420362769975e-05,-0.14421461268449356,-7.033386673551047e-06
encodec_ft_encodec_ft_53tet,3.0kbps,24000,20260826,560.0,220.0,304.0208335929107,220Hz_ongrid,1,220.00869840787294,304.0544006931659,220.00000094275438,304.02083237675316,109.99716545002691,76.01101410528015,1200.1130606704442,2400.0588995277653,0,560.1226873556625,559.9999856558752,0.12268735566249234,-1.4344124792842194e-05,0.19113591106046113,-6.92535886656652e-06
encodec_ft_encodec_ft_53tet,3.0kbps,24000,20260826,560.0,220.0,304.0208335929107,220Hz_ongrid,2,220.0015236263094,303.99325685102525,220.00000093697025,304.0208323829677,109.996820372268,76.0070978031266,1200.0620330150757,2399.799922245697,0,559.8309685144221,559.9999857367802,-0.16903148557787517,-1.4263219782151282e-05,-0.15704173734625412,-6.889970549769146e-06
encodec_ft_encodec_ft_53tet,3.0kbps,24000,20260826,560.0,220.0,304.0208335929107,220Hz_ongrid,3,220.00323755144254,303.93958110155023,220.00000094236952,304.02083235808226,109.99143674754983,75.99041673291298,1200.1602548210408,2399.874204103991,0,559.5117723118772,559.9999855525831,-0.48822768812283357,-1.444741690193041e-05,-0.4627507878880707,-7.0316795034917e-06
encodec_ft_encodec_ft_53tet,3.0kbps,24000,20260826,560.0,220.0,304.0208335929107,220Hz_ongrid,4,220.03392893322345,304.0164917193025,220.00000094773964,304.02083236085963,110.0082608812894,76.00552225296776,1200.136965597858,2399.968126287428,0,559.7083006790435,559.99998552614,-0.291699320956468,-1.4473860005637107e-05,-0.02472479604292363,-7.0158638664355495e-06
encodec_ft_encodec_ft_53tet,3.0kbps,24000,20260826,560.0,226.4,312.8650760247045,226.4Hz_+49.6c,0,226.30459557453256,312.8275255917643,226.40000347092325,312.86507863743145,75.42945768706356,78.20677391720955,1902.079107819835,2400.002379259044,0,560.5218944878363,559.9999879160509,0.5218944878363345,-1.2083949059160659e-05,-0.2077972089596626,1.4457484169044074e-05
encodec_ft_encodec_ft_53tet,3.0kbps,24000,20260826,560.0,226.4,312.8650760247045,226.4Hz_+49.6c,1,226.4234496895222,312.7723417004035,226.40000361014333,312.86507864046416,75.47315200601744,62.55126970054426,1901.9855367529653,2786.402240478628,0,559.3074743421661,559.9999868682452,-0.6925256578339258,-1.3131754826645192e-05,-0.513220010102783,1.4474265638986735e-05
encodec_ft_encodec_ft_53tet,3.0kbps,24000,20260826,560.0,226.4,312.8650760247045,226.4Hz_+49.6c,2,226.36205654819614,312.8289076265236,226.40000338722464,312.86507863485133,75.4543091386884,62.565953840183866,1901.9483404151779,2786.3089458116297,0,560.0900212169356,559.9999885417997,0.09002121693561094,-1.1458200333436253e-05,-0.20014883996595245,1.444320713792104e-05
encodec_ft_encodec_ft_53tet,3.0kbps,24000,20260826,560.0,226.4,312.8650760247045,226.4Hz_+49.6c,3,226.430639997614,312.8307437226071,226.4000034944183,312.86507863943007,75.47607027578955,78.20769416313718,1901.9735738146944,2399.9998177626903,0,559.5757304324127,559.9999877474481,-0.4242695675873165,-1.2252551869096351e-05,-0.18998768589336373,1.4468543294202272e-05
encodec_ft_encodec_ft_53tet,3.0kbps,24000,20260826,560.0,226.4,312.8650760247045,226.4Hz_+49.6c,4,226.40196769032897,312.8327679096026,226.40000355084737,312.8650786413811,75.46412845304903,62.56606349948238,1902.0282758870492,2786.327274636175,0,559.8061678582513,559.9999873267429,-0.1938321417486577,-1.267325706066913e-05,-0.17878568551103027,1.4479339482115169e-05
encodec_ft_encodec_ft_53tet,3.0kbps,24000,20260826,565.0,220.0,304.9001493619464,220Hz_ongrid,0,220.0151385632449,304.8240385286211,220.00000095827582,304.90015238887764,73.34247278924279,76.20793315934866,1901.8583774124584,2399.9563022160482,0,564.4486610193686,565.000009646117,-0.5513389806313853,9.646116950534633e-06,-0.4322140057977626,1.7187024946188256e-05
encodec_ft_encodec_ft_53tet,3.0kbps,24000,20260826,565.0,220.0,304.9001493619464,220Hz_ongrid,1,220.02410777742259,304.90047452387586,220.00000093897947,304.9001523998937,73.34218445030787,76.22787508672997,1901.9357582622577,2399.9373961776373,0,564.8121466504339,565.0000098605144,-0.18785334956612587,9.86051441032032e-06,0.0018462801830077572,1.7249574410794348e-05
encodec_ft_encodec_ft_53tet,3.0kbps,24000,20260826,565.0,220.0,304.9001493619464,220Hz_ongrid,2,219.99079186451624,304.8211359840734,220.00000093768895,304.90015242111735,73.31074238908388,76.20375789747158,1902.415941503592,2400.0346703021514,0,564.6237636448391,565.0000099911784,-0.3762363551609269,9.991178444579418e-06,-0.4486989519925723,1.737008308613997e-05
encodec_ft_encodec_ft_53tet,3.0kbps,24000,20260826,565.0,220.0,304.9001493619464,220Hz_ongrid,3,220.01200617122782,304.8587563292778,220.00000095832402,304.90015241480666,110.00315283950464,76.21822613722124,1200.0448567069143,2399.9196568553234,0,564.6704759786518,565.0000097929635,-0.32952402134822023,9.79296351033554e-06,-0.23504708825468298,1.7334250582723927e-05
encodec_ft_encodec_ft_53tet,3.0kbps,24000,20260826,565.0,220.0,304.9001493619464,220Hz_ongrid,4,219.983782359737,304.8901872283436,220.00000095564448,304.90015239482085,109.98149650505233,76.21232658923871,1200.1636162917116,2400.232146211142,0,565.0710590214973,565.0000097005693,0.07105902149726262,9.70056930782448e-06,-0.05656627814866004,1.72207704813294e-05
encodec_ft_encodec_ft_53tet,3.0kbps,24000,20260826,565.0,226.4,313.7699718888394,226.4Hz_+49.6c,0,226.34967001438915,313.7615892048027,226.40000354892953,313.76997335900523,75.44253876047772,78.44301549597888,1902.1236869231532,2399.9422155871457,0,565.338653495048,564.9999809737476,0.3386534950479927,-1.902625240290945e-05,-0.046252296864473345,8.111678645386738e-06
encodec_ft_encodec_ft_53tet,3.0kbps,24000,20260826,565.0,226.4,313.7699718888394,226.4Hz_+49.6c,1,226.3825039598989,313.7493762725401,226.40000346558554,313.76997336426956,75.45727331928909,104.58316706631207,1902.0367074648557,1901.9543115356103,0,565.0201531928175,564.9999816401081,0.02015319281747452,-1.835989189657994e-05,-0.11364058276820929,8.14072475404579e-06
encodec_ft_encodec_ft_53tet,3.0kbps,24000,20260826,565.0,226.4,313.7699718888394,226.4Hz_+49.6c,2,226.40221383773957,313.7745714362258,226.40000356441433,313.76997338179825,75.46231738574721,104.59232428942691,1902.0717065770887,1901.941751145973,0,565.0084492600533,564.9999809810995,0.008449260053339458,-1.9018900502487668e-05,0.025377937328751248,8.237439531302046e-06
encodec_ft_encodec_ft_53tet,3.0kbps,24000,20260826,565.0,226.4,313.7699718888394,226.4Hz_+49.6c,3,226.45038187005852,313.7650101491839,226.4000034035555,313.76997336987324,75.48600448740575,104.5891655627985,1901.896657622775,1901.9412811574823,0,564.5874063587177,564.9999821453573,-0.4125936412823421,-1.7854642692327616e-05,-0.027376745138290127,8.171642945144348e-06
encodec_ft_encodec_ft_53tet,3.0kbps,24000,20260826,565.0,226.4,313.7699718888394,226.4Hz_+49.6c,4,226.42394508620765,313.79328892221724,226.4000035980457,313.76997333134227,75.47062085182043,104.59795503303685,1902.047386177145,1901.9518220334128,0,564.9455541157745,564.9999804455352,-0.05444588422551533,-1.955446475676581e-05,0.12864756319019885,7.959047418072035e-06
encodec_ft_encodec_ft_53tet,3.0kbps,24000,20260826,570.0,220.0,305.78200836531414,220Hz_ongrid,0,220.02086845881905,305.7645797926099,220.00000092589806,305.7820066699308,73.34397554803999,76.44991290251097,1901.867991728616,2399.801435331063,0,569.7371112775064,569.999983115195,-0.2628887224935852,-1.6884804949768295e-05,-0.09867748127350687,-9.59868550464612e-06
encodec_ft_encodec_ft_53tet,3.0kbps,24000,20260826,570.0,220.0,305.78200836531414,220Hz_ongrid,1,219.99485660013084,305.8053498620604,220.00000094703165,305.7820066703676,73.33120174788228,76.43803466004617,1901.964848355222,2400.301267112473,0,570.1726217468813,569.9999829513627,0.17262174688130472,-1.704863734630635e-05,0.1321465965551402,-9.596212587508524e-06
encodec_ft_encodec_ft_53tet,3.0kbps,24000,20260826,570.0,220.0,305.78200836531414,220Hz_ongrid,2,220.00648236631926,305.7883383491035,220.00000092257838,305.7820066687429,109.99580921865721,76.45220665204945,1200.116968413995,2399.884008710976,0,569.9848272693326,569.9999831345929,-0.015172730667359247,-1.6865407133082044e-05,0.035837850953665804,-9.605411162696711e-06
encodec_ft_encodec_ft_53tet,3.0kbps,24000,20260826,570.0,220.0,305.78200836531414,220Hz_ongrid,3,219.99946281874517,305.78601129399874,220.00000094439358,305.78200667437306,109.9953078046698,76.44005402942501,1200.0696224343008,2400.146047790125,0,570.0268902930186,569.9999829947998,0.026890293018595912,-1.7005200220410188e-05,0.0226630765902753,-9.573535018614226e-06
encodec_ft_encodec_ft_53tet,3.0kbps,24000,20260826,570.0,220.0,305.78200836531414,220Hz_ongrid,4,220.0268022731219,305.780983343487,220.000000954266,305.7820066778084,73.34966932075993,76.44404376375365,1901.780288943979,2400.027223204265,0,569.7832958389372,569.9999829365611,-0.21670416106280754,-1.7063438917830354e-05,-0.005803335755438985,-9.554085350420339e-06
encodec_ft_encodec_ft_53tet,3.0kbps,24000,20260826,570.0,226.4,314.6774849723051,226.4Hz_+49.6c,0,226.3780207294718,314.69087430916954,226.40000354377207,314.6774860353561,75.4540078219125,104.89765001984627,1902.0773448375426,1901.9435814117012,0,570.241740497601,569.9999787500032,0.24174049760097205,-2.124999684838258e-05,0.07366139570189874,5.8484962706843715e-06
encodec_ft_encodec_ft_53tet,3.0kbps,24000,20260826,570.0,226.4,314.6774849723051,226.4Hz_+49.6c,1,226.38911802292506,314.70683212710554,226.40000340650823,314.6774859638154,75.46136108367187,104.9035096272538,1901.9935030052434,1901.9346647643272,0,570.2446634201134,569.9999794060419,0.24466342011339748,-2.0593958083736652e-05,0.16144918864450528,5.454906890166863e-06
encodec_ft_encodec_ft_53tet,3.0kbps,24000,20260826,570.0,226.4,314.6774849723051,226.4Hz_+49.6c,2,226.43493659555767,314.7386281848839,226.40000359267395,314.67748599296306,75.4775004151274,104.91504830704677,1901.973620712137,1901.9191556341732,0,570.0692213550042,569.9999781428304,0.06922135500417426,-2.1857169599570625e-05,0.3363536763867653,5.615266320049213e-06
encodec_ft_encodec_ft_53tet,3.0kbps,24000,20260826,570.0,226.4,314.6774849723051,226.4Hz_+49.6c,3,226.39670984620642,314.6799055595475,226.40000346916435,314.67748595683344,75.46334253081326,104.89381906788866,1902.0061001767833,1901.9464644051313,0,570.0384763948484,569.9999788885116,0.03847639484843057,-2.111148842232069e-05,0.013317085382029185,5.416494987491404e-06
encodec_ft_encodec_ft_53tet,3.0kbps,24000,20260826,570.0,226.4,314.6774849723051,226.4Hz_+49.6c,4,226.39851698785301,314.67229144424533,226.40000345450426,314.6774860522642,75.46476985893601,104.89314916014133,1901.98717457854,1901.915630914617,0,569.9827673024477,569.9999795256376,-0.01723269755234469,-2.0474362372624455e-05,-0.02857302234440667,5.941518394281881e-06
encodec_ft_encodec_ft_53tet,3.0kbps,24000,20260826,575.0,220.0,306.66641795877985,220Hz_ongrid,0,220.05726216646545,306.6628428369663,220.0000009447201,306.6664169855874,73.37143720903381,76.66490493688681,1901.506239631509,2400.018195720802,0,574.5292657060554,574.9999870717697,-0.470734293944588,-1.2928230262332363e-05,-0.02018287079665294,-5.493995566157473e-06
encodec_ft_encodec_ft_53tet,3.0kbps,24000,20260826,575.0,220.0,306.66641795877985,220Hz_ongrid,1,219.99104484829104,306.63664670414835,220.0000009466545,306.6664169724416,73.32959820351554,76.65198440988738,1901.9727093504239,2400.1620955535705,0,574.9023949183693,574.9999869823353,-0.0976050816307179,-1.3017664741710178e-05,-0.16807680480227719,-5.568207874632262e-06
encodec_ft_encodec_ft_53tet,3.0kbps,24000,20260826,575.0,220.0,306.66641795877985,220Hz_ongrid,2,220.0051112690081,306.6572121665012,220.00000092141943,306.6664169574753,73.33246473120062,102.2181013593579,1902.015728081883,1901.9714185636371,0,574.9078080926932,574.9999870964266,-0.09219190730675564,-1.2903573406219948e-05,-0.05197054298833624,-5.652697608258887e-06
encodec_ft_encodec_ft_53tet,3.0kbps,24000,20260826,575.0,220.0,306.66641795877985,220Hz_ongrid,3,220.00291582179065,306.7861488406425,220.00000092060844,306.6664169513224,73.33339900138937,76.69221202337572,1901.9763957578516,2400.097633114163,0,575.6528436178944,574.9999870680732,0.6528436178944048,-1.2931926789860881e-05,0.675788783862893,-5.687432810433226e-06
encodec_ft_encodec_ft_53tet,3.0kbps,24000,20260826,575.0,220.0,306.66641795877985,220Hz_ongrid,4,220.01348839635284,306.6392198127907,220.0000009449168,306.66641694992865,109.99876646704628,76.66142066677114,1200.1255543075363,2399.9635121837737,0,574.7403103487513,574.9999868689165,-0.2596896512486637,-1.3131083505868446e-05,-0.15354940029525704,-5.6953009385007025e-06
encodec_ft_encodec_ft_53tet,3.0kbps,24000,20260826,575.0,226.4,315.58762284485346,226.4Hz_+49.6c,0,226.41031428754292,315.58748785696616,226.40000347579192,315.58762343121805,75.46903658629954,105.1960988973478,1901.979504291297,1901.9505638040803,0,574.9203900599358,574.9999766379855,-0.07960994006418787,-2.3362014530903252e-05,-0.0007405096390676477,3.216648195241423e-06
encodec_ft_encodec_ft_53tet,3.0kbps,24000,20260826,575.0,226.4,315.58762284485346,226.4Hz_+49.6c,1,226.38592679611241,315.5985321070412,226.40000359070282,315.587623430766,75.45837247613412,105.20134922802215,1902.037664980027,1901.924745112156,0,575.1674626535757,574.9999757568054,0.16746265357573975,-2.424319461624691e-05,0.059844424670484765,3.2141683587208956e-06
encodec_ft_encodec_ft_53tet,3.0kbps,24000,20260826,575.0,226.4,315.58762284485346,226.4Hz_+49.6c,2,226.3849631252198,315.5576786776352,226.40000337737774,315.58762348602374,75.45797778819343,105.18643495500329,1902.0393508243787,1901.9460791883398,0,574.9507137575326,574.9999776911886,-0.04928624246736035,-2.2308811367111048e-05,-0.16427393746912447,3.5172984853598265e-06
encodec_ft_encodec_ft_53tet,3.0kbps,24000,20260826,575.0,226.4,315.58762284485346,226.4Hz_+49.6c,3,226.4037079379129,315.611023103589,226.40000342433137,315.58762339226155,75.46586075637279,105.203032434006,1902.0018424562593,1901.9655645757118,0,575.1000095512806,574.9999768177881,0.10000955128055011,-2.3182211862149416e-05,0.128363154637717,3.0029424880734005e-06
encodec_ft_encodec_ft_53tet,3.0kbps,24000,20260826,575.0,226.4,315.58762284485346,226.4Hz_+49.6c,4,226.4026240009098,315.59725403163503,226.4000034462005,315.5876234224147,75.46650301927102,105.20045175223068,1901.9788200798143,1901.932503412582,0,575.0327683768888,574.9999768159721,0.03276837688883916,-2.318402789569518e-05,0.05283345371956698,3.1683553875519263e-06
encodec_ft_encodec_ft_53tet,3.0kbps,24000,20260826,580.0,220.0,307.5533855193843,220Hz_ongrid,0,219.9984313402252,307.5895334908284,220.0000009467057,307.5533873683735,109.99531714967296,76.89478726706601,1200.061358355049,2400.058448573325,0,580.2158110729976,580.0000029581968,0.2158110729975533,2.9581967737613013e-06,0.20346685983611199,1.0408056460008526e-05
encodec_ft_encodec_ft_53tet,3.0kbps,24000,20260826,580.0,220.0,307.5533855193843,220Hz_ongrid,1,220.0127234390064,307.5860570227062,220.00000092868837,307.5533873639705,73.34358868920637,76.89102491979814,1901.813033020157,2400.1235903147217,0,580.0837788564015,580.0000030751951,0.08377885640152272,3.0751950816920726e-06,0.18389982864545368,1.0383271933708516e-05
encodec_ft_encodec_ft_53tet,3.0kbps,24000,20260826,580.0,220.0,307.5533855193843,220Hz_ongrid,2,220.01802707250232,307.5681306266932,220.00000094526035,307.55338736318765,110.00434901402429,102.52174931161375,1200.073408084031,1901.971226986294,0,579.941145337926,580.0000029403793,-0.05885466207405443,2.9403793178062188e-06,0.08299898854187875,1.0378865428373351e-05
encodec_ft_encodec_ft_53tet,3.0kbps,24000,20260826,580.0,220.0,307.5533855193843,220Hz_ongrid,3,219.98531128858482,307.5560032228934,220.0000009424599,307.5533873379009,109.98030829547258,76.88511345363649,1200.194352527076,2400.087529898349,0,580.1303280646296,580.0000028200764,0.13032806462956614,2.8200763608765556e-06,0.01473512688417844,1.023652488849857e-05
encodec_ft_encodec_ft_53tet,3.0kbps,24000,20260826,580.0,220.0,307.5533855193843,220Hz_ongrid,4,220.01605108167237,307.56940840521264,220.00000094908071,307.5533873455726,110.00577241215925,76.88313285843255,1200.0354586223125,2400.2075840266416,0,579.9638860131691,580.0000028111602,-0.03611398683085554,2.8111602432545624e-06,0.09019131071276466,1.0279709255844135e-05
encodec_ft_encodec_ft_53tet,3.0kbps,24000,20260826,580.0,226.4,316.50039309813,226.4Hz_+49.6c,0,226.37936194560785,316.53235723537665,226.40000349124026,316.5003933729361,75.4568611106823,79.13614492620607,1902.022136532043,2399.9331520261144,0,580.3326548031406,579.9999748063763,0.33265480314059914,-2.5193623741870397e-05,0.1748326694575685,1.5031691888704097e-06
encodec_ft_encodec_ft_53tet,3.0kbps,24000,20260826,580.0,226.4,316.50039309813,226.4Hz_+49.6c,1,226.4086271979166,316.47128141846747,226.400003443862,316.5003933207423,75.47076089300161,79.11746349259313,1901.9270494471211,2400.00780877275,0,579.7747847691822,579.9999748831718,-0.22521523081775285,-2.5116828169302607e-05,-0.15924608674269555,1.217673155947642e-06
encodec_ft_encodec_ft_53tet,3.0kbps,24000,20260826,580.0,226.4,316.50039309813,226.4Hz_+49.6c,2,226.35398427714185,316.53971706876786,226.40000353788082,316.5003933552007,75.44977110580292,101.81437248917443,1901.9907263596572,1963.7343574143194,0,580.5669943820675,579.9999743527139,0.5669943820674916,-2.5647286065577646e-05,0.21508588762982156,1.4061576458068736e-06
encodec_ft_encodec_ft_53tet,3.0kbps,24000,20260826,580.0,226.4,316.50039309813,226.4Hz_+49.6c,3,226.36216285889054,316.5390266002384,226.40000346318206,316.50039326620345,75.4457601961578,79.13877958997143,1902.145312713264,2399.911992229154,0,580.500666525147,579.9999744371116,0.5006665251470395,-2.556288836785825e-05,0.21130954024835283,9.193493218927764e-07
encodec_ft_encodec_ft_53tet,3.0kbps,24000,20260826,580.0,226.4,316.50039309813,226.4Hz_+49.6c,4,226.3506390524337,316.4708437669122,226.40000346492602,316.50039332226896,75.44378154474545,79.11766529659151,1902.1025797616733,2400.000998795799,0,580.2158538956216,579.9999747304504,0.21585389562164892,-2.5269549610129616e-05,-0.16164023067456795,1.2260237200148329e-06
encodec_ft_encodec_ft_53tet,3.0kbps,24000,20260826,585.0,220.0,308.44291844550474,220Hz_ongrid,0,219.9998553865082,308.4842436931778,220.0000009424837,308.4429188756872,109.99467848477343,77.12004817202575,1200.082616647853,2400.022734658612,0,585.2330735677355,584.9999949979001,0.23307356773545962,-5.0020998969557695e-06,0.2319355682661948,2.4145358274027133e-06
encodec_ft_encodec_ft_53tet,3.0kbps,24000,20260826,585.0,220.0,308.44291844550474,220Hz_ongrid,1,219.9966828502087,308.44612442425966,220.0000009270917,308.44291887778945,73.32276448578793,77.10923442921202,1902.178421756778,2400.051563551172,0,585.0440981460754,584.9999951308231,0.04409814607538465,-4.869176905231143e-06,0.017994482623294263,2.426335328570368e-06
encodec_ft_encodec_ft_53tet,3.0kbps,24000,20260826,585.0,220.0,308.44291844550474,220Hz_ongrid,2,220.01429838537655,308.48697795364455,220.00000094513263,308.442918911047,73.34056301352666,77.11743858474259,1901.8968467402708,2400.096661910371,0,585.1347665003951,584.9999951755233,0.1347665003951306,-4.824476718567894e-06,0.2472803514684604,2.613004244295448e-06
encodec_ft_encodec_ft_53tet,3.0kbps,24000,20260826,585.0,220.0,308.44291844550474,220Hz_ongrid,3,220.01798648347878,308.4082668545036,220.00000093355067,308.44291890571657,110.00218316766635,102.80355210155064,1200.107174847279,1901.9415878610196,0,584.6639617192092,584.9999952367458,-0.33603828079083087,-4.763254196404887e-06,-0.19450400903238751,2.5830851377541372e-06
encodec_ft_encodec_ft_53tet,3.0kbps,24000,20260826,585.0,220.0,308.44291844550474,220Hz_ongrid,4,220.0198556327736,308.4716966223862,220.00000094437274,308.44291890733643,110.00519840492937,77.1152279536937,1200.0744286839642,2400.0605285760425,0,585.0052773403673,584.9999951606762,0.005277340367342731,-4.839323764826986e-06,0.16151914221698346,2.5921772309807355e-06
encodec_ft_encodec_ft_53tet,3.0kbps,24000,20260826,585.0,226.4,317.41580334573763,226.4Hz_+49.6c,0,226.43990838276756,317.3834102762621,226.40000344013472,317.4158035682749,75.47968458978364,105.79783353220682,1901.9615347782835,1901.8999619820484,0,584.5181699901246,584.9999749077524,-0.4818300098753525,-2.5092247597058304e-05,-0.176685741491379,1.213752161909726e-06
encodec_ft_encodec_ft_53tet,3.0kbps,24000,20260826,585.0,226.4,317.41580334573763,226.4Hz_+49.6c,1,226.35500562042662,317.39995723975164,226.40000342241223,317.4158035261157,75.44950944878212,79.3504764098733,1902.004541797111,2399.989372633664,0,585.2576676946,584.9999748133303,0.2576676945999452,-2.518666974538064e-05,-0.0864292285638416,9.838096950635905e-07
encodec_ft_encodec_ft_53tet,3.0kbps,24000,20260826,585.0,226.4,317.41580334573763,226.4Hz_+49.6c,2,226.35861018545629,317.4173330421512,226.40000344649422,317.41580358300547,75.4521964372617,105.8100922291464,1901.9704569636688,1901.8844060356948,0,585.3248714759314,584.9999749394656,0.3248714759314453,-2.5060534426302183e-05,0.008343176699812282,1.2940948673895733e-06
encodec_ft_encodec_ft_53tet,3.0kbps,24000,20260826,585.0,226.4,317.41580334573763,226.4Hz_+49.6c,3,226.38567628329406,317.415402043197,226.4000035505658,317.4158035481682,75.45677171223917,79.35704292098306,1902.0724757989067,2399.930353750898,0,585.1073452023894,584.9999739536439,0.10734520238941059,-2.6046356083497813e-05,-0.00218876645136895,1.104086956010959e-06
encodec_ft_encodec_ft_53tet,3.0kbps,24000,20260826,585.0,226.4,317.41580334573763,226.4Hz_+49.6c,4,226.34763285969981,317.38918826729144,226.40000357143333,317.4158035528209,75.4439879282374,105.79760522463818,1902.0748509153912,1901.9352148921973,0,585.2553182566087,584.9999738194505,0.2553182566086889,-2.6180549525633978e-05,-0.14516877044253296,1.12946347566133e-06
encodec_ft_encodec_ft_53tet,3.0kbps,24000,20260826,590.0,220.0,309.33502415691686,220Hz_ongrid,0,220.00678479206996,309.352364908316,220.0000009396603,309.3350233852647,73.34590234645009,103.11628586650393,1901.7116907072232,1901.9746289902453,0,590.0436566978925,589.9999882869295,0.043656697892515695,-1.171307053482451e-05,0.09704707028806975,-4.318652420203555e-06
encodec_ft_encodec_ft_53tet,3.0kbps,24000,20260826,590.0,220.0,309.33502415691686,220Hz_ongrid,1,220.0053234820172,309.38270032938436,220.00000093361075,309.3350233990309,109.99689839359662,103.12664864046316,1200.0907065747986,1901.9704139642054,0,590.2249141134325,589.9999884115794,0.22491411343253276,-1.1588420647967723e-05,0.2668053944527268,-4.241608346814549e-06
encodec_ft_encodec_ft_53tet,3.0kbps,24000,20260826,590.0,220.0,309.33502415691686,220Hz_ongrid,2,220.03706904504597,309.37373450693366,220.00000093561573,309.33502339649283,110.00150335879013,103.12305286691016,1200.2680204120713,1901.9806075098036,0,589.9249531485934,589.999988381597,-0.07504685140656875,-1.161840305030637e-05,0.2166339983049434,-4.255812916584095e-06
encodec_ft_encodec_ft_53tet,3.0kbps,24000,20260826,590.0,220.0,309.33502415691686,220Hz_ongrid,3,220.01512188533988,309.2914489354174,220.00000093918825,309.335023387976,110.00288438703767,103.09661597558484,1200.0735984360383,1901.9639624060098,0,589.6371146356612,589.9999883058183,-0.36288536433880836,-1.1694181694110739e-05,-0.24389162301171086,-4.3034785576395594e-06
encodec_ft_encodec_ft_53tet,3.0kbps,24000,20260826,590.0,220.0,309.33502415691686,220Hz_ongrid,4,219.9840648569739,309.3364940100846,220.0000009417031,309.3350233740001,73.32509171551683,103.11163716773264,1902.0241756485314,1901.963857553383,0,590.1336283035879,589.9999882078106,0.1336283035878978,-1.1792189411607978e-05,0.008226206561672183,-4.381696238368228e-06
encodec_ft_encodec_ft_53tet,3.0kbps,24000,20260826,590.0,226.4,318.33386122329995,226.4Hz_+49.6c,0,226.3666222470356,318.35851323261545,226.40000351070063,318.33386180185596,75.4543356826235,75.28644692225602,1901.9826498438679,2496.228317615035,0,590.38931445307,589.9999763008298,0.3893144530700283,-2.3699170242252876e-05,0.13406285244953706,3.146432033559222e-06
encodec_ft_encodec_ft_53tet,3.0kbps,24000,20260826,590.0,226.4,318.33386122329995,226.4Hz_+49.6c,1,226.42478134973987,318.3088159301268,226.40000332931584,318.333861783224,75.47409378595316,79.5799133247684,1901.9741158003058,2399.9410581743305,0,589.6743002605659,589.9999775865134,-0.3256997394340715,-2.2413486590266984e-05,-0.1362122455455977,3.0451035530388254e-06
encodec_ft_encodec_ft_53tet,3.0kbps,24000,20260826,590.0,226.4,318.33386122329995,226.4Hz_+49.6c,2,226.4098957935214,318.34462504966655,226.40000353607687,318.33386176958317,75.4666774770009,79.59039434061346,1902.030422308112,2399.9078117316794,0,589.9828678104863,589.9999759312697,-0.01713218951374529,-2.4068730340331967e-05,0.0585372463738166,2.970919114740615e-06
encodec_ft_encodec_ft_53tet,3.0kbps,24000,20260826,590.0,226.4,318.33386122329995,226.4Hz_+49.6c,3,226.32361150796424,318.403225526976,226.40000339580425,318.3338618024899,75.43497274840695,75.83634889725221,1902.0979985371673,2483.872245268594,0,590.9614168905669,589.9999771828662,0.9614168905668521,-2.281713375396066e-05,0.37719130010690816,3.1498794330192983e-06
encodec_ft_encodec_ft_53tet,3.0kbps,24000,20260826,590.0,226.4,318.33386122329995,226.4Hz_+49.6c,4,226.3577972881334,318.3452372936465,226.4000035344258,318.3338617974309,75.4511128398066,92.0151849243527,1901.989102841697,2148.777974332797,0,590.3846122770294,589.999976095343,0.3846122770294187,-2.390465704138478e-05,0.06186677205663809,3.1223667404725927e-06
encodec_ft_encodec_ft_53tet,3.0kbps,24000,20260826,595.0,220.0,310.22971009485633,220Hz_ongrid,0,220.0168254495942,310.19924433390304,220.0000009496412,310.2297103994303,110.00492535626562,77.54908534552126,1200.0548825920876,2400.0162015628284,0,594.6975792184555,594.9999942267126,-0.3024207815444697,-5.773287398369575e-06,-0.1700222478624604,1.6996721115038738e-06
encodec_ft_encodec_ft_53tet,3.0kbps,24000,20260826,595.0,220.0,310.22971009485633,220Hz_ongrid,1,220.00487567240611,310.24086264448096,220.00000093718592,310.22971040794823,73.33253404924767,77.560081389959,1902.0122376955844,2400.0029970907813,0,595.0238681432793,594.9999943722605,0.023868143279287324,-5.627739483315963e-06,0.062235582135313716,1.7472064759760615e-06
encodec_ft_encodec_ft_53tet,3.0kbps,24000,20260826,595.0,220.0,310.22971009485633,220Hz_ongrid,2,220.00592801283497,310.25308093250635,220.00000092757602,310.2297103723312,109.98857593933424,103.41763130980033,1200.2264551780167,1901.9560443562043,0,595.0837674717372,594.9999942491227,0.08376747173724652,-5.750877335231053e-06,0.13041583263597023,1.5484462908983651e-06
encodec_ft_encodec_ft_53tet,3.0kbps,24000,20260826,595.0,220.0,310.22971009485633,220Hz_ongrid,3,220.0210200806743,310.2617434650822,220.00000095003162,310.2297103942641,110.00839481559532,103.41986162890672,1200.0332875858733,1901.9670455903217,0,595.0133484226177,594.9999941948104,0.013348422617696087,-5.805189630336827e-06,0.17875269988793788,1.670842426231145e-06
encodec_ft_encodec_ft_53tet,3.0kbps,24000,20260826,595.0,220.0,310.22971009485633,220Hz_ongrid,4,219.99343250726756,310.25668574381456,220.00000093968814,310.2297103693966,109.99052431142388,103.41807080679799,1200.0974574812512,1901.9688020789768,0,595.2022128020519,594.9999941374331,0.2022128020519176,-5.862566922587575e-06,0.15053081683896494,1.5320696058030724e-06
encodec_ft_encodec_ft_53tet,3.0kbps,24000,20260826,595.0,226.4,319.2545743885249,226.4Hz_+49.6c,0,226.33983310052864,319.26474774408,226.40000340806867,319.2545757204833,75.44345158647288,79.8166391095288,1902.0275005673816,2399.990192265665,0,595.5153115687173,594.999981162065,0.5153115687172658,-1.8837935044757614e-05,0.05516656715402631,7.222861954016459e-06
encodec_ft_encodec_ft_53tet,3.0kbps,24000,20260826,595.0,226.4,319.2545743885249,226.4Hz_+49.6c,1,226.41089431769242,319.3004284995179,226.4000033863506,319.2545758411399,75.47554908125656,106.43404899558105,1901.8345514789944,1901.9456833220158,0,595.1653324010551,594.9999819824282,0.1653324010551387,-1.8017571846939973e-05,0.24863699452126337,7.877151307328331e-06
encodec_ft_encodec_ft_53tet,3.0kbps,24000,20260826,595.0,226.4,319.2545743885249,226.4Hz_+49.6c,2,226.3809934179445,319.3158633503072,226.40000356164586,319.2545757250966,75.45456944770018,92.0486318995425,1902.08719240737,2153.419250684074,0,595.4776676197642,594.9999800127088,0.4776676197642473,-1.9987291238976468e-05,0.3323221105288326,7.247878664713739e-06
encodec_ft_encodec_ft_53tet,3.0kbps,24000,20260826,595.0,226.4,319.2545743885249,226.4Hz_+49.6c,3,226.33357316738213,319.2111722881758,226.40000350134855,319.2545757286971,75.43799006854144,79.80386674234809,1902.1049511539761,2399.9767080572933,0,595.2726525672962,594.9999804933143,0.27265256729617704,-1.9506685703163384e-05,-0.23537423716815625,7.26740329289852e-06
encodec_ft_encodec_ft_53tet,3.0kbps,24000,20260826,595.0,226.4,319.2545743885249,226.4Hz_+49.6c,4,226.41641379629692,319.2909719737056,226.40000357407575,319.2545757638743,75.47270597137171,106.43072951948348,1901.9419708220319,1901.9484044091575,0,595.0718549722667,594.9999801279412,0.07185497226669213,-1.9872058828696026e-05,0.19736333358168212,7.458160036576998e-06
encodec_ft_encodec_ft_53tet,3.0kbps,24000,20260826,600.0,220.0,311.1269837220809,220Hz_ongrid,0,220.01845139581587,311.08772845517814,220.0000009356668,311.1269878479933,110.00254847760391,77.77108012861964,1200.1050837500884,2400.0189656317284,0,599.636361852065,600.0000155952223,-0.3636381479350348,1.5595222293995903e-05,-0.2184456697260116,2.295821414939195e-05
encodec_ft_encodec_ft_53tet,3.0kbps,24000,20260826,600.0,220.0,311.1269837220809,220Hz_ongrid,1,220.02992688009394,311.1511142031956,220.00000095235848,311.12698784088633,110.00960188468184,77.78782749495693,1200.0843733716024,2399.998910705926,0,599.8987804141483,600.0000154243254,-0.10121958585170887,1.5424325397361827e-05,0.13426636960659402,2.2918668234137512e-05
encodec_ft_encodec_ft_53tet,3.0kbps,24000,20260826,600.0,220.0,311.1269837220809,220Hz_ongrid,2,219.99111276333778,311.2047426030152,220.0000009526417,311.12698786409226,109.9855217306946,103.73556391914776,1200.157943852247,1901.9441577403206,0,600.502564483407,600.0000155512237,0.5025644834070135,1.5551223668808234e-05,0.43262722209628424,2.3047795023228486e-05
encodec_ft_encodec_ft_53tet,3.0kbps,24000,20260826,600.0,220.0,311.1269837220809,220Hz_ongrid,3,219.99179450258427,311.1563743606775,220.0000009364562,311.12698786366104,109.98919621314597,103.71819827913141,1200.1054713773883,1901.9649019323829,0,600.2281057359874,600.0000156761921,0.22810573598735573,1.5676192106184317e-05,0.16353345670941732,2.3045395913083185e-05
encodec_ft_encodec_ft_53tet,3.0kbps,24000,20260826,600.0,220.0,311.1269837220809,220Hz_ongrid,4,220.01902532370593,311.13472860071965,220.00000093857494,311.1269878368703,110.0067475759509,77.7836695935499,1200.0435150643623,2400.0002794733623,0,599.8933865698087,600.0000155104448,-0.1066134301912598,1.551044476855168e-05,0.04309504293899224,2.2896321259279652e-05
encodec_ft_encodec_ft_53tet,3.0kbps,24000,20260826,600.0,226.4,320.17795052126877,226.4Hz_+49.6c,0,226.35973626143505,320.2054618598146,226.4000036165012,320.17795330262777,75.44927880887911,80.05277528323224,1902.0460150229924,2399.9695107772286,0,600.4566660310778,599.9999873844474,0.4566660310778161,-1.2615552577699418e-05,0.1487501554050047,1.5039084825730771e-05
encodec_ft_encodec_ft_53tet,3.0kbps,24000,20260826,600.0,226.4,320.17795052126877,226.4Hz_+49.6c,1,226.39140302146717,320.1561867223974,226.40000350591203,320.1779532168912,75.4596979996054,80.03947474652418,1902.049131553096,2399.990741015126,0,599.9480575411512,599.9999877665138,-0.05194245884877091,-1.2233486245349923e-05,-0.1176830266143354,1.4575498784866235e-05
encodec_ft_encodec_ft_53tet,3.0kbps,24000,20260826,600.0,226.4,320.17795052126877,226.4Hz_+49.6c,2,226.3498077016786,320.1982851644879,226.40000342658428,320.17795320880583,75.44653927513015,80.05618051392435,1902.0329397780017,2399.857068076183,0,600.4938006404695,599.9999883293984,0.4938006404695443,-1.1670601566038385e-05,0.10994794861729244,1.453178047050265e-05
encodec_ft_encodec_ft_53tet,3.0kbps,24000,20260826,600.0,226.4,320.17795052126877,226.4Hz_+49.6c,3,226.43644440563276,320.1798195461911,226.4000034773655,320.1779532555396,75.4758429803545,64.03215649711203,1902.0231659513115,2786.4166516059795,0,599.7314455579635,599.999988193779,-0.26855444203647494,-1.1806220982180093e-05,0.0101059743016931,1.4784474311070596e-05
encodec_ft_encodec_ft_53tet,3.0kbps,24000,20260826,600.0,226.4,320.17795052126877,226.4Hz_+49.6c,4,226.41929034358878,320.13465166676747,226.40000349730838,320.1779532242943,75.47225198580188,80.03496851847315,1901.9743792505212,2399.9717583359334,0,599.618359961624,599.9999878723335,-0.38164003837596283,-1.2127666536798642e-05,-0.23413704823649692,1.4615527905161012e-05
encodec_ft_encodec_ft_53tet,3.0kbps,24000,20260826,605.0,220.0,312.02685252293304,220Hz_ongrid,0,220.01552255386846,311.99375113780036,220.00000094517208,312.0268557557055,110.00122859196487,62.39883730936414,1200.1028104048007,2786.311297808768,0,604.6941857212397,605.0000104987605,-0.30581427876029466,1.0498760502741789e-05,-0.1836677979238716,1.793655178029749e-05
encodec_ft_encodec_ft_53tet,3.0kbps,24000,20260826,605.0,220.0,312.02685252293304,220Hz_ongrid,1,219.9850172976595,312.0035234052975,220.0000009312018,312.02685575640226,73.32254199813667,104.00032293370529,1902.091872034673,1901.969175820204,0,604.9884636420284,605.0000106125614,-0.01153635797163588,1.061256136836164e-05,-0.12944293855571773,1.794041741908812e-05
encodec_ft_encodec_ft_53tet,3.0kbps,24000,20260826,605.0,220.0,312.02685252293304,220Hz_ongrid,2,220.01406075335035,311.9868655902462,220.00000093323882,312.02685575069677,73.3407392267949,62.39539999708056,1901.8908172945712,2786.368459570358,0,604.6674803156981,605.0000105648757,-0.33251968430192846,1.0564875651652983e-05,-0.22187569750628325,1.7908761543116357e-05
encodec_ft_encodec_ft_53tet,3.0kbps,24000,20260826,605.0,220.0,312.02685252293304,220Hz_ongrid,3,220.0354959514385,312.03351534648726,220.0000009482241,312.02685574999595,110.01394097225186,78.00810399321013,1200.0599078619975,2400.006099589785,0,604.7576634485673,605.0000104430645,-0.24233655143268606,1.0443064525134105e-05,0.03696727943122085,1.7904872839655065e-05
encodec_ft_encodec_ft_53tet,3.0kbps,24000,20260826,605.0,220.0,312.02685252293304,220Hz_ongrid,4,220.0254525994022,312.02947974087294,220.00000094858663,312.026855762672,110.00469305883318,78.00796995636819,1200.1264210821273,2399.9866836550086,0,604.8142954897032,605.000010510543,-0.18570451029677315,1.0510543006603257e-05,0.014576662127214673,1.797520432409163e-05
encodec_ft_encodec_ft_53tet,3.0kbps,24000,20260826,605.0,226.4,321.1039973236002,226.4Hz_+49.6c,0,226.32885968492315,321.16115873549023,226.40000351995602,321.10400134928483,75.44187297118853,107.05219084175678,1901.9797903416206,1901.9797232197693,0,605.8522394386565,604.999994788125,0.8522394386565111,-5.211874963606533e-06,0.3081586534296824,2.1704501692197562e-05
encodec_ft_encodec_ft_53tet,3.0kbps,24000,20260826,605.0,226.4,321.1039973236002,226.4Hz_+49.6c,1,226.39155004654063,321.1284100783003,226.40000352467393,321.10400132958125,75.46295803338917,80.28443946560276,1901.9754641594152,2399.949605933039,0,605.1962327593095,604.9999946458164,0.19623275930950967,-5.354183599592943e-06,0.13161650424853139,2.1598269663806627e-05
encodec_ft_encodec_ft_53tet,3.0kbps,24000,20260826,605.0,226.4,321.1039973236002,226.4Hz_+49.6c,2,226.44460424810683,321.0995507869935,226.40000360633087,321.10400122153186,75.48178574142659,64.21720251001264,1901.9492441558127,2786.386707896715,0,604.6349804261978,604.9999934388536,-0.36501957380221484,-6.56114639241423e-06,-0.02397369368840329,2.1015721051363956e-05
encodec_ft_encodec_ft_53tet,3.0kbps,24000,20260826,605.0,226.4,321.1039973236002,226.4Hz_+49.6c,3,226.42378455375564,321.0977222136098,226.4000033820178,321.1040012142613,75.47569357374718,80.27709978910129,1901.9297985843687,2399.94243503357,0,604.7843013595098,604.9999951149302,-0.21569864049024545,-4.885069756710436e-06,-0.03383262220210214,2.097652149053454e-05
encodec_ft_encodec_ft_53tet,3.0kbps,24000,20260826,605.0,226.4,321.1039973236002,226.4Hz_+49.6c,4,226.3858841320929,321.0686371089379,226.40000357392728,321.1040012351802,75.4612519965744,80.27333580058927,1901.9712754218294,2399.8667874104067,0,604.9172891936189,604.9999937602221,-0.08271080638110107,-6.239777917471656e-06,-0.19065529854492239,2.1089305807454725e-05
encodec_ft_encodec_ft_53tet,3.0kbps,24000,20260826,610.0,220.0,312.9293240034019,220Hz_ongrid,0,219.98483671775054,312.90899658460097,220.0000009592992,312.92932495577764,109.98491306685663,62.58607261979019,1200.1181341460203,2786.1955032199003,0,610.0068656897512,609.9999977199133,0.006865689751180071,-2.2800867327532615e-06,-0.11246201586736324,5.26887417524993e-06
encodec_ft_encodec_ft_53tet,3.0kbps,24000,20260826,610.0,220.0,312.9293240034019,220Hz_ongrid,1,220.0540737466255,312.8878644328318,220.0000009430042,312.9293249334925,73.36209780212046,104.29577600224614,1901.701537305821,1901.957968957216,0,609.345148703539,609.9999977248536,-0.6548512964609472,-2.275146357533231e-06,-0.22938398516997033,5.145585437413157e-06
encodec_ft_encodec_ft_53tet,3.0kbps,24000,20260826,610.0,220.0,312.9293240034019,220Hz_ongrid,2,219.99301268987375,312.93786282437645,220.00000095105844,312.92932487353244,73.33699956747384,104.31219589301352,1901.813465804157,1901.962055235545,0,610.1022248213715,609.9999973297528,0.10222482137146471,-2.670247226888023e-06,0.0472390881708533,4.8138651140036965e-06
encodec_ft_encodec_ft_53tet,3.0kbps,24000,20260826,610.0,220.0,312.9293240034019,220Hz_ongrid,3,220.0077538214272,312.90976671801087,220.0000009557382,312.92932493090507,109.99684834263161,62.5780846928442,1200.110618693369,2786.420737480733,0,609.8307832515007,609.999997610332,-0.1692167484992524,-2.3896679977042368e-06,-0.10820109797969274,5.131270733917758e-06
encodec_ft_encodec_ft_53tet,3.0kbps,24000,20260826,610.0,220.0,312.9293240034019,220Hz_ongrid,4,220.01254509863014,312.8912393693173,220.0000009403509,312.9293249656499,110.00187541758498,77.54251081532543,1200.0692016567634,2415.1222919539414,0,609.6905720640948,609.9999979236391,-0.30942793590520523,-2.076360942737665e-06,-0.2107102873052302,5.323491315602289e-06
encodec_ft_encodec_ft_53tet,3.0kbps,24000,20260826,610.0,226.4,322.03272251986454,226.4Hz_+49.6c,0,226.4286746032473,322.03384369527186,226.40000356247816,322.0327242839787,75.47406535237307,64.40073348859087,1902.004535404781,2786.4759471342327,0,609.7867724949349,609.9999822422674,-0.21322750506510602,-1.775773262124858e-05,0.0060273802179840194,9.48380205651884e-06
encodec_ft_encodec_ft_53tet,3.0kbps,24000,20260826,610.0,226.4,322.03272251986454,226.4Hz_+49.6c,1,226.41278482987846,322.0306642213265,226.4000036461832,322.0327243554682,75.46910230874761,64.40385305318934,1901.99688740472,2786.374995634387,0,609.8911744465172,609.9999819865164,-0.1088255534828022,-1.8013483554568666e-05,-0.011065359669801308,9.868126357901836e-06
encodec_ft_encodec_ft_53tet,3.0kbps,24000,20260826,610.0,226.4,322.03272251986454,226.4Hz_+49.6c,2,226.35493526415743,321.99206369780694,226.40000357044565,322.03272432683667,75.44751220787533,80.50397731394122,1902.0498321820546,2399.871795867106,0,610.1260411537263,609.9999824117441,0.1260411537263053,-1.758825590059132e-05,-0.21859387632571625,9.714204278005255e-06
encodec_ft_encodec_ft_53tet,3.0kbps,24000,20260826,610.0,226.4,322.03272251986454,226.4Hz_+49.6c,3,226.35747700751605,322.0295830992189,226.400003401785,322.0327243144438,75.44981082436418,64.40185033267254,1902.0165284083196,2786.4230193046083,0,610.308317610599,609.9999836348334,0.3083176105990333,-1.6365166629839223e-05,-0.016877472470295318,9.647580823459125e-06
encodec_ft_encodec_ft_53tet,3.0kbps,24000,20260826,610.0,226.4,322.03272251986454,226.4Hz_+49.6c,4,226.4211247692883,322.04686198959143,226.4000034813259,322.0327242530718,75.47202614824872,80.51417576403844,1901.9935858968663,2399.9470979810153,0,609.9144822989457,609.9999826966676,-0.08551770105430023,-1.730333235627768e-05,0.0760115116814687,9.317647628480619e-06
encodec_ft_encodec_ft_53tet,3.0kbps,24000,20260826,615.0,220.0,313.8344056911862,220Hz_ongrid,0,220.03965335951716,313.794252844697,220.00000093388502,313.83440248542894,73.34816173546473,62.751685298632424,1901.916985144753,2786.5113826876777,0,614.4664730214819,614.9999749668111,-0.5335269785181254,-2.5033188876477652e-05,-0.2215130687819147,-1.7684218314102878e-05
encodec_ft_encodec_ft_53tet,3.0kbps,24000,20260826,615.0,220.0,313.8344056911862,220Hz_ongrid,1,220.01068623414193,313.9106958649604,220.00000093699242,313.8344024571401,73.34029788352248,104.63717757650903,1901.874681962473,1901.9503855193027,0,615.3367049090897,614.9999747863056,0.33670490908968986,-2.5213694357262284e-05,0.4207954686384744,-1.784027080323316e-05
encodec_ft_encodec_ft_53tet,3.0kbps,24000,20260826,615.0,220.0,313.8344056911862,220Hz_ongrid,2,220.0272853204174,313.8417538977685,220.00000092407106,313.8344024697924,73.34582303771778,78.46184566406464,1901.874873890625,2399.968950559171,0,614.8258335479196,614.999974957782,-0.17416645208038517,-2.504221799881634e-05,0.0405351238570057,-1.7770475570946692e-05
encodec_ft_encodec_ft_53tet,3.0kbps,24000,20260826,615.0,220.0,313.8344056911862,220Hz_ongrid,3,220.00376348018892,313.8462827979897,220.0000009495202,313.83440248685054,73.3395147435957,104.61467150102163,1901.8386934042996,1901.96751324426,0,615.0359020571137,614.999974851616,0.035902057113730734,-2.514838399747532e-05,0.0655175540116027,-1.767637613373586e-05
encodec_ft_encodec_ft_53tet,3.0kbps,24000,20260826,615.0,220.0,313.8344056911862,220Hz_ongrid,4,220.010379032475,313.83259455517697,220.00000093747283,313.8344024880461,109.9962206921259,62.7621479158156,1200.1411548560163,2786.4342794049167,0,614.9083358025251,614.9999749530151,-0.09166419747486998,-2.5046984887922008e-05,-0.009990967584483606,-1.7669780791045418e-05
encodec_ft_encodec_ft_53tet,3.0kbps,24000,20260826,615.0,226.4,322.96413385674794,226.4Hz_+49.6c,0,226.4101694142328,322.9341418543646,226.40000345093912,322.96412891361535,75.47096991202248,80.73573342681028,1901.9340472581885,2399.9528679507875,0,614.7614601521996,614.9999471139512,-0.23853984780043902,-5.288604882025538e-05,-0.1607781835486076,-2.6497429812372367e-05
encodec_ft_encodec_ft_53tet,3.0kbps,24000,20260826,615.0,226.4,322.96413385674794,226.4Hz_+49.6c,1,226.3159692376842,322.95054726678075,226.40000340281517,322.96412879093253,75.43198538654363,80.7437408661638,1902.1081003319764,2399.869117560998,0,615.5698533559621,614.9999468243097,0.5698533559620955,-5.3175690254647634e-05,-0.07283180845014188,-2.7155065478053874e-05
encodec_ft_encodec_ft_53tet,3.0kbps,24000,20260826,615.0,226.4,322.96413385674794,226.4Hz_+49.6c,2,226.35059138935105,322.98157936550615,226.40000334672968,322.96412876897244,75.44752876003027,80.74542927419984,1902.016228727449,2399.999261737917,0,615.4713719790979,614.9999471354679,0.471371979097853,-5.2864532108287676e-05,0.09351330353186484,-2.7272781409228802e-05
encodec_ft_encodec_ft_53tet,3.0kbps,24000,20260826,615.0,226.4,322.96413385674794,226.4Hz_+49.6c,3,226.4173825029016,322.95801636503575,226.40000349661304,322.96412886595454,75.47294955362018,92.26680112509983,1901.943790355251,2168.95570337027,0,614.8342918549897,614.9999465092088,-0.16570814501028508,-5.3490791174226615e-05,-0.03279283716686615,-2.6752913523151172e-05
encodec_ft_encodec_ft_53tet,3.0kbps,24000,20260826,615.0,226.4,322.96413385674794,226.4Hz_+49.6c,4,226.3886313889039,322.956911083089,226.40000351667166,322.9641287617413,75.45960002212456,80.74717754337075,1902.0301843663722,2399.829547050859,0,615.0482178327857,614.9999457971941,0.04821783278566727,-5.4202805927161535e-05,-0.03871777142289605,-2.7311543703426926e-05
encodec_ft_encodec_ft_53tet,3.0kbps,24000,20260826,620.0,220.0,314.74210513575684,220Hz_ongrid,0,220.00794005480114,314.7280839556799,220.0000009494329,314.7421006244051,109.99856284326307,104.90985095709308,1200.0850999410611,1901.9469207769048,0,619.8603938849596,619.9999677140594,-0.13960611504035114,-3.2285940619658504e-05,-0.07712500061798896,-2.4814620063732117e-05
encodec_ft_encodec_ft_53tet,3.0kbps,24000,20260826,620.0,220.0,314.74210513575684,220Hz_ongrid,1,220.03834163680582,314.7799303056659,220.0000009576111,314.7421006318636,73.35875098750631,104.92685697344605,1901.6567450070836,1901.951477601362,0,619.9063507863568,619.9999676907282,-0.09364921364317524,-3.230927177355625e-05,0.20804425723150485,-2.4773594933143756e-05
encodec_ft_encodec_ft_53tet,3.0kbps,24000,20260826,620.0,220.0,314.74210513575684,220Hz_ongrid,2,220.00850371159143,314.7807797322893,220.00000092830527,314.74210061356894,110.0005809273096,104.92772450563139,1200.0577736071252,1901.9418355582168,0,620.1457994449862,619.9999678207134,0.1457994449862099,-3.2179286563405185e-05,0.21271594740909777,-2.4874224363556596e-05
encodec_ft_encodec_ft_53tet,3.0kbps,24000,20260826,620.0,220.0,314.74210513575684,220Hz_ongrid,3,219.98612738339185,314.69059107506763,220.0000009456184,314.7421006330722,73.32523404410486,104.89674418700241,1902.0370468449591,1901.95697319033,0,619.825794990756,619.9999677917494,-0.1742050092440195,-3.220825055905152e-05,-0.2833754795606647,-2.47669469260938e-05
encodec_ft_encodec_ft_53tet,3.0kbps,24000,20260826,620.0,220.0,314.74210513575684,220Hz_ongrid,4,220.00892025907942,314.7145278270282,220.00000095415177,314.7421005342324,110.00097410377721,104.90642886063826,1200.0548634311467,1901.9288233124744,0,619.7781105097793,619.9999671809318,-0.22188949022074667,-3.281906822394376e-05,-0.1516952030786297,-2.531061370810499e-05
encodec_ft_encodec_ft_53tet,3.0kbps,24000,20260826,620.0,226.4,323.8982391033425,226.4Hz_+49.6c,0,226.418889282719,323.93919761724874,226.4000035214257,323.89823348015483,75.46898978597574,80.98838152174606,1902.0461448637825,2399.923425796359,0,620.0744727391642,619.9999430164821,0.07447273916420727,-5.698351787941647e-05,0.2189091582203643,-3.0055903025376612e-05
encodec_ft_encodec_ft_53tet,3.0kbps,24000,20260826,620.0,226.4,323.8982391033425,226.4Hz_+49.6c,1,226.385149703626,323.8818170773102,226.40000345896,323.89823342885427,75.46131044474676,80.97328934664067,1901.9643181207093,2399.939384106269,0,620.0257830232744,619.9999432199432,0.02578302327435722,-5.678005675235909e-05,-0.08777785100562968,-3.033010429400163e-05
encodec_ft_encodec_ft_53tet,3.0kbps,24000,20260826,620.0,226.4,323.8982391033425,226.4Hz_+49.6c,2,226.36745664494765,323.89045471394735,226.40000355496792,323.89823351972814,75.45239148754273,80.97403075768067,1902.033639679846,2399.9697024194707,0,620.2072621907404,619.9999429715108,0.20726219074038,-5.702848920918768e-05,-0.041608012308217986,-2.9844384037165493e-05
encodec_ft_encodec_ft_53tet,3.0kbps,24000,20260826,620.0,226.4,323.8982391033425,226.4Hz_+49.6c,3,226.4170884738893,323.9266996515195,226.40000342391306,323.89823347085473,75.4726205961316,80.98456576959744,1901.9490879454513,2399.9382000896007,0,620.0214476680195,619.9999437124322,0.021447668019504817,-5.628756775877264e-05,0.15211476787391576,-3.010561200480768e-05
encodec_ft_encodec_ft_53tet,3.0kbps,24000,20260826,620.0,226.4,323.8982391033425,226.4Hz_+49.6c,4,226.32750259153457,323.9604111830392,226.40000350401365,323.8982334396796,75.43487570178708,80.99278806692197,1902.1299898597058,2399.94260093961,0,620.8867389765026,619.9999429332886,0.8867389765025564,-5.7066711406150716e-05,0.3322774853897906,-3.0272242914311984e-05
encodec_ft_encodec_ft_53tet,3.0kbps,24000,20260826,625.0,220.0,315.65242990842006,220Hz_ongrid,0,219.98620479590755,315.6793309464469,220.0000009417251,315.6524241744313,109.9877559565914,78.91991768808046,1200.084152243054,2399.9981364532723,0,625.2560969741166,624.9999611405767,0.25609697411664456,-3.8859423284520744e-05,0.1475357202129378,-3.144875737877405e-05
encodec_ft_encodec_ft_53tet,3.0kbps,24000,20260826,625.0,220.0,315.65242990842006,220Hz_ongrid,1,220.02838394186705,315.68415451233716,220.00000094312063,315.65242427666436,110.01036079752413,105.22878344748187,1200.0602901609973,1901.9429588209127,0,624.9506428916786,624.9999616903046,-0.049357108321373744,-3.8309695355565054e-05,0.17398869603297232,-3.088804772484552e-05
encodec_ft_encodec_ft_53tet,3.0kbps,24000,20260826,625.0,220.0,315.65242990842006,220Hz_ongrid,2,219.99207822115358,315.67884171773454,220.00000093535806,315.652424233873,109.98547012839222,78.92197747136309,1200.1663538167302,2399.950269409414,0,625.207192258876,624.9999615166955,0.20719225887603443,-3.8483304479086655e-05,0.14485271255974672,-3.112274228705366e-05
encodec_ft_encodec_ft_53tet,3.0kbps,24000,20260826,625.0,220.0,315.65242990842006,220Hz_ongrid,3,220.00564044563066,315.59694487152626,220.0000009382554,315.65242420303605,109.99839981155442,105.19865609027187,1200.0695702186158,1901.9603581004494,0,624.6512733507341,624.9999613247667,-0.34872664926592734,-3.867523332701239e-05,-0.3043411658510037,-3.1291871100551625e-05
encodec_ft_encodec_ft_53tet,3.0kbps,24000,20260826,625.0,220.0,315.65242990842006,220Hz_ongrid,4,220.0068603174032,315.6804870869029,220.00000094870424,315.6524242385358,109.99589977693952,105.22512910787803,1200.118517209283,1901.9829688757318,0,625.099891479481,624.9999614372449,0.09989147948101618,-3.8562755094062595e-05,0.15387616084828032,-3.109716856399179e-05
encodec_ft_encodec_ft_53tet,3.0kbps,24000,20260826,625.0,226.4,324.83504605121044,226.4Hz_+49.6c,0,226.355618428177,324.9053862011826,226.40000347426405,324.8350486526558,75.44746000764918,97.49000455351509,1902.0562550258808,2084.032134550378,0,625.7142527888627,624.9999872976291,0.7142527888627228,-1.2702370895567583e-05,0.3748428051545428,1.3864608732329493e-05
encodec_ft_encodec_ft_53tet,3.0kbps,24000,20260826,625.0,226.4,324.83504605121044,226.4Hz_+49.6c,1,226.21928954308865,324.8514402040018,226.40000339822495,324.8350486737888,75.3970823429018,72.48582068082968,1902.1696207818545,2596.8112636013693,0,626.4697790619708,624.9999879917141,1.4697790619708258,-1.2008285921183415e-05,0.08737172813198886,1.39772385164197e-05
encodec_ft_encodec_ft_53tet,3.0kbps,24000,20260826,625.0,226.4,324.83504605121044,226.4Hz_+49.6c,2,226.40834820582708,324.9626883501057,226.4000035261722,324.83504866912415,75.46964771673025,97.61126813050288,1901.9504516224174,2082.1853692530744,0,625.6163102689052,624.9999869884675,0.6163102689051811,-1.3011532473683474e-05,0.6801460980604672,1.3952377876757672e-05
encodec_ft_encodec_ft_53tet,3.0kbps,24000,20260826,625.0,226.4,324.83504605121044,226.4Hz_+49.6c,3,226.40107049645093,324.7801377924515,226.40000342527213,324.83504865653134,75.46449491638592,97.58708145046987,1902.0130082060264,2081.6415887758053,0,624.6991515139823,624.999987692915,-0.300848486017685,-1.230708494404098e-05,-0.2926626400643079,1.3885263529301134e-05
encodec_ft_encodec_ft_53tet,3.0kbps,24000,20260826,625.0,226.4,324.83504605121044,226.4Hz_+49.6c,4,226.40156498031752,324.83804818985453,226.40000342871582,324.83504867322586,75.46574795624251,97.48197983606156,1901.9880436003434,2083.8158011432706,0,625.0040330212572,624.9999877555565,0.004033021257214386,-1.224444349645637e-05,0.016000061220773073,1.397423818718045e-05
encodec_ft_encodec_ft_53tet,3.0kbps,24000,20260826,630.0,220.0,316.56538760238044,220Hz_ongrid,0,220.02378230414405,316.5819899436985,220.0000009374253,316.5653815195554,110.00702098171335,79.14610700767277,1200.076642545582,2399.986667330748,0,629.9036538900492,629.999959357392,-0.09634610995078674,-4.064260804170772e-05,0.09079256934449444,-3.32657781495145e-05
encodec_ft_encodec_ft_53tet,3.0kbps,24000,20260826,630.0,220.0,316.56538760238044,220Hz_ongrid,1,219.99430862338465,316.53846641930807,220.00000094683585,316.5653815323787,109.99123935190157,63.31087390091251,1200.0930974550115,2786.2267377971198,0,629.8975544867018,629.9999593534661,-0.10244551329822116,-4.064653387558792e-05,-0.14723293345343327,-3.319565001651748e-05
encodec_ft_encodec_ft_53tet,3.0kbps,24000,20260826,630.0,220.0,316.56538760238044,220Hz_ongrid,2,220.00733459481376,316.5634615006215,220.00000094265977,316.56538154431126,110.00090737563274,79.14378627133604,1200.0434361017765,2399.936105555785,0,629.9317497285771,629.9999594515859,-0.06825027142292583,-4.054841406286869e-05,-0.010533504994531625,-3.3130393142095284e-05
encodec_ft_encodec_ft_53tet,3.0kbps,24000,20260826,630.0,220.0,316.56538760238044,220Hz_ongrid,3,220.00010541649016,316.54682262639056,220.00000091842654,316.5653814683876,109.9905614009589,79.13666285904449,1200.1493852310082,2400.000936260875,0,629.8976392603317,629.9999592270714,-0.10236073966825643,-4.077292862803006e-05,-0.10153119160774689,-3.354560469976612e-05
encodec_ft_encodec_ft_53tet,3.0kbps,24000,20260826,630.0,220.0,316.56538760238044,220Hz_ongrid,4,220.0024454770168,316.58305388166696,220.0000009241751,316.56538151003025,109.993848632461,101.26340164116203,1200.1160599043963,1973.365415382475,0,630.0773667701328,629.9999594095698,0.07736677013281223,-4.059043021698017e-05,0.09661072262114366,-3.3317869325168864e-05
encodec_ft_encodec_ft_53tet,3.0kbps,24000,20260826,630.0,226.4,325.77456251444966,226.4Hz_+49.6c,0,226.40823306581268,325.7842431200685,226.40000348737385,325.77456875404386,75.47346891255805,81.44669855307212,1901.8619171980515,2399.9864434191804,0,629.9884885858083,630.0000064912784,-0.011511414191659242,6.491278440989845e-06,0.05144399529007695,3.3158506227022374e-05
encodec_ft_encodec_ft_53tet,3.0kbps,24000,20260826,630.0,226.4,325.77456251444966,226.4Hz_+49.6c,1,226.40665012468563,325.72814716677556,226.40000339000156,325.77456883802597,75.46864053489398,81.4325829053411,1901.9605715527514,2399.9883897369177,0,629.70247019382,630.000007682163,-0.2975298061800231,7.682162959099514e-06,-0.24667842277412932,3.3604804523638904e-05
encodec_ft_encodec_ft_53tet,3.0kbps,24000,20260826,630.0,226.4,325.77456251444966,226.4Hz_+49.6c,2,226.45014068289393,325.79658271918316,226.4000035591295,325.7745688517746,75.4816378927154,81.44943524375692,1901.994962302401,2399.993845213555,0,629.7336430141571,630.0000064619395,-0.26635698584289,6.461939506152703e-06,0.11701601120742908,3.3677867633232854e-05
encodec_ft_encodec_ft_53tet,3.0kbps,24000,20260826,630.0,226.4,325.77456251444966,226.4Hz_+49.6c,3,226.4070741102971,325.73347100883115,226.40000351462783,325.774568705983,75.46703429613784,81.43334037051879,1902.000660741534,2400.000582121575,0,629.7275239702954,630.0000060274675,-0.2724760297046487,6.027467520652863e-06,-0.21838261414460872,3.2903100752720924e-05
encodec_ft_encodec_ft_53tet,3.0kbps,24000,20260826,630.0,226.4,325.77456251444966,226.4Hz_+49.6c,4,226.38349501497112,325.7840839170859,226.40000346289872,325.77456871844345,75.45931975329356,81.44788143271478,1901.9973352452685,2399.9604542551906,0,630.1768127953206,630.0000064892467,0.1768127953206431,6.489246743512922e-06,0.05059798233131002,3.296931826817327e-05
encodec_ft_encodec_ft_53tet,3.0kbps,24000,20260826,635.0,220.0,317.48098583280427,220Hz_ongrid,0,220.00098987365143,317.4769959268588,220.00000095373096,317.48097958085805,109.99568444727379,79.37283868285773,1200.0757111630724,2399.9217017624337,0,634.9704532361288,634.9999584027923,-0.02954676387116706,-4.1597207655286184e-05,-0.021757222442536046,-3.409206461622632e-05
encodec_ft_encodec_ft_53tet,3.0kbps,24000,20260826,635.0,220.0,317.48098583280427,220Hz_ongrid,1,220.02136705915137,317.49141619127784,220.00000095161462,317.4809795698387,73.34396571128181,79.37387900492683,1901.872147150456,2399.9776443822307,0,634.8887416735321,634.9999583593575,-0.11125832646791878,-4.164064250744559e-05,0.05687614667173813,-3.415215327446714e-05
encodec_ft_encodec_ft_53tet,3.0kbps,24000,20260826,635.0,220.0,317.48098583280427,220Hz_ongrid,2,220.01264305937158,317.5064443690342,220.00000094505887,317.48097952986785,73.34016905496885,105.836442073571,1901.8931209490127,1901.9392873666627,0,635.0393321711675,634.9999581929837,0.03933217116752985,-4.1807016259554075e-05,0.13882065278140968,-3.437011576353932e-05
encodec_ft_encodec_ft_53tet,3.0kbps,24000,20260826,635.0,220.0,317.48098583280427,220Hz_ongrid,3,220.01478096571395,317.4690299876557,220.00000092197237,317.4809795632363,109.99942248835201,105.82550361040846,1200.1254003292852,1901.91420652864,0,634.8184920200734,634.9999585566164,-0.18150797992655043,-4.144338356582011e-05,-0.06519683658024546,-3.4188156457517066e-05
encodec_ft_encodec_ft_53tet,3.0kbps,24000,20260826,635.0,220.0,317.48098583280427,220Hz_ongrid,4,220.00942510560944,317.4828850726596,220.00000094624366,317.4809795809036,109.99779168501044,79.3692940423635,1200.1089227781292,2400.031130926859,0,634.9361897022885,634.9999584619601,-0.06381029771148405,-4.153803990902816e-05,0.010356585171354305,-3.409181628659886e-05
encodec_ft_encodec_ft_53tet,3.0kbps,24000,20260826,635.0,226.4,326.7167963297586,226.4Hz_+49.6c,0,226.4601690144141,326.69644325504294,226.400003492929,326.71679224151364,75.48597679025534,81.6726898386718,1901.972114847419,2400.0301204608486,0,634.4321091805197,634.9999516271624,-0.5678908194803398,-4.8372837568422256e-05,-0.10785191920745027,-2.1663131440342537e-05
encodec_ft_encodec_ft_53tet,3.0kbps,24000,20260826,635.0,226.4,326.7167963297586,226.4Hz_+49.6c,1,226.37888650373273,326.77814413212485,226.40000338142858,326.71679227615897,75.45881402285485,108.92488682781126,1901.9736948006187,1901.9734569447933,0,635.4865023804964,634.9999526633644,0.48650238049640393,-4.733663558909029e-05,0.3250443057102996,-2.1479549920454177e-05
encodec_ft_encodec_ft_53tet,3.0kbps,24000,20260826,635.0,226.4,326.7167963297586,226.4Hz_+49.6c,2,226.38726610803369,326.7566575725148,226.40000356178166,326.71679231950407,75.45955409641219,108.91720652585465,1902.0207974420339,1901.981693559889,0,635.3085833549762,634.9999515139223,0.30858335497623557,-4.848607773055846e-05,0.21120717412813475,-2.1249869426847156e-05
encodec_ft_encodec_ft_53tet,3.0kbps,24000,20260826,635.0,226.4,326.7167963297586,226.4Hz_+49.6c,3,226.4224026739062,326.7296363162302,226.40000344655488,326.71679230470124,75.47492298895408,108.90897137533788,1901.936908196637,1901.9694249258328,0,634.8967361018066,634.9999523165992,-0.1032638981934042,-4.7683400794085173e-05,0.06803624799675262,-2.1328307760361768e-05
encodec_ft_encodec_ft_53tet,3.0kbps,24000,20260826,635.0,226.4,326.7167963297586,226.4Hz_+49.6c,4,226.2418133691231,326.7504208245969,226.40000351679706,326.7167923568101,75.4117351281426,81.68689266908004,1902.0055668284172,2400.015101113717,0,636.388206374976,634.9999520555905,1.3882063749759936,-4.794440951627621e-05,0.17816309332736202,-2.1052189050171057e-05
encodec_ft_encodec_ft_53tet,3.0kbps,24000,20260826,640.0,220.0,318.3992322368832,220Hz_ongrid,0,220.0086480649093,318.4321696898985,220.00000092859815,318.39922604445127,109.99963384123075,79.61105305323044,1200.0738152060821,2399.934529128448,0,640.1110293377609,639.9999590224857,0.11102933776089685,-4.097751434528618e-05,0.17908174762698123,-3.367014758186768e-05
encodec_ft_encodec_ft_53tet,3.0kbps,24000,20260826,640.0,220.0,318.3992322368832,220Hz_ongrid,1,220.02580531018654,318.4073031667575,220.00000092584196,318.39922603223596,110.00125594000106,106.13807811807682,1200.18328992893,1901.9173152437586,0,639.8408271421355,639.9999589777564,-0.15917285786451885,-4.102224363577989e-05,0.04388355907163039,-3.373656595471461e-05
encodec_ft_encodec_ft_53tet,3.0kbps,24000,20260826,640.0,220.0,318.3992322368832,220Hz_ongrid,2,219.9860203567046,318.41942993791986,220.00000091582365,318.39922599836126,109.98762798875386,79.60522862852905,1200.0847150001098,2399.9919284358098,0,640.2198303404217,639.999958872406,0.21983034042170857,-4.112759404506505e-05,0.10981759749270642,-3.392075311572939e-05
encodec_ft_encodec_ft_53tet,3.0kbps,24000,20260826,640.0,220.0,318.3992322368832,220Hz_ongrid,3,220.0103730303745,318.44183727941675,220.00000093685674,318.3992260500852,73.3378649150485,106.14786054103513,1901.9296497812807,1901.9455176299498,0,640.1500151547569,639.9999589881301,0.15001515475694305,-4.1011869939211465e-05,0.2316411548711528,-3.3639514238712675e-05
encodec_ft_encodec_ft_53tet,3.0kbps,24000,20260826,640.0,220.0,318.3992322368832,220Hz_ongrid,4,219.99549335260159,318.331972241498,220.00000095233818,318.3992260490559,109.99025656394574,79.58338484024556,1200.117889497195,2399.9914773124647,0,639.6697124709259,639.9999588607066,-0.33028752907409853,-4.1139293443848146e-05,-0.36575180787446077,-3.3645110688992125e-05
encodec_ft_encodec_ft_53tet,3.0kbps,24000,20260826,640.0,226.4,327.6617553565016,226.4Hz_+49.6c,0,226.4279922589607,327.66582019217947,226.40000357707322,327.6617546958554,75.47275922805848,109.2211156906773,1902.0292786225837,1901.9680677332178,0,639.8074390451822,639.999969156269,-0.19256095481784996,-3.084373099682125e-05,0.021476837514605857,-3.4905911412782804e-06
encodec_ft_encodec_ft_53tet,3.0kbps,24000,20260826,640.0,226.4,327.6617553565016,226.4Hz_+49.6c,1,226.37305786911304,327.659779333435,226.40000347368695,327.66175457822135,75.45514710416984,109.21938137956299,1902.0132510126743,1901.9636406559982,0,640.1955926215207,639.999969325311,0.19559262152074552,-3.067468901463144e-05,-0.010440549359609568,-4.112122515654382e-06
encodec_ft_encodec_ft_53tet,3.0kbps,24000,20260826,640.0,226.4,327.6617553565016,226.4Hz_+49.6c,2,226.3910547504206,327.68685236756994,226.40000347574696,327.6617546426708,75.45867955813368,109.2285730027424,1902.069834043308,1901.960988635916,0,640.2010013478814,639.9999696500838,0.20100134788140167,-3.0349916187333292e-05,0.13259752016097912,-3.77159725242703e-06
encodec_ft_encodec_ft_53tet,3.0kbps,24000,20260826,640.0,226.4,327.6617553565016,226.4Hz_+49.6c,3,226.41347059762728,327.68694467247695,226.40000350489012,327.66175458223995,75.47336631438758,81.92058042796042,1901.9043190332413,2400.0244241751025,0,640.0300813709288,639.9999691079394,0.030081370928769502,-3.089206063577876e-05,0.1330851850589105,-4.090889756257083e-06
encodec_ft_encodec_ft_53tet,3.0kbps,24000,20260826,640.0,226.4,327.6617553565016,226.4Hz_+49.6c,4,226.31936700157956,327.7051330584848,226.40000348181968,327.66175474926376,75.43405439657762,109.23413936801084,1902.086606734178,1901.9693437626615,0,640.8458690230942,639.9999701668416,0.8458690230942238,-2.9833158350811573e-05,0.22917530952760126,-3.208402581381863e-06
encodec_ft_encodec_ft_53tet,3.0kbps,24000,20260826,645.0,220.0,319.3201344738977,220Hz_ongrid,0,219.9765280262631,319.3475807341334,220.00000091529535,319.32012906975746,73.31890156757389,79.84161356399217,1902.1110191433927,2399.8976866583585,0,645.3335135200076,644.9999634980936,0.3335135200076138,-3.650190637927153e-05,0.14879693818003947,-2.9299222663035628e-05
encodec_ft_encodec_ft_53tet,3.0kbps,24000,20260826,645.0,220.0,319.3201344738977,220Hz_ongrid,1,219.9789775091577,319.3199151906148,220.00000094725922,319.32012907435046,109.98367548511433,79.83169031559723,1200.0915032528674,2399.9628835379713,0,645.1642501775756,644.9999632714633,0.1642501775755818,-3.67285366564829e-05,-0.0011888721542657882,-2.927432108296109e-05
encodec_ft_encodec_ft_53tet,3.0kbps,24000,20260826,645.0,220.0,319.3201344738977,220Hz_ongrid,2,220.0108509173306,319.3071885159487,220.00000095095496,319.32012898064056,73.33368486456109,79.82837782516626,1902.0320884570838,2399.965719181388,0,644.8444240183012,644.9999627343209,-0.15557598169880293,-3.7265679111442296e-05,-0.0701895531098266,-2.9782381011362577e-05
encodec_ft_encodec_ft_53tet,3.0kbps,24000,20260826,645.0,220.0,319.3201344738977,220Hz_ongrid,3,220.02293259336577,319.31898760458955,220.0000009378038,319.3201290226728,73.34218899637463,79.83128347947346,1901.9264041293823,2399.966677194668,0,644.8133292871643,644.9999630656936,-0.18667071283573478,-3.6934306422153895e-05,-0.006217906568849198,-2.9554498023364537e-05
encodec_ft_encodec_ft_53tet,3.0kbps,24000,20260826,645.0,220.0,319.3201344738977,220Hz_ongrid,4,220.0274256437515,319.35974229146535,220.00000095535825,319.3201291020591,110.00697779070403,79.84238373711754,1200.1059892618027,2399.946915283695,0,644.9989197428048,644.9999633579563,-0.0010802571952126527,-3.6642043710344296e-05,0.21472542024497668,-2.912409511316036e-05
encodec_ft_encodec_ft_53tet,3.0kbps,24000,20260826,645.0,226.4,328.60944747677473,226.4Hz_+49.6c,0,226.37920462216175,328.62731434486756,226.40000361255068,328.6094521531249,75.44723165763685,109.54232573135936,1902.241879523558,1901.9567770026722,0,645.2531518621819,644.9999970122839,0.25315186218188046,-2.9877161296099075e-06,0.09412659850136706,2.4636712870837985e-05
encodec_ft_encodec_ft_53tet,3.0kbps,24000,20260826,645.0,226.4,328.60944747677473,226.4Hz_+49.6c,1,226.40419573727377,328.6136471221314,226.40000344834158,328.609452304523,75.46798716479843,82.15273045663453,1901.9567920400405,2400.014357724126,0,644.9900414780841,644.9999990655774,-0.009958521915905294,-9.344225873064715e-07,0.022125117316655955,2.543433299939193e-05
encodec_ft_encodec_ft_53tet,3.0kbps,24000,20260826,645.0,226.4,328.60944747677473,226.4Hz_+49.6c,2,226.39723821429916,328.60970966497234,226.40000343224108,328.6094521537072,75.46495316070198,82.15209097995479,1901.973190856721,2400.00708988363,0,645.0225002359691,644.999998394142,0.022500235969118876,-1.6058579603850376e-06,0.0013813022035648137,2.4639780472014385e-05
encodec_ft_encodec_ft_53tet,3.0kbps,24000,20260826,645.0,226.4,328.60944747677473,226.4Hz_+49.6c,3,226.3818317187005,328.59879617333115,226.40000353749866,328.60945217125976,75.4568974087811,82.14927684728596,1902.040191195389,2400.0088974403848,0,645.0828188214081,644.9999976817322,0.08281882140806829,-2.31826777508104e-06,-0.056115848723021486,2.4732253655444356e-05
encodec_ft_encodec_ft_53tet,3.0kbps,24000,20260826,645.0,226.4,328.60944747677473,226.4Hz_+49.6c,4,226.33633933859102,328.64590462091684,226.4000033789004,328.60945208548037,75.44449720093883,82.16107053458053,1901.9767831746942,2400.008546901106,0,645.6789272229179,644.9999984425835,0.6789272229178778,-1.5574164535792079e-06,0.1920588372049479,2.4280336802805793e-05
encodec_ft_encodec_ft_53tet,3.0kbps,24000,20260826,650.0,220.0,320.2437002252812,220Hz_ongrid,0,220.02004288598178,320.2460326568568,220.00000093265183,320.2436970065972,73.34330463946931,80.06345524440513,1901.8773321044923,2399.957897239116,0,649.8548938447159,649.9999752605619,-0.14510615528411108,-2.4739438117649115e-05,0.012609054458094267,-1.7400171700433503e-05
encodec_ft_encodec_ft_53tet,3.0kbps,24000,20260826,650.0,220.0,320.2437002252812,220Hz_ongrid,1,220.01205860755977,320.21977572237057,220.00000094502008,320.2436969534155,73.34204703428217,80.05942231957091,1901.8441918703475,2399.903154980184,0,649.7757700145524,649.9999748757334,-0.22422998544755046,-2.5124266585407895e-05,-0.12934044054223107,-1.7687671287566616e-05
encodec_ft_encodec_ft_53tet,3.0kbps,24000,20260826,650.0,220.0,320.2437002252812,220Hz_ongrid,2,220.01121414063073,320.27931545082237,220.000000942153,320.2436969590842,109.99673590219854,80.07247486049495,1200.1396173158853,2399.9427903638125,0,650.1042802477141,649.9999749289401,0.10428024771408673,-2.5071059894798964e-05,0.19252482635790436,-1.765702641235888e-05
encodec_ft_encodec_ft_53tet,3.0kbps,24000,20260826,650.0,220.0,320.2437002252812,220Hz_ongrid,3,220.0104639826877,320.2600639292473,220.00000093923654,320.24369702173385,109.99956810584379,80.06821193510311,1200.089139068107,2399.9308957626827,0,650.0061180578543,649.9999752905736,0.006118057854337167,-2.4709426384106337e-05,0.08845975017326467,-1.73183430526569e-05
encodec_ft_encodec_ft_53tet,3.0kbps,24000,20260826,650.0,220.0,320.2437002252812,220Hz_ongrid,4,219.99904368910006,320.2614398795155,220.00000094419073,320.2436969953704,73.33290699896,80.06790760512176,1901.957540222646,2399.9449139714156,0,650.1034231884689,649.9999751090675,0.1034231884689234,-2.4890932536436594e-05,0.0958977266971042,-1.7460863691448783e-05
encodec_ft_encodec_ft_53tet,3.0kbps,24000,20260826,650.0,226.4,329.5598805954712,226.4Hz_+49.6c,0,226.3939178179,329.5370331176143,226.40000347323667,329.559874487102,75.46191402875002,82.38357034082753,1902.0175218055417,2400.0144564955003,0,649.9264839714766,649.9999413525749,-0.07351602852338601,-5.8647425134950026e-05,-0.12002584382976597,-3.2088301694820685e-05
encodec_ft_encodec_ft_53tet,3.0kbps,24000,20260826,650.0,226.4,329.5598805954712,226.4Hz_+49.6c,1,226.4182780201433,329.5792239598148,226.40000345054852,329.5598745115804,75.47090405538758,109.85901450709336,1901.9975588887235,1901.9664544451207,0,649.9618483935915,649.9999416546557,-0.038151606408519,-5.834534431414795e-05,0.10161099759759609,-3.195971250067272e-05
encodec_ft_encodec_ft_53tet,3.0kbps,24000,20260826,650.0,226.4,329.5598805954712,226.4Hz_+49.6c,2,226.34593248114143,329.59383614678137,226.4000034793021,329.55987451331856,75.44458392717418,82.39808693708157,1902.0481689162625,2400.007818022122,0,650.5918576197329,649.999941443914,0.5918576197328775,-5.8556085946293024e-05,0.17836509191056138,-3.1950581581734774e-05
encodec_ft_encodec_ft_53tet,3.0kbps,24000,20260826,650.0,226.4,329.5598805954712,226.4Hz_+49.6c,3,226.44456032404514,329.5415438736037,226.4000035183098,329.559874453624,75.48251357698021,82.3851426575039,1901.932214944036,2400.005112905966,0,649.5629613364945,649.9999408320442,-0.43703866350551834,-5.9167955782868376e-05,-0.09632859549360168,-3.2264167314476044e-05
encodec_ft_encodec_ft_53tet,3.0kbps,24000,20260826,650.0,226.4,329.5598805954712,226.4Hz_+49.6c,4,226.27706308914654,329.546251285712,226.40000350128076,329.559874415932,75.41820114866734,82.38613253529932,1902.126846956386,2400.009041862126,0,650.8687299365556,649.9999407642592,0.86872993655561,-5.9235740764052025e-05,-0.07159856048207822,-3.246216982900764e-05
encodec_ft_encodec_ft_53tet,3.0kbps,24000,20260826,655.0,220.0,321.169937194684,220Hz_ongrid,0,220.01541448494353,321.15948434491895,220.0000009331804,321.1699384937553,109.99896061295276,64.23018394567605,1200.1376545810492,2786.359882681892,0,654.8223579343731,654.9999996590866,-0.17764206562685558,-3.409134023968363e-07,-0.05634594592047189,7.002512468938003e-06
encodec_ft_encodec_ft_53tet,3.0kbps,24000,20260826,655.0,220.0,321.169937194684,220Hz_ongrid,1,220.02028433388497,321.15643619345923,220.00000095153973,321.16993852452435,110.00595813990886,107.05145951273353,1200.0658454545246,1901.966092949666,0,654.7676076408246,654.9999996804698,-0.23239235917537826,-3.195301587766153e-07,-0.07277731069013485,7.168369747357154e-06
encodec_ft_encodec_ft_53tet,3.0kbps,24000,20260826,655.0,220.0,321.169937194684,220Hz_ongrid,2,220.00710380503548,321.13277459119735,220.0000009300487,321.16993863669194,73.33945468817363,64.223346198078,1901.8663962456544,2786.400207440156,0,654.743766471133,655.000000454216,-0.2562335288670283,4.542159786069533e-07,-0.2003328443093226,7.772997789332324e-06
encodec_ft_encodec_ft_53tet,3.0kbps,24000,20260826,655.0,220.0,321.169937194684,220Hz_ongrid,3,220.00409292641936,321.142281113147,220.00000094251916,321.1699384543773,109.99067971675673,107.04647163967937,1200.1789013559285,1901.970452194184,0,654.8187083279807,654.9999993733344,-0.1812916720192561,-6.266656100706314e-07,-0.14908372808576087,6.790249457391913e-06
encodec_ft_encodec_ft_53tet,3.0kbps,24000,20260826,655.0,220.0,321.169937194684,220Hz_ongrid,4,220.00742443793897,321.1829646685184,220.00000095164725,321.1699384661772,109.99685725450813,64.23780826284643,1200.1078865196841,2786.280959959415,0,655.0117981150088,654.9999993651093,0.011798115008787136,-6.348907390929526e-07,0.0702218553481531,6.853855284293357e-06
encodec_ft_encodec_ft_53tet,3.0kbps,24000,20260826,655.0,226.4,330.5130626403475,226.4Hz_+49.6c,0,226.44272257437177,330.5072256996,226.40000340032176,330.51306593051623,75.47994096119928,82.62658560542513,1901.977170160495,2400.004626715239,0,654.642765833256,654.9999912324113,-0.3572341667439787,-8.76758872436767e-06,-0.03057428264479106,1.7233969623490256e-05
encodec_ft_encodec_ft_53tet,3.0kbps,24000,20260826,655.0,226.4,330.5130626403475,226.4Hz_+49.6c,1,226.39474165319578,330.5076438364435,226.40000348226712,330.5130659489259,75.46051830814376,110.16857164330754,1902.0558423361617,1901.9651047115567,0,655.0118259229572,654.999990702222,0.011825922957200419,-9.297777978645172e-06,-0.028384036179712725,1.7330399551556654e-05
encodec_ft_encodec_ft_53tet,3.0kbps,24000,20260826,655.0,226.4,330.5130626403475,226.4Hz_+49.6c,2,226.3465728887259,330.52713335308863,226.40000357261061,330.51306607235557,75.4472371435317,110.17540397720506,1901.992184605882,1901.9598270908039,0,655.482295407088,654.9999906579113,0.4822954070880314,-9.342088674202387e-06,0.07370110666012776,1.7976926870573374e-05
encodec_ft_encodec_ft_53tet,3.0kbps,24000,20260826,655.0,226.4,330.5130626403475,226.4Hz_+49.6c,3,226.40389328306338,330.5265003382474,226.40000336391796,330.5130659973039,75.46659994087373,110.17521894538619,1901.9863024568017,1901.9594189722516,0,655.0406146245494,654.9999918606188,0.04061462454944831,-8.13938117971702e-06,0.07038550020724445,1.758380455239273e-05
encodec_ft_encodec_ft_53tet,3.0kbps,24000,20260826,655.0,226.4,330.5130626403475,226.4Hz_+49.6c,4,226.37578886187447,330.54055064987466,226.40000353017413,330.5130659199019,75.45519455871796,110.17980181886603,1902.0330479186111,1901.9609989222783,0,655.3291242317244,654.9999901838592,0.3291242317244496,-9.816140845941845e-06,0.1439767580272988,1.7178371466190856e-05
encodec_ft_encodec_ft_53tet,3.0kbps,24000,20260826,660.0,220.0,322.0988531080376,220Hz_ongrid,0,219.9916034544254,322.11638905706604,220.00000094056554,322.09885891612896,73.32694082825137,107.37147625525724,1902.0398442813846,1901.9655366017757,0,660.1603263269241,660.0000238160967,0.16032632692406423,2.3816096700102207e-05,0.09425058601900864,3.121763804646989e-05
encodec_ft_encodec_ft_53tet,3.0kbps,24000,20260826,660.0,220.0,322.0988531080376,220Hz_ongrid,1,220.0203127367238,322.1352987278157,220.00000094419835,322.0988588558659,109.99901673638622,107.37672530899988,1200.1753136918312,1901.9825322714569,0,660.0360402373778,660.0000234636042,0.036040237377847006,2.3463604179596587e-05,0.19587877415916635,3.089373319162651e-05
encodec_ft_encodec_ft_53tet,3.0kbps,24000,20260826,660.0,220.0,322.0988531080376,220Hz_ongrid,2,220.00542510125123,322.08886808815447,220.00000095454308,322.09885891928775,109.99620013034509,80.52694544767004,1200.102496176889,2399.8983414588633,0,659.9036402239278,660.0000237230821,-0.09635977607217683,2.37230821085177e-05,-0.053668847867962034,3.123461633477093e-05
encodec_ft_encodec_ft_53tet,3.0kbps,24000,20260826,660.0,220.0,322.0988531080376,220Hz_ongrid,3,219.9995230363608,322.07632943916866,220.0000009522001,322.0988589555037,109.9950242278375,80.52499697462737,1200.0745595702679,2399.8728350320393,0,659.8826877016106,660.0000239361752,-0.11731229838937907,2.3936175239214208e-05,-0.12106564651403376,3.142927177393001e-05
encodec_ft_encodec_ft_53tet,3.0kbps,24000,20260826,660.0,220.0,322.0988531080376,220Hz_ongrid,4,220.02830007069758,322.1289591920078,220.00000095544965,322.09885884014375,110.00830919324038,80.53659411212458,1200.0919166595186,2399.906396083112,0,659.9391223331572,660.0000232905608,-0.06087766684277085,2.329056076177949e-05,0.16180821968933282,3.0809228852154745e-05
encodec_ft_encodec_ft_53tet,3.0kbps,24000,20260826,660.0,226.4,331.4690015620896,226.4Hz_+49.6c,0,226.39193762799357,331.45728987183037,226.4000035895105,331.4689998167975,75.45861009032033,82.86463051325158,1902.0781792668733,2399.9935642084015,0,660.0004821613666,659.9999634362445,0.0004821613665626501,-3.656375554328406e-05,-0.061170230274450635,-9.115510247860072e-06
encodec_ft_encodec_ft_53tet,3.0kbps,24000,20260826,660.0,226.4,331.4690015620896,226.4Hz_+49.6c,1,226.40490980832504,331.469532849938,226.4000035853199,331.46899978002546,75.46335450518123,110.48929188231111,1902.0685286609194,1901.9636563017261,0,659.9652309851483,659.9999632762319,-0.03476901485169037,-3.672376806207467e-05,0.0027748684538445624,-9.307567648600797e-06
encodec_ft_encodec_ft_53tet,3.0kbps,24000,20260826,660.0,226.4,331.4690015620896,226.4Hz_+49.6c,2,226.3849231062461,331.4773668480774,226.40000355391112,331.4689998224032,75.45720181185023,82.8691621485011,1902.0568481210996,2400.00375128856,0,660.1589843491714,659.9999637377435,0.15898434917141913,-3.6262256458030606e-05,0.04369061698833806,-9.086232338968955e-06
encodec_ft_encodec_ft_53tet,3.0kbps,24000,20260826,660.0,226.4,331.4690015620896,226.4Hz_+49.6c,3,226.39156807267656,331.4851524465916,226.4000035319301,331.468999796535,75.46229773290337,82.87087498388902,1901.9907503617897,2400.0086305238133,0,660.1488310315915,659.9999637707203,0.14883103159149869,-3.622927965807321e-05,0.08435262380909676,-9.221339607428513e-06
encodec_ft_encodec_ft_53tet,3.0kbps,24000,20260826,660.0,226.4,331.4690015620896,226.4Hz_+49.6c,4,226.4024371568635,331.4579287937185,226.40000350669737,331.468999806826,75.4630519540483,110.48546102280693,1902.0565620692335,1901.9630743440196,0,659.9235305834565,659.9999640174188,-0.07646941654354578,-3.5982581152893545e-05,-0.05783308158252976,-9.167590659274677e-06
encodec_ft_encodec_ft_53tet,3.0kbps,24000,20260826,665.0,220.0,323.030455713619,220Hz_ongrid,0,220.01068332638613,323.0088850005147,220.00000093232296,323.03046118415057,110.00083794468001,80.75315330754246,1200.0708797439436,2399.9800178844216,0,664.8003234080759,665.0000219818277,-0.19967659192411702,2.1981827671879728e-05,-0.11560891310880805,2.9318506153719875e-05
encodec_ft_encodec_ft_53tet,3.0kbps,24000,20260826,665.0,220.0,323.030455713619,220Hz_ongrid,1,220.0145619104095,323.0111543364116,220.0000009469103,323.0304611016579,109.99993222702179,107.6663112772393,1200.1156541030487,1902.02050000917,0,664.7819665688656,665.0000214249293,-0.21803343113435858,2.142492928669526e-05,-0.10344597284581482,2.8876399091029005e-05
encodec_ft_encodec_ft_53tet,3.0kbps,24000,20260826,665.0,220.0,323.030455713619,220Hz_ongrid,2,220.01473128776775,323.06110803660346,220.00000095769283,323.03046128024874,110.00546301536004,64.61139258962841,1200.0299427565506,2786.3359268893673,0,665.0483485656409,665.00002229721,0.0483485656409357,2.229720996638207e-05,0.16426880724287277,2.9833530249807977e-05
encodec_ft_encodec_ft_53tet,3.0kbps,24000,20260826,665.0,220.0,323.030455713619,220Hz_ongrid,3,220.01824234546706,323.0683343863646,220.00000094299668,323.03046114933545,110.00106868995401,92.30240785352083,1200.1267280609352,2168.878995621146,0,665.0594457076667,665.0000217112472,0.05944570766666857,2.1711247200073558e-05,0.2029932545008142,2.9131919889276706e-05
encodec_ft_encodec_ft_53tet,3.0kbps,24000,20260826,665.0,220.0,323.030455713619,220Hz_ongrid,4,220.01526378339906,323.0216577180869,220.00000093050357,323.03046128666523,109.99864171523734,92.30308417789148,1200.1414877798888,2168.6161649986966,0,664.8327375044779,665.0000225455572,-0.16726249552209538,2.2545557158082374e-05,-0.047152200613622935,2.986791852018525e-05
encodec_ft_encodec_ft_53tet,3.0kbps,24000,20260826,665.0,226.4,332.42770533437886,226.4Hz_+49.6c,0,226.37832901684172,332.410091111152,226.4000035579585,332.42770518845566,75.45662620286238,83.10275433500762,1902.0196267844044,2399.9951760888716,0,665.0739867794966,664.9999720330801,0.07398677949663579,-2.796691990170075e-05,-0.09173468526731875,-7.599463069256037e-07
encodec_ft_encodec_ft_53tet,3.0kbps,24000,20260826,665.0,226.4,332.42770533437886,226.4Hz_+49.6c,1,226.3298325427875,332.43796017595014,226.40000352414984,332.4277052067716,75.43707117159414,83.10940736576416,1902.0974267259753,2400.0017222512924,0,665.5900440857307,664.9999723869944,0.5900440857307103,-2.761300561360258e-05,0.05340486603049247,-6.645596698011056e-07
encodec_ft_encodec_ft_53tet,3.0kbps,24000,20260826,665.0,226.4,332.42770533437886,226.4Hz_+49.6c,2,226.35270162878265,332.4794357887566,226.4000034227489,332.42770525661416,75.4491303130294,66.49956408115963,1901.9956195751004,2786.217987056999,0,665.631102216664,664.9999734219592,0.6311022166639759,-2.6578040774438705e-05,0.26938355338416287,-4.049869811447528e-07
encodec_ft_encodec_ft_53tet,3.0kbps,24000,20260826,665.0,226.4,332.42770533437886,226.4Hz_+49.6c,3,226.3507739250103,332.413525115648,226.4000035022897,332.42770522126705,75.44878978007651,110.80438940485958,1901.9886894682786,1901.9568596333625,0,665.3026125136511,664.9999726296446,0.30261251365107,-2.7370355383027345e-05,-0.07385004530240782,-5.890693865666532e-07
encodec_ft_encodec_ft_53tet,3.0kbps,24000,20260826,665.0,226.4,332.42770533437886,226.4Hz_+49.6c,4,226.3625546687084,332.4419385568035,226.40000363912085,332.427705246528,75.44941367998663,83.11054793456329,1902.0644757959537,2399.9986815256184,0,665.3604833166563,664.9999717148803,0.36048331665631395,-2.8285119697102346e-05,0.0741229187396514,-4.575142702947214e-07
encodec_ft_encodec_ft_53tet,3.0kbps,24000,20260826,670.0,220.0,323.9647527821156,220Hz_ongrid,0,220.00521353529615,323.957880825059,220.00000094490014,323.9647503497165,110.00047285930353,97.27168576879684,1200.0335840279151,2082.857314140976,0,669.9222504805273,669.9999795658599,-0.07774951947271802,-2.0434140083125385e-05,-0.03672341549267606,-1.2998488738460222e-05
encodec_ft_encodec_ft_53tet,3.0kbps,24000,20260826,670.0,220.0,323.9647527821156,220Hz_ongrid,1,219.98847822121712,323.9119171813907,220.00000094195954,323.9647502846437,73.32499417046547,80.98498205186357,1902.061210741664,2399.850294037299,0,669.8082990834348,669.9999792412577,-0.19170091656519617,-2.0758742266480112e-05,-0.28237099874522525,-1.3346231131265586e-05
encodec_ft_encodec_ft_53tet,3.0kbps,24000,20260826,670.0,220.0,323.9647527821156,220Hz_ongrid,2,220.01013482560268,323.94246782018934,220.000000934196,323.9647503842967,110.00175396568054,80.98757016071643,1200.0521470419853,2399.9582467170085,0,669.8011557823095,669.9999798348861,-0.19884421769052096,-2.0165113937764545e-05,-0.11909262208334614,-1.2813695939852082e-05
encodec_ft_encodec_ft_53tet,3.0kbps,24000,20260826,670.0,220.0,323.9647527821156,220Hz_ongrid,3,220.00402933830654,323.98621341254585,220.00000093336513,323.964750380547,109.99418817698373,80.99777741346877,1200.1231793054526,2399.973836924843,0,670.0829720228581,669.9999798213867,0.08297202285814365,-2.0178613340249285e-05,0.11467958554657053,-1.283373375719305e-05
encodec_ft_encodec_ft_53tet,3.0kbps,24000,20260826,670.0,220.0,323.9647527821156,220Hz_ongrid,4,220.00709785376856,323.9426263928388,220.00000092486292,323.96475036229685,109.99890269852861,80.98743168613885,1200.073123809947,2399.962054280798,0,669.825900977714,669.9999797907657,-0.1740990222859864,-2.0209234321555414e-05,-0.11824516819862348,-1.2931260604251222e-05
encodec_ft_encodec_ft_53tet,3.0kbps,24000,20260826,670.0,226.4,333.389181953959,226.4Hz_+49.6c,0,226.35144112812074,333.37693543015934,226.4000034251325,333.3891824658539,75.44683054911093,99.9360758550905,1902.0387492717139,2085.6921849235173,0,670.3077641824419,669.9999764669036,0.3077641824419288,-2.35330963960223e-05,-0.06359531006227989,2.6581840902658717e-06
encodec_ft_encodec_ft_53tet,3.0kbps,24000,20260826,670.0,226.4,333.389181953959,226.4Hz_+49.6c,1,226.32471873472792,333.3722231624679,226.4000034066802,333.38918250030014,75.43708464885283,83.34287026547885,1902.0580006318937,2400.003853803901,0,670.4876896221825,669.9999767868778,0.4876896221825291,-2.3213122176457546e-05,-0.08806639688933636,2.8370579160614215e-06
encodec_ft_encodec_ft_53tet,3.0kbps,24000,20260826,670.0,226.4,333.389181953959,226.4Hz_+49.6c,2,226.36085370550256,333.4171326358974,226.4000034342446,333.3891824872246,75.45073838880492,83.35548484149018,1902.021070674426,2399.975041730157,0,670.4445066275538,669.9999765081997,0.44450662755377834,-2.349180033434095e-05,0.14513711473942337,2.7691589849559194e-06
encodec_ft_encodec_ft_53tet,3.0kbps,24000,20260826,670.0,226.4,333.389181953959,226.4Hz_+49.6c,3,226.42585728851523,333.3635995768938,226.40000343992608,333.38918244677853,75.474294126455,83.34082233263653,1901.9777469329488,2400.0016111815785,0,669.6694358582789,669.9999762547249,-0.3305641417210836,-2.3745275143483013e-05,-0.13285008620841676,2.5591290174347662e-06
encodec_ft_encodec_ft_53tet,3.0kbps,24000,20260826,670.0,226.4,333.389181953959,226.4Hz_+49.6c,4,226.41297835146523,333.3640937759463,226.40000356699497,333.3891824996796,75.46977430833518,83.34064806508333,1901.9829517800538,2400.007797722841,0,669.770476472303,669.9999755577618,-0.22952352769698336,-2.4442238213850942e-05,-0.1302835984647501,2.833835397140922e-06
encodec_ft_encodec_ft_53tet,3.0kbps,24000,20260826,675.0,220.0,324.90175210668986,220Hz_ongrid,0,219.98872639191234,324.8786011967618,220.0000009337684,324.90174871718057,109.9899875078524,72.21406870907872,1200.0688716284599,2603.4586631449206,0,674.9653533978673,674.9999745909981,-0.034646602132738735,-2.540900186431827e-05,-0.12336366696073152,-1.8060948770858752e-05
encodec_ft_encodec_ft_53tet,3.0kbps,24000,20260826,675.0,220.0,324.90175210668986,220Hz_ongrid,1,220.00314083835855,325.00997542758813,220.00000092633695,324.90174868762256,73.33359391978219,72.24889912411382,1901.9735648722078,2603.3237866058585,0,675.5518544474893,674.9999744919787,0.5518544474892906,-2.5508021280984394e-05,0.5765702997383616,-1.8218448183721456e-05
encodec_ft_encodec_ft_53tet,3.0kbps,24000,20260826,675.0,220.0,324.90175210668986,220Hz_ongrid,2,219.99348231481167,324.93251927148657,220.00000093913792,324.901748731621,73.34913709734082,97.4473741115988,1901.5306599307041,2084.933904866803,0,675.2152246339318,674.9999746256899,0.21522463393182534,-2.5374310098413844e-05,0.1639346081769283,-1.7984003106121398e-05
encodec_ft_encodec_ft_53tet,3.0kbps,24000,20260826,675.0,220.0,324.90175210668986,220Hz_ongrid,3,220.0054957698489,324.92073227339773,220.00000092591492,324.9017486830458,73.3360773738453,97.54685196107745,1901.933468513506,2083.1046971459905,0,675.0578855529704,674.9999744709128,0.05788555297044695,-2.5529087224640534e-05,0.10113257592892026,-1.82428354214721e-05
encodec_ft_encodec_ft_53tet,3.0kbps,24000,20260826,675.0,220.0,324.90175210668986,220Hz_ongrid,4,220.0196188912802,324.8761919789277,220.0000009215026,324.90174867783617,110.0022972755965,72.22347561720548,1200.118223717419,2603.2203215649592,0,674.7094188980175,674.9999744778747,-0.29058110198252507,-2.5522125270072138e-05,-0.13620210998518567,-1.8270594906339234e-05
encodec_ft_encodec_ft_53tet,3.0kbps,24000,20260826,675.0,226.4,334.3534394407027,226.4Hz_+49.6c,0,226.37570293688515,334.34764217249557,226.40000342119774,334.35344062392704,75.45129809752162,83.586208940798,1902.1217929985792,2400.0145314969204,0,675.155786913039,674.9999799653734,0.15578691303903724,-2.0034626572851266e-05,-0.03001768170545265,6.1265654788633284e-06
encodec_ft_encodec_ft_53tet,3.0kbps,24000,20260826,675.0,226.4,334.3534394407027,226.4Hz_+49.6c,1,226.3572203872827,334.32237474622616,226.40000353267936,334.3534406244484,75.44748444615172,83.58157768892926,1902.0679464636605,2399.979618134916,0,675.166301779368,674.999979115596,0.16630177936804103,-2.0884403966192622e-05,-0.16085599538456835,6.1292651985741275e-06
encodec_ft_encodec_ft_53tet,3.0kbps,24000,20260826,675.0,226.4,334.3534394407027,226.4Hz_+49.6c,2,226.3999037605703,334.3381184844593,226.40000347193424,334.35344055876556,75.46301492551385,83.58461630152757,1902.0380393006374,2399.998204643792,0,674.9214043964225,674.9999792400051,-0.07859560357746886,-2.075999486805813e-05,-0.07933152677962808,5.789168940170183e-06
encodec_ft_encodec_ft_53tet,3.0kbps,24000,20260826,675.0,226.4,334.3534394407027,226.4Hz_+49.6c,3,226.43700182720755,334.376904030075,226.40000353617265,334.3534405806499,75.47273330706561,111.45788607569348,1902.0987576325226,1901.9718060689354,0,674.8385697951667,674.999978862101,-0.16143020483332293,-2.11378990115918e-05,0.12149200789848821,5.902482592273462e-06
encodec_ft_encodec_ft_53tet,3.0kbps,24000,20260826,675.0,226.4,334.3534394407027,226.4Hz_+49.6c,4,226.43542657509227,334.31851266803693,226.40000340612312,334.3534406066588,75.4796790581548,111.43716688076884,1901.9273958972515,1901.9913123005792,0,674.5482662336983,674.9999799912335,-0.45173376630168605,-2.0008766455248406e-05,-0.18085525473970096,6.037153360658855e-06
encodec_ft_encodec_ft_53tet,3.0kbps,24000,20260826,680.0,220.0,325.8414615030441,220Hz_ongrid,0,220.01698511823582,325.86708410890304,220.00000091006484,325.84146232093934,73.3463019158087,81.46518630396001,1901.782523957566,2400.033676964557,0,680.0024756605327,679.9999971840498,0.002475660532695656,-2.8159502107882872e-06,0.1361305694401799,4.34557349315291e-06
encodec_ft_encodec_ft_53tet,3.0kbps,24000,20260826,680.0,220.0,325.8414615030441,220Hz_ongrid,1,220.00740741681656,325.8822643151643,220.00000095123283,325.841462320857,110.00017737775404,81.46988196572362,1200.0554981454625,2400.014537333732,0,680.1584867709863,679.999996859651,0.1584867709863147,-3.1403490083903307e-06,0.2167765724463405,4.345136033230646e-06
encodec_ft_encodec_ft_53tet,3.0kbps,24000,20260826,680.0,220.0,325.8414615030441,220Hz_ongrid,2,219.9866375914381,325.8375492385186,220.00000094662772,325.8414623180864,109.98296038260415,108.61111049574247,1200.1630433750317,1901.9774106886953,0,680.0843688224857,679.9999968811696,0.0843688224856578,-3.1188303637463832e-06,-0.02078644683654358,4.33041577593426e-06
encodec_ft_encodec_ft_53tet,3.0kbps,24000,20260826,680.0,220.0,325.8414615030441,220Hz_ongrid,3,220.00625850454085,325.8522693865996,220.00000094574528,325.84146222133984,73.33755700765205,97.7758303025059,1901.9045413534134,2084.0019062927536,0,680.0081735962125,679.9999963740878,0.0081735962124867,-3.6259121998227783e-06,0.0574226055103345,3.816389603681519e-06
encodec_ft_encodec_ft_53tet,3.0kbps,24000,20260826,680.0,220.0,325.8414615030441,220Hz_ongrid,4,219.98953589834767,325.8551072493207,220.0000009398682,325.8414622865277,109.99074304344298,81.46547650231983,1200.0633501162408,2399.9638792773776,0,680.1548464835971,679.9999967666866,0.15484648359711173,-3.2333133503925637e-06,0.07249993851476043,4.162740616775211e-06
encodec_ft_encodec_ft_53tet,3.0kbps,24000,20260826,680.0,226.4,335.3204858376781,226.4Hz_+49.6c,0,226.37008605504784,335.34225518136185,226.4000034221661,335.3204816063337,75.45613004137822,111.77905429061704,1901.9679710611902,1901.9812905631961,0,680.3411506831997,679.9999519852946,0.3411506831996576,-4.801470538495778e-05,0.1123898100172575,-2.1846108089250275e-05
encodec_ft_encodec_ft_53tet,3.0kbps,24000,20260826,680.0,226.4,335.3204858376781,226.4Hz_+49.6c,1,226.38342559709162,335.3118823929751,226.40000352118486,335.320481667695,75.45913527801882,111.76866730886195,1902.0010367324983,1901.985362309291,0,680.0823261784378,679.9999515449223,0.08232617843782464,-4.845507771733537e-05,-0.04441949752345521,-2.152930445236444e-05
encodec_ft_encodec_ft_53tet,3.0kbps,24000,20260826,680.0,226.4,335.3204858376781,226.4Hz_+49.6c,2,226.4179804637392,335.31798356376623,226.40000344542145,335.32048142380063,75.47193596187788,83.83111811005996,1901.9716128819261,2399.9664985006807,0,679.849593468954,679.9999508650612,-0.15040653104597368,-4.9134938763018e-05,-0.012919097230486556,-2.2788512484083632e-05
encodec_ft_encodec_ft_53tet,3.0kbps,24000,20260826,680.0,226.4,335.3204858376781,226.4Hz_+49.6c,3,226.3586101049792,335.2981243892226,226.40000341540326,335.3204814457295,75.45231389657147,83.8250294113263,1901.9677612722385,2399.9897083154046,0,680.2010746151485,679.9999512078213,0.20107461514851366,-4.879217874531605e-05,-0.11545429958727846,-2.2675295317317433e-05
encodec_ft_encodec_ft_53tet,3.0kbps,24000,20260826,680.0,226.4,335.3204858376781,226.4Hz_+49.6c,4,226.38039105584903,335.3139164426013,226.4000034788334,335.3204815996055,75.46238795784603,83.82930385379463,1901.9032068158153,2399.9829674067264,0,680.1160344235342,679.9999515172341,0.11603442353418814,-4.8482765919288795e-05,-0.03391761711144926,-2.1880845213805443e-05
encodec_ft_encodec_ft_53tet,3.0kbps,24000,20260826,685.0,220.0,326.7838888094862,220Hz_ongrid,0,220.01548308669678,326.7842932963146,220.00000095373275,326.78389322275564,73.34602607224603,108.92811746539311,1901.7772158776277,1901.9546877668358,0,684.8803069611165,685.0000158754391,-0.11969303888349714,1.5875439089541032e-05,0.002142886967073901,2.3380596691780184e-05
encodec_ft_encodec_ft_53tet,3.0kbps,24000,20260826,685.0,220.0,326.7838888094862,220Hz_ongrid,1,220.02955411838138,326.8096535666661,220.0000009326288,326.78389335903177,110.01121442573755,108.93586949180938,1200.0560638522509,1901.9658345192402,0,684.9039380224248,685.0000167634742,-0.09606197757523205,1.676347415013879e-05,0.13649102087735887,2.4102559704308373e-05
encodec_ft_encodec_ft_53tet,3.0kbps,24000,20260826,685.0,220.0,326.7838888094862,220Hz_ongrid,2,220.02892543324867,326.7944264615331,220.00000095337592,326.7838932459554,73.34800111520809,108.93116567335444,1901.8363687314993,1901.959924703975,0,684.8282190420053,685.0000160011548,-0.1717809579946561,1.600115479050146e-05,0.05582542014050648,2.350350409243252e-05
encodec_ft_encodec_ft_53tet,3.0kbps,24000,20260826,685.0,220.0,326.7838888094862,220Hz_ongrid,3,219.99737068572296,326.8062702956962,220.0000009508994,326.78389321926863,73.32949067511306,108.93457296660686,1902.025028863355,1901.9685167647328,0,685.1392593088312,685.000015879262,0.13925930883124238,1.5879262036833097e-05,0.1185684651791679,2.3362123043930314e-05
encodec_ft_encodec_ft_53tet,3.0kbps,24000,20260826,685.0,220.0,326.7838888094862,220Hz_ongrid,4,220.0060362729686,326.77753087862123,220.00000093185264,326.78389327706185,73.33988246849982,108.92490775795191,1901.847897771339,1901.9698753331459,0,684.9188163947174,685.0000163353221,-0.08118360528260382,1.6335322129634733e-05,-0.03368334195929557,2.3668299625604924e-05
encodec_ft_encodec_ft_53tet,3.0kbps,24000,20260826,685.0,226.4,336.2903292112167,226.4Hz_+49.6c,0,226.4119877643542,336.2733666449428,226.400003401591,336.29033279153094,75.47484950298475,74.72770724598348,1901.8589591947318,2603.9032267852685,0,684.8210083979027,684.9999924203155,-0.17899160209731235,-7.5796845067088725e-06,-0.08732607031890169,1.8431579194788376e-05
encodec_ft_encodec_ft_53tet,3.0kbps,24000,20260826,685.0,226.4,336.2903292112167,226.4Hz_+49.6c,1,226.3789099832391,336.30620486243953,226.4000033118903,336.29033270572154,75.45575302649834,74.73549892973328,1902.0441035133917,2603.8917769923246,0,685.2430049783362,684.9999926644886,0.24300497833621648,-7.335511440942355e-06,0.08172646322366733,1.798982963171141e-05
encodec_ft_encodec_ft_53tet,3.0kbps,24000,20260826,685.0,226.4,336.2903292112167,226.4Hz_+49.6c,2,226.43821420723884,336.2572933656206,226.40000348722128,336.29033276777994,75.48104950454278,112.08399676689872,1901.9172760220463,1901.9823041213715,0,684.5377304968466,684.9999916432473,-0.46226950315337945,-8.356752687177504e-06,-0.17007801042404008,1.8309308378684066e-05
encodec_ft_encodec_ft_53tet,3.0kbps,24000,20260826,685.0,226.4,336.2903292112167,226.4Hz_+49.6c,3,226.3835774935422,336.2980370256599,226.40000343437865,336.29033281785985,75.45905435449158,84.07442116455299,1902.0040549407263,2400.001813958977,0,685.1652637066197,684.9999923051372,0.16526370661972578,-7.694862802054558e-06,0.039679636099415244,1.8567121422335897e-05
encodec_ft_encodec_ft_53tet,3.0kbps,24000,20260826,685.0,226.4,336.2903292112167,226.4Hz_+49.6c,4,226.39074929353148,336.3500928391956,226.40000344902762,336.2903327522081,75.46200390258416,112.1139917788244,1901.99123006493,1901.9967831243791,0,685.3783775411898,684.999991855142,0.3783775411898205,-8.144858043124259e-06,0.3076378538466283,1.822914404077971e-05
encodec_ft_encodec_ft_53tet,3.0kbps,24000,20260826,690.0,220.0,327.72904188699454,220Hz_ongrid,0,220.0121157175435,327.7275996346703,220.00000092863064,327.7290357281391,73.3494852076001,81.93034598848143,1901.6690725838703,2400.0328348915414,0,689.8970423289262,689.999960158122,-0.10295767107379561,-3.984187799233041e-05,-0.007618738366286215,-3.253425538374261e-05
encodec_ft_encodec_ft_53tet,3.0kbps,24000,20260826,690.0,220.0,327.72904188699454,220Hz_ongrid,1,219.99545746029455,327.7764495000821,220.00000095087165,327.7290357230958,109.9902745388235,81.94335609971819,1200.117324123508,2400.0159779093065,0,690.2861601138109,689.9999599564609,0.28616011381086537,-4.0043539115686144e-05,0.2504133838194212,-3.256089661669392e-05
encodec_ft_encodec_ft_53tet,3.0kbps,24000,20260826,690.0,220.0,327.72904188699454,220Hz_ongrid,2,220.01713771273666,327.7091262398985,220.00000093479034,327.72903577669575,73.34753623389773,109.23617128463916,1901.7545906085825,1901.9582360040129,0,689.7599364508483,689.9999603661513,-0.24006354915172778,-3.96338487007597e-05,-0.10520792974554362,-3.22777539434914e-05
encodec_ft_encodec_ft_53tet,3.0kbps,24000,20260826,690.0,220.0,327.72904188699454,220Hz_ongrid,3,219.9859080347137,327.7468156760989,220.0000009405613,327.72903569858215,109.98582897580935,109.24864969476107,1200.1121482205194,1901.9595784086912,0,690.2047844757775,689.9999599081019,0.20478447577750103,-4.009189808584779e-05,0.09388778711206151,-3.2690390330411236e-05
encodec_ft_encodec_ft_53tet,3.0kbps,24000,20260826,690.0,220.0,327.72904188699454,220Hz_ongrid,4,220.00161239986022,327.75511648198005,220.00000094218652,327.7290356349257,73.33338805148637,109.25144113062969,1901.9663974182354,1901.9591900485966,0,690.1250456732546,689.9999595590464,0.12504567325458993,-4.044095362587541e-05,0.13773399738821485,-3.302665670777723e-05
encodec_ft_encodec_ft_53tet,3.0kbps,24000,20260826,690.0,226.4,337.2629776509798,226.4Hz_+49.6c,0,226.37483723814614,337.1948883433049,226.40000336605715,337.2629716809223,75.45726605896718,112.39591143369124,1901.978242678324,1901.9917317095214,0,689.8428746786807,689.9999436150326,-0.15712532131931312,-5.6384967365374905e-05,-0.3495504587254107,-3.064542372090393e-05
encodec_ft_encodec_ft_53tet,3.0kbps,24000,20260826,690.0,226.4,337.2629776509798,226.4Hz_+49.6c,1,226.3411779495091,337.19990159592265,226.40000350779212,337.2629716487758,75.44396874002737,112.39821997368571,1902.0259197436742,1901.981912606731,0,690.1260470272456,689.9999423662003,0.12604702724559047,-5.763379965628701e-05,-0.32381148873898663,-3.081043779700641e-05
encodec_ft_encodec_ft_53tet,3.0kbps,24000,20260826,690.0,226.4,337.2629776509798,226.4Hz_+49.6c,2,226.42170311886775,337.2382566749986,226.4000034354236,337.26297183425095,75.47509541817452,112.41228230804558,1901.9276042100248,1901.9622379262653,0,689.707146633697,689.9999438716661,-0.2928533663030066,-5.6128333881133585e-05,-0.12690205202297392,-2.9858359113666417e-05
encodec_ft_encodec_ft_53tet,3.0kbps,24000,20260826,690.0,226.4,337.2629776509798,226.4Hz_+49.6c,3,226.40189901023072,337.1291295315242,226.4000035271677,337.26297165573374,75.46364665628171,112.37529030557704,1902.0388037172097,1901.9717346675213,0,689.2982748759142,689.9999422537556,-0.7017251240857831,-5.774624435161968e-05,-0.6872038458924806,-3.077472138477244e-05
encodec_ft_encodec_ft_53tet,3.0kbps,24000,20260826,690.0,226.4,337.2629776509798,226.4Hz_+49.6c,4,226.40859350184203,337.261091227127,226.40000345547568,337.26297158848377,75.46932339978562,74.95835492977014,1901.959766956435,2603.6456307127114,0,689.9246051189186,689.9999424567629,-0.07539488108136538,-5.7543237062418484e-05,-0.009683394131111984,-3.111992820495653e-05
encodec_ft_encodec_ft_53tet,3.0kbps,24000,20260826,695.0,220.0,328.67692861928356,220Hz_ongrid,0,220.02820457993752,328.6887354001174,220.00000095110946,328.67692976685277,73.34846298728922,109.56279744338225,1901.8197953563028,1901.9568078476793,0,694.8402539836803,694.9999985600566,-0.1597460163196729,-1.4399433894141112e-06,0.06218852644877799,6.044570574359907e-06
encodec_ft_encodec_ft_53tet,3.0kbps,24000,20260826,695.0,220.0,328.67692861928356,220Hz_ongrid,1,220.00461912810502,328.68619640591004,220.00000095435598,328.676929987437,109.99913242954273,82.1712086533946,1200.0500029762745,2400.007172756757,0,695.0124666845762,694.9999996963882,0.012466684576224907,-3.036118414456723e-07,0.04881535686306549,7.206449903146389e-06
encodec_ft_encodec_ft_53tet,3.0kbps,24000,20260826,695.0,220.0,328.67692861928356,220Hz_ongrid,2,219.9951322355237,328.69567331001446,220.00000092775733,328.6769299309311,109.99382690481649,109.56506295119232,1200.0588518730613,1901.957552490389,0,695.137036813925,694.9999996080671,0.13703681392496492,-3.919328719348414e-07,0.09873075557494936,6.908817625834385e-06
encodec_ft_encodec_ft_53tet,3.0kbps,24000,20260826,695.0,220.0,328.67692861928356,220Hz_ongrid,3,220.00678736716148,328.62932535930537,220.00000094873252,328.67692988913194,109.9927721345424,82.1569663574718,1200.1671700713046,2400.007690990843,0,694.69583141335,694.9999992228401,-0.30416858665000746,-7.771599257466733e-07,-0.25075795085188257,6.688649582792432e-06
encodec_ft_encodec_ft_53tet,3.0kbps,24000,20260826,695.0,220.0,328.67692861928356,220Hz_ongrid,4,219.9911918639371,328.69908287245653,220.00000093340762,328.6769299209925,109.98825548409341,109.56568370053897,1200.115536056122,1901.965702086997,0,695.1860035391613,694.999999511254,0.18600353916133372,-4.88745968141302e-07,0.11668876493418524,6.856468127076582e-06
encodec_ft_encodec_ft_53tet,3.0kbps,24000,20260826,695.0,226.4,338.23843927002633,226.4Hz_+49.6c,0,226.44951430479574,338.19717601381245,226.4000035515162,338.23844024499243,75.48401706201547,75.15644024912521,1901.9356062086483,2603.875166682796,0,694.4102016791821,694.9999778325396,-0.589798320817863,-2.2167460429045605e-05,-0.2112140538060206,4.99025026160141e-06
encodec_ft_encodec_ft_53tet,3.0kbps,24000,20260826,695.0,226.4,338.23843927002633,226.4Hz_+49.6c,1,226.35492587020823,338.2593811483202,226.4000034323287,338.2384402786396,75.44817973406121,75.16436622567234,1902.0344432095076,2604.011000165143,0,695.4518921242853,694.9999789161607,0.45189212428533665,-2.1083839328639442e-05,0.10718524634090727,5.162469545230959e-06
encodec_ft_encodec_ft_53tet,3.0kbps,24000,20260826,695.0,226.4,338.23843927002633,226.4Hz_+49.6c,2,226.37897147747645,338.2177046706585,226.40000340758735,338.23844024948414,75.45693183819178,75.15931464443106,1902.0175277020278,2603.9140392140253,0,695.0546773531646,694.999978956124,0.05467735316460676,-2.1043876017756702e-05,-0.1061308844693082,5.0132407410046265e-06
encodec_ft_encodec_ft_53tet,3.0kbps,24000,20260826,695.0,226.4,338.23843927002633,226.4Hz_+49.6c,3,226.3699016280857,338.2892406582043,226.40000348370552,338.2384402633696,75.45173019826385,112.76005848374857,1902.0675117121784,1902.0013937249396,0,695.4901727975665,694.9999784451354,0.49017279756651533,-2.1554864588324563e-05,0.2600014625510416,5.084311833073941e-06
encodec_ft_encodec_ft_53tet,3.0kbps,24000,20260826,695.0,226.4,338.23843927002633,226.4Hz_+49.6c,4,226.39313582373657,338.2832662627284,226.40000348269695,338.23844027847093,75.46423115254467,112.7589718316475,1901.9583836534932,1901.9875025281378,0,695.281916271596,694.9999785301419,0.28191627159594645,-2.1469858097589167e-05,0.22942653742493993,5.161606157722225e-06
encodec_ft_encodec_ft_53tet,3.0kbps,24000,20260826,700.0,220.0,329.6275569128699,220Hz_ongrid,0,220.02134218103112,329.65814329198633,220.0000009294937,329.6275607966352,73.34433731818335,59.93659745050174,1901.8631798933836,2951.353954638654,0,699.9926962852866,700.0000130834757,-0.007303714713430054,1.3083475664643629e-05,0.1606350053871596,2.0397890027765377e-05
encodec_ft_encodec_ft_53tet,3.0kbps,24000,20260826,700.0,220.0,329.6275569128699,220Hz_ongrid,1,220.01598508026365,329.6607198362917,220.0000009259867,329.6275608114082,110.00483345859392,82.41474239462009,1200.0497162790193,2400.009191613617,0,700.0483799890299,700.0000131886623,0.04837998902985419,1.3188662251195638e-05,0.17416594308625064,2.047547919510188e-05
encodec_ft_encodec_ft_53tet,3.0kbps,24000,20260826,700.0,220.0,329.6275569128699,220Hz_ongrid,2,220.01885875105964,329.60960453176654,220.00000095508358,329.62756067664264,110.00189542314584,109.86951167211542,1200.1185669411175,1901.9606183731607,0,699.7573121014514,700.0000122518908,-0.24268789854863826,1.2251890780135e-05,-0.09429011364464343,1.9767678273198707e-05
encodec_ft_encodec_ft_53tet,3.0kbps,24000,20260826,700.0,220.0,329.6275569128699,220Hz_ongrid,3,220.000543306395,329.622845456571,220.00000094866272,329.62756084787736,109.99394050570207,82.40437717738983,1200.0996453316584,2400.0280297104982,0,699.9709794179358,700.0000132017585,-0.029020582064163136,1.3201758520153817e-05,-0.02474517584285622,2.066701859847909e-05
encodec_ft_encodec_ft_53tet,3.0kbps,24000,20260826,700.0,220.0,329.6275569128699,220Hz_ongrid,4,219.9970597820201,329.63474242851896,220.00000093932982,329.6275606815593,109.9901682201551,82.40757418761208,1200.1316068454648,2400.0233487559317,0,700.0608760256885,700.0000124016839,0.06087602568845796,1.2401683875395975e-05,0.037738573446859124,1.9793501093950918e-05
encodec_ft_encodec_ft_53tet,3.0kbps,24000,20260826,700.0,226.4,339.2167222048807,226.4Hz_+49.6c,0,226.37687931432643,339.2033217193153,226.40000344150644,339.2167250317723,75.45704523529666,113.06446491548932,1901.998926096025,1902.0056671288926,0,700.1084157685524,699.9999881108982,0.10841576855239055,-1.188910175642377e-05,-0.06839236869725243,1.442738708033239e-05
encodec_ft_encodec_ft_53tet,3.0kbps,24000,20260826,700.0,226.4,339.2167222048807,226.4Hz_+49.6c,1,226.38867762026618,339.2183352716891,226.4000034881061,339.216725053068,75.45916962016898,113.06744124267121,1902.0404124432055,1902.0367192777812,0,700.0948145290726,699.9999878632456,0.09481452907255061,-1.2136754435232433e-05,0.008232464261586211,1.453607242129643e-05
encodec_ft_encodec_ft_53tet,3.0kbps,24000,20260826,700.0,226.4,339.2167222048807,226.4Hz_+49.6c,2,226.37155868773,339.2085198749895,226.40000341871124,339.21672513268834,75.45679517257648,113.06724353732601,1901.9639730044892,1901.9896518845474,0,700.1756364033286,699.9999888002459,0.17563640332855357,-1.1199754112567462e-05,-0.041862100373614056,1.4942424635241639e-05
encodec_ft_encodec_ft_53tet,3.0kbps,24000,20260826,700.0,226.4,339.2167222048807,226.4Hz_+49.6c,3,226.43254152487012,339.16469740628656,226.40000345553494,339.21672504767736,75.47642116331572,113.05268285794392,1901.980063900556,1901.988939533082,0,699.4856442724325,699.9999880847986,-0.5143557275674766,-1.191520141219371e-05,-0.2655352882457898,1.4508560497753029e-05
encodec_ft_encodec_ft_53tet,3.0kbps,24000,20260826,700.0,226.4,339.2167222048807,226.4Hz_+49.6c,4,226.39051055313627,339.24441150809423,226.4000035312073,339.21672517031186,75.46086398338218,113.07774826952047,1902.015556384443,1902.011987769138,0,700.2138753411905,699.9999881320281,0.21387534119048723,-1.186797192076483e-05,0.14130997978465273,1.5134440709090614e-05
encodec_ft_encodec_ft_53tet,3.0kbps,24000,20260826,705.0,220.0,330.5809346971381,220Hz_ongrid,0,220.01686535720023,330.60080210408296,220.00000095045203,330.5809314106381,73.34381822204368,82.64932693975719,1901.8402066156045,2400.018298688538,0,704.9713288312843,704.9999753094407,-0.028671168715732165,-2.469055925757857e-05,0.10404138367871237,-1.721121880351925e-05
encodec_ft_encodec_ft_53tet,3.0kbps,24000,20260826,705.0,220.0,330.5809346971381,220Hz_ongrid,1,220.0005008373707,330.5730754575749,220.0000009288575,330.58093164997103,73.32762676703514,82.6433332866197,1902.0936664317217,2399.998650465922,0,704.9548999005265,704.9999767327465,-0.045100099473529554,-2.3267253482117667e-05,-0.041158891644943685,-1.5957845368807444e-05
encodec_ft_encodec_ft_53tet,3.0kbps,24000,20260826,705.0,220.0,330.5809346971381,220Hz_ongrid,2,220.03090981032656,330.603259194647,220.0000009203339,330.58093166346805,73.34164686050022,82.65037774978448,1902.001968231832,2400.00915460906,0,704.8736884041869,704.9999768705042,-0.12631159581314932,-2.312949584393209e-05,0.11690820980739913,-1.5887162146761864e-05
encodec_ft_encodec_ft_53tet,3.0kbps,24000,20260826,705.0,220.0,330.5809346971381,220Hz_ongrid,3,220.00047699806925,330.59013781672024,220.0000009358956,330.5809314560173,109.99234057422042,82.6471303830955,1200.1243056144785,2400.008464176633,0,705.0444419458422,704.9999756616373,0.04444194584220895,-2.433836266391154e-05,0.04819555676761952,-1.6973570235451833e-05
encodec_ft_encodec_ft_53tet,3.0kbps,24000,20260826,705.0,220.0,330.5809346971381,220Hz_ongrid,4,220.0217372671057,330.5568019134806,220.00000094050915,330.58093138472503,110.00391405403046,60.10434291595633,1200.109447235527,2951.2284695322405,0,704.7025658899825,704.9999752519785,-0.29743411001754794,-2.4748021473897097e-05,-0.12638666490072953,-1.734692383200449e-05
encodec_ft_encodec_ft_53tet,3.0kbps,24000,20260826,705.0,226.4,340.1978346156003,226.4Hz_+49.6c,0,226.35046214489842,340.16531600734896,226.40000344959222,340.1978300598949,75.44676681269007,85.0409941879448,1902.0327240897811,2400.006816007682,0,705.2133552189308,704.9999504381341,0.21335521893081477,-4.9561865921532444e-05,-0.16549197828919562,-2.3183546680552753e-05
encodec_ft_encodec_ft_53tet,3.0kbps,24000,20260826,705.0,226.4,340.1978346156003,226.4Hz_+49.6c,1,226.3439521469988,340.17772271784685,226.40000348284156,340.1978300586675,75.44329242383809,75.5823568627222,1902.0626585301318,2604.200705401902,0,705.3262888795421,704.999950177637,0.3262888795420622,-4.982236305295373e-05,-0.1023505380725684,-2.3189792785702074e-05
encodec_ft_encodec_ft_53tet,3.0kbps,24000,20260826,705.0,226.4,340.1978346156003,226.4Hz_+49.6c,2,226.37683763879332,340.19755575384113,226.40000348133646,340.19783005380407,75.45585380778776,85.05154689692483,1902.0259428805045,2399.956073949245,0,705.1757077527789,704.9999501643968,0.1757077527788624,-4.983560324944847e-05,-0.0014191012440420445,-2.3214542331065187e-05
encodec_ft_encodec_ft_53tet,3.0kbps,24000,20260826,705.0,226.4,340.1978346156003,226.4Hz_+49.6c,3,226.37043694803222,340.1550144927239,226.400003576024,340.19783005258057,75.45621100044349,113.3838122853647,1901.9687971297708,1901.9732095016175,0,705.0081561140347,704.9999494341142,0.008156114034704842,-5.0565885771902686e-05,-0.21792120045895771,-2.3220768446832965e-05
encodec_ft_encodec_ft_53tet,3.0kbps,24000,20260826,705.0,226.4,340.1978346156003,226.4Hz_+49.6c,4,226.42643992209838,340.16393794362403,226.40000344890876,340.1978300583331,75.47462716619714,113.38481606146073,1901.9745624276864,1902.0032988230878,0,704.6253256836955,704.9999504354126,-0.3746743163045494,-4.9564587357053824e-05,-0.17250549660706851,-2.3191494381815165e-05
encodec_ft_encodec_ft_53tet,3.0kbps,24000,20260826,710.0,220.0,331.5370699244067,220Hz_ongrid,0,220.00646072826555,331.5419518724452,220.00000094458647,331.53707460387756,109.99606977995553,110.51330705918805,1200.1126971507192,1901.9656047086357,0,709.9746522599814,710.0000170022722,-0.025347740018560216,1.7002272215904668e-05,0.02549257145044701,2.4435455168984015e-05
encodec_ft_encodec_ft_53tet,3.0kbps,24000,20260826,710.0,220.0,331.5370699244067,220Hz_ongrid,1,220.01451076106505,331.5158336331305,220.0000009541388,331.53707466140435,110.00506751387971,110.50522679536843,1200.0344317917695,1901.9558011485183,0,709.7749189218856,710.0000172274983,-0.2250810781143855,1.722749834698334e-05,-0.11089609999001625,2.4735850975219686e-05
encodec_ft_encodec_ft_53tet,3.0kbps,24000,20260826,710.0,220.0,331.5370699244067,220Hz_ongrid,2,219.98965850295647,331.5633749309866,220.00000094452298,331.53707470920943,73.32405436191317,110.52041073431559,1902.0926885488104,1901.966189000168,0,710.2187368211763,710.0000175527983,0.21873682117632143,1.7552798340148e-05,0.13735512750519022,2.4985481441645372e-05
encodec_ft_encodec_ft_53tet,3.0kbps,24000,20260826,710.0,220.0,331.5370699244067,220Hz_ongrid,3,219.99030010216447,331.54986071462054,220.00000091441413,331.53707467413926,109.99229204198433,110.51636190897004,1200.0449833191933,1901.9590475770256,0,710.1431227533844,710.0000176066012,0.14312275338443214,1.7606601204533945e-05,0.066790191488471,2.4802350648786832e-05
encodec_ft_encodec_ft_53tet,3.0kbps,24000,20260826,710.0,220.0,331.5370699244067,220Hz_ongrid,4,219.98746372057502,331.53658190531223,220.0000009355518,331.53707468704323,109.98693215475302,82.8845974193545,1200.1070265134565,2399.9905601123355,0,710.0961055132426,710.0000175076462,0.09610551324260541,1.750764624830481e-05,-0.002548360263135237,2.4869733314820256e-05
encodec_ft_encodec_ft_53tet,3.0kbps,24000,20260826,710.0,226.4,341.181784685844,226.4Hz_+49.6c,0,226.4032912627235,341.20735021348804,226.40000352965396,341.18178033465756,75.46470358578378,85.30067418813975,1902.02520269702,2400.0236111119475,0,710.104553023983,709.9999509305545,0.10455302398304411,-4.906944548110914e-05,0.12972044746003314,-2.2078910578378298e-05
encodec_ft_encodec_ft_53tet,3.0kbps,24000,20260826,710.0,226.4,341.181784685844,226.4Hz_+49.6c,1,226.39204928065632,341.184430750654,226.4000034815411,341.18178033437437,75.46303663776186,85.29841765651236,1901.9774785359868,2399.953115767161,0,710.0742252597743,709.9999512970268,0.0742252597742663,-4.870297323122941e-05,0.013426683184139082,-2.208034769959477e-05
encodec_ft_encodec_ft_53tet,3.0kbps,24000,20260826,710.0,226.4,341.181784685844,226.4Hz_+49.6c,2,226.3785721193351,341.1685515066969,226.40000354820341,341.1817803412138,75.45712359258057,85.29291638994697,1902.0100741258575,2399.9841980448846,0,710.0967128673284,709.9999508219787,0.09671286732839235,-4.917802129966731e-05,-0.06714946591090121,-2.204564267336958e-05
encodec_ft_encodec_ft_53tet,3.0kbps,24000,20260826,710.0,226.4,341.181784685844,226.4Hz_+49.6c,3,226.3737930856685,341.1949045413982,226.40000344881926,341.18178033942445,75.45570851479032,85.30037081462024,1902.0059928303006,2399.966619697241,0,710.2669823156943,709.999951572869,0.2669823156943494,-4.842713099151297e-05,0.06657185397945695,-2.2054722273362043e-05
encodec_ft_encodec_ft_53tet,3.0kbps,24000,20260826,710.0,226.4,341.181784685844,226.4Hz_+49.6c,4,226.3818642458662,341.1752134167639,226.40000345859252,341.1817803407498,75.45810398469757,85.29478820424485,1902.0127572709553,2399.9800103168573,0,710.1053414852247,709.9999515048604,0.10534148522469877,-4.8495139594706416e-05,-0.03334443644309893,-2.2047997191879866e-05
encodec_ft_encodec_ft_53tet,3.0kbps,24000,20260826,715.0,220.0,332.49597056999454,220Hz_ongrid,0,219.99609519618923,332.52095013941613,220.00000093746257,332.4959636697628,109.99342268592984,83.13068935033269,1200.0727919623832,2399.9905907135826,0,715.1607864213136,714.9999566948734,0.1607864213135599,-4.330512660999375e-05,0.13005828810468092,-3.592800322535183e-05
encodec_ft_encodec_ft_53tet,3.0kbps,24000,20260826,715.0,220.0,332.49597056999454,220Hz_ongrid,1,220.02316465607754,332.5102746900577,220.00000094333484,332.4959636698289,73.34185917860636,83.1276110145214,1901.9360154250742,2399.9991181757546,0,714.8921980600317,714.9999566490073,-0.10780193996833987,-4.3350992655177834e-05,0.07447683349043951,-3.5927658985132586e-05
encodec_ft_encodec_ft_53tet,3.0kbps,24000,20260826,715.0,220.0,332.49597056999454,220Hz_ongrid,2,220.01836430368755,332.50046296541416,220.00000094133924,332.4959637621157,110.00522523409647,83.12603541588112,1200.0622718377003,2399.9808461854836,0,714.8788835795906,714.9999571452286,-0.12111642040940751,-4.285477143639582e-05,0.02339076578524312,-3.544714153995441e-05
encodec_ft_encodec_ft_53tet,3.0kbps,24000,20260826,715.0,220.0,332.49597056999454,220Hz_ongrid,3,220.0181545473058,332.48347612541244,220.0000009436105,332.49596373791763,110.00315156798402,83.12109276909595,1200.0932564837437,2399.9953400165123,0,714.7920862292709,714.9999570013614,-0.20791377072907835,-4.299863860524056e-05,-0.06505707204872235,-3.55731357666344e-05
encodec_ft_encodec_ft_53tet,3.0kbps,24000,20260826,715.0,220.0,332.49597056999454,220Hz_ongrid,4,219.99830047690878,332.46802205490076,220.0000009246394,332.4959636591891,109.99604464942482,83.11726839097403,1200.0488783536705,2399.9945245702556,0,714.8678460734822,714.9999567407273,-0.1321539265178444,-4.32592727293013e-05,-0.1455279429153104,-3.5983058019143645e-05
encodec_ft_encodec_ft_53tet,3.0kbps,24000,20260826,715.0,226.4,342.1685806229399,226.4Hz_+49.6c,0,226.39975100405422,342.1694628736377,226.4000033449874,342.16858498979485,75.4658713113266,85.54354371527832,1901.971342694049,2399.976159482731,0,715.0063678460851,714.9999965160849,0.006367846085140627,-3.4839150657717255e-06,0.00446382445741716,2.209451258538758e-05
encodec_ft_encodec_ft_53tet,3.0kbps,24000,20260826,715.0,226.4,342.1685806229399,226.4Hz_+49.6c,1,226.35938333964455,342.1685505802966,226.40000368747363,342.1685850144078,75.44868054026796,85.54218981823026,1902.0570435477289,2399.998944100308,0,715.3104630742863,714.9999940216952,0.3104630742863037,-5.978304784548527e-06,-0.00015200358022963818,2.2219044123347817e-05
encodec_ft_encodec_ft_53tet,3.0kbps,24000,20260826,715.0,226.4,342.1685806229399,226.4Hz_+49.6c,2,226.3703943032394,342.1744936007249,226.4000035583373,342.1685850268438,75.45417413624594,85.54420159238684,1902.0152045364266,2399.988298570827,0,715.2563204606265,714.999995072095,0.2563204606265117,-4.9279050244877e-06,0.029917007590308693,2.2281964928967646e-05
encodec_ft_encodec_ft_53tet,3.0kbps,24000,20260826,715.0,226.4,342.1685806229399,226.4Hz_+49.6c,3,226.33533143043678,342.1674764649725,226.40000351842275,342.1685849899061,75.4410160851686,85.54366189095116,1902.0489571539738,2399.963717415509,0,715.4889912363099,714.9999951904235,0.4889912363098574,-4.809576466868748e-06,-0.0055865998844017665,2.209507536334859e-05
encodec_ft_encodec_ft_53tet,3.0kbps,24000,20260826,715.0,226.4,342.1685806229399,226.4Hz_+49.6c,4,226.38660653370232,342.17856607974016,226.40000352426767,342.16858500244615,75.45661544087349,85.54750932958574,1902.0831750655548,2399.941962858152,0,715.1529417193241,714.999995209176,0.15294171932407608,-4.790824050360243e-06,0.050521618721094994,2.215852281228341e-05
encodec_ft_encodec_ft_53tet,3.0kbps,24000,20260826,720.0,220.0,333.45764463228755,220Hz_ongrid,0,219.99518712361086,333.45771665540235,220.0000009318515,333.45765127517274,109.99161846644485,66.69231410653275,1200.094043598246,2786.2937055559914,0,720.0382480481195,720.0000271553362,0.03824804811949889,2.715533616992616e-05,0.00037392711547815885,3.4488304794944864e-05
encodec_ft_encodec_ft_53tet,3.0kbps,24000,20260826,720.0,220.0,333.45764463228755,220Hz_ongrid,1,220.0132395554412,333.42621666090855,220.00000093156055,333.4576513041463,109.99984396965131,83.35628570401029,1200.1066378636647,2400.00557568571,0,719.7326434587087,720.0000273080498,-0.26735654129129216,2.7308049766361364e-05,-0.1631743616623606,3.463872873096663e-05
encodec_ft_encodec_ft_53tet,3.0kbps,24000,20260826,720.0,220.0,333.45764463228755,220Hz_ongrid,2,220.01695045692253,333.44502603899554,220.00000093800702,333.4576513033024,73.34039375673409,83.361008162657,1901.9217104413208,2400.0051576427695,0,719.8011038057211,720.0000272529396,-0.19889619427885918,2.725293961702846e-05,-0.06551402272570185,3.463434721241944e-05
encodec_ft_encodec_ft_53tet,3.0kbps,24000,20260826,720.0,220.0,333.45764463228755,220Hz_ongrid,3,219.9945976132237,333.41439384155325,220.0000009484527,333.4576512766853,109.98888694568288,66.68397027625618,1200.1323983141353,2786.285376152222,0,719.8179506839781,720.0000270325502,-0.182049316021903,2.7032550178773818e-05,-0.2245625467956844,3.44961575463828e-05
encodec_ft_encodec_ft_53tet,3.0kbps,24000,20260826,720.0,220.0,333.45764463228755,220Hz_ongrid,4,219.99091992444968,333.42358205577574,220.00000093344394,333.45765121387757,109.9807916982264,66.6812288380454,1200.2308812694166,2786.4042587982703,0,719.8946008616275,720.0000268245748,-0.1053991383724906,2.6824574774764187e-05,-0.17685395823882832,3.417007461844733e-05
encodec_ft_encodec_ft_53tet,3.0kbps,24000,20260826,720.0,226.4,343.1582306579541,226.4Hz_+49.6c,0,226.39167393033372,343.1660978512147,226.4000035017466,343.1582364182959,75.4598274238173,85.79144603659195,1902.0482339023722,2400.0015826061026,0,720.1033584589977,720.0000022838042,0.10335845899771812,2.2838041786599206e-06,0.039689552819853605,2.9060937212764623e-05
encodec_ft_encodec_ft_53tet,3.0kbps,24000,20260826,720.0,226.4,343.1582306579541,226.4Hz_+49.6c,1,226.3441004791403,343.1960523913769,226.40000343599547,343.1582361723298,75.44289668304826,85.79978872212544,1902.0728743567372,2399.9843496906656,0,720.6183050879581,720.0000015456898,0.618305087958106,1.545689769955061e-06,0.19080021609731745,2.7820037568839645e-05
encodec_ft_encodec_ft_53tet,3.0kbps,24000,20260826,720.0,226.4,343.1582306579541,226.4Hz_+49.6c,2,226.38744940529787,343.1241867303337,226.40000339243446,343.1582362039438,75.45989282583996,85.78188959717298,1902.0144278596852,2399.9829883718526,0,719.9242142543702,720.0000020382846,-0.07578574562978702,2.0382846059874282e-06,-0.1717602118762817,2.7979530149452452e-05
encodec_ft_encodec_ft_53tet,3.0kbps,24000,20260826,720.0,226.4,343.1582306579541,226.4Hz_+49.6c,3,226.41324681902748,343.1705822804737,226.4000034346924,343.1582362714796,75.47221580465012,85.79220728094757,1901.9289989348936,2400.0088443836776,0,719.9610201157351,720.0000020558654,-0.038979884264904285,2.0558653659463744e-06,0.06231284208473088,2.8320248765188143e-05
encodec_ft_encodec_ft_53tet,3.0kbps,24000,20260826,720.0,226.4,343.1582306579541,226.4Hz_+49.6c,4,226.3983772141536,343.20836212612886,226.40000346428397,343.1582362758875,75.46866141400997,85.80218445745231,1901.896832054334,2399.9981048519803,0,720.2653040508907,720.0000018518223,0.265304050890677,1.851822275966697e-06,0.25289489815085464,2.8342486182791353e-05
encodec_ft_encodec_ft_53tet,3.0kbps,24000,20260826,725.0,220.0,334.42210013280527,220Hz_ongrid,0,220.02358310821714,334.4609167310669,220.00000095127538,334.42209568672996,110.00777874655705,83.61570441223627,1200.0631499194076,2399.9901605113228,0,725.0153625139977,724.999969497768,0.015362513997729366,-3.050223199352331e-05,0.20093384032988265,-2.301641257748882e-05
encodec_ft_encodec_ft_53tet,3.0kbps,24000,20260826,725.0,220.0,334.42210013280527,220Hz_ongrid,1,220.02194983363353,334.412584743292,220.00000093901718,334.42209577146855,110.0068544249372,83.60303104878459,1200.0648450706287,2400.0023842320243,0,724.7780200783255,724.9999700329048,-0.22197992167446046,-2.9967095201755e-05,-0.04925990439539554,-2.2577738293432284e-05
encodec_ft_encodec_ft_53tet,3.0kbps,24000,20260826,725.0,220.0,334.42210013280527,220Hz_ongrid,2,220.02240389877227,334.41537942706105,220.00000092509333,334.42209576078506,110.00665910417183,111.47085197185325,1200.0714917259725,1901.9696179559444,0,724.7889151394429,724.9999700871687,-0.21108486055709363,-2.9912831337242096e-05,-0.0347920532988767,-2.2633044683920438e-05
encodec_ft_encodec_ft_53tet,3.0kbps,24000,20260826,725.0,220.0,334.42210013280527,220Hz_ongrid,3,220.00792038413516,334.37321073039857,220.0000009435164,334.422095798829,109.99135635176687,83.59349407316002,1200.1983696548114,2399.996036267681,0,724.6845648465467,724.9999701391387,-0.31543515345333617,-2.98608613320539e-05,-0.2531088267545598,-2.2436098916861782e-05
encodec_ft_encodec_ft_53tet,3.0kbps,24000,20260826,725.0,220.0,334.42210013280527,220Hz_ongrid,4,220.00437831109622,334.418378700891,220.0000009146119,334.42209580250574,109.99597714377025,83.60607068180232,1200.0977685085907,2399.9694360064677,0,724.9462811466029,724.999970385629,-0.05371885339707205,-2.9614370987474103e-05,-0.019265190565474512,-2.2417065181426028e-05
encodec_ft_encodec_ft_53tet,3.0kbps,24000,20260826,725.0,226.4,344.1507430457596,226.4Hz_+49.6c,0,226.40714780497711,344.1482675552024,226.4000034956295,344.1507434184167,75.46687255767876,86.03655686766363,1902.004934579531,2400.010262653145,0,724.93289019109,724.9999751442773,-0.06710980891000418,-2.485572269961267e-05,-0.012452883048862277,1.8746337848191803e-06
encodec_ft_encodec_ft_53tet,3.0kbps,24000,20260826,725.0,226.4,344.1507430457596,226.4Hz_+49.6c,1,226.39776027293348,344.1571554416666,226.40000346810254,344.15074339304863,75.46696618289549,86.0387846821837,1901.931003047668,2400.010144819799,0,725.0493837691577,724.9999752271574,0.0493837691576573,-2.477284260749002e-05,0.03225695406063219,1.7470208053760879e-06
encodec_ft_encodec_ft_53tet,3.0kbps,24000,20260826,725.0,226.4,344.1507430457596,226.4Hz_+49.6c,2,226.4500334290381,344.1481696586529,226.40000353471547,344.1507434143979,75.48468014652069,86.03644444691456,1901.9243671243617,2400.0120323257884,0,724.6045016190071,724.9999748251784,-0.39549838099287626,-2.5174821644213807e-05,-0.012945350627098345,1.854417216449498e-06
encodec_ft_encodec_ft_53tet,3.0kbps,24000,20260826,725.0,226.4,344.1507430457596,226.4Hz_+49.6c,3,226.40718276832064,344.1285824021436,226.40000337050074,344.1507434489447,75.46837827416778,86.03144345510529,1901.9706606581617,2400.0141294051055,0,724.8335940653698,724.9999762546805,-0.1664059346302338,-2.3745319481349725e-05,-0.111481659762499,2.0282033603607033e-06
encodec_ft_encodec_ft_53tet,3.0kbps,24000,20260826,725.0,226.4,344.1507430457596,226.4Hz_+49.6c,4,226.34745617670578,344.1520225478384,226.4000034179825,344.15074347786106,75.4485298285614,86.03768796406455,1901.96927843862,2400.0063921419796,0,725.4082748613024,724.9999760370598,0.4082748613024023,-2.3962940190358495e-05,0.006436462775868647,2.1736657041029473e-06
encodec_ft_encodec_ft_53tet,3.0kbps,24000,20260826,730.0,220.0,335.38934511626763,220Hz_ongrid,0,220.0222846963053,335.4090512794351,220.00000094274515,335.38934995140795,110.00389726680373,83.85311842051698,1200.1140188556747,2399.9823351525047,0,729.9263626689005,730.0000175396414,-0.07363733109946224,1.753964136241848e-05,0.10171753792245443,2.49583347088842e-05
encodec_ft_encodec_ft_53tet,3.0kbps,24000,20260826,730.0,220.0,335.38934511626763,220Hz_ongrid,1,220.01534856052783,335.38587457900303,220.0000009619696,335.3893497832065,110.00543719630751,83.84798836096904,1200.0352062283023,2399.968621688408,0,729.8613080868164,730.0000165201268,-0.13869191318360663,1.6520126791874645e-05,-0.01791453263239189,2.4090101706945496e-05
encodec_ft_encodec_ft_53tet,3.0kbps,24000,20260826,730.0,220.0,335.38934511626763,220Hz_ongrid,2,220.0145958469468,335.38561305703246,220.00000092112694,335.389349984306,73.33943117716132,83.84594098782091,1901.9259050521964,2400.009544964163,0,729.8658810165924,730.0000178795758,-0.1341189834075749,1.7879575807455694e-05,-0.019264487865549507,2.512814988303968e-05
encodec_ft_encodec_ft_53tet,3.0kbps,24000,20260826,730.0,220.0,335.38934511626763,220Hz_ongrid,3,219.98931703193233,335.3646261683351,220.0000009495668,335.3893498049011,109.99069370114897,111.78567090200758,1200.0624043586658,1901.9943038621093,0,729.9564684018567,730.0000167297115,-0.04353159814331775,1.6729711546759063e-05,-0.12760053959964768,2.4202086064007496e-05
encodec_ft_encodec_ft_53tet,3.0kbps,24000,20260826,730.0,220.0,335.38934511626763,220Hz_ongrid,4,220.0262599545335,335.376343030314,220.0000009479534,335.3893498441397,110.00420266809925,83.84496756819931,1200.1404913096612,2399.9817922453335,0,729.7262500032609,730.0000169449524,-0.2737499967390704,1.6944952449193806e-05,-0.06711629504148314,2.440463039009145e-05
encodec_ft_encodec_ft_53tet,3.0kbps,24000,20260826,730.0,226.4,345.1461260651045,226.4Hz_+49.6c,0,226.3865947823524,345.1255836045639,226.4000034723735,345.14612299987186,75.46174936758987,58.31592494362871,1901.965299286473,3078.191529761925,0,729.9994670435431,729.9999580724381,-0.0005329564569365175,-4.1927561937882274e-05,-0.10304292252417585,-1.5375038996224633e-05
encodec_ft_encodec_ft_53tet,3.0kbps,24000,20260826,730.0,226.4,345.1461260651045,226.4Hz_+49.6c,1,226.40590397448295,345.21480800353356,226.40000336882522,345.1461228354158,75.47040510951187,58.98057920614394,1901.914387573217,3059.018946058122,0,730.2993246806535,729.9999580393477,0.2993246806535126,-4.1960652310990554e-05,0.3444705657252491,-1.6199941766340532e-05
encodec_ft_encodec_ft_53tet,3.0kbps,24000,20260826,730.0,226.4,345.1461260651045,226.4Hz_+49.6c,2,226.35263079487166,345.10718292748714,226.40000343318536,345.1461227705281,75.44432545922545,57.900373497382496,1902.10533211403,3090.479930455883,0,730.166912764397,729.9999572217259,0.16691276439701141,-4.2778274064403377e-05,-0.19534766444112556,-1.6525414643275544e-05
encodec_ft_encodec_ft_53tet,3.0kbps,24000,20260826,730.0,226.4,345.1461260651045,226.4Hz_+49.6c,3,226.362867747749,345.10191492535444,226.4000035488984,345.14612281576774,75.45066912315667,86.27542197796022,1902.0380635509732,2400.001138833593,0,730.0621910949147,729.9999565638117,0.06219109491473773,-4.34361883208112e-05,-0.22177485785608028,-1.629849518365541e-05
encodec_ft_encodec_ft_53tet,3.0kbps,24000,20260826,730.0,226.4,345.1461260651045,226.4Hz_+49.6c,4,226.36716963868906,345.10781452379297,226.40000348545746,345.14612287584305,75.45167561677884,87.464073086908,1902.0478702180042,2376.3416431370993,0,730.0588859401511,729.9999573502661,0.058885940151071736,-4.2649733927646594e-05,-0.19217925739711994,-1.5997160830446017e-05
encodec_ft_encodec_ft_53tet,3.0kbps,24000,20260826,735.0,220.0,336.3593876506624,220Hz_ongrid,0,219.9996957464626,336.3026940167622,220.0000009482868,336.35938513257474,109.98968963146578,112.09952645311905,1200.1598830038474,1901.9761826123804,0,734.7105688204862,734.9999795771588,-0.28943117951382646,-2.0422841203071584e-05,-0.29182542700341946,-1.2960539474235325e-05
encodec_ft_encodec_ft_53tet,3.0kbps,24000,20260826,735.0,220.0,336.3593876506624,220Hz_ongrid,1,220.03240408683692,336.3408155783754,220.0000009381591,336.35938507361465,73.34245761518626,112.11026026775798,1901.9945875609535,1902.0066532450182,0,734.6494303882603,734.9999793533899,-0.3505696117397292,-2.064661009626434e-05,-0.09559266894500255,-1.3264005771339324e-05
encodec_ft_encodec_ft_53tet,3.0kbps,24000,20260826,735.0,220.0,336.3593876506624,220Hz_ongrid,2,220.01285346355448,336.31664876157015,220.00000092388893,336.3593851373648,110.00162556171293,112.10342951819192,1200.0755604079518,1901.9877411744574,0,734.6788658341691,734.9999797938062,-0.3211341658309266,-2.020619376708055e-05,-0.2199900579482697,-1.2935885070786677e-05
encodec_ft_encodec_ft_53tet,3.0kbps,24000,20260826,735.0,220.0,336.3593876506624,220Hz_ongrid,3,219.99078970613425,336.34430904178697,220.00000094324537,336.35938504416487,109.98925935267103,112.11271701518766,1200.0965702560925,1901.9866976417118,0,734.9948685889212,734.9999791617875,-0.0051314110787643585,-2.0838212549278978e-05,-0.0776109934596804,-1.3415583137279186e-05
encodec_ft_encodec_ft_53tet,3.0kbps,24000,20260826,735.0,220.0,336.3593876506624,220Hz_ongrid,4,220.03183883592345,336.3878449260855,220.00000095610895,336.3593851000414,110.01272486895185,112.12688633455484,1200.0502708366505,1901.991983909323,0,734.8959332541236,734.9999793481561,-0.10406674587636644,-2.065184389721253e-05,0.14646274796801256,-1.3127988024676452e-05
encodec_ft_encodec_ft_53tet,3.0kbps,24000,20260826,735.0,226.4,346.1443880186817,226.4Hz_+49.6c,0,226.42426664481783,346.14051453922286,226.40000355704862,346.14438475145135,75.47387578018932,86.53409778951912,1901.9751810345972,2400.020623359754,0,734.7950746857014,734.9999564589987,-0.20492531429863448,-4.354100133241445e-05,-0.01937323637360874,-1.6340985497271085e-05
encodec_ft_encodec_ft_53tet,3.0kbps,24000,20260826,735.0,226.4,346.1443880186817,226.4Hz_+49.6c,1,226.28482721710466,346.161255481467,226.40000351301106,346.14438474599467,75.42137577665503,115.38710433869745,1902.1133764359984,1901.9547131211857,0,735.9652867900435,734.9999567684533,0.9652867900434785,-4.3231546669630916e-05,0.08436021336856343,-1.6368276961491095e-05
encodec_ft_encodec_ft_53tet,3.0kbps,24000,20260826,735.0,226.4,346.1443880186817,226.4Hz_+49.6c,2,226.34366646505566,346.1677972939515,226.40000354164007,346.14438473414987,75.44207975413981,86.54065491246268,1902.0883013840082,2400.025894323121,0,735.5479015615119,734.9999564902915,0.5479015615119351,-4.350970846189739e-05,0.11707705074753454,-1.6427518569072568e-05
encodec_ft_encodec_ft_53tet,3.0kbps,24000,20260826,735.0,226.4,346.1443880186817,226.4Hz_+49.6c,3,226.3644266155444,346.146715629654,226.40000342013286,346.1443847449632,75.4532842797596,69.2258511845184,1901.9899814377286,2786.401039846383,0,735.2836851576396,734.9999574735147,0.2836851576396384,-4.2526485344751563e-05,0.01164145934292343,-1.637343595178721e-05
encodec_ft_encodec_ft_53tet,3.0kbps,24000,20260826,735.0,226.4,346.1443880186817,226.4Hz_+49.6c,4,226.40194556054504,346.15326184361635,226.4000034769876,346.1443848301942,75.46869899938794,76.90496011030004,1901.9232562430182,2604.314865175808,0,735.0295044485005,734.9999574650395,0.029504448500460967,-4.2534960471130034e-05,0.04438168431214008,-1.5947154701574815e-05
encodec_ft_encodec_ft_53tet,3.0kbps,24000,20260826,740.0,220.0,337.33223582731216,220Hz_ongrid,0,220.03409421228992,337.32020070736013,220.00000094151807,337.3322320536816,110.010016180089,112.4352460602563,1200.110642558301,1902.029228721243,0,739.6699581111004,739.9999732241876,-0.3300418888995864,-2.6775812443702307e-05,-0.06176694344954313,-1.9366775689869376e-05
encodec_ft_encodec_ft_53tet,3.0kbps,24000,20260826,740.0,220.0,337.33223582731216,220Hz_ongrid,1,219.98042759697688,337.3330487304007,220.00000094823412,337.3322323043062,73.32033034612006,112.4426130792358,1902.1079722869017,1901.9817368190793,0,740.1581988216293,739.9999744575764,0.15819882162929844,-2.554242360019998e-05,0.004171922100428687,-1.808053663496903e-05
encodec_ft_encodec_ft_53tet,3.0kbps,24000,20260826,740.0,220.0,337.33223582731216,220Hz_ongrid,2,220.01537688337874,337.36588649066937,220.0000009305439,337.3322322286048,110.00243562725005,74.97826724501532,1200.0826675704218,2603.7236512185705,0,740.0516908370735,739.9999742082753,0.051690837073465445,-2.5791724738155608e-05,0.17269108153400883,-1.846904641153394e-05
encodec_ft_encodec_ft_53tet,3.0kbps,24000,20260826,740.0,220.0,337.33223582731216,220Hz_ongrid,3,220.01608149501303,337.2754406813957,220.0000009459431,337.3322320653395,73.3433084425163,112.42392503279194,1901.8460717357418,1901.9738163967106,0,739.5819505817162,739.9999732491958,-0.41804941828377196,-2.6750804181574495e-05,-0.29150480816782004,-1.930694574086907e-05
encodec_ft_encodec_ft_53tet,3.0kbps,24000,20260826,740.0,220.0,337.33223582731216,220Hz_ongrid,4,219.9998707560954,337.3428782061212,220.00000093903728,337.3322322787432,109.99085063850787,112.44460053798869,1200.142986083299,1902.001582304644,0,740.0556342989952,739.9999743987557,0.05563429899518724,-2.5601244260542444e-05,0.054617246658781995,-1.8211729445038727e-05
encodec_ft_encodec_ft_53tet,3.0kbps,24000,20260826,740.0,226.4,347.1455372331976,226.4Hz_+49.6c,0,226.4268166492735,347.16133481415966,226.4000035386345,347.1455314942928,75.47345895193952,115.720062397122,1902.004239504199,1901.960723872936,0,739.8737323841153,739.9999443205562,-0.1262676158846716,-5.5679443789813376e-05,0.07878161994417616,-2.8620236799223917e-05
encodec_ft_encodec_ft_53tet,3.0kbps,24000,20260826,740.0,226.4,347.1455372331976,226.4Hz_+49.6c,1,226.36387296168425,347.21747391937566,226.400003586764,347.1455315065965,75.44772310282504,115.73998294569964,1902.1133499346706,1901.9426609145416,0,740.6349931237755,739.9999440138794,0.63499312377553,-5.5986120628404024e-05,0.35871507823340876,-2.855887766220273e-05
encodec_ft_encodec_ft_53tet,3.0kbps,24000,20260826,740.0,226.4,347.1455372331976,226.4Hz_+49.6c,2,226.41596961539557,347.2012249443073,226.40000355342607,347.1455315457987,75.47217955925498,86.79996859219287,1901.9506496753474,2400.0067343279147,0,740.1555833867087,739.999944464311,0.15558338670871308,-5.553568894356431e-05,0.27769543129146057,-2.8363374205242652e-05
encodec_ft_encodec_ft_53tet,3.0kbps,24000,20260826,740.0,226.4,347.1455372331976,226.4Hz_+49.6c,3,226.3633223140332,347.1312832389897,226.40000354407084,347.14553148412097,75.45228931693215,115.7110066165089,1902.004364749047,1901.9463399583574,0,740.2094024923824,739.9999442282582,0.2094024923824236,-5.577174181325972e-05,-0.07108691917627355,-2.867096427605325e-05
encodec_ft_encodec_ft_53tet,3.0kbps,24000,20260826,740.0,226.4,347.1455372331976,226.4Hz_+49.6c,4,226.40328428252948,347.1564905151191,226.40000342653605,347.1455313844219,75.46854080609428,86.78812087447665,1901.937121975782,2400.0199827019187,0,740.02950971458,739.9999446298176,0.029509714579944557,-5.5370182394653966e-05,0.05462376272935915,-2.9168169201180982e-05
encodec_ft_encodec_ft_53tet,3.0kbps,24000,20260826,745.0,220.0,338.30789776094196,220Hz_ongrid,0,220.02442280349157,338.2808438634174,220.0000009153231,338.30790215478925,110.0037587719002,75.17825152016077,1200.1330219855267,2603.8010587851686,0,744.6693722973056,745.0000152818758,-0.33062770269441444,1.5281875789696642e-05,-0.1384493288109948,2.2484777958687894e-05
encodec_ft_encodec_ft_53tet,3.0kbps,24000,20260826,745.0,220.0,338.30789776094196,220Hz_ongrid,1,219.99322897208853,338.2726826146704,220.00000094399832,338.30790210613804,109.9936343723306,75.16898652837892,1200.0469045728917,2603.9726621032482,0,744.873066704767,745.0000148072592,-0.126933295233016,1.4807259162807895e-05,-0.1802169973291723,2.2235813676468803e-05
encodec_ft_encodec_ft_53tet,3.0kbps,24000,20260826,745.0,220.0,338.30789776094196,220Hz_ongrid,2,219.9973434764839,338.2582878763718,220.0000009399611,338.30790208838414,73.32761756653161,75.1675254030575,1902.0690374814665,2603.93264204016,0,744.7670160648719,745.0000147481765,-0.232983935128118,1.4748176454304485e-05,-0.2538888975396954,2.2144961170421564e-05
encodec_ft_encodec_ft_53tet,3.0kbps,24000,20260826,745.0,220.0,338.30789776094196,220Hz_ongrid,3,220.01665260836404,338.394932386477,220.00000093859322,338.30790208236664,110.00612927599623,112.79495746825242,1200.0345756372426,1902.006468662636,0,745.314289342308,745.000014728147,0.3142893423080295,1.4728146993547853e-05,0.4453278493664117,2.2114167528793432e-05
encodec_ft_encodec_ft_53tet,3.0kbps,24000,20260826,745.0,220.0,338.30789776094196,220Hz_ongrid,4,220.02053052073427,338.3352408884394,220.00000094993362,338.30790211925824,110.00278387025489,84.58969107260577,1200.1177388100648,2399.8796368397866,0,744.978366051104,745.0000148276931,-0.021633948896010224,1.4827693121333141e-05,0.13991822469884005,2.230295416356155e-05
encodec_ft_encodec_ft_53tet,3.0kbps,24000,20260826,745.0,226.4,348.1495820594421,226.4Hz_+49.6c,0,226.36989646992308,348.150970381944,226.4000034976607,348.1495774400914,75.45496008575941,87.03580347538892,1901.993364333691,2400.0385707169553,0,745.2371144438098,744.9999502835902,0.2371144438097872,-4.971640976236813e-05,0.006903660144810347,-2.297052099353949e-05
encodec_ft_encodec_ft_53tet,3.0kbps,24000,20260826,745.0,226.4,348.1495820594421,226.4Hz_+49.6c,1,226.3086575570466,348.18139198206757,226.40000336835166,348.1495774146169,75.4345876192206,87.04471623461639,1901.9924451327252,2400.0125650592026,0,745.8567908590683,744.9999511457132,0.8567908590682691,-4.885428677425807e-05,0.15817311950408391,-2.309719735696029e-05
encodec_ft_encodec_ft_53tet,3.0kbps,24000,20260826,745.0,226.4,348.1495820594421,226.4Hz_+49.6c,2,226.36563385332678,348.20958155862616,226.4000035461842,348.14957746302184,75.4541786728882,87.05150628427653,1901.9786931257877,2400.0176819645317,0,745.5611429613247,744.9999500265668,0.5611429613246628,-4.9973433192462835e-05,0.29833218717702387,-2.2856495217832612e-05
encodec_ft_encodec_ft_53tet,3.0kbps,24000,20260826,745.0,226.4,348.1495820594421,226.4Hz_+49.6c,3,226.4125193325055,348.1614379373331,226.400003457496,348.14957745832817,75.47004757228153,116.0554402572852,1901.9731734450686,1901.9307211227642,0,744.9632242971572,744.9999506814069,-0.03677570284276044,-4.9318593141833844e-05,0.05895440083259635,-2.287983531957918e-05
encodec_ft_encodec_ft_53tet,3.0kbps,24000,20260826,745.0,226.4,348.1495820594421,226.4Hz_+49.6c,4,226.40279605083077,348.14956450053137,226.40000352795178,348.14957745372874,75.46395936466,87.03721252335986,1902.0384892089094,2400.0035525167273,0,744.978531993975,744.9999501197749,-0.021468006024974784,-4.988022510588053e-05,-8.731472449963947e-05,-2.290270682409089e-05
encodec_ft_encodec_ft_53tet,3.0kbps,24000,20260826,750.0,220.0,339.28638158974695,220Hz_ongrid,0,220.08397210085462,339.2623273145451,220.00000094009715,339.28637821651034,110.03545088575757,113.08446877815678,1200.1028174423816,1902.0005246570738,0,749.2165859034329,749.9999753899531,-0.7834140965670713,-2.4610046921225148e-05,-0.12274308307145941,-1.7212191363815477e-05
encodec_ft_encodec_ft_53tet,3.0kbps,24000,20260826,750.0,220.0,339.28638158974695,220Hz_ongrid,1,220.00993588748088,339.2968244716631,220.00000093864597,339.2863782947498,110.00293394609623,84.82562819145264,1200.0320109045833,2399.970976191785,0,749.975098589205,749.9999758005954,-0.02490141079499608,-2.419940460640646e-05,0.05328476326416442,-1.6812968624445956e-05
encodec_ft_encodec_ft_53tet,3.0kbps,24000,20260826,750.0,220.0,339.28638158974695,220Hz_ongrid,2,220.00123070890453,339.2644343246952,220.0000009326612,339.28637813807626,109.99493629703247,113.0826046382233,1200.0893816034015,1902.0398153100068,0,749.8783240985052,749.9999750482525,-0.12167590149476837,-2.495174749128637e-05,-0.11199117785621182,-1.7612407037366283e-05
encodec_ft_encodec_ft_53tet,3.0kbps,24000,20260826,750.0,220.0,339.28638158974695,220Hz_ongrid,3,220.01233714964064,339.2529742972434,220.00000093505687,339.2863782117896,109.9964745720072,113.08103391101254,1200.152567146582,1902.0053820537528,0,749.7324470679638,749.9999754055283,-0.2675529320362102,-2.459447171077045e-05,-0.17047159258856007,-1.7236279145239383e-05
encodec_ft_encodec_ft_53tet,3.0kbps,24000,20260826,750.0,220.0,339.28638158974695,220Hz_ongrid,4,220.02444777940806,339.3059809289041,220.0000009470018,339.2863781519124,110.0077879477991,113.10111398469364,1200.069808683332,1901.9684657056555,0,749.9076293066968,749.9999750060027,-0.09237069330322356,-2.4993997271849366e-05,0.10000420037622408,-1.7541807040274558e-05
encodec_ft_encodec_ft_53tet,3.0kbps,24000,20260826,750.0,226.4,349.1565308723578,226.4Hz_+49.6c,0,226.38126275381225,349.18888491823566,226.40000352192124,349.15652485241304,75.45855692030574,99.76542943898185,1901.9977657477598,2168.8749002746417,0,750.303700455156,749.9999432197101,0.3037004551559903,-5.6780289924063254e-05,0.16041467337618276,-2.9848885876577447e-05
encodec_ft_encodec_ft_53tet,3.0kbps,24000,20260826,750.0,226.4,349.1565308723578,226.4Hz_+49.6c,1,226.37659908152494,349.14400725953334,226.40000357392114,349.156524860005,75.45675479202035,99.75410971620548,1902.0034467351475,2168.8488310661855,0,750.1168538941539,749.9999428597208,0.11685389415390546,-5.7140279182021914e-05,-0.06209734564825392,-2.98112424110825e-05
encodec_ft_encodec_ft_53tet,3.0kbps,24000,20260826,750.0,226.4,349.1565308723578,226.4Hz_+49.6c,2,226.435528889744,349.15348429422465,226.40000340746136,349.15652484858214,75.4772815952378,99.74403915640046,1901.9831682570298,2169.070605936653,0,749.7132332198258,749.9999440759661,-0.2867667801741618,-5.592403385890066e-05,-0.015106012180053661,-2.986788078656501e-05
encodec_ft_encodec_ft_53tet,3.0kbps,24000,20260826,750.0,226.4,349.1565308723578,226.4Hz_+49.6c,3,226.3683718485454,349.1400336395339,226.4000035987899,349.1565248642038,75.45313017710762,99.7563792222318,1902.0236901019448,2168.789740856987,0,750.1600701459157,749.9999426903734,0.16007014591571078,-5.730962664074468e-05,-0.0818006922470818,-2.9790423277807303e-05
encodec_ft_encodec_ft_53tet,3.0kbps,24000,20260826,750.0,226.4,349.1565308723578,226.4Hz_+49.6c,4,226.37675153060087,349.17361880640954,226.40000349143787,349.1565248454992,75.45264616531854,99.76415799205408,1902.0988810092347,2168.8212747977877,0,750.2625109524648,749.9999434185286,0.26251095246482237,-5.658147142639791e-05,0.0847255793785177,-2.9883167089625297e-05
encodec_ft_encodec_ft_53tet,3.0kbps,24000,20260826,755.0,220.0,340.26769547546047,220Hz_ongrid,0,220.02517848309904,340.2729351666422,220.0000009310288,340.267690893443,110.00077664315809,85.06722510486948,1200.1859011835995,2400.0205280301807,0,754.8285342724837,754.9999693608466,-0.1714657275163063,-3.0639153351330606e-05,0.026658604562753586,-2.3312658865466908e-05
encodec_ft_encodec_ft_53tet,3.0kbps,24000,20260826,755.0,220.0,340.26769547546047,220Hz_ongrid,1,220.0233142006169,340.25549999206174,220.0000009459134,340.26769089232835,73.3476532134105,85.06428482067098,1901.80042935644,2399.991659241643,0,754.7544945364582,754.999969238045,-0.2455054635418037,-3.076195503126655e-05,-0.06205001166040664,-2.3318330083688582e-05
encodec_ft_encodec_ft_53tet,3.0kbps,24000,20260826,755.0,220.0,340.26769547546047,220Hz_ongrid,2,220.0086139595306,340.2900291713213,220.00000093933232,340.2676908938105,109.99007680591099,85.07420573111094,1200.2239671859904,2399.9654369557957,0,755.0458429292378,754.999969297374,0.04584292923777866,-3.07026259633858e-05,0.1136269660290127,-2.3310789089459985e-05
encodec_ft_encodec_ft_53tet,3.0kbps,24000,20260826,755.0,220.0,340.26769547546047,220Hz_ongrid,3,219.97195941874077,340.2988588588328,220.0000009294122,340.2676908799486,109.98164379173296,85.07690725303291,1200.0682508464597,2399.955383357996,0,755.3792199259799,754.9999693049106,0.3792199259798963,-3.069508943553956e-05,0.1585476396756943,-2.3381316625278475e-05
encodec_ft_encodec_ft_53tet,3.0kbps,24000,20260826,755.0,220.0,340.26769547546047,220Hz_ongrid,4,220.01448945329022,340.24718153477284,220.00000094826933,340.26769090692005,110.0023371619486,85.06411376465203,1200.0772343006981,2399.952815416829,0,754.7816075033562,754.9999692937463,-0.21839249664378713,-3.0706253710377496e-05,-0.10437518358387794,-2.324408952023076e-05
encodec_ft_encodec_ft_53tet,3.0kbps,24000,20260826,755.0,226.4,350.16639207111024,226.4Hz_+49.6c,0,226.38511618652404,350.1415500298163,226.40000356229982,350.16638749977886,75.45718936560905,100.04070808211098,1902.0586102211596,2168.8213168139273,0,754.9909929712387,754.9999501590179,-0.009007028761288893,-4.984098211480159e-05,-0.12282421823012969,-2.2600811421606776e-05
encodec_ft_encodec_ft_53tet,3.0kbps,24000,20260826,755.0,226.4,350.16639207111024,226.4Hz_+49.6c,1,226.3819132240719,350.20282943306347,226.4000034761583,350.16638752036164,75.45889612537128,77.78769104561187,1901.9949578519784,2604.692340570935,0,755.3184494977438,754.9999509194861,0.3184494977438135,-4.908051391794288e-05,0.1801381322641819,-2.2499049515973735e-05
encodec_ft_encodec_ft_53tet,3.0kbps,24000,20260826,755.0,226.4,350.16639207111024,226.4Hz_+49.6c,2,226.39182481117467,350.12188946993285,226.40000338955926,350.1663874672186,75.46469518364361,100.03853201746153,1901.9377129173643,2168.761762591859,0,754.8424788171153,754.9999513189503,-0.1575211828846932,-4.868104974775633e-05,-0.22003629238099226,-2.2761790332728157e-05
encodec_ft_encodec_ft_53tet,3.0kbps,24000,20260826,755.0,226.4,350.16639207111024,226.4Hz_+49.6c,3,226.3787844566952,350.21745823884123,226.40000358545208,350.16638748905376,75.45775606390615,100.05762389907018,1901.9971870717052,2168.9038869505753,0,755.4146928693358,754.9999499289521,0.41469286933579497,-5.007104789456207e-05,0.2524543889717998,-2.2653836716120988e-05
encodec_ft_encodec_ft_53tet,3.0kbps,24000,20260826,755.0,226.4,350.16639207111024,226.4Hz_+49.6c,4,226.3391059691194,350.1609582382722,226.40000356087805,350.1663874707477,75.44287031825814,100.04646697456738,1902.0352775253011,2168.817619307863,0,755.4388414572774,754.9999500263588,0.4388414572773627,-4.9973641239375866e-05,-0.026865255004450524,-2.2744342485634638e-05
encodec_ft_encodec_ft_53tet,3.0kbps,24000,20260826,760.0,220.0,341.2518476034216,220Hz_ongrid,0,219.9983813228128,341.25120744764627,220.00000095626933,341.2518522232619,73.33301858652943,85.31380198195261,1901.9496935257928,2399.9797049014724,0,760.0094901830429,760.00001591219,0.009490183042885292,1.5912189951450273e-05,-0.0032476322758706803,2.3437308488055107e-05
encodec_ft_encodec_ft_53tet,3.0kbps,24000,20260826,760.0,220.0,341.2518476034216,220Hz_ongrid,1,220.01167269525087,341.2712406954712,220.00000094715674,341.2518522316718,109.99980963256824,85.32152185025608,1200.0948489686907,2399.9246858216416,0,760.0065290950507,760.0000160265641,0.006529095050723299,1.6026564139792754e-05,0.09838196496958401,2.347997351557364e-05
encodec_ft_encodec_ft_53tet,3.0kbps,24000,20260826,760.0,220.0,341.2518476034216,220Hz_ongrid,2,220.0178383272187,341.2477376845035,220.00000094277001,341.2518521810397,110.0053581803415,85.31349744761667,1200.0560408674964,2399.968281812964,0,759.8387810032197,760.0000158042183,-0.1612189967803488,1.580421826474776e-05,-0.020850508112895613,2.3223107277378188e-05
encodec_ft_encodec_ft_53tet,3.0kbps,24000,20260826,760.0,220.0,341.2518476034216,220Hz_ongrid,3,220.00619800206977,341.2539872720682,220.00000094195926,341.2518522344148,109.99534746010642,85.31526810106647,1200.121998421439,2399.964056405996,0,759.9620819887323,760.0000160813802,-0.03791801126772043,1.6081380181276472e-05,0.010854902699298612,2.349388920011742e-05
encodec_ft_encodec_ft_53tet,3.0kbps,24000,20260826,760.0,220.0,341.2518476034216,220Hz_ongrid,4,220.01969851276775,341.24445665025087,220.00000095308008,341.25185217952037,73.34068575981588,85.31056802124633,1901.9364409122177,2400.0110829811365,0,759.8074984177443,760.000015715378,-0.19250158225565883,1.5715378026470717e-05,-0.037496085194810444,2.3215399448902206e-05
encodec_ft_encodec_ft_53tet,3.0kbps,24000,20260826,760.0,226.4,351.1791740791575,226.4Hz_+49.6c,0,226.40996133884096,351.17086413020866,226.40000343947202,351.17916837511365,75.46983168600855,87.78807973022724,1901.9585662652946,2400.091428272821,0,759.8828627175327,759.9999455794191,-0.11713728246729715,-5.442058090920909e-05,-0.04096665703511338,-2.811964886360498e-05
encodec_ft_encodec_ft_53tet,3.0kbps,24000,20260826,760.0,226.4,351.1791740791575,226.4Hz_+49.6c,1,226.4266705356889,351.1594541173862,226.40000356925202,351.17916840851495,75.47488419876302,100.3313486672082,1901.9704298824602,2168.8245940020583,0,759.6988502433024,759.9999447516791,-0.30114975669755495,-5.524832090486598e-05,-0.09721768931174733,-2.7954987869433923e-05
encodec_ft_encodec_ft_53tet,3.0kbps,24000,20260826,760.0,226.4,351.1791740791575,226.4Hz_+49.6c,2,226.40534845903946,351.2080153103477,226.4000035438179,351.1791683324186,75.46541258582711,100.35446111454141,1902.024668274825,2168.6652234309627,0,760.1012768419668,759.9999445710308,0.10127684196675091,-5.542896917631879e-05,0.1421749207155286,-2.8330125712878094e-05
encodec_ft_encodec_ft_53tet,3.0kbps,24000,20260826,760.0,226.4,351.1791740791575,226.4Hz_+49.6c,3,226.40259885055323,351.17525232138354,226.40000346227916,351.179168289404,75.46464242700652,87.7930353480187,1902.0213110756958,2400.015336418393,0,759.9607937520975,759.9999449824885,-0.03920624790248439,-5.501751149949996e-05,-0.019333488436534794,-2.8542178071425886e-05
encodec_ft_encodec_ft_53tet,3.0kbps,24000,20260826,760.0,226.4,351.1791740791575,226.4Hz_+49.6c,4,226.39447326858095,351.174921166323,226.4000035220751,351.1791683454811,75.46141846634636,87.79358300935542,1902.0331384745234,2400.0029043100953,0,760.0212962626223,759.9999448016886,0.021296262622286122,-5.519831142919429e-05,-0.020966027127423275,-2.8265730496314366e-05
encodec_ft_encodec_ft_53tet,3.0kbps,24000,20260826,765.0,220.0,342.2388461826441,220Hz_ongrid,0,220.02293772371547,342.2531433506158,220.0000009604044,342.2388513293372,110.00753392961013,85.56483198300974,1200.0619245483535,2399.9687165438513,0,764.8918283268092,765.0000184771719,-0.1081716731907818,1.8477171920494584e-05,0.07232150084983857,2.6034830152504696e-05
encodec_ft_encodec_ft_53tet,3.0kbps,24000,20260826,765.0,220.0,342.2388461826441,220Hz_ongrid,1,220.0123801073718,342.21517115819137,220.0000009421619,342.2388512965627,73.3378751093905,85.55596617711774,1901.9452024961076,2399.956020713421,0,764.7828150771702,765.0000184549352,-0.2171849228298015,1.8454935229783587e-05,-0.11976555743133487,2.5869038610203883e-05
encodec_ft_encodec_ft_53tet,3.0kbps,24000,20260826,765.0,220.0,342.2388461826441,220Hz_ongrid,2,220.0154991543764,342.2238434196563,220.0000009246025,342.2388513505845,73.33219241778906,85.55531365925376,1902.1038978665238,2400.013096123172,0,764.8021436763228,765.0000188663869,-0.19785632367722883,1.8866386881200015e-05,-0.07589396621119006,2.614231074811867e-05
encodec_ft_encodec_ft_53tet,3.0kbps,24000,20260826,765.0,220.0,342.2388461826441,220Hz_ongrid,3,220.04159073531076,342.27205826616523,220.0000009422704,342.23885130667946,73.35233812416533,85.56970197866735,1901.8336556688494,2399.9658601810697,0,764.8407402206622,765.0000185052577,-0.15925977933784452,1.850525768531952e-05,0.16799700195752493,2.592021488548159e-05
encodec_ft_encodec_ft_53tet,3.0kbps,24000,20260826,765.0,220.0,342.2388461826441,220Hz_ongrid,4,219.97737812016237,342.2623753634904,220.00000092153144,342.2388513415707,109.9840329917005,85.5668462143212,1200.0732885790699,2399.9746611273035,0,765.2970458488857,765.0000188449569,0.2970458488856593,1.884495691228949e-05,0.11901956566762281,2.6096713816636603e-05
encodec_ft_encodec_ft_53tet,3.0kbps,24000,20260826,765.0,226.4,352.19488534432105,226.4Hz_+49.6c,0,226.3476334139347,352.1594268993202,226.4000035920444,352.1948840091575,75.44331800316805,88.03536595136627,1902.0902281785272,2400.088309755463,0,765.2261760042851,764.9999659693058,0.22617600428509377,-3.403069422347471e-05,-0.17430678366627195,-6.563072662394242e-06
encodec_ft_encodec_ft_53tet,3.0kbps,24000,20260826,765.0,226.4,352.19488534432105,226.4Hz_+49.6c,1,226.33911871918696,352.0982756821213,226.40000358425957,352.1948840230454,75.44234834101326,117.3697776290593,1902.0473532236915,1901.9006344835134,0,764.9906537386238,764.999966097102,-0.009346261376208531,-3.390289805338398e-05,-0.4749554502965044,-6.4948058494216526e-06
encodec_ft_encodec_ft_53tet,3.0kbps,24000,20260826,765.0,226.4,352.19488534432105,226.4Hz_+49.6c,2,226.28288395424997,352.25585659513797,226.4000034561132,352.1948840746923,75.42348164715732,88.06437349310228,1902.0501712733305,2399.9919527904453,0,766.1954756554453,764.999967330884,1.195475655445307,-3.2669115967109974e-05,0.2996817219650082,-6.240932440073144e-06
encodec_ft_encodec_ft_53tet,3.0kbps,24000,20260826,765.0,226.4,352.19488534432105,226.4Hz_+49.6c,3,226.41267722958622,352.1277965112331,226.40000344400252,352.19488394284343,75.47191464802415,88.03083393978788,1901.93155180482,2400.0219313978614,0,764.5732521577354,764.9999667753812,-0.4267478422646036,-3.322461884636141e-05,-0.329810399401906,-6.889043157792602e-06
encodec_ft_encodec_ft_53tet,3.0kbps,24000,20260826,765.0,226.4,352.19488534432105,226.4Hz_+49.6c,4,226.37199971283897,352.3131971543668,226.40000346502848,352.1948840501601,75.45609398290033,88.0706918448242,1901.9834335899448,2400.149535522175,0,765.7955964460122,764.9999671421212,0.795596446012155,-3.2857878750292e-05,0.5814707906741332,-6.3615218434104854e-06
encodec_ft_encodec_ft_53tet,3.0kbps,24000,20260826,770.0,220.0,343.22869944588433,220Hz_ongrid,0,219.99941426837614,343.1865159263424,220.00000094388187,343.2286994269302,73.32741708164306,85.79570909239209,1902.0900665416204,2400.0185619417634,0,769.7918239381863,769.9999924767575,-0.2081760618136741,-7.5232425160720595e-06,-0.21278533399886423,-9.560402161044333e-08
encodec_ft_encodec_ft_53tet,3.0kbps,24000,20260826,770.0,220.0,343.22869944588433,220Hz_ongrid,1,220.0200642905142,343.25567504048064,220.00000093768196,343.22869950384063,110.00270136275175,85.81354086198715,1200.115368779633,2400.0076238396396,0,769.9781750159406,769.9999929134798,-0.021824984059435337,-7.086520213306358e-06,0.13605864785485022,2.9232971067743067e-07
encodec_ft_encodec_ft_53tet,3.0kbps,24000,20260826,770.0,220.0,343.22869944588433,220Hz_ongrid,2,220.00643744065928,343.22160184088784,220.00000093502703,343.2286995493943,109.99960903808727,85.80464288543877,1200.056810222564,2400.0152851107528,0,769.9135424873268,769.9999931641435,-0.08645751267317792,-6.835856538600638e-06,-0.035800451727221905,5.221007302289759e-07
encodec_ft_encodec_ft_53tet,3.0kbps,24000,20260826,770.0,220.0,343.22869944588433,220Hz_ongrid,3,220.00149144905274,343.2722881857456,220.00000094611158,343.22869953366154,109.9901226957639,85.81914609140851,1200.1671973863658,2399.97833309994,0,770.2081096432669,769.9999929975608,0.20810964326688008,-7.002439247116854e-06,0.21984618249573706,4.4274519262446556e-07
encodec_ft_encodec_ft_53tet,3.0kbps,24000,20260826,770.0,220.0,343.22869944588433,220Hz_ongrid,4,219.98962341773495,343.2006134513873,220.00000092728678,343.228699337957,109.97875613034127,85.80023591728403,1200.2527209477432,2399.9983342572455,0,769.9399871901358,769.9999921585704,-0.060012809864247174,-7.841429578547832e-06,-0.14167061076411008,-5.443819712349869e-07
encodec_ft_encodec_ft_53tet,3.0kbps,24000,20260826,770.0,226.4,353.21353433885554,226.4Hz_+49.6c,0,226.38977212737493,353.2160529509939,226.40000344248688,353.21353567206796,75.46090195572212,70.64404846853581,1902.0090383825432,2786.293180328892,0,770.0905568298757,769.9999802105957,0.0905568298757089,-1.9789404291259416e-05,0.012344633262170415,6.5345818107763234e-06
encodec_ft_encodec_ft_53tet,3.0kbps,24000,20260826,770.0,226.4,353.21353433885554,226.4Hz_+49.6c,1,226.3933044099141,706.4194991307314,226.4000034590099,353.2135354216254,75.466172246394,88.29847697146747,1901.9151425398504,3600.0776486776444,1,1970.0326498362292,769.9999788567334,1200.0326498362292,-2.1143266621947987e-05,1199.9814492843514,5.3070673479676545e-06
encodec_ft_encodec_ft_53tet,3.0kbps,24000,20260826,770.0,226.4,353.21353433885554,226.4Hz_+49.6c,2,226.40210442527373,353.2132835174661,226.40000354637309,353.213535318551,75.46173849685074,88.3024472411654,1902.0841506784225,2400.017128231048,0,769.9826785976898,769.9999776834783,-0.017321402310244594,-2.2316521722132165e-05,-0.0012293715885541658,4.801860721693699e-06
encodec_ft_encodec_ft_53tet,3.0kbps,24000,20260826,770.0,226.4,353.21353433885554,226.4Hz_+49.6c,3,226.38288325197564,353.19112164179415,226.4000033503412,353.2135352752321,75.462426031686,117.73276541309792,1901.9213921931107,1901.9198335563487,0,770.0210365363174,769.9999789701712,0.021036536317410537,-2.102982875840098e-05,-0.10985664935419895,4.589538126144978e-06
encodec_ft_encodec_ft_53tet,3.0kbps,24000,20260826,770.0,226.4,353.21353433885554,226.4Hz_+49.6c,4,226.3921627393324,353.2178847865113,226.40000351462888,353.21353537203197,75.46269778940975,117.74093385580007,1901.986119862814,1901.9309023142955,0,770.0812540207341,769.9999781883503,0.08125402073414989,-2.1811649730807403e-05,0.021323069463010637,5.06399108931214e-06
encodec_ft_encodec_ft_53tet,3.0kbps,24000,20260826,775.0,220.0,344.2214156497103,220Hz_ongrid,0,220.0268037848728,344.2037290490534,220.00000091988943,344.221410601907,110.0105290672395,86.05144175127678,1200.0452090168237,2399.9897497668726,0,774.7001316525652,774.9999673736412,-0.2998683474347672,-3.2626358802190225e-05,-0.08895562723719157,-2.53875228541053e-05
encodec_ft_encodec_ft_53tet,3.0kbps,24000,20260826,775.0,220.0,344.2214156497103,220Hz_ongrid,1,219.9820306221697,344.2145674594543,220.00000094910618,344.2214106432613,109.98807966857626,86.05386941254963,1200.046206974963,2399.9954221835064,0,775.1069684568705,774.9999673517157,0.10696845687050427,-3.264828433202638e-05,-0.03444276719105664,-2.517953449100282e-05
encodec_ft_encodec_ft_53tet,3.0kbps,24000,20260826,775.0,220.0,344.2214156497103,220Hz_ongrid,2,220.01838073091164,344.23633935296834,220.00000093141793,344.2214106339826,73.3447594265271,86.06062723117174,1901.8299141195077,2399.9689722562885,0,774.930419498359,774.9999674442423,-0.06958050164098495,-3.2555757684349373e-05,0.07505594362136685,-2.52262010479618e-05
encodec_ft_encodec_ft_53tet,3.0kbps,24000,20260826,775.0,220.0,344.2214156497103,220Hz_ongrid,3,220.0110109429393,344.2764387727492,220.0000009291671,344.22141061348856,109.99723626874936,86.06908670053933,1200.1301431536851,2400.0004624848625,0,775.1900666295378,774.9999673588817,0.19006662953779596,-3.264111830958427e-05,0.2767122763907485,-2.532927418031087e-05
encodec_ft_encodec_ft_53tet,3.0kbps,24000,20260826,775.0,220.0,344.2214156497103,220Hz_ongrid,4,220.00387544281347,344.27498559826057,220.0000009490664,344.2214105795268,109.99343267501214,86.06878738246527,1200.1338594161139,2399.999175647628,0,775.2389082613115,774.9999670314812,0.23890826131150789,-3.296851878076268e-05,0.2694048043127181,-2.5500082293509423e-05
encodec_ft_encodec_ft_53tet,3.0kbps,24000,20260826,775.0,226.4,354.2351295595201,226.4Hz_+49.6c,0,226.2262005316512,354.2944098718481,226.40000350625579,354.2351327652237,75.40151313385698,88.57250424849371,1902.1207742430777,2400.021465613579,0,776.6192122253215,774.9999888554469,1.619212225321462,-1.1144553127451218e-05,0.28969320167884205,1.5667060462202273e-05
encodec_ft_encodec_ft_53tet,3.0kbps,24000,20260826,775.0,226.4,354.2351295595201,226.4Hz_+49.6c,1,226.31135364603287,354.2838797838844,226.40000355669162,354.23513263199385,75.42941707498919,88.56867816595819,1902.131738527411,2400.0447963810902,0,775.9162310280865,774.9999878186476,0.9162310280864858,-1.218135241742857e-05,0.23823792259461293,1.5015933662588658e-05
encodec_ft_encodec_ft_53tet,3.0kbps,24000,20260826,775.0,226.4,354.2351295595201,226.4Hz_+49.6c,2,226.3600431988472,354.19336881982167,226.4000035356109,354.2351326356685,75.44812963028932,88.54331772326819,1902.0747313962947,2400.09823787051,0,775.1014613535572,774.9999879978064,0.10146135355716979,-1.2002193557236751e-05,-0.20410701921016366,1.5033892583961424e-05
encodec_ft_encodec_ft_53tet,3.0kbps,24000,20260826,775.0,226.4,354.2351295595201,226.4Hz_+49.6c,3,226.40054461486363,354.2206424643827,226.40000356739415,354.23513266118766,75.46780116557883,88.55167103405395,1901.9331397766703,2400.0682219109467,0,774.925032009009,774.9999878794849,-0.07496799099101281,-1.2120515066271764e-05,-0.07080343859926844,1.5158610946261613e-05
encodec_ft_encodec_ft_53tet,3.0kbps,24000,20260826,775.0,226.4,354.2351295595201,226.4Hz_+49.6c,4,226.38123780142038,354.2434538400256,226.40000356555439,354.23513272147903,75.45893607381774,88.55648555633393,1901.9888760873955,2400.0855836646715,0,775.1841589279566,774.9999881882118,0.18415892795655964,-1.1811788226623321e-05,0.040682324585473204,1.5453269417289845e-05
encodec_ft_encodec_ft_53tet,3.0kbps,24000,20260826,780.0,220.0,345.21700307457036,220Hz_ongrid,0,220.0298067817563,345.1841965335227,220.00000093169086,345.21699881968993,110.00130869130139,58.40125983691182,1200.2139442962073,3075.954022864098,0,779.6009291552848,779.9999713304305,-0.3990708447151974,-2.8669569474004675e-05,-0.16452984429579798,-2.133786537565926e-05
encodec_ft_encodec_ft_53tet,3.0kbps,24000,20260826,780.0,220.0,345.21700307457036,220Hz_ongrid,1,220.04257248431992,345.26260356299457,220.00000095660496,345.21699858758194,73.35501699183784,59.45240011816868,1901.7781553517655,3045.4645458360824,0,779.8936865592981,779.9999699703735,-0.10631344070191062,-3.002962648679386e-05,0.22866748726539385,-2.250186724996311e-05
encodec_ft_encodec_ft_53tet,3.0kbps,24000,20260826,780.0,220.0,345.21700307457036,220Hz_ongrid,2,220.01607654001,345.2234346381419,220.00000093604808,345.21699865791584,110.00081632481881,87.31843285564598,1200.113657947398,2379.8067103972057,0,779.9057478256257,779.9999704848592,-0.09425217437433275,-2.9515140795410844e-05,0.032253446455073255,-2.2149148652524014e-05
encodec_ft_encodec_ft_53tet,3.0kbps,24000,20260826,780.0,220.0,345.21700307457036,220Hz_ongrid,3,220.01489956500842,345.1114459283337,220.00000092606894,345.2169984810553,73.3429867128269,86.27846075745602,1901.84436578656,2399.987975103823,0,779.3533145314296,779.999969676447,-0.6466854685703538,-3.0323553005473514e-05,-0.529441101190037,-2.3036089240639036e-05
encodec_ft_encodec_ft_53tet,3.0kbps,24000,20260826,780.0,220.0,345.21700307457036,220Hz_ongrid,4,219.9985430138392,345.2288714412997,220.00000091958702,345.21699856395696,109.99583577170074,59.87651099462697,1200.0540744916425,3032.989270620799,0,780.0709832514591,779.9999701431996,0.07098325145909712,-2.9856800438210485e-05,0.05951783144511176,-2.2620344507174487e-05
encodec_ft_encodec_ft_53tet,3.0kbps,24000,20260826,780.0,226.4,355.25967952764876,226.4Hz_+49.6c,0,226.39213270680244,355.26819316314175,226.4000035478685,355.25968292616955,75.46183846425001,88.81293678385909,1902.0056045974834,2400.0801439101865,0,780.1016483456694,779.9999894316873,0.10164834566944592,-1.056831274581782e-05,0.04148773387802796,1.6561504928865368e-05
encodec_ft_encodec_ft_53tet,3.0kbps,24000,20260826,780.0,226.4,355.25967952764876,226.4Hz_+49.6c,1,226.36097268980438,355.2503378429949,226.4000034849727,355.2596831653363,75.4485866685062,88.80993745871707,1902.071353086908,2400.051599087728,0,780.2529354692242,779.9999910781343,0.2529354692242123,-8.921865742195223e-06,-0.04552403809643677,1.7727000406531188e-05
encodec_ft_encodec_ft_53tet,3.0kbps,24000,20260826,780.0,226.4,355.25967952764876,226.4Hz_+49.6c,2,226.34349004482706,355.25766888910044,226.4000034770898,355.25968288194065,75.4467487061369,74.53707073638847,1901.9798128717225,2703.4029177718635,0,780.4223757232031,779.9999897573834,0.42237572320311756,-1.0242616554023698e-05,-0.00979817290318199,1.634597057937648e-05
encodec_ft_encodec_ft_53tet,3.0kbps,24000,20260826,780.0,226.4,355.25967952764876,226.4Hz_+49.6c,3,226.40968306215368,355.2349315834975,226.40000350418137,355.25968324533085,75.47234498422186,88.80483430734527,1901.8987857938205,2400.0760006041455,0,779.805352537965,779.999991321075,-0.19464746203505,-8.678925041749608e-06,-0.1206046686529985,1.811682601443021e-05
encodec_ft_encodec_ft_53tet,3.0kbps,24000,20260826,780.0,226.4,355.25967952764876,226.4Hz_+49.6c,4,226.42846670529173,355.2342516207296,226.40000339477086,355.25968319463374,75.47376088477223,88.80474772035144,1902.0099297846455,2400.07437480739,0,779.6584162029735,779.9999919106598,-0.34158379702648745,-8.089340212791285e-06,-0.1239184638850303,1.78697711018966e-05
encodec_ft_encodec_ft_53tet,3.0kbps,24000,20260826,785.0,220.0,346.21547002486216,220Hz_ongrid,0,220.01671674219187,346.1971487684763,220.00000094180822,346.2154668389107,110.00241527905716,115.39793481554861,1200.0935307223924,1901.9717249539885,0,784.7768398479944,784.9999766574803,-0.22316015200556194,-2.3342519739344425e-05,-0.09161699837165962,-1.5931199330971834e-05
encodec_ft_encodec_ft_53tet,3.0kbps,24000,20260826,785.0,220.0,346.21547002486216,220Hz_ongrid,1,220.0289669308982,346.2951272932402,220.00000095760444,346.21546677534417,73.34760990309984,86.57219688031677,1901.8459290540413,2400.031694727148,0,785.1703436888266,784.9999762153147,0.17034368882661965,-2.37846852542134e-05,0.3982765792007023,-1.6249060674206212e-05
encodec_ft_encodec_ft_53tet,3.0kbps,24000,20260826,785.0,220.0,346.21547002486216,220Hz_ongrid,2,219.9940492373615,346.19927800147906,220.0000009513647,346.2154668632984,73.33003214949981,86.54917671410135,1901.9861074529047,2400.0128575381545,0,784.9658593075686,784.9999767042276,-0.03414069243137874,-2.3295772393794323e-05,-0.08096933893775281,-1.5809249880199036e-05
encodec_ft_encodec_ft_53tet,3.0kbps,24000,20260826,785.0,220.0,346.21547002486216,220Hz_ongrid,3,220.0379812761779,346.2078147308646,220.00000093570404,346.2154669066325,73.35432098151935,86.55073645149523,1901.7584590696172,2400.0243475376797,0,784.662861445598,784.9999770441555,-0.33713855440203133,-2.2955844542593695e-05,-0.038280358031050316,-1.5592559602276856e-05
encodec_ft_encodec_ft_53tet,3.0kbps,24000,20260826,785.0,220.0,346.21547002486216,220Hz_ongrid,4,220.02640013810864,346.21588188488784,220.0000009524601,346.2154667749195,110.00657797438532,115.40420038348195,1200.1042124110163,1901.971406080687,0,784.7943227766331,784.9999762536731,-0.2056772233669335,-2.3746326860418776e-05,0.0020594853135353806,-1.6251184353792585e-05
encodec_ft_encodec_ft_53tet,3.0kbps,24000,20260826,785.0,226.4,356.28719278922176,226.4Hz_+49.6c,0,226.43129436580404,356.28479757938754,226.4000035037198,356.28718935283325,75.47635567713829,75.00109049950416,1901.9720305613466,2697.6569383935666,0,784.7490763880429,784.9999565100329,-0.25092361195709145,-4.3489967083587544e-05,-0.011638596171917696,-1.6697745408305965e-05
encodec_ft_encodec_ft_53tet,3.0kbps,24000,20260826,785.0,226.4,356.28719278922176,226.4Hz_+49.6c,1,226.3319691175278,356.24906543735733,226.4000035656534,356.2871894241722,75.43860703725038,75.153802345104,1902.0785228533011,2693.9618716966465,0,785.3350218691543,784.9999563830822,0.335021869154275,-4.361691776466614e-05,-0.1852744167032623,-1.6351102430813895e-05
encodec_ft_encodec_ft_53tet,3.0kbps,24000,20260826,785.0,226.4,356.28719278922176,226.4Hz_+49.6c,2,226.3721794772575,356.2856569132727,226.40000355699803,356.2871893567565,75.4564061474906,95.33710276255302,1901.9776462177456,2282.309660559462,0,785.2052878780812,784.9999561216889,0.20528787808120796,-4.387831108942919e-05,-0.007462986385921506,-1.667868188106653e-05
encodec_ft_encodec_ft_53tet,3.0kbps,24000,20260826,785.0,226.4,356.28719278922176,226.4Hz_+49.6c,3,226.39451745170095,356.27180428553663,226.40000339745424,356.2871894534728,75.4594485662525,74.99276261713494,1902.078670332439,2697.7860425335866,0,784.9671485745648,784.9999578116413,-0.032851425435183046,-4.21883587478078e-05,-0.07477584777519078,-1.6208727868363314e-05
encodec_ft_encodec_ft_53tet,3.0kbps,24000,20260826,785.0,226.4,356.28719278922176,226.4Hz_+49.6c,4,226.39776195901493,356.3365784579896,226.40000330206686,356.28718939305634,75.4650958686896,95.8416801089069,1901.973922021858,2273.4185781686533,0,785.2570670496975,784.9999582474791,0.25706704969752536,-4.175252092863957e-05,0.23995312784497244,-1.6502297500101437e-05
encodec_ft_encodec_ft_53tet,3.0kbps,24000,20260826,790.0,220.0,347.2168248290023,220Hz_ongrid,0,219.99214198868856,347.21274227519365,220.00000094044694,347.21682230700134,73.32896133144537,86.80358629787267,1901.9963792871558,2399.9920077332195,0,790.0414818640867,789.9999800246158,0.04148186408667698,-1.9975384248027694e-05,-0.020355861834196142,-1.2574776509016496e-05
encodec_ft_encodec_ft_53tet,3.0kbps,24000,20260826,790.0,220.0,347.2168248290023,220Hz_ongrid,1,220.02165114969438,347.19614111936806,220.0000009571204,347.2168223225154,109.99971421422374,86.79902953277093,1200.1748676756813,2400.0001146271434,0,789.7264974661407,789.9999799707616,-0.27350253385930046,-2.002923838517745e-05,-0.10313270098997138,-1.2497422984257569e-05
encodec_ft_encodec_ft_53tet,3.0kbps,24000,20260826,790.0,220.0,347.2168248290023,220Hz_ongrid,2,220.00757705956258,347.17793032636223,220.00000094108762,347.2168222576347,109.99994406980451,86.79445302744621,1200.0605049735666,2400.000589497721,0,789.7464352030391,789.9999797734305,-0.253564796960859,-2.022656951794488e-05,-0.19394008051619455,-1.2820919987014318e-05
encodec_ft_encodec_ft_53tet,3.0kbps,24000,20260826,790.0,220.0,347.2168248290023,220Hz_ongrid,3,220.0036093783218,347.22221122589536,220.00000093486972,347.2168221205168,110.00696385471765,86.8043809563445,1199.918805753631,2400.02337132214,0,789.9984536848604,789.9999791386864,-0.0015463151396488684,-2.0861313601017173e-05,0.026856536626317186,-1.3504594315628596e-05
encodec_ft_encodec_ft_53tet,3.0kbps,24000,20260826,790.0,220.0,347.2168248290023,220Hz_ongrid,4,219.9865633537969,347.24651989041735,220.00000094614853,347.21682224946596,73.32533618570578,86.81137540442477,1902.0380662194095,2400.0050767131847,0,790.2537936817952,789.9999796928752,0.25379368179517314,-2.0307124827922962e-05,0.14805418265225348,-1.2861649697325064e-05
encodec_ft_encodec_ft_53tet,3.0kbps,24000,20260826,790.0,226.4,357.3176779149369,226.4Hz_+49.6c,0,226.40755340897857,357.30010169632044,226.40000340796078,357.31767606950893,75.4711808925674,75.07320431171969,1901.9092042978973,2700.919628761013,0,789.8570812603482,789.9999649987749,-0.14291873965180457,-3.500122511468362e-05,-0.08516034444416777,-8.941252814737999e-06
encodec_ft_encodec_ft_53tet,3.0kbps,24000,20260826,790.0,226.4,357.3176779149369,226.4Hz_+49.6c,1,226.35661299133523,357.3283918082859,226.40000341835804,357.31767599158695,75.44619301670664,75.01800611506872,1902.0929346169985,2702.330070428732,0,790.3837122217369,789.9999645417307,0.3837122217369142,-3.5458269280752575e-05,0.05190893157079703,-9.318791494102592e-06
encodec_ft_encodec_ft_53tet,3.0kbps,24000,20260826,790.0,226.4,357.3176779149369,226.4Hz_+49.6c,2,226.36957630223384,357.30928017496734,226.40000350673407,357.3176759643735,75.45297726946312,97.08074926840338,1902.036409965331,2255.899483549403,0,790.1919711361909,789.9999637340861,0.19197113619088668,-3.626591387728695e-05,-0.04068823098988281,-9.450642799864046e-06
encodec_ft_encodec_ft_53tet,3.0kbps,24000,20260826,790.0,226.4,357.3176779149369,226.4Hz_+49.6c,3,226.3813173786855,357.3307339680934,226.400003570549,357.3176761584133,75.45704472178836,73.57987233161492,1902.0328779727208,2735.8523124702933,0,790.2061245565172,789.9999641862456,0.2061245565172385,-3.581375437988754e-05,0.06325651438546202,-8.510503939594378e-06
encodec_ft_encodec_ft_53tet,3.0kbps,24000,20260826,790.0,226.4,357.3176779149369,226.4Hz_+49.6c,4,226.37815589742462,357.31243000425724,226.4000034216284,357.31767591753163,75.45691756170744,87.23446313422065,1902.0116180894975,2441.0591927526543,0,790.141618647333,789.9999641579186,0.1416186473329617,-3.584208138818212e-05,-0.02542675309798824,-9.677595702359491e-06
encodec_ft_encodec_ft_53tet,3.0kbps,24000,20260826,795.0,220.0,348.22107583949537,220Hz_ongrid,0,220.0076069466999,348.22454469118236,220.00000094583325,348.2210769438184,109.99518717855031,87.05585140217046,1200.1356081034494,2400.0056630747745,0,794.957385940382,794.9999980473157,-0.042614059618017563,-1.952684328898613e-06,0.017245837936614737,5.4903100065415715e-06
encodec_ft_encodec_ft_53tet,3.0kbps,24000,20260826,795.0,220.0,348.22107583949537,220Hz_ongrid,1,219.98604292393088,348.22455058001,220.00000092016637,348.2210769758394,109.98785712306353,87.05441530507964,1200.0812859681903,2400.0342514967424,0,795.1271102594523,794.9999984084922,0.12711025945225174,-1.5915078392936266e-06,0.017275114847295117,5.649507361425911e-06
encodec_ft_encodec_ft_53tet,3.0kbps,24000,20260826,795.0,220.0,348.22107583949537,220Hz_ongrid,2,220.01255079431937,348.23151075803816,220.00000095173786,348.2210769496486,110.00274563871052,87.05723108133334,1200.0555507949987,2400.0128585060647,0,794.9531155407547,794.9999980298367,-0.0468844592453479,-1.970163339137798e-06,0.05187800757585325,5.519295762689464e-06
encodec_ft_encodec_ft_53tet,3.0kbps,24000,20260826,795.0,220.0,348.22107583949537,220Hz_ongrid,3,219.98815366574945,348.2078749005803,220.00000091334292,348.2210769809749,73.32661510677873,77.3574503120551,1902.0203860320617,2604.404017096258,0,795.0275925045839,794.9999984877193,0.027592504583935806,-1.5122807326406473e-06,-0.06563171995614915,5.675039183126051e-06
encodec_ft_encodec_ft_53tet,3.0kbps,24000,20260826,795.0,220.0,348.22107583949537,220Hz_ongrid,4,220.01061060795774,348.2088163462738,220.00000093141563,348.22107699151445,110.00053810462573,87.05206590206497,1200.0750265330437,2400.0027481200486,0,794.8555535243069,794.9999983978998,-0.14444647569314384,-1.6021001556509873e-06,-0.06095100836374975,5.727438270961693e-06
encodec_ft_encodec_ft_53tet,3.0kbps,24000,20260826,795.0,226.4,358.35114350028067,226.4Hz_+49.6c,0,226.37444718733485,358.33598447108443,226.40000349277543,358.3511491836373,75.45649881795093,101.99104735135467,1901.992862789297,2175.4444895956167,0,795.1221716121019,795.0000007483925,0.12217161210185168,7.483924946427578e-07,-0.07323649741976838,2.745692469563208e-05
encodec_ft_encodec_ft_53tet,3.0kbps,24000,20260826,795.0,226.4,358.35114350028067,226.4Hz_+49.6c,1,226.35335254354004,716.6578916180665,226.40000342259347,358.35114918668506,75.44730990647648,74.42347908620707,1902.0423690479852,3920.945820121603,1,1995.249497394038,795.0000012997835,1200.249497394038,1.2997835483474773e-06,1199.892757174411,2.747164879684357e-05
encodec_ft_encodec_ft_53tet,3.0kbps,24000,20260826,795.0,226.4,358.35114350028067,226.4Hz_+49.6c,2,226.40077710004698,358.3314616220189,226.4000034884623,358.35114911498096,75.46642785016088,74.60246512681871,1901.9664217289626,2716.799412164159,0,794.8989697423451,795.0000004496878,-0.10103025765488383,4.496878318605013e-07,-0.09508794426264802,2.71252385890922e-05
encodec_ft_encodec_ft_53tet,3.0kbps,24000,20260826,795.0,226.4,358.35114350028067,226.4Hz_+49.6c,3,226.39285562578212,358.33199790149314,226.40000345822455,358.3511492155671,75.46392549336392,75.17574969070381,1901.9632531497214,2703.5491465009954,0,794.9621354379758,795.0000011668525,-0.03786456202419686,1.1668524848573725e-06,-0.09249697838235772,2.7611181211672838e-05
encodec_ft_encodec_ft_53tet,3.0kbps,24000,20260826,795.0,226.4,358.35114350028067,226.4Hz_+49.6c,4,226.42138248849568,358.36545297353655,226.4000035020653,358.3511490701372,75.47624166558205,75.0341115035102,1901.8988604335768,2706.975657264875,0,794.905629516056,795.0000001290233,-0.09437048394397607,1.2902330581709975e-07,0.06912926936513862,2.6908593292624214e-05
encodec_ft_encodec_ft_53tet,3.0kbps,24000,20260826,800.0,220.0,349.2282314330039,220Hz_ongrid,0,220.0292288665102,349.26228141297,220.00000095459683,349.2282298383402,73.3465757942515,99.78632299362556,1901.8723984071491,2168.876223669428,0,799.9387943652707,799.9999845827944,-0.061205634729276426,-1.5417205645462673e-05,0.16878821873725358,-7.905248725299628e-06
encodec_ft_encodec_ft_53tet,3.0kbps,24000,20260826,800.0,220.0,349.2282314330039,220Hz_ongrid,1,220.03017960066794,349.256523601959,220.0000009514983,349.2282298994428,110.00989750679919,99.7791270205947,1200.08170958646,2168.9725333429915,0,799.9027730841588,799.9999849100822,-0.09722691584124732,-1.5089917837940447e-05,0.14024748826873695,-7.6023440538720734e-06
encodec_ft_encodec_ft_53tet,3.0kbps,24000,20260826,800.0,220.0,349.2282314330039,220Hz_ongrid,2,220.0136474775566,349.1842983934816,220.00000096090196,349.2282298021094,110.00265764699198,99.77770470429134,1200.0655651738957,2168.6391605839462,0,799.6748043990506,799.9999843535702,-0.3251956009494279,-1.56464298015635e-05,-0.21780357812093312,-8.084856200946421e-06
encodec_ft_encodec_ft_53tet,3.0kbps,24000,20260826,800.0,220.0,349.2282314330039,220Hz_ongrid,3,220.0164494792567,349.25274244374066,220.0000009331489,349.22822985132376,109.99612316604887,99.76977378581748,1200.1904567473202,2169.1160828060674,0,799.9920643616841,799.9999848159367,-0.007935638315871074,-1.518406327249977e-05,0.1215045161402375,-7.840885223418156e-06
encodec_ft_encodec_ft_53tet,3.0kbps,24000,20260826,800.0,220.0,349.2282314330039,220Hz_ongrid,4,220.00454835929946,349.2555462368797,220.00000093788748,349.22822989356564,109.9943675736857,99.78935637128517,1200.1244399492127,2168.790211699467,0,800.0996109814787,799.999984988054,0.09961098147869052,-1.5011945947662753e-05,0.13540276825101913,-7.631478961778335e-06
encodec_ft_encodec_ft_53tet,3.0kbps,24000,20260826,800.0,226.4,359.38759816560037,226.4Hz_+49.6c,0,226.31476577569723,359.40835831843077,226.4000033527246,359.38760151499145,75.43227356547692,119.80488011542192,1902.0922803040237,1901.92474123122,0,800.7518936953161,799.9999904970206,0.7518936953160846,-9.502979423814395e-06,0.10000246420307714,1.613461324170869e-05
encodec_ft_encodec_ft_53tet,3.0kbps,24000,20260826,800.0,226.4,359.38759816560037,226.4Hz_+49.6c,1,226.41127680584205,359.37997133548964,226.4000035171446,359.3876014372495,75.46778299677429,119.7937889700632,1902.0156212755112,1901.9482780039586,0,799.8770305533992,799.999988865238,-0.12296944660079134,-1.1134761962239281e-05,-0.03674018844161366,1.5760116413455788e-05
encodec_ft_encodec_ft_53tet,3.0kbps,24000,20260826,800.0,226.4,359.38759816560037,226.4Hz_+49.6c,2,226.42395962881668,359.40802700851714,226.4000034849362,359.3876014921907,75.4720131489131,119.80294087319513,1902.0155595126646,1901.9511684873014,0,799.9152019368308,799.9999893761906,-0.08479806316915983,-1.0623809430398978e-05,0.09840657681086681,1.6024777742603722e-05
encodec_ft_encodec_ft_53tet,3.0kbps,24000,20260826,800.0,226.4,359.38759816560037,226.4Hz_+49.6c,3,226.39140747306257,359.3940154894013,226.4000033417699,359.38760147163,75.460076737049,119.798351930492,1902.0404764331881,1901.949989641803,0,800.0966196413954,799.9999903719092,0.09661964139536394,-9.628090765545494e-06,0.030913115353262306,1.5925733049639183e-05
encodec_ft_encodec_ft_53tet,3.0kbps,24000,20260826,800.0,226.4,359.38759816560037,226.4Hz_+49.6c,4,226.41385201949282,359.3291337787188,226.40000355749007,359.3876014910574,75.47466329482764,119.77715146583712,1901.8774851834612,1901.9438202487386,0,799.6124234362271,799.9999888159269,-0.38757656377288185,-1.1184073059666844e-05,-0.28165627138410104,1.6019318719480563e-05
encodec_ft_encodec_ft_53tet,3.0kbps,24000,20260826,805.0,220.0,350.2383000104181,220Hz_ongrid,0,220.00337285118528,350.2049203915599,220.0000009461645,350.2382994064939,109.99709622239715,100.06060255770811,1200.0722432730734,2168.7903702670073,0,804.8084545053944,804.9999895691915,-0.1915454946056343,-1.0430808515593526e-05,-0.16500390345051133,-2.985207683441116e-06
encodec_ft_encodec_ft_53tet,3.0kbps,24000,20260826,805.0,220.0,350.2383000104181,220Hz_ongrid,1,220.0013571428525,350.2027098901576,220.00000092904716,350.2382993907467,73.33084984027235,100.05281389869228,1902.024311166872,2168.914206138853,0,804.8133888158839,804.9999896260532,-0.18661118411614552,-1.0373946793151845e-05,-0.17593152653075095,-3.0630463346856214e-06
encodec_ft_encodec_ft_53tet,3.0kbps,24000,20260826,805.0,220.0,350.2383000104181,220Hz_ongrid,2,220.00646100789504,350.2280870820979,220.00000094277,350.2382993972821,73.33733701461507,100.0647451852319,1901.911328102441,2168.8332170933368,0,804.8986740685733,804.9999895503695,-0.10132593142668611,-1.0449630508446717e-05,-0.050483419549176144,-3.030741764462226e-06
encodec_ft_encodec_ft_53tet,3.0kbps,24000,20260826,805.0,220.0,350.2383000104181,220Hz_ongrid,3,220.00119939156767,350.2025738972472,220.0000009353638,350.23829942736774,109.99653453874107,100.05698940468444,1200.0639802724024,2168.841285739011,0,804.813957908504,804.9999897573643,-0.18604209149600592,-1.0242635653412435e-05,-0.17660381031395275,-2.8820280705251906e-06
encodec_ft_encodec_ft_53tet,3.0kbps,24000,20260826,805.0,220.0,350.2383000104181,220Hz_ongrid,4,220.01092608551275,350.2529953956616,220.00000094060485,350.2382994222523,110.00019803792014,100.08017092668408,1200.0828611009183,2168.689476209949,0,804.9866601064733,804.9999896908355,-0.01333989352667686,-1.0309164508726099e-05,0.07263802268018663,-2.9073138691956213e-06
encodec_ft_encodec_ft_53tet,3.0kbps,24000,20260826,805.0,226.4,360.4270505561757,226.4Hz_+49.6c,0,226.44605859156366,360.4408438591257,226.40000353220907,360.42704835409234,75.48268963678699,120.1468221633343,1901.9396315676197,1901.9568134086317,0,804.714087187332,804.9999624126915,-0.28591281266801616,-3.758730849767744e-05,0.06625190524948937,-1.0577235115303493e-05
encodec_ft_encodec_ft_53tet,3.0kbps,24000,20260826,805.0,226.4,360.4270505561757,226.4Hz_+49.6c,1,226.38442666205273,360.4022925653025,226.40000337157656,360.4270483577355,75.45980770556307,120.13202157883696,1901.9932649984628,1901.9849172189608,0,805.0001664107008,804.9999636585143,0.00016641070078549092,-3.63414857247335e-05,-0.11892378469882234,-1.0559736141645459e-05
encodec_ft_encodec_ft_53tet,3.0kbps,24000,20260826,805.0,226.4,360.4270505561757,226.4Hz_+49.6c,2,226.38423475324328,720.7750780151933,226.40000357126507,360.42704838298556,75.4589762060481,120.12842242220488,1902.010874164048,3101.9659139167807,1,2004.9307621297867,804.9999622528209,1199.9307621297867,-3.774717913529457e-05,1199.810204345777,-1.0438452875830782e-05
encodec_ft_encodec_ft_53tet,3.0kbps,24000,20260826,805.0,226.4,360.4270505561757,226.4Hz_+49.6c,3,226.3715117390354,360.4681685380841,226.4000035253787,360.4270483595806,75.45908887166736,120.15584758381577,1901.9109895385832,1901.9580063570452,0,805.4153477000177,804.9999624912837,0.41534770001771903,-3.750871633201314e-05,0.19749014420003483,-1.055087334962038e-05
encodec_ft_encodec_ft_53tet,3.0kbps,24000,20260826,805.0,226.4,360.4270505561757,226.4Hz_+49.6c,4,226.42469581599562,360.4083952019517,226.40000353124879,360.427048385694,75.47570693993143,120.1318502273243,1901.9364594838971,1902.0167010557388,0,804.7215571808161,804.9999625718265,-0.2784428191838515,-3.7428173527587205e-05,-0.08960931271412055,-1.0425443440377746e-05
encodec_ft_encodec_ft_53tet,3.0kbps,24000,20260826,810.0,220.0,351.251289996926,220Hz_ongrid,0,220.01899089483172,351.2557121811434,220.00000093979602,351.2512853735035,110.00350657396929,117.08811254155219,1200.0942502627895,1901.912489163399,0,809.8723581895433,809.9999698167646,-0.1276418104566801,-3.0183235367076122e-05,0.021795756810398213,-2.2787749812291565e-05
encodec_ft_encodec_ft_53tet,3.0kbps,24000,20260826,810.0,220.0,351.251289996926,220Hz_ongrid,1,220.02972968153867,351.24556211177145,220.00000094697933,351.25128543012215,109.99653781608224,87.81125959288333,1200.2884247711402,2400.002581435061,0,809.7378340245447,809.9999700392973,-0.26216597545533205,-2.9960702704556752e-05,-0.02823161350595334,-2.250868997188816e-05
encodec_ft_encodec_ft_53tet,3.0kbps,24000,20260826,810.0,220.0,351.251289996926,220Hz_ongrid,2,220.02064255156174,351.2571606723508,220.0000009470304,351.2512853785752,73.33850752364896,100.35510554651565,1901.995287939378,2168.896344943357,0,809.8665012315768,809.9999697848326,-0.13349876842323738,-3.0215167384994857e-05,0.02893492078830581,-2.2762752706131087e-05
encodec_ft_encodec_ft_53tet,3.0kbps,24000,20260826,810.0,220.0,351.251289996926,220Hz_ongrid,3,220.01992729311362,351.2630902924885,220.00000094629652,351.25128533438345,110.0065701871101,100.36008865020946,1200.0534039186632,2168.839608104288,0,809.9013542090264,809.9999695727971,-0.09864579097359183,-3.042720288704004e-05,0.05815987271416384,-2.298056315914545e-05
encodec_ft_encodec_ft_53tet,3.0kbps,24000,20260826,810.0,220.0,351.251289996926,220Hz_ongrid,4,220.0273354660628,351.249894675369,220.00000094947669,351.25128541063657,110.01087417398529,100.36193377926186,1200.0439615008129,2168.742742412295,0,809.7780266429589,809.9999699236052,-0.22197335704106536,-3.0076394750722102e-05,-0.006877221680516895,-2.260472972482034e-05
encodec_ft_encodec_ft_53tet,3.0kbps,24000,20260826,810.0,226.4,361.46950934229113,226.4Hz_+49.6c,0,226.40241083748506,722.982299500078,226.4000035128791,361.4695164418876,75.46349056759327,72.3186147391291,1902.0462983981886,3985.8256539667027,1,2010.085207105495,810.0000071407819,1200.085207105495,7.1407819177693455e-06,1200.1036421837587,3.400304219765944e-05
encodec_ft_encodec_ft_53tet,3.0kbps,24000,20260826,810.0,226.4,361.46950934229113,226.4Hz_+49.6c,1,226.3573754340644,361.44936160344065,226.40000356717613,361.46951636056747,75.44942531610506,72.30556083241437,1902.0245972555012,2785.9380382961954,0,810.2294730027374,810.0000063361063,0.22947300273744986,6.336106253002072e-06,-0.09649893762789367,3.361356486986028e-05
encodec_ft_encodec_ft_53tet,3.0kbps,24000,20260826,810.0,226.4,361.46950934229113,226.4Hz_+49.6c,2,226.3206590311102,723.0159452368215,226.40000336165343,361.46951635050465,75.4377918821109,72.31687128956679,1902.0107158260591,3985.947956183632,1,2010.7910178278723,810.0000078595007,1200.7910178278723,7.859500669837871e-06,1200.1842074891163,3.356536970345665e-05
encodec_ft_encodec_ft_53tet,3.0kbps,24000,20260826,810.0,226.4,361.46950934229113,226.4Hz_+49.6c,3,226.40821482497552,361.4750192625524,226.40000346588118,361.4695163348483,75.46955586142158,72.3260530901363,1901.951538837676,2785.5703435792393,0,809.9635732629681,810.0000069875075,-0.03642673703188848,6.987507504163659e-06,0.0263891936009808,3.349038492240403e-05
encodec_ft_encodec_ft_53tet,3.0kbps,24000,20260826,810.0,226.4,361.46950934229113,226.4Hz_+49.6c,4,226.34528110611632,361.48464316880376,226.4000034523217,361.4695163606744,75.4438596463348,72.31299909861133,1902.0598070101285,2785.9289306554874,0,810.4909555881301,810.0000072148865,0.49095558813007756,7.214886522888264e-06,0.07248093302772793,3.361407690554271e-05
encodec_ft_encodec_ft_53tet,3.0kbps,24000,20260826,815.0,220.0,352.2672098420836,220Hz_ongrid,0,220.01021107757862,352.30270172569635,220.00000094548676,352.2672035882019,73.33841920498737,88.07417481108439,1901.9152907214516,2400.029496761119,0,815.0940661595456,814.9999618247315,0.09406615954560493,-3.8175268514351046e-05,0.17441777293945487,-3.0735001137818074e-05
encodec_ft_encodec_ft_53tet,3.0kbps,24000,20260826,815.0,220.0,352.2672098420836,220Hz_ongrid,1,220.02445226021425,352.15046130414987,220.0000009580423,352.2672035936616,73.34402522406414,88.03271508025992,1901.8950180697677,2400.0963645870547,0,814.2337284768574,814.9999617527607,-0.7662715231425636,-3.824723933121277e-05,-0.573861372817263,-3.0708169236945975e-05
encodec_ft_encodec_ft_53tet,3.0kbps,24000,20260826,815.0,220.0,352.2672098420836,220Hz_ongrid,2,220.00857298613352,352.27637742698965,220.0000009378445,352.26720351926963,73.34180997118797,88.06676125645015,1901.8223598124139,2400.0458639458807,0,814.977592328529,814.9999615460991,-0.022407671471000867,-3.845390085643885e-05,0.045053948186354664,-3.1073771953689894e-05
encodec_ft_encodec_ft_53tet,3.0kbps,24000,20260826,815.0,220.0,352.2672098420836,220Hz_ongrid,3,220.011634736026,352.18157226190164,220.00000093811227,352.26720351606,110.00094802734485,88.04324642155537,1200.0766337193988,2400.042209912651,0,814.4875246756297,814.9999615282184,-0.5124753243702571,-3.847178163596254e-05,-0.42092114909561845,-3.1089545690146403e-05
encodec_ft_encodec_ft_53tet,3.0kbps,24000,20260826,815.0,220.0,352.2672098420836,220Hz_ongrid,4,219.98924324088745,352.2685337409139,220.00000094261122,352.2672035829842,109.99037188450801,76.97350917054172,1200.0668889948824,2633.090024355815,0,815.0911560015006,814.9999618217172,0.09115600150062164,-3.81782828071664e-05,0.006506351887333959,-3.0760643478271525e-05
encodec_ft_encodec_ft_53tet,3.0kbps,24000,20260826,815.0,226.4,362.51498321930785,226.4Hz_+49.6c,0,226.3912846469735,362.5260651459491,226.4000035751827,362.5149797505459,75.46312905090187,102.94859921034464,1901.9695112316158,2179.392632313071,0,815.1195680567762,814.9999560958248,0.11956805677618831,-4.390417518607137e-05,0.05292226909164376,-1.6565491431277187e-05
encodec_ft_encodec_ft_53tet,3.0kbps,24000,20260826,815.0,226.4,362.51498321930785,226.4Hz_+49.6c,1,226.45406258932243,725.014112777758,226.40000347419624,362.5149797556513,75.48584852604084,103.37708313937408,1901.9283737324345,3372.1112123346875,1,2014.5487879452194,814.999956892429,1199.5487879452194,-4.310757094572182e-05,1199.9621440508276,-1.6541109767512347e-05
encodec_ft_encodec_ft_53tet,3.0kbps,24000,20260826,815.0,226.4,362.51498321930785,226.4Hz_+49.6c,2,226.3808419675336,362.5008645994199,226.4000034568638,362.51497974321416,75.45824752134138,103.1914206315433,1902.0016463200038,2175.19368778619,0,815.0790772308118,814.9999569655715,0.07907723081177664,-4.303442847231054e-05,-0.0674264860622836,-1.6600504947367797e-05
encodec_ft_encodec_ft_53tet,3.0kbps,24000,20260826,815.0,226.4,362.51498321930785,226.4Hz_+49.6c,3,226.31932688611005,362.4993810721248,226.40000343039287,362.5149798444646,75.43350046968443,103.20289283414235,1902.0990127042508,2174.99414522258,0,815.5424890374767,814.9999576515232,0.5424890374766846,-4.234847676798381e-05,-0.07451154011945355,-1.611697122519848e-05
encodec_ft_encodec_ft_53tet,3.0kbps,24000,20260826,815.0,226.4,362.51498321930785,226.4Hz_+49.6c,4,226.4003312578986,362.50734727567135,226.4000034539731,362.51497983771134,75.46296132229678,103.15060184466114,1902.0425380208715,2175.9095964562066,0,814.9610001867328,814.9999574389589,-0.03899981326719626,-4.2561041141198075e-05,-0.03646675437350172,-1.614922236251148e-05
encodec_ft_encodec_ft_53tet,3.0kbps,24000,20260826,820.0,220.0,353.28606801988565,220Hz_ongrid,0,219.9946874718603,353.2785094066681,220.00000095780774,353.28606468590516,73.33033877633062,70.65277632416509,1901.9838909292146,2786.3853985117535,0,820.0047656619383,819.9999761250224,0.004765661938336052,-2.3874977614468662e-05,-0.03704043192800039,-1.6337753175829697e-05
encodec_ft_encodec_ft_53tet,3.0kbps,24000,20260826,820.0,220.0,353.28606801988565,220Hz_ongrid,1,220.0217676699366,353.29301947813644,220.00000093729776,353.286064903608,73.34359623779709,88.32038304625573,1901.8840205365043,2400.0562918461324,0,819.8627777450062,819.9999773532461,-0.13722225499384422,-2.2646753905064543e-05,0.03406441381532852,-1.5270927569860636e-05
encodec_ft_encodec_ft_53tet,3.0kbps,24000,20260826,820.0,220.0,353.28606801988565,220Hz_ongrid,2,219.98382657270975,353.3082402982734,220.00000091950147,353.2860649194025,109.98651687781026,117.77327525045301,1200.084939657129,1901.8982322997979,0,820.2359264101626,819.9999775706884,0.2359264101626195,-2.2429311570704158e-05,0.10864905887585338,-1.5193528684461554e-05
encodec_ft_encodec_ft_53tet,3.0kbps,24000,20260826,820.0,220.0,353.28606801988565,220Hz_ongrid,3,220.01097267251518,353.2538691600989,220.00000093695172,353.286064635347,110.00077199489316,75.86744452735364,1200.0741945102125,2662.983016282628,0,819.7558618342699,819.9999760413895,-0.24413816573007807,-2.3958610540830705e-05,-0.15779366320061833,-1.658550714501849e-05
encodec_ft_encodec_ft_53tet,3.0kbps,24000,20260826,820.0,220.0,353.28606801988565,220Hz_ongrid,4,220.0202081546964,353.2238269683166,220.00000093854155,353.2860646279359,110.00345591409035,88.30317789443377,1200.104625611255,2400.0544800320904,0,819.5359530347376,819.9999759925619,-0.4640469652623551,-2.4007438128137437e-05,-0.3050313343641338,-1.6621824199434957e-05
encodec_ft_encodec_ft_53tet,3.0kbps,24000,20260826,820.0,226.4,363.56348090773685,226.4Hz_+49.6c,0,226.3693713303395,727.110433226904,226.40000354940247,363.5634822149113,75.45436933546523,72.71991651871306,1902.0029023532084,3986.102457896858,1,2020.1948731954647,819.9999790830184,1200.1948731954647,-2.0916981611662777e-05,1199.9606462391714,6.224566111626113e-06
encodec_ft_encodec_ft_53tet,3.0kbps,24000,20260826,820.0,226.4,363.56348090773685,226.4Hz_+49.6c,1,226.43696684897293,727.2456847056689,226.40000346169413,363.56348223612804,75.48086988720021,72.73497350231865,1901.9118590243293,3986.0660361252144,1,2019.9999923217074,819.9999798547369,1199.9999923217074,-2.0145263079029974e-05,1200.2826471067888,6.32559705770783e-06
encodec_ft_encodec_ft_53tet,3.0kbps,24000,20260826,820.0,226.4,363.56348090773685,226.4Hz_+49.6c,2,226.31592176642647,727.1776536070803,226.40000352802227,363.5634822798108,75.43647507177594,72.73329317150389,1902.004697819123,3985.944073724286,1,2020.7637373995149,819.9999795555499,1200.7637373995149,-2.0444450115064683e-05,1200.1206890973767,6.53360771284872e-06
encodec_ft_encodec_ft_53tet,3.0kbps,24000,20260826,820.0,226.4,363.56348090773685,226.4Hz_+49.6c,3,226.40220919184048,363.55032231700955,226.40000336261195,363.5634822633797,75.47320802887224,72.73186022256859,1901.821839181932,2785.794832383329,0,819.9204465051894,819.999980742166,-0.07955349481062512,-1.925783396927727e-05,-0.06266034341878629,6.455365045883038e-06
encodec_ft_encodec_ft_53tet,3.0kbps,24000,20260826,820.0,226.4,363.56348090773685,226.4Hz_+49.6c,4,226.39701655656924,363.5968136340513,226.4000034482261,363.56348202236865,75.46553893978884,72.73351566650157,1901.9580576162116,2785.9768068000044,0,820.1815320278436,819.9999789398344,0.18153202784355926,-2.1060165636299644e-05,0.15871810168218842,5.307707392581155e-06
encodec_ft_encodec_ft_53tet,3.0kbps,24000,20260826,825.0,220.0,354.30787302883596,220Hz_ongrid,0,220.0108963197153,354.32484983530304,220.00000095778884,354.3078722192105,73.34144518166643,88.57841132272155,1901.8492527673845,2400.0547463592047,0,824.9972071059058,824.9999885068984,-0.0027928940942274494,-1.14931016241826e-05,0.08295079935649526,-3.956026012681286e-06
encodec_ft_encodec_ft_53tet,3.0kbps,24000,20260826,825.0,220.0,354.30787302883596,220Hz_ongrid,1,219.98860259799113,354.31636883090925,220.00000092707967,354.30787207695676,109.99124538905022,74.26246539422803,1200.0480985721856,2705.1996010459447,0,825.1312033279537,824.9999880534701,0.13120332795369904,-1.194652986669098e-05,0.04151204814996744,-4.651112160334047e-06
encodec_ft_encodec_ft_53tet,3.0kbps,24000,20260826,825.0,220.0,354.30787302883596,220Hz_ongrid,2,220.00266188250004,354.3190298109631,220.00000095410317,354.30787205329733,109.99639836633952,88.57375741877517,1200.0776320888667,2400.1172707536543,0,825.0335669997182,824.9999877252098,0.03356699971823218,-1.2274790151423076e-05,0.05451388035300439,-4.7667178647978754e-06
encodec_ft_encodec_ft_53tet,3.0kbps,24000,20260826,825.0,220.0,354.30787302883596,220Hz_ongrid,3,219.99875306331364,354.3344154291584,220.00000092648406,354.3078722874747,109.99539470013042,88.58016193665925,1200.062669510537,2400.0672684977485,0,825.1395002154786,824.9999890867989,0.1395002154786198,-1.0913201094808755e-05,0.1296877365408978,-3.6224705086120882e-06
encodec_ft_encodec_ft_53tet,3.0kbps,24000,20260826,825.0,220.0,354.30787302883596,220Hz_ongrid,4,220.0113914365893,354.295170800548,220.00000095176708,354.30787229215986,110.00316646533584,118.09998532420478,1200.0398050223769,1901.931618675759,0,824.8482930322385,824.9999889107331,-0.15170696776146997,-1.1089266877206683e-05,-0.062067275338301926,-3.599577861740126e-06
encodec_ft_encodec_ft_53tet,3.0kbps,24000,20260826,825.0,226.4,364.6150111533112,226.4Hz_+49.6c,0,226.42555551523594,364.61006114693436,226.4000035076367,364.6150073072648,75.47700327745746,72.93240118626836,1901.9132980382055,2786.0670882674776,0,824.7810899207691,824.9999549163557,-0.2189100792309091,-4.5083644295118575e-05,-0.023503359684847323,-1.8261470906874804e-05
encodec_ft_encodec_ft_53tet,3.0kbps,24000,20260826,825.0,226.4,364.6150111533112,226.4Hz_+49.6c,1,226.43977449507167,729.3395219838682,226.4000035150768,364.61500713552186,75.47885423360498,72.96180449078987,1901.9795566530024,3985.6527098900415,1,2024.955818384405,824.9999540440075,1199.955818384405,-4.595599250478699e-05,1200.2599390213625,-1.9076926196885387e-05
encodec_ft_encodec_ft_53tet,3.0kbps,24000,20260826,825.0,226.4,364.6150111533112,226.4Hz_+49.6c,2,226.3765994646145,729.2284320216435,226.40000339946988,364.61500730219433,75.45692639250369,72.95406463327036,1901.9995125718474,3985.572656130356,1,2025.1751728778956,824.9999557194097,1200.1751728778956,-4.428059025940456e-05,1199.9962245678032,-1.8285546194949812e-05
encodec_ft_encodec_ft_53tet,3.0kbps,24000,20260826,825.0,226.4,364.6150111533112,226.4Hz_+49.6c,3,226.43355079941927,729.1885709131841,226.40000353295054,364.61500717246963,75.47831264741376,72.93711237209575,1901.9443952748281,3985.8803525983976,1,2024.6450521819036,824.9999540827629,1199.6450521819036,-4.591723711655504e-05,1199.9015892089492,-1.890149400218034e-05
encodec_ft_encodec_ft_53tet,3.0kbps,24000,20260826,825.0,226.4,364.6150111533112,226.4Hz_+49.6c,4,226.34394130029762,364.60411105844753,226.40000346643538,364.6150071504768,75.4471159924151,72.94519544920648,1901.9748364963423,2785.7351585612114,0,825.3769667017422,824.9999544869661,0.3769667017421625,-4.551303391053807e-05,-0.05175567889702172,-1.9005918531672586e-05
encodec_ft_encodec_ft_53tet,3.0kbps,24000,20260826,830.0,220.0,355.33263339201847,220Hz_ongrid,0,220.00429233356306,355.30628372234605,220.000000960231,355.33263611612534,109.9980613828408,118.43911678747226,1200.0642882760962,1901.901079371134,0,829.837838587036,830.0000057159646,-0.16216141296399655,5.715964562114095e-06,-0.12838431513067994,1.327225840108036e-05
encodec_ft_encodec_ft_53tet,3.0kbps,24000,20260826,830.0,220.0,355.33263339201847,220Hz_ongrid,1,219.97675499749525,355.29923856174145,220.00000093084142,355.3326363169355,73.31881495460496,74.32798425902334,1902.1148505653175,2708.468650101646,0,830.0202180163542,830.0000069256159,0.020218016354192514,6.9256159349606605e-06,-0.1627122834273182,1.4250635974255386e-05
encodec_ft_encodec_ft_53tet,3.0kbps,24000,20260826,830.0,220.0,355.33263339201847,220Hz_ongrid,2,220.02804480478537,355.35673189400273,220.00000094151562,355.33263636358083,110.00595804279239,75.50300418557407,1200.1269093279795,2681.5944912228206,0,829.8967301524699,830.000007068881,-0.10326984753010038,7.0688810183128226e-06,0.11740754602634973,1.4477898709022862e-05
encodec_ft_encodec_ft_53tet,3.0kbps,24000,20260826,830.0,220.0,355.33263339201847,220Hz_ongrid,3,220.01979638879294,355.3573838678116,220.00000091835233,355.33263607810653,73.34800570084536,76.16569053390425,1901.7644297569182,2666.469002067962,0,829.9648082037623,830.000005860285,-0.03519179623765467,5.860285000380827e-06,0.12058384218283989,1.3087025262252761e-05
encodec_ft_encodec_ft_53tet,3.0kbps,24000,20260826,830.0,220.0,355.33263339201847,220Hz_ongrid,4,219.9970185037778,355.29289396353334,220.00000093845708,355.3326361858029,109.9922399184907,74.57277889754765,1200.0986739986822,2702.745390919628,0,829.8298349833595,830.0000062267886,-0.17016501664045336,6.226788627827773e-06,-0.19362730188318403,1.3611738062485664e-05
encodec_ft_encodec_ft_53tet,3.0kbps,24000,20260826,830.0,226.4,365.66958272705904,226.4Hz_+49.6c,0,226.3373072815188,731.3039044769897,226.40000340724845,365.66958611977356,75.44502752652349,73.14958042235203,1901.9720174974964,3985.8594843826563,1,2030.3959924780843,829.9999900080164,1200.3959924780843,-9.991983574764163e-06,1199.9165278180647,1.6062541527799568e-05
encodec_ft_encodec_ft_53tet,3.0kbps,24000,20260826,830.0,226.4,365.66958272705904,226.4Hz_+49.6c,1,226.36053073451384,365.6741804614019,226.40000350412424,365.6695863895685,75.45098376688273,73.1574037127965,1902.0129703074422,2785.7795798136244,0,830.3236071110578,829.9999905445503,0.3236071110577541,-9.455449685447093e-06,0.021767476920189304,1.7339864523547112e-05
encodec_ft_encodec_ft_53tet,3.0kbps,24000,20260826,830.0,226.4,365.66958272705904,226.4Hz_+49.6c,2,226.41757640947822,365.67599518081516,226.40000344234105,365.66958635400874,75.47484144194796,91.42342900111655,1901.9018765230892,2399.916105649936,0,829.8959610378286,829.9999908486388,-0.10403896217144393,-9.151361155090854e-06,0.030358994752609718,1.7171509726687757e-05
encodec_ft_encodec_ft_53tet,3.0kbps,24000,20260826,830.0,226.4,365.66958272705904,226.4Hz_+49.6c,3,226.41522759918863,365.6460180885728,226.40000351626998,365.6695863024756,75.47148456990834,73.13888331417779,1901.9609182504216,2786.0845754317324,0,829.7719930758278,829.9999900393398,-0.2280069241721776,-9.96066023617459e-06,-0.11156853339363629,1.6927530103432842e-05
encodec_ft_encodec_ft_53tet,3.0kbps,24000,20260826,830.0,226.4,365.66958272705904,226.4Hz_+49.6c,4,226.3765391554164,731.3579546571173,226.40000348827962,365.6695862324825,75.45642910914664,73.15643597975017,1902.0104607317298,3985.8251908506236,1,2030.2238869647365,829.9999899219996,1200.2238869647365,-1.007800040042639e-05,1200.0444774349269,1.6596153445872946e-05
encodec_ft_encodec_ft_53tet,3.0kbps,24000,20260826,835.0,220.0,356.3603576571685,220Hz_ongrid,0,220.01767234029927,356.2879915636413,220.0000009621014,356.3603603019104,110.0055858927816,74.99734043950238,1200.0511511090601,2697.759022300811,0,834.5093402196826,835.0000052774069,-0.4906597803174009,5.277406899040216e-06,-0.35159737808934144,1.2848419322273974e-05
encodec_ft_encodec_ft_53tet,3.0kbps,24000,20260826,835.0,220.0,356.3603576571685,220Hz_ongrid,1,219.99172362733123,712.6507635173355,220.00000092551645,356.36036046535986,73.32722231395135,75.00964194309023,1902.0341441803926,3897.6567510726586,1,2034.8952053035257,835.0000063593566,1199.8952053035257,6.359356575558195e-06,1199.8300752685764,1.3642472889354881e-05
encodec_ft_encodec_ft_53tet,3.0kbps,24000,20260826,835.0,220.0,356.3603576571685,220Hz_ongrid,2,219.98159974281913,356.42969962999456,220.00000093831568,356.3603604431112,109.98367376330403,74.9923742812435,1200.1121672054956,2698.5620993979733,0,835.4816396277206,835.0000061505499,0.48163962772059676,6.150549893391144e-06,0.336837427899913,1.3534386460949211e-05
encodec_ft_encodec_ft_53tet,3.0kbps,24000,20260826,835.0,220.0,356.3603576571685,220Hz_ongrid,3,220.00853003690247,356.4199373054283,220.00000093857832,356.3603604354149,110.00030155932063,75.70289212225372,1200.0623775724885,2682.1892611540634,0,835.2222960070175,835.000006111094,0.22229600701746222,6.111093966865155e-06,0.2894196617610189,1.3496997476596239e-05
encodec_ft_encodec_ft_53tet,3.0kbps,24000,20260826,835.0,220.0,356.3603576571685,220Hz_ongrid,4,220.0100594737322,712.7652220342102,220.00000094013348,356.3603604123378,73.33912355800017,96.18786319369414,1901.8974708207677,3467.4002053535814,1,2035.02894699934,835.000005986745,1200.02894699934,5.986745009067818e-06,1200.1081056597795,1.3384886263153217e-05
encodec_ft_encodec_ft_53tet,3.0kbps,24000,20260826,835.0,226.4,366.727204425377,226.4Hz_+49.6c,0,226.34879927922407,733.5170190125516,226.4000033163928,366.72719974577797,75.4469612004537,91.68615397910672,1902.015545170051,3600.065584058144,1,2035.539343333871,834.9999525489278,1200.539343333871,-4.745107219150668e-05,1200.1477777166324,-2.2091301496321655e-05
encodec_ft_encodec_ft_53tet,3.0kbps,24000,20260826,835.0,226.4,366.727204425377,226.4Hz_+49.6c,1,226.356023243659,366.7364719800119,226.40000337961075,366.7271996984344,75.44968313528406,73.34965250147877,1902.008339545222,2786.2580558217915,0,835.380063261643,834.999951842015,0.3800632616430448,-4.815798502022517e-05,0.043749422507304805,-2.2314799504945304e-05
encodec_ft_encodec_ft_53tet,3.0kbps,24000,20260826,835.0,226.4,366.727204425377,226.4Hz_+49.6c,2,226.4430611090645,733.3962083151189,226.40000336916373,366.7271997086993,75.48167687780868,73.35415887841833,1901.9399432487385,3985.97056691009,1,2034.5333708376795,834.9999519703595,1199.5333708376795,-4.8029640538516105e-05,1199.8626189363263,-2.2266341399735234e-05
encodec_ft_encodec_ft_53tet,3.0kbps,24000,20260826,835.0,226.4,366.727204425377,226.4Hz_+49.6c,3,226.44116251449785,366.7146783344948,226.40000341085602,366.7271999901319,75.4830479660223,73.34571876207241,1901.8939810431514,2786.2480211342636,0,834.6261335831565,834.9999529801252,-0.373866416843498,-4.7019874841680576e-05,-0.05913377882774023,-2.093776329475243e-05
encodec_ft_encodec_ft_53tet,3.0kbps,24000,20260826,835.0,226.4,366.727204425377,226.4Hz_+49.6c,4,226.3911250814316,366.69045855118316,226.40000353179522,366.7272000247185,75.4619778232347,100.1437772436601,1901.9947020597072,2246.9879394497657,0,834.8943885617222,834.9999522186035,-0.10561143827783326,-4.7781396460777614e-05,-0.17347743811395372,-2.0774487911381044e-05
encodec_ft_encodec_ft_53tet,3.0kbps,24000,20260826,840.0,220.0,357.3910543967436,220Hz_ongrid,0,219.99303508801714,357.4067686347282,220.00000094119522,357.39104940008997,73.32518050409296,89.35120123859653,1902.092671942754,2400.009511850102,0,840.130928963881,839.9999683892686,0.1309289638810469,-3.161073141200177e-05,0.07611949276275558,-2.4204234684256773e-05
encodec_ft_encodec_ft_53tet,3.0kbps,24000,20260826,840.0,220.0,357.3910543967436,220Hz_ongrid,1,219.99028029617378,714.8442966371861,220.00000092514077,357.3910492760438,109.9905643596366,74.94243809321284,1200.0720206868473,3904.529061392299,1,2040.227103597642,839.9999679147145,1200.227103597642,-3.208528551112977e-05,1200.1506151706608,-2.4805125299644338e-05
encodec_ft_encodec_ft_53tet,3.0kbps,24000,20260826,840.0,220.0,357.3910543967436,220Hz_ongrid,2,220.00586662086874,714.822169338226,220.00000094661021,357.3910493366218,109.99658421362149,75.06352176100873,1200.0999254244741,3901.680593450402,1,2040.0508604362803,839.9999680392112,1200.0508604362803,-3.196078876044339e-05,1200.0970257016647,-2.4511680215722517e-05
encodec_ft_encodec_ft_53tet,3.0kbps,24000,20260826,840.0,220.0,357.3910543967436,220Hz_ongrid,3,219.99051958208713,357.3849602489994,220.00000092531624,357.3910494105187,73.32616449792897,74.81812866658181,1902.0496437739962,2707.2229631298765,0,840.0450844998742,839.9999685647421,0.04508449987417862,-3.143525793802837e-05,-0.029520845296646753,-2.4153716903860184e-05
encodec_ft_encodec_ft_53tet,3.0kbps,24000,20260826,840.0,220.0,357.3910543967436,220Hz_ongrid,4,220.0226948123874,357.37565051438787,220.00000094666717,357.3910492925897,73.34567784606824,74.88331138451622,1901.842181224031,2705.670243184262,0,839.7467987726133,839.9999678254677,-0.25320122738673945,-3.2174532293538505e-05,-0.07461938403942749,-2.4724975567372354e-05
encodec_ft_encodec_ft_53tet,3.0kbps,24000,20260826,840.0,226.4,367.7878850701034,226.4Hz_+49.6c,0,226.4086742700088,735.5880501631985,226.4000034954691,367.78788916121283,75.46799764994785,73.57221698763436,1901.990796952607,3985.9980868658126,1,2039.962572654774,839.9999925283497,1199.962572654774,-7.471650292245613e-06,1200.0289017356647,1.925748007202192e-05
encodec_ft_encodec_ft_53tet,3.0kbps,24000,20260826,840.0,226.4,367.7878850701034,226.4Hz_+49.6c,1,226.39820361540612,367.79231172007,226.40000354005338,367.7878889821777,75.4638805451793,73.5614432152361,1902.0051800957617,2786.243559037904,0,840.0345734322515,839.9999913446773,0.03457343225147724,-8.655322744743899e-06,0.02083679571319798,1.8414734297039975e-05
encodec_ft_encodec_ft_53tet,3.0kbps,24000,20260826,840.0,226.4,367.7878850701034,226.4Hz_+49.6c,2,226.4590482436142,367.8362352096343,226.4000035205857,367.7878890029176,75.48508824635476,73.5741569355798,1901.9839252412087,2786.1511132255478,0,839.7761057191784,839.9999915911684,-0.22389428082158247,-8.408831604356237e-06,0.22757657245311896,1.851236012821022e-05
encodec_ft_encodec_ft_53tet,3.0kbps,24000,20260826,840.0,226.4,367.7878850701034,226.4Hz_+49.6c,3,226.396015365301,367.7922588196945,226.4000033459347,367.78788900408136,75.46585856971858,73.55995146477835,1901.9430690692543,2786.278418033725,0,840.0510577353657,839.9999929321664,0.05105773536570268,-7.067833621476893e-06,0.020587788501645853,1.851783798747316e-05
encodec_ft_encodec_ft_53tet,3.0kbps,24000,20260826,840.0,226.4,367.7878850701034,226.4Hz_+49.6c,4,226.43470392695198,735.5715483282058,226.40000357863843,367.78788916878926,75.47674979837278,73.55720404827838,1901.9890588649157,3986.3125555349898,1,2039.7247101866162,839.9999919280344,1199.7247101866162,-8.071965567069128e-06,1199.99006361281,1.929314343448064e-05
encodec_ft_encodec_ft_53tet,3.0kbps,24000,20260826,845.0,220.0,358.4247322079957,220Hz_ongrid,0,220.00866916405636,358.40892220008146,220.00000095849998,358.424731984203,109.9998012203519,102.0893223802868,1200.0713469323036,2174.1294850936424,0,844.8554156610774,844.9999913763832,-0.1445843389226411,-8.623616849945392e-06,-0.0763659012191729,-1.080945403636923e-06
encodec_ft_encodec_ft_53tet,3.0kbps,24000,20260826,845.0,220.0,358.4247322079957,220Hz_ongrid,1,220.0106240061171,358.4438921880818,220.0000009429087,358.4247321254247,109.99690495326091,102.05949593145739,1200.1323129472996,2174.804265292741,0,845.0089416115375,844.9999921811923,0.008941611537466088,-7.818807716830634e-06,0.0925425071862351,-3.988275607988477e-07
encodec_ft_encodec_ft_53tet,3.0kbps,24000,20260826,845.0,220.0,358.4247322079957,220Hz_ongrid,2,220.02017821137898,358.3584635792566,220.0000009410828,358.4247319623912,110.00962480177793,101.99020324063154,1200.0073067883468,2175.5674181531235,0,844.5211050334156,844.9999914080897,-0.4788949665844484,-8.59191027302586e-06,-0.32011494538186747,-1.186298861672483e-06
encodec_ft_encodec_ft_53tet,3.0kbps,24000,20260826,845.0,220.0,358.4247322079957,220Hz_ongrid,3,220.01479267087473,716.8221242100695,220.00000095562953,358.42473217400266,109.9957788139864,102.13006001108684,1200.1828396222618,3373.4491292434104,1,2044.8175672711347,844.9999923157263,1199.8175672711347,-7.684273668928654e-06,1199.9339705190762,-1.6419047222727816e-07
encodec_ft_encodec_ft_53tet,3.0kbps,24000,20260826,845.0,220.0,358.4247322079957,220Hz_ongrid,4,220.01396536245886,358.3944439699179,220.0000009443051,358.42473192273695,109.99985574252412,102.01384248606533,1200.1121637767712,2175.3400129398715,0,844.743804648992,844.9999911911978,-0.2561953510080457,-8.808802249404835e-06,-0.14630197076282833,-1.3778336545333204e-06
encodec_ft_encodec_ft_53tet,3.0kbps,24000,20260826,845.0,226.4,368.85163350859193,226.4Hz_+49.6c,0,226.40960075668224,737.6672507544713,226.40000342555098,368.8516307632812,75.47161756781604,73.77526767795388,1901.9148424817317,3986.1132388127107,1,2044.8420619135732,844.9999609201884,1199.8420619135732,-3.907981158590701e-05,1199.9154753608134,-1.288533115606767e-05
encodec_ft_encodec_ft_53tet,3.0kbps,24000,20260826,845.0,226.4,368.85163350859193,226.4Hz_+49.6c,1,226.41011052078431,368.82624172117505,226.40000351263348,368.85163042780874,75.4704613672897,73.77064387724656,1901.9452625161064,2786.1870879933135,0,844.8035062150897,844.9999586797202,-0.19649378491033076,-4.132027981995634e-05,-0.11918244652904025,-1.4459897430983574e-05
encodec_ft_encodec_ft_53tet,3.0kbps,24000,20260826,845.0,226.4,368.85163350859193,226.4Hz_+49.6c,2,226.34535315951786,368.84600963722653,226.4000035691814,368.8516308697066,75.444161409373,73.77585135361382,1902.0534334829304,2786.1576705039565,0,845.3915272622756,844.9999603213921,0.3915272622756447,-3.9678607890891726e-05,-0.02639628223296792,-1.238581515558287e-05
encodec_ft_encodec_ft_53tet,3.0kbps,24000,20260826,845.0,226.4,368.85163350859193,226.4Hz_+49.6c,3,226.35333379115306,368.8581331514266,226.4000034581278,368.8516303878998,75.45006187376701,73.775730928936,1901.9790794007047,2786.217399004427,0,845.3873899590626,844.999958909198,0.38738995906260243,-4.109080202852056e-05,0.03050631424699571,-1.464721331257171e-05
encodec_ft_encodec_ft_53tet,3.0kbps,24000,20260826,845.0,226.4,368.85163350859193,226.4Hz_+49.6c,4,226.40145536500725,368.8221360161633,226.40000340304277,368.8516305857672,75.4667382837736,73.76825298424934,1901.9644867823954,2786.2239259974494,0,844.8504168313821,844.9999602591282,-0.1495831686179372,-3.974087178448826e-05,-0.13845432870580823,-1.3718506838077435e-05
encodec_ft_encodec_ft_53tet,3.0kbps,24000,20260826,850.0,220.0,359.461399713042,220Hz_ongrid,0,219.9974110436248,359.42307920995114,220.00000096172715,359.46140667962874,109.99368396741023,119.80792065380982,1200.079034424618,1901.951712257749,0,849.8358046289565,850.0000259843313,-0.1641953710435473,2.5984331273321004e-05,-0.1845686246849171,3.355239813283473e-05
encodec_ft_encodec_ft_53tet,3.0kbps,24000,20260826,850.0,220.0,359.461399713042,220Hz_ongrid,1,220.00695639221868,359.432566817634,220.00000094421517,359.4614066009069,73.33762839207331,119.810471665351,1901.9083479112999,1901.960548709736,0,849.8063890619933,850.000025742998,-0.1936109380067137,2.5742997991073935e-05,-0.13887024405338524,3.317325915902336e-05
encodec_ft_encodec_ft_53tet,3.0kbps,24000,20260826,850.0,220.0,359.461399713042,220Hz_ongrid,2,219.99788272901796,359.49789834027183,220.00000096039977,359.4614066851837,109.99277769301725,119.83294147156096,1200.0970105420538,1901.9505411745388,0,850.1924367699779,850.0000260215306,0.1924367699779168,2.6021530629805056e-05,0.17577536427970525,3.357915199724234e-05
encodec_ft_encodec_ft_53tet,3.0kbps,24000,20260826,850.0,220.0,359.461399713042,220Hz_ongrid,3,220.00713047019207,359.4599420418695,220.00000092878363,359.4614066539595,109.99225438356086,119.82051556380796,1200.1780191219345,1901.947272555721,0,849.9368690534216,850.000026119944,-0.06313094657843976,2.6119943981939286e-05,-0.007020434140886986,3.342877034635754e-05
encodec_ft_encodec_ft_53tet,3.0kbps,24000,20260826,850.0,220.0,359.461399713042,220Hz_ongrid,4,220.00149168819283,359.45526578963495,220.00000095409695,359.4614066456602,73.33458506766279,119.81886895445615,1901.9371889237693,1901.9485419026187,0,849.9587191922648,850.0000258807763,-0.04128080773523379,2.5880776320263976e-05,-0.029542386667203074,3.3388799272584884e-05
encodec_ft_encodec_ft_53tet,3.0kbps,24000,20260826,850.0,226.4,369.91845861378505,226.4Hz_+49.6c,0,226.39239423878033,369.87166006808053,226.40000348357245,369.91845742031614,75.47208375070021,73.97719688064919,1901.7725746938968,2786.2466681858696,0,849.8391276317468,849.9999677763561,-0.1608723682531945,-3.2223643870565866e-05,-0.2190330306732614,-5.585485042988002e-06
encodec_ft_encodec_ft_53tet,3.0kbps,24000,20260826,850.0,226.4,369.91845861378505,226.4Hz_+49.6c,1,226.42155345619358,369.95496369854186,226.40000352821056,369.9184574373536,75.47077792009192,73.99362346198345,1902.0254967003846,2786.2521615752303,0,850.0060299289843,849.999967514754,0.006029928984276012,-3.248524603804981e-05,0.1708369130191414,-5.505748938037308e-06
encodec_ft_encodec_ft_53tet,3.0kbps,24000,20260826,850.0,226.4,369.91845861378505,226.4Hz_+49.6c,2,226.40256747288922,369.896432038616,226.4000034575027,369.91845746529646,75.46614006877093,73.98467208660293,1901.9867140873248,2786.187684921666,0,849.8772788026951,849.9999681862159,-0.12272119730494069,-3.1813784062251216e-05,-0.10308837361890041,-5.3749753293240595e-06
encodec_ft_encodec_ft_53tet,3.0kbps,24000,20260826,850.0,226.4,369.91845861378505,226.4Hz_+49.6c,3,226.42131845954228,739.820146270367,226.40000348203364,369.918457447463,75.47271750521973,73.98554634659612,1901.9792080743398,3986.2310709785975,1,2049.79774497699,849.9999679151717,1199.79774497699,-3.208482826266845e-05,1199.9607551602828,-5.458436378619106e-06
encodec_ft_encodec_ft_53tet,3.0kbps,24000,20260826,850.0,226.4,369.91845861378505,226.4Hz_+49.6c,4,226.37212949959982,369.923362274219,226.40000350569574,369.91845742278804,75.45058052199822,73.98746282893926,1902.1109293998743,2786.24842061709,0,850.236082266655,849.9999676187526,0.23608226665498933,-3.238124736526515e-05,0.02294918634981702,-5.57391638068043e-06
encodec_ft_encodec_ft_53tet,3.0kbps,24000,20260826,855.0,220.0,360.50106555893774,220Hz_ongrid,0,219.99759451640128,360.48476586046627,220.0000009321497,360.5010619607926,109.99174833248583,120.16187569827967,1200.110944224246,1901.9508647780117,0,854.9406516431496,854.9999753853148,-0.059348356850364326,-2.4614685230517352e-05,-0.07827780174974128,-1.7279370485764715e-05
encodec_ft_encodec_ft_53tet,3.0kbps,24000,20260826,855.0,220.0,360.50106555893774,220Hz_ongrid,1,220.0229038247027,721.0695843223226,220.00000095653812,360.5010619441361,110.00170394445662,120.17823056852268,1200.1534091347755,3101.955483238161,1,2054.981731223447,854.999975113407,1199.9817312234468,-2.4886592996153922e-05,1200.1619576656174,-1.7359359918228133e-05
encodec_ft_encodec_ft_53tet,3.0kbps,24000,20260826,855.0,220.0,360.50106555893774,220Hz_ongrid,2,220.0106998736459,360.48297740358726,220.00000092464796,360.50106198286113,110.00219897770168,120.16215093376964,1200.0495896413122,1901.9383102080092,0,854.8289351962685,854.9999755503276,-0.1710648037314968,-2.4449672423543234e-05,-0.08686691679191381,-1.717339062872505e-05
encodec_ft_encodec_ft_53tet,3.0kbps,24000,20260826,855.0,220.0,360.50106555893774,220Hz_ongrid,3,220.0142398779379,721.0815809604759,220.00000093714684,360.5010619263335,73.35436875096103,120.17965925596569,1901.5705269393784,3101.963705115497,1,2055.0787069839052,854.999975180508,1200.0787069839052,-2.4819491954986006e-05,1200.1907604554297,-1.7444853350032494e-05
encodec_ft_encodec_ft_53tet,3.0kbps,24000,20260826,855.0,220.0,360.50106555893774,220Hz_ongrid,4,220.00581859423906,721.0830091494514,220.00000094247102,360.5010619761176,109.99739902451932,120.17838902486513,1200.0867232561616,3101.985432292289,1,2055.1484020276434,854.9999753776892,1200.1484020276434,-2.462231077515753e-05,1200.194189369716,-1.7205774964533083e-05
encodec_ft_encodec_ft_53tet,3.0kbps,24000,20260826,855.0,226.4,370.98836928428864,226.4Hz_+49.6c,0,226.42123697858665,370.9665215531794,226.40000342273228,370.98837550128013,75.47241800809925,74.19277828245079,1901.9854551055546,2786.325988303096,0,854.7356563960443,855.0000028389458,-0.26434360395569456,2.8389457611410762e-06,-0.10195643015283268,2.901187250815863e-05
encodec_ft_encodec_ft_53tet,3.0kbps,24000,20260826,855.0,226.4,370.98836928428864,226.4Hz_+49.6c,1,226.39115564595073,371.01685388242214,226.40000348749413,370.9883756182738,75.4639644299651,74.20553495390209,1901.949360043294,2786.2632223176397,0,855.200551836313,855.0000028896816,0.20055183631302498,2.889681582018966e-06,0.1329195661898835,2.9557828633856825e-05
encodec_ft_encodec_ft_53tet,3.0kbps,24000,20260826,855.0,226.4,370.98836928428864,226.4Hz_+49.6c,2,226.33591710483066,741.9765296072023,226.40000358226808,370.9883754908264,75.44282967277772,74.20198124891708,1902.0118189234943,3986.2127260161437,1,2055.4896104672985,855.0000015702255,1200.4896104672985,1.5702255495853024e-06,1199.9995124360653,2.8963089576941805e-05
encodec_ft_encodec_ft_53tet,3.0kbps,24000,20260826,855.0,226.4,370.98836928428864,226.4Hz_+49.6c,3,226.40953274948188,371.0085017440227,226.40000353078065,370.988375484577,75.4698914796666,74.2037561281449,1901.9539174408599,2786.2657501945478,0,855.021053055053,855.0000019347763,0.02105305505301658,1.934776264533866e-06,0.09394648724938152,2.89339266076352e-05
encodec_ft_encodec_ft_53tet,3.0kbps,24000,20260826,855.0,226.4,370.98836928428864,226.4Hz_+49.6c,4,226.38419978086412,370.99947693332376,226.4000034408231,370.988375596238,75.45933950339322,74.20111304190156,1902.0022717101874,2786.2853037316645,0,855.1726588011917,855.0000031437343,0.17265880119168742,3.1437342613571673e-06,0.05183357197617082,2.9454997491603435e-05
encodec_ft_encodec_ft_53tet,3.0kbps,24000,20260826,860.0,220.0,361.54373841774776,220Hz_ongrid,0,219.99897255800545,361.5207184727337,220.0000009396163,361.54373903397436,109.99072521971813,72.31679124583496,1200.1378919911397,2786.0109102424913,0,859.897851851415,859.9999955566988,-0.10214814858500176,-4.443301236278785e-06,-0.11023336093952588,2.9507702027513795e-06
encodec_ft_encodec_ft_53tet,3.0kbps,24000,20260826,860.0,220.0,361.54373841774776,220Hz_ongrid,1,220.0130087200995,361.5393028914722,220.00000093591734,361.54373901467557,73.34045216817923,90.3854129156324,1901.8893152290032,2399.988752926204,0,859.8763947867479,859.9999954933955,-0.12360521325206264,-4.506604454945773e-06,-0.021239425281047684,2.8583589083579104e-06
encodec_ft_encodec_ft_53tet,3.0kbps,24000,20260826,860.0,220.0,361.54373841774776,220Hz_ongrid,2,220.00696249586372,723.0209420888357,220.000000909108,361.54373910554676,109.99659275643994,72.33363522890778,1200.1084144273623,3985.5586460971945,1,2059.785904799269,859.9999961394971,1199.7859047992688,-3.860502943098254e-06,1199.8406935227852,3.293490836836914e-06
encodec_ft_encodec_ft_53tet,3.0kbps,24000,20260826,860.0,220.0,361.54373841774776,220Hz_ongrid,3,219.97762509261156,361.5229331977026,220.00000092467695,361.54373901739683,73.32798128512371,120.50701621053511,1901.905272625422,1901.9640255584277,0,860.0764549788037,859.9999955948796,0.07645497880366747,-4.405120421324682e-06,-0.09962761876414704,2.8713892941203253e-06
encodec_ft_encodec_ft_53tet,3.0kbps,24000,20260826,860.0,220.0,361.54373841774776,220Hz_ongrid,4,219.98722720651588,723.1369485160368,220.00000095186408,361.54373902801046,109.98493808059561,72.33624172430636,1200.136552951361,3985.7740120860026,1,2060.218957445989,859.9999954317602,1200.218957445989,-4.568239774016547e-06,1200.1184422781828,2.9222122962036097e-06
encodec_ft_encodec_ft_53tet,3.0kbps,24000,20260826,860.0,226.4,372.06137444444585,226.4Hz_+49.6c,0,226.3464069028701,744.1350946422068,226.40000334699963,372.06137066103247,75.44464363359774,74.41515369655147,1902.0504274955874,3986.275461139381,1,2060.438586555647,859.9999568016325,1200.438586555647,-4.3198367507102375e-05,1200.0287226955918,-1.760455274804728e-05
encodec_ft_encodec_ft_53tet,3.0kbps,24000,20260826,860.0,226.4,372.06137444444585,226.4Hz_+49.6c,1,226.3523793153006,372.0622310202088,226.40000356908425,372.06137066227564,75.44770723450154,74.4130065653807,1902.0258082523412,2786.3006768928426,0,860.3681695618883,859.9999551091819,0.3681695618882941,-4.48908181169827e-05,0.0039857171995692055,-1.7598768128544938e-05
encodec_ft_encodec_ft_53tet,3.0kbps,24000,20260826,860.0,226.4,372.06137444444585,226.4Hz_+49.6c,2,226.34489005797258,372.058990576187,226.40000356185777,372.0613707204482,75.447700475199,74.41458452884322,1901.9686815519888,2786.2488875346635,0,860.4103732623764,859.9999554351233,0.41037326237642446,-4.456487670267961e-05,-0.011092382609621379,-1.7328086146328685e-05
encodec_ft_encodec_ft_53tet,3.0kbps,24000,20260826,860.0,226.4,372.06137444444585,226.4Hz_+49.6c,3,226.45195942159864,744.1358487190329,226.40000353523305,372.06137067078043,75.48510377701008,74.4158188223561,1901.9293755768913,3986.2617417277147,1,2059.6331996771246,859.9999554076086,1199.6331996771246,-4.459239141851867e-05,1200.0304770582402,-1.7559194534759702e-05
encodec_ft_encodec_ft_53tet,3.0kbps,24000,20260826,860.0,226.4,372.06137444444585,226.4Hz_+49.6c,4,226.29986469125467,372.08820887672135,226.40000337203975,372.0613706917263,75.42796509632423,74.42050545651053,1902.0771739322536,2786.2470951594355,0,860.8907418664822,859.9999567529771,0.8907418664822444,-4.324702285884996e-05,0.12485845293495522,-1.746173149969742e-05
encodec_ft_encodec_ft_53tet,3.0kbps,24000,20260826,865.0,220.0,362.589426986619,220Hz_ongrid,0,220.00604284826315,362.5529214376257,220.0000009642107,362.5894286168213,110.00100373876576,72.59993652052096,1200.031754742697,2784.1816886083416,0,864.7781383593526,865.0000001960184,-0.22186164064737568,1.9601839085225947e-07,-0.17430963613641737,7.783629449302478e-06
encodec_ft_encodec_ft_53tet,3.0kbps,24000,20260826,865.0,220.0,362.589426986619,220Hz_ongrid,1,220.02148350549535,725.189573047501,220.00000093372088,362.58942872685196,73.33611276804463,103.28631975349546,1902.0584366738606,3374.050799449309,1,2064.8565389434452,865.0000009613071,1199.8565389434452,9.613071370040416e-07,1200.025589672242,8.308986139866942e-06
encodec_ft_encodec_ft_53tet,3.0kbps,24000,20260826,865.0,220.0,362.589426986619,220Hz_ongrid,2,220.02620569386733,725.09545886065,220.00000093950482,362.58942856209524,110.00914598741021,72.54089984922753,1200.06226870211,3985.5652701193444,1,2064.5946909614345,865.000000129138,1199.5946909614345,1.2913801583636086e-07,1199.8008977235274,7.522332101120256e-06
encodec_ft_encodec_ft_53tet,3.0kbps,24000,20260826,865.0,220.0,362.589426986619,220Hz_ongrid,3,220.02717509735484,725.2203730127188,220.00000092845053,362.5894286076164,73.34614850949458,103.39302233529189,1901.8663242989492,3372.3367536282944,1,2064.885282088915,865.000000433474,1199.8852820889151,4.334740424383199e-07,1200.099116399838,7.7396793348266e-06
encodec_ft_encodec_ft_53tet,3.0kbps,24000,20260826,865.0,220.0,362.589426986619,220Hz_ongrid,4,219.99825521217326,725.1023741695402,220.00000092928084,362.58942873527826,73.33967128494844,103.25581351849439,1901.7916524172272,3374.3540242798613,1,2064.8311388179172,865.0000010364796,1199.8311388179172,1.0364796025896794e-06,1199.8174085994067,8.349218613820093e-06
encodec_ft_encodec_ft_53tet,3.0kbps,24000,20260826,865.0,226.4,373.13748304441157,226.4Hz_+49.6c,0,226.3663701675861,746.2002943213533,226.4000034117501,373.13747767100955,75.45596303492081,74.6235635213731,1901.9433841798627,3986.231722598062,1,2065.083944712438,864.99994898025,1200.083944712438,-5.101975000343373e-05,1199.8267652270229,-2.4930801617499014e-05
encodec_ft_encodec_ft_53tet,3.0kbps,24000,20260826,865.0,226.4,373.13748304441157,226.4Hz_+49.6c,1,226.39387372104434,373.1202962867311,226.40000352969892,373.13747768644674,75.46042059474553,74.62468616556636,1902.0514470379785,2786.299170025913,0,864.9671043373886,864.9999481499432,-0.03289566261139498,-5.185005682051269e-05,-0.0797426865590141,-2.485917831753177e-05
encodec_ft_encodec_ft_53tet,3.0kbps,24000,20260826,865.0,226.4,373.13748304441157,226.4Hz_+49.6c,2,226.4462617872105,373.1531038695906,226.4000034635342,373.13747773801856,75.48507686006484,74.63244561470519,1901.8864337263665,2786.2713828772535,0,864.7187557297813,864.9999488951673,-0.28124427021873544,-5.11048326643504e-05,0.07247392611570089,-2.461990215145331e-05
encodec_ft_encodec_ft_53tet,3.0kbps,24000,20260826,865.0,226.4,373.13748304441157,226.4Hz_+49.6c,3,226.43356418918282,373.1128276976304,226.40000351759375,373.13747773105297,75.47635896501562,74.62373820148704,1901.989309530717,2786.2865084699406,0,864.6289641958049,864.9999484494671,-0.3710358041951167,-5.155053293037781e-05,-0.11439640356651332,-2.465222017647106e-05
encodec_ft_encodec_ft_53tet,3.0kbps,24000,20260826,865.0,226.4,373.13748304441157,226.4Hz_+49.6c,4,226.39070633414892,746.200355869933,226.40000351818216,373.13747758984005,75.45859728000033,74.6213750780717,1902.0690573612058,3986.2826370671405,1,2064.8979762261188,864.9999477897867,1199.8979762261188,-5.221021331180964e-05,1199.8269080237937,-2.530740118382294e-05
encodec_ft_encodec_ft_53tet,3.0kbps,24000,20260826,870.0,220.0,363.63813998785315,220Hz_ongrid,0,219.9920909136436,727.2896946283091,220.00000092671556,363.63813648335537,73.33096522018387,72.7430851660685,1901.9486678981702,3985.9777374986456,1,2070.0941720790092,869.9999760229878,1200.0941720790092,-2.397701223344484e-05,1200.0319324166087,-1.6684459773370074e-05
encodec_ft_encodec_ft_53tet,3.0kbps,24000,20260826,870.0,220.0,363.63813998785315,220Hz_ongrid,1,220.00846141142392,727.2148169654521,220.00000094314169,363.6381364425817,73.33370221870345,72.73265734489168,1902.012875983324,3986.0476827556017,1,2069.7871014600023,869.9999756996085,1199.7871014600023,-2.4300391487486195e-05,1199.8536851048489,-1.6878578003309e-05
encodec_ft_encodec_ft_53tet,3.0kbps,24000,20260826,870.0,220.0,363.63813998785315,220Hz_ongrid,2,220.0149037452387,727.2631534613936,220.00000095492757,363.63813640833223,73.33741024554539,72.73351049895156,1901.9760341296733,3986.1424432961467,1,2069.8514756410195,869.999975443805,1199.8514756410195,-2.455619494412531e-05,1199.9687529014313,-1.70416352329659e-05
encodec_ft_encodec_ft_53tet,3.0kbps,24000,20260826,870.0,220.0,363.63813998785315,220Hz_ongrid,3,220.00323326389557,363.6182676954482,220.00000094994024,363.63813639964866,73.33211463850068,72.72686421739974,1902.0092148925562,2786.2372832587744,0,869.8799448455441,869.9999754417103,-0.12005515445594028,-2.4558289737797168e-05,-0.09461199348549099,-1.7082976541570085e-05
encodec_ft_encodec_ft_53tet,3.0kbps,24000,20260826,870.0,220.0,363.63813998785315,220Hz_ongrid,4,220.02942193520502,363.6552241375509,220.0000009419228,363.6381364038025,110.00839959887125,72.75676998856063,1200.0993209887695,2785.7014801152422,0,869.8498205557091,869.9999755245775,-0.15017944429087038,-2.447542249228718e-05,0.08133351167610342,-1.7063200700402e-05
encodec_ft_encodec_ft_53tet,3.0kbps,24000,20260826,870.0,226.4,374.2167040602271,226.4Hz_+49.6c,0,226.4551680501451,374.1477638065389,226.40000345518493,374.2167081508468,75.48502133018809,74.83022764817014,1901.9557963938464,2786.2980999555775,0,869.2592258888402,869.9999925032972,-0.7407741111597943,-7.496702778553299e-06,-0.31896681362798723,1.892438279048308e-05
encodec_ft_encodec_ft_53tet,3.0kbps,24000,20260826,870.0,226.4,374.2167040602271,226.4Hz_+49.6c,1,226.35353536816476,748.5174797729942,226.40000344205356,374.2167081784455,75.44619497198046,74.85205322566758,1902.0693511303366,3986.3066538387816,1,2070.5498008047,869.9999927313896,1200.5498008047002,-7.268610374921991e-06,1200.1944588947692,1.9052062271793482e-05
encodec_ft_encodec_ft_53tet,3.0kbps,24000,20260826,870.0,226.4,374.2167040602271,226.4Hz_+49.6c,2,226.44054163215836,374.2546487943601,226.4000034964591,374.21670816368226,75.48112575875929,74.85161081721287,1901.9333212983026,2786.297961675399,0,869.8655486133122,869.9999922470627,-0.13445138668782874,-7.752937335681054e-06,0.1755343488287889,1.8983763169289463e-05
encodec_ft_encodec_ft_53tet,3.0kbps,24000,20260826,870.0,226.4,374.2167040602271,226.4Hz_+49.6c,3,226.3777020319155,374.198144387911,226.40000355215258,374.2167081436516,75.4540468274391,74.83977463321678,1902.074012633301,2786.310342163565,0,870.0846518458582,869.9999917285187,0.08465184585816132,-8.271481306110218e-06,-0.08586450877169546,1.8891095473497248e-05
encodec_ft_encodec_ft_53tet,3.0kbps,24000,20260826,870.0,226.4,374.2167040602271,226.4Hz_+49.6c,4,226.2932999166249,374.15398800275364,226.4000033304223,374.2167081923257,75.42830273047414,74.8294512749971,1902.0192021023993,2786.34486181036,0,870.5259390042479,869.9999936492247,0.5259390042479026,-6.350775265673292e-06,-0.2901668264856411,1.9116276236725193e-05
encodec_ft_encodec_ft_53tet,3.0kbps,24000,20260826,875.0,220.0,364.6898861689792,220Hz_ongrid,0,219.9747382139104,364.73967009786855,220.00000094924079,364.68989168932586,73.31896658718792,72.95505355011021,1902.0953978427187,2786.144758123856,0,875.4351177799614,875.0000187360508,0.4351177799613879,1.8736050833467743e-05,0.2363151648650427,2.6205859681455272e-05
encodec_ft_encodec_ft_53tet,3.0kbps,24000,20260826,875.0,220.0,364.6898861689792,220Hz_ongrid,1,220.00839557972097,729.3967007945117,220.00000094640816,364.68989149118516,73.33544174402856,72.94500426250644,1901.9712923945117,3986.187110856328,1,2074.9741147938794,875.0000178177396,1199.9741147938794,1.7817739603742666e-05,1200.0401804127282,2.5265257816778065e-05
encodec_ft_encodec_ft_53tet,3.0kbps,24000,20260826,875.0,220.0,364.6898861689792,220Hz_ongrid,2,219.995739784567,364.660353590049,220.00000095867557,364.6898914054821,109.98976348825863,72.94889724746594,1200.127589741787,2785.914338109964,0,874.8933240345989,875.0000173143602,-0.10667596540110935,1.731436020691035e-05,-0.14020097188309166,2.485841355895189e-05
encodec_ft_encodec_ft_53tet,3.0kbps,24000,20260826,875.0,220.0,364.6898861689792,220Hz_ongrid,3,220.003659343845,729.380026805883,220.0000009357027,364.68989154341824,73.33866908641278,72.9485935927885,1901.8578364284674,3986.0623494720494,1,2074.9718079611143,875.0000181499412,1199.9718079611143,1.8149941183764895e-05,1200.000603997362,2.551321571010589e-05
encodec_ft_encodec_ft_53tet,3.0kbps,24000,20260826,875.0,220.0,364.6898861689792,220Hz_ongrid,4,220.00876205598342,729.3809318524816,220.0000009363582,364.689891380392,73.33774606355507,72.95421978423194,1901.919778823011,3985.9309806446695,1,2074.933802788721,875.0000173708746,1199.933802788721,1.7370874616062792e-05,1200.0027521868626,2.4739307216093793e-05
encodec_ft_encodec_ft_53tet,3.0kbps,24000,20260826,875.0,226.4,375.299046493895,226.4Hz_+49.6c,0,226.40996210921185,750.2823768951156,226.40000355792586,375.29905239222035,75.4627869928968,75.02698660436238,1902.1201808617725,3986.342582186065,1,2074.195479730402,875.000000001929,1199.195479730402,1.9290382624603808e-09,1199.271656246442,2.7208653123064313e-05
encodec_ft_encodec_ft_53tet,3.0kbps,24000,20260826,875.0,226.4,375.299046493895,226.4Hz_+49.6c,1,226.3633678634165,750.3337861989512,226.4000034575418,375.29905241105126,75.45135383209598,75.03273235821418,1902.0261777125927,3986.3286250292463,1,2074.670417285063,875.0000008564111,1199.6704172850632,8.564111340092495e-07,1199.390276236634,2.7295519284967323e-05
encodec_ft_encodec_ft_53tet,3.0kbps,24000,20260826,875.0,226.4,375.299046493895,226.4Hz_+49.6c,2,226.37858404544136,375.23907131066136,226.40000349096317,375.29905239518763,75.45919681149435,75.04721024971013,1901.9625995386666,2786.3276475295206,0,874.8870867677542,875.0000005276669,-0.11291323224577354,5.276668844089727e-07,-0.2766843603835356,2.7222341236162876e-05
encodec_ft_encodec_ft_53tet,3.0kbps,24000,20260826,875.0,226.4,375.299046493895,226.4Hz_+49.6c,3,226.35198309121205,375.26251034642854,226.40000335297566,375.2990523851072,75.44660204977723,75.05109738808352,1902.0481376834298,2786.3461159116105,0,875.1986668670195,875.0000015363283,0.1986668670194831,1.5363283409897122e-06,-0.1685474615350503,2.7175840554038184e-05
encodec_ft_encodec_ft_53tet,3.0kbps,24000,20260826,875.0,226.4,375.299046493895,226.4Hz_+49.6c,4,226.34388338540788,375.31598216187297,226.40000352192666,375.2990524002649,75.443646490904,75.06504265711513,1902.0540076634763,2786.2711336393877,0,875.5072869043986,875.0000003143164,0.5072869043985975,3.1431636671186425e-07,0.07812155081578787,2.7245762255786188e-05
encodec_ft_encodec_ft_53tet,3.0kbps,24000,20260826,880.0,220.0,365.74467430282664,220Hz_ongrid,0,219.98504557952725,365.80732670052436,220.00000093597887,365.74467319544243,73.32550649440515,73.16943997284982,1902.0221006732552,2786.1250188557938,0,880.414220588968,879.9999873928048,0.41422058896796443,-1.2607195230884827e-05,0.29653658049297615,-5.241747639637213e-06
encodec_ft_encodec_ft_53tet,3.0kbps,24000,20260826,880.0,220.0,365.74467430282664,220Hz_ongrid,1,219.98910990459393,731.4002446081565,220.0000009249625,365.74467330612185,109.99165910194678,73.1427397437433,1200.04557917185,3986.2494439519255,1,2079.8748014633406,879.9999880033907,1199.8748014633406,-1.1996609259767865e-05,1199.789102506053,-4.717852092020997e-06
encodec_ft_encodec_ft_53tet,3.0kbps,24000,20260826,880.0,220.0,365.74467430282664,220Hz_ongrid,2,220.00062613250037,365.7276084117385,220.00000091924335,365.74467321468893,109.99361236934922,91.43558781694814,1200.1054617722561,2399.930213581441,0,879.9142903933829,879.9999876156031,-0.08570960661711524,-1.2384396882225701e-05,-0.08078242315655039,-5.150645264884723e-06
encodec_ft_encodec_ft_53tet,3.0kbps,24000,20260826,880.0,220.0,365.74467430282664,220Hz_ongrid,3,219.99051711224925,365.69606145329726,220.00000092212767,365.7446732998763,109.9859082491174,73.14045395243903,1200.1471723248403,2786.2843234894603,0,879.8445030061093,879.9999879961359,-0.15549699389066518,-1.2003864071630233e-05,-0.2301217756605628,-4.747415041729328e-06
encodec_ft_encodec_ft_53tet,3.0kbps,24000,20260826,880.0,220.0,365.74467430282664,220Hz_ongrid,4,220.0273483736872,731.491848754172,220.00000094312455,365.7446733503575,110.0082939383384,73.15592941332157,1200.0846685400181,3986.154097111445,1,2079.790719457613,879.9999880698565,1199.7907194576128,-1.1930143500649137e-05,1200.005917153619,-4.508464859112413e-06
encodec_ft_encodec_ft_53tet,3.0kbps,24000,20260826,880.0,226.4,376.3845193734543,226.4Hz_+49.6c,0,226.4148471149007,376.4686504891671,226.4000035581799,376.38452244154394,75.469687853364,75.29308191360363,1901.9992241794575,2786.3286176747197,0,880.2734006728538,879.9999869034473,0.2734006728537679,-1.3096552720526233e-05,0.3869297720852707,1.4112114175334482e-05
encodec_ft_encodec_ft_53tet,3.0kbps,24000,20260826,880.0,226.4,376.3845193734543,226.4Hz_+49.6c,1,226.395182088995,376.451319932464,226.4000035137428,376.38452243166796,75.45954663642787,75.28850201358519,1902.081502811319,2786.3542293714013,0,880.3440733575798,879.9999871978226,0.34407335757975943,-1.2802177366211254e-05,0.30723139499968805,1.4066687922098301e-05
encodec_ft_encodec_ft_53tet,3.0kbps,24000,20260826,880.0,226.4,376.3845193734543,226.4Hz_+49.6c,2,226.3031054955553,376.3320417092227,226.40000352087844,376.38452234397016,75.42827402540104,75.26584396710486,1902.09487590935,2786.3266953322723,0,880.4996955661481,879.9999867398792,0.4996955661481479,-1.3260120795166586e-05,-0.24139529798486623,1.3663309512816094e-05
encodec_ft_encodec_ft_53tet,3.0kbps,24000,20260826,880.0,226.4,376.3845193734543,226.4Hz_+49.6c,3,226.42422317366342,376.37672875583513,226.40000350632428,376.38452243641143,75.47325467208289,75.2753798829482,1901.989095809188,2786.3129288788914,0,879.7789458784368,879.9999872763688,-0.2210541215631565,-1.2723631243716227e-05,-0.03583442298483422,1.4088506331701306e-05
encodec_ft_encodec_ft_53tet,3.0kbps,24000,20260826,880.0,226.4,376.3845193734543,226.4Hz_+49.6c,4,226.39987045537123,376.39513095106446,226.40000345387546,376.38452245143344,75.4642389249795,75.27458260793934,1902.0097044779977,2786.4159084385215,0,880.0497993714885,879.9999877465299,0.049799371488461475,-1.2253470117684628e-05,0.04880877017973188,1.415760231876902e-05
encodec_ft_encodec_ft_53tet,3.0kbps,24000,20260826,885.0,220.0,366.8025131875983,220Hz_ongrid,0,220.01765799947242,733.6235633362749,220.0000009434325,366.8025135818637,110.00292222795495,100.52443894892865,1200.0929587112792,3440.992432350978,1,2084.9047952505343,884.9999944367513,1199.9047952505343,-5.563248691942135e-06,1200.0437448103335,1.8608534128369967e-06
encodec_ft_encodec_ft_53tet,3.0kbps,24000,20260826,885.0,220.0,366.8025131875983,220Hz_ongrid,1,220.00039602915547,366.76574693417547,220.00000093649155,366.8025139320504,109.99657092148345,100.77369598339033,1200.0570858117135,2236.4877527674785,0,884.8233455371635,884.9999961441819,-0.17665446283649544,-3.855818135889422e-06,-0.1735380149217089,3.513663877655979e-06
encodec_ft_encodec_ft_53tet,3.0kbps,24000,20260826,885.0,220.0,366.8025131875983,220Hz_ongrid,2,220.01958353148865,366.7884878691555,220.00000093161114,366.8025139984323,110.00796367544244,91.69777916366795,1200.0287690615617,2399.987592231394,0,884.7797012918193,884.9999964958965,-0.22029870818073505,-3.5041034607274923e-06,-0.06619794628124497,3.82697321227852e-06
encodec_ft_encodec_ft_53tet,3.0kbps,24000,20260826,885.0,220.0,366.8025131875983,220Hz_ongrid,3,220.0171450347941,366.8129236472184,220.0000009332799,366.8025137599404,73.34116113650676,73.37569315802595,1901.9051272426668,2786.0044045519753,0,884.9142213432241,884.9999953571307,-0.0857786567759149,-4.642869271265226e-06,0.04913457721028914,2.701339242550805e-06
encodec_ft_encodec_ft_53tet,3.0kbps,24000,20260826,885.0,220.0,366.8025131875983,220Hz_ongrid,4,220.02924853864636,366.830483075462,220.00000093939965,366.80251358686127,110.0086118038739,73.37099679097177,1200.0946171421983,2786.1980873230377,0,884.901858571527,884.9999944920742,-0.09814142847301355,-5.507925834535854e-06,0.13200720929482215,1.8844408828443726e-06
encodec_ft_encodec_ft_53tet,3.0kbps,24000,20260826,885.0,226.4,377.4731317530557,226.4Hz_+49.6c,0,226.35719444347615,377.4021641771935,226.4000033134942,377.4731323299421,75.44867933145038,75.4759321532275,1902.0403301637527,2786.416945474724,0,885.0018415486583,884.9999773082124,0.0018415486582625817,-2.2691787648909667e-05,-0.32551465053029344,2.645818351431848e-06
encodec_ft_encodec_ft_53tet,3.0kbps,24000,20260826,885.0,226.4,377.4731317530557,226.4Hz_+49.6c,1,226.36524425882894,754.9473588628732,226.40000353729215,377.4731323520931,75.45191870973184,75.49338897088965,1902.0275672940338,3986.3446014038373,1,2085.2683022353203,884.9999756984687,1200.2683022353203,-2.4301531311721192e-05,1200.0025118576486,2.7474113068673498e-06
encodec_ft_encodec_ft_53tet,3.0kbps,24000,20260826,885.0,226.4,377.4731317530557,226.4Hz_+49.6c,2,226.35275134445706,377.46495296649306,226.40000367644393,377.473132348532,75.44610956248702,75.48919130282,1902.065314480916,2786.400842835388,0,885.3238270143008,884.9999746180712,0.32382701430083216,-2.5381928821843758e-05,-0.03751140408597545,2.7310784446579016e-06
encodec_ft_encodec_ft_53tet,3.0kbps,24000,20260826,885.0,226.4,377.4731317530557,226.4Hz_+49.6c,3,226.38870671169974,377.46385417025675,226.4000034371076,377.4731323452401,75.46405047736198,75.4925028654465,1901.928658686318,2786.3198590518646,0,885.0438085832317,884.9999764331288,0.04380858323168013,-2.3566871163893666e-05,-0.042551014283148024,2.715980695569174e-06
encodec_ft_encodec_ft_53tet,3.0kbps,24000,20260826,885.0,226.4,377.4731317530557,226.4Hz_+49.6c,4,226.3887344051823,377.4250466912434,226.40000345824092,377.47313228889107,75.4609637592732,75.48496597125137,1901.9996848538271,2786.314708478793,0,884.8655975563588,884.999976013089,-0.1344024436411928,-2.398691094640526e-05,-0.22055026426243898,2.4575429813894536e-06
encodec_ft_encodec_ft_53tet,3.0kbps,24000,20260826,890.0,220.0,367.8634116469442,220Hz_ongrid,0,220.0273091404479,367.9247947058486,220.00000095955704,367.8634135506519,110.01101961239831,73.59071941381784,1200.0414656103706,2786.1781924729353,0,890.0739670635949,890.0000014082149,0.07396706359486416,1.4082148709348985e-06,0.28885606194898894,8.959204578388359e-06
encodec_ft_encodec_ft_53tet,3.0kbps,24000,20260826,890.0,220.0,367.8634116469442,220Hz_ongrid,1,219.9921112513901,367.8066065095041,220.00000094221988,367.86341356749904,109.99247961833908,73.56141886741275,1200.056283893959,2786.311417704009,0,889.794723364888,890.000001623931,-0.2052766351119999,1.6239309843513183e-06,-0.26735624904260813,9.038490537179196e-06
encodec_ft_encodec_ft_53tet,3.0kbps,24000,20260826,890.0,220.0,367.8634116469442,220Hz_ongrid,2,220.00760588907488,367.9148214778053,220.00000093631752,367.8634135335939,73.33608836909767,73.58765731450087,1901.9498135023844,2786.2033016902387,0,890.1820758040203,890.0000015108142,0.18207580402031454,1.5108141724340385e-06,0.24192737915141244,8.878926454342217e-06
encodec_ft_encodec_ft_53tet,3.0kbps,24000,20260826,890.0,220.0,367.8634116469442,220Hz_ongrid,3,219.99533327410956,367.91651228512126,220.00000094718797,367.86341356774545,73.32998186398403,73.58838323205359,1901.9973992784483,2786.1941798567987,0,890.2866075066337,890.0000015859956,0.28660750663368617,1.5859956192798563e-06,0.2498835045880472,9.039649921293401e-06
encodec_ft_encodec_ft_53tet,3.0kbps,24000,20260826,890.0,220.0,367.8634116469442,220Hz_ongrid,4,220.0274656571726,367.83304320262596,220.00000094834334,367.86341361790124,110.00837286969175,73.56979078125573,1200.084349191298,2786.2388305537825,0,889.6409540053655,890.000001812946,-0.35904599463447084,1.8129460386262508e-06,-0.14292548103017327,9.275692608059572e-06
encodec_ft_encodec_ft_53tet,3.0kbps,24000,20260826,890.0,226.4,378.5648927130371,226.4Hz_+49.6c,0,226.40013108023163,757.1091736662945,226.40000353015768,378.5648917698552,75.47045731720158,75.70910953807183,1901.869046426792,3986.355052839843,1,2089.9518666803983,889.9999686923012,1199.9518666803983,-3.130769880499429e-05,1199.9528690235716,-4.313312564482504e-06
encodec_ft_encodec_ft_53tet,3.0kbps,24000,20260826,890.0,226.4,378.5648927130371,226.4Hz_+49.6c,1,226.39269522192234,378.56292295871515,226.4000034797958,378.5648917269498,75.46187877691787,75.71373157836541,1902.0089813317188,2786.2874872175157,0,890.0468510252286,889.9999688811951,0.046851025228647813,-3.111880494088837e-05,-0.00900800546472507,-4.509525449562059e-06
encodec_ft_encodec_ft_53tet,3.0kbps,24000,20260826,890.0,226.4,378.5648927130371,226.4Hz_+49.6c,2,226.3845927950375,378.5513542057129,226.4000034171604,378.56489168724164,75.45923633331783,75.70951188754721,1902.0076442077766,2786.3310686157442,0,890.0559049915942,889.9999691785637,0.0559049915941614,-3.0821436325823015e-05,-0.06191473225174989,-4.691116678758686e-06
encodec_ft_encodec_ft_53tet,3.0kbps,24000,20260826,890.0,226.4,378.5648927130371,226.4Hz_+49.6c,3,226.38419419420254,378.5313893943558,226.40000364710488,378.56489171912864,75.45860644176258,75.70633555343927,1902.0190474145104,2786.312394976351,0,889.9676454692761,889.99996756605,-0.03235453072386463,-3.243394996843563e-05,-0.1532224829694185,-4.545292603530109e-06
encodec_ft_encodec_ft_53tet,3.0kbps,24000,20260826,890.0,226.4,378.5648927130371,226.4Hz_+49.6c,4,226.5013825579725,378.58004073515576,226.4000035327169,378.56489161925145,75.50192272042743,75.7058097607391,1901.9214803977138,2786.5469139923325,0,889.294194834289,889.999967983998,-0.7058051657110127,-3.201600202373811e-05,0.06927279180719734,-5.002045933092102e-06
encodec_ft_encodec_ft_53tet,3.0kbps,24000,20260826,895.0,220.0,368.92737853003456,220Hz_ongrid,0,219.99531085253238,737.807191799757,220.00000093704858,368.9273725906006,109.99211326602205,73.78830456938299,1200.0872292977906,3986.135734989659,1,2094.925294128871,894.9999647546591,1199.925294128871,-3.5245340882283926e-05,1199.8883936821746,-2.787147550016092e-05
encodec_ft_encodec_ft_53tet,3.0kbps,24000,20260826,895.0,220.0,368.92737853003456,220Hz_ongrid,1,220.00901387966863,368.98369615167337,220.00000094919042,368.9273725521617,109.99975343015683,92.24544283854831,1200.0748116222267,2400.0090309779575,0,895.1933257508766,894.9999644787329,0.19332575087662462,-3.552126713657344e-05,0.26425673140898337,-2.80518542989252e-05
encodec_ft_encodec_ft_53tet,3.0kbps,24000,20260826,895.0,220.0,368.92737853003456,220Hz_ongrid,2,219.98733815218884,368.93495979017814,220.00000091957676,368.9273727720003,109.98939471274514,92.23384095177862,1200.0672772098164,2399.9981041441724,0,895.1352176260358,894.999965743388,0.13521762603579646,-3.425661202527408e-05,0.03557556745801741,-2.7020236521893744e-05
encodec_ft_encodec_ft_53tet,3.0kbps,24000,20260826,895.0,220.0,368.92737853003456,220Hz_ongrid,3,220.01014726104626,368.9237467420769,220.00000095098113,368.92737258977746,110.00008840830523,73.7923772594212,1200.0784580358686,2786.1347471161002,0,894.9031078858077,894.9999646411576,-0.0968921141923147,-3.5358842410460056e-05,-0.017042665535055214,-2.787533806376435e-05
encodec_ft_encodec_ft_53tet,3.0kbps,24000,20260826,895.0,220.0,368.92737853003456,220Hz_ongrid,4,219.99701867196475,737.9770631430232,220.00000094483804,368.9273727316309,109.9913669896217,73.80571056977564,1200.1124149294571,3986.1259507368673,1,2095.3104048435425,894.9999653551627,1200.3104048435425,-3.4644837342057144e-05,1200.2869438818223,-2.7209674546795953e-05
encodec_ft_encodec_ft_53tet,3.0kbps,24000,20260826,895.0,226.4,379.65981135999925,226.4Hz_+49.6c,0,226.39771902357626,379.65211429232687,226.40000353058184,379.6598092111918,75.46226641792795,75.9252136445431,1902.0385049452009,2786.4324894166984,0,894.9823435570213,894.9999632038913,-0.017656442978704945,-3.67961087022195e-05,-0.035098686541549025,-9.798478796079746e-06
encodec_ft_encodec_ft_53tet,3.0kbps,24000,20260826,895.0,226.4,379.65981135999925,226.4Hz_+49.6c,1,226.40103932163893,379.674135317587,226.4000034638972,379.65980921100055,75.46575324482238,75.92695880844343,1901.9839026965872,2786.4931110848106,0,895.057368000512,894.9999637129426,0.05736800051204227,-3.6287057355366414e-05,0.0653154602261766,-9.799351025053141e-06
encodec_ft_encodec_ft_53tet,3.0kbps,24000,20260826,895.0,226.4,379.65981135999925,226.4Hz_+49.6c,2,226.3350172000558,379.6152910106679,226.40000349297148,379.65980929569787,75.44233894795336,75.9128466765892,1902.0161965832099,2786.546577636498,0,895.2939584051279,894.9999638768343,0.2939584051279098,-3.6123165727985906e-05,-0.2030229741144637,-9.4131344553433e-06
encodec_ft_encodec_ft_53tet,3.0kbps,24000,20260826,895.0,226.4,379.65981135999925,226.4Hz_+49.6c,3,226.37751850605522,379.6281850504719,226.40000353083033,379.65980919024224,75.45732416959565,75.91679374311515,1901.9974146924503,2786.5153671819057,0,895.0276991231046,894.9999631064618,0.02769912310463951,-3.6893538208460086e-05,-0.1442207546821468,-9.894008050256265e-06
encodec_ft_encodec_ft_53tet,3.0kbps,24000,20260826,895.0,226.4,379.65981135999925,226.4Hz_+49.6c,4,226.35868989010157,379.6341061259303,226.4000034783557,379.65980921627596,75.45227017303796,75.92650788187667,1901.969374709631,2786.3208585301436,0,895.1986998619747,894.9999636264373,0.19869986197466005,-3.637356269337033e-05,-0.11721884095612875,-9.775295342066457e-06
encodec_ft_encodec_ft_53tet,3.0kbps,24000,20260826,900.0,220.0,369.9944227116344,220Hz_ongrid,0,220.03257356498534,370.006223277067,220.00000093067698,369.9944283008375,110.01065382133686,74.00457660825866,1200.0886434554363,2786.2357657116163,0,899.7989045155421,900.0000188286108,-0.20109548445793735,1.88286107913882e-05,0.05521492660235111,2.615233657596477e-05
encodec_ft_encodec_ft_53tet,3.0kbps,24000,20260826,900.0,220.0,369.9944227116344,220Hz_ongrid,1,220.03514515877072,370.0021727040819,220.00000095605722,369.9944282859084,110.01509777861942,74.00266435424098,1200.0389438472378,2786.2615483500203,0,899.7597186660142,900.0000185590328,-0.240281333985763,1.855903281011706e-05,0.03626246631042918,2.608248176171699e-05
encodec_ft_encodec_ft_53tet,3.0kbps,24000,20260826,900.0,220.0,369.9944227116344,220Hz_ongrid,2,220.0090232111225,369.9935583696334,220.0000009424936,369.9944282968116,73.34110622599393,73.999603888616,1901.8425145927806,2786.2928402157886,0,899.9249512596064,900.000018716785,-0.0750487403936404,1.8716785007200087e-05,-0.004044331368778015,2.6133498890762078e-05
encodec_ft_encodec_ft_53tet,3.0kbps,24000,20260826,900.0,220.0,369.9944227116344,220Hz_ongrid,3,220.01703729074487,369.9844664203981,220.0000009379535,369.99442827604645,110.00277335577117,73.99985986146997,1200.0904175498563,2786.24430910184,0,899.8193476398502,900.0000186553507,-0.1806523601497929,1.8655350686458405e-05,-0.04658692469443769,2.603633704430943e-05
encodec_ft_encodec_ft_53tet,3.0kbps,24000,20260826,900.0,220.0,369.9944227116344,220Hz_ongrid,4,220.01352954464278,370.01692260590056,220.00000094115097,369.9944282590939,110.00230617402075,74.00552462594125,1200.0701687176536,2786.263649010595,0,899.9988116004209,900.0000185508667,-0.0011883995790640256,1.8550866684563516e-05,0.1052756374950648,2.5957014951646626e-05
encodec_ft_encodec_ft_53tet,3.0kbps,24000,20260826,900.0,226.4,380.75789682688196,226.4Hz_+49.6c,0,226.31543380826787,380.74772003667994,226.4000034933837,380.7578944795394,75.43629375222241,76.14231309969293,1902.0051263229138,2786.478113902559,0,900.6005084514996,899.9999626138945,0.6005084514996497,-3.7386105532277725e-05,-0.04627255615413206,-1.0672922170313534e-05
encodec_ft_encodec_ft_53tet,3.0kbps,24000,20260826,900.0,226.4,380.75789682688196,226.4Hz_+49.6c,1,226.2943604224668,380.75427953916704,226.40000357488165,380.75789435600115,75.42679706055848,76.1502889360656,1902.0618739298682,2786.326603601551,0,900.791545356523,899.9999614289914,0.7915453565229882,-3.857100864479435e-05,-0.016447200325149285,-1.1234627250453072e-05
encodec_ft_encodec_ft_53tet,3.0kbps,24000,20260826,900.0,226.4,380.75789682688196,226.4Hz_+49.6c,2,226.33516007967606,380.7552437682369,226.40000342134047,380.7578945241226,75.43962720902972,76.15127279091078,1902.07951896884,2786.308620561795,0,900.4838254976981,899.9999633675054,0.48382549769814887,-3.663249458440987e-05,-0.012062997250332186,-1.0470210813490487e-05
encodec_ft_encodec_ft_53tet,3.0kbps,24000,20260826,900.0,226.4,380.75789682688196,226.4Hz_+49.6c,3,226.38381441463923,380.7475601389205,226.40000359659825,380.7578943989886,75.45693541211925,76.1492662418983,1902.0544816884922,2786.31930173493,0,900.0767726527686,899.9999614583846,0.07677265276856815,-3.8541615367648774e-05,-0.046999600569869855,-1.1039171462436055e-05
encodec_ft_encodec_ft_53tet,3.0kbps,24000,20260826,900.0,226.4,380.75789682688196,226.4Hz_+49.6c,4,226.38594216459376,380.74725660783935,226.40000353024593,380.75789447227015,75.45923579017449,76.14855867312613,1902.017975690764,2786.3340080679736,0,900.0591209650695,899.9999622989646,0.05912096506949638,-3.7701035353165935e-05,-0.04837973693071651,-1.0705974036018962e-05
encodec_ft_encodec_ft_53tet,3.0kbps,24000,20260826,905.0,220.0,371.0645530921767,220Hz_ongrid,0,220.00959156191269,371.0916368957854,220.0000009235872,371.06455339765876,73.33828369025692,74.22189240438439,1901.9136147970935,2786.2305572504147,0,905.0508805257532,904.9999941573185,0.050880525753200345,-5.842681503054337e-06,0.12635723757071007,1.425253271180499e-06
encodec_ft_encodec_ft_53tet,3.0kbps,24000,20260826,905.0,220.0,371.0645530921767,220Hz_ongrid,1,219.9744775383211,371.0714279208112,220.00000093426843,371.0645534988282,109.97488742893194,74.21478444708674,1200.194424932578,2786.3020766770446,0,905.2329289878553,904.9999945452803,0.2329289878553027,-5.454719712361111e-06,0.03207481571654261,1.8972679150998783e-06
encodec_ft_encodec_ft_53tet,3.0kbps,24000,20260826,905.0,220.0,371.0645530921767,220Hz_ongrid,2,220.00148958150763,371.08901265911106,220.0000009286994,371.0645534848561,73.33487977688225,74.22043020080172,1901.9302150608387,2786.2524208957157,0,905.1023926395364,904.9999945239163,0.10239263953644695,-5.476083742905757e-06,0.11411448269358242,1.8320798515992395e-06
encodec_ft_encodec_ft_53tet,3.0kbps,24000,20260826,905.0,220.0,371.0645530921767,220Hz_ongrid,3,220.02831162538016,371.04192358620764,220.00000093097154,371.0645532228751,110.00746642905303,74.20920041757009,1200.1052704602876,2786.2946842036076,0,904.671640044385,904.9999932837409,-0.32835995561504205,-6.716259122185875e-06,-0.1055831541444613,6.097845360515535e-07
encodec_ft_encodec_ft_53tet,3.0kbps,24000,20260826,905.0,220.0,371.0645530921767,220Hz_ongrid,4,219.99798511640776,371.0883282701684,220.00000095481371,371.0645535790282,73.33474401124217,74.2189099856552,1901.905842585983,2786.2846882791628,0,905.1267773004942,904.9999947577843,0.1267773004941546,-5.242215706857678e-06,0.11092161388752979,2.271447991539282e-06
encodec_ft_encodec_ft_53tet,3.0kbps,24000,20260826,905.0,226.4,381.85915827304007,226.4Hz_+49.6c,0,226.3480072565005,381.905060046505,226.40000347182843,381.8591565242823,75.44654912724721,109.11345456842687,1902.018942966224,2168.86203180032,0,905.6057156974884,904.9999655233058,0.6057156974884492,-3.447669416800636e-05,0.2080922654521826,-7.92833934398737e-06
encodec_ft_encodec_ft_53tet,3.0kbps,24000,20260826,905.0,226.4,381.85915827304007,226.4Hz_+49.6c,1,226.34927336136315,381.8540687333943,226.4000034293602,381.85915656016175,75.44224404577788,95.46327210294497,1902.1274161650974,2400.00444454695,0,905.3648650040044,904.9999660107181,0.36486500400440036,-3.398928186015837e-05,-0.023074588778661063,-7.765672869155497e-06
encodec_ft_encodec_ft_53tet,3.0kbps,24000,20260826,905.0,226.4,381.85915827304007,226.4Hz_+49.6c,2,226.4127693332334,381.85356655829383,226.40000355421728,381.85915649248983,75.46927195505403,95.46554745694527,1901.9928772909152,2399.9609045705124,0,904.877006968345,904.9999647491579,-0.12299303165502806,-3.525084207467444e-05,-0.02535133079949775,-8.072476815438781e-06
encodec_ft_encodec_ft_53tet,3.0kbps,24000,20260826,905.0,226.4,381.85915827304007,226.4Hz_+49.6c,3,226.43269038885043,381.863424972537,226.40000349356225,381.85915653791733,75.47660010923964,76.37015824894667,1901.9770975165225,2786.3709916770795,0,904.7693852108434,904.9999654189289,-0.23061478915656153,-3.4581071076900116e-05,0.01934381831401453,-7.866522181775957e-06
encodec_ft_encodec_ft_53tet,3.0kbps,24000,20260826,905.0,226.4,381.85915827304007,226.4Hz_+49.6c,4,226.4088722810249,381.82677032627674,226.40000338940362,381.8591565482985,75.46703812249417,76.36513173717154,1902.014322719903,2786.3187541414595,0,904.7853134360101,904.9999662624732,-0.21468656398985786,-3.3737526791810524e-05,-0.1468433924203966,-7.819457375300163e-06
encodec_ft_encodec_ft_53tet,3.0kbps,24000,20260826,910.0,220.0,372.1377785978373,220Hz_ongrid,0,219.98892258706218,372.12216040762814,220.0000009435108,372.13777354735004,109.98882017148253,74.42452175745503,1200.0887894980247,2786.311627857264,0,910.0145136721858,909.9999690797481,0.014513672185785254,-3.0920251901989104e-05,-0.0726594063763147,-2.3495533453379195e-05
encodec_ft_encodec_ft_53tet,3.0kbps,24000,20260826,910.0,220.0,372.1377785978373,220Hz_ongrid,1,219.98111724913736,744.3401423185237,220.00000093039154,372.1377735262023,73.31541267484481,74.43502976661848,1902.2295193768657,3986.2900940669524,1,2110.2988221218375,909.9999690846048,1200.2988221218375,-3.091539520028164e-05,1200.1502227389462,-2.3593915423720567e-05
encodec_ft_encodec_ft_53tet,3.0kbps,24000,20260826,910.0,220.0,372.1377785978373,220Hz_ongrid,2,219.98497632297057,372.12954902867335,220.00000095003267,372.13777355755235,109.987005473539,74.42748806220354,1200.0862972806976,2786.2770021555116,0,910.0799435775085,909.9999690758884,0.07994357750851577,-3.092411157012975e-05,-0.03828546496001885,-2.3448070973106945e-05
encodec_ft_encodec_ft_53tet,3.0kbps,24000,20260826,910.0,220.0,372.1377785978373,220Hz_ongrid,3,219.99633368812528,372.15356882700326,220.0000009604234,372.13777351716965,109.99223730588295,74.43246025386406,1200.093326056053,2786.273091591204,0,910.1023080204412,909.9999688062555,0.10230802044122811,-3.119374446214351e-05,0.07345667116339404,-2.363593656366314e-05
encodec_ft_encodec_ft_53tet,3.0kbps,24000,20260826,910.0,220.0,372.1377785978373,220Hz_ongrid,4,220.0335304852718,744.2960052473196,220.00000094900838,372.1377735774803,73.35184415999312,74.42996672679338,1901.781896802495,3986.3051960182593,1,2109.783723343068,909.9999691766564,1199.7837233430678,-3.082334364989947e-05,1200.0475628638087,-2.335536348849073e-05
encodec_ft_encodec_ft_53tet,3.0kbps,24000,20260826,910.0,226.4,382.9636048843199,226.4Hz_+49.6c,0,226.39501708421534,382.9943622024701,226.4000034631137,382.9636047556466,75.46424133053308,76.59664954864229,1901.972536145849,2786.363954838088,0,910.1771404014836,909.9999729366014,0.177140401483598,-2.7063398647442227e-05,0.13903665411469027,-5.8168350234843e-07
encodec_ft_encodec_ft_53tet,3.0kbps,24000,20260826,910.0,226.4,382.9636048843199,226.4Hz_+49.6c,1,226.36600481153334,382.97835501362437,226.4000033977009,382.9636044974772,75.458705421056,95.74537210817891,1901.8776707980337,2399.985835597343,0,910.3266521935202,909.999972269713,0.3266521935202036,-2.773028700175928e-05,0.06667848850205525,-1.7487700702174786e-06
encodec_ft_encodec_ft_53tet,3.0kbps,24000,20260826,910.0,226.4,382.9636048843199,226.4Hz_+49.6c,2,226.40502373624471,382.96735302878136,226.40000349557985,382.963604689066,75.46648265738519,76.591058928883,1901.997637160938,2786.3682255982503,0,909.9785288173666,909.9999723873538,-0.021471182633376884,-2.7612646249508543e-05,0.016943864836614128,-8.826691919337932e-07
encodec_ft_encodec_ft_53tet,3.0kbps,24000,20260826,910.0,226.4,382.9636048843199,226.4Hz_+49.6c,3,226.33949189762654,382.93359698050625,226.40000360900714,382.96360460360904,75.44248480128454,76.58512369764316,1902.0470761505846,2786.3497848220945,0,910.3270950725075,909.99997113368,0.3270950725075181,-2.886632000809186e-05,-0.1356597327251354,-1.2689880131146725e-06
encodec_ft_encodec_ft_53tet,3.0kbps,24000,20260826,910.0,226.4,382.9636048843199,226.4Hz_+49.6c,4,226.3879172793911,382.91015491790307,226.40000351003465,382.96360468062574,75.46261410105457,76.58010103096089,1901.9555742238103,2786.3573434440864,0,909.8507525284275,909.9999722386656,-0.14924747157249385,-2.7761334422393702e-05,-0.24164400659569882,-9.208246924923662e-07
encodec_ft_encodec_ft_53tet,3.0kbps,24000,20260826,915.0,220.0,373.21410818060906,220Hz_ongrid,0,220.02527102522936,373.21339259459666,220.0000009233981,373.21410768817236,110.00657959456143,74.64332632310239,1200.0953026900825,2786.2986890048687,0,914.7978281115779,914.9999904492797,-0.2021718884220718,-9.550720278639346e-06,-0.0033194030724581587,-2.2842736813667712e-06
encodec_ft_encodec_ft_53tet,3.0kbps,24000,20260826,915.0,220.0,373.21410818060906,220Hz_ongrid,1,219.99964055571965,373.1751990626066,220.00000094781927,373.21410791254766,73.3321195152343,74.63533894427077,1901.9808280433713,2786.3067752200195,0,914.8223308219281,914.9999912979167,-0.1776691780719375,-8.702083277967176e-06,-0.18049773573209002,-1.2434606120410789e-06
encodec_ft_encodec_ft_53tet,3.0kbps,24000,20260826,915.0,220.0,373.21410818060906,220Hz_ongrid,2,220.01349539876813,746.3885882432845,220.00000095041466,373.2141078257909,110.00076029668922,74.64109175799065,1200.094229469783,3986.2619221704977,1,2114.801890427381,914.9999908750531,1199.8018904273808,-9.124946927840938e-06,1199.9080857786817,-1.6459004849925774e-06
encodec_ft_encodec_ft_53tet,3.0kbps,24000,20260826,915.0,220.0,373.21410818060906,220Hz_ongrid,3,219.98789203262635,373.22856385444163,220.00000093065617,373.2141078998468,73.3245804159311,74.64644001904533,1902.0663665785737,2786.2968471139975,0,915.1623376508769,914.9999913740617,0.162337650876907,-8.625938335171668e-06,0.0670544589204941,-1.3023762384237196e-06
encodec_ft_encodec_ft_53tet,3.0kbps,24000,20260826,915.0,220.0,373.21410818060906,220Hz_ongrid,4,220.01574384186657,373.21330538047965,220.00000093859677,373.2141076999526,109.99991965547507,74.64377383687602,1200.1251522287994,2786.2879050985916,0,914.8723883079066,914.9999903843226,-0.12761169209341006,-9.615677413421508e-06,-0.0037239653671685916,-2.2296286709655064e-06
encodec_ft_encodec_ft_53tet,3.0kbps,24000,20260826,915.0,226.4,384.0712458731359,226.4Hz_+49.6c,0,226.39400347569904,384.08446847700657,226.40000349426055,384.07124778365056,75.46332303140419,96.020711970514,1901.985852039544,2400.0073047345245,0,915.1054557842787,914.9999818919198,0.10545578427866076,-1.8108080212186906e-05,0.059600993946294555,8.611808352259783e-06
encodec_ft_encodec_ft_53tet,3.0kbps,24000,20260826,915.0,226.4,384.0712458731359,226.4Hz_+49.6c,1,226.36376122179627,384.0562725602594,226.40000357509714,384.07124778431563,75.44834774237212,96.01282111358348,1902.098162338812,2400.022485337476,0,915.2096378275475,914.9999812767768,0.20963782754745353,-1.87232232065071e-05,-0.06749480642302591,8.614806375041256e-06
encodec_ft_encodec_ft_53tet,3.0kbps,24000,20260826,915.0,226.4,384.0712458731359,226.4Hz_+49.6c,2,226.35746693093625,384.07884620875495,226.40000345072502,384.0712477496922,75.45171112923106,96.01982488215053,1901.9728484336442,2399.9979566635884,0,915.3595309761214,914.9999820717568,0.3595309761213912,-1.7928243210008077e-05,0.03425882505020572,8.458738127423235e-06
encodec_ft_encodec_ft_53tet,3.0kbps,24000,20260826,915.0,226.4,384.0712458731359,226.4Hz_+49.6c,3,226.3866686418801,384.0231327270181,226.40000352801786,384.0712477815078,75.4617916314025,96.00492538125874,1901.9648944975304,2400.0154684437834,0,914.8850574303669,914.999981624126,-0.11494256963305816,-1.8375873992226843e-05,-0.21688771379279786,8.602149636987619e-06
encodec_ft_encodec_ft_53tet,3.0kbps,24000,20260826,915.0,226.4,384.0712458731359,226.4Hz_+49.6c,4,226.3752553596299,384.01928601157675,226.4000034234029,384.07124775993606,75.45855802918308,96.0050513520549,1901.9517985924197,2399.995855185077,0,914.9549981238185,914.9999823268585,-0.04500187618145901,-1.7673141542218218e-05,-0.23422937249999515,8.50491321378242e-06
encodec_ft_encodec_ft_53tet,3.0kbps,24000,20260826,920.0,220.0,374.2935508183765,220Hz_ongrid,0,219.98886210238948,748.5859255580048,220.00000096095522,374.2935581542604,73.32279016052206,74.85899781346026,1902.1162701392536,3986.304341607941,1,2120.0849291885565,920.0000263689468,1200.0849291885565,2.636894680563273e-05,1199.9972801172125,3.393093934718918e-05
encodec_ft_encodec_ft_53tet,3.0kbps,24000,20260826,920.0,220.0,374.2935508183765,220Hz_ongrid,1,219.98536645589755,748.4686679118463,220.0000009349278,374.2935581901382,73.32258313571423,74.84694919502482,1902.093648523809,3986.311807836413,1,2119.8412391318966,920.0000267397098,1199.8412391318966,2.6739709824141755e-05,1199.7260803482213,3.409688657524297e-05
encodec_ft_encodec_ft_53tet,3.0kbps,24000,20260826,920.0,220.0,374.2935508183765,220Hz_ongrid,2,220.0126281874684,374.3171609865188,220.00000094383935,374.29355820283,110.0010981311479,74.86423814659547,1200.0820886163647,2786.295076202839,0,920.0098300975817,920.0000267282867,0.009830097581698283,2.6728286684374325e-05,0.10920155525707174,3.415559038986468e-05
encodec_ft_encodec_ft_53tet,3.0kbps,24000,20260826,920.0,220.0,374.2935508183765,220Hz_ongrid,3,220.00818894500526,374.24489301947176,220.00000094736228,374.293558208722,109.99848621882988,74.84855111461164,1200.088264416587,2786.323601589813,0,919.7104870004683,920.0000267278162,-0.28951299953166654,2.6727816248239833e-05,-0.22507337873869399,3.4182842835554176e-05
encodec_ft_encodec_ft_53tet,3.0kbps,24000,20260826,920.0,220.0,374.2935508183765,220Hz_ongrid,4,220.001872192374,748.4644433956539,220.0000009303148,374.2935581033035,109.98767910546252,74.84820937217694,1200.2086558319131,3986.2728882978663,1,2119.7015761887687,920.000026374371,1199.7015761887687,2.6374371032034105e-05,1199.7163088678287,3.369524686236318e-05
encodec_ft_encodec_ft_53tet,3.0kbps,24000,20260826,920.0,226.4,385.1820904785475,226.4Hz_+49.6c,0,226.43393492636514,385.20194498681724,226.40000352367653,385.1820953537403,75.47713159600755,85.6006322062231,1901.9744219766953,2603.9059570808845,0,919.8297615672233,919.9999949671469,-0.17023843277672768,-5.032853096054168e-06,0.08923549598452205,2.191197340102247e-05
encodec_ft_encodec_ft_53tet,3.0kbps,24000,20260826,920.0,226.4,385.1820904785475,226.4Hz_+49.6c,1,226.35678429585207,385.17677312075375,226.40000348418965,385.18209540336284,75.44439888549674,96.29432261595359,1902.135414508965,2399.9976747265605,0,920.3065936222084,919.9999954921277,0.3065936222084247,-4.507872290560044e-06,-0.023899487105774744,2.2135006074208557e-05
encodec_ft_encodec_ft_53tet,3.0kbps,24000,20260826,920.0,226.4,385.1820904785475,226.4Hz_+49.6c,2,226.43277825714432,385.1522857823633,226.40000347029613,385.18209556031627,75.47864987111696,85.58623643706133,1901.9307538396656,2603.9739290314224,0,919.6154046243381,919.9999963038093,-0.3845953756618883,-3.696190674418176e-06,-0.13396495462745886,2.2840447094938168e-05
encodec_ft_encodec_ft_53tet,3.0kbps,24000,20260826,920.0,226.4,385.1820904785475,226.4Hz_+49.6c,3,226.3767204821721,385.1899552260044,226.4000035159407,385.18209562527437,75.45846317369399,96.29652702063056,1901.9651795265413,2400.017291050709,0,920.2133712417091,919.9999962467346,0.21337124170906918,-3.7532654459937476e-06,0.03534842330017328,2.3132406613797013e-05
encodec_ft_encodec_ft_53tet,3.0kbps,24000,20260826,920.0,226.4,385.1820904785475,226.4Hz_+49.6c,4,226.349571478094,385.17319730168884,226.40000350542897,385.18209536357716,75.44445363250321,85.59475593209513,1902.078991884565,2603.8955990392597,0,920.3456878362665,919.9999951508948,0.34568783626650657,-4.849105152970878e-06,-0.0399716100531241,2.1956186067971487e-05
encodec_ft_encodec_ft_53tet,3.0kbps,24000,20260826,925.0,220.0,375.37611551499083,220Hz_ongrid,0,220.0219674217269,375.33607733503425,220.0000009274469,375.3761202055894,73.34674076176934,75.0648673383145,1901.8113691599149,2786.3678683169433,0,924.6424757205386,925.0000143347256,-0.3575242794613587,1.4334725619846722e-05,-0.1846658709672316,2.1633033119654918e-05
encodec_ft_encodec_ft_53tet,3.0kbps,24000,20260826,925.0,220.0,375.37611551499083,220Hz_ongrid,1,220.02486554616212,375.3991512464889,220.00000093536877,375.37612019112936,109.99974582140047,75.08019119845675,1200.1996624268074,2786.3053909108557,0,924.9105754629109,925.0000142056967,-0.089424537089144,1.4205696743374574e-05,0.10623749740489728,2.1566343162434073e-05
encodec_ft_encodec_ft_53tet,3.0kbps,24000,20260826,925.0,220.0,375.37611551499083,220Hz_ongrid,2,220.02708790502882,375.2469326914337,220.00000094771494,375.3761201916393,110.00673634305878,75.05112518339038,1200.107131626869,2786.2736073846063,0,924.1909582230759,925.0000141108937,-0.8090417769241185,1.411089374414587e-05,-0.5958935192281486,2.156869537441799e-05
encodec_ft_encodec_ft_53tet,3.0kbps,24000,20260826,925.0,220.0,375.37611551499083,220Hz_ongrid,3,220.0191504583075,375.3132337389941,220.00000094363583,375.3761201769071,73.34557100552426,75.06094422871725,1901.8168143240987,2786.3529809644847,0,924.5592719527376,925.0000140750479,-0.44072804726238246,1.407504794315173e-05,-0.29003494463898927,2.150075031470606e-05
encodec_ft_encodec_ft_53tet,3.0kbps,24000,20260826,925.0,220.0,375.37611551499083,220Hz_ongrid,4,219.9904007664849,375.32846038944695,220.00000092820758,375.37612018637435,109.99194388301989,75.06463970876106,1200.0512553957212,2786.3379847399538,0,924.85574105911,925.0000142401198,-0.14425894089004032,1.4240119753594627e-05,-0.21979931577083545,2.1544413273684364e-05
encodec_ft_encodec_ft_53tet,3.0kbps,24000,20260826,925.0,226.4,386.29614796633604,226.4Hz_+49.6c,0,226.36168227070166,386.28609786817725,226.40000337189346,386.29615323875083,75.44908225302584,128.7619718162505,1902.0654084480323,1901.9558184221085,0,925.2479912157064,924.9999978448072,0.24799121570640636,-2.1551927602558862e-06,-0.04504134601534062,2.36289801285489e-05
encodec_ft_encodec_ft_53tet,3.0kbps,24000,20260826,925.0,226.4,386.29614796633604,226.4Hz_+49.6c,1,226.33269405752813,386.2932756525907,226.40000351204654,386.2961532794727,75.442566912928,96.57252341472237,1901.993195518719,2400.0142606637896,0,925.501878484212,924.9999969555859,0.5018784842120567,-3.0444141430052696e-06,-0.0128726777860176,2.3811480102793106e-05
encodec_ft_encodec_ft_53tet,3.0kbps,24000,20260826,925.0,226.4,386.29614796633604,226.4Hz_+49.6c,2,226.33981531043085,386.32567393180307,226.4000034171812,386.2961533007388,75.44249111878563,85.84946759233654,1902.049404908556,2603.923758271939,0,925.5926002906862,924.999997776308,0.592600290686164,-2.2236920358409407e-06,0.13231921575147276,2.3906786781039348e-05
encodec_ft_encodec_ft_53tet,3.0kbps,24000,20260826,925.0,226.4,386.29614796633604,226.4Hz_+49.6c,3,226.44134650566465,386.29920973383076,226.40000340259948,386.29615332355576,75.47930645921844,77.26078681120063,1901.981202818744,2786.292541526955,0,924.6975823118521,924.9999979900683,-0.30241768814789793,-2.009931677093846e-06,0.013721636000988515,2.4009043613326648e-05
encodec_ft_encodec_ft_53tet,3.0kbps,24000,20260826,925.0,226.4,386.29614796633604,226.4Hz_+49.6c,4,226.33792077026834,386.3274959469735,226.40000352281012,386.29615327918196,75.44471786317328,85.84534685239545,1901.9838158595094,2604.015023748317,0,925.6152563043369,924.9999968719758,0.6152563043368673,-3.1280242183129303e-06,0.14048415915392737,2.3810176948909278e-05
encodec_ft_encodec_ft_53tet,3.0kbps,24000,20260826,930.0,220.0,376.461811300345,220Hz_ongrid,0,220.01790699058665,376.50511530309484,220.00000094221255,376.4618103796727,109.99861761588801,75.29989634736208,1200.1626655507928,2786.339618146981,0,930.0582217895704,929.9999883516045,0.05822178957043889,-1.1648395457086735e-05,0.19913056325668066,-4.233893406609467e-06
encodec_ft_encodec_ft_53tet,3.0kbps,24000,20260826,930.0,220.0,376.461811300345,220Hz_ongrid,1,219.98794135839074,376.5380041682703,220.00000095489713,376.4618103848312,109.98827059178453,75.30741152330404,1200.0897180186316,2786.318065894804,0,930.445247524102,929.9999882755089,0.4452475241020011,-1.1724491059794673e-05,0.3503525100238924,-4.210171200399974e-06
encodec_ft_encodec_ft_53tet,3.0kbps,24000,20260826,930.0,220.0,376.461811300345,220Hz_ongrid,2,220.00713884571476,752.7702936470711,220.0000009420756,376.46181033040443,73.33870711232935,75.27639567768921,1901.8843191712724,3986.32828756904,1,2129.5912309278365,929.9999881261124,1199.5912309278365,-1.1873887615365675e-05,1199.6474073471825,-4.460463434884309e-06
encodec_ft_encodec_ft_53tet,3.0kbps,24000,20260826,930.0,220.0,376.461811300345,220Hz_ongrid,3,220.00502847119765,376.3768462035034,220.00000094339245,376.461810319753,73.34344058043332,75.27341059703718,1901.755977898526,2786.3587606676597,0,929.5696572861536,929.9999880667671,-0.4303427138463576,-1.1933232940464222e-05,-0.3907728908254611,-4.509446068653087e-06
encodec_ft_encodec_ft_53tet,3.0kbps,24000,20260826,930.0,220.0,376.461811300345,220Hz_ongrid,4,219.99580261022766,376.48338545369785,220.00000094665947,376.46181036516265,73.3315166127945,75.29476680756167,1901.964859450969,2786.3576359788076,0,930.1322407721417,929.9999882498832,0.13224077214169938,-1.1750116755138151e-05,0.09921016572098347,-4.300620844916936e-06
encodec_ft_encodec_ft_53tet,3.0kbps,24000,20260826,930.0,226.4,387.4134276290823,226.4Hz_+49.6c,0,226.4299973307039,387.418282008711,226.4000033872571,387.41342358538265,75.4771388864726,77.48075341684468,1901.9441490236522,2786.3785770976892,0,929.7923244275792,929.9999560282673,-0.20767557242083967,-4.397173267989274e-05,0.02169262614266788,-1.807007738325634e-05
encodec_ft_encodec_ft_53tet,3.0kbps,24000,20260826,930.0,226.4,387.4134276290823,226.4Hz_+49.6c,1,226.37798904011993,387.4229928095097,226.4000035510575,387.413423542818,75.45751988996231,77.47384984225691,1901.9965226731008,2786.5538885652763,0,930.2110648332172,929.9999545855112,0.21106483321716496,-4.541448879535892e-05,0.04274338584339134,-1.8260285959398543e-05
encodec_ft_encodec_ft_53tet,3.0kbps,24000,20260826,930.0,226.4,387.4134276290823,226.4Hz_+49.6c,2,226.4058069815128,387.4334007832917,226.40000348581972,387.41342354034225,75.46892023941997,96.86384056151596,1901.9477080398422,2399.9018686708528,0,930.0448474972335,929.9999550733074,0.044847497233490685,-4.4926692567059945e-05,0.089251716272643,-1.8271349313288844e-05
encodec_ft_encodec_ft_53tet,3.0kbps,24000,20260826,930.0,226.4,387.4134276290823,226.4Hz_+49.6c,3,226.37438316709745,387.4456229257134,226.4000034350447,387.41342345675974,75.45972043903764,96.86397888158993,1901.9184595898992,2399.9540098972343,0,930.3397628308603,929.9999550880684,0.3397628308603089,-4.491193158173701e-05,0.14386511647441155,-1.864485436812811e-05
encodec_ft_encodec_ft_53tet,3.0kbps,24000,20260826,930.0,226.4,387.4134276290823,226.4Hz_+49.6c,4,226.35301433437044,387.4870213361823,226.40000344502812,387.4134233448553,75.44773319976584,96.8795474684815,1902.0300693241927,2399.860749236134,0,930.6881638732813,929.9999545116601,0.6881638732812689,-4.548833987882972e-05,0.32883690306708746,-1.914492180826331e-05
encodec_ft_encodec_ft_53tet,3.0kbps,24000,20260826,935.0,220.0,377.55064723044893,220Hz_ongrid,0,220.01160806285682,377.5179021740324,220.00000095635951,377.5506424019079,73.33973818173045,75.5007733332924,1901.8951477799403,2786.3780795549574,0,934.7584988635149,934.9999703332096,-0.2415011364851125,-2.9666790396731813e-05,-0.15015684784438973,-2.2140962424125863e-05
encodec_ft_encodec_ft_53tet,3.0kbps,24000,20260826,935.0,220.0,377.55064723044893,220Hz_ongrid,1,219.9993466124275,377.58555907675765,220.0000009593247,377.55064237370755,109.99063098875652,75.5160176637269,1200.142318707394,2786.3387975342785,0,935.1652202848476,934.9999701805651,0.1652202848475781,-2.9819434871569683e-05,0.16007860988174794,-2.227027334954512e-05
encodec_ft_encodec_ft_53tet,3.0kbps,24000,20260826,935.0,220.0,377.55064723044893,220Hz_ongrid,2,219.99929886468254,377.58446459086645,220.00000092340426,377.55064239458403,109.99205013845699,75.50956309974653,1200.1196059337897,2786.4817590084263,0,935.1605777873056,934.9999705589596,0.16057778730555583,-2.944104039670492e-05,0.15506037244733342,-2.217454554630843e-05
encodec_ft_encodec_ft_53tet,3.0kbps,24000,20260826,935.0,220.0,377.55064723044893,220Hz_ongrid,3,220.0200709615014,377.5906109087631,220.00000095530203,377.5506423889364,110.00429798024862,75.51193172428302,1200.0902937192475,2786.4556343697873,0,935.0253050389197,934.9999702820515,0.025305038919668732,-2.9717948450525e-05,0.1832411616827103,-2.2200442366839815e-05
encodec_ft_encodec_ft_53tet,3.0kbps,24000,20260826,935.0,220.0,377.55064723044893,220Hz_ongrid,4,219.99348044527238,377.49357235459223,220.0000009329533,377.55064236773933,109.9905740966294,75.49211570241857,1200.0970511170574,2786.465034480836,0,934.789571806249,934.9999703607212,-0.21042819375099953,-2.963927875043737e-05,-0.2617329318059422,-2.2297640158450937e-05
encodec_ft_encodec_ft_53tet,3.0kbps,24000,20260826,935.0,226.4,388.5339387862438,226.4Hz_+49.6c,0,226.380410016834,388.5230195497529,226.40000351429228,388.53393283698466,75.45827284168963,97.12995241583484,1901.9977620763864,2400.0143031103153,0,935.1011522925496,934.9999466181544,0.10115229254961378,-5.338184564607218e-05,-0.048654744806871764,-2.6508778399415577e-05
encodec_ft_encodec_ft_53tet,3.0kbps,24000,20260826,935.0,226.4,388.5339387862438,226.4Hz_+49.6c,1,226.36832593634418,388.52855127521866,226.40000351080315,388.53393283062684,75.45342751426251,129.50906024468523,1902.0165167339937,1901.9611078341138,0,935.2182160675717,934.999946616506,0.21821606757168865,-5.3383493991532305e-05,-0.024005900801869658,-2.6537107773999015e-05
encodec_ft_encodec_ft_53tet,3.0kbps,24000,20260826,935.0,226.4,388.5339387862438,226.4Hz_+49.6c,2,226.42587678433526,388.5429423874326,226.40000358357463,388.5339326623244,75.47643929662152,129.51398764591153,1901.9286906491022,1901.959365013127,0,934.8422547672066,934.9999453101134,-0.1577452327934452,-5.468988661050389e-05,0.04011788619782852,-2.7287031724118512e-05
encodec_ft_encodec_ft_53tet,3.0kbps,24000,20260826,935.0,226.4,388.5339387862438,226.4Hz_+49.6c,3,226.44000713070488,388.5848411787864,226.4000033078537,388.5339326935723,75.47927058011368,105.08812064539725,1901.971785677496,2263.956034084287,0,934.9208973770939,934.9999475577292,-0.07910262290613446,-5.2442270771280164e-05,0.2267966173169079,-2.714779703133979e-05
encodec_ft_encodec_ft_53tet,3.0kbps,24000,20260826,935.0,226.4,388.5339387862438,226.4Hz_+49.6c,4,226.38044686557149,388.5687517144005,226.40000349023634,388.5339328394486,75.45633171095987,129.52284139433752,1902.0425796792836,1901.95601461186,0,935.3046381399879,934.9999468130842,0.304638139987901,-5.3186915806691104e-05,0.1551129016786163,-2.6497799615933627e-05
encodec_ft_encodec_ft_53tet,3.0kbps,24000,20260826,940.0,220.0,378.6426323875052,220Hz_ongrid,0,219.9915365328616,378.67135647390955,220.00000094089617,378.6426259043006,109.97979213268366,75.7255547930167,1200.2514681786827,2786.512978647466,0,940.1979299889458,939.9999629532763,0.19792998894581615,-3.7046723718958674e-05,0.13132760563468487,-2.964258046511584e-05
encodec_ft_encodec_ft_53tet,3.0kbps,24000,20260826,940.0,220.0,378.6426323875052,220Hz_ongrid,1,220.0161121986872,378.6829028206165,220.0000009183409,378.6426258766085,110.00237975504783,75.73634338176728,1200.089332858081,2786.319135535717,0,940.0573289237431,939.9999630041553,0.0573289237430572,-3.6995844652665255e-05,0.18411513093769563,-2.9769194362206945e-05
encodec_ft_encodec_ft_53tet,3.0kbps,24000,20260826,940.0,220.0,378.6426323875052,220Hz_ongrid,2,220.02616914115438,378.63247601302925,220.0000009575002,378.64262583438614,73.3435636974028,75.72697884277947,1901.9194211194924,2786.3026570786983,0,939.7476431349679,939.9999625029517,-0.252356865032084,-3.7497048310797254e-05,-0.046437710982165606,-2.9962244122718448e-05
encodec_ft_encodec_ft_53tet,3.0kbps,24000,20260826,940.0,220.0,378.6426323875052,220Hz_ongrid,3,220.03529775025035,378.598131453276,220.00000094298292,378.6426259003161,73.34281250030146,75.71485294468702,1902.0089780341582,2786.422853858746,0,939.5187759888927,939.9999629186374,-0.48122401110731516,-3.708136262048356e-05,-0.20347962318044122,-2.9660798480092122e-05
encodec_ft_encodec_ft_53tet,3.0kbps,24000,20260826,940.0,220.0,378.6426323875052,220Hz_ongrid,4,219.9893236310387,378.70504212167094,220.0000009567195,378.64262583664583,109.9878797632455,75.7400382383095,1200.1067477422391,2786.335889828322,0,940.3693439747823,939.9999625194268,0.3693439747822822,-3.748057315533515e-05,0.28532696583622313,-2.9951912303242504e-05
encodec_ft_encodec_ft_53tet,3.0kbps,24000,20260826,940.0,226.4,389.65769078423267,226.4Hz_+49.6c,0,226.345679713927,389.71851877746263,226.40000351910317,389.6576947439661,75.44583056642628,97.42905851314671,1902.0176290815434,2400.010149389627,0,940.6856611783688,939.9999906830874,0.6856611783688322,-9.316912610302097e-06,0.27023532906961045,1.7592942390470558e-05
encodec_ft_encodec_ft_53tet,3.0kbps,24000,20260826,940.0,226.4,389.65769078423267,226.4Hz_+49.6c,1,226.4294369101211,389.6297499811502,226.40000334945967,389.657694749151,75.47629494306983,97.4066440877683,1901.9592219704268,2400.014101384263,0,939.6507723010702,939.9999920033526,-0.34922769892978067,-7.996647354957531e-06,-0.12414435840996854,1.7615978614636423e-05
encodec_ft_encodec_ft_53tet,3.0kbps,24000,20260826,940.0,226.4,389.65769078423267,226.4Hz_+49.6c,2,226.30694598151308,389.6667649575733,226.40000350062277,389.65769474200704,75.42970775472288,97.415790632725,1902.091348912691,2400.0160051436396,0,940.7520268680945,939.9999908156991,0.7520268680945037,-9.184300893139152e-06,0.04031573175817334,1.7584238168199883e-05
encodec_ft_encodec_ft_53tet,3.0kbps,24000,20260826,940.0,226.4,389.65769078423267,226.4Hz_+49.6c,3,226.41013540168132,389.6404779756847,226.40000352690544,389.6576947164473,75.46764908254836,97.40879461439725,1902.0099656068903,2400.023546754208,0,939.8460208792394,939.9999905011601,-0.15397912076059583,-9.498839858679275e-06,-0.07647753180420329,1.7470677340474664e-05
encodec_ft_encodec_ft_53tet,3.0kbps,24000,20260826,940.0,226.4,389.65769078423267,226.4Hz_+49.6c,4,226.3355154095202,389.66677201492706,226.40000338823828,389.65769474092247,75.44360633929556,97.41627319054417,1901.9909238067933,2400.0074606972194,0,940.5335176713182,939.9999916702616,0.5335176713182364,-8.329738420798094e-06,0.04034708657739547,1.757941957410178e-05
encodec_ft_encodec_ft_53tet,3.0kbps,24000,20260826,945.0,220.0,379.73777587998484,220Hz_ongrid,0,220.01570843766112,379.7696003109729,220.000000949071,379.7377688932635,110.00240508265428,75.95243527110506,1200.0857571834902,2786.347557358537,0,945.0214731578787,944.9999606788891,0.02147315787874504,-3.93211108757896e-05,0.14508230012784643,-3.185263822408348e-05
encodec_ft_encodec_ft_53tet,3.0kbps,24000,20260826,945.0,220.0,379.73777587998484,220Hz_ongrid,1,220.01012712535612,379.7262351706861,220.0000009276171,379.7377689074754,73.33273049103875,75.93826442996036,1902.0489236695125,2786.4728953585222,0,944.8676938139237,944.9999609125076,-0.1323061860763346,-3.908749238235032e-05,-0.05261518281104846,-3.178784571842643e-05
encodec_ft_encodec_ft_53tet,3.0kbps,24000,20260826,945.0,220.0,379.73777587998484,220Hz_ongrid,2,220.0191299314344,379.7477439507714,220.0000009581581,379.7377689092571,73.34342812323155,75.94927848240177,1901.8672337070143,2786.319875413193,0,944.8949125027302,944.9999606802957,-0.1050874972697784,-3.931970434223331e-05,0.045444088398195685,-3.1779722917828635e-05
encodec_ft_encodec_ft_53tet,3.0kbps,24000,20260826,945.0,220.0,379.73777587998484,220Hz_ongrid,3,219.99488629541688,379.7293341600918,220.0000009340777,379.73776891694445,109.994302197144,75.9387921502149,1200.0494356781928,2786.47499322136,0,945.0017550247696,944.9999609048372,0.001755024769636293,-3.90951628332914e-05,-0.038486440607834634,-3.174467614986331e-05
encodec_ft_encodec_ft_53tet,3.0kbps,24000,20260826,945.0,220.0,379.73777587998484,220Hz_ongrid,4,220.00213664393087,379.72060735047205,220.00000091639146,379.7377689445568,73.33695573335163,75.93380462075501,1901.886300004735,2786.5489143491004,0,944.9049127793213,944.9999611699,-0.09508722067869257,-3.883010003846721e-05,-0.07827352630846489,-3.1618790711828005e-05
encodec_ft_encodec_ft_53tet,3.0kbps,24000,20260826,945.0,226.4,390.7846929964935,226.4Hz_+49.6c,0,226.4126873950534,390.80736296089736,226.40000342420572,390.78469719137695,75.46817056155359,97.70136645515308,1902.0175164599245,2400.008404145215,0,945.0034132140916,944.999992399761,0.0034132140915517084,-7.600238973282103e-06,0.10042838582864493,1.8583954787747527e-05
encodec_ft_encodec_ft_53tet,3.0kbps,24000,20260826,945.0,226.4,390.7846929964935,226.4Hz_+49.6c,1,226.2616852963706,390.76665165595335,226.40000351818725,390.7846972888773,75.41356603177957,97.6907645671732,1902.1155912109,2400.015920045772,0,945.978059533609,944.9999921130445,0.9780595336089846,-7.886955472713453e-06,-0.07992765479365951,1.90158957151001e-05
encodec_ft_encodec_ft_53tet,3.0kbps,24000,20260826,945.0,226.4,390.7846929964935,226.4Hz_+49.6c,2,226.36215824384166,390.7548149359746,226.40000343735525,390.7846972215244,75.45281794080896,130.25118569893945,1901.983332778336,1901.9605737141335,0,945.1570229890009,944.9999924327668,0.15702298900089318,-7.567233183181088e-06,-0.13236929212314388,1.8717512300379873e-05
encodec_ft_encodec_ft_53tet,3.0kbps,24000,20260826,945.0,226.4,390.7846929964935,226.4Hz_+49.6c,3,226.3943666919722,390.7782471933276,226.40000349250016,390.78469717654446,75.4611259004169,130.25895250879412,1902.0390355386517,1901.9611574082028,0,945.0145211812634,944.9999918118173,0.014521181263376093,-8.188182732737914e-06,-0.028556097892616622,1.8518244694497735e-05
encodec_ft_encodec_ft_53tet,3.0kbps,24000,20260826,945.0,226.4,390.7846929964935,226.4Hz_+49.6c,4,226.34764917006663,390.803186747774,226.40000343057238,390.78469729806875,75.44563645853054,130.26683657820632,1902.0371467991401,1901.9668599094139,0,945.4822903939331,944.9999928237369,0.4822903939331127,-7.176263125074911e-06,0.08192811773949504,1.905661523776471e-05
encodec_ft_encodec_ft_53tet,3.0kbps,24000,20260826,950.0,220.0,380.8360868427029,220Hz_ongrid,0,220.02146715098615,380.8305592397913,220.00000093552762,380.83607969634545,73.3434692590021,76.16526242482608,1901.884653176535,2786.333021118584,0,949.8059499703953,949.9999601516402,-0.1940500296046821,-3.984835984738311e-05,-0.02512798589705909,-3.248646307842354e-05
encodec_ft_encodec_ft_53tet,3.0kbps,24000,20260826,950.0,220.0,380.8360868427029,220Hz_ongrid,1,220.0333451166995,380.83910377603826,220.0000009491834,380.83607985918866,110.01158048933658,76.1683880608249,1200.0801311934742,2786.3008195069087,0,949.7513335222823,949.9999607844446,-0.24866647771773387,-3.9215555375449185e-05,0.013714553863105357,-3.174619784154906e-05
encodec_ft_encodec_ft_53tet,3.0kbps,24000,20260826,950.0,220.0,380.8360868427029,220Hz_ongrid,2,220.0047314378794,380.8494824815672,220.00000092833534,380.83607987129983,73.33717362778755,76.17076308114804,1901.901575024256,2786.2940177288688,0,950.0236614104045,949.9999610035591,0.02366141040454295,-3.899644093507959e-05,0.06089385711678036,-3.169114189465842e-05
encodec_ft_encodec_ft_53tet,3.0kbps,24000,20260826,950.0,220.0,380.8360868427029,220Hz_ongrid,3,220.0253682659613,380.8205668376162,220.00000094763539,380.8360798458807,110.00874253529169,76.16062300295053,1200.062028759934,2786.3930527580046,0,949.7298289180355,949.9999607361301,-0.27017108196446316,-3.926386989405728e-05,-0.07055347346264793,-3.1806694167772824e-05
encodec_ft_encodec_ft_53tet,3.0kbps,24000,20260826,950.0,220.0,380.8360868427029,220Hz_ongrid,4,220.0380281799687,380.8836805032784,220.00000095186903,380.83607975472245,73.35046920552128,76.17479977157042,1901.8497361881928,2786.357720494943,0,949.9171141840455,949.9999602884203,-0.08288581595445521,-3.971157968862826e-05,0.21634141411981075,-3.222108846694133e-05
encodec_ft_encodec_ft_53tet,3.0kbps,24000,20260826,950.0,226.4,391.9149548235815,226.4Hz_+49.6c,0,226.39152097834435,391.9231678440172,226.4000036343505,391.9149498682066,75.45810552844897,130.64066032320164,1902.0865692324942,1901.9602436289554,0,950.101118126166,949.9999503191387,0.10111812616605675,-4.968086125245463e-05,0.036279584299839074,-2.1889733377026757e-05
encodec_ft_encodec_ft_53tet,3.0kbps,24000,20260826,950.0,226.4,391.9149548235815,226.4Hz_+49.6c,1,226.39315437220174,391.9131710173594,226.40000351948157,391.914949845684,75.4635167540488,97.9782121334943,1901.9749146738977,2400.0014245360517,0,950.0444681404515,949.9999510980274,0.044468140451499494,-4.8901972604653565e-05,-0.007879753141994609,-2.1989223989135398e-05
encodec_ft_encodec_ft_53tet,3.0kbps,24000,20260826,950.0,226.4,391.9149548235815,226.4Hz_+49.6c,2,226.40825748948131,391.92172138477855,226.40000344035704,391.91494984287795,75.46848928521973,130.63993445736048,1901.9763319725823,1901.9634733149396,0,949.9667479928002,949.9999516906806,-0.033252007199848777,-4.8309319367945136e-05,0.029890158231282903,-2.2001619327806743e-05
encodec_ft_encodec_ft_53tet,3.0kbps,24000,20260826,950.0,226.4,391.9149548235815,226.4Hz_+49.6c,3,226.35511428065382,391.89797859693516,226.40000344069531,391.9149498565549,75.44837016432622,97.9742005115377,1902.031514623932,2400.005197495131,0,950.2682739277124,949.9999517485102,0.26827392771235736,-4.825148982945393e-05,-0.07499192816636645,-2.1941203151657753e-05
encodec_ft_encodec_ft_53tet,3.0kbps,24000,20260826,950.0,226.4,391.9149548235815,226.4Hz_+49.6c,4,226.36851389381826,391.91024294743636,226.40000343521385,391.9149498669173,75.45421997957212,130.63611102974733,1901.999771656446,1901.9634375410062,0,950.2199702621857,949.9999518362005,0.21997026218571136,-4.816379953354044e-05,-0.02081423368580114,-2.1895428620942852e-05
encodec_ft_encodec_ft_53tet,3.0kbps,24000,20260826,955.0,220.0,381.93757443689526,220Hz_ongrid,0,220.0068632705043,381.9494688759133,220.0000009308876,381.93756750023584,109.99335873979284,95.48616418509701,1200.1585344911105,2400.021811747442,0,954.9999059623309,954.9999612323551,-9.403766910054401e-05,-3.876764492360962e-05,0.05391388165166448,-3.1442261406323096e-05
encodec_ft_encodec_ft_53tet,3.0kbps,24000,20260826,955.0,220.0,381.93757443689526,220Hz_ongrid,1,219.99955075605627,381.9187608294807,220.00000091777196,381.9375675096829,73.33371898710152,109.11700235890582,1901.94236126201,2168.867848802514,0,954.9182554145758,954.9999613783866,-0.08174458542418961,-3.862161338474834e-05,-0.08527979999564318,-3.1399440306510004e-05
encodec_ft_encodec_ft_53tet,3.0kbps,24000,20260826,955.0,220.0,381.93757443689526,220Hz_ongrid,2,220.02017535893606,381.94675526899755,220.00000094237436,381.9375675203071,110.00344143739578,76.39017527940744,1200.1045953912333,2786.2950343012726,0,954.8828564963259,954.9999612329411,-0.11714350367412862,-3.876705886796117e-05,0.04161407301309913,-3.13512831950054e-05
encodec_ft_encodec_ft_53tet,3.0kbps,24000,20260826,955.0,220.0,381.93757443689526,220Hz_ongrid,3,220.02411301162766,381.92053302531724,220.0000009530437,381.9375675144353,73.35156130479433,76.37748476135502,1901.7144739951289,2786.4638034416753,0,954.7330127134716,954.9999611223661,-0.2669872865284333,-3.887763386956067e-05,-0.07724647204677161,-3.137789867238894e-05
encodec_ft_encodec_ft_53tet,3.0kbps,24000,20260826,955.0,220.0,381.93757443689526,220Hz_ongrid,4,219.99424871130176,381.94001331835517,220.00000092219472,381.9375675123237,109.99392107195855,76.38199028465283,1200.0504169048027,2786.4499819247685,0,955.0563137415179,954.999961355553,0.05631374151789714,-3.864444704504422e-05,0.011054846202404229,-3.138746993433907e-05
encodec_ft_encodec_ft_53tet,3.0kbps,24000,20260826,955.0,226.4,393.04848569324133,226.4Hz_+49.6c,0,226.41781394679796,393.0230771455459,226.40000357983308,393.04848888455547,75.46962750866092,131.00699636174147,1902.0232935696129,1901.9641986223082,0,954.7518668592149,954.9999866823209,-0.24813314078505755,-1.3317679076862987e-05,-0.1119189269844769,1.4056565222565525e-05
encodec_ft_encodec_ft_53tet,3.0kbps,24000,20260826,955.0,226.4,393.04848569324133,226.4Hz_+49.6c,1,226.39137572489696,393.0376620435439,226.4000035206845,393.04848891508004,75.45932947917439,131.01130960680524,1902.0573776142019,1901.971444871423,0,955.0182744536264,954.9999872690677,0.018274453626418108,-1.2730932326121547e-05,-0.047674853313427065,1.419101456947849e-05
encodec_ft_encodec_ft_53tet,3.0kbps,24000,20260826,955.0,226.4,393.04848569324133,226.4Hz_+49.6c,2,226.40160284352288,393.02175069020217,226.40000343977093,393.0484889057813,75.46785054282854,131.0065769360966,1901.9400990788308,1901.9638983305317,0,954.8699815673602,954.9999878468393,-0.13001843263975843,-1.2153160696470877e-05,-0.11776186258909746,1.415005709618068e-05
encodec_ft_encodec_ft_53tet,3.0kbps,24000,20260826,955.0,226.4,393.04848569324133,226.4Hz_+49.6c,3,226.3577121896661,393.0735411089873,226.40000344586053,393.0484888218671,75.45042017557088,131.02389626467198,1902.0043453195601,1901.9631591308735,0,955.4337527325247,954.9999874306624,0.43375273252468105,-1.2569337627610366e-05,0.11035637569920949,1.3780446133563217e-05
encodec_ft_encodec_ft_53tet,3.0kbps,24000,20260826,955.0,226.4,393.04848569324133,226.4Hz_+49.6c,4,226.39390814507604,392.99881490143264,226.400003416364,393.0484888623618,75.46502960627163,130.99915799747163,1901.9459722777176,1901.9609078330946,0,954.827788385007,954.9999878345803,-0.17221161499298887,-1.2165419661869237e-05,-0.21879539837550924,1.395881022898842e-05
encodec_ft_encodec_ft_53tet,3.0kbps,24000,20260826,960.0,220.0,383.04224785029464,220Hz_ongrid,0,220.02089055747845,383.0022013030892,220.0000009224655,383.0422421617127,110.00458086963944,95.74892200835716,1200.0922906484284,2400.0294413192632,0,959.6546072428272,959.9999670302382,-0.34539275717281726,-3.296976183264633e-05,-0.18100763267570566,-2.5710654284232638e-05
encodec_ft_encodec_ft_53tet,3.0kbps,24000,20260826,960.0,220.0,383.04224785029464,220Hz_ongrid,1,220.01713141940965,383.0868692726958,220.00000094258667,383.0422421180147,110.00345895675048,95.77242194759727,1200.0803681945088,2399.9872626909464,0,960.0668573646061,959.9999666743981,0.0668573646061077,-3.332560186208866e-05,0.20166346413296782,-2.5908155910239075e-05
encodec_ft_encodec_ft_53tet,3.0kbps,24000,20260826,960.0,220.0,383.04224785029464,220Hz_ongrid,2,220.01821559321954,383.0447565141382,220.0000009538704,383.0422420648604,109.99938726946176,76.60877008678662,1200.1529805254058,2786.3178090488327,0,959.8680013134875,959.9999663453624,-0.1319986865124747,-3.3654637604740856e-05,0.011338357755551559,-2.6148397332984302e-05
encodec_ft_encodec_ft_53tet,3.0kbps,24000,20260826,960.0,220.0,383.04224785029464,220Hz_ongrid,3,219.9993993428884,383.0440236934917,220.00000094620898,383.0422422313363,109.99593498287183,76.60603836940943,1200.0592516942575,2786.376230427964,0,960.0127529754584,959.9999671580722,0.012752975458397486,-3.284192780483863e-05,0.008026250626829374,-2.5395977017115516e-05
encodec_ft_encodec_ft_53tet,3.0kbps,24000,20260826,960.0,220.0,383.04224785029464,220Hz_ongrid,4,220.03087316030133,383.05878298889405,220.00000094374482,383.0422420292569,110.01093092799903,76.60253472203631,1200.070903669479,2786.5221177306025,0,959.8318007285909,959.9999662641261,-0.16819927140909385,-3.373587389887689e-05,0.07473216665035164,-2.6309314162028964e-05
encodec_ft_encodec_ft_53tet,3.0kbps,24000,20260826,960.0,226.4,394.18529506048503,226.4Hz_+49.6c,0,226.36694286332184,394.06736262779117,226.40000335875936,394.18529215719116,75.45205036153745,131.3549799253575,1902.0375373871827,1901.965645076717,0,959.73477112143,959.9999615651989,-0.26522887857004207,-3.8434801126641105e-05,-0.5180284328911592,-1.2751062288112924e-05
encodec_ft_encodec_ft_53tet,3.0kbps,24000,20260826,960.0,226.4,394.18529506048503,226.4Hz_+49.6c,1,226.37452587740668,394.2704288410484,226.4000034598799,394.1852921660964,75.45464175063806,131.42307702696087,1902.0360726795952,1901.9602602157715,0,960.5686675115942,959.9999608310623,0.5686675115941853,-3.916893774658092e-05,0.37386119661988554,-1.2711950948886392e-05
encodec_ft_encodec_ft_53tet,3.0kbps,24000,20260826,960.0,226.4,394.18529506048503,226.4Hz_+49.6c,2,226.36583861029706,394.1398678484709,226.40000348173413,394.18529216123926,75.45485089602451,131.37885841394964,1901.9648355589738,1901.9694634888594,0,960.0617201904987,959.9999606426152,0.06172019049870414,-3.93573848214146e-05,-0.19952461238174501,-1.2733283270885894e-05
encodec_ft_encodec_ft_53tet,3.0kbps,24000,20260826,960.0,226.4,394.18529506048503,226.4Hz_+49.6c,3,226.402081797755,394.1193733786044,226.40000334159947,394.1852921573711,75.46687007656331,131.37258020576488,1901.9662535756058,1901.9621730523431,0,959.6945334004579,959.9999616972074,-0.30546659954211464,-3.830279263183911e-05,-0.28954759518423523,-1.275027174651449e-05
encodec_ft_encodec_ft_53tet,3.0kbps,24000,20260826,960.0,226.4,394.18529506048503,226.4Hz_+49.6c,4,226.3986323565773,394.07748332712987,226.4000034740612,394.1852921502261,75.46353609753415,131.35844399227625,1902.0163606836852,1901.9644520551071,0,959.5368918155275,959.9999606529193,-0.4631081844725031,-3.934708070119086e-05,-0.473566302899554,-1.27816523846402e-05
encodec_ft_encodec_ft_53tet,3.0kbps,24000,20260826,965.0,220.0,384.15011629720715,220Hz_ongrid,0,220.00938863214122,384.1614856023647,220.00000094426247,384.1501139103587,73.33903775107731,76.83222194857487,1901.894217585324,2786.315407686548,0,964.9773569606535,964.9999818126519,-0.0226430393464625,-1.8187348132414627e-05,0.05123683712609594,-1.0756714966714786e-05
encodec_ft_encodec_ft_53tet,3.0kbps,24000,20260826,965.0,220.0,384.15011629720715,220Hz_ongrid,1,219.98991194497933,384.1756460917937,220.0000009468489,384.1501139443661,109.98932997743829,76.83701312037583,1200.088550999476,2786.2712666747634,0,965.1944374903509,964.9999819455585,0.19443749035087876,-1.8054441511594632e-05,0.11505028682820624,-1.060345503326055e-05
encodec_ft_encodec_ft_53tet,3.0kbps,24000,20260826,965.0,220.0,384.15011629720715,220Hz_ongrid,2,219.98713469564598,384.09697483587206,220.00000092580848,384.15011394095995,109.98603452930232,96.02381382739567,1200.118566192522,2400.0077504102323,0,964.8617361244549,964.9999820957802,-0.1382638755451353,-1.7904219816955447e-05,-0.2395070765357059,-1.0618805532818267e-05
encodec_ft_encodec_ft_53tet,3.0kbps,24000,20260826,965.0,220.0,384.15011629720715,220Hz_ongrid,3,219.98747280586122,384.14181707476945,220.00000094716384,384.1501139282261,109.98739347957614,96.03260331549866,1200.09983660772,2400.051394982629,0,965.0611801954141,964.9999818703427,0.061180195414067384,-1.8129657291865442e-05,-0.037402179669914166,-1.0676192548451442e-05
encodec_ft_encodec_ft_53tet,3.0kbps,24000,20260826,965.0,220.0,384.15011629720715,220Hz_ongrid,4,220.02355824943837,384.19806640905273,220.00000094705442,384.15011394448067,110.00467432683394,96.04748914006011,1200.1118104380103,2400.03654415732,0,965.0307056488308,964.9999819444572,0.03070564883080351,-1.805554279599164e-05,0.2160813762818314,-1.0602938961247626e-05
encodec_ft_encodec_ft_53tet,3.0kbps,24000,20260826,965.0,226.4,395.32539240767136,226.4Hz_+49.6c,0,226.37919233287053,395.3398141603624,226.4000035865762,395.3253927769448,75.45689778334649,76.67901998319297,1902.019998025747,2839.4273411243407,0,965.2222747487251,964.9999741913385,0.22227474872511266,-2.580866146217886e-05,0.06315550273672295,1.6171455661287093e-06
encodec_ft_encodec_ft_53tet,3.0kbps,24000,20260826,965.0,226.4,395.32539240767136,226.4Hz_+49.6c,1,226.38574417169272,395.33275288102783,226.4000034362334,395.3253927813277,75.460614892188,75.56221988817614,1901.984821633956,2864.7965933204914,0,965.1412479595164,964.9999753601729,0.14124795951636315,-2.4639827074679488e-05,0.03223315200968999,1.6363396007621117e-06
encodec_ft_encodec_ft_53tet,3.0kbps,24000,20260826,965.0,226.4,395.32539240767136,226.4Hz_+49.6c,2,226.33920927020822,395.29297561981105,226.400003450505,395.3253927712539,75.44044525971155,98.82383848318035,1902.0917178674622,2399.989583918366,0,965.322949102246,964.9999752069249,0.32294910224595696,-2.4793075112938823e-05,-0.14196747560173475,1.5922238049115503e-06
encodec_ft_encodec_ft_53tet,3.0kbps,24000,20260826,965.0,226.4,395.32539240767136,226.4Hz_+49.6c,3,226.3651835399732,395.3499381033946,226.40000351663616,395.3253927908917,75.45217126708822,98.83855433335168,1902.0213080335163,2399.981261389232,0,965.373743485214,964.9999747872326,0.37374348521404954,-2.5212767354787502e-05,0.10748873164002001,1.6782231208887958e-06
encodec_ft_encodec_ft_53tet,3.0kbps,24000,20260826,965.0,226.4,395.32539240767136,226.4Hz_+49.6c,4,226.36383043033268,395.3224692014729,226.40000338989023,395.3253927620158,75.45163343417164,98.8310660244863,1902.0232999672055,2399.992139635171,0,965.2638017884958,964.9999756299774,0.2638017884958117,-2.4370022629227606e-05,-0.012801537445242532,1.5517676034945466e-06
encodec_ft_encodec_ft_53tet,3.0kbps,24000,20260826,970.0,220.0,385.2611890185895,220Hz_ongrid,0,220.00270285670263,385.2434811737093,220.00000093942367,385.2611920252135,73.33413329702181,128.41379569476888,1901.9573849487697,1901.9644114561079,0,969.8991557665745,970.0000061182001,-0.10084423342550508,6.118200076343783e-06,-0.07957492065531971,1.3510755937048687e-05
encodec_ft_encodec_ft_53tet,3.0kbps,24000,20260826,970.0,220.0,385.2611890185895,220Hz_ongrid,1,220.01194923032497,385.2558272939757,220.0000009610506,385.2611920691286,110.0018804391655,96.31225594999722,1200.0644338529453,2400.030573306388,0,969.8818771719206,970.0000061453521,-0.11812282807943575,6.145352131170512e-06,-0.02409395254552762,1.3708095337041289e-05
encodec_ft_encodec_ft_53tet,3.0kbps,24000,20260826,970.0,220.0,385.2611890185895,220Hz_ongrid,2,220.02116341364746,385.23375764264534,220.0000009571991,385.2611920773924,73.34515919179366,85.61043272335391,1901.8423737084381,2603.8507288482233,0,969.7101961536815,970.0000062127956,-0.28980384631847755,6.2127955970936455e-06,-0.1232717547938673,1.3745230225601436e-05
encodec_ft_encodec_ft_53tet,3.0kbps,24000,20260826,970.0,220.0,385.2611890185895,220Hz_ongrid,3,220.0118378307729,385.22756567318135,220.0000009508794,385.26119202085744,110.00043069708386,96.30436832281556,1200.0863737834188,2400.0453563183146,0,969.7557491221182,970.0000060084776,-0.24425087788176825,6.008477612340357e-06,-0.15109858540209858,1.349118095107007e-05
encodec_ft_encodec_ft_53tet,3.0kbps,24000,20260826,970.0,220.0,385.2611890185895,220Hz_ongrid,4,220.01178519902294,385.22993520364287,220.00000093387655,385.26119204950754,109.99693550907654,85.60595966762867,1200.1409692782897,2603.924008320884,0,969.7668120406379,970.0000062710209,-0.23318795936211245,6.27102087946696e-06,-0.14044981681813504,1.3619924867331486e-05
encodec_ft_encodec_ft_53tet,3.0kbps,24000,20260826,970.0,226.4,396.46878724458486,226.4Hz_+49.6c,0,226.4566694189748,396.41709829695037,226.4000035309137,396.4687875812916,75.48626277921626,99.10161978225709,1901.9388020623092,2400.046376686072,0,969.3409934543209,969.9999744701075,-0.6590065456790626,-2.5529892468512116e-05,-0.22572142565229494,1.4702751241868848e-06
encodec_ft_encodec_ft_53tet,3.0kbps,24000,20260826,970.0,226.4,396.46878724458486,226.4Hz_+49.6c,1,226.39820066965106,396.4371191513803,226.40000358939088,396.46878759447566,75.46247037001906,99.10798146737353,1902.037509021393,2400.0226791208065,0,969.8754706697754,969.9999740805146,-0.1245293302246182,-2.591948543795297e-05,-0.13828849252275502,1.5278449269335749e-06
encodec_ft_encodec_ft_53tet,3.0kbps,24000,20260826,970.0,226.4,396.46878724458486,226.4Hz_+49.6c,2,226.3823690634864,396.4321827730784,226.4000034545228,396.4687875854688,75.4589499868675,73.15526398492791,1901.997208106817,2925.648602981449,0,969.9749796751429,969.9999750724934,-0.0250203248571097,-2.4927506615313177e-05,-0.15984570548242885,1.48851543468402e-06
encodec_ft_encodec_ft_53tet,3.0kbps,24000,20260826,970.0,226.4,396.46878724458486,226.4Hz_+49.6c,3,226.39904825531278,396.45560710251164,226.40000355842162,396.4687875903605,75.46248872632518,72.60918655272232,1902.0435692492908,2938.722401485538,0,969.949723998465,969.9999742993606,-0.05027600153505318,-2.5700639412207238e-05,-0.057553811923275765,1.5098756263188404e-06
encodec_ft_encodec_ft_53tet,3.0kbps,24000,20260826,970.0,226.4,396.46878724458486,226.4Hz_+49.6c,4,226.39364501414687,396.45137720269713,226.40000344651583,396.46878759239917,75.46264416173138,99.10715147366838,1901.998685171999,2400.0994411881834,0,969.9725709981162,969.9999751639834,-0.027429001883774617,-2.483601656422252e-05,-0.07602494845759065,1.518777820428095e-06
encodec_ft_encodec_ft_53tet,3.0kbps,24000,20260826,975.0,220.0,386.3754752821259,220Hz_ongrid,0,219.99456534203475,386.38118894980954,220.00000094182803,386.37548232295853,109.98939097731302,128.79336044410397,1200.124210877187,1901.9599637050094,0,975.0683682499866,975.0000241364089,0.0683682499866336,2.413640891063551e-05,0.0256010630438167,3.1547885301203475e-05
encodec_ft_encodec_ft_53tet,3.0kbps,24000,20260826,975.0,220.0,386.3754752821259,220Hz_ongrid,1,220.00301330577022,386.3821377174997,220.00000093254332,386.37548230751884,109.99086477455579,96.59405080095523,1200.1674929180913,2400.0265905435153,0,975.0061398609105,975.000024140292,0.006139860910479911,2.414029199826473e-05,0.029852141926944586,3.147870435996049e-05
encodec_ft_encodec_ft_53tet,3.0kbps,24000,20260826,975.0,220.0,386.3754752821259,220Hz_ongrid,2,219.99292424071535,386.3473997492265,220.00000094098573,386.37548232727886,109.98664497394485,96.58524888709483,1200.1545189389344,2400.028697650001,0,974.9298790667626,975.0000241623954,-0.07012093323737645,2.4162395448001917e-05,-0.12580271684210612,3.1567243094664927e-05
encodec_ft_encodec_ft_53tet,3.0kbps,24000,20260826,975.0,220.0,386.3754752821259,220Hz_ongrid,3,219.98507112669665,386.3776053371112,220.00000095205195,386.37548227474923,109.98546939084363,85.86410719702022,1200.1112220146142,2603.8612658488228,0,975.127027076965,975.0000238399429,0.12702707696496418,2.383994285537483e-05,0.009544119097106974,3.133187351490286e-05
encodec_ft_encodec_ft_53tet,3.0kbps,24000,20260826,975.0,220.0,386.3754752821259,220Hz_ongrid,4,220.0120529032707,386.36809203496756,220.00000093216232,386.37548233853926,109.99125719658792,128.78938532005023,1200.2324486632913,1901.9547144301287,0,974.8720728816164,975.0000242822833,-0.12792711838358173,2.4282283334287058e-05,-0.033082459470793586,3.161769783000165e-05
encodec_ft_encodec_ft_53tet,3.0kbps,24000,20260826,975.0,226.4,397.615489108515,226.4Hz_+49.6c,0,226.41207879757698,397.6037452002842,226.4000034125479,397.61548971470245,75.47216277948743,99.40114795683164,1901.9212841439805,2399.9963136463884,0,974.8565041826145,974.9999765443158,-0.14349581738554207,-2.345568418604671e-05,-0.05113421034753471,2.6393648565441734e-06
encodec_ft_encodec_ft_53tet,3.0kbps,24000,20260826,975.0,226.4,397.615489108515,226.4Hz_+49.6c,1,226.35756838748708,397.6150902857942,226.4000035400933,397.61548970793405,75.45165948657245,99.40502612666981,1901.9748093340097,2399.9781679936136,0,975.3227596969176,974.9999755395327,0.32275969691761475,-2.4460467329845414e-05,-0.001736491255842256,2.6098947422614155e-06
encodec_ft_encodec_ft_53tet,3.0kbps,24000,20260826,975.0,226.4,397.615489108515,226.4Hz_+49.6c,2,226.32982721742414,397.5761167392946,226.4000033839813,397.6154897254627,75.44209482111748,72.30481887663416,1901.9821001856803,2950.88086480925,0,975.365242565501,974.9999768096092,0.36524256550103473,-2.3190390834315622e-05,-0.17143738877832296,2.686215353501587e-06
encodec_ft_encodec_ft_53tet,3.0kbps,24000,20260826,975.0,226.4,397.615489108515,226.4Hz_+49.6c,3,226.3745179423836,397.59857771731924,226.400003587445,397.61548972489794,75.45270274729855,72.32048765337288,1902.0805011301754,2950.6035422496893,0,975.1212325466755,974.9999752513056,0.12123254667551464,-2.474869438628957e-05,-0.07363445261088956,2.683756275184012e-06
encodec_ft_encodec_ft_53tet,3.0kbps,24000,20260826,975.0,226.4,397.615489108515,226.4Hz_+49.6c,4,226.37909911049428,397.57883905605973,226.40000339810337,397.61548968296046,75.45524976076615,99.39492228284041,1902.0570966803284,2399.996298400244,0,975.0002489865527,974.9999765165643,0.0002489865527195434,-2.3483435711568745e-05,-0.15958317736511926,2.501158658272912e-06
encodec_ft_encodec_ft_53tet,3.0kbps,24000,20260826,980.0,220.0,387.49298438230534,220Hz_ongrid,0,220.03027940734052,387.48862763300366,220.0000009298063,387.4929864403326,73.34837499340304,86.11733556835357,1901.8381974222434,2603.734056619087,0,979.7422751865131,980.0000018779422,-0.25772481348690235,1.8779421679937514e-06,-0.019465114055441036,9.194816340234493e-06
encodec_ft_encodec_ft_53tet,3.0kbps,24000,20260826,980.0,220.0,387.49298438230534,220Hz_ongrid,1,219.98435673135114,387.51709169675684,220.00000094588216,387.4929864243511,73.31997458124263,96.88206780098172,1902.1472943989756,2399.9500562305325,0,980.2308079681195,980.0000016800356,0.23080796811950677,1.6800355524537736e-06,0.10770286712831191,9.123414654720472e-06
encodec_ft_encodec_ft_53tet,3.0kbps,24000,20260826,980.0,220.0,387.49298438230534,220Hz_ongrid,2,220.00658750312624,387.63192359863865,220.00000094363244,387.4929864520001,73.3356837070579,96.91108836496652,1901.9513526541546,2399.9444868890723,0,980.5688009169373,980.0000018212688,0.5688009169373345,1.8212688246421749e-06,0.6206388213471186,9.246944033671648e-06
encodec_ft_encodec_ft_53tet,3.0kbps,24000,20260826,980.0,220.0,387.49298438230534,220Hz_ongrid,3,220.02177459723916,387.5056841628446,220.00000094025256,387.4929864166786,73.34551089470025,77.41828406875372,1901.8388812418707,2788.1654834960036,0,979.8853977407389,980.0000016900573,-0.11460225926111889,1.6900572745726095e-06,0.05673891679967319,9.089135556705818e-06
encodec_ft_encodec_ft_53tet,3.0kbps,24000,20260826,980.0,220.0,387.49298438230534,220Hz_ongrid,4,220.03553143162964,387.46287487823764,220.0000009473602,387.49298645157177,110.01135463224324,77.47358661295297,1200.1008874294107,2786.737978102399,0,979.5858890950856,980.0000017900204,-0.4141109049144234,1.7900204056786606e-06,-0.13452791677313716,9.24503043482555e-06
encodec_ft_encodec_ft_53tet,3.0kbps,24000,20260826,980.0,226.4,398.765507564336,226.4Hz_+49.6c,0,226.32866628931708,398.743275112203,226.40000350404938,398.76550369186555,75.4404060556064,99.6894515865034,1902.0119740082687,2399.936910513765,0,980.4490355821581,979.9999563929897,0.44903558215810335,-4.3607010297819215e-05,-0.0965245248027931,-1.681226841947395e-05
encodec_ft_encodec_ft_53tet,3.0kbps,24000,20260826,980.0,226.4,398.765507564336,226.4Hz_+49.6c,1,226.39746050099396,398.7450950870609,226.40000348600645,398.7655036846025,75.4632750785163,99.68762850773903,1902.0133878030501,2399.976472697594,0,979.9307964227546,979.9999564994278,-0.06920357724538917,-4.350057224655757e-05,-0.08862271065664529,-1.6843800900091047e-05
encodec_ft_encodec_ft_53tet,3.0kbps,24000,20260826,980.0,226.4,398.765507564336,226.4Hz_+49.6c,2,226.40910157546264,398.8267489396019,226.4000034661297,398.76550371872503,75.4692611037835,99.70739357808132,1901.9650809829482,2399.987735616662,0,980.1962615639491,979.9999567995637,0.19626156394906502,-4.3200436266488396e-05,0.2658580331385843,-1.669565843998713e-05
encodec_ft_encodec_ft_53tet,3.0kbps,24000,20260826,980.0,226.4,398.765507564336,226.4Hz_+49.6c,3,226.4324181913684,398.75754697789813,226.4000035329615,398.7655037069777,75.47663539450382,99.69149950670347,1901.9742070271698,2399.963309563146,0,979.717561428027,979.999956237514,-0.28243857197298894,-4.3762486029663705e-05,-0.03456110319016663,-1.674665923281901e-05
encodec_ft_encodec_ft_53tet,3.0kbps,24000,20260826,980.0,226.4,398.765507564336,226.4Hz_+49.6c,4,226.37621070504395,398.73933937434134,226.4000034532786,398.76550367922385,75.4561692592665,99.6861540258431,1902.0139107515988,2399.9770898137735,0,980.0683088795188,979.9999567263396,0.0683088795187814,-4.327366036704916e-05,-0.11361250457953756,-1.6867152149680895e-05
encodec_ft_encodec_ft_53tet,3.0kbps,24000,20260826,985.0,220.0,388.61372564049907,220Hz_ongrid,0,220.02060062727867,388.6264051103753,220.0000009447698,388.6137197528508,110.0028937336538,129.5422587965032,1200.1165614045874,1901.9533469099083,0,984.8943810008598,984.9999663365084,-0.10561899914023343,-3.366349164934945e-05,0.05648480850961185,-2.6228865742195608e-05
encodec_ft_encodec_ft_53tet,3.0kbps,24000,20260826,985.0,220.0,388.61372564049907,220Hz_ongrid,1,220.0141935885687,388.649002418679,220.0000009502089,388.61371972673584,110.00069041767567,97.15892124839561,1200.100823134124,2400.0593233860095,0,985.0454580416657,984.9999661773674,0.04545804166571088,-3.382263264484209e-05,0.15714727430957928,-2.6345205289054984e-05
encodec_ft_encodec_ft_53tet,3.0kbps,24000,20260826,985.0,220.0,388.61372564049907,220Hz_ongrid,2,220.00958729343276,388.5846338041359,220.00000092913731,388.6137197133652,73.33473107217418,129.5280084926778,1901.9974468524194,1901.9577111004155,0,984.7949508959975,984.99996628362,-0.20504910400245535,-3.3716380016812764e-05,-0.12960598043805957,-2.640476999457996e-05
encodec_ft_encodec_ft_53tet,3.0kbps,24000,20260826,985.0,220.0,388.61372564049907,220Hz_ongrid,3,220.00219655198293,388.63698783651023,220.00000094668732,388.6137197229381,109.99450932852761,77.72492667847057,1200.1037021631892,2786.368749219213,0,985.0863424605262,984.999966188161,0.0863424605262253,-3.381183898909512e-05,0.10362758143377322,-2.636212380198124e-05
encodec_ft_encodec_ft_53tet,3.0kbps,24000,20260826,985.0,220.0,388.61372564049907,220Hz_ongrid,4,220.0432692815467,388.60403990580795,220.00000094232507,388.61371967905677,110.01865722472986,97.14892628687204,1200.0468514560616,2400.0371318119605,0,984.6163873866521,984.9999660270018,-0.38361261334785013,-3.397299815333099e-05,-0.04314948636445319,-2.6557610536828718e-05
encodec_ft_encodec_ft_53tet,3.0kbps,24000,20260826,985.0,226.4,399.91885220458636,226.4Hz_+49.6c,0,226.3745990628444,399.8122892559039,226.40000342422528,399.9188560531196,75.45563483711038,99.95586530077186,1902.0138471141547,2399.9516248358113,0,984.7328780490097,984.9999904758158,-0.2671219509902585,-9.524184179099393e-06,-0.46136856914928737,1.6660159444449126e-05
encodec_ft_encodec_ft_53tet,3.0kbps,24000,20260826,985.0,226.4,399.91885220458636,226.4Hz_+49.6c,1,226.38158774794283,400.0239713656518,226.400003527433,399.91885604919645,75.45767700884076,100.00491962710757,1902.0204389055932,2400.0185788377694,0,985.5957976134921,984.9999896696245,0.5957976134920955,-1.0330375516787171e-05,0.45499719862760213,1.6643176158659853e-05
encodec_ft_encodec_ft_53tet,3.0kbps,24000,20260826,985.0,226.4,399.91885220458636,226.4Hz_+49.6c,2,226.3765222290077,399.8046527411843,226.40000358020475,399.918856024272,75.45882444637124,99.98180025620002,1901.9553747551238,2399.469422752359,0,984.6851030877068,984.9999891581928,-0.31489691229319305,-1.0841807238648471e-05,-0.4944358882735823,1.6535278860740502e-05
encodec_ft_encodec_ft_53tet,3.0kbps,24000,20260826,985.0,226.4,399.91885220458636,226.4Hz_+49.6c,3,226.3953111152088,399.9423905287815,226.4000035579581,399.91885601753637,75.46468887888018,100.00066640998868,1901.9645173592653,2399.7391062694437,0,985.1377488489296,984.9999892991503,0.13774884892961836,-1.0700849657041545e-05,0.101893543878041,1.6506120888569846e-05
encodec_ft_encodec_ft_53tet,3.0kbps,24000,20260826,985.0,226.4,399.91885220458636,226.4Hz_+49.6c,4,226.4006082726183,399.9866821610939,226.40000351122967,399.9188560416734,75.46477569307437,100.01862962300102,1902.0030323914766,2399.6198659619945,0,985.2889571673687,984.9999897609612,0.28895716736872146,-1.0239038829240599e-05,0.2936084962260068,1.661060884376425e-05
encodec_ft_encodec_ft_53tet,3.0kbps,24000,20260826,990.0,220.0,389.73770840503863,220Hz_ongrid,0,219.978105477254,389.81025927822003,220.00000094606395,389.7377077335481,73.32539292574725,97.45159578988259,1901.9701641165839,2400.017214790677,0,990.4945465031328,989.9999895723965,0.494546503132824,-1.0427603456264478e-05,0.3222445507161092,-2.98279377342927e-06
encodec_ft_encodec_ft_53tet,3.0kbps,24000,20260826,990.0,220.0,389.73770840503863,220Hz_ongrid,1,220.01142397748634,389.7413763989579,220.00000095711192,389.73770775703656,109.99526100786764,77.72727549211362,1200.16448194483,2791.229098617151,0,989.9263975810718,989.9999895897939,-0.0736024189282034,-1.0410206073174777e-05,0.01629333253110516,-2.8784570828583866e-06
encodec_ft_encodec_ft_53tet,3.0kbps,24000,20260826,990.0,220.0,389.73770840503863,220Hz_ongrid,2,220.0159179420608,389.6977034941661,220.00000093876508,389.7377077364067,110.00424975654387,97.42321120173585,1200.0583742007057,2400.021584877497,0,989.6970294341701,989.9999896425311,-0.30297056582992354,-1.0357468909205636e-05,-0.17771290048135968,-2.970095903294558e-06
encodec_ft_encodec_ft_53tet,3.0kbps,24000,20260826,990.0,220.0,389.73770840503863,220Hz_ongrid,3,220.03395364747698,389.8286471424911,220.0000009492475,389.73770774790665,110.00665736448049,77.20959462768289,1200.1623952746208,2803.185683446503,0,990.1367382416136,989.9999896111257,0.13673824161355697,-1.0388874329692044e-05,0.4039072190598929,-2.9190124624645883e-06
encodec_ft_encodec_ft_53tet,3.0kbps,24000,20260826,990.0,220.0,389.73770840503863,220Hz_ongrid,4,220.00806154884077,389.7216065344751,220.0000009454245,389.73770779031605,73.33588825490565,97.42944964923052,1901.9581231455434,2400.0169158272092,0,989.8650360761883,989.9999898295945,-0.13496392381171063,-1.017040551687387e-05,-0.07152677771103444,-2.7306279190620603e-06
encodec_ft_encodec_ft_53tet,3.0kbps,24000,20260826,990.0,226.4,401.07553264954885,226.4Hz_+49.6c,0,226.3872557681866,401.08105053753906,226.40000344674516,401.0755308639089,75.45996591810092,100.27181188409892,1902.011270159974,2399.973251360223,0,990.1212729348734,989.9999659357745,0.12127293487344559,-3.4064225474139675e-05,0.02381768290137001,-7.707676946306244e-06
encodec_ft_encodec_ft_53tet,3.0kbps,24000,20260826,990.0,226.4,401.07553264954885,226.4Hz_+49.6c,1,226.4289738356992,401.09325528272007,226.40000352574265,401.07553081008143,75.47867512692805,100.27636811908059,1901.9010868955654,2399.9472678756074,0,989.8549549181461,989.9999650993518,-0.1450450818539366,-3.490064818834071e-05,0.07649768091628226,-7.940022176431793e-06
encodec_ft_encodec_ft_53tet,3.0kbps,24000,20260826,990.0,226.4,401.07553264954885,226.4Hz_+49.6c,2,226.4009757117539,401.04086883305206,226.40000341713986,401.0755307713071,75.46520185874932,100.26251815037715,1901.9960654927304,2399.960269150269,0,989.8429068531976,989.9999657624463,-0.1570931468023673,-3.4237553677485266e-05,-0.1496320965791283,-8.107390768861419e-06
encodec_ft_encodec_ft_53tet,3.0kbps,24000,20260826,990.0,226.4,401.07553264954885,226.4Hz_+49.6c,3,226.3979121739072,401.0794804746099,226.40000362094457,401.0755308396225,75.45857295956083,100.27098591709291,1902.1247182948036,2399.980735015396,0,990.0330058680818,989.9999644988759,0.03300586808177286,-3.5501124102665926e-05,0.017040619465684744,-7.812508758770836e-06
encodec_ft_encodec_ft_53tet,3.0kbps,24000,20260826,990.0,226.4,401.07553264954885,226.4Hz_+49.6c,4,226.40793485852893,401.15309427747934,226.40000339206446,401.0755307879176,75.46787237784059,100.29530561509438,1901.988016774607,2399.8786130245817,0,990.2740855965509,989.9999660258916,0.27408559655088993,-3.397410841898818e-05,0.33476075793259774,-8.035691932792872e-06
encodec_ft_encodec_ft_53tet,3.0kbps,24000,20260826,995.0,220.0,390.8649420512935,220Hz_ongrid,0,219.9969182624099,390.7985024360819,220.0000009327023,390.864947585719,73.32990317016927,130.2655581094493,1902.0117300292188,1901.9630993860758,0,994.7299492049641,995.0000171736267,-0.2700507950358997,1.7173626702060574e-05,-0.2943019151001045,2.4513290359291577e-05
encodec_ft_encodec_ft_53tet,3.0kbps,24000,20260826,995.0,220.0,390.8649420512935,220Hz_ongrid,1,220.01848162600464,390.8658517206456,220.00000093429716,390.8649475598072,110.00081455796422,130.28809215731513,1200.132610481013,1901.9619780153969,0,994.8585987908017,995.000017046307,-0.1414012091983068,1.7046306993506732e-05,0.004029137826872948,2.4398520943286544e-05
encodec_ft_encodec_ft_53tet,3.0kbps,24000,20260826,995.0,220.0,390.8649420512935,220Hz_ongrid,2,220.0008285774501,390.84236719436046,220.0000009436398,390.8649475438977,109.99594391901466,97.70984510780343,1200.0703580397299,2400.0132299009715,0,994.89348741972,995.0000169023206,-0.10651258027996846,1.6902320567169227e-05,-0.09999231304072966,2.432805376196614e-05
encodec_ft_encodec_ft_53tet,3.0kbps,24000,20260826,995.0,220.0,390.8649420512935,220Hz_ongrid,3,220.00049050753807,390.8816714888692,220.00000094342053,390.8649475661463,109.99663441848573,130.29329805227138,1200.0568299059323,1901.9628727739216,0,995.0702371632427,995.0000170025904,0.070237163242723,1.700259042536345e-05,0.07409708326343152,2.4426598335511257e-05
encodec_ft_encodec_ft_53tet,3.0kbps,24000,20260826,995.0,220.0,390.8649420512935,220Hz_ongrid,4,219.99310665300305,390.8999962588304,220.00000093347674,390.8649475554553,109.99218488385911,130.29966784332805,1200.0687562163996,1901.959397509488,0,995.2095027746008,995.0000170334874,0.2095027746007645,1.7033487438311568e-05,0.1552564836762465,2.437924502932522e-05
encodec_ft_encodec_ft_53tet,3.0kbps,24000,20260826,995.0,226.4,402.2355585473311,226.4Hz_+49.6c,0,226.3892765380016,402.2576078028156,226.40000367607834,402.23555927060175,75.45991100330323,73.1944828883565,1902.027983249053,2949.9754722026964,0,995.1769001052409,994.9999750027671,0.1769001052408612,-2.499723291293776e-05,0.09489806366906767,3.112979035051539e-06
encodec_ft_encodec_ft_53tet,3.0kbps,24000,20260826,995.0,226.4,402.2355585473311,226.4Hz_+49.6c,1,226.3747963176925,402.18903967146525,226.40000343027359,402.2355592715539,75.45372920728292,73.15871869494778,1902.059078466687,2950.526463977357,0,994.9925078506017,994.9999768864834,-0.007492149398331094,-2.311351659045613e-05,-0.20023023187353797,3.1170768582278454e-06
encodec_ft_encodec_ft_53tet,3.0kbps,24000,20260826,995.0,226.4,402.2355585473311,226.4Hz_+49.6c,2,226.36434529778944,402.14612842328006,226.40000345553847,402.23555925063016,75.4518498183186,73.20057452492463,1902.022272760359,2949.351544809162,0,994.8877128533215,994.9999766032315,-0.11228714667845452,-2.3396768483507913e-05,-0.3849527628864714,3.0270204667306226e-06
encodec_ft_encodec_ft_53tet,3.0kbps,24000,20260826,995.0,226.4,402.2355585473311,226.4Hz_+49.6c,3,226.3954889803063,402.20697199357795,226.40000346543673,402.2355592698376,75.46214550218342,73.20255740195692,1902.0242260261753,2949.566560302308,0,994.9114534126953,994.999976610211,-0.0885465873046769,-2.3389789021166507e-05,-0.12304176704941917,3.1096900129974527e-06
encodec_ft_encodec_ft_53tet,3.0kbps,24000,20260826,995.0,226.4,402.2355585473311,226.4Hz_+49.6c,4,226.41446326119393,402.2554581723719,226.40000352343696,402.2355592673248,75.46895561841076,73.18705588009868,1902.0130862769079,2950.1418969928504,0,994.9750524322436,994.9999761558801,-0.02494756775638507,-2.3844119937166397e-05,0.08564647143426081,3.0988746044546664e-06
encodec_ft_encodec_ft_53tet,3.0kbps,24000,20260826,1000.0,220.0,391.99543598174927,220Hz_ongrid,0,220.0139361762675,392.0191981336381,220.0000009490806,391.99543032294105,110.00439757055729,98.00356724632688,1200.0404539787203,2400.021768227457,0,999.9952778054871,999.999967539524,-0.004722194512851274,-3.246047594984702e-05,0.10494152698590456,-2.4991927609007298e-05
encodec_ft_encodec_ft_53tet,3.0kbps,24000,20260826,1000.0,220.0,391.99543598174927,220Hz_ongrid,1,220.0063859314598,391.99325617022623,220.0000009445284,391.9954303251581,73.33916279927274,97.99782045864968,1901.8676375702858,2400.0087196542713,0,999.9401211781336,999.9999675851378,-0.05987882186639126,-3.241486217575584e-05,-0.009627087653221332,-2.498213588727735e-05
encodec_ft_encodec_ft_53tet,3.0kbps,24000,20260826,1000.0,220.0,391.99543598174927,220Hz_ongrid,2,220.0217479711791,392.0031397817873,220.0000009422138,391.99543034405684,73.34011181641371,130.6669724748947,1901.9661152845133,1901.964815662265,0,999.862891557678,999.9999676868176,-0.13710844232195996,-3.2313182373400196e-05,0.034023227454014815,-2.4898670416312452e-05
encodec_ft_encodec_ft_53tet,3.0kbps,24000,20260826,1000.0,220.0,391.99543598174927,220Hz_ongrid,3,220.00513445994375,392.0483111080348,220.00000093127616,391.9954303350543,109.99757626484333,98.01113154257338,1200.0785502103085,2400.0167138705515,0,1000.1931015312977,999.9999677331291,0.19310153129765695,-3.226687090318592e-05,0.2335053865369728,-2.4938429680868293e-05
encodec_ft_encodec_ft_53tet,3.0kbps,24000,20260826,1000.0,220.0,391.99543598174927,220Hz_ongrid,4,220.0053479175774,391.9951328395535,220.00000095472492,391.9954303318516,109.99797682191344,130.66423548407073,1200.0739256294378,1901.9657169611505,0,999.9565776168583,999.9999675344604,-0.04342238314166025,-3.2465539561599144e-05,-0.0013388173580844661,-2.4952574474868233e-05
encodec_ft_encodec_ft_53tet,3.0kbps,24000,20260826,1000.0,226.4,403.39893957394565,226.4Hz_+49.6c,0,226.40187188234208,403.29543871954024,226.40000360458916,403.39894176251084,75.4653047367941,73.36047364277728,1902.0005581753715,2950.514676319133,0,999.5414430650258,999.9999818289366,-0.45855693497424,-1.8171063402405707e-05,-0.44424309641633064,9.392485181098923e-06
encodec_ft_encodec_ft_53tet,3.0kbps,24000,20260826,1000.0,226.4,403.39893957394565,226.4Hz_+49.6c,1,226.3508254680941,403.3286828820907,226.40000351291593,403.39894176433046,75.44675699203805,73.33803608912008,1902.035728301969,2951.186963181944,0,1000.0745272089646,999.9999825377519,0.07452720896458231,-1.7462248138144787e-05,-0.30154112499907937,9.400294109776358e-06
encodec_ft_encodec_ft_53tet,3.0kbps,24000,20260826,1000.0,226.4,403.39893957394565,226.4Hz_+49.6c,2,226.4110451382093,403.42714652753705,226.40000354115273,403.3989417598276,75.46689116090576,73.38184305087353,1902.0343087207177,2950.575745351933,0,1000.0365913997186,999.9999823025064,0.036591399718645334,-1.76974936039187e-05,0.12104923065557739,9.380969759839566e-06
encodec_ft_encodec_ft_53tet,3.0kbps,24000,20260826,1000.0,226.4,403.39893957394565,226.4Hz_+49.6c,3,226.292270227701,403.4411455346986,226.40000344086167,403.3989418100164,75.42450683727188,73.38260200091861,1902.0984502698004,2950.617913340448,0,1001.0051057552427,999.9999832848025,1.0051057552426528,-1.6715197489247657e-05,0.18112237541070314,9.596361109237242e-06
encodec_ft_encodec_ft_53tet,3.0kbps,24000,20260826,1000.0,226.4,403.39893957394565,226.4Hz_+49.6c,4,226.37080172832333,403.42115804142924,226.40000363721964,403.398941812448,75.45410654311893,73.39302247537715,1902.0198713060395,2950.286320306555,0,1000.3186380964672,999.9999817937291,0.3186380964672253,-1.820627085180604e-05,0.09535054357010174,9.606796335084072e-06
encodec_ft_encodec_ft_53tet,3.0kbps,24000,20260826,1005.0,220.0,393.1291996260866,220Hz_ongrid,0,219.98962154736066,393.07204193552116,220.000000945518,393.12920044821436,109.98600492368512,131.0232924857539,1200.1386028804604,1901.9645340511108,0,1004.8299473000314,1004.9999961799138,-0.17005269996855077,-3.82008624910668e-06,-0.25172521999753017,3.620427163406906e-06
encodec_ft_encodec_ft_53tet,3.0kbps,24000,20260826,1005.0,220.0,393.1291996260866,220Hz_ongrid,1,219.99177739899287,393.11389706682473,220.0000009374113,393.1292004726886,109.99255323937493,131.0371864087056,1200.0524978683536,1901.9652965112546,0,1004.9973172569751,1004.999996351485,-0.0026827430249340978,-3.648514962151239e-06,-0.06738961969076399,3.7282049102542932e-06
encodec_ft_encodec_ft_53tet,3.0kbps,24000,20260826,1005.0,220.0,393.1291996260866,220Hz_ongrid,2,220.0437454440512,393.170555091965,220.00000094860243,393.1292004636509,73.35845693781964,98.29244452010926,1901.706200418396,2400.003421390858,0,1004.8378992172804,1004.9999962236197,-0.16210078271956263,-3.7763802538393065e-06,0.1821086431229736,3.688405283182027e-06
encodec_ft_encodec_ft_53tet,3.0kbps,24000,20260826,1005.0,220.0,393.1291996260866,220Hz_ongrid,3,220.01826481222162,393.20287594691115,220.0000009283766,393.12920045673764,110.00218047939399,131.06675227409693,1200.1094072126107,1901.966532654956,0,1005.1806957467493,1004.9999963523378,0.18069574674927935,-3.6476621971814893e-06,0.32442007532701345,3.6579614553990847e-06
encodec_ft_encodec_ft_53tet,3.0kbps,24000,20260826,1005.0,220.0,393.1291996260866,220Hz_ongrid,4,220.00352576101199,393.1513875792367,220.0000009466983,393.1292004455714,109.9971295929463,131.04956124701977,1200.0729213233162,1901.9669072021327,0,1005.0699620951923,1004.9999961589871,0.06996209519229524,-3.841012926386611e-06,0.0977069524744483,3.6087883461204857e-06
encodec_ft_encodec_ft_53tet,3.0kbps,24000,20260826,1005.0,226.4,404.5656854333909,226.4Hz_+49.6c,0,226.3781006685449,404.6189091110381,226.400003450095,404.5656835975509,75.45665065975699,73.59181706301432,1902.017319359063,2950.7357774862367,0,1005.3952097258403,1004.9999657618343,0.3952097258403455,-3.423816565373272e-05,0.22774196076767642,-7.856001808747007e-06
encodec_ft_encodec_ft_53tet,3.0kbps,24000,20260826,1005.0,226.4,404.5656854333909,226.4Hz_+49.6c,1,226.34314741652682,404.5231648571082,226.4000034546176,404.56568359453445,75.44413954104627,73.56218594985681,1902.0370642848236,2951.023277065688,0,1005.2528292061126,1004.9999657143429,0.2528292061125512,-3.428565707963571e-05,-0.181965353960448,-7.868909951834223e-06
encodec_ft_encodec_ft_53tet,3.0kbps,24000,20260826,1005.0,226.4,404.5656854333909,226.4Hz_+49.6c,2,226.41770653834274,404.4558702887729,226.40000344192114,404.5656835762207,75.4735077264879,73.54759417970459,1901.9334644106775,2951.078694225793,0,1004.3946177982705,1004.999965733061,-0.6053822017295261,-3.42669389965522e-05,-0.46998925378139284,-7.947278898524183e-06
encodec_ft_encodec_ft_53tet,3.0kbps,24000,20260826,1005.0,226.4,404.5656854333909,226.4Hz_+49.6c,3,226.3999499637881,404.56845631939797,226.40000354496252,404.5656836015624,75.46423826634131,73.56717975434498,1902.010327572581,2951.099577998112,0,1005.0122398648932,1004.9999650535684,0.0122398648932176,-3.494643158319377e-05,0.011857248270489064,-7.838835542994671e-06
encodec_ft_encodec_ft_53tet,3.0kbps,24000,20260826,1005.0,226.4,404.5656854333909,226.4Hz_+49.6c,4,226.39505179391037,404.4598470491698,226.4000034523041,404.5656836055958,75.46170301663172,73.58308972139406,1902.0310343070955,2950.2603896162045,0,1004.5848711226422,1004.9999657793678,-0.4151288773578017,-3.422063218749827e-05,-0.45296720103461835,-7.821575865325235e-06
encodec_ft_encodec_ft_53tet,3.0kbps,24000,20260826,1010.0,220.0,394.26624244125907,220Hz_ongrid,0,220.01257010043147,394.28213712042265,220.0000009338585,394.26624575035714,110.00063758792008,131.42701263241807,1200.0888797398009,1901.9598273970769,0,1009.9708781892939,1010.0000071815797,-0.029121810706101314,7.181579690040962e-06,0.06979257198128123,1.4530341619466275e-05
encodec_ft_encodec_ft_53tet,3.0kbps,24000,20260826,1010.0,220.0,394.26624244125907,220Hz_ongrid,1,219.9940035130733,394.31928144451695,220.0000009474668,394.2662457614708,73.3308937817746,131.43931503222058,1901.9654056431011,1901.9608680266892,0,1010.2800685482878,1010.0000071232932,0.2800685482877725,7.123293244148954e-06,0.23288007635400604,1.4579142234003937e-05
encodec_ft_encodec_ft_53tet,3.0kbps,24000,20260826,1010.0,220.0,394.26624244125907,220Hz_ongrid,2,220.00236914171182,394.28012146969905,220.00000093497658,394.26624575274406,109.99449072737877,131.4260526935763,1200.1053530687327,1901.963621879014,0,1010.0422988699135,1010.0000071832624,0.04229886991345211,7.18326236892608e-06,0.06094212770574904,1.4540822590213457e-05
encodec_ft_encodec_ft_53tet,3.0kbps,24000,20260826,1010.0,220.0,394.26624244125907,220Hz_ongrid,3,220.00869838431453,394.2706055860837,220.00000092821315,394.266245759227,109.99211910661411,131.42305259329152,1200.1924861858088,1901.9613581640863,0,1009.9507102143914,1010.0000072649519,-0.04928978560860742,7.264951932484109e-06,0.019158584409691738,1.4569289391120568e-05
encodec_ft_encodec_ft_53tet,3.0kbps,24000,20260826,1010.0,220.0,394.26624244125907,220Hz_ongrid,4,219.9966897145579,394.20199424690617,220.00000094906017,394.2662457469624,109.99191830176409,131.39980814777417,1200.1011487651224,1901.9662868203795,0,1009.7439110462024,1010.0000070470476,-0.2560889537976436,7.047047574815224e-06,-0.2821385991861855,1.4515435307246708e-05
encodec_ft_encodec_ft_53tet,3.0kbps,24000,20260826,1010.0,226.4,405.7358058577321,226.4Hz_+49.6c,0,226.41120894671405,405.74290021096823,226.40000356734873,405.7358039980501,75.46679618050261,101.4415507409231,1902.0377401504463,2399.900574081532,0,1009.9445602509279,1009.9999647861442,-0.055439749072093036,-3.5213855767324276e-05,0.03027063011503304,-7.935076918778121e-06
encodec_ft_encodec_ft_53tet,3.0kbps,24000,20260826,1010.0,226.4,405.7358058577321,226.4Hz_+49.6c,1,226.3967802293452,405.7656578561449,226.4000035628437,405.73580400793253,75.46173010275238,81.15865727492366,1902.0436301276973,2786.1958384295017,0,1010.1519918983499,1009.9999648627607,0.15199189834993376,-3.51372392515259e-05,0.127370801949667,-7.892909510761814e-06
encodec_ft_encodec_ft_53tet,3.0kbps,24000,20260826,1010.0,226.4,405.7358058577321,226.4Hz_+49.6c,2,226.4303094328531,405.6966598807892,226.40000344449177,405.7358040037701,75.47783528593072,73.80175484869946,1901.9305619082306,2950.4092785528956,0,1009.601205517169,1009.9999657500127,-0.3987944828310219,-3.4249987265866366e-05,-0.16704002139835838,-7.910670076202389e-06
encodec_ft_encodec_ft_53tet,3.0kbps,24000,20260826,1010.0,226.4,405.7358058577321,226.4Hz_+49.6c,3,226.40155368783326,405.66401814104154,226.40000363598796,405.7358040147661,75.46787294398848,73.78516371390835,1901.939209315048,2950.6592173788285,0,1009.6817812118422,1009.9999643325997,-0.3182187881577647,-3.5667400311467645e-05,-0.30633809889486613,-7.863751345974629e-06
encodec_ft_encodec_ft_53tet,3.0kbps,24000,20260826,1010.0,226.4,405.7358058577321,226.4Hz_+49.6c,4,226.32760390094,405.7749444461768,226.40000355700585,405.7358039957963,75.44227301950369,101.46153615787479,1901.9610043235102,2399.696251891172,0,1010.7206789340049,1009.9999648556173,0.7206789340049227,-3.51443826502873e-05,0.1669923829721353,-7.944693541118148e-06
encodec_ft_encodec_ft_53tet,3.0kbps,24000,20260826,1015.0,220.0,395.4065739115729,220Hz_ongrid,0,219.99214024576838,395.37501187566886,220.00000095767373,395.4065715027036,73.32957104284385,98.84401517643157,1901.9819708664918,2399.99540747937,0,1014.9236558333153,1014.9999819169228,-0.07634416668474842,-1.8083077179653628e-05,-0.138195608562357,-1.0546907379447431e-05
encodec_ft_encodec_ft_53tet,3.0kbps,24000,20260826,1015.0,220.0,395.4065739115729,220Hz_ongrid,1,220.01631190347146,395.38102841100994,220.00000092747626,395.4065715339757,110.00065181399077,98.84564572121647,1200.1180990789408,2399.99319352072,0,1014.7597912603447,1014.9999822914747,-0.2402087396552588,-1.7708525319903856e-05,-0.11185112224957537,-1.04099868433353e-05
encodec_ft_encodec_ft_53tet,3.0kbps,24000,20260826,1015.0,220.0,395.4065739115729,220Hz_ongrid,2,220.03858065997488,395.38803974985177,220.0000009528637,395.40657154172277,73.35130547561138,73.60768229241248,1901.8343453125578,2910.409176609192,0,1014.6152747108807,1014.9999821256141,-0.38472528911927384,-1.7874385889626865e-05,-0.0811512149780337,-1.0376067361596028e-05
encodec_ft_encodec_ft_53tet,3.0kbps,24000,20260826,1015.0,220.0,395.4065739115729,220Hz_ongrid,3,220.0210015180006,395.36486058629976,220.0000009378597,395.4065715322744,73.34782664583747,75.59376445965732,1901.7781385786006,2864.2146145305487,0,1014.6520960122468,1014.999982202316,-0.34790398775317044,-1.7797683995013358e-05,-0.1826457707731125,-1.0417435578823834e-05
encodec_ft_encodec_ft_53tet,3.0kbps,24000,20260826,1015.0,220.0,395.4065739115729,220Hz_ongrid,4,220.0299093313557,395.4012188652245,220.00000092522615,395.4065715551328,73.3486607572834,98.85125350018637,1901.8285407597737,2399.983383368614,0,1014.7412056182742,1014.9999824018149,-0.2587943817258065,-1.759818508162425e-05,-0.023446502822733185,-1.0317353166364362e-05
encodec_ft_encodec_ft_53tet,3.0kbps,24000,20260826,1015.0,226.4,406.9093106071823,226.4Hz_+49.6c,0,226.3849513327721,406.9504885730217,226.40000352043305,406.9093089665877,75.46028565338965,74.0278327053772,1901.9863120515704,2950.4563002131176,0,1015.290264551699,1014.9999660999113,0.29026455169901055,-3.390008873793704e-05,0.17518667629276227,-6.980064614082759e-06
encodec_ft_encodec_ft_53tet,3.0kbps,24000,20260826,1015.0,226.4,406.9093106071823,226.4Hz_+49.6c,1,226.39941809966945,406.8692854483076,226.40000348254142,406.90930897055597,75.46308376138266,73.96426527957617,1902.0327463497356,2951.5980572498784,0,1014.8341504872743,1014.9999664065441,-0.1658495127256856,-3.359345589615259e-05,-0.17029919011116787,-6.9631810827634734e-06
encodec_ft_encodec_ft_53tet,3.0kbps,24000,20260826,1015.0,226.4,406.9093106071823,226.4Hz_+49.6c,2,226.3429409266215,406.91132553411416,226.4000034431599,406.90930892154705,75.44208740792882,73.9908110518836,1902.0825763136588,2951.155700746573,0,1015.4449466185587,1014.9999664991735,0.44494661855867434,-3.3500826475574286e-05,0.008572675491062904,-7.171694164940964e-06
encodec_ft_encodec_ft_53tet,3.0kbps,24000,20260826,1015.0,226.4,406.9093106071823,226.4Hz_+49.6c,3,226.34513715894462,406.96815793896616,226.40000352103743,406.9093088888181,75.44289142376108,73.99552247045575,1902.0809242608134,2951.2872474185942,0,1015.6699290778243,1014.9999657644115,0.6699290778243494,-3.423558848680841e-05,0.25035342197272975,-7.310942694915665e-06
encodec_ft_encodec_ft_53tet,3.0kbps,24000,20260826,1015.0,226.4,406.9093106071823,226.4Hz_+49.6c,4,226.41415472947742,406.9274122937905,226.4000034577092,406.90930888671545,75.47059792848665,73.98891526141644,1901.9730534822236,2951.2684998895365,0,1014.968778710394,1014.9999662397236,-0.031221289606037317,-3.376027643753332e-05,0.0770136203611422,-7.31988851973949e-06
encodec_ft_encodec_ft_53tet,3.0kbps,24000,20260826,1020.0,220.0,396.5502035487653,220Hz_ongrid,0,220.01294800433715,396.6387169030044,220.00000095610392,396.5502079511433,73.32301897025603,72.34773742428166,1902.300404791188,2945.7668463066307,0,1020.2844949104954,1020.0000116958095,0.28449491049536846,1.1695809462253237e-05,0.38638293940029567,1.921962633468053e-05
encodec_ft_encodec_ft_53tet,3.0kbps,24000,20260826,1020.0,220.0,396.5502035487653,220Hz_ongrid,1,220.00964687376867,396.5353777410597,220.00000095197993,396.55020797141924,73.33672484595377,75.37248387025159,1901.9508487340552,2874.4076912918445,0,1019.8593612516743,1020.0000118167816,-0.14063874832572765,1.181678157990973e-05,-0.06472679295504648,1.9308145465041937e-05
encodec_ft_encodec_ft_53tet,3.0kbps,24000,20260826,1020.0,220.0,396.5502035487653,220Hz_ongrid,2,220.01495559999785,396.48886724001926,220.00000094473745,396.55020795131924,110.0042712969828,99.11964824429182,1200.0504628250367,2400.0448622536783,0,1019.6145157818243,1020.000011786023,-0.38548421817574763,1.1786023037529958e-05,-0.26779892761490603,1.922039438821056e-05
encodec_ft_encodec_ft_53tet,3.0kbps,24000,20260826,1020.0,220.0,396.5502035487653,220Hz_ongrid,3,220.02913836927468,396.57492028169275,220.00000093648293,396.5502079387934,110.00724931046462,99.14210212867924,1200.1151923522318,2400.028427126092,0,1019.8786215993171,1020.0000117962952,-0.12137840068294281,1.1796295211752295e-05,0.1079034022599148,1.9165709591929612e-05
encodec_ft_encodec_ft_53tet,3.0kbps,24000,20260826,1020.0,220.0,396.5502035487653,220Hz_ongrid,4,220.02111753731032,396.5265811966615,220.00000091549074,396.5502079447759,110.0076817601548,72.42790665347601,1200.045276019512,2943.3599961897116,0,1019.7306968284298,1020.0000119876061,-0.26930317157018635,1.1987606058028177e-05,-0.1031320575255519,1.919182764047412e-05
encodec_ft_encodec_ft_53tet,3.0kbps,24000,20260826,1020.0,226.4,408.0862094701839,226.4Hz_+49.6c,0,226.36678747287414,408.0592104695881,226.40000349618919,408.0862120830406,75.4514778390298,74.22519434948559,1902.0494854528504,2950.5571624804174,0,1020.1394456611042,1019.9999843499488,0.13944566110421874,-1.5650051182092284e-05,-0.11454230581304875,1.1084585536408564e-05
encodec_ft_encodec_ft_53tet,3.0kbps,24000,20260826,1020.0,226.4,408.0862094701839,226.4Hz_+49.6c,1,226.44856799877428,408.08746119430117,226.4000035300739,408.08621209406897,75.47960634005891,102.02673417820598,1902.0295349070855,2399.917380759087,0,1019.6339605841233,1019.9999841376253,-0.36603941587668487,-1.5862374652897415e-05,0.005310211514471471,1.1131371452059531e-05
encodec_ft_encodec_ft_53tet,3.0kbps,24000,20260826,1020.0,226.4,408.0862094701839,226.4Hz_+49.6c,2,226.4257714715477,408.0547593225209,226.40000344872945,408.0862120869593,75.47161749011995,74.20821153819149,1902.03848872245,2950.9344316161187,0,1019.6695152266619,1019.9999847294879,-0.33048477333807114,-1.527051210814534e-05,-0.13342686763998135,1.1101209782212122e-05
encodec_ft_encodec_ft_53tet,3.0kbps,24000,20260826,1020.0,226.4,408.0862094701839,226.4Hz_+49.6c,3,226.41531902791453,408.06846490631676,226.40000347272124,408.08621211294246,75.47101849555527,74.19904783497861,1901.9723086133195,2951.206375674175,0,1019.8075826883571,1019.9999846562566,-0.19241731164288467,-1.534374337097688e-05,-0.07527983143871746,1.12114389186757e-05
encodec_ft_encodec_ft_53tet,3.0kbps,24000,20260826,1020.0,226.4,408.0862094701839,226.4Hz_+49.6c,4,226.32793336805366,408.08789767438105,226.40000354403296,408.086212101679,75.4409577485776,74.22263021096256,1901.993707329296,2950.7386738750884,0,1020.5583282749054,1019.9999840631676,0.5583282749054206,-1.5936832369334297e-05,0.00716189490029873,1.1163655456020041e-05
encodec_ft_encodec_ft_53tet,3.0kbps,24000,20260826,1025.0,220.0,397.6971408920844,220Hz_ongrid,0,219.9986176354897,397.6578508368458,220.00000094842508,397.6971376634532,109.99065896337382,99.41499828795375,1200.1361418665163,2399.9906732920767,0,1024.8398343714398,1024.999978481904,-0.16016562856020755,-2.1518095991268638e-05,-0.17104382868402268,-1.4054705747595704e-05
encodec_ft_encodec_ft_53tet,3.0kbps,24000,20260826,1025.0,220.0,397.6971408920844,220Hz_ongrid,1,220.02046230958456,397.7287596925486,220.0000009327485,397.69713766155303,110.00468884953233,99.43315915990988,1200.0872216082273,2399.983124503989,0,1024.9766203565002,1024.9999785969953,-0.023379643499765734,-2.140300466635381e-05,0.1376358098042611,-1.4062977507443969e-05
encodec_ft_encodec_ft_53tet,3.0kbps,24000,20260826,1025.0,220.0,397.6971408920844,220Hz_ongrid,2,220.01316255874224,397.7404879189381,220.00000095171484,397.69713772888525,109.99799770190124,99.43587189043433,1200.1350897481773,2399.9869435867745,0,1025.0851093798735,1024.9999787408515,0.08510937987352918,-2.1259148525132332e-05,0.1886856899171571,-1.3769870514978847e-05
encodec_ft_encodec_ft_53tet,3.0kbps,24000,20260826,1025.0,220.0,397.6971408920844,220Hz_ongrid,3,220.01237435122567,397.63662677540833,220.00000094668678,397.6971376687446,73.33870603877615,99.41242310590228,1901.9255421656499,2399.943115593732,0,1024.6391790495472,1024.9999785186174,-0.3608209504527622,-2.1481382646015845e-05,-0.26344687903352126,-1.403167163727024e-05
encodec_ft_encodec_ft_53tet,3.0kbps,24000,20260826,1025.0,220.0,397.6971408920844,220Hz_ongrid,4,220.02318846369172,397.6745451614662,220.0000009491521,397.6971377134255,110.0019450649752,99.41961048707678,1200.1518539840388,2399.9830358339746,0,1024.7191685707385,1024.9999786937196,-0.28083142926152505,-2.130628035956761e-05,-0.09836532757264399,-1.3837168996466997e-05
encodec_ft_encodec_ft_53tet,3.0kbps,24000,20260826,1025.0,226.4,409.26651226349054,226.4Hz_+49.6c,0,226.41181357788625,409.36487585733107,226.40000346631498,409.26651395012397,75.4661392031077,74.44450893014756,1902.0574347562592,2950.9799740405847,0,1025.3257031957678,1024.9999806284159,0.32570319576780093,-1.93715841305675e-05,0.41603682960587396,7.1346107576288044e-06
encodec_ft_encodec_ft_53tet,3.0kbps,24000,20260826,1025.0,226.4,409.26651226349054,226.4Hz_+49.6c,1,226.38387164027978,409.1917180193786,226.40000346129213,409.26651391073443,75.45698798443227,74.4032122464122,1902.0537131284,2951.2081577638987,0,1024.8069193558297,1024.9999805002035,-0.19308064417032256,-1.949979650817113e-05,-0.3164152736213406,6.967989269782745e-06
encodec_ft_encodec_ft_53tet,3.0kbps,24000,20260826,1025.0,226.4,409.26651226349054,226.4Hz_+49.6c,2,226.3598863090213,409.27064547369025,226.4000034655078,409.26651395954684,75.44845345741156,74.42975330694806,1902.0661009533699,2950.9246023525143,0,1025.3242520505726,1024.999980674448,0.3242520505725679,-1.932555210260034e-05,0.01748376151813434,7.174470352765748e-06
encodec_ft_encodec_ft_53tet,3.0kbps,24000,20260826,1025.0,226.4,409.26651226349054,226.4Hz_+49.6c,3,226.43787456519055,409.31175999832186,226.40000355390546,409.2665139510974,75.47898130468896,81.8633397416008,1901.9621161866523,2786.292825115441,0,1024.9017966398424,1024.9999799627474,-0.09820336015764042,-2.0037252625115798e-05,0.19139139632052932,7.1387285701768935e-06
encodec_ft_encodec_ft_53tet,3.0kbps,24000,20260826,1025.0,226.4,409.26651226349054,226.4Hz_+49.6c,4,226.42524973000477,409.2554676176351,226.40000348733548,409.26651395503484,75.4723212211995,74.43244755039264,1902.0183567976424,2950.7977312227113,0,1024.7602108217998,1024.9999804884499,-0.23978917820022616,-1.9511550135575817e-05,-0.04672047284250332,7.15538395332383e-06
encodec_ft_encodec_ft_53tet,3.0kbps,24000,20260826,1030.0,220.0,398.84739550836855,220Hz_ongrid,0,219.99396025168497,398.7906781843023,220.0000009214785,398.8473971476529,73.32734548160524,99.69843078572228,1902.0488373501348,2399.9867812460357,0,1029.8013246133137,1029.9999998641247,-0.19867538668631823,-1.3587532521341927e-07,-0.2462043024260103,7.1154655432760785e-06
encodec_ft_encodec_ft_53tet,3.0kbps,24000,20260826,1030.0,220.0,398.84739550836855,220Hz_ongrid,1,220.03238954219094,398.87059978309753,220.000000954407,398.84739710225955,110.00822011782992,99.71960002996501,1200.1254950844962,2399.9661442167912,0,1029.84585486891,1029.9999994079683,-0.15414513108999017,-5.920317107666051e-07,0.10071737316495416,6.918431365008062e-06
encodec_ft_encodec_ft_53tet,3.0kbps,24000,20260826,1030.0,220.0,398.84739550836855,220Hz_ongrid,2,220.00886979251734,398.8599142624626,220.00000092018402,398.84739715942396,73.3340332769697,99.7166119563423,1902.0082740283633,2399.9716415876333,0,1029.9845407890632,1029.9999999254046,-0.015459210936796808,-7.459539119736291e-08,0.05433795848624627,7.166558786293514e-06
encodec_ft_encodec_ft_53tet,3.0kbps,24000,20260826,1030.0,220.0,398.84739550836855,220Hz_ongrid,3,220.0068224761669,398.8730487110236,220.00000095020266,398.84739707781506,109.9967595238239,99.71991470933476,1200.104687866145,2399.9713102177207,0,1030.0576596119122,1029.9999993349497,0.05765961191218594,-6.650502655247692e-07,0.1113465205542457,6.812327729043589e-06
encodec_ft_encodec_ft_53tet,3.0kbps,24000,20260826,1030.0,220.0,398.84739550836855,220Hz_ongrid,4,220.00202789138868,398.9012244505699,220.00000095420023,398.84739708670105,109.99236801455058,99.7278774113841,1200.1360780061318,2399.9553627587843,0,1030.2176758401965,1029.9999993420622,0.2176758401965344,-6.579377895832295e-07,0.23363374219416438,6.8508983935049785e-06
encodec_ft_encodec_ft_53tet,3.0kbps,24000,20260826,1030.0,226.4,410.4502288322484,226.4Hz_+49.6c,0,226.41344528506215,410.47843423948206,226.40000346126104,410.4502288669145,75.4634494981176,74.62914345143012,1902.13161577491,2951.394473499663,0,1030.0161529611821,1029.9999736786694,0.016152961182115178,-2.6321330551581923e-05,0.11896322685884421,1.4621771188219403e-07
encodec_ft_encodec_ft_53tet,3.0kbps,24000,20260826,1030.0,226.4,410.4502288322484,226.4Hz_+49.6c,1,226.39105980989518,410.53131256870586,226.40000335401737,410.4502288510922,75.46105302468906,74.64550150624841,1902.0154196008584,2951.2380490406213,0,1030.4103336684145,1029.999974432003,0.41033366841452334,-2.5567996999598108e-05,0.3419685309797244,7.948124008080866e-08
encodec_ft_encodec_ft_53tet,3.0kbps,24000,20260826,1030.0,226.4,410.4502288322484,226.4Hz_+49.6c,2,226.42916741854324,410.44511765636287,226.4000034240018,410.45022888322404,75.47493309475576,68.4019886496298,1901.9883991056404,3102.0949821575437,0,1029.755418625699,1029.9999740323751,-0.24458137430110582,-2.5967624878830975e-05,-0.02155851354689374,2.150096302626606e-07
encodec_ft_encodec_ft_53tet,3.0kbps,24000,20260826,1030.0,226.4,410.4502288322484,226.4Hz_+49.6c,3,226.43822471560546,410.4623292156062,226.40000342265952,410.4502288920365,75.4809455539664,74.62679121054413,1901.9197405768157,2951.3811153503343,0,1029.758765503111,1029.9999740798091,-0.24123449688909204,-2.5920190864781034e-05,0.051037337586913874,2.5217950052965035e-07
encodec_ft_encodec_ft_53tet,3.0kbps,24000,20260826,1030.0,226.4,410.4502288322484,226.4Hz_+49.6c,4,226.35625126300437,410.4668409843054,226.4000034411164,410.4502288893025,75.44821759349529,74.63135900230172,1902.0437114806239,2951.2941818847335,0,1030.4046367019537,1029.9999739271414,0.4046367019536774,-2.6072858645420638e-05,0.07006681754019913,2.4064793393991894e-07
encodec_ft_encodec_ft_53tet,3.0kbps,24000,20260826,1035.0,220.0,400.0009769921261,220Hz_ongrid,0,219.99383322104143,399.98454379004585,220.0000009532862,400.0009789131135,109.99077285692842,100.00193506582985,1200.0966988237983,2399.899602720773,0,1034.9774029940604,1035.0000008125335,-0.02259700593958769,8.125334716169164e-07,-0.07112558475475841,8.314176844011743e-06
encodec_ft_encodec_ft_53tet,3.0kbps,24000,20260826,1035.0,220.0,400.0009769921261,220Hz_ongrid,1,219.99756333999747,399.91924936975073,220.0000009262477,400.0009789513371,109.9954832881386,99.98547002803367,1200.0519129076806,2399.9020352150214,0,1034.6654153987943,1035.0000011907407,-0.33458460120573363,1.1907407042599516e-06,-0.3537593835857461,8.479611270008802e-06
encodec_ft_encodec_ft_53tet,3.0kbps,24000,20260826,1035.0,220.0,400.0009769921261,220Hz_ongrid,2,220.00077793110316,399.39629992783813,220.0000009335872,400.0009789355843,109.99594841393693,99.8689208199454,1200.0698887467356,2399.655936958224,0,1032.374810759199,1035.0000010648052,-2.6251892408010917,1.0648052466422087e-06,-2.6190675206532577,8.411432103375409e-06
encodec_ft_encodec_ft_53tet,3.0kbps,24000,20260826,1035.0,220.0,400.0009769921261,220Hz_ongrid,3,219.97492652246953,400.0562493011153,220.00000094258468,400.00097892344246,109.98327226716978,100.0035043832273,1200.065968699047,2400.182766634806,0,1035.436526746752,1035.000000941451,0.4365267467519516,9.414509349880973e-07,0.23920614751083324,8.358881173205455e-06
encodec_ft_encodec_ft_53tet,3.0kbps,24000,20260826,1035.0,220.0,400.0009769921261,220Hz_ongrid,4,220.01231980628037,399.9544056781695,220.00000094210637,400.0009789203007,109.9994332164781,99.9946873224593,1200.1058652084735,2399.894629972148,0,1034.7014792785412,1035.0000009316173,-0.29852072145877173,9.316172508988529e-07,-0.2015758535266627,8.34528339658472e-06
encodec_ft_encodec_ft_53tet,3.0kbps,24000,20260826,1035.0,226.4,411.63736905007886,226.4Hz_+49.6c,0,226.41008890469698,411.7762334300003,226.40000339807563,411.6373712551758,75.46792165088219,74.87005541825853,1902.0033573413289,2951.279803951008,0,1035.506781015219,1034.9999832896515,0.5067810152190759,-1.6710348518245155e-05,0.5839270672174349,9.274033873824782e-06
encodec_ft_encodec_ft_53tet,3.0kbps,24000,20260826,1035.0,226.4,411.63736905007886,226.4Hz_+49.6c,1,226.4177165382465,411.597414464812,226.40000343577188,411.6373712582632,75.4725151731736,74.82939399071792,1901.9563085084344,2951.468307751153,0,1034.6964843909657,1034.9999830143809,-0.30351560903432073,-1.698561914054153e-05,-0.16804619986853023,9.28701851460868e-06
encodec_ft_encodec_ft_53tet,3.0kbps,24000,20260826,1035.0,226.4,411.63736905007886,226.4Hz_+49.6c,2,226.38455517385498,411.4969527053369,226.40000342459885,411.6373712668814,75.45935440767119,74.82602339921651,1902.0046475715667,2951.1236834249057,0,1034.5274539847233,1034.9999831360644,-0.4725460152767482,-1.6863935570654576e-05,-0.5906534401391964,9.323264644619228e-06
encodec_ft_encodec_ft_53tet,3.0kbps,24000,20260826,1035.0,226.4,411.63736905007886,226.4Hz_+49.6c,3,226.411303479957,411.4636798668396,226.40000347793466,411.6373712619249,75.47064847887565,74.80513442847007,1901.9500922073287,2951.467064786968,0,1034.182923482666,1034.9999827073707,-0.8170765173340442,-1.7292629308940377e-05,-0.730643297897122,9.302418795237498e-06
encodec_ft_encodec_ft_53tet,3.0kbps,24000,20260826,1035.0,226.4,411.63736905007886,226.4Hz_+49.6c,4,226.30068052877553,411.7272028899524,226.40000342916477,411.6373712578837,75.43052513314449,74.86639583482349,1902.0246578678384,2951.1582754816127,0,1036.1374174326738,1034.9999830633076,1.1374174326738284,-1.6936692418312305e-05,0.3777753094191891,9.285422439395983e-06
encodec_ft_encodec_ft_53tet,3.0kbps,24000,20260826,1040.0,220.0,401.1578949656154,220Hz_ongrid,0,220.01170305713384,401.1738416480643,220.00000094811787,401.15789130685954,109.99889523064226,100.29732385677721,1200.1094792726433,2399.9333117207516,0,1039.9767262348664,1039.9999767493277,-0.023273765133581037,-2.325067225683597e-05,0.0688180172090175,-1.578969988061608e-05
encodec_ft_encodec_ft_53tet,3.0kbps,24000,20260826,1040.0,220.0,401.1578949656154,220Hz_ongrid,1,220.0017145912634,401.0806056594434,220.00000095459868,401.15789132225575,73.33093825289649,100.27307104025594,1902.0250367051872,2399.949591366559,0,1039.652926217891,1039.9999767647726,-0.3470737821089642,-2.3235227445184137e-05,-0.33358129479820753,-1.5723256137319537e-05
encodec_ft_encodec_ft_53tet,3.0kbps,24000,20260826,1040.0,220.0,401.1578949656154,220Hz_ongrid,2,220.00263123136796,401.1861845930167,220.00000092600322,401.15789130175807,109.99288643150805,100.30394791814241,1200.1326661386763,2399.8722416301184,0,1040.10137652029,1039.9999769013375,0.10137652028993216,-2.3098662495613098e-05,0.12208220253796513,-1.58117156857386e-05
encodec_ft_encodec_ft_53tet,3.0kbps,24000,20260826,1040.0,220.0,401.1578949656154,220Hz_ongrid,3,220.01252337752157,401.1542239822739,220.00000093708954,401.1578912647377,110.00302335318156,100.29123700717584,1200.0509643655848,2399.953719579511,0,1039.8856107293152,1039.999976654332,-0.11438927068479643,-2.334566806894145e-05,-0.015842541086868646,-1.597148062570961e-05
encodec_ft_encodec_ft_53tet,3.0kbps,24000,20260826,1040.0,220.0,401.1578949656154,220Hz_ongrid,4,220.00157562687554,401.1864210016723,220.00000093868778,401.15789128507544,109.99555869777133,100.30106895745334,1200.0822997584598,2399.9229530288794,0,1040.1107034231636,1039.9999767295242,0.11070342316361348,-2.327047582184605e-05,0.12310237374276409,-1.588371128756323e-05
encodec_ft_encodec_ft_53tet,3.0kbps,24000,20260826,1040.0,226.4,412.82794281916057,226.4Hz_+49.6c,0,226.39736816017898,412.89013247724404,226.40000347657778,412.82794354908367,75.46089124295766,75.07268531555515,1902.0673711002212,2951.277536241907,0,1040.2809039784308,1039.9999764763313,0.28090397843084247,-2.352366868763056e-05,0.2607787258111409,3.0610031838457004e-06
encodec_ft_encodec_ft_53tet,3.0kbps,24000,20260826,1040.0,226.4,412.82794281916057,226.4Hz_+49.6c,1,226.38434009741457,412.69254291198786,226.40000349257375,412.8279435518216,75.46013140618051,75.03503488655899,1901.9851765365072,2951.3173174645576,0,1039.5518463933754,1039.999976365495,-0.4481536066246008,-2.3634504941583145e-05,-0.567905789599647,3.0724851613744547e-06
encodec_ft_encodec_ft_53tet,3.0kbps,24000,20260826,1040.0,226.4,412.82794281916057,226.4Hz_+49.6c,2,226.3632172914803,412.9389070098558,226.40000349896906,412.82794356856937,75.44954020681638,75.07409350140598,1902.0666403313112,2951.449560544592,0,1040.7465692038468,1039.999976386825,0.746569203846775,-2.3613175017089816e-05,0.46527657620267393,3.1427186215627442e-06
encodec_ft_encodec_ft_53tet,3.0kbps,24000,20260826,1040.0,226.4,412.82794281916057,226.4Hz_+49.6c,3,226.42995345839108,412.8540602499449,226.40000356968218,412.8279435605625,75.47438746623051,75.08020625107945,1902.006924605648,2950.952850143574,0,1039.8804897561874,1039.9999758125186,-0.11951024381255593,-2.4187481358239893e-05,0.10952251664671954,3.109141073832745e-06
encodec_ft_encodec_ft_53tet,3.0kbps,24000,20260826,1040.0,226.4,412.82794281916057,226.4Hz_+49.6c,4,226.38994473576503,412.8631516580392,226.40000362109225,412.82794354542324,75.46559446899116,75.07867086708886,1901.9027054260052,2951.02637696898,0,1040.2245376241053,1039.9999753559084,0.22453762410532363,-2.4644091581649263e-05,0.14764538733553154,3.0456528766147325e-06
encodec_ft_encodec_ft_53tet,3.0kbps,24000,20260826,1045.0,220.0,402.3181590789253,220Hz_ongrid,0,220.00533105013034,402.3692841621255,220.00000092426654,402.3181629603523,109.99534717062096,73.20059888076715,1200.115180898649,2950.3113849939014,0,1045.1780339198071,1045.0000094290692,0.17803391980714878,9.42906922318798e-06,0.21998475472711237,1.6702349724331387e-05
encodec_ft_encodec_ft_53tet,3.0kbps,24000,20260826,1045.0,220.0,402.3181590789253,220Hz_ongrid,1,220.03928790773438,402.3086109937511,220.0000009316597,402.31816291736465,110.01451937874617,100.5828882512035,1200.0806405587543,2399.901277633173,0,1044.6497741057199,1045.0000091859083,-0.35022589428012907,9.185908311337698e-06,-0.04108729854041043,1.6517367221958057e-05
encodec_ft_encodec_ft_53tet,3.0kbps,24000,20260826,1045.0,220.0,402.3181590789253,220Hz_ongrid,2,220.01292056075525,402.2628892195801,220.0000009424509,402.31816291746793,110.00235566010036,73.15779417105927,1200.0645979421588,2950.866200404703,0,1044.6604772689898,1045.0000091014344,-0.33952273101022,9.101434443437029e-06,-0.23785064969758532,1.6517811985689604e-05
encodec_ft_encodec_ft_53tet,3.0kbps,24000,20260826,1045.0,220.0,402.3181590789253,220Hz_ongrid,3,220.00859376571356,402.3081491178604,220.00000094968945,402.3181629261336,109.99608060229022,73.19589867348776,1200.12931163885,2950.159491404846,0,1044.8893000005464,1045.000009081762,-0.11069999945357267,9.08176207303768e-06,-0.04307486655541928,1.655510140748255e-05
encodec_ft_encodec_ft_53tet,3.0kbps,24000,20260826,1045.0,220.0,402.3181590789253,220Hz_ongrid,4,219.99048531109665,402.3152549624156,220.00000093481088,402.31816291174573,109.9863587495497,73.1650785982998,1200.1398309718966,2950.9191812765594,0,1045.0623781592474,1045.000009136932,0.06237815924737333,9.136932021647226e-06,-0.012496884410466461,1.6493188527760138e-05
encodec_ft_encodec_ft_53tet,3.0kbps,24000,20260826,1045.0,226.4,414.0219600703122,226.4Hz_+49.6c,0,226.38976167797244,414.07070212852426,226.40000355158318,414.0219624059991,75.46096416634887,103.51561942572957,1902.0075312306237,2400.0343867532188,0,1045.2820951685992,1044.9999826084586,0.2820951685991986,-1.7391541405231692e-05,0.2038030639511038,9.766681401187837e-06
encodec_ft_encodec_ft_53tet,3.0kbps,24000,20260826,1045.0,226.4,414.0219600703122,226.4Hz_+49.6c,1,226.39182722619316,414.0331229861117,226.40000337347723,414.02196240408216,75.46173437838715,75.27552136876328,1902.0056564913139,2951.392186454695,0,1045.1091737778181,1044.9999839623822,0.1091737778181141,-1.603761779733759e-05,0.046677136136569146,9.75866604370931e-06
encodec_ft_encodec_ft_53tet,3.0kbps,24000,20260826,1045.0,226.4,414.0219600703122,226.4Hz_+49.6c,2,226.33965928438252,414.03800727940785,226.40000349142738,414.02196240066695,75.44494131938369,75.28731292823407,1901.9919858588892,2951.1414409661343,0,1045.5285746434363,1044.9999830461613,0.5285746434362864,-1.695383866717748e-05,0.06710015186760247,9.744385168435744e-06
encodec_ft_encodec_ft_53tet,3.0kbps,24000,20260826,1045.0,226.4,414.0219600703122,226.4Hz_+49.6c,3,226.37399599676655,414.07396150837826,226.40000350762543,414.0219623988137,75.45487681359333,75.29070559417188,1902.0266270464458,2951.2137586280996,0,1045.4162891759788,1044.9999829145488,0.4162891759788181,-1.708545119072369e-05,0.2174305124631121,9.736635823492496e-06
encodec_ft_encodec_ft_53tet,3.0kbps,24000,20260826,1045.0,226.4,414.0219600703122,226.4Hz_+49.6c,4,226.4208042865987,414.0459859817512,226.40000360561532,414.0219623987617,75.47082261626498,75.28190486479782,1902.018743199988,2951.29916536882,0,1044.94138273007,1044.9999821650226,-0.058617269929982285,-1.7834977370512206e-05,0.10046150476667241,9.73641824676558e-06
encodec_ft_encodec_ft_53tet,3.0kbps,24000,20260826,1050.0,220.0,403.48177901005533,220Hz_ongrid,0,220.01053779997474,403.4066098102781,220.00000094806938,403.4817812645385,110.00055729614104,100.86362646693264,1200.0741515726813,2399.7944645392768,0,1049.594516162311,1050.0000022128024,-0.405483837688962,2.212802428402938e-06,-0.3225612867281233,9.673393265260469e-06
encodec_ft_encodec_ft_53tet,3.0kbps,24000,20260826,1050.0,220.0,403.48177901005533,220Hz_ongrid,1,220.02886550934136,403.53281829819997,220.00000092352997,403.48178125548293,73.3531989277874,73.36733634668367,1901.7132175304398,2951.371435008488,0,1049.9918474091153,1050.000002367054,-0.008152590884719757,2.3670540940656792e-06,0.2189822932292166,9.634538521001183e-06
encodec_ft_encodec_ft_53tet,3.0kbps,24000,20260826,1050.0,220.0,403.48177901005533,220Hz_ongrid,2,219.99716160170155,403.37922866070824,220.00000094413582,403.4817812544689,109.9965980859262,73.34543390296882,1200.031205625546,2951.229284897536,0,1049.58226372963,1050.0000022005509,-0.41773627036991456,2.2005508526490303e-06,-0.44007246800013133,9.630187370873792e-06
encodec_ft_encodec_ft_53tet,3.0kbps,24000,20260826,1050.0,220.0,403.48177901005533,220Hz_ongrid,3,219.99013672844245,403.32356349208123,220.0000009432608,403.48178130438407,109.99292915868378,100.83469454872055,1200.0336697047674,2399.9346933402558,0,1049.3986239942776,1050.0000024216092,-0.6013760057223863,2.4216092242568266e-06,-0.6789942527379144,9.844360521216517e-06
encodec_ft_encodec_ft_53tet,3.0kbps,24000,20260826,1050.0,220.0,403.48177901005533,220Hz_ongrid,4,220.02950163430145,403.42170034676616,220.00000091926867,403.4817813258044,110.01337750861217,73.36471836102633,1200.0216110414603,2950.95642897512,0,1049.5100590411087,1050.0000027023182,-0.4899409588913386,2.702318170122453e-06,-0.2578009151324199,9.936269389827107e-06
encodec_ft_encodec_ft_53tet,3.0kbps,24000,20260826,1050.0,226.4,415.21943076307514,226.4Hz_+49.6c,0,226.38977498410966,415.23564198016305,226.40000355696796,415.2194321913334,75.46296330079711,69.20544917630227,1901.9617692214333,3101.967287456179,0,1050.1457807886454,1049.9999787556433,0.14578078864542476,-2.1244356730676373e-05,0.06759043787943285,5.9550423639750994e-06
encodec_ft_encodec_ft_53tet,3.0kbps,24000,20260826,1050.0,226.4,415.21943076307514,226.4Hz_+49.6c,1,226.35433023382882,415.1847741531698,226.4000034533356,415.2194321880908,75.45147963142837,103.79539881608181,1901.9541697938707,2400.0132553552385,0,1050.2047576840146,1049.9999795345789,0.20475768401456662,-2.0465421130211325e-05,-0.14450481530065387,5.9415226228048514e-06
encodec_ft_encodec_ft_53tet,3.0kbps,24000,20260826,1050.0,226.4,415.21943076307514,226.4Hz_+49.6c,2,226.41471381697565,415.23002124273955,226.40000347298158,415.21943221741327,75.47084620760343,75.49840001137697,1901.9716331249617,2951.271334720737,0,1049.9316459817796,1049.9999795066083,-0.06835401822036147,-2.049339173026965e-05,0.044155845843796455,6.063781138624924e-06
encodec_ft_encodec_ft_53tet,3.0kbps,24000,20260826,1050.0,226.4,415.21943076307514,226.4Hz_+49.6c,3,226.3540545789017,415.21428301212654,226.40000335398233,415.2194322121782,75.4499156890194,69.20325569987641,1901.9879465183435,3101.93310620317,0,1050.3299074112688,1049.9999803947437,0.32990741126877765,-1.9605256284194184e-05,-0.021463390926058774,6.041953887463664e-06
encodec_ft_encodec_ft_53tet,3.0kbps,24000,20260826,1050.0,226.4,415.21943076307514,226.4Hz_+49.6c,4,226.33529207913853,415.2826301971088,226.40000350103858,415.21943217802914,75.44394932625735,103.81961477449238,1901.9813449195292,2400.0173886037887,0,1050.7583652651751,1049.9999791278522,0.7583652651751436,-2.0872147842965205e-05,0.2634864317268538,5.8995710620026e-06
encodec_ft_encodec_ft_53tet,3.0kbps,24000,20260826,1055.0,220.0,404.64876446499676,220Hz_ongrid,0,219.9862479402586,404.66151400978447,220.00000095504936,404.64876152666704,109.99053891231769,73.57165500706769,1200.0406879314933,2951.3924342023906,0,1055.1627680325596,1054.9999799132427,0.1627680325595975,-2.0086757331228e-05,0.05454631341163298,-1.2571239349513823e-05
encodec_ft_encodec_ft_53tet,3.0kbps,24000,20260826,1055.0,220.0,404.64876446499676,220Hz_ongrid,1,219.9995494322394,404.51298777111344,220.00000094682176,404.64876154529867,73.33651092915466,73.59431247824965,1901.8764410120114,2950.223811650615,0,1054.4225462531647,1054.9999800577004,-0.5774537468353174,-1.99422995592613e-05,-0.5809993788685481,-1.2491526501117971e-05
encodec_ft_encodec_ft_53tet,3.0kbps,24000,20260826,1055.0,220.0,404.64876446499676,220Hz_ongrid,2,220.01889704689768,404.65953957628625,220.0000009405955,404.64876155102075,110.00451237752179,73.59376475549554,1200.0776825603841,2950.863794935193,0,1054.8974000985554,1054.9999801311776,-0.10259990144459152,-1.9868822391799768e-05,0.046099216960281034,-1.246704527491405e-05
encodec_ft_encodec_ft_53tet,3.0kbps,24000,20260826,1055.0,220.0,404.64876446499676,220Hz_ongrid,3,220.0137472927615,404.6784998352876,220.00000093754142,404.64876152904037,110.0027897354677,73.59966963957763,1200.0642717735043,2950.806007663358,0,1055.0190365711028,1054.9999800611708,0.019036571102788002,-1.993882915485301e-05,0.12721401540013164,-1.256108532031392e-05
encodec_ft_encodec_ft_53tet,3.0kbps,24000,20260826,1055.0,220.0,404.64876446499676,220Hz_ongrid,4,220.01955921826982,404.6527787738071,220.0000009310185,404.64876153818716,73.3427788409928,73.5782640897341,1901.8859376160474,2951.1995493863656,0,1054.8632651303599,1054.9999801516346,-0.13673486964012227,-1.9848365354846464e-05,0.01717458258671716,-1.2521952069654235e-05
encodec_ft_encodec_ft_53tet,3.0kbps,24000,20260826,1055.0,226.4,416.4203648857967,226.4Hz_+49.6c,0,226.41394700786338,416.4363646525092,226.40000346497456,416.42036918207214,75.47020751214353,83.28758299882934,1901.980421032608,2786.3072687042722,0,1054.9598698563361,1054.9999913654735,-0.04013014366387324,-8.634526466266834e-06,0.06651646058894975,1.7861418231442633e-05
encodec_ft_encodec_ft_53tet,3.0kbps,24000,20260826,1055.0,226.4,416.4203648857967,226.4Hz_+49.6c,1,226.39242584508418,416.44719430228895,226.40000348869057,416.4203691701888,75.46223305627339,104.11013907146572,1901.998793595171,2400.0275954594053,0,1055.169456507475,1054.999991134718,0.16945650747493346,-8.865282097758609e-06,0.11153754003642324,1.7812014091450383e-05
encodec_ft_encodec_ft_53tet,3.0kbps,24000,20260826,1055.0,226.4,416.4203648857967,226.4Hz_+49.6c,2,226.41733432065445,416.37962188097885,226.40000349235763,416.42036917190507,75.46482904515615,83.27549834404759,1902.129704011722,2786.322570725363,0,1054.6980590633095,1054.999991113812,-0.30194093669047106,-8.886187970347237e-06,-0.16939404029553368,1.781914953170861e-05
encodec_ft_encodec_ft_53tet,3.0kbps,24000,20260826,1055.0,226.4,416.4203648857967,226.4Hz_+49.6c,3,226.38268660455986,416.4230065177383,226.40000340976363,416.420369160876,75.46026985716807,83.28545295766466,1901.9693553067884,2786.29601065147,0,1055.1433793589042,1054.999991699539,0.1433793589042125,-8.300461104226997e-06,0.010982336702122026,1.7773296966574948e-05
encodec_ft_encodec_ft_53tet,3.0kbps,24000,20260826,1055.0,226.4,416.4203648857967,226.4Hz_+49.6c,4,226.37441471843388,416.417515406481,226.4000036066212,416.420369175831,75.45534475262559,83.28363291710804,1902.0190929459507,2786.311014938941,0,1055.1838098998003,1054.999990256384,0.18380989980028062,-9.743615919433068e-06,-0.011846520745953545,1.7835471245851597e-05
encodec_ft_encodec_ft_53tet,3.0kbps,24000,20260826,1060.0,220.0,405.81912517781325,220Hz_ongrid,0,220.02955875155158,405.8844149103439,220.00000094439028,405.8191225781102,110.00672321177359,135.29632559999865,1200.1267794762575,1901.935542975354,0,1060.0459156972884,1059.9999814779655,0.045915697288364754,-1.85220344519621e-05,0.2785051503974659,-1.109039521358739e-05
encodec_ft_encodec_ft_53tet,3.0kbps,24000,20260826,1060.0,220.0,405.81912517781325,220Hz_ongrid,1,220.02312824212316,405.7486545905751,220.00000096130438,405.81912258297245,110.00750587266718,73.80259704104738,1200.0638651713325,2950.611386012866,0,1059.5173524387583,1059.999981365607,-0.4826475612417198,-1.8634392972671776e-05,-0.30065530799128215,-1.1069652578362725e-05
encodec_ft_encodec_ft_53tet,3.0kbps,24000,20260826,1060.0,220.0,405.81912517781325,220Hz_ongrid,2,220.01207090572052,405.8201322890729,220.0000009253212,405.81912258529064,110.00243316774737,73.82203874516595,1200.0566923508127,2950.4603414237854,0,1059.9093100384316,1059.999981658657,-0.09068996156838693,-1.8341343093197793e-05,0.004296355278125866,-1.1059763216271062e-05
encodec_ft_encodec_ft_53tet,3.0kbps,24000,20260826,1060.0,220.0,405.81912517781325,220Hz_ongrid,3,219.97955273395044,405.7891649064345,220.0000009558662,405.81912257656774,73.31180023364558,101.44858573808526,1902.3025112309645,2399.977908842912,0,1060.0330960887316,1059.9999813810787,0.03309608873155412,-1.861892133092624e-05,-0.1278159491158898,-1.1096975372011042e-05
encodec_ft_encodec_ft_53tet,3.0kbps,24000,20260826,1060.0,220.0,405.81912517781325,220Hz_ongrid,4,219.99484970817946,405.8109611080837,220.00000094615856,405.8191225701458,73.32450328048975,101.45608253910223,1902.1229415960256,2399.9429671136395,0,1060.0057009198988,1059.9999814300743,0.005700919898799839,-1.8569925714473356e-05,-0.034828466154787935,-1.112437139599014e-05
encodec_ft_encodec_ft_53tet,3.0kbps,24000,20260826,1060.0,226.4,417.6247724557133,226.4Hz_+49.6c,0,226.36124052709076,417.61918176774344,226.4000034302941,417.6247681212419,75.44588655463072,104.4040508714775,1902.1353591268964,2400.012346466658,0,1060.2732351010675,1059.999955801004,0.2732351010674847,-4.419899596541654e-05,-0.02317595792771848,-1.7968245515054045e-05
encodec_ft_encodec_ft_53tet,3.0kbps,24000,20260826,1060.0,226.4,417.6247724557133,226.4Hz_+49.6c,1,226.42786228497326,417.60851699083065,226.40000353646113,417.6247681064525,75.47535227669623,104.40124722284187,1901.9688051622625,2400.0146261186537,0,1059.7195687742815,1059.9999549278584,-0.2804312257185302,-4.507214157456474e-05,-0.0673871950445317,-1.8029554101629115e-05
encodec_ft_encodec_ft_53tet,3.0kbps,24000,20260826,1060.0,226.4,417.6247724557133,226.4Hz_+49.6c,2,226.40001756027974,417.65943220429506,226.4000035049368,417.6247681164446,75.46590056858582,104.41477548791849,1901.9727098159015,2400.0013689258863,0,1060.1435393023532,1059.99995521034,0.14353930235324697,-4.478966002352536e-05,0.14367358218062526,-1.7988132451064776e-05
encodec_ft_encodec_ft_53tet,3.0kbps,24000,20260826,1060.0,226.4,417.6247724557133,226.4Hz_+49.6c,3,226.35499510337766,417.60146267630535,226.4000036097061,417.6247681097523,75.44746886699171,139.20021369623132,1902.0512843603208,1901.9584068923616,0,1060.247545617021,1059.9999543814483,0.2475456170209327,-4.561855166684836e-05,-0.09663174383250651,-1.8015874829630117e-05
encodec_ft_encodec_ft_53tet,3.0kbps,24000,20260826,1060.0,226.4,417.6247724557133,226.4Hz_+49.6c,4,226.40246298074615,417.5754886257914,226.40000336817894,417.6247681271435,75.46673618087883,104.39216369711855,1901.9722399863663,2400.028332766129,0,1059.7768514993447,1059.9999563004503,-0.22314850065527025,-4.3699549678422045e-05,-0.20431469793301613,-1.79437810106592e-05
encodec_ft_encodec_ft_53tet,3.0kbps,24000,20260826,1065.0,220.0,406.9928709107222,220Hz_ongrid,0,219.99409699793915,406.93430181591407,220.00000092533074,406.9928732060712,109.99334077169297,74.02586978088753,1200.0583565830104,2950.433343795583,0,1064.797298290638,1065.0000024821188,-0.2027017093619179,2.4821188162604813e-06,-0.2491545060234135,9.763773715035254e-06
encodec_ft_encodec_ft_53tet,3.0kbps,24000,20260826,1065.0,220.0,406.9928709107222,220Hz_ongrid,1,220.01441427391583,406.8678401151394,220.0000009297726,406.9928731771854,110.00048089003481,84.72800591637862,1200.1058572798413,2716.379315998001,0,1064.3546464446017,1065.0000023242926,-0.6453535553982874,2.324292609046097e-06,-0.5319278084449853,9.640901679235878e-06
encodec_ft_encodec_ft_53tet,3.0kbps,24000,20260826,1065.0,220.0,406.9928709107222,220Hz_ongrid,2,219.98915771662408,406.9959283315111,220.00000094310926,406.9928731941802,109.98690334732474,73.99969899521437,1200.1208111322587,2951.307664878223,0,1065.0983280597113,1065.0000022916345,0.09832805971132075,2.2916344732948346e-06,0.013005365619141049,9.713192892195143e-06
encodec_ft_encodec_ft_53tet,3.0kbps,24000,20260826,1065.0,220.0,406.9928709107222,220Hz_ongrid,3,219.9940117823725,406.9907093332441,220.0000009248275,406.9928731763713,109.99373945512887,85.89074100262428,1200.0514109383387,2693.305606434881,0,1065.0379286254722,1065.0000023597438,0.03792862547220466,2.359743803026504e-06,-0.009194771542257276,9.637438518930416e-06
encodec_ft_encodec_ft_53tet,3.0kbps,24000,20260826,1065.0,220.0,406.9928709107222,220Hz_ongrid,4,220.00760770715712,406.9124958897973,220.0000009408361,406.9928731975822,109.99760224252832,73.9933578729371,1200.0976033781112,2951.101090711429,0,1064.5982074545966,1065.0000023239936,-0.4017925454033957,2.323993612662889e-06,-0.34192666383070774,9.727663666591047e-06
encodec_ft_encodec_ft_53tet,3.0kbps,24000,20260826,1065.0,226.4,418.83266351903416,226.4Hz_+49.6c,0,226.4128200071496,418.8551128909187,226.4000034805545,418.83266246577523,75.47089336620749,76.15734246312167,1901.9560706567565,2951.2754916669796,0,1064.9947622429384,1064.9999690313005,-0.0052377570616499725,-3.096869954788417e-05,0.09279141486959887,-4.3536186534711645e-06
encodec_ft_encodec_ft_53tet,3.0kbps,24000,20260826,1065.0,226.4,418.83266351903416,226.4Hz_+49.6c,1,226.3705776108385,418.8397227532047,226.4000034821975,418.83266247027007,75.45227924360428,104.70999162671671,1902.0600837357051,2399.9989924677775,0,1065.2541804720204,1064.9999690373156,0.25418047202037997,-3.096268437730032e-05,0.029178917096904167,-4.335039484456247e-06
encodec_ft_encodec_ft_53tet,3.0kbps,24000,20260826,1065.0,226.4,418.83266351903416,226.4Hz_+49.6c,2,226.3614995993844,418.8671109136403,226.40000352382933,418.83266248020794,75.44726791543505,104.71613843996906,1902.105643156909,2400.0105690923524,0,1065.4368112136663,1064.9999687600437,0.4368112136662603,-3.123995634268795e-05,0.14238156508482908,-4.293961497815745e-06
encodec_ft_encodec_ft_53tet,3.0kbps,24000,20260826,1065.0,226.4,418.83266351903416,226.4Hz_+49.6c,3,226.40965916782304,418.7726375809818,226.40000334538027,418.8326623977765,75.46759233390294,76.14344440071622,1902.0076259231705,2951.250531008967,0,1064.678006460456,1064.9999697838787,-0.3219935395441098,-3.021612133125018e-05,-0.24813345336957848,-4.634689730249668e-06
encodec_ft_encodec_ft_53tet,3.0kbps,24000,20260826,1065.0,226.4,418.83266351903416,226.4Hz_+49.6c,4,226.34896587118274,418.73965458661775,226.40000347151837,418.83266244385595,75.4454120636054,104.68451029317455,1902.052366787621,2400.0066704991114,0,1065.0057987106195,1064.9999690097948,0.005798710619501435,-3.099020523222862e-05,-0.3844927246226514,-4.444221485851426e-06
encodec_ft_encodec_ft_53tet,3.0kbps,24000,20260826,1070.0,220.0,408.1700114541762,220Hz_ongrid,0,220.03674882069032,408.18060229777353,220.00000094872328,408.17001352619155,110.01376981113853,74.22274210264719,1200.0724588578473,2951.1293008039843,0,1069.755758637662,1070.00000132262,-0.2442413623380162,1.322619937127456e-06,0.04491998593794515,8.788356489810232e-06
encodec_ft_encodec_ft_53tet,3.0kbps,24000,20260826,1070.0,220.0,408.1700114541762,220Hz_ongrid,1,220.0261510756192,408.16538405041234,220.00000093192824,408.1700135337451,110.007558387588,74.21104344459663,1200.0868234778623,2951.337644696797,0,1069.7745959628826,1070.0000014868222,-0.2254040371174142,1.4868221569486195e-06,-0.019627028299681836,8.820394470660194e-06
encodec_ft_encodec_ft_53tet,3.0kbps,24000,20260826,1070.0,220.0,408.1700114541762,220Hz_ongrid,2,219.9991994404896,408.2087651490409,220.0000009629999,408.17001352833455,73.33227958359434,74.22320305507567,1901.9735778799268,2951.2379933918855,0,1070.1706639959134,1070.0000012193632,0.17066399591340087,1.219363184645772e-06,0.1643641849841717,8.797445892125993e-06
encodec_ft_encodec_ft_53tet,3.0kbps,24000,20260826,1070.0,220.0,408.1700114541762,220Hz_ongrid,3,220.011049282711,408.1152613829075,220.00000094482277,408.1700135045451,73.33873134415263,102.05585934879805,1901.9145180722355,2399.5411757469387,0,1069.6808172159376,1070.0000012615017,-0.3191827840623773,1.2615016657946398e-06,-0.23223544725224218,8.696544108344512e-06
encodec_ft_encodec_ft_53tet,3.0kbps,24000,20260826,1070.0,220.0,408.1700114541762,220Hz_ongrid,4,220.00265573640564,408.16507285434375,220.000000941284,408.1700135295306,109.99466307274847,74.2544761742619,1200.1048957371888,2950.323399699059,0,1069.9581545165431,1070.000001395324,-0.04184548345688199,1.3953240340924822e-06,-0.020946967364452552,8.802518966448708e-06
encodec_ft_encodec_ft_53tet,3.0kbps,24000,20260826,1070.0,226.4,420.044048151025,226.4Hz_+49.6c,0,226.44797504258077,420.0474991297421,226.4000034244972,420.0440481797881,75.48277233002352,105.01092911812957,1901.9523866194872,2400.0155903665227,0,1069.6474069548754,1069.999973932126,-0.3525930451246495,-2.6067873932333896e-05,0.014223335247532783,1.1854856393731901e-07
encodec_ft_encodec_ft_53tet,3.0kbps,24000,20260826,1070.0,226.4,420.044048151025,226.4Hz_+49.6c,1,226.44519322623665,419.9889189997338,226.4000034339641,420.04404816263474,75.4816904991403,104.99534142160925,1901.9559315149818,2400.0311357518267,0,1069.4272185560287,1069.9999737890366,-0.5727814439712802,-2.6210963369521778e-05,-0.227232662718444,4.7850350509183064e-08
encodec_ft_encodec_ft_53tet,3.0kbps,24000,20260826,1070.0,226.4,420.044048151025,226.4Hz_+49.6c,2,226.3849985758968,420.02743208896703,226.40000341768103,420.04404817368004,75.45977188579087,105.00597145284098,1901.9984603949413,2400.0146168130523,0,1070.0462312484265,1069.9999739590733,0.046231248426465754,-2.604092674118874e-05,-0.06848534458446147,9.337386014185962e-08
encodec_ft_encodec_ft_53tet,3.0kbps,24000,20260826,1070.0,226.4,420.044048151025,226.4Hz_+49.6c,3,226.36896789705895,420.0575407147649,226.40000335419236,420.0440482044425,75.45755682659531,105.01494640592928,1901.9266843301134,2399.990747809399,0,1070.2929217786502,1069.9999745713474,0.29292177865022495,-2.542865263421845e-05,0.055609431210178674,2.2016304654723002e-07
encodec_ft_encodec_ft_53tet,3.0kbps,24000,20260826,1070.0,226.4,420.044048151025,226.4Hz_+49.6c,4,226.37087007407118,420.0081382028702,226.40000343669595,420.04404817482026,75.45441911538688,105.00064965003565,1902.013222293674,2400.0228338720926,0,1070.0747537575935,1069.9999738183697,0.07475375759349845,-2.6181630346400198e-05,-0.14801110215175486,9.807367123387671e-08
encodec_ft_encodec_ft_53tet,3.0kbps,24000,20260826,1075.0,220.0,409.3505566269445,220Hz_ongrid,0,219.98588558895273,409.47005679536323,220.00000092820915,409.35055677607863,109.98740980214659,81.89469526150567,1200.087088729548,2786.2992562724558,0,1075.6163922215942,1074.9999933264155,0.6163922215941966,-6.673584493910312e-06,0.5053188903974148,6.307211065765056e-07
encodec_ft_encodec_ft_53tet,3.0kbps,24000,20260826,1075.0,220.0,409.3505566269445,220Hz_ongrid,1,219.9875841011682,409.39911479440684,220.00000093664661,409.3505567736085,73.31883299639868,74.43193334932612,1902.19964833957,2951.417241354503,0,1075.303057566816,1074.9999932495723,0.3030575668160509,-6.7504277012631064e-06,0.20535105149720181,6.20274348340159e-07
encodec_ft_encodec_ft_53tet,3.0kbps,24000,20260826,1075.0,220.0,409.3505566269445,220Hz_ongrid,2,220.01416104566752,409.40977055625643,220.00000094520502,409.35055673961483,110.00063272415154,68.23170134356765,1200.1014750661116,3102.037724993528,0,1075.1389775327139,1074.9999930384572,0.13897753271385227,-6.961542794670095e-06,0.2504106937746634,4.765076421839292e-07
encodec_ft_encodec_ft_53tet,3.0kbps,24000,20260826,1075.0,220.0,409.3505566269445,220Hz_ongrid,3,219.99294345577974,409.343464313169,220.00000095499428,409.3505567722631,73.32899472469106,81.89507976729294,1902.0018980566051,2785.755813818236,0,1075.02553534712,1074.9999930995,0.025535347120012375,-6.900500011397526e-06,-0.029995223566047814,6.145842940490522e-07
encodec_ft_encodec_ft_53tet,3.0kbps,24000,20260826,1075.0,220.0,409.3505566269445,220Hz_ongrid,4,220.03034717801603,409.36073029187816,220.00000094358984,409.35055677225654,110.00751495151628,74.43894102326819,1200.120522970503,2951.091930587705,0,1074.8042332146179,1074.9999931892166,-0.19576678538214765,-6.810783361288486e-06,0.0430261446721056,6.145566164440691e-07
encodec_ft_encodec_ft_53tet,3.0kbps,24000,20260826,1075.0,226.4,421.258936456092,226.4Hz_+49.6c,0,226.3358172567613,421.24313800609224,226.4000033932461,421.25893792320164,75.44000977798494,105.31045960748538,1902.0757662978613,2400.0053410340706,0,1075.4259341753054,1074.9999800818807,0.42593417530542865,-1.9918119278372615e-05,-0.06492758984063911,6.029332515219696e-06
encodec_ft_encodec_ft_53tet,3.0kbps,24000,20260826,1075.0,226.4,421.258936456092,226.4Hz_+49.6c,1,226.41904794931915,421.25002780550636,226.40000346548678,421.25893802485933,75.47382802694543,105.31251476102074,1901.9363739381042,2399.9998716171353,0,1074.8177384153016,1074.9999799472503,-0.18226158469838083,-2.0052749732712982e-05,-0.03661197656010692,6.447111737869364e-06
encodec_ft_encodec_ft_53tet,3.0kbps,24000,20260826,1075.0,226.4,421.258936456092,226.4Hz_+49.6c,2,226.3781690089288,421.16795321204603,226.4000034411132,421.2589380292555,75.4587537807357,76.56502029752319,1901.9695898671132,2951.5659975023154,0,1074.7929938883724,1074.9999801516967,-0.20700611162760651,-1.984830328183307e-05,-0.3739512414219573,6.465178678872325e-06
encodec_ft_encodec_ft_53tet,3.0kbps,24000,20260826,1075.0,226.4,421.258936456092,226.4Hz_+49.6c,3,226.41895634011445,421.1773304704337,226.40000337882825,421.25893793580855,75.47439711190918,105.2936942099743,1901.9226197425573,2400.010496636965,0,1074.519644915863,1074.999980243941,-0.4803550841370452,-1.9756058918574126e-05,-0.33540593387942014,6.081142685118224e-06
encodec_ft_encodec_ft_53tet,3.0kbps,24000,20260826,1075.0,226.4,421.258936456092,226.4Hz_+49.6c,4,226.3787263374334,421.2436137703972,226.4000034816709,421.2589380305441,75.45331361769269,105.3100686852552,1902.0986690453758,2400.013722853163,0,1075.0997106634259,1074.999979846856,0.0997106634258671,-2.015314407799451e-05,-0.06297228463880887,6.470474327274527e-06
encodec_ft_encodec_ft_53tet,3.0kbps,24000,20260826,1080.0,220.0,410.53451627619523,220Hz_ongrid,0,220.00831066922717,410.50751111495555,220.00000092169418,410.5345195338703,109.9975317353755,74.64055037614715,1200.10424465998,2951.2525081418644,0,1079.8207173692128,1080.0000064846568,-0.17928263078715645,6.4846567511267494e-06,-0.11388516810538657,1.3737694997701913e-05
encodec_ft_encodec_ft_53tet,3.0kbps,24000,20260826,1080.0,220.0,410.53451627619523,220Hz_ongrid,1,219.98491002438686,410.5958391047006,220.00000092676316,410.5345195037684,73.29881898747833,74.65897196539473,1902.65124747255,2951.1977510221714,0,1080.3773313466395,1080.0000063178275,0.37733134663949386,6.317827455859515e-06,0.2585805486187101,1.3610754738693784e-05
encodec_ft_encodec_ft_53tet,3.0kbps,24000,20260826,1080.0,220.0,410.53451627619523,220Hz_ongrid,2,220.00427485194732,410.5778188454184,220.0000009532466,410.53451953711146,109.9914051096567,74.64626625212237,1200.1689154257333,2951.416421099582,0,1080.148958825244,1080.0000062500314,0.14895882524410808,6.250031447052606e-06,0.18259835862682777,1.3751363121525756e-05
encodec_ft_encodec_ft_53tet,3.0kbps,24000,20260826,1080.0,220.0,410.53451627619523,220Hz_ongrid,3,220.02310139605854,410.5269610221814,220.0000009529497,410.5345195073243,73.34713225642294,74.64129964715906,1901.8110511798648,2951.3171536100226,0,1079.7863579995574,1080.0000061267544,-0.2136420004426327,6.126754442448146e-06,-0.031860983276225316,1.3625749849903127e-05
encodec_ft_encodec_ft_53tet,3.0kbps,24000,20260826,1080.0,220.0,410.53451627619523,220Hz_ongrid,4,219.99445615031473,410.58642942750856,220.00000095212164,410.53451949935175,73.32851350553145,74.65531255718419,1902.0251633672503,2951.2429341425764,0,1080.2625316474287,1080.0000060996501,0.2625316474286592,6.09965013609326e-06,0.2189051825748959,1.3592129248324574e-05
encodec_ft_encodec_ft_53tet,3.0kbps,24000,20260826,1080.0,226.4,422.4773385678664,226.4Hz_+49.6c,0,226.33628652708265,422.43752003333566,226.40000349585432,422.4773373413176,75.44094972963387,105.60985479234438,1902.0577853915756,2399.992216975451,0,1080.324095653169,1079.9999682417538,0.32409565316902444,-3.17582462230348e-05,-0.16317668487616363,-5.026170425613963e-06
encodec_ft_encodec_ft_53tet,3.0kbps,24000,20260826,1080.0,226.4,422.4773385678664,226.4Hz_+49.6c,1,226.4246768517165,422.46063564840694,226.4000034786406,422.47733730937125,75.4742619126171,76.76149942722766,1901.9694603069638,2952.434545462054,0,1079.7428646637647,1079.9999682424734,-0.2571353362352511,-3.1757526585352025e-05,-0.0684468298815633,-5.157080500270334e-06
encodec_ft_encodec_ft_53tet,3.0kbps,24000,20260826,1080.0,226.4,422.4773385678664,226.4Hz_+49.6c,2,226.39735282680059,422.4945495141519,226.40000339777544,422.47733738971715,75.46240094860755,105.6234930777136,1902.0326183214124,2400.002365177694,0,1080.090768345493,1079.9999691900753,0.09076834549296109,-3.080992473769584e-05,0.07052584032799578,-4.827837897220898e-06
encodec_ft_encodec_ft_53tet,3.0kbps,24000,20260826,1080.0,226.4,422.4773385678664,226.4Hz_+49.6c,3,226.4321626730854,422.4695848526961,226.40000356542333,422.4773373751943,75.47548895748028,105.61594778206322,1901.9985498379353,2400.02374221048,0,1079.7223025648696,1079.9999678485942,-0.27769743513044887,-3.215140577594866e-05,-0.031773583258281966,-4.887349937673682e-06
encodec_ft_encodec_ft_53tet,3.0kbps,24000,20260826,1080.0,226.4,422.4773385678664,226.4Hz_+49.6c,4,226.4111455269963,422.40245865011747,226.40000346907917,422.4773373349802,75.46858363052452,105.6004634374478,1901.9962509892252,2400.0024792109266,0,1079.6079032953583,1079.9999684205281,-0.3920967046417445,-3.157947185172816e-05,-0.30687125899935797,-5.05213989960215e-06
encodec_ft_encodec_ft_53tet,3.0kbps,24000,20260826,1085.0,220.0,411.7219002775774,220Hz_ongrid,0,220.02110779019299,411.7338669592557,220.00000094919184,411.72190249517143,73.34482136827187,74.8534303972392,1901.8499100171919,2951.486139204986,0,1084.884223102899,1085.0000018552548,-0.11577689710088634,1.8552548226580257e-06,0.050317521843004566,9.324678508933338e-06
encodec_ft_encodec_ft_53tet,3.0kbps,24000,20260826,1085.0,220.0,411.7219002775774,220Hz_ongrid,1,220.0120003315695,411.8053374053739,220.00000096052656,411.72190249543064,110.00168772585067,74.89036618713483,1200.0678689269537,2950.9325757499305,0,1085.2563751371556,1085.000001767149,0.2563751371556009,1.767148887665826e-06,0.35080611905047765,9.325768314624065e-06
encodec_ft_encodec_ft_53tet,3.0kbps,24000,20260826,1085.0,220.0,411.7219002775774,220Hz_ongrid,2,219.98068739183054,411.5604877659802,220.00000095008232,411.7219024960584,109.982674276162,74.83113571444677,1200.1207199022972,2951.272686511383,0,1084.4731318069107,1085.0000018519768,-0.5268681930892853,1.8519767763791606e-06,-0.678850522399813,9.328408066186045e-06
encodec_ft_encodec_ft_53tet,3.0kbps,24000,20260826,1085.0,220.0,411.7219002775774,220Hz_ongrid,3,219.92719866479518,411.78284460616345,220.00000094550444,411.72190249584844,73.29331020555917,74.87665111795744,1902.3271278692541,2951.1550922890438,0,1085.8292299702916,1085.0000018871185,0.8292299702916353,1.8871185147872893e-06,0.25624356773601653,9.327525073709292e-06
encodec_ft_encodec_ft_53tet,3.0kbps,24000,20260826,1085.0,220.0,411.7219002775774,220Hz_ongrid,4,220.0012040769573,411.84262344282183,220.00000094168274,411.72190249495986,73.33713709147467,74.88344678531199,1901.8746802237213,2951.2492821518085,0,1085.4980747724585,1085.000001913456,0.4980747724584944,1.9134558897349052e-06,0.5075499239214115,9.32378859705537e-06
encodec_ft_encodec_ft_53tet,3.0kbps,24000,20260826,1085.0,226.4,423.6992646492887,226.4Hz_+49.6c,0,226.4141297866283,423.69137489245094,226.4000036117506,423.6992617011248,75.46715815990994,105.92282798473413,1902.0517700491494,2400.0002572326985,0,1084.859717985688,1084.9999603354993,-0.14028201431210618,-3.9664500718572526e-05,-0.032237825247073755,-1.2046189797307837e-05
encodec_ft_encodec_ft_53tet,3.0kbps,24000,20260826,1085.0,226.4,423.6992646492887,226.4Hz_+49.6c,1,226.3333836675441,423.6691578080351,226.4000034227178,423.6992617370306,75.43901603079631,105.91487597000405,1902.0799569107048,2400.039449176335,0,1085.3864554537747,1084.9999619277053,0.38645545377471535,-3.807229472840845e-05,-0.12302084271407139,-1.1899478692654726e-05
encodec_ft_encodec_ft_53tet,3.0kbps,24000,20260826,1085.0,226.4,423.6992646492887,226.4Hz_+49.6c,2,226.30402555016747,423.7127761475629,226.40000346210292,423.69926176187215,75.42959388673131,77.01458997888237,1902.0716211074766,2951.8595321866396,0,1085.7892594636262,1084.9999617280378,0.7892594636261947,-3.82719622393779e-05,0.055207065139693735,-1.1797976265199288e-05
encodec_ft_encodec_ft_53tet,3.0kbps,24000,20260826,1085.0,226.4,423.6992646492887,226.4Hz_+49.6c,3,226.3872514206956,423.6407753274693,226.4000033892848,423.69926177239205,75.45859995891814,105.90786021501863,1902.0425756033558,2400.0381462946048,0,1084.8584847905506,1084.9999623278472,-0.14151520944938056,-3.767215275729541e-05,-0.2390037076593318,-1.1754991983324874e-05
encodec_ft_encodec_ft_53tet,3.0kbps,24000,20260826,1085.0,226.4,423.6992646492887,226.4Hz_+49.6c,4,226.38176222514818,423.68531504043466,226.40000358889404,423.6992617079761,75.45585002378603,105.92001196920513,1902.063690437704,2400.0215224586464,0,1085.082467113362,1084.9999605382734,0.08246711336209955,-3.94617266010755e-05,-0.056999002342710034,-1.2018195245102023e-05
encodec_ft_encodec_ft_53tet,3.0kbps,24000,20260826,1090.0,220.0,412.912718535303,220Hz_ongrid,0,219.97397387472398,412.95174145969725,220.0000009234057,412.912721919615,109.97561107859158,75.07473883541425,1200.179069298471,2951.4884861994387,0,1090.3684231810646,1090.000006923021,0.3684231810645997,6.923020919202827e-06,0.16360509194490705,1.418952728263349e-05
encodec_ft_encodec_ft_53tet,3.0kbps,24000,20260826,1090.0,220.0,412.912718535303,220Hz_ongrid,1,220.02454416632037,412.8894195536257,220.000000947189,412.91272189370005,73.34972779160628,75.07704062867074,1901.76114136381,2951.174113007554,0,1089.709177461455,1090.0000066272096,-0.2908225385449441,6.6272095864405856e-06,-0.0976892370182933,1.4080872310130701e-05
encodec_ft_encodec_ft_53tet,3.0kbps,24000,20260826,1090.0,220.0,412.912718535303,220Hz_ongrid,2,220.01257677893062,412.9145451879057,220.00000095593788,412.91272190508215,110.00080714290625,75.07669735447205,1200.0862637693876,2951.2873766266475,0,1089.9086917208813,1090.0000066060845,-0.09130827911872075,6.60608452562883e-06,0.007658655315806745,1.4128594651328649e-05
encodec_ft_encodec_ft_53tet,3.0kbps,24000,20260826,1090.0,220.0,412.912718535303,220Hz_ongrid,3,220.00456781909324,412.85438517141085,220.00000093328413,412.9127218846002,109.9983498869584,75.08640504474161,1200.0619154021308,2950.811283901405,0,1089.7194614059526,1090.0000066984771,-0.28053859404735704,6.698477136524161e-06,-0.24459367654959674,1.404271911636898e-05
encodec_ft_encodec_ft_53tet,3.0kbps,24000,20260826,1090.0,220.0,412.912718535303,220Hz_ongrid,4,219.99834293638813,412.9495602504875,220.00000095083422,412.91272191462747,109.99034959170855,75.0708021572312,1200.138849640501,2951.5701245383957,0,1090.1675005872394,1090.0000066862676,0.167500587239374,6.686267624900211e-06,0.15446069746512192,1.4168615698999037e-05
encodec_ft_encodec_ft_53tet,3.0kbps,24000,20260826,1090.0,226.4,424.92472489269363,226.4Hz_+49.6c,0,226.32485601760473,424.87282695414797,226.40000352528688,424.92472665828825,75.43816225417595,77.2039930666896,1902.0343205610438,2952.3404470329233,0,1090.3632497014428,1089.999980236269,0.3632497014427827,-1.9763730961130932e-05,-0.21145619495622506,7.193409522725952e-06
encodec_ft_encodec_ft_53tet,3.0kbps,24000,20260826,1090.0,226.4,424.92472489269363,226.4Hz_+49.6c,1,226.3795763517639,424.9824161300595,226.40000352297074,424.9247266444142,75.45784222204291,77.13926621389281,1902.0012663539662,2954.2389872314816,0,1090.3912129288215,1089.999980197454,0.3912129288214601,-1.9802545921265846e-05,0.23503046343111048,7.136883396518303e-06
encodec_ft_encodec_ft_53tet,3.0kbps,24000,20260826,1090.0,226.4,424.92472489269363,226.4Hz_+49.6c,2,226.3893045422594,424.9193944169578,226.4000034706285,424.9247266817035,75.46121225456793,77.19302523340708,1901.9983437877374,2952.7761474238096,0,1090.0600702562617,1089.9999807496288,0.06007025626172435,-1.925037122418871e-05,-0.02171763240341876,7.2888080761587844e-06
encodec_ft_encodec_ft_53tet,3.0kbps,24000,20260826,1090.0,226.4,424.92472489269363,226.4Hz_+49.6c,3,226.3844205934448,424.9002600905031,226.40000348783875,424.9247266355946,75.45699730629963,77.17525702570796,1902.0576972792658,2953.096726824255,0,1090.0194589072444,1089.9999804301683,0.019458907244370494,-1.9569831692933803e-05,-0.09967769674013958,7.10095056157277e-06
encodec_ft_encodec_ft_53tet,3.0kbps,24000,20260826,1090.0,226.4,424.92472489269363,226.4Hz_+49.6c,4,226.34557179726517,424.9074627973259,226.40000346781312,424.92472668127857,75.44433970277125,77.19700299925118,1902.0510144298114,2952.6383257660773,0,1090.3459203734783,1089.9999807694264,0.3459203734782932,-1.9230573570894194e-05,-0.07033089048854725,7.28707707262047e-06
encodec_ft_encodec_ft_53tet,3.0kbps,24000,20260826,1095.0,220.0,414.10698098222997,220Hz_ongrid,0,220.0202111246727,413.9851555983193,220.00000095819124,414.1069826901952,110.00756607021572,75.27176271280484,1200.0399645646112,2951.27805057457,0,1094.3315774544628,1094.999999600153,-0.6684225455371688,-3.9984706745599397e-07,-0.5093835453123464,7.140395377048485e-06
encodec_ft_encodec_ft_53tet,3.0kbps,24000,20260826,1095.0,220.0,414.10698098222997,220Hz_ongrid,1,220.00732504334067,414.1212555215511,220.00000091214864,414.1069826941812,110.00054364663005,75.28341721862488,1200.0490854494005,2951.5790795340454,0,1095.0020341389268,1094.9999999791376,0.002034138926774176,-2.0862444216618314e-08,0.05967574497150329,7.1570596016525185e-06
encodec_ft_encodec_ft_53tet,3.0kbps,24000,20260826,1095.0,220.0,414.10698098222997,220Hz_ongrid,2,219.98574615461868,414.0786791167064,220.00000095906748,414.1069826926771,73.3296857344146,75.28760279274759,1901.9289439181518,2951.3048299996876,0,1094.9938465646958,1094.9999996036336,-0.006153435304213417,-3.9636643123230897e-07,-0.11832408027877185,7.150771403588574e-06
encodec_ft_encodec_ft_53tet,3.0kbps,24000,20260826,1095.0,220.0,414.10698098222997,220Hz_ongrid,3,220.0266368161487,414.06784510686265,220.00000093001313,414.106982692131,73.34684149126335,75.28586663728895,1901.8457321541844,2951.29945642247,0,1094.626780126496,1094.9999998299863,-0.37321987350401287,-1.7001366359181702e-07,-0.16362091165295037,7.148488385597264e-06
encodec_ft_encodec_ft_53tet,3.0kbps,24000,20260826,1095.0,220.0,414.10698098222997,220Hz_ongrid,4,219.9952378889555,414.1188909403417,220.00000093591103,414.1069826927523,109.9870462779547,75.29341450191765,1200.166409420127,2951.3393099074883,0,1095.0872652115443,1094.9999997861717,0.08726521154426337,-2.138283434760524e-07,0.04979058420275465,7.151085467521711e-06
encodec_ft_encodec_ft_53tet,3.0kbps,24000,20260826,1095.0,226.4,426.15372951989485,226.4Hz_+49.6c,0,226.36047941475908,426.2130480651826,226.40000351724865,426.15372800729307,75.45145613502635,77.46689661721915,1902.0017392839918,2951.9074918900897,0,1095.543194800036,1094.999966959436,0.5431948000359625,-3.304056394881627e-05,0.24096266586094078,-6.144889804964877e-06
encodec_ft_encodec_ft_53tet,3.0kbps,24000,20260826,1095.0,226.4,426.15372951989485,226.4Hz_+49.6c,1,226.3433074180077,426.08513800460577,226.4000035336152,426.1537279723708,75.44094292765747,77.41783551599023,1902.1116430678424,2952.4846235187283,0,1095.1548977876719,1094.999966692414,0.1548977876718709,-3.3307585908914916e-05,-0.2786729672324962,-6.286760211322821e-06
encodec_ft_encodec_ft_53tet,3.0kbps,24000,20260826,1095.0,226.4,426.15372951989485,226.4Hz_+49.6c,2,226.3749012735299,426.18312795954677,226.40000349090533,426.1537279574193,75.45526586538209,77.43790164335377,1902.0246239246783,2952.4340576090717,0,1095.311361391795,1094.9999669582676,0.31136139179488964,-3.304173242213437e-05,0.11942597410477733,-6.34750025334623e-06
encodec_ft_encodec_ft_53tet,3.0kbps,24000,20260826,1095.0,226.4,426.15372951989485,226.4Hz_+49.6c,3,226.3808855048471,426.1444488773285,226.40000335392529,426.15372795724267,75.45753744597295,85.22820513383463,1902.018270562252,2786.32762088236,0,1095.1084680839751,1094.9999680050082,0.10846808397513996,-3.1994991786632454e-05,-0.0377026839102557,-6.348217756817186e-06
encodec_ft_encodec_ft_53tet,3.0kbps,24000,20260826,1095.0,226.4,426.15372951989485,226.4Hz_+49.6c,4,226.41914509697196,426.17564672208715,226.4000034851111,426.15372798194215,75.47503496107035,77.45736952154523,1901.909432063914,2951.9684898727323,0,1094.9426431348486,1094.999967102198,-0.057356865151405145,-3.289780192972103e-05,0.0890355483727149,-6.247877020278752e-06
encodec_ft_encodec_ft_53tet,3.0kbps,24000,20260826,1100.0,220.0,415.3046975799451,220Hz_ongrid,0,219.98754900749492,415.378283691144,220.00000094114816,415.3047004558994,73.32977506017494,69.22793717754764,1901.9410229887908,3101.9994333165637,0,1100.4047056761272,1100.0000045825414,0.4047056761271506,4.582541350828251e-06,0.3067229844634485,1.1988667578077746e-05
encodec_ft_encodec_ft_53tet,3.0kbps,24000,20260826,1100.0,220.0,415.3046975799451,220Hz_ongrid,1,220.03186268732276,415.27089143399877,220.0000009425405,415.30470044335124,110.01199369627817,138.4232847364921,1200.0619647639955,1901.9593249841482,0,1099.6083532210644,1100.0000045192767,-0.3916467789356375,4.5192766719992505e-06,-0.14092961973970516,1.193635959588075e-05
encodec_ft_encodec_ft_53tet,3.0kbps,24000,20260826,1100.0,220.0,415.3046975799451,220Hz_ongrid,2,220.01367835977513,415.296038334819,220.0000009282718,415.30470046206085,73.34197204426923,103.8221544617877,1901.8587074880218,2400.030933874871,0,1099.856267773558,1100.0000047095532,-0.1437322264418981,4.709553195425542e-06,-0.036097198940258535,1.201435201092198e-05
encodec_ft_encodec_ft_53tet,3.0kbps,24000,20260826,1100.0,220.0,415.3046975799451,220Hz_ongrid,3,219.98933006351245,415.33366959086925,220.00000093692833,415.30470046036487,109.98595019520157,69.22164600512225,1200.137170466296,3101.970813622571,0,1100.2047345434105,1100.000004634363,0.20473454341049546,4.63436299469322e-06,0.12076815563674963,1.2007282304951228e-05
encodec_ft_encodec_ft_53tet,3.0kbps,24000,20260826,1100.0,220.0,415.3046975799451,220Hz_ongrid,4,219.98422495208996,415.3321593908628,220.00000094043827,415.30470043904324,73.32566562116259,138.4441691371296,1902.0118854837513,1901.9535502078395,0,1100.2386153606062,1100.0000045178613,0.23861536060621802,4.517861270869616e-06,0.114473182180492,1.1918401058887032e-05
encodec_ft_encodec_ft_53tet,3.0kbps,24000,20260826,1100.0,226.4,427.3862887822708,226.4Hz_+49.6c,0,226.43093561195624,427.34281797459187,226.4000034491413,427.38629443798305,75.47657856307704,77.62838716733262,1901.9641751974045,2952.885188676564,0,1099.5873596913912,1099.9999965349925,-0.41264030860884304,-3.4650074667297304e-06,-0.17609823244389783,2.2909863680576842e-05
encodec_ft_encodec_ft_53tet,3.0kbps,24000,20260826,1100.0,226.4,427.3862887822708,226.4Hz_+49.6c,1,226.45742509829287,427.4024994507751,226.40000353275718,427.3862944730343,75.48490513027433,77.67422773527116,1901.9757163084748,2952.1049365933127,0,1099.6266018956717,1099.9999960375828,-0.37339810432831655,-3.9624171677132836e-06,0.06566408371855233,2.3051847101427744e-05
encodec_ft_encodec_ft_53tet,3.0kbps,24000,20260826,1100.0,226.4,427.3862887822708,226.4Hz_+49.6c,2,226.33187062338286,427.41050556768295,226.40000352547725,427.38629444806975,75.43823229015547,77.64322869633942,1902.0863695222981,2952.828422622017,0,1100.6191429868143,1099.9999959921258,0.6191429868142677,-4.007874167655245e-06,0.0980933100189483,2.2950721975584167e-05
encodec_ft_encodec_ft_53tet,3.0kbps,24000,20260826,1100.0,226.4,427.3862887822708,226.4Hz_+49.6c,3,226.43467693639417,427.337405340764,226.40000360546819,427.386294482199,75.48066951873982,77.6288932924156,1901.8989469757348,2952.851973751516,0,1099.5368271174723,1099.9999955187006,-0.46317288252771505,-4.481299356484669e-06,-0.19802581593638438,2.3088971226274558e-05
encodec_ft_encodec_ft_53tet,3.0kbps,24000,20260826,1100.0,226.4,427.3862887822708,226.4Hz_+49.6c,4,226.42440408687764,427.39940944864,226.4000035357447,427.38629448143683,75.47276077217869,77.67258746695371,1902.0018083664236,2952.128979541588,0,1099.866544737991,1099.9999960487744,-0.1334552620089653,-3.951225608034292e-06,0.053147694009312955,2.3085883635714296e-05
encodec_ft_encodec_ft_53tet,3.0kbps,24000,20260826,1105.0,220.0,416.5058783188467,220Hz_ongrid,0,220.02153533795158,416.5637859421687,220.00000095527696,416.50588049285847,110.00370101635446,83.31263070192935,1200.1112111372336,2786.3163422487314,0,1105.071221539084,1105.0000015191135,0.07122153908403561,1.519113538961392e-06,0.2406801103385582,9.036422789450308e-06
encodec_ft_encodec_ft_53tet,3.0kbps,24000,20260826,1105.0,220.0,416.5058783188467,220Hz_ongrid,1,219.9825933073178,416.511645194004,220.00000093557045,416.5058805272198,109.99010157214168,69.18192344586042,1200.0188103706107,3107.8677624513,0,1105.1609531899094,1105.000001817014,0.16095318990937812,1.8170139810536057e-06,0.02397022955086469,9.179247687508568e-06
encodec_ft_encodec_ft_53tet,3.0kbps,24000,20260826,1105.0,220.0,416.5058783188467,220Hz_ongrid,2,220.00546537561777,416.52965679110343,220.00000094394838,416.5058805414009,73.33774826239977,83.30670930147436,1901.8937853674915,2786.29754700206,0,1105.0558261118088,1105.0000018100307,0.05582611180875574,1.8100306533597177e-06,0.09883396105378288,9.238192528784069e-06
encodec_ft_encodec_ft_53tet,3.0kbps,24000,20260826,1105.0,220.0,416.5058783188467,220Hz_ongrid,3,220.0200525542293,416.4692146200443,220.00000093825005,416.5058805503081,110.00327077104161,83.29342769069301,1200.106315048162,2786.322344368859,0,1104.6898069345525,1105.0000018918954,-0.3101930654474927,1.8918954083346762e-06,-0.15240178082282074,9.275215938198358e-06
encodec_ft_encodec_ft_53tet,3.0kbps,24000,20260826,1105.0,220.0,416.5058783188467,220Hz_ongrid,4,220.00598649949995,416.5014148858289,220.00000093137717,416.5058805318273,109.99958251492825,83.30273773144609,1200.0536791920335,2786.262697332549,0,1104.9343387536178,1105.0000018691633,-0.06566124638220572,1.8691632703848882e-06,-0.018552652009860025,9.198399052417327e-06
encodec_ft_encodec_ft_53tet,3.0kbps,24000,20260826,1105.0,226.4,428.62241296084954,226.4Hz_+49.6c,0,226.39889139271853,428.56007307593757,226.40000334617486,428.62240606140426,75.4676001372811,85.71671602753062,1901.9251095150241,2786.2187560931866,0,1104.756664113653,1104.9999465451795,-0.2433358863470403,-5.345482054508466e-05,-0.25181319805968044,-2.7867312327009544e-05
encodec_ft_encodec_ft_53tet,3.0kbps,24000,20260826,1105.0,226.4,428.62241296084954,226.4Hz_+49.6c,1,226.35423589214747,428.63940028450827,226.40000353582042,428.6224060990049,75.44492411091747,85.72585841090167,1902.1038711765693,2786.354540532387,0,1105.418595611608,1104.9999452468703,0.41859561160799785,-5.4753129688833724e-05,0.06861155523312984,-2.7715441077452206e-05
encodec_ft_encodec_ft_53tet,3.0kbps,24000,20260826,1105.0,226.4,428.62241296084954,226.4Hz_+49.6c,2,226.4196637510467,428.6588044442744,226.4000035603316,428.62240599354993,75.47075681614275,85.73240330911608,1902.0115319369067,2786.3007411269427,0,1104.9966232355446,1104.999944633499,-0.0033767644554245635,-5.53665011011617e-05,0.14698134978297747,-2.8141380589017323e-05
encodec_ft_encodec_ft_53tet,3.0kbps,24000,20260826,1105.0,226.4,428.62241296084954,226.4Hz_+49.6c,3,226.41158124747656,428.624178838155,226.400003578441,428.6224059829536,75.4631648542241,85.71789254228065,1902.1238927821128,2786.4539396797404,0,1104.9185753366517,1104.999944452221,-0.08142466334834353,-5.554777908400865e-05,0.0071324796083511235,-2.8184179777312188e-05
encodec_ft_encodec_ft_53tet,3.0kbps,24000,20260826,1105.0,226.4,428.62241296084954,226.4Hz_+49.6c,4,226.37777170207323,428.60947656500764,226.40000356291847,428.62240609863426,75.45486006448166,107.14746433975678,1902.0558864521083,2400.0792474657196,0,1105.1177318088103,1104.9999450381601,0.11773180881027656,-5.496183985087555e-05,-0.052251740116181354,-2.771693797461287e-05
encodec_ft_encodec_ft_53tet,3.0kbps,24000,20260826,1110.0,220.0,417.7105332182285,220Hz_ongrid,0,220.0318128188179,417.778708719241,220.0000009382477,417.7105337064431,110.00204195742086,104.44398172320808,1200.2181877575297,2400.011527654547,0,1110.0322108637104,1109.9999946401422,0.03221086371036108,-5.359857823350467e-06,0.2825356521727088,2.0234435811298446e-06
encodec_ft_encodec_ft_53tet,3.0kbps,24000,20260826,1110.0,220.0,417.7105332182285,220Hz_ongrid,1,220.01930825859793,417.6816989731703,220.0000009493807,417.71053370685894,110.00324973162537,83.53907064600963,1200.100789645742,2786.257119745182,0,1109.7285553228176,1109.9999945542575,-0.27144467718244414,-5.445742544907262e-06,-0.11950991383466163,2.025167280861002e-06
encodec_ft_encodec_ft_53tet,3.0kbps,24000,20260826,1110.0,220.0,417.7105332182285,220Hz_ongrid,2,219.99305871391175,417.7291905850475,220.000000941903,417.7105337125789,109.99093729493526,75.92964344370186,1200.0880156340177,2951.799387397286,0,1110.1319487397154,1109.999994636808,0.1319487397154262,-5.363192030927166e-06,0.07732519244179291,2.04887430274312e-06
encodec_ft_encodec_ft_53tet,3.0kbps,24000,20260826,1110.0,220.0,417.7105332182285,220Hz_ongrid,3,220.00868757855554,417.69543597399553,220.00000092087717,417.7105337135551,73.33796321076606,104.4222676105699,1901.9140667268625,2400.0263835997976,0,1109.8690638168175,1109.9999948063114,-0.13093618318248446,-5.193688593863044e-06,-0.06257284297662327,2.052919846001465e-06
encodec_ft_encodec_ft_53tet,3.0kbps,24000,20260826,1110.0,220.0,417.7105332182285,220Hz_ongrid,4,220.01508508498796,417.7473040471769,220.0000009385054,417.71053370134723,110.0018111829313,75.94692117524457,1200.0901991179608,2951.4805589274474,0,1110.0336887053973,1109.9999946169942,0.033688705397253216,-5.3830058277526405e-06,0.15239287559335293,2.002323646488869e-06
encodec_ft_encodec_ft_53tet,3.0kbps,24000,20260826,1110.0,226.4,429.86211236639514,226.4Hz_+49.6c,0,226.35888632147902,429.8977692681735,226.40000342672414,429.8621136195051,75.44858039325631,107.47112578204127,1902.0555402260752,2400.053424672784,0,1110.4580156218074,1109.999978843345,0.45801562180736255,-2.115665506607911e-05,0.14359926253098998,5.046796761671652e-06
encodec_ft_encodec_ft_53tet,3.0kbps,24000,20260826,1110.0,226.4,429.86211236639514,226.4Hz_+49.6c,1,226.39342163068144,429.8612352425282,226.40000367772078,429.8621136734785,75.45940715501612,85.97249447862214,1902.0712406728337,2786.308731340349,0,1110.046771615278,1109.999977141399,0.0467716152779758,-2.2858600914332783e-05,-0.0035325473197073062,5.264170135648979e-06
encodec_ft_encodec_ft_53tet,3.0kbps,24000,20260826,1110.0,226.4,429.86211236639514,226.4Hz_+49.6c,2,226.39390339379068,429.84088063844,226.40000355266935,429.86211363384905,75.46133425347922,85.96469047330875,1902.0307126584669,2786.383909676314,0,1109.9611089790938,1109.999977938037,-0.03889102090624874,-2.2061962908992427e-05,-0.0855111373648012,5.1045656892903e-06
encodec_ft_encodec_ft_53tet,3.0kbps,24000,20260826,1110.0,226.4,429.86211236639514,226.4Hz_+49.6c,3,226.39475136834795,429.84839417952816,226.40000350738796,429.86211365179196,75.46456390912626,73.69685639544635,1901.9631039278822,3052.98351648506,0,1109.9848859248204,1109.9999783565581,-0.015114075179553765,-2.1643441868945956e-05,-0.05524974283024249,5.17682922483408e-06
encodec_ft_encodec_ft_53tet,3.0kbps,24000,20260826,1110.0,226.4,429.86211236639514,226.4Hz_+49.6c,4,226.40463176171528,429.87041660773906,226.40000352815105,429.86211367039607,75.4669645834426,85.96826197782248,1901.9835843177764,2786.4309404672163,0,1109.9980265579711,1109.9999782727136,-0.0019734420288841648,-2.1727286366513e-05,0.03344432107015087,5.251755576613798e-06
encodec_ft_encodec_ft_53tet,3.0kbps,24000,20260826,1115.0,220.0,418.9186723263624,220Hz_ongrid,0,220.01849397579284,418.92514907618397,220.00000095639177,418.91866752203464,109.99640550538537,104.73107455790898,1200.2021003691218,2400.003516171209,0,1114.881238253135,1114.9999726194299,-0.11876174686494778,-2.7380570145396632e-05,0.026765775511138113,-1.985448834693704e-05
encodec_ft_encodec_ft_53tet,3.0kbps,24000,20260826,1115.0,220.0,418.9186723263624,220Hz_ongrid,1,220.03891683816693,418.8932029151766,220.00000095869706,418.9186675065821,110.01013009357551,104.72242981113516,1200.1467940276486,2400.0143976418267,0,1114.5885221812796,1114.9999725374296,-0.4114778187204138,-2.7462570415082155e-05,-0.10525874166068168,-1.9918347886201777e-05
encodec_ft_encodec_ft_53tet,3.0kbps,24000,20260826,1115.0,220.0,418.9186723263624,220Hz_ongrid,2,220.0142502983023,418.92516110521603,220.00000094702324,418.9186676037127,110.00676146331611,104.7306120097464,1200.0057235050976,2400.0112119497253,0,1114.9146800196058,1114.9999730306981,-0.08531998039416067,-2.696930187084945e-05,0.026815486228330916,-1.9516943420528928e-05
encodec_ft_encodec_ft_53tet,3.0kbps,24000,20260826,1115.0,220.0,418.9186723263624,220Hz_ongrid,3,220.01589803469585,418.94922120630315,220.00000093746192,418.91866751327603,73.3384206587574,104.73709310668555,1901.9600058109472,2400.003507435961,0,1115.0011414610412,1114.9999727321976,0.0011414610412430193,-2.7267802352071158e-05,0.1262424817705353,-1.9890684311898845e-05
encodec_ft_encodec_ft_53tet,3.0kbps,24000,20260826,1115.0,220.0,418.9186723263624,220Hz_ongrid,4,220.00417798814684,418.928744523377,220.00000095085628,418.9186675316358,73.33666540395753,104.73117949020207,1901.9092173083557,2400.0166399556288,0,1115.008746816328,1114.999972702668,0.008746816328084606,-2.7297332053421997e-05,0.04162411931050059,-1.9814810385463552e-05
encodec_ft_encodec_ft_53tet,3.0kbps,24000,20260826,1115.0,226.4,431.105397339493,226.4Hz_+49.6c,0,226.4277942619629,431.0835123884753,226.40000361139116,431.1053964021205,75.47607320368554,73.1337997142591,1901.9517487110106,3071.228591639234,0,1114.6995881957118,1114.9999686201354,-0.30041180428816006,-3.13798645947827e-05,-0.08788786759975721,-3.7643024736451957e-06
encodec_ft_encodec_ft_53tet,3.0kbps,24000,20260826,1115.0,226.4,431.105397339493,226.4Hz_+49.6c,1,226.42108584070104,431.2360979803809,226.40000345035597,431.105396243311,75.47137654612189,72.88642816182343,1902.008189371601,3077.7070095149475,0,1115.3635568260497,1114.9999692137908,0.3635568260497166,-3.078620920859976e-05,0.5247883876647135,-4.402050041602741e-06
encodec_ft_encodec_ft_53tet,3.0kbps,24000,20260826,1115.0,226.4,431.105397339493,226.4Hz_+49.6c,2,226.42160454045663,431.05631642004533,226.40000353539426,431.10539634092606,75.47401101853927,74.43814455521378,1901.9517244141975,3040.514838894635,0,1114.6376919322213,1114.9999689555232,-0.36230806777871294,-3.104447682744649e-05,-0.197110490162069,-4.0100473159953064e-06
encodec_ft_encodec_ft_53tet,3.0kbps,24000,20260826,1115.0,226.4,431.105397339493,226.4Hz_+49.6c,3,226.3732880992353,431.06213612820164,226.40000368037886,431.10539639668684,75.45503670401709,73.4355127688059,1902.017544753528,3064.015238721719,0,1115.0305352505814,1114.9999680707801,0.030535250581351647,-3.192921985828434e-05,-0.17373718946020203,-3.7861229977346947e-06
encodec_ft_encodec_ft_53tet,3.0kbps,24000,20260826,1115.0,226.4,431.105397339493,226.4Hz_+49.6c,4,226.35523071581179,431.14407799004636,226.4000034709044,431.1053963920504,75.45214034219039,74.4714612973841,1901.9458970285073,3040.0925904509963,0,1115.4977022014627,1114.999969653969,0.4977022014627437,-3.0346031053340994e-05,0.15532687751955238,-3.8047421455065774e-06
encodec_ft_encodec_ft_53tet,3.0kbps,24000,20260826,1120.0,220.0,420.1303057205833,220Hz_ongrid,0,220.01517349037806,420.11558176561994,220.0000009610295,420.13030469873723,110.00278471028095,105.02845176890801,1200.0755732221533,2400.0073132498683,0,1119.819926020903,1119.999988226694,-0.1800739790969601,-1.177330591417558e-05,-0.06067417300524074,-4.210728596612993e-06
encodec_ft_encodec_ft_53tet,3.0kbps,24000,20260826,1120.0,220.0,420.1303057205833,220Hz_ongrid,1,220.0070220194733,420.1129581515137,220.00000092985462,420.13030476040717,109.99894034625304,60.00947745963218,1200.0719345462019,3369.0180156828856,0,1119.8732571538008,1119.9999887261408,-0.12674284619924947,-1.1273859172433731e-05,-0.07148573166227562,-3.9566047437147886e-06
encodec_ft_encodec_ft_53tet,3.0kbps,24000,20260826,1120.0,220.0,420.1303057205833,220Hz_ongrid,2,220.00663208697947,420.06121132802156,220.00000095979405,420.13030472658903,109.9961283995573,105.01474737009734,1200.1131229575994,2400.0091571141106,0,1119.663070077036,1119.9999883511853,-0.3369299229639182,-1.1648814734144253e-05,-0.28474118780044316,-4.095959563122538e-06
encodec_ft_encodec_ft_53tet,3.0kbps,24000,20260826,1120.0,220.0,420.1303057205833,220Hz_ongrid,3,219.97676248913504,420.0223464567209,220.00000094152696,420.1303047022072,73.32066274627056,105.00533161632754,1902.071279257216,2400.0042041715615,0,1119.737945637378,1119.9999883944631,-0.2620543626219387,-1.1605536883507739e-05,-0.44492570262105147,-4.196430038309967e-06
encodec_ft_encodec_ft_53tet,3.0kbps,24000,20260826,1120.0,220.0,420.1303057205833,220Hz_ongrid,4,219.99163449484658,420.00617614819583,220.00000094909228,420.13030469927156,109.99217161703724,105.0004354191769,1200.0573798550347,2400.018278656349,0,1119.554254244829,1119.9999883228331,-0.4457457551709467,-1.1677166867229971e-05,-0.511577222069841,-4.208526881571568e-06
encodec_ft_encodec_ft_53tet,3.0kbps,24000,20260826,1120.0,226.4,432.35227825063663,226.4Hz_+49.6c,0,226.34496814734794,432.3916518110842,226.40000346470674,432.3522838837739,75.43905773558349,108.0973266371896,1902.1676077667316,2400.009390118858,0,1120.5785216233824,1119.9999960624293,0.5785216233823576,-3.937570681955549e-06,0.15765325701023972,2.2556326104308696e-05
encodec_ft_encodec_ft_53tet,3.0kbps,24000,20260826,1120.0,226.4,432.35227825063663,226.4Hz_+49.6c,1,226.391555407475,432.3845566922881,226.40000338516361,432.352283834981,75.46099516373258,72.20832251534169,1902.0205369303314,3098.49355596154,0,1120.193820447255,1119.9999964753017,0.19382044725489322,-3.524698286128114e-06,0.12924518768161228,2.236094835555322e-05
encodec_ft_encodec_ft_53tet,3.0kbps,24000,20260826,1120.0,226.4,432.35227825063663,226.4Hz_+49.6c,2,226.3381379736849,432.3531537012481,226.40000335047188,432.352283859093,75.44369491132085,72.28471510695755,1902.0089511149383,3096.537230238368,0,1120.4766162748842,1119.9999968371321,0.4766162748842362,-3.162867869832553e-06,0.0035054941274649245,2.245749821962079e-05
encodec_ft_encodec_ft_53tet,3.0kbps,24000,20260826,1120.0,226.4,432.35227825063663,226.4Hz_+49.6c,3,226.3723993385735,432.3349896639833,226.40000355384197,432.35228389301074,75.45395091646934,72.0575040242692,1902.0356601668823,3101.9148194433833,0,1120.141840719618,1119.999995417817,0.14184071961790323,-4.582183009915752e-06,-0.06922870496429417,2.2593312609965328e-05
encodec_ft_encodec_ft_53tet,3.0kbps,24000,20260826,1120.0,226.4,432.35227825063663,226.4Hz_+49.6c,4,226.41526696323518,432.35066775742905,226.40000342625459,432.3522838964156,75.47224649132816,72.35525648997871,1901.943741675619,3094.8386189121106,0,1119.8768118381092,1119.999996407085,-0.12318816189076642,-3.5929149362345925e-06,-0.006448782647644223,2.2606946136713467e-05
encodec_ft_encodec_ft_53tet,3.0kbps,24000,20260826,1125.0,220.0,421.3454435073724,220Hz_ongrid,0,220.01519554868116,421.3144260649539,220.0000009421961,421.34544829469513,110.0053400983273,105.32775379558385,1200.0355303249337,2400.014015803078,0,1124.7529767369763,1125.0000122558913,-0.24702326302372057,1.2255891306267586e-05,-0.12744988670541124,1.96702638682461e-05
encodec_ft_encodec_ft_53tet,3.0kbps,24000,20260826,1125.0,220.0,421.3454435073724,220Hz_ongrid,1,220.02011145564626,421.2390583404549,220.00000095286057,421.34544826456636,110.00030122553108,105.30963261607653,1200.1535139231135,2400.0021694990455,0,1124.4045721837565,1125.0000120481761,-0.5954278162435003,1.20481761314295e-05,-0.437173064204347,1.9546470015149497e-05
encodec_ft_encodec_ft_53tet,3.0kbps,24000,20260826,1125.0,220.0,421.3454435073724,220Hz_ongrid,2,219.97486681527394,421.25976535491145,220.00000094182639,421.3454481978024,73.32226670251234,105.31511204387586,1902.0184881872285,2399.997193842381,0,1124.8457183022524,1125.0000118606856,-0.15428169774759226,1.1860685617648414e-05,-0.35207220119857774,1.9272148818093778e-05
encodec_ft_encodec_ft_53tet,3.0kbps,24000,20260826,1125.0,220.0,421.3454435073724,220Hz_ongrid,3,220.02252255964544,421.2668670012038,220.00000093807907,421.34544820841853,110.00538834618342,84.26116468381771,1200.092424120665,2786.153626366423,0,1124.499886414974,1125.000011933794,-0.5001135850259288,1.1933793985008379e-05,-0.3228871015378016,1.9315768723076555e-05
encodec_ft_encodec_ft_53tet,3.0kbps,24000,20260826,1125.0,220.0,421.3454435073724,220Hz_ongrid,4,219.99770737644536,421.284342294684,220.00000095168568,421.3454482456891,109.99487946000578,76.59606038572802,1200.0625501382256,2951.3426408631967,0,1124.7669690099945,1125.0000119798585,-0.2330309900055454,1.1979858527411125e-05,-0.25107230200777675,1.9468906603320158e-05
encodec_ft_encodec_ft_53tet,3.0kbps,24000,20260826,1125.0,226.4,433.6027655003142,226.4Hz_+49.6c,0,226.4189816737982,433.6368794465401,226.40000343368533,433.6027693058946,75.47628376995624,72.28239004992052,1901.8795377681818,3101.7256117161132,0,1124.9910576183581,1124.9999889377555,-0.008942381641872998,-1.1062244539061794e-05,0.13620047383402098,1.5194438067966209e-05
encodec_ft_encodec_ft_53tet,3.0kbps,24000,20260826,1125.0,226.4,433.6027655003142,226.4Hz_+49.6c,1,226.32789407978834,433.60581472756496,226.40000351529784,433.6027692922426,75.44187728432239,72.27242493424694,1901.9723052444554,3101.8402765026635,0,1125.5636414294145,1124.9999882591737,0.5636414294144743,-1.1740826266759541e-05,0.01217452446909335,1.5139930100699554e-05
encodec_ft_encodec_ft_53tet,3.0kbps,24000,20260826,1125.0,226.4,433.6027655003142,226.4Hz_+49.6c,2,226.40463711977696,433.6273049891798,226.40000343285828,433.60276929775864,75.46718965027218,96.40936214335383,1901.9784621982997,2603.0525380515974,0,1125.0625166476634,1124.999988911596,0.06251664766341491,-1.1088404107795213e-05,0.09797538191473773,1.5161953785857602e-05
encodec_ft_encodec_ft_53tet,3.0kbps,24000,20260826,1125.0,226.4,433.6027655003142,226.4Hz_+49.6c,3,226.39147976185487,433.67643108828486,226.40000344312395,433.6027693050188,75.45997786811765,108.41622244797215,1902.0432975220112,2400.0460734080384,0,1125.359251349182,1124.999988862084,0.3592513491819318,-1.113791608986503e-05,0.2940976214987381,1.5190941079488271e-05
encodec_ft_encodec_ft_53tet,3.0kbps,24000,20260826,1125.0,226.4,433.6027655003142,226.4Hz_+49.6c,4,226.31959015324543,433.6151249479624,226.40000344892596,433.6027693159917,75.4363613160434,108.40119016289617,1902.0353700557014,2400.041380561222,0,1125.6643332412245,1124.9999888615282,0.66433324122454,-1.1138471791127813e-05,0.04934652947832802,1.5234752421340064e-05
encodec_ft_encodec_ft_53tet,3.0kbps,24000,20260826,1130.0,220.0,422.56409582244186,220Hz_ongrid,0,220.0230646206919,422.56056685986493,220.00000094185765,422.5640924238134,110.00878932643569,105.63963618228202,1200.0431664412308,2400.008284705754,0,1129.8040502191122,1129.9999786641988,-0.1959497808877586,-2.1335801193345105e-05,-0.014458127755311155,-1.392409186108345e-05
encodec_ft_encodec_ft_53tet,3.0kbps,24000,20260826,1130.0,220.0,422.56409582244186,220Hz_ongrid,1,220.02400006696226,422.49282434289825,220.0000009272724,422.56409247879,110.0070845292899,76.78978116455072,1200.0773559097613,2951.928716653279,0,1129.5191258624309,1129.9999790042114,-0.480874137569117,-2.0995788645450375e-05,-0.29202201523113047,-1.3698854392937686e-05
encodec_ft_encodec_ft_53tet,3.0kbps,24000,20260826,1130.0,220.0,422.56409582244186,220Hz_ongrid,2,220.00608105183974,422.4420544167176,220.00000093367075,422.5640924812076,109.9919654401564,76.78563193888125,1200.1743090985365,2951.8142132799358,0,1129.452074706131,1129.9999789637661,-0.5479252938689569,-2.1036233874838217e-05,-0.5000726643115021,-1.3688949462178072e-05
encodec_ft_encodec_ft_53tet,3.0kbps,24000,20260826,1130.0,220.0,422.56409582244186,220Hz_ongrid,3,220.02702623437867,422.5319235813056,220.00000092637438,422.56409246961744,73.34666106242922,105.63314825544973,1901.8530549454506,2399.997257113148,0,1129.6555231356654,1129.9999789736983,-0.34447686433463787,-2.1026301737947506e-05,-0.13181384845737132,-1.3736434045825825e-05
encodec_ft_encodec_ft_53tet,3.0kbps,24000,20260826,1130.0,220.0,422.56409582244186,220Hz_ongrid,4,220.01614629071952,422.57071782620363,220.00000095019738,422.56409241735696,109.99998589285937,76.8178820054324,1200.1272764912303,2951.6144479800823,0,1129.9000754975423,1129.9999785721195,-0.09992450245772488,-2.1427880483315676e-05,0.02712996364743804,-1.3950543771240472e-05
encodec_ft_encodec_ft_53tet,3.0kbps,24000,20260826,1130.0,226.4,434.85686951909474,226.4Hz_+49.6c,0,226.33727935038934,434.9601407758656,226.40000343765857,434.8568632086553,75.44237446621197,72.50950834408148,1902.0326845947568,3101.5693242084303,0,1130.8907687154353,1129.9999485900762,0.8907687154353425,-5.14099237989285e-05,0.41109041266308466,-2.512285882778864e-05
encodec_ft_encodec_ft_53tet,3.0kbps,24000,20260826,1130.0,226.4,434.85686951909474,226.4Hz_+49.6c,1,226.37676426430232,434.81023582900394,226.4000033806241,434.8568632117605,75.45826472078554,72.48522842267947,1901.9700674400024,3101.5523712240524,0,1129.9920219317582,1129.9999490385696,-0.007978068241754954,-5.0961430360985105e-05,-0.18566605934546898,-2.5110496356251356e-05
encodec_ft_encodec_ft_53tet,3.0kbps,24000,20260826,1130.0,226.4,434.85686951909474,226.4Hz_+49.6c,2,226.4055365022969,435.01444573746835,226.40000349526073,434.8568631876251,75.46712691238089,72.47815772330674,1901.9867786579132,3102.5341440377606,0,1130.5848862681385,1129.9999480658798,0.5848862681384617,-5.193412016524235e-05,0.627222240280516,-2.5206583391903754e-05
encodec_ft_encodec_ft_53tet,3.0kbps,24000,20260826,1130.0,226.4,434.85686951909474,226.4Hz_+49.6c,3,226.42007875160127,434.8863023169044,226.40000346783353,434.85686315236904,75.4777912974301,72.49109717876391,1901.8533476699874,3101.7150465048317,0,1129.9636414036381,1129.9999481352502,-0.03635859636187888,-5.186474982110667e-05,0.11717266291223435,-2.5346943256068035e-05
encodec_ft_encodec_ft_53tet,3.0kbps,24000,20260826,1130.0,226.4,434.85686951909474,226.4Hz_+49.6c,4,226.4211694685375,434.90128656928886,226.40000339544346,434.8568631220776,75.47020990559254,72.49401381332088,1902.0355905110416,3101.705042388739,0,1130.0149512923808,1129.999948568207,0.014951292380828818,-5.1431793053779984e-05,0.17682227912129905,-2.5467538426904e-05
encodec_ft_encodec_ft_53tet,3.0kbps,24000,20260826,1135.0,220.0,423.7862728308192,220Hz_ongrid,0,220.00949501729954,423.76545893933456,220.00000096202595,423.7862714281079,73.33604684271558,105.94103957799315,1901.9656592461024,2400.0053135379067,0,1134.840252856922,1134.9999866992837,-0.15974714307799331,-1.3300716318553896e-05,-0.08503013158555488,-5.730297732485063e-06
encodec_ft_encodec_ft_53tet,3.0kbps,24000,20260826,1135.0,220.0,423.7862728308192,220Hz_ongrid,1,220.009301760272,423.7744954613025,220.00000093572487,423.7862714528727,109.99684274490363,105.9426389464505,1200.1228874345982,2400.0160947205313,0,1134.8786906220946,1134.9999870074214,-0.12130937790539065,-1.2992578604098526e-05,-0.04811308847659298,-5.62912974311941e-06
encodec_ft_encodec_ft_53tet,3.0kbps,24000,20260826,1135.0,220.0,423.7862728308192,220Hz_ongrid,2,220.00877540825337,423.79872495351964,220.0000009478543,423.7862714363824,109.99497007742647,77.04328697748537,1200.1482196691768,2951.5657036877687,0,1134.9818136799813,1134.9999868446066,-0.018186320018685365,-1.3155393389752135e-05,0.050868146227343015,-5.696495304042315e-06
encodec_ft_encodec_ft_53tet,3.0kbps,24000,20260826,1135.0,220.0,423.7862728308192,220Hz_ongrid,3,220.0328768961405,423.7654594114313,220.00000092232744,423.7862714516551,73.35094968244037,105.93908222592978,1901.7978657158362,2400.037301804048,0,1134.6562747536716,1134.9999871078753,-0.34372524632840395,-1.289212468691403e-05,-0.08502820290089896,-5.634103639399532e-06
encodec_ft_encodec_ft_53tet,3.0kbps,24000,20260826,1135.0,220.0,423.7862728308192,220Hz_ongrid,4,220.0236285052849,423.7850625577072,220.00000094498,423.78627146702786,110.00377728432044,105.94595937170493,1200.1264807927414,2400.0050046301435,0,1134.8091273068956,1134.9999869924168,-0.19087269310443844,-1.30075832203147e-05,-0.004944164420586618,-5.5713037300840385e-06
encodec_ft_encodec_ft_53tet,3.0kbps,24000,20260826,1135.0,226.4,436.11460076771573,226.4Hz_+49.6c,0,226.4127899242081,436.2095835352395,226.40000341338956,436.1145957240703,75.4709334463058,109.05100562868093,1901.9549212307563,2400.0220707884373,0,1135.2792106960474,1134.999953876872,0.2792106960473575,-4.612312795870821e-05,0.37700984294722484,-2.002164282348852e-05
encodec_ft_encodec_ft_53tet,3.0kbps,24000,20260826,1135.0,226.4,436.11460076771573,226.4Hz_+49.6c,1,226.40084222496566,436.10142377364093,226.40000344227994,436.1145957317439,75.46554553513958,109.02475117511928,1901.9871605486792,2400.009603255609,0,1134.941250492563,1134.9999536864152,-0.05874950743691443,-4.631358478945913e-05,-0.05230919902068081,-1.9991180927963477e-05
encodec_ft_encodec_ft_53tet,3.0kbps,24000,20260826,1135.0,226.4,436.11460076771573,226.4Hz_+49.6c,2,226.3920543835499,436.1221883505049,226.4000035317379,436.114595717581,75.46380856150067,109.0294194073076,1901.9598085725863,2400.017905887041,0,1135.0908795444288,1134.9999529461265,0.09087954442884438,-4.7053873458935414e-05,0.030119989981968603,-2.0047403178017054e-05
encodec_ft_encodec_ft_53tet,3.0kbps,24000,20260826,1135.0,226.4,436.11460076771573,226.4Hz_+49.6c,3,226.35446569181642,436.16307234262746,226.40000350680336,436.1145957237519,75.45028210594853,109.03973939806184,1901.9826832596007,2400.0163324912523,0,1135.540632269604,1134.9999531612923,0.5406322696039751,-4.6838707703500404e-05,0.1924057982275755,-2.0022906767464482e-05
encodec_ft_encodec_ft_53tet,3.0kbps,24000,20260826,1135.0,226.4,436.11460076771573,226.4Hz_+49.6c,4,226.37862706834935,436.1357935963733,226.40000356945586,436.1145957211757,75.45619930122362,109.0327736531653,1902.0317007562767,2400.018652641086,0,1135.2475687477279,1134.9999526719748,0.2475687477278825,-4.732802517537493e-05,0.08412663797527277,-2.00331334504221e-05
encodec_ft_encodec_ft_53tet,3.0kbps,24000,20260826,1140.0,220.0,425.01198472693204,220Hz_ongrid,0,220.0032279629245,424.9843854516445,220.00000094911277,425.0119908196465,109.99144232158359,77.25655667395554,1200.1600916340356,2951.616662788537,0,1139.862172649138,1140.0000173491212,-0.13782735086192588,1.734912120809895e-05,-0.11242590392249913,2.4817922761072837e-05
encodec_ft_encodec_ft_53tet,3.0kbps,24000,20260826,1140.0,220.0,425.01198472693204,220Hz_ongrid,1,220.01241695857033,424.9546113065038,220.00000094889555,425.01199081305117,110.00147109901592,100.93304505840548,1200.0745566158644,2488.692208200942,0,1139.6685713123163,1140.0000173239655,-0.33142868768368317,1.7323965494142612e-05,-0.23371934749248488,2.47910574172891e-05
encodec_ft_encodec_ft_53tet,3.0kbps,24000,20260826,1140.0,220.0,425.01198472693204,220Hz_ongrid,2,220.02576754855428,424.9842849324531,220.00000093208442,425.01199080947055,73.34771156753085,77.16194918503658,1901.8183558615333,2953.737601727976,0,1139.684405320674,1140.0000174416712,-0.3155946793260682,1.7441671161577688e-05,-0.11283538312545743,2.4776472472900144e-05
encodec_ft_encodec_ft_53tet,3.0kbps,24000,20260826,1140.0,220.0,425.01198472693204,220Hz_ongrid,3,220.0087533699071,424.94517227705205,220.00000094303377,425.0119908169228,73.33101149062476,77.18539819290501,1902.0786962332327,2953.052232725665,0,1139.6589452608528,1140.0000173858637,-0.34105473914723916,1.73858636571822e-05,-0.27217369115340184,2.4806828270152652e-05
encodec_ft_encodec_ft_53tet,3.0kbps,24000,20260826,1140.0,220.0,425.01198472693204,220Hz_ongrid,4,220.00131412558804,425.00844640629435,220.00000092192005,425.01199081708273,73.32708659805549,77.26538773146466,1902.1128195767196,2951.5167927896564,0,1139.9752458798341,1140.0000175526643,-0.024754120165880522,1.7552664303366328e-05,-0.014412973947773945,2.480747984709419e-05
encodec_ft_encodec_ft_53tet,3.0kbps,24000,20260826,1140.0,226.4,437.37596973717007,226.4Hz_+49.6c,0,226.38521850844003,437.37510062194247,226.40000340118186,437.375970628405,75.4624443932666,72.89997616254423,1901.9388294298756,3101.8570121393896,0,1140.1095945435193,1139.9999775195765,0.10959454351927889,-2.248042346764123e-05,-0.003440160122364202,3.52771141539488e-06
encodec_ft_encodec_ft_53tet,3.0kbps,24000,20260826,1140.0,226.4,437.37596973717007,226.4Hz_+49.6c,1,226.34008492760933,437.36173075859307,226.40000339956444,437.37597060792376,75.44259716231274,72.89739723131318,1902.0490337057288,3101.8653359843543,0,1140.4018567721268,1139.9999774508751,0.4018567721268482,-2.2549124878423754e-05,-0.05636204893117492,3.4466421728890715e-06
encodec_ft_encodec_ft_53tet,3.0kbps,24000,20260826,1140.0,226.4,437.37596973717007,226.4Hz_+49.6c,2,226.41773722654167,437.32821134909807,226.40000350522774,437.3759705677171,75.47704512895056,72.89278728502066,1901.8525589571345,3101.842133778586,0,1139.67532346749,1139.9999764837426,-0.3246765325100114,-2.351625744267949e-05,-0.18904893660917046,3.2874951756667096e-06
encodec_ft_encodec_ft_53tet,3.0kbps,24000,20260826,1140.0,226.4,437.37596973717007,226.4Hz_+49.6c,3,226.3716452350356,437.3852430706367,226.40000344948018,437.375970579753,75.45542955760669,87.47197514695257,1901.995967005838,2786.4141243608,0,1140.2535421954376,1139.9999769576734,0.25354219543760337,-2.304232657479588e-05,0.03670558413261016,3.3351360219920824e-06
encodec_ft_encodec_ft_53tet,3.0kbps,24000,20260826,1140.0,226.4,437.37596973717007,226.4Hz_+49.6c,4,226.39381116499717,437.4307919359089,226.40000346268505,437.37597060801306,75.46513226229156,87.47907210121213,1901.9428756533237,2786.453947664711,0,1140.2643105836269,1139.9999769685583,0.264310583626866,-2.303144174220506e-05,0.21698519349395667,3.446995446763209e-06
encodec_ft_encodec_ft_53tet,3.0kbps,24000,20260826,1145.0,220.0,426.2412417346934,220Hz_ongrid,0,220.01866603331865,426.219957471539,220.00000093998844,426.24123510854747,73.34263942720449,77.45886403581099,1901.8822003581151,2952.115078803793,0,1144.7666676770618,1144.9999656900495,-0.23333232293816764,-3.430995047892793e-05,-0.08645095195928773,-2.6912950819457466e-05
encodec_ft_encodec_ft_53tet,3.0kbps,24000,20260826,1145.0,220.0,426.2412417346934,220Hz_ongrid,1,220.03966650424914,426.2144785144109,220.00000093453667,426.2412351648661,110.01601089391731,85.24268203665835,1200.0601483517605,2786.3180533080504,0,1144.5791769689927,1144.9999659616963,-0.42082303100733043,-3.403830373827077e-05,-0.10870570078972026,-2.6684205213134884e-05
encodec_ft_encodec_ft_53tet,3.0kbps,24000,20260826,1145.0,220.0,426.2412417346934,220Hz_ongrid,2,220.00255328251404,426.31751838574576,220.00000094920674,426.24123517524254,73.33349792987981,85.25726348144735,1901.971207408556,2786.4404226459014,0,1145.2896874967823,1144.999965888399,0.2896874967823351,-3.411160105315503e-05,0.30977978757561386,-2.664206010051072e-05
encodec_ft_encodec_ft_53tet,3.0kbps,24000,20260826,1145.0,220.0,426.2412417346934,220Hz_ongrid,3,219.98258417059932,426.26509908636456,220.00000092128792,426.24123516016965,109.98790154068304,77.40310421079613,1200.0533671043056,2953.5451281118935,0,1145.233951879422,1144.9999660468786,0.2339518794219657,-3.395312137399742e-05,0.09689701428995262,-2.670328046502568e-05
encodec_ft_encodec_ft_53tet,3.0kbps,24000,20260826,1145.0,220.0,426.2412417346934,220Hz_ongrid,4,219.99286183393178,426.2405331500738,220.00000092596156,426.24123515601883,73.3280251536433,85.24995199478649,1902.0241466174543,2786.2762382671463,0,1145.0532948831165,1144.9999659932414,0.053294883116450364,-3.40067585966608e-05,-0.0028780106653155486,-2.6720139586427142e-05
encodec_ft_encodec_ft_53tet,3.0kbps,24000,20260826,1145.0,226.4,438.64098694879357,226.4Hz_+49.6c,0,226.3913462154715,438.67303248804234,226.40000349536544,438.64098734730095,75.46120176341924,73.11563593194779,1902.014197396724,3101.8729817720973,0,1145.192648106417,1144.9999748444968,0.19264810641698205,-2.5155503180940286e-05,0.1264731383832568,1.5728341049869834e-06
encodec_ft_encodec_ft_53tet,3.0kbps,24000,20260826,1145.0,226.4,438.64098694879357,226.4Hz_+49.6c,1,226.44053424423578,438.6068752723716,226.40000352477162,438.6409873567052,75.48043776133436,73.1012504638301,1901.9490447857693,3101.9525240073704,0,1144.5554330973675,1144.9999746567505,-0.44456690263245946,-2.5343249490106246e-05,-0.13463765092047603,1.6099509264819667e-06
encodec_ft_encodec_ft_53tet,3.0kbps,24000,20260826,1145.0,226.4,438.64098694879357,226.4Hz_+49.6c,2,226.39896452877835,438.62387492285137,226.4000035794369,438.64098735767305,75.4629680089133,109.65555902038537,1902.0319335082083,2400.006468464986,0,1144.9403787649812,1144.9999742425564,-0.05962123501876704,-2.5757443609109032e-05,-0.0675392877361505,1.6137708203786192e-06
encodec_ft_encodec_ft_53tet,3.0kbps,24000,20260826,1145.0,226.4,438.64098694879357,226.4Hz_+49.6c,3,226.38480432575165,438.65291703526145,226.40000357090625,438.6409873505562,75.46026993205511,73.10906575888175,1901.985548528082,3101.949169546108,0,1145.163287265588,1144.9999742796997,0.16328726558799644,-2.5720300300235976e-05,0.04708518276273074,1.5856818954485238e-06
encodec_ft_encodec_ft_53tet,3.0kbps,24000,20260826,1145.0,226.4,438.64098694879357,226.4Hz_+49.6c,4,226.3687723614368,438.62481708136886,226.40000345042313,438.64098735066926,75.45244373259564,109.65576660736834,1902.0425033615772,2400.0069097645637,0,1145.1749871506245,1144.9999752014555,0.17498715062447445,-2.4798544473014772e-05,-0.06382062296086718,1.5861281968286264e-06
encodec_ft_encodec_ft_53tet,3.0kbps,24000,20260826,1150.0,220.0,427.4740541075866,220Hz_ongrid,0,219.99935377145133,427.5044718100292,220.00000096090992,427.47405528038234,109.99493898518212,77.64463123951667,1200.074569231714,2953.177720130132,0,1150.128270098507,1149.9999971880882,0.12827009850707327,-2.81191182693874e-06,0.1231847598247331,4.749724186665575e-06
encodec_ft_encodec_ft_53tet,3.0kbps,24000,20260826,1150.0,220.0,427.4740541075866,220Hz_ongrid,1,220.0228887098832,427.4220783274586,220.00000095565986,427.47405526272536,110.00532524419357,77.6491889142787,1200.0962982312578,2952.7424060192325,0,1149.6093821414954,1149.9999971578927,-0.39061785850458364,-2.8421072784112766e-06,-0.21051034618427886,4.678214865837986e-06
encodec_ft_encodec_ft_53tet,3.0kbps,24000,20260826,1150.0,220.0,427.4740541075866,220Hz_ongrid,2,220.00512631277854,427.4843292293459,220.00000093075272,427.4740553230476,110.00132047768241,77.56799345464115,1200.0195575428384,2954.8057766227107,0,1150.0012731361142,1149.9999975981932,0.001273136114150475,-2.4018067961151246e-06,0.04161288080355027,4.922515089742766e-06
encodec_ft_encodec_ft_53tet,3.0kbps,24000,20260826,1150.0,220.0,427.4740541075866,220Hz_ongrid,3,220.00114732816368,427.5052558614921,220.0000009495619,427.47405525485397,109.99685556928462,77.62250275621655,1200.0585178866286,2953.674361993992,0,1150.1173312899653,1149.9999971740008,0.11733128996525011,-2.8259992177481763e-06,0.12635987361559373,4.6463364155508335e-06
encodec_ft_encodec_ft_53tet,3.0kbps,24000,20260826,1150.0,220.0,427.4740541075866,220Hz_ongrid,4,219.9866187599685,427.46627553772,220.0000009443901,427.4740552929064,73.3269686985956,77.51793687159159,1901.9999585415069,2955.8502305439424,0,1150.0738006259205,1149.9999973688082,0.07380062592051218,-2.6311918190913275e-06,-0.03150284186979473,4.800445704142358e-06
encodec_ft_encodec_ft_53tet,3.0kbps,24000,20260826,1150.0,226.4,439.90966295435277,226.4Hz_+49.6c,0,226.34609114504914,439.89410100042505,226.4000034526488,439.90966301839757,75.44559459601712,109.97296250811686,1902.0261907169852,2400.008858864743,0,1150.3510348917937,1149.9999738503518,0.3510348917936881,-2.6149648192586028e-05,-0.06124407650045707,2.5204380338296853e-07
encodec_ft_encodec_ft_53tet,3.0kbps,24000,20260826,1150.0,226.4,439.90966295435277,226.4Hz_+49.6c,1,226.35542475904128,439.89165423007466,226.40000344527348,439.9096629794789,75.44861927840395,109.9722116207706,1902.0281731090615,2400.0110501816994,0,1150.270017683209,1149.9999737535877,0.27001768320906194,-2.624641228976543e-05,-0.07087353939105517,9.888208794633345e-08
encodec_ft_encodec_ft_53tet,3.0kbps,24000,20260826,1150.0,226.4,439.90966295435277,226.4Hz_+49.6c,2,226.32901586750936,439.89463015231973,226.40000349710837,439.90966301590976,75.43663966105068,79.9826792624921,1902.1010827593855,2951.2781708195234,0,1150.4837245508547,1149.999973500588,0.4837245508547312,-2.6499411887925817e-05,-0.05916156340431141,2.4225323502928677e-07
encodec_ft_encodec_ft_53tet,3.0kbps,24000,20260826,1150.0,226.4,439.90966295435277,226.4Hz_+49.6c,3,226.3398146821209,439.9303240676232,226.40000346750955,439.90966299391494,75.44427068548066,109.98205801723662,1902.0085635651976,2400.0082325490034,0,1150.54159435349,1149.999973640365,0.541594353489927,-2.6359635057815467e-05,0.08130847272122906,1.5569421630201318e-07
encodec_ft_encodec_ft_53tet,3.0kbps,24000,20260826,1150.0,226.4,439.90966295435277,226.4Hz_+49.6c,4,226.4105951601678,439.8901551342736,226.40000346874766,439.90966297028376,75.47197704749124,109.97201755638645,1901.9142001007806,2400.0082053973933,0,1149.8422095149908,1149.9999735378988,-0.1577904850091727,-2.6462101232027635e-05,-0.07677337879674181,6.26951570644476e-08
encodec_ft_encodec_ft_53tet,3.0kbps,24000,20260826,1155.0,220.0,428.7104321287511,220Hz_ongrid,0,220.0248081856083,428.7580988226328,220.00000094849202,428.71043062952265,73.34836067655957,85.74249588169161,1901.7954863429654,2786.497925160703,0,1154.9972679742946,1154.9999864818444,-0.002732025705427077,-1.3518155583369662e-05,0.19247867545162195,-6.054238921097887e-06
encodec_ft_encodec_ft_53tet,3.0kbps,24000,20260826,1155.0,220.0,428.7104321287511,220Hz_ongrid,1,219.99911640726285,428.70603853854374,220.0000009444693,428.7104306753558,109.99801807294199,85.73909620141937,1200.0242396005876,2786.3563486339576,0,1154.9892107757087,1154.9999866985852,-0.010789224291329447,-1.3301414810484857e-05,-0.01774244658207574,-5.86915377852725e-06
encodec_ft_encodec_ft_53tet,3.0kbps,24000,20260826,1155.0,220.0,428.7104321287511,220Hz_ongrid,2,220.0158800410702,428.64758105801957,220.0000009451053,428.71043056741803,110.00150284496314,85.7269209171127,1200.1013070838055,2786.3661244044,0,1154.621214480538,1154.9999862577022,-0.3787855194620988,-1.3742297824137495e-05,-0.25382608476752894,-6.305032043618789e-06
encodec_ft_encodec_ft_53tet,3.0kbps,24000,20260826,1155.0,220.0,428.7104321287511,220Hz_ongrid,3,220.0065536897035,428.7166311466155,220.00000095232477,428.7104305772184,109.99801627300776,85.73205303868409,1200.0827929778645,2786.5413445787867,0,1154.9734610920418,1154.9999862404666,-0.0265389079581837,-1.3759533430857118e-05,0.02503291826783972,-6.265455759213437e-06
encodec_ft_encodec_ft_53tet,3.0kbps,24000,20260826,1155.0,220.0,428.7104321287511,220Hz_ongrid,4,220.01059836439566,428.73267139258877,220.00000093559572,428.7104306039916,110.00270076542759,85.73929433962586,1200.0408936728445,2786.459895375357,0,1155.0064059498795,1154.999986480228,0.0064059498795359104,-1.3519771982828388e-05,0.08980507425506737,-6.157339345499417e-06
encodec_ft_encodec_ft_53tet,3.0kbps,24000,20260826,1155.0,226.4,441.182008336133,226.4Hz_+49.6c,0,226.40069129439766,441.14555545610585,226.4000034583096,441.18200810509705,75.4629989539974,88.22882612958547,1902.044427811711,2786.3193053989326,0,1154.8516638494789,1154.999972648417,-0.14833615052111782,-2.73515829576354e-05,-0.14304997308290626,-9.066037852750051e-07
encodec_ft_encodec_ft_53tet,3.0kbps,24000,20260826,1155.0,226.4,441.182008336133,226.4Hz_+49.6c,1,226.4204935017064,441.19655266488684,226.40000359384862,441.18200813027676,75.47701454965367,73.53524462275395,1901.8743352491542,3101.8964758310103,0,1154.9003697035648,1154.9999717107855,-0.09963029643517984,-2.8289214469623403e-05,0.05707218709663732,-8.077964652515236e-07
encodec_ft_encodec_ft_53tet,3.0kbps,24000,20260826,1155.0,226.4,441.182008336133,226.4Hz_+49.6c,2,226.41536693401923,441.18126423061335,226.40000348467493,441.182008146027,75.46945692156434,73.53126954612127,1902.0084963230818,3101.930071133664,0,1154.879576283546,1154.999972607419,-0.12042371645407002,-2.7392580932428245e-05,-0.0029199329839548825,-7.459914122465555e-07
encodec_ft_encodec_ft_53tet,3.0kbps,24000,20260826,1155.0,226.4,441.182008336133,226.4Hz_+49.6c,3,226.4288669434982,441.13965258862055,226.40000340863477,441.1820081344833,75.47581342946279,73.5247095062224,1901.9659088459673,3101.921233396912,0,1154.6130591416586,1154.9999731435842,-0.38694085834140424,-2.6856415843212744e-05,-0.16621537375992232,-7.912898491550427e-07
encodec_ft_encodec_ft_53tet,3.0kbps,24000,20260826,1155.0,226.4,441.182008336133,226.4Hz_+49.6c,4,226.42490186194163,441.23362165359833,226.40000352623846,441.18200813055677,75.47347081997289,73.5397083630931,1901.9893269603986,3101.936840377186,0,1155.0121140806582,1154.999972228885,0.012114080658193416,-2.7771114901042893e-05,0.20252300536478698,-8.06697818097263e-07
encodec_ft_encodec_ft_53tet,3.0kbps,24000,20260826,1160.0,220.0,429.9503861110682,220Hz_ongrid,0,220.02101743077517,429.96526015188545,220.0000009321683,429.9503921827489,110.00572392598855,75.70399657458329,1200.0752998106284,3006.9344748131157,0,1159.8945072057977,1160.0000171127087,-0.1054927942022914,1.7112708746935823e-05,0.059890632353285365,2.4448170337420503e-05
encodec_ft_encodec_ft_53tet,3.0kbps,24000,20260826,1160.0,220.0,429.9503861110682,220Hz_ongrid,1,220.0088541194192,429.9846489724683,220.0000009402231,429.95039215743935,110.0002951847757,75.0462515919359,1200.065028082124,3022.119882627841,0,1160.0682831691815,1160.0000169474126,0.06828316918154087,1.6947412632362102e-05,0.1379570081125083,2.4346259090805515e-05
encodec_ft_encodec_ft_53tet,3.0kbps,24000,20260826,1160.0,220.0,429.9503861110682,220Hz_ongrid,2,219.97166868887936,429.95815033033284,220.00000095432398,429.95039217052613,109.98007888066306,85.99116513881842,1200.0905963539026,2786.323074078819,0,1160.2542234517641,1160.0000168891443,0.2542234517641191,1.688914426267729e-05,0.03126304760564024,2.4398954174680815e-05
encodec_ft_encodec_ft_53tet,3.0kbps,24000,20260826,1160.0,220.0,429.9503861110682,220Hz_ongrid,3,219.98838151867923,429.9685111575041,220.00000095794636,429.95039215690184,73.3261476324591,74.28761795247566,1902.0332162154855,3039.644803136443,0,1160.1644116959017,1160.0000168057795,0.16441169590166282,1.6805779523565434e-05,0.07298059767032462,2.434409485588997e-05
encodec_ft_encodec_ft_53tet,3.0kbps,24000,20260826,1160.0,220.0,429.9503861110682,220Hz_ongrid,4,220.00023313887448,429.95898746412064,220.00000093861462,429.95039218015074,109.99669813437364,71.65964012061328,1200.0538017896765,3101.959618233095,0,1160.0327991521258,1160.0000170515198,0.03279915212578999,1.7051519762389944e-05,0.03463377823425151,2.4437708587292056e-05
encodec_ft_encodec_ft_53tet,3.0kbps,24000,20260826,1160.0,226.4,442.4580337070266,226.4Hz_+49.6c,0,226.384800662318,442.470174509707,226.40000343595958,442.45803332877796,75.45864165314178,73.74653988490957,1902.0228774199982,3101.919533776012,0,1160.163733547183,1159.999972245929,0.16373354718302835,-2.7754070970331668e-05,0.047503448956820994,-1.4799976530199596e-06
encodec_ft_encodec_ft_53tet,3.0kbps,24000,20260826,1160.0,226.4,442.4580337070266,226.4Hz_+49.6c,1,226.39338049804147,442.46145760945285,226.40000347723173,442.4580333321171,75.46520945993836,73.74371386477303,1901.937811360393,3101.951770596541,0,1160.0640155763062,1159.9999719433947,0.06401557630624666,-2.8056605287929415e-05,0.013396871736434357,-1.4669324780130307e-06
encodec_ft_encodec_ft_53tet,3.0kbps,24000,20260826,1160.0,226.4,442.4580337070266,226.4Hz_+49.6c,2,226.3403643599185,442.42815914961443,226.40000343852284,442.45803333368474,75.44369764549275,73.73811783591394,1902.0259176580705,3101.9528570518887,0,1160.3391854440235,1159.9999722455275,0.339185444023542,-2.77544725122425e-05,-0.1168960515597318,-1.4607986210068695e-06
encodec_ft_encodec_ft_53tet,3.0kbps,24000,20260826,1160.0,226.4,442.4580337070266,226.4Hz_+49.6c,3,226.4041187687137,442.43219976653126,226.40000348306765,442.45803331765654,75.4654194145246,73.73978979729185,1902.0151086279157,3101.9294139266253,0,1159.8674198385245,1159.999971842188,-0.13258016147551643,-2.8157812039353303e-05,-0.10108507412098366,-1.5235131908911192e-06
encodec_ft_encodec_ft_53tet,3.0kbps,24000,20260826,1160.0,226.4,442.4580337070266,226.4Hz_+49.6c,4,226.3699914258383,442.4563834686713,226.4000035205668,442.4580333336981,75.4555672600444,73.74317225444396,1901.9801596242846,3101.9446318051578,0,1160.223027573028,1159.9999716182065,0.2230275730280482,-2.8381793526932597e-05,-0.006457005952870719,-1.4607463410862831e-06
encodec_ft_encodec_ft_53tet,3.0kbps,24000,20260826,1165.0,220.0,431.1939263972469,220Hz_ongrid,0,220.01633536488467,431.21135063989476,220.00000093187901,431.1939200768417,73.34325770684126,73.0431705219237,1901.8492669449456,3073.88863269784,0,1164.9414143069291,1164.9999672905283,-0.05858569307088146,-3.270947172495653e-05,0.06995653426182956,-2.5376286899546965e-05
encodec_ft_encodec_ft_53tet,3.0kbps,24000,20260826,1165.0,220.0,431.1939263972469,220Hz_ongrid,1,220.01764309891857,431.21563182498153,220.00000094782973,431.193920202487,110.000536749461,72.26784803046166,1200.1303847069453,3092.3803652076367,0,1164.9483123044402,1164.9999676694708,-0.05168769555984909,-3.233052916584711e-05,0.08714461752740216,-2.4871823907905737e-05
encodec_ft_encodec_ft_53tet,3.0kbps,24000,20260826,1165.0,220.0,431.1939263972469,220Hz_ongrid,2,220.0227650829215,431.1707311548415,220.00000094427017,431.19392018654037,110.00790731862085,73.63519606170624,1200.0546899693463,3059.750200961188,0,1164.7277343490575,1164.999967633457,-0.27226565094247235,-3.236654310967424e-05,-0.09313088862480033,-2.4935849128576708e-05
encodec_ft_encodec_ft_53tet,3.0kbps,24000,20260826,1165.0,220.0,431.1939263972469,220Hz_ongrid,3,219.98252424555588,431.113740579608,220.00000091526218,431.1939201032171,73.33057808550875,72.3676069089919,1901.8825207860264,3089.583090651518,0,1164.8155522499433,1164.9999675271868,-0.18444775005673364,-3.247281324547657e-05,-0.32197421747518606,-2.527039007482783e-05
encodec_ft_encodec_ft_53tet,3.0kbps,24000,20260826,1165.0,220.0,431.1939263972469,220Hz_ongrid,4,219.99606910369823,431.15960199034885,220.00000096165715,431.1939201504817,109.99545487233698,73.65960605052965,1200.0406014652433,3059.131707497476,0,1164.8931162474123,1164.9999673518594,-0.10688375258769156,-3.26481406318635e-05,-0.1378172176751613,-2.508062395519055e-05
encodec_ft_encodec_ft_53tet,3.0kbps,24000,20260826,1165.0,226.4,443.7377497106214,226.4Hz_+49.6c,0,226.41043395656456,443.7348277406973,226.40000346762483,443.7377493571678,75.46912830823334,73.95590387617936,1901.9783152649563,3101.95267745628,0,1164.9088154818387,1164.9999721047968,-0.09118451816129891,-2.7895203174921335e-05,-0.011400045368134106,-1.3789922698321426e-06
encodec_ft_encodec_ft_53tet,3.0kbps,24000,20260826,1165.0,226.4,443.7377497106214,226.4Hz_+49.6c,1,226.37605733134143,443.7580857427972,226.40000340004343,443.737749285568,75.4567190856602,73.95971797199452,1902.0001228754538,3101.954134428811,0,1165.2624331338732,1164.9999723422325,0.2624331338731736,-2.7657767532218713e-05,0.0793388090973625,-1.6583375321313872e-06
encodec_ft_encodec_ft_53tet,3.0kbps,24000,20260826,1165.0,226.4,443.7377497106214,226.4Hz_+49.6c,2,226.41625567357502,443.73183014062005,226.40000340279303,443.73774935318426,75.47421099433735,73.95523308461023,1901.9062390849126,3101.956684896118,0,1164.8526054439924,1164.9999725850105,-0.14739455600761175,-2.7414989517637878e-05,-0.02309523926224911,-1.3945340138705004e-06
encodec_ft_encodec_ft_53tet,3.0kbps,24000,20260826,1165.0,226.4,443.7377497106214,226.4Hz_+49.6c,3,226.3478598059863,443.7593162902689,226.40000354711304,443.7377493488506,75.44558828038866,73.95991514636357,1902.0398633936386,3101.9543197473395,0,1165.4828907540696,1164.9999714645178,0.48289075406955817,-2.853548221537494e-05,0.08413953903706722,-1.4114415708342772e-06
encodec_ft_encodec_ft_53tet,3.0kbps,24000,20260826,1165.0,226.4,443.7377497106214,226.4Hz_+49.6c,4,226.4168967614312,443.68485481898523,226.40000337983986,443.73774927498164,75.47122227428362,73.95106603129804,1901.9796978717136,3101.8709496622673,0,1164.6644181019096,1164.9999724554227,-0.33558189809036776,-2.7544577278604265e-05,-0.2063806737923461,-1.6996400148389598e-06
encodec_ft_encodec_ft_53tet,3.0kbps,24000,20260826,1170.0,220.0,432.44106335991046,220Hz_ongrid,0,219.98835893296265,432.48486890372186,220.00000094890348,432.441063447997,109.98914182662728,72.17083173181338,1200.07929086253,3099.794247130362,0,1170.266971021426,1169.9999928854909,0.26697102142588847,-7.1145091169455554e-06,0.17536218124607306,3.526457469359248e-07
encodec_ft_encodec_ft_53tet,3.0kbps,24000,20260826,1170.0,220.0,432.44106335991046,220Hz_ongrid,1,220.01635891466037,432.4611013631071,220.00000092605572,432.44106341438265,109.9993252392808,72.08104373451539,1200.139347280852,3101.854278768543,0,1169.9514907275893,1169.999992930714,-0.04850927241068348,-7.069286084515625e-06,0.08021826012360603,2.1807377178170637e-07
encodec_ft_encodec_ft_53tet,3.0kbps,24000,20260826,1170.0,220.0,432.44106335991046,220Hz_ongrid,2,220.01802245149634,432.5018845476447,220.00000094063913,432.44106346932807,73.34174024395396,72.30196892345,1901.8983613952548,3096.7194945863644,0,1170.1016570608595,1169.999993035922,0.10165706085945203,-6.964078011151287e-06,0.243474350622619,4.380423062439413e-07
encodec_ft_encodec_ft_53tet,3.0kbps,24000,20260826,1170.0,220.0,432.44106335991046,220Hz_ongrid,3,220.01678600529306,432.49160050309445,220.00000094124167,432.4410634742312,73.34143573519033,108.12202478040258,1901.8958202197016,2400.0140158453355,0,1170.0702203584858,1169.9999930508097,0.07022035848581254,-6.94919026500429e-06,0.20230851898100005,4.5767149434657953e-07
encodec_ft_encodec_ft_53tet,3.0kbps,24000,20260826,1170.0,220.0,432.44106335991046,220Hz_ongrid,4,220.00869988271654,432.5028725922286,220.0000009265468,432.4410634650304,73.33503125921216,72.08362371159897,1901.983377302623,3101.959525356929,0,1170.1789691655422,1169.9999931296127,0.17896916554218478,-6.87038732394285e-06,0.2474293263880383,4.2083721504445976e-07
encodec_ft_encodec_ft_53tet,3.0kbps,24000,20260826,1170.0,226.4,445.02116702128967,226.4Hz_+49.6c,0,226.32484574982507,445.00355825595335,226.40000351816673,445.02116672702783,75.43447080637108,74.16735261930837,1902.1189593070944,3101.952832134526,0,1170.506280961133,1169.99997195256,0.5062809611329158,-2.8047440082445974e-05,-0.06850347692700473,-1.144745742887333e-06
encodec_ft_encodec_ft_53tet,3.0kbps,24000,20260826,1170.0,226.4,445.02116702128967,226.4Hz_+49.6c,1,226.41454015085657,444.94502104777246,226.40000349416331,445.02116672940383,75.47525611721169,74.16525219894994,1901.869148775207,3101.774114289728,0,1169.592567453081,1169.9999721453523,-0.40743254691892616,-2.7854647669300903e-05,-0.2962505860138725,-1.1355025760471382e-06
encodec_ft_encodec_ft_53tet,3.0kbps,24000,20260826,1170.0,226.4,445.02116702128967,226.4Hz_+49.6c,2,226.46229711006234,444.97815663434903,226.4000035865733,445.0211667310305,75.48616497325573,74.16516129176296,1901.984067675373,3101.905158595548,0,1169.35636407055,1169.9999714450403,-0.6436359294500562,-2.8554959726534435e-05,-0.16732832130085992,-1.1291743991903032e-06
encodec_ft_encodec_ft_53tet,3.0kbps,24000,20260826,1170.0,226.4,445.02116702128967,226.4Hz_+49.6c,3,226.36962105332378,444.98348771834424,226.40000341308385,445.021166732584,75.45435082447233,74.16497244907637,1902.0052369091034,3101.930307763065,0,1170.0857298130807,1169.9999727777217,0.08572981308066119,-2.722227827689494e-05,-0.1465873057985622,-1.123131071018395e-06
encodec_ft_encodec_ft_53tet,3.0kbps,24000,20260826,1170.0,226.4,445.02116702128967,226.4Hz_+49.6c,4,226.39095560240798,444.98533782113014,226.4000034553811,445.0211667258628,75.46211456708899,74.16409591187984,1901.990268889199,3101.957966821876,0,1169.929772633576,1169.9999724281365,-0.07022736642397831,-2.7571863483899506e-05,-0.1393893886460987,-1.149277950707933e-06
encodec_ft_encodec_ft_53tet,3.0kbps,24000,20260826,1175.0,220.0,433.6918074016825,220Hz_ongrid,0,219.98124154853355,433.6822859346938,220.00000092393012,433.6918077157863,73.3030956457592,86.73290290793153,1902.5213702961341,2786.3846576768683,0,1175.1096124405838,1174.9999939832232,0.10961244058375996,-6.016776751494035e-06,-0.03800871613574446,1.2538562426935843e-06
encodec_ft_encodec_ft_53tet,3.0kbps,24000,20260826,1175.0,220.0,433.6918074016825,220Hz_ongrid,1,220.0091687573991,433.730301852361,220.0000009574912,433.69180771846897,110.00212364625814,86.7421558795373,1200.0387270354313,2786.39163947613,0,1175.0815076775993,1174.9999937298314,0.08150767759934752,-6.270168569244561e-06,0.15365737867987683,1.2645651693509883e-06
encodec_ft_encodec_ft_53tet,3.0kbps,24000,20260826,1175.0,220.0,433.6918074016825,220Hz_ongrid,2,220.02355593020243,433.70405784954716,220.0000009485837,433.6918077216167,110.00943230304122,108.4245035062449,1200.0369136232007,2400.0241255473497,0,1174.8635438206516,1174.9999938124922,-0.13645617934844267,-6.1875077790318755e-06,0.04890129941943278,1.2771304175973883e-06
encodec_ft_encodec_ft_53tet,3.0kbps,24000,20260826,1175.0,220.0,433.6918074016825,220Hz_ongrid,3,219.99430170046577,433.72431016696845,220.00000094021493,433.6918077111883,109.99386604074785,108.43187935323725,1200.0517000567202,2399.9871981514852,0,1175.174583307186,1174.999993836719,0.17458330718591242,-6.163280886539724e-06,0.129741407470802,1.2355017620734622e-06
encodec_ft_encodec_ft_53tet,3.0kbps,24000,20260826,1175.0,220.0,433.6918074016825,220Hz_ongrid,4,219.99763359623287,433.7129649696028,220.00000094198015,433.69180771002925,73.33407794098855,72.2918691618378,1901.9188005401456,3101.8023266537803,0,1175.1030777588805,1174.9999938182016,0.10307775888054493,-6.181798426041496e-06,0.08445584611234627,1.2308749891087679e-06
encodec_ft_encodec_ft_53tet,3.0kbps,24000,20260826,1175.0,226.4,446.3082963442769,226.4Hz_+49.6c,0,226.42303617767084,446.24006232324206,226.40000333167188,446.3082963364453,75.47618587937977,74.37713256492343,1901.9127842076805,3101.8668078515857,0,1174.5591554277175,1174.9999744930144,-0.4408445722824581,-2.550698559389275e-05,-0.2647006396981493,-3.037886235830431e-08
encodec_ft_encodec_ft_53tet,3.0kbps,24000,20260826,1175.0,226.4,446.3082963442769,226.4Hz_+49.6c,1,226.34158418530154,446.2195837972541,226.40000352628658,446.30829633942125,75.44296213231101,74.37715428498511,1902.0521260149421,3101.7868519230774,0,1175.1026003074512,1174.9999730163795,0.10260030745121185,-2.698362050068681e-05,-0.34415100280519134,-1.883518681458303e-08
encodec_ft_encodec_ft_53tet,3.0kbps,24000,20260826,1175.0,226.4,446.3082963442769,226.4Hz_+49.6c,2,226.4447128734637,446.31651436268413,226.40000349027312,446.3082963100849,75.48010616204157,74.3861804996133,1901.9885975288207,3101.9527951669484,0,1174.6900011246837,1174.9999731779712,-0.3099988753162961,-2.682202875803341e-05,0.03187747665589959,-1.3263108313134906e-07
encodec_ft_encodec_ft_53tet,3.0kbps,24000,20260826,1175.0,226.4,446.3082963442769,226.4Hz_+49.6c,3,226.39175102376083,446.3058008768695,226.40000354669877,446.3082963107219,75.46719695918974,74.38604174786911,1901.8797564287886,3101.9144669771595,0,1175.0533993986421,1174.999972748967,0.05339939864211374,-2.725103308875987e-05,-0.009679968437678054,-1.301602802687691e-07
encodec_ft_encodec_ft_53tet,3.0kbps,24000,20260826,1175.0,226.4,446.3082963442769,226.4Hz_+49.6c,4,226.40739906974716,446.22039022668196,226.40000341868296,446.3082963148398,75.46860325583789,74.37518670892646,1901.9671535768684,3101.835779426374,0,1174.6023995296055,1174.999973743851,-0.3976004703945364,-2.6256149112668936e-05,-0.34102223644698676,-1.1418684248607929e-07
encodec_ft_encodec_ft_53tet,3.0kbps,24000,20260826,1180.0,220.0,434.9461689552743,220Hz_ongrid,0,219.9996683284921,434.9935194340891,220.000000923223,434.94616799253254,109.99434707768665,124.16425221192512,1200.0863607485446,2170.492844113518,0,1180.1910707983443,1179.999988902891,0.19107079834429896,-1.1097109108959557e-05,0.18846079179711792,-3.832040336724635e-06
encodec_ft_encodec_ft_53tet,3.0kbps,24000,20260826,1180.0,220.0,434.9461689552743,220Hz_ongrid,1,220.006145667867,434.98398898480735,220.00000096397133,434.94616798098997,109.993448880389,72.53592209850855,1200.1514689045414,3101.033703681249,0,1180.1021689731572,1179.9999885362888,0.10216897315717688,-1.146371118920797e-05,0.15053006797845842,-3.877983815676123e-06
encodec_ft_encodec_ft_53tet,3.0kbps,24000,20260826,1180.0,220.0,434.9461689552743,220Hz_ongrid,2,220.0003748102106,434.9717123155978,220.0000009545997,434.94616803097955,73.33681168078789,86.99835188600537,1901.8758363718887,2786.2339260387516,0,1180.0987188267404,1179.9999888090122,0.09871882674042354,-1.1190987834197585e-05,0.10166829785762962,-3.679008167508322e-06
encodec_ft_encodec_ft_53tet,3.0kbps,24000,20260826,1180.0,220.0,434.9461689552743,220Hz_ongrid,3,220.0205837673348,434.96366922433157,220.00000094031125,434.94616804711194,110.00747041302219,72.49075917455154,1200.0444021064368,3102.0310804176042,0,1179.9076844913027,1179.9999889856638,-0.09231550869731109,-1.1014336223524879e-05,0.06965563632973763,-3.6147957393782066e-06
encodec_ft_encodec_ft_53tet,3.0kbps,24000,20260826,1180.0,220.0,434.9461689552743,220Hz_ongrid,4,220.00680149794613,434.96594221156715,220.00000093366614,434.9461680350976,109.99682872693874,72.50061411493104,1200.1034336041153,3101.804786280732,0,1180.0251806818867,1179.9999889901349,0.02518068188669531,-1.1009865147570963e-05,0.0787025128669082,-3.6626168747388464e-06
encodec_ft_encodec_ft_53tet,3.0kbps,24000,20260826,1180.0,226.4,447.5991484157914,226.4Hz_+49.6c,0,226.41815805049652,447.56259171489967,226.40000354167998,447.5991485610057,75.4731351917231,74.59642871416357,1901.9454620931472,3101.8931869120925,0,1179.7197541013525,1179.999973479168,-0.2802458986475358,-2.6520832079768297e-05,-0.14140060394269477,5.616631756757671e-07
encodec_ft_encodec_ft_53tet,3.0kbps,24000,20260826,1180.0,226.4,447.5991484157914,226.4Hz_+49.6c,1,226.3738267588629,447.40936656073427,226.4000034245308,447.59914853555995,75.45335832857442,74.57221039691166,1902.0601731876275,3101.8625393371594,0,1179.4659547534711,1179.999974276564,-0.5340452465288763,-2.5723436010594014e-05,-0.7341981864895246,4.6324353440583314e-07
encodec_ft_encodec_ft_53tet,3.0kbps,24000,20260826,1180.0,226.4,447.5991484157914,226.4Hz_+49.6c,2,226.37187715779956,447.44683304805636,226.40000352090405,447.59914852540794,75.45567656953835,74.57433437587369,1901.992073310244,3101.9581998447707,0,1179.6258338596567,1179.9999735003514,-0.3741661403432772,-2.6499648583921953e-05,-0.5892290649318667,4.239774699768533e-07
encodec_ft_encodec_ft_53tet,3.0kbps,24000,20260826,1180.0,226.4,447.5991484157914,226.4Hz_+49.6c,3,226.30277058506806,447.56797068560974,226.4000034105326,447.5991485301204,75.42744383262183,74.59962008789516,1902.1113685564942,3101.8399295673344,0,1180.6230588280907,1179.9999743625658,0.6230588280907341,-2.5637434191594366e-05,-0.12059412579640179,4.422043260936997e-07
encodec_ft_encodec_ft_53tet,3.0kbps,24000,20260826,1180.0,226.4,447.5991484157914,226.4Hz_+49.6c,4,226.42267401327166,447.5694429102867,226.40000355680334,447.5991485391695,75.47550399979097,74.59718020676888,1901.9256557658543,3101.9022475273837,0,1179.7117257494563,1179.9999732790643,-0.28827425054373634,-2.6720935693447245e-05,-0.11489943479169602,4.772045796539072e-07
encodec_ft_encodec_ft_53tet,3.0kbps,24000,20260826,1185.0,220.0,436.20415848357135,220Hz_ongrid,0,219.99532665300106,436.1540350584218,220.00000095288624,436.20416147864745,109.9890373404651,109.03782164151646,1200.1357682141117,2400.0109096744736,0,1184.837831725377,1185.0000043885475,-0.16216827462289984,4.388547495182138e-06,-0.19894438090366492,1.1887043101467961e-05
encodec_ft_encodec_ft_53tet,3.0kbps,24000,20260826,1185.0,220.0,436.20415848357135,220Hz_ongrid,1,220.00506690234414,436.24393982453137,220.0000009448369,436.20416146447565,109.99960196255172,109.0602470896335,1200.046136760489,2400.011712932256,0,1185.1180072076706,1185.0000043956438,0.11800720767064377,4.395643827592721e-06,0.1578794478863618,1.1830797211162202e-05
encodec_ft_encodec_ft_53tet,3.0kbps,24000,20260826,1185.0,220.0,436.20415848357135,220Hz_ongrid,2,219.9915555746693,436.2300812779688,220.0000009446378,436.2041614707137,73.3277452342747,109.05651375115036,1902.0204757321733,2400.015978846969,0,1185.1693334659753,1185.0000044219685,0.16933346597534182,4.421968469614512e-06,0.10288093308493655,1.185555521307022e-05
encodec_ft_encodec_ft_53tet,3.0kbps,24000,20260826,1185.0,220.0,436.20415848357135,220Hz_ongrid,3,220.01136555578853,436.248778647866,220.00000094211103,436.2041614891768,109.99853252850656,109.06108041234474,1200.112531982048,2400.017687492393,0,1185.087646170925,1185.0000045151298,0.08764617092492699,4.515129830906517e-06,0.17708221150175787,1.1928832825019268e-05
encodec_ft_encodec_ft_53tet,3.0kbps,24000,20260826,1185.0,220.0,436.20415848357135,220Hz_ongrid,4,220.0139034948393,436.2039590530225,220.0000009535937,436.204161477622,73.33669792430317,109.04997682803535,1901.9849788682393,2400.0160808818987,0,1184.8898019279375,1185.0000043789103,-0.11019807206253063,4.3789102619484765e-06,-0.0007915124805896619,1.1882973340328395e-05
encodec_ft_encodec_ft_53tet,3.0kbps,24000,20260826,1185.0,226.4,448.89373400309347,226.4Hz_+49.6c,0,226.36561438454845,448.8706763717378,226.4000035946833,448.89373387944835,75.45086347225143,74.81302335463413,1902.054610451511,3101.9262143977253,0,1185.1740317601289,1184.9999720353414,0.17403176012885524,-2.7964658556811628e-05,-0.08892791035435643,-4.76858225311758e-07
encodec_ft_encodec_ft_53tet,3.0kbps,24000,20260826,1185.0,226.4,448.89373400309347,226.4Hz_+49.6c,1,226.38695498577454,448.9172139452587,226.4000034256251,448.89373387842187,75.45781773089267,74.82425018538466,1902.0582553174854,3101.8459157993916,0,1185.190307374738,1184.9999733241357,0.19030737473804038,-2.6675864319258835e-05,0.0905519707656166,-4.808168916492072e-07
encodec_ft_encodec_ft_53tet,3.0kbps,24000,20260826,1185.0,226.4,448.89373400309347,226.4Hz_+49.6c,2,226.36533395704646,448.76474513131586,226.4000035672006,448.89373389110773,75.4511227736924,74.79406344782608,1902.0465160438382,3101.956406810812,0,1184.7675656421618,1184.9999722904622,-0.23243435783820132,-2.7709537789633032e-05,-0.4975387265865423,-4.3189172746590613e-07
encodec_ft_encodec_ft_53tet,3.0kbps,24000,20260826,1185.0,226.4,448.89373400309347,226.4Hz_+49.6c,3,226.36544508085606,448.9647592324751,226.40000340863537,448.8937338926558,75.45436963598303,74.82703742000923,1901.972867916385,3101.964774890503,0,1185.5381535514286,1184.9999735089482,0.5381535514286497,-2.649105181262712e-05,0.2738990534280326,-4.259214374207371e-07
encodec_ft_encodec_ft_53tet,3.0kbps,24000,20260826,1185.0,226.4,448.89373400309347,226.4Hz_+49.6c,4,226.36035427611353,448.84199061357236,226.40000340362042,448.8937338905275,75.45151462176352,74.8066525639296,1901.999440229312,3101.9630052794287,0,1185.1036206398821,1184.9999735390884,0.10362063988213777,-2.6460911612957716e-05,-0.19956857100800585,-4.341293849479107e-07
encodec_ft_encodec_ft_53tet,3.0kbps,24000,20260826,1190.0,220.0,437.46578647972086,220Hz_ongrid,0,220.0098686293734,437.4935566247657,220.00000093786164,437.4657939790045,109.99822076176513,72.92169226412588,1200.1056596793587,3101.8101867248697,0,1190.0322375976064,1190.0000222975204,0.03223759760635403,2.2297520445135888e-05,0.10989452491520524,2.9677783756255318e-05
encodec_ft_encodec_ft_53tet,3.0kbps,24000,20260826,1190.0,220.0,437.46578647972086,220Hz_ongrid,1,220.02238198889648,437.4495121834115,220.0000009499501,437.4657939421986,110.00517443198181,87.49044147205244,1200.0946845729648,2786.3030475652317,0,1189.7594742327988,1190.0000220567372,-0.24052576720123398,2.2056737179809716e-05,-0.06440535659076838,2.9532127671592392e-05
encodec_ft_encodec_ft_53tet,3.0kbps,24000,20260826,1190.0,220.0,437.46578647972086,220Hz_ongrid,2,220.01693018361038,437.43888289270024,220.00000094565334,437.46579401715076,73.334430787049,87.4867171539987,1902.0623153086858,2786.334678198542,0,1189.7603053954354,1190.0000223871662,-0.2396946045646473,2.238716615465819e-05,-0.10647195640226383,2.9828744330693743e-05
encodec_ft_encodec_ft_53tet,3.0kbps,24000,20260826,1190.0,220.0,437.46578647972086,220Hz_ongrid,3,219.98706989450935,437.51798715334354,220.00000095383487,437.46579403347766,73.32506206952517,87.4962491424322,1902.0485245321868,2786.4591037843575,0,1190.308320617436,1190.000022387396,0.30832061743603845,2.2387396029444062e-05,0.20656745048393982,2.989335692961298e-05
encodec_ft_encodec_ft_53tet,3.0kbps,24000,20260826,1190.0,220.0,437.46578647972086,220Hz_ongrid,4,220.0170014583804,437.4862698394185,220.0000009296527,437.465793949023,109.9969673709264,87.4972397072264,1200.1815131479875,2786.3139960284043,0,1189.947275791599,1190.0000222434692,-0.052724208401059514,2.2243469175009523e-05,0.0810592751869615,2.9559134478614543e-05
encodec_ft_encodec_ft_53tet,3.0kbps,24000,20260826,1190.0,226.4,450.1920639045855,226.4Hz_+49.6c,0,226.36803640192744,450.0582839495774,226.40000340342743,450.1920641608687,75.45327855731135,75.01270286031361,1902.017720144977,3101.8860187572336,0,1189.7299029367277,1189.9999749602423,-0.27009706327226013,-2.5039757701961207e-05,-0.5145333527491557,9.855487712429925e-07
encodec_ft_encodec_ft_53tet,3.0kbps,24000,20260826,1190.0,226.4,450.1920639045855,226.4Hz_+49.6c,1,226.37849844089135,450.0355892014362,226.40000339326414,450.1920641663451,75.45723293065357,75.00594565547233,1902.0070020961907,3101.954674913684,0,1189.5625906086973,1189.9999750590187,-0.4374093913027082,-2.4940981347754132e-05,-0.6018351818079555,1.0066083533410753e-06
encodec_ft_encodec_ft_53tet,3.0kbps,24000,20260826,1190.0,226.4,450.1920639045855,226.4Hz_+49.6c,2,226.41422985464646,450.1218892916852,226.40000347002345,450.192064140506,75.46900588302853,75.02015504112343,1902.0101485242296,3101.958689495225,0,1189.6213099604427,1189.9999743726905,-0.37869003955734115,-2.5627309469200554e-05,-0.26988069894457273,9.07243060593006e-07
encodec_ft_encodec_ft_53tet,3.0kbps,24000,20260826,1190.0,226.4,450.1920639045855,226.4Hz_+49.6c,3,226.33379262946454,450.1081559149895,226.40000355154191,450.1920641577811,75.44550567929001,75.01844361968841,1901.9341619082286,3101.945362915962,0,1190.1836460688096,1189.9999738157678,0.183646068809594,-2.6184232183368294e-05,-0.32270206271214075,9.736750787077309e-07
encodec_ft_encodec_ft_53tet,3.0kbps,24000,20260826,1190.0,226.4,450.1920639045855,226.4Hz_+49.6c,4,226.41824512726245,450.32925129623464,226.40000346776864,450.1920641120251,75.47188222269592,75.05494415649179,1901.9748692589853,3101.9534106688293,0,1190.3879688867655,1189.9999742804082,0.38796888676552044,-2.5719591803863295e-05,0.527479985990101,7.977185491668058e-07
encodec_ft_encodec_ft_53tet,3.0kbps,24000,20260826,1195.0,220.0,438.73106346721926,220Hz_ongrid,0,220.01571717268087,438.7433066796751,220.00000095044635,438.7310678030667,73.34464791466789,73.12740621226362,1901.8115876841384,3101.8716238150823,0,1194.9246332024272,1195.0000096299707,-0.07536679757276943,9.629970691094059e-06,0.04831107778402105,1.710926663778664e-05
encodec_ft_encodec_ft_53tet,3.0kbps,24000,20260826,1195.0,220.0,438.73106346721926,220Hz_ongrid,1,219.99712778138286,438.74190701258146,220.00000091497233,438.73106780972677,73.33208711297455,109.68485962332956,1901.9618192164085,2400.009740570831,0,1195.065390474167,1195.0000099354052,0.06539047416708854,9.935405159922084e-06,0.0427881326857969,1.7135547292289895e-05
encodec_ft_encodec_ft_53tet,3.0kbps,24000,20260826,1195.0,220.0,438.73106346721926,220Hz_ongrid,2,220.00013218082432,438.70405108609344,220.00000094814877,438.73106779889673,73.33197672035553,87.74094583063848,1901.9880678871284,2786.3110380474154,0,1194.8923656211537,1195.0000096315962,-0.10763437884634186,9.631596185499802e-06,-0.10659421577842874,1.7092811917369686e-05
encodec_ft_encodec_ft_53tet,3.0kbps,24000,20260826,1195.0,220.0,438.73106346721926,220Hz_ongrid,3,220.0212524169836,438.7614526740374,220.0000009574079,438.7310678064619,109.99864343863388,73.12917858001902,1200.1885827741164,3101.901265573145,0,1194.9526793322582,1195.000009588586,-0.04732066774181476,9.588585953679285e-06,0.11991174539041635,1.71226641361155e-05
encodec_ft_encodec_ft_53tet,3.0kbps,24000,20260826,1195.0,220.0,438.73106346721926,220Hz_ongrid,4,220.02099364538512,438.7339904794543,220.00000094997864,438.73106780453486,110.00721797397324,109.68328652835817,1200.0515999773042,2400.003331851748,0,1194.8463536888949,1195.0000096394447,-0.15364631110514892,9.639444670028752e-06,0.011549960241989475,1.711505971421888e-05
encodec_ft_encodec_ft_53tet,3.0kbps,24000,20260826,1195.0,226.4,451.494148949902,226.4Hz_+49.6c,0,226.37145685626717,451.36522352710404,226.4000034190619,451.4941436215256,75.45255100917149,75.22995972008606,1902.0605724216664,3101.8992528307604,0,1194.7238479427074,1194.9999534237197,-0.27615205729262016,-4.657628028326144e-05,-0.4944293431719855,-2.043142034150432e-05
encodec_ft_encodec_ft_53tet,3.0kbps,24000,20260826,1195.0,226.4,451.494148949902,226.4Hz_+49.6c,1,226.37194342374377,451.6011522763109,226.40000350444902,451.49414362390746,75.45628622113932,75.26721038997775,1901.978592474912,3101.9469118573757,0,1195.6248069795986,1194.999952779915,0.6248069795985884,-4.722008497992647e-05,0.4102508398789616,-2.0422287116160063e-05
encodec_ft_encodec_ft_53tet,3.0kbps,24000,20260826,1195.0,226.4,451.494148949902,226.4Hz_+49.6c,2,226.35422654660331,451.4846713673264,226.40000343175797,451.4941436419157,75.44664231212475,75.24774490844672,1902.0643725987518,3101.9481060644694,0,1195.3137137878448,1194.9999534048204,0.3137137878447902,-4.659517958316428e-05,-0.036341746426611,-2.035323552720684e-05
encodec_ft_encodec_ft_53tet,3.0kbps,24000,20260826,1195.0,226.4,451.494148949902,226.4Hz_+49.6c,3,226.40623791801912,451.6313908385238,226.40000348984725,451.4941436233927,75.46746215420228,75.27226674145275,1901.9844515886703,3101.9465308096724,0,1195.478468481745,1194.999952889598,0.47846848174503975,-4.711040196525573e-05,0.5261678956058105,-2.0424261067595e-05
encodec_ft_encodec_ft_53tet,3.0kbps,24000,20260826,1195.0,226.4,451.494148949902,226.4Hz_+49.6c,4,226.364821381859,451.4438447666397,226.40000349205542,451.4941436333143,75.45043973045371,75.24098613228519,1902.0582684533476,3101.947054903501,0,1195.0761246508312,1194.9999529107565,0.07612465083116149,-4.708924348051369e-05,-0.19289987921731566,-2.0386217045850227e-05
encodec_ft_encodec_ft_53tet,3.0kbps,24000,20260826,1200.0,220.0,440.0,220Hz_ongrid,0,220.020487449867,439.98793855943893,220.00000095156312,439.99999889657494,110.00588881077178,109.99643157262109,1200.0685347532624,2400.008704704454,0,1199.791328860078,1199.9999881703545,-0.20867113992198938,-1.1829645472971606e-05,-0.04745786996951454,-4.341561404560237e-06
encodec_ft_encodec_ft_53tet,3.0kbps,24000,20260826,1200.0,220.0,440.0,220Hz_ongrid,1,219.98091386976216,439.9924982277664,220.00000095016117,439.99999891572577,109.98246576545365,79.9992089011695,1200.1257844323827,2951.3055452688113,0,1200.120683067293,1199.999988256738,0.12068306729292999,-1.1743261893570889e-05,-0.029516895986235667,-4.266210085807527e-06
encodec_ft_encodec_ft_53tet,3.0kbps,24000,20260826,1200.0,220.0,440.0,220Hz_ongrid,2,220.02589870301077,439.9930158040532,220.00000094365896,439.9999988924911,73.34834577867053,79.99927258117766,1901.8044185368985,2951.306203694255,0,1199.7687283433524,1199.999988216486,-0.23127165664755012,-1.178351408270828e-05,-0.027480394984066563,-4.3576299841493335e-06
encodec_ft_encodec_ft_53tet,3.0kbps,24000,20260826,1200.0,220.0,440.0,220Hz_ongrid,3,220.0153329078541,440.00725040066834,220.00000095849532,439.9999989164426,110.00011004945912,80.00689882028747,1200.11892220281,2951.1971827513344,0,1199.9078731426166,1199.9999881939752,-0.09212685738339133,-1.1806024758698186e-05,0.028527357021200836,-4.26338966096956e-06
encodec_ft_encodec_ft_53tet,3.0kbps,24000,20260826,1200.0,220.0,440.0,220Hz_ongrid,4,219.97386821810414,440.0304448322567,220.00000094051464,439.99999888089286,109.98349321824513,80.00569829722828,1200.0541617107076,2951.3144179672363,0,1200.325434413835,1199.9999881955946,0.3254344138349552,-1.180440540338168e-05,0.11978478824552748,-4.403264588730486e-06
encodec_ft_encodec_ft_53tet,3.0kbps,24000,20260826,1200.0,226.4,452.8,226.4Hz_+49.6c,0,226.40338789764974,452.7611507187948,226.40000337659635,452.7999934024145,75.46752798689042,75.46106262942618,1901.9611483243739,3101.9350217976244,0,1199.8255510521292,1199.999948954678,-0.17444894787081466,-5.1045321924902964e-05,-0.14854258796800804,-2.522518716345857e-05
encodec_ft_encodec_ft_53tet,3.0kbps,24000,20260826,1200.0,226.4,452.8,226.4Hz_+49.6c,1,226.38223824570727,452.74415061048353,226.40000353234464,452.79999341139415,75.45784339532734,75.4618740034901,1902.0215961052522,3101.851402329171,0,1199.922278250924,1199.9999477980357,-0.07772174907609042,-5.2201964308551396e-05,-0.2135475444415967,-2.5190854439404024e-05
encodec_ft_encodec_ft_53tet,3.0kbps,24000,20260826,1200.0,226.4,452.8,226.4Hz_+49.6c,2,226.45842350965594,452.8133072203907,226.40000349072872,452.7999934013785,75.48736592263911,75.47239005654427,1901.9269120475553,3101.87458713791,0,1199.6041831548443,1199.9999480779702,-0.3958168451556503,-5.192202979742433e-05,0.05087803559591351,-2.5229148136319724e-05
encodec_ft_encodec_ft_53tet,3.0kbps,24000,20260826,1200.0,226.4,452.8,226.4Hz_+49.6c,3,226.39457134105638,452.783190377221,226.40000348132153,452.7999934117441,75.46079604269768,75.4664623403413,1902.048168119918,3101.8954171452606,0,1199.9772412815123,1199.9999481895368,-0.02275871848769384,-5.181046321922622e-05,-0.06427105012457918,-2.5189516496270973e-05
encodec_ft_encodec_ft_53tet,3.0kbps,24000,20260826,1200.0,226.4,452.8,226.4Hz_+49.6c,4,226.41259862680718,452.8713356203587,226.40000348612432,452.79999340956437,75.46841939859226,75.4790034147321,1902.011129412194,3101.94473719707,0,1200.1763864796783,1199.999948144477,0.17638647967828547,-5.1855522997357184e-05,0.2727228968709754,-2.5197850338578986e-05
