codec,rate_label,sample_rate,seed,theta_cents,f1_nominal,f2_nominal,reference_label,rep,f1_hat_coded,f2_hat_coded,f1_hat_uncoded,f2_hat_uncoded,f1_crosscheck_coded,f2_crosscheck_coded,disagreement_f1_cents,disagreement_f2_cents,octave_flag,interval_coded_cents,interval_uncoded_cents,residual_coded_cents,residual_uncoded_cents,abs_residual_f2_coded_cents,abs_residual_f2_uncoded_cents
encodec_untrained,random-init-no-quant,24000,20260826,0.0,440.0,440.0,440Hz_ongrid,0,1499.9552428545317,1499.955281918835,439.99999890643517,439.9999989203443,600.0000062935078,600.0000044436355,1586.262038205476,1586.2620886307257,1,4.508764596809265e-05,5.472708211618874e-08,4.508764596809265e-05,5.472708211618874e-08,2123.2128738178126,-4.248038008234651e-06
encodec_untrained,random-init-no-quant,24000,20260826,0.0,440.0,440.0,440Hz_ongrid,1,1499.9551579453396,1499.955165496559,439.99999890817907,439.99999891358925,599.999988868387,600.000001981881,1586.261990482364,1586.2619613603638,1,8.715545937310164e-06,2.1287153528899714e-08,8.715545937310164e-06,2.1287153528899714e-08,2123.212739444329,-4.274616581728104e-06
encodec_untrained,random-init-no-quant,24000,20260826,0.0,440.0,440.0,440Hz_ongrid,2,1499.9552139359823,1499.9553624021037,439.99999891806067,439.9999989143099,599.9999933084722,599.9999934533846,1586.2620422948546,1586.2622132349034,1,0.00017135817731125735,-1.4757737423427693e-08,0.00017135817731125735,-1.4757737423427693e-08,2123.2129667108293,-4.271780972648458e-06
encodec_untrained,random-init-no-quant,24000,20260826,0.0,440.0,440.0,440Hz_ongrid,3,1499.9552148825057,1499.9552979992613,439.9999989132737,439.9999989089345,599.9999964292145,599.9999881453294,1586.262034382764,1586.2621542175707,1,9.593256634433646e-05,-1.7073045963346246e-08,9.593256634433646e-05,-1.7073045963346246e-08,2123.212892377687,-4.292931275849563e-06
encodec_untrained,random-init-no-quant,24000,20260826,0.0,440.0,440.0,440Hz_ongrid,4,1499.955288307994,1499.955170492625,439.9999989199129,439.9999989139952,600.0000030266688,599.9999972120644,1586.2621000935333,1586.2619808895574,1,-0.00013598137740398133,-2.3283785200484923e-08,-0.00013598137740398133,-2.3283785200484923e-08,2123.2127452107416,-4.273019161063769e-06
encodec_untrained,random-init-no-quant,24000,20260826,0.0,452.8929,452.8929,452.9Hz_+50.0c,0,1499.9552616874214,1499.9552890301595,452.8929010465134,452.8929010391853,599.9999943446091,599.9999912188366,1586.2620944194514,1586.262134997252,1,3.15587272339395e-05,-2.8012427131366254e-08,3.15587272339395e-05,-2.8012427131366254e-08,2073.2132035957566,3.972402496508183e-06
encodec_untrained,random-init-no-quant,24000,20260826,0.0,452.8929,452.8929,452.9Hz_+50.0c,1,1499.9550742987285,1499.9550342747727,452.8929010416567,452.8929010401568,599.9999895232187,600.0000219587399,1586.2618920487894,1586.2617522643845,1,-4.619527417046418e-05,-5.733684962127663e-09,-4.619527417046418e-05,-5.733684962127663e-09,2073.2129095595005,3.9761162929140605e-06
encodec_untrained,random-init-no-quant,24000,20260826,0.0,452.8929,452.8929,452.9Hz_+50.0c,2,1499.955000104413,1499.9551074967842,452.8929010469178,452.8929010376845,599.9999946064538,599.9999915897562,1586.2617917472892,1586.2619244029058,1,0.00012395126720867104,-3.529528915086247e-08,0.00012395126720867104,-3.529528915086247e-08,2073.212994071658,3.966665928475366e-06
encodec_untrained,random-init-no-quant,24000,20260826,0.0,452.8929,452.8929,452.9Hz_+50.0c,3,1499.9552265587645,1499.9548901492337,452.89290104897003,452.8929010538118,599.9999808988914,600.0000152742789,1586.262092670432,1586.261605203307,1,-0.0003882807227028832,1.8508245105402287e-08,-0.0003882807227028832,1.8508245105402287e-08,2073.2127432111456,4.028313949343033e-06
encodec_untrained,random-init-no-quant,24000,20260826,0.0,452.8929,452.8929,452.9Hz_+50.0c,4,1499.955204928681,1499.955113590183,452.8929010417582,452.89290105219743,599.9999791727246,600.0000112964648,1586.2620726858602,1586.2618745743077,1,-0.00010542203013626952,3.990534023168282e-08,-0.00010542203013626952,3.990534023168282e-08,2073.2130011046015,4.022142996677492e-06
encodec_untrained,random-init-no-quant,24000,20260826,5.0,440.0,441.2726066625215,440Hz_ongrid,0,1499.9552098761949,1499.9550640006285,439.9999989194952,441.2726035505878,599.9999981673377,599.9999898986418,1586.262023589364,1586.2618790795766,1,-0.00016836820076333232,4.999992042405136,-5.000168368200764,-7.957594863938766e-06,2118.212622298683,-1.2208973710158361e-05
encodec_untrained,random-init-no-quant,24000,20260826,5.0,440.0,441.2726066625215,440Hz_ongrid,1,1499.9552410055878,1499.9550449350404,439.99999891724445,441.2726035387518,599.9999954874539,599.9999980126074,1586.2620672511232,1586.261833662298,1,-0.0002263027727431546,4.999992004825387,-5.000226302772743,-7.995174613029121e-06,2118.2126002933605,-1.2255409620057808e-05
encodec_untrained,random-init-no-quant,24000,20260826,5.0,440.0,441.2726066625215,440Hz_ongrid,2,1499.9550246702524,1499.9551357794987,439.99999891499056,441.2726035591435,599.9999996610953,599.9999874442386,1586.2618055163389,1586.261969007984,1,0.000128241247234306,4.999992093695618,-4.999871758752766,-7.906304381855023e-06,2118.2127051451794,-1.2175407502261169e-05
encodec_untrained,random-init-no-quant,24000,20260826,5.0,440.0,441.2726066625215,440Hz_ongrid,3,1499.9552023245426,1499.9553376533236,439.9999989041002,441.2726035445015,600.0000115251178,600.0000006477741,1586.261976330913,1586.262163911479,1,0.000156195186598844,4.999992079100606,-4.999843804813401,-7.920899394164849e-06,2118.2129381460254,-1.2232851795212234e-05
encodec_untrained,random-init-no-quant,24000,20260826,5.0,440.0,441.2726066625215,440Hz_ongrid,4,1499.955193919378,1499.9550022098258,439.9999989117146,441.27260353212836,600.0000048547981,599.9999922969614,1586.2619858762255,1586.2618008411237,1,-0.0002212693597519695,4.999992000597559,-5.000221269359752,-7.999402440894698e-06,2118.2125509803177,-1.2281395239424132e-05
encodec_untrained,random-init-no-quant,24000,20260826,5.0,452.8929,454.2027966407925,452.9Hz_+50.0c,0,1499.9551629710459,1499.95509923861,452.89290104729764,454.20279597260856,599.9999935989764,600.0000058639129,1586.2619826333907,1586.2618736848888,1,-7.355937568589266e-05,4.999993449744951,-5.000073559375686,-6.550255048587417e-06,2068.212984540151,-2.5468420866386073e-06
encodec_untrained,random-init-no-quant,24000,20260826,5.0,452.8929,454.2027966407925,452.9Hz_+50.0c,1,1499.9550833164162,1499.9550314587545,452.89290103877096,454.20279599500236,599.9999706941635,599.9999847265286,1586.2619567860906,1586.2618564436157,1,-5.9853626404532646e-05,4.999993567695198,-5.0000598536264045,-6.432304801684552e-06,2068.212906309279,-2.4614860825671637e-06
encodec_untrained,random-init-no-quant,24000,20260826,5.0,452.8929,454.2027966407925,452.9Hz_+50.0c,2,1499.9551577045697,1499.955060952773,452.8929010336284,454.202795977194,600.0000019179076,599.9999936401831,1586.261952551512,1586.2618647659644,1,-0.00011167001190464969,4.99999351947497,-5.000111670011905,-6.480525030383433e-06,2068.2129403509985,-2.5293642556766996e-06
encodec_untrained,random-init-no-quant,24000,20260826,5.0,452.8929,454.2027966407925,452.9Hz_+50.0c,3,1499.9552977844212,1499.9548711160453,452.8929010486558,454.20279596911234,600.0000005540705,600.0000140573072,1586.2621181655454,1586.2615867468146,1,-0.000492456625983842,4.999993431227221,-5.000492456625984,-6.568772779047549e-06,2068.2127212432156,-2.560168084640012e-06
encodec_untrained,random-init-no-quant,24000,20260826,5.0,452.8929,454.2027966407925,452.9Hz_+50.0c,4,1499.9552578574205,1499.9550417661897,452.89290104124984,454.20279597391317,599.9999720210828,600.0000047737342,1586.2621544109843,1586.261810496352,1,-0.00024941045505269863,4.999993477836045,-5.000249410455052,-6.522163954691962e-06,2068.212918206024,-2.5418693436008966e-06
encodec_untrained,random-init-no-quant,24000,20260826,10.0,440.0,442.5488940698555,440Hz_ongrid,0,1499.955214883246,1499.95499302901,439.9999989138072,442.5488917551582,599.9999940778525,599.9999909897593,1586.2620411682149,1586.2617940164996,1,-0.0002560620691398633,9.999995218753218,-10.00025606206914,-4.781246781604409e-06,2113.212540383906,-9.0550058497944e-06
encodec_untrained,random-init-no-quant,24000,20260826,10.0,440.0,442.5488940698555,440Hz_ongrid,1,1499.955338480482,1499.9550398415927,439.9999989165796,442.5488917577972,599.9999955078931,600.0000081799628,1586.2621796967387,1586.261798446702,1,-0.0003446861728006107,9.999995218168456,-10.0003446861728,-4.781831544065085e-06,2113.212594414551,-9.044682103078059e-06
encodec_untrained,random-init-no-quant,24000,20260826,10.0,440.0,442.5488940698555,440Hz_ongrid,2,1499.9552839046262,1499.9548924669025,439.99999891257096,442.5488917574984,599.9999879594674,599.9999922364589,1586.2621384859622,1586.2616743514357,1,-0.0004517937374606254,9.99999523277221,-10.00045179373746,-4.767227789415074e-06,2113.2124243160565,-9.04585109748394e-06
encodec_untrained,random-init-no-quant,24000,20260826,10.0,440.0,442.5488940698555,440Hz_ongrid,3,1499.9552343870469,1499.9551749805316,439.99999890971145,442.548891755722,599.9999985724118,599.9999901082856,1586.26205071076,1586.26200656663,1,-6.856643548712151e-05,9.999995237074222,-10.000068566435488,-4.762925778223348e-06,2113.212750390641,-9.052800098429398e-06
encodec_untrained,random-init-no-quant,24000,20260826,10.0,440.0,442.5488940698555,440Hz_ongrid,4,1499.9552053583448,1499.954996640421,439.9999989072217,442.5488917616802,599.9999989101923,600.0000016214302,1586.262016231479,1586.2617675082386,1,-0.0002409002614941789,9.999995270178227,-10.000240900261494,-4.729821773352683e-06,2113.212544552163,-9.029492095202977e-06
encodec_untrained,random-init-no-quant,24000,20260826,10.0,452.8929,455.5164818797492,452.9Hz_+50.0c,0,1499.9548647619936,1499.955144068087,452.89290104225273,455.51648048738895,599.9999791113426,599.9999933193061,1586.2616802457674,1586.2619616227323,1,0.0003223724831035343,9.99999072407285,-9.999677627516897,-9.275927149943186e-06,2063.2130362819107,-5.2917987443074446e-06
encodec_untrained,random-init-no-quant,24000,20260826,10.0,452.8929,455.5164818797492,452.9Hz_+50.0c,1,1499.9548264337882,1499.9552469089315,452.89290103715007,455.5164804833719,600.0000072373514,600.0000072700017,1586.2615548531985,1586.2620400674602,1,0.000485308470616646,9.999990728311035,-9.999514691529383,-9.271688965029057e-06,2063.2131549798373,-5.307066018797241e-06
encodec_untrained,random-init-no-quant,24000,20260826,10.0,452.8929,455.5164818797492,452.9Hz_+50.0c,2,1499.9551244056165,1499.9551694773033,452.89290103918273,455.51648048177447,599.9999981466599,600.0000059493425,1586.2619249996956,1586.2619545072275,1,5.202131482724391e-05,9.99999071447015,-9.999947978685173,-9.28552985079989e-06,2063.213065608988,-5.3131370245888315e-06
encodec_untrained,random-init-no-quant,24000,20260826,10.0,452.8929,455.5164818797492,452.9Hz_+50.0c,3,1499.955121917118,1499.9550986610727,452.8929010418669,455.516480482971,599.9999721665898,599.9999857412686,1586.2619970901324,1586.2619310799794,1,-2.6841908364710896e-05,9.999990708757064,-10.000026841908365,-9.291242935915989e-06,2063.212983873563,-5.308589440310065e-06
encodec_untrained,random-init-no-quant,24000,20260826,10.0,452.8929,455.5164818797492,452.9Hz_+50.0c,4,1499.9551583892537,1499.9551742129577,452.89290103859065,455.51648048812365,599.9999976598237,599.9999893666667,1586.2619656280006,1586.2620078205634,1,1.826356921486042e-05,9.999990740863916,-9.999981736430785,-9.25913608362805e-06,2063.213071074835,-5.289006381484066e-06
encodec_untrained,random-init-no-quant,24000,20260826,15.0,440.0,443.82887286777554,440Hz_ongrid,0,1499.9551747378307,1499.9550108667743,439.9999989129592,443.82887074885815,599.9999873052657,599.9999954235604,1586.262014374313,1586.2618018114345,1,-0.00018913843084213906,14.999996011878428,-15.000189138430843,-3.988121571651959e-06,2108.212560972087,-8.265216930323547e-06
encodec_untrained,random-init-no-quant,24000,20260826,15.0,440.0,443.82887286777554,440Hz_ongrid,1,1499.9552075499244,1499.9550492876976,439.9999989162026,443.82887077318014,600.000006261485,599.9999978198948,1586.2619975496325,1586.2618392421452,1,-0.00018266476807791073,14.999996093989136,-15.000182664768078,-3.906010864085374e-06,2108.212605317157,-8.17034463494741e-06
encodec_untrained,random-init-no-quant,24000,20260826,15.0,440.0,443.82887286777554,440Hz_ongrid,2,1499.955209391106,1499.9553577448385,439.9999989125316,443.8288707489059,599.9999934160571,599.9999999863132,1586.2620367387774,1586.262189009485,1,0.0001712284596933024,14.999996013746937,-14.999828771540306,-3.986253062748801e-06,2108.212961335459,-8.265030683105728e-06
encodec_untrained,random-init-no-quant,24000,20260826,15.0,440.0,443.82887286777554,440Hz_ongrid,3,1499.955355877154,1499.955102384673,439.99999891108916,443.828870770215,599.9999999898002,599.9999994468886,1586.2621868437604,1586.261895831663,1,-0.0002925786089894033,14.999996102542811,-15.00029257860899,-3.897457188983822e-06,2108.212666601187,-8.181910798599647e-06
encodec_untrained,random-init-no-quant,24000,20260826,15.0,440.0,443.82887286777554,440Hz_ongrid,4,1499.955214457629,1499.9551050401979,439.99999890444565,443.82887075755264,600.0000077795283,599.9999832419629,1586.2620011422923,1586.2619456541775,1,-0.00012628856330907292,14.999996079290307,-15.000126288563308,-3.9207096929061436e-06,2108.2126696661685,-8.23130263817726e-06
encodec_untrained,random-init-no-quant,24000,20260826,15.0,452.8929,456.8339666745868,452.9Hz_+50.0c,0,1499.9553508993988,1499.955096195598,452.8929010403328,456.8339639188895,599.9999987590909,600.0000078601691,1586.2621846495597,1586.2618644126949,1,-0.0002939767038481137,14.999985580123502,-15.000293976703848,-1.4419876498195094e-05,2058.2129810279353,-1.044308733705033e-05
encodec_untrained,random-init-no-quant,24000,20260826,15.0,452.8929,456.8339666745868,452.9Hz_+50.0c,1,1499.9550228763135,1499.9549909335665,452.89290104809555,456.8339639312671,599.9999938740008,600.0000067854191,1586.2618201438165,1586.2617460213182,1,-3.686802004995805e-05,14.99998559735623,-15.00003686802005,-1.4402643769173551e-05,2058.2128595354857,-1.0396180907911786e-05
encodec_untrained,random-init-no-quant,24000,20260826,15.0,452.8929,456.8339666745868,452.9Hz_+50.0c,2,1499.9552298245299,1499.955251097284,452.8929010517624,456.8339639239499,599.9999970937324,600.0000011001298,1586.2620497113126,1586.2620627041035,1,2.4552810134549693e-05,14.999985555609571,-14.999975447189865,-1.4444390428636211e-05,2058.213159813994,-1.0423910216375257e-05
encodec_untrained,random-init-no-quant,24000,20260826,15.0,452.8929,456.8339666745868,452.9Hz_+50.0c,3,1499.9550236397877,1499.9551277045055,452.89290103951015,456.83396392937635,599.9999832801398,599.9999945716354,1586.2618515924335,1586.2619391225821,1,0.00012011051927264805,14.999985623009634,-14.999879889480727,-1.4376990366216091e-05,2058.2130173952196,-1.0403345947947383e-05
encodec_untrained,random-init-no-quant,24000,20260826,15.0,452.8929,456.8339666745868,452.9Hz_+50.0c,4,1499.9552945856597,1499.9550555266587,452.89290104192395,456.8339639344538,599.9999861621828,600.0000057650966,1586.2621559997758,1586.261823518089,1,-0.00027591963340688967,14.999985633024046,-15.000275919633406,-1.436697595380565e-05,2058.2129340882284,-1.0384104438399637e-05
encodec_untrained,random-init-no-quant,24000,20260826,20.0,440.0,445.1125537328459,440Hz_ongrid,0,1499.9552256497034,1499.9552058020083,439.9999989207328,445.1125513912131,599.9999934009454,600.0000005066934,1586.2620555478989,1586.262012137023,1,-2.2908020924319848e-05,19.999995138893,-20.000022908020924,-4.861107001374876e-06,2103.2127859644966,-9.107616556433415e-06
encodec_untrained,random-init-no-quant,24000,20260826,20.0,440.0,445.1125537328459,440Hz_ongrid,1,1499.9552380301004,1499.9553428121935,439.99999890821977,445.1125513904952,599.9999977865313,599.9999960536342,1586.2620571831094,1586.2621831216832,1,0.00012093848977102575,19.99999518533457,-19.999879061510228,-4.814665430785681e-06,2103.2129441003435,-9.110408919262954e-06
encodec_untrained,random-init-no-quant,24000,20260826,20.0,440.0,445.1125537328459,440Hz_ongrid,2,1499.9551885438375,1499.9551205119974,439.9999989098952,445.1125513886626,599.9999908154649,600.0000094442169,1586.2620201807808,1586.2618879078586,1,-7.852170619640313e-05,19.99999517161482,-20.000078521706197,-4.828385179678207e-06,2103.2126875235735,-9.117536479202936e-06
encodec_untrained,random-init-no-quant,24000,20260826,20.0,440.0,445.1125537328459,440Hz_ongrid,3,1499.9552653456524,1499.9551469203734,439.99999890529404,445.1125513986276,600.0000045933543,599.9999949531242,1586.2620690701192,1586.2619602006116,1,-0.00013668533197127525,19.999995228476635,-20.00013668533197,-4.7715233648659705e-06,2103.2127180038715,-9.078778413935183e-06
encodec_untrained,random-init-no-quant,24000,20260826,20.0,440.0,445.1125537328459,440Hz_ongrid,4,1499.9553670742275,1499.9551448285176,439.99999891251605,445.1125513971095,599.999997469045,600.0000041594975,1586.2622070406771,1586.261931222233,1,-0.0002565138784306532,19.999995194156174,-20.00025651387843,-4.805843826005685e-06,2103.2127155894714,-9.084682969697989e-06
encodec_untrained,random-init-no-quant,24000,20260826,20.0,452.8929,458.15526201471454,452.9Hz_+50.0c,0,1499.955273096211,1499.9550866774155,452.89290104441415,458.1552639768671,600.0000114735562,599.9999831239525,1586.2620581636736,1586.261924800533,1,-0.00021516280651522716,20.000003422007016,-20.000215162806516,3.422007015529971e-06,2053.2129700421387,7.414397899159297e-06
encodec_untrained,random-init-no-quant,24000,20260826,20.0,452.8929,458.15526201471454,452.9Hz_+50.0c,1,1499.9550369395376,1499.9550357616108,452.8929010450281,458.1552639724207,599.9999920912873,599.9999918944309,1586.2618415192821,1586.2618407277373,1,-1.359552019804246e-06,20.000003402858646,-20.00000135955202,3.4028586455292498e-06,2053.212911275595,7.397596055355724e-06
encodec_untrained,random-init-no-quant,24000,20260826,20.0,452.8929,458.15526201471454,452.9Hz_+50.0c,2,1499.9551256533912,1499.9551536287538,452.89290104683323,458.15526397104134,599.9999689413612,600.000007271641,1586.2620107085465,1586.2619323996344,1,3.228889934366282e-05,20.000003390745896,-19.999967711100656,3.390745895615055e-06,2053.213047316742,7.392383824182161e-06
encodec_untrained,random-init-no-quant,24000,20260826,20.0,452.8929,458.15526201471454,452.9Hz_+50.0c,3,1499.9551063906763,1499.9550248574735,452.8929010392267,458.15526398040925,599.9999865809582,600.0000082781005,1586.2619375785828,1586.2617808690063,1,-9.410485688850809e-05,20.00000345522169,-20.00009410485689,3.4552216909844446e-06,2053.212898690142,7.427782327583102e-06
encodec_untrained,random-init-no-quant,24000,20260826,20.0,452.8929,458.15526201471454,452.9Hz_+50.0c,4,1499.9551151558474,1499.955037759738,452.8929010482023,458.15526397873447,600.0000141281236,599.9999900568887,1586.261868210943,1586.2618483359831,1,-8.932986202017624e-05,20.000003414582654,-20.00008932986202,3.4145826539599966e-06,2053.2129135818145,7.421453766346366e-06
encodec_untrained,random-init-no-quant,24000,20260826,25.0,440.0,446.39994737251044,440Hz_ongrid,0,1499.9552053795435,1499.9552972369306,439.99999891568217,446.39994423767087,599.9999916771334,600.0000151703539,1586.2620371261432,1586.2620753599585,1,0.00010602092053840668,24.999992108806556,-24.999893979079463,-7.891193444464761e-06,2098.212891497812,-1.2157575436296775e-05
encodec_untrained,random-init-no-quant,24000,20260826,25.0,440.0,446.39994737251044,440Hz_ongrid,1,1499.9551930615576,1499.9550644216235,439.9999989191839,446.3999442246234,600.0000023563443,600.0000112352043,1586.2619920951513,1586.2618180011798,1,-0.00014847499742869812,24.99999204442766,-25.000148474997427,-7.955572339568562e-06,2098.2126227845915,-1.2208176249158879e-05
encodec_untrained,random-init-no-quant,24000,20260826,25.0,440.0,446.39994737251044,440Hz_ongrid,2,1499.95519086467,1499.9553033003067,439.9999989123743,446.39994423060483,600.000004725989,600.0000107370632,1586.2619827221752,1586.2620951500217,1,0.00012977214042849693,24.999992094418204,-24.99987022785957,-7.90558179630807e-06,2098.2128984961028,-1.2184978956310727e-05
encodec_untrained,random-init-no-quant,24000,20260826,25.0,440.0,446.39994737251044,440Hz_ongrid,3,1499.9551075545148,1499.9551448700652,439.99999890651264,446.3999442252734,600.0000124525728,599.9999945802738,1586.261864272174,1586.261958909984,1,4.306925590654827e-05,24.999992096804895,-24.999956930744094,-7.903195104574934e-06,2098.212715637425,-1.220565547282525e-05
encodec_untrained,random-init-no-quant,24000,20260826,25.0,440.0,446.39994737251044,440Hz_ongrid,4,1499.9551529749235,1499.9552118654788,439.9999989154983,446.399944228535,599.9999980237003,599.9999834692892,1586.2619583289063,1586.2620682949805,1,6.797092048493852e-05,24.999992074098937,-24.999932029079517,-7.925901062577623e-06,2098.2127929628964,-1.2193006230637564e-05
encodec_untrained,random-init-no-quant,24000,20260826,25.0,452.8929,459.48037892132646,452.9Hz_+50.0c,0,1499.9552520356476,1499.9551498073001,452.8929010419486,459.48037989074123,599.9999789878597,599.9999938819516,1586.26212758968,1586.261966623426,1,-0.00011799098780975881,24.99999966960359,-25.00011799098781,-3.3039641067489356e-07,2048.213042906056,3.652569319782188e-06
encodec_untrained,random-init-no-quant,24000,20260826,25.0,452.8929,459.48037892132646,452.9Hz_+50.0c,1,1499.9552658177274,1499.9549099257024,452.8929010487058,459.4803798901742,599.9999915472115,599.9999970653695,1586.262107258195,1586.26168056893,1,-0.0004107672266213298,24.99999964163698,-25.000410767226622,-3.583630210357569e-07,2048.2127660369624,3.65043276244571e-06
encodec_untrained,random-init-no-quant,24000,20260826,25.0,452.8929,459.48037892132646,452.9Hz_+50.0c,2,1499.9553472453192,1499.9550748034555,452.8929010412493,459.4803798891545,599.9999980752883,599.9999922032595,1586.2621824050932,1586.2618848983773,1,-0.00031444980975530747,24.99999966629844,-25.000314449809757,-3.337015606064142e-07,2048.212956337326,3.646590572705132e-06
encodec_untrained,random-init-no-quant,24000,20260826,25.0,452.8929,459.48037892132646,452.9Hz_+50.0c,3,1499.9552085687471,1499.9551175195231,452.89290104340967,459.48037989946954,599.9999918992478,599.9999988000077,1586.262040166205,1586.2619151666681,1,-0.00010508815247606217,24.999999696905224,-25.000105088152477,-3.03094775944146e-07,2048.2130056398087,3.6854556962006557e-06
encodec_untrained,random-init-no-quant,24000,20260826,25.0,452.8929,459.48037892132646,452.9Hz_+50.0c,4,1499.9550794241322,1499.9551900079832,452.89290104662945,459.4803798933436,600.0000079612505,599.9999917443697,1586.2618447635678,1586.2620191904314,1,0.00012763483633548048,24.999999661515588,-24.999872365163665,-3.384844120546404e-07,2048.2130893053036,3.6623741113302303e-06
encodec_untrained,random-init-no-quant,24000,20260826,30.0,440.0,447.69106452518196,440Hz_ongrid,0,1499.9551498756975,1499.955062664483,439.99999891886023,447.69106371802536,599.999994336959,599.9999939882506,1586.2619653894956,1586.2618657372936,1,-0.00010065836210501959,30.000001132579378,-30.000100658362104,1.1325793778382831e-06,2093.212620756517,-3.1212975064035648e-06
encodec_untrained,random-init-no-quant,24000,20260826,30.0,440.0,447.69106452518196,440Hz_ongrid,1,1499.9550898066873,1499.9551971304745,439.9999989122729,447.6910637038283,599.9999893976585,599.9999942769986,1586.2619103102195,1586.2620201035206,1,0.00012387210080701147,30.000001103597786,-29.999876127899192,1.1035977856010959e-06,2093.212775955895,-3.1761977658572672e-06
encodec_untrained,random-init-no-quant,24000,20260826,30.0,440.0,447.69106452518196,440Hz_ongrid,2,1499.955164165018,1499.9550747119872,439.99999891290906,447.6910637198586,600.0000062095629,599.9999996954325,1586.2619476250006,1586.2618631749633,1,-0.00010324584429215926,30.00000116308429,-30.000103245844294,1.1630842884358117e-06,2093.2126346616333,-3.114208195400795e-06
encodec_untrained,random-init-no-quant,24000,20260826,30.0,440.0,447.69106452518196,440Hz_ongrid,3,1499.9552051855103,1499.955437352368,439.9999989139614,447.69106370719226,600.000001573811,599.9999937647958,1586.2620083464162,1586.2622988432322,1,0.00026796476100418364,30.000001109962707,-29.999732035238996,1.1099627066357698e-06,2093.213053217702,-3.1631892914867583e-06
encodec_untrained,random-init-no-quant,24000,20260826,30.0,440.0,447.69106452518196,440Hz_ongrid,4,1499.9550150539683,1499.9552500439647,439.9999989104766,447.6910636964238,600.0000072348038,600.0000125705429,1586.2617725642106,1586.2620283917563,1,0.0002712232349378929,30.000001082031794,-29.99972877676506,1.082031793941951e-06,2093.2128370281416,-3.2048314015087954e-06
encodec_untrained,random-init-no-quant,24000,20260826,30.0,452.8929,460.8093284474927,452.9Hz_+50.0c,0,1499.954997178663,1499.955134776072,452.8929010497966,460.80932745747197,600.000001553255,599.9999985421119,1586.261768326185,1586.261935828144,1,0.00015881363732890555,29.999992267583657,-29.999841186362673,-7.732416342776105e-06,2043.213025557155,-3.71945072245157e-06
encodec_untrained,random-init-no-quant,24000,20260826,30.0,452.8929,460.8093284474927,452.9Hz_+50.0c,1,1499.9550557165937,1499.9551739814915,452.8929010522669,460.8093274584197,599.999994458101,599.9999920422503,1586.2618563624033,1586.261999833305,1,0.00013650022970950726,29.9999922617012,-29.999863499770292,-7.738298801740484e-06,2043.2130708076793,-3.715890113884934e-06
encodec_untrained,random-init-no-quant,24000,20260826,30.0,452.8929,460.8093284474927,452.9Hz_+50.0c,2,1499.955085178958,1499.95510984212,452.8929010404301,460.8093274445567,600.0000008039739,600.0000052024179,1586.2618720572684,1586.261887832031,1,2.846598942041134e-05,29.99999225486591,-29.99997153401058,-7.74513409140809e-06,2043.2129967786227,-3.7679726393986007e-06
encodec_untrained,random-init-no-quant,24000,20260826,30.0,452.8929,460.8093284474927,452.9Hz_+50.0c,3,1499.95519540358,1499.9550778772825,452.89290104448145,460.8093274642273,599.9999899435712,600.0000155363399,1586.2620306139838,1586.261821121121,1,-0.0001356477424935599,29.999992313280575,-30.000135647742493,-7.6867194245267e-06,2043.2129598851084,-3.6940713196466366e-06
encodec_untrained,random-init-no-quant,24000,20260826,30.0,452.8929,460.8093284474927,452.9Hz_+50.0c,4,1499.9552541661346,1499.9553461565422,452.89290103262255,460.8093274543729,599.9999827207026,600.0000008340725,1586.2621192779595,1586.2621731882687,1,0.0001061744478194826,29.999992321590444,-29.99989382555218,-7.678409556177712e-06,2043.21326953048,-3.7310937683103296e-06
encodec_untrained,random-init-no-quant,24000,20260826,35.0,440.0,448.9859159603322,440Hz_ongrid,0,1499.9552243501646,1499.9553660060703,439.99999891972504,448.98591909482354,600.0000056624842,600.0000037113349,1586.262018668661,1586.2621877963786,1,0.0001634978908646652,35.00001633668464,-34.99983650210913,1.6336684637963117e-05,2088.2129708704933,1.2086209992384786e-05
encodec_untrained,random-init-no-quant,24000,20260826,35.0,440.0,448.9859159603322,440Hz_ongrid,1,1499.9552223335106,1499.9550594105388,439.9999989100407,448.9859190981038,599.9999972524946,600.0000216072617,1586.262040607159,1586.261782290002,1,-0.00018804415451651355,35.000016387437164,-35.00018804415452,1.6387437163700724e-05,2088.212617000845,1.2098858273367041e-05
encodec_untrained,random-init-no-quant,24000,20260826,35.0,440.0,448.9859159603322,440Hz_ongrid,2,1499.9551604855837,1499.9551145516434,439.9999989050588,448.9859190963403,599.9999937598054,600.0000129195006,1586.2619793006393,1586.261871000925,1,-5.3016520063338804e-05,35.00001640023916,-35.00005301652006,1.640023916138489e-05,2088.2126806441893,1.209205842404343e-05
encodec_untrained,random-init-no-quant,24000,20260826,35.0,440.0,448.9859159603322,440Hz_ongrid,3,1499.9552687343357,1499.955059929486,439.9999989109429,448.9859190932479,600.0000104906766,599.9999916255031,1586.26205596523,1586.261869398034,1,-0.00024100058071728847,35.00001636516336,-35.000241000580715,1.636516336134264e-05,2088.212617599809,1.2080134758131233e-05
encodec_untrained,random-init-no-quant,24000,20260826,35.0,440.0,448.9859159603322,440Hz_ongrid,4,1499.9550804399212,1499.9551787061673,439.9999989211693,448.98591909495013,599.9999976790732,600.0000052386041,1586.2618756040745,1586.2619672098524,1,0.00011341797335218175,35.00001633149007,-34.99988658202665,1.6331490073184796e-05,2088.212754690734,1.208669819458056e-05
encodec_untrained,random-init-no-quant,24000,20260826,35.0,452.8929,462.1421216782526,452.9Hz_+50.0c,0,1499.9553675040545,1499.9551891507151,452.8929010434381,462.14211923104574,599.9999962471151,600.0000023851405,1586.2622110625236,1586.2619874982056,1,-0.0002058537201043737,34.99998684384066,-35.000205853720104,-1.315615934061043e-05,2038.2130883158534,-9.167499746030018e-06
encodec_untrained,random-init-no-quant,24000,20260826,35.0,452.8929,462.1421216782526,452.9Hz_+50.0c,1,1499.9553347176795,1499.955147299642,452.89290103778274,462.142119231039,599.9999759692819,599.9999991849495,1586.2622317302648,1586.2619484278928,1,-0.00021631611343065087,34.999986865433364,-35.00021631611343,-1.3134566636097134e-05,2038.213040011741,-9.167525117168062e-06
encodec_untrained,random-init-no-quant,24000,20260826,35.0,452.8929,462.1421216782526,452.9Hz_+50.0c,2,1499.9550128871103,1499.9552239826821,452.8929010437473,462.14211923008514,599.9999965712035,599.9999989121462,1586.2618008318898,1586.2620377218745,1,0.0002436445176714715,34.999986839060114,-34.999756355482326,-1.3160939886347478e-05,2038.2131285185785,-9.171098411314934e-06
encodec_untrained,random-init-no-quant,24000,20260826,35.0,452.8929,462.1421216782526,452.9Hz_+50.0c,3,1499.9548764408323,1499.95527895887,452.8929010515189,462.1421192349571,600.0000040701609,600.0000060196801,1586.261621709447,1586.2620806668588,1,0.00046458253465059556,34.999986827602996,-34.99953541746535,-1.3172397004268532e-05,2038.2131919715705,-9.152847529398162e-06
encodec_untrained,random-init-no-quant,24000,20260826,35.0,452.8929,462.1421216782526,452.9Hz_+50.0c,4,1499.9551572356127,1499.95511368697,452.89290104260317,462.1421192288381,599.9999943892997,600.0000007566953,1586.2619737332168,1586.2619050973647,1,-5.026343207226935e-05,34.999986838762126,-35.00005026343207,-1.3161237873760001e-05,2038.2130012163123,-9.17576977600461e-06
encodec_untrained,random-init-no-quant,24000,20260826,40.0,440.0,450.284512478581,440Hz_ongrid,0,1499.9552678251523,1499.9553204539063,439.99999891521117,450.28451457659605,599.9999872109597,600.0000139709688,1586.2621220869237,1586.2621056174632,1,6.07436042277655e-05,40.0000123345907,-39.99993925639577,1.2334590699936143e-05,2083.2129182946233,8.06635579860017e-06
encodec_untrained,random-init-no-quant,24000,20260826,40.0,440.0,450.284512478581,440Hz_ongrid,1,1499.9552142614928,1499.955164545876,439.99999890522633,450.28451458040655,599.999987583945,599.9999892304483,1586.26205918805,1586.2619970559524,1,-5.738129330972622e-05,40.000012388527956,-40.00005738129331,1.2388527956375128e-05,2083.2127383470597,8.081006093030275e-06
encodec_untrained,random-init-no-quant,24000,20260826,40.0,440.0,450.284512478581,440Hz_ongrid,2,1499.9552741419025,1499.954646702148,439.9999989053124,450.2845145851303,600.0000045080654,600.0000061158678,1586.2620794687584,1586.2613506444993,1,-0.0007241851224128835,40.000012406350905,-40.000724185122415,1.2406350904825558e-05,2083.212140656629,8.099167983577313e-06
encodec_untrained,random-init-no-quant,24000,20260826,40.0,440.0,450.284512478581,440Hz_ongrid,3,1499.9551960514345,1499.9552572796565,439.9999989211383,450.2845145807951,599.9999928380375,599.9999955135797,1586.262023010067,1586.2620859591152,1,7.066903133646889e-05,40.00001232741426,-39.99992933096866,1.232741426093753e-05,2083.212845379508,8.08249991487056e-06
encodec_untrained,random-init-no-quant,24000,20260826,40.0,440.0,450.284512478581,440Hz_ongrid,4,1499.9551415450846,1499.9547831927694,439.999998914879,450.2845145855892,599.9999981448901,600.000012462744,1586.2619447870143,1586.2614898675158,1,-0.00041360690517021126,40.000012370474366,-40.00041360690517,1.237047436575267e-05,2083.212298192859,8.10093204647618e-06
encodec_untrained,random-init-no-quant,24000,20260826,40.0,452.8929,463.47876973070623,452.9Hz_+50.0c,0,1499.955302008075,1499.9550968947167,452.8929010529952,463.4787714606095,599.9999908651089,600.0000002935318,1586.2621509968803,1586.2618870523115,1,-0.00023673989057782345,40.00000243652186,-40.000236739890575,2.4365218607158567e-06,2033.2129818348515,6.461714365326972e-06
encodec_untrained,random-init-no-quant,24000,20260826,40.0,452.8929,463.47876973070623,452.9Hz_+50.0c,1,1499.9552355429944,1499.9549354709695,452.8929010368456,463.4787714632814,599.9999961058012,599.9999951358237,1586.262059162077,1586.2617156205322,1,-0.00034634030827904925,40.000002508235866,-40.000346340308276,2.5082358661165927e-06,2033.2127955210724,6.471694832767918e-06
encodec_untrained,random-init-no-quant,24000,20260826,40.0,452.8929,463.47876973070623,452.9Hz_+50.0c,2,1499.9551208008224,1499.9551567392077,452.8929010489353,463.47877145731024,599.9999868775049,599.9999988879015,1586.2619533549846,1586.2619601800498,1,4.147974454500765e-05,40.000002439717726,-39.999958520255454,2.439717725621904e-06,2033.2130509067981,6.449390527338631e-06
encodec_untrained,random-init-no-quant,24000,20260826,40.0,452.8929,463.47876973070623,452.9Hz_+50.0c,3,1499.9551948288981,1499.955289151485,452.89290104126303,463.47877144188374,599.9999925180034,599.999992105651,1586.2620225224505,1586.262132578479,1,0.00010886623120384072,40.0000024114233,-39.9998911337688,2.411423302817184e-06,2033.213203735789,6.3917680604240706e-06
encodec_untrained,random-init-no-quant,24000,20260826,40.0,452.8929,463.47876973070623,452.9Hz_+50.0c,4,1499.9554971423634,1499.9552822511519,452.89290103699005,463.4787714537215,599.9999882367704,599.9999960830316,1586.2623838027748,1586.2621131378858,1,-0.00024802536447766536,40.00000247197468,-40.00024802536448,2.4719746818391286e-06,2033.2131957714905,6.435985725114772e-06
encodec_untrained,random-init-no-quant,24000,20260826,45.0,440.0,451.58686491178656,440Hz_ongrid,0,1499.955374888717,1499.955002412911,439.99999890405655,451.5868662787025,600.000000180304,600.0000226534469,1586.2622082370453,1586.2617134852214,1,-0.0004299080416934838,45.000009552425325,-45.000429908041696,9.552425325409786e-06,2078.2125512147168,5.240301661115586e-06
encodec_untrained,random-init-no-quant,24000,20260826,45.0,440.0,451.58686491178656,440Hz_ongrid,1,1499.9553847541022,1499.9551279919515,439.9999989132526,451.5868662880137,599.999979637443,599.9999747163859,1586.2622788977465,1586.2619967444914,1,-0.00029635242512432696,45.00000955193841,-45.000296352425124,9.551938411789251e-06,2078.212696156866,5.275997698813299e-06
encodec_untrained,random-init-no-quant,24000,20260826,45.0,440.0,451.58686491178656,440Hz_ongrid,2,1499.955148180496,1499.9550322943116,439.99999891522276,451.58686627926573,599.9999990892663,600.0000135610061,1586.2619497206497,1586.2617742092923,1,-0.0001337547435084974,45.00000951065012,-45.00013375474351,9.51065012344543e-06,2078.21258570355,5.24246089870968e-06
encodec_untrained,random-init-no-quant,24000,20260826,45.0,440.0,451.58686491178656,440Hz_ongrid,3,1499.9551096197465,1499.9549625588427,439.9999989110505,451.58686628396765,599.9999979746078,599.9999939190183,1586.261908430421,1586.2617503960619,1,-0.00016973631740509215,45.00000954509168,-45.0001697363174,9.545091678830886e-06,2078.212505215523,5.260486707729029e-06
encodec_untrained,random-init-no-quant,24000,20260826,45.0,440.0,451.58686491178656,440Hz_ongrid,4,1499.9551559333565,1499.955386309043,439.999998907672,451.58686627288205,599.9999992231002,600.0000040451287,1586.261958282765,1586.262210266749,1,0.00026589741721499505,45.000009515886305,-44.999734102582785,9.515886304711785e-06,2078.212994303989,5.21798812980213e-06
encodec_untrained,random-init-no-quant,24000,20260826,45.0,452.8929,464.81928375410746,452.9Hz_+50.0c,0,1499.9552728770516,1499.9551615328578,452.8929010490555,464.81928317417135,600.0000041146362,599.9999928501784,1586.2620791440766,1586.2619831340216,1,-0.00012851240963707218,44.99999382987688,-45.00012851240964,-6.170123121762572e-06,2028.213056439584,-2.1599902790702094e-06
encodec_untrained,random-init-no-quant,24000,20260826,45.0,452.8929,464.81928375410746,452.9Hz_+50.0c,1,1499.9549153865355,1499.9552353858787,452.8929010408941,464.8192831682145,599.9999954665672,599.9999873397393,1586.2616914849411,1586.2620842742438,1,0.0003693402342274147,44.9999938388885,-44.99963065976577,-6.161111500091465e-06,2028.2131416800396,-2.1821767625837444e-06
encodec_untrained,random-init-no-quant,24000,20260826,45.0,452.8929,464.81928375410746,452.9Hz_+50.0c,2,1499.9551414315902,1499.9550012738837,452.89290104050764,464.8192831782561,599.9999933921537,599.9999890981206,1586.2619583695189,1586.2618089907714,1,-0.00016176870779228131,44.99999387776583,-45.00016176870779,-6.122234168515206e-06,2028.2128714701832,-2.1447764377623167e-06
encodec_untrained,random-init-no-quant,24000,20260826,45.0,452.8929,464.81928375410746,452.9Hz_+50.0c,3,1499.9552120404214,1499.9549911114414,452.8929010391532,464.8192831612467,599.9999982758255,600.0000163369756,1586.262025774264,1586.261718666654,1,-0.0002549941476219394,44.999993819591424,-45.000254994147625,-6.18040857602864e-06,2028.2128597407873,-2.208128553614946e-06
encodec_untrained,random-init-no-quant,24000,20260826,45.0,452.8929,464.81928375410746,452.9Hz_+50.0c,4,1499.9554711289363,1499.9551731480879,452.8929010376544,464.8192831635011,599.9999870756767,599.9999955018792,1586.2623571285383,1586.2619888890192,1,-0.00034392663785496496,44.9999938337175,-45.00034392663785,-6.166282503272669e-06,2028.2130698457725,-2.1997320523951075e-06
encodec_untrained,random-init-no-quant,24000,20260826,50.0,440.0,452.8929841231365,440Hz_ongrid,0,1499.9552971668365,1499.9552035101292,439.99999891302434,452.8929851731742,599.9999955171344,600.0000025070399,1586.2621319862608,1586.2620037199779,1,-0.00010809767877012006,50.00000829072583,-50.00010809767877,8.290725830306656e-06,2073.212783319231,4.013886613362782e-06
encodec_untrained,random-init-no-quant,24000,20260826,50.0,440.0,452.8929841231365,440Hz_ongrid,1,1499.955152195498,1499.9549348171186,439.9999989175356,452.8929851719362,599.9999940529516,600.0000238463854,1586.2619688864595,1586.2616320246948,1,-0.0002508960876188344,50.00000826824307,-50.00025089608762,8.268243071540837e-06,2073.212473196283,4.009154127331132e-06
encodec_untrained,random-init-no-quant,24000,20260826,50.0,440.0,452.8929841231365,440Hz_ongrid,2,1499.9551259145064,1499.9548315664588,439.99999891221074,452.8929851657242,599.9999792509843,599.9999982093685,1586.2619812626378,1586.2615868265314,1,-0.0003397337718309463,50.00000826544841,-50.00033973377183,8.26544840748511e-06,2073.2123540253265,3.985407895535541e-06
encodec_untrained,random-init-no-quant,24000,20260826,50.0,440.0,452.8929841231365,440Hz_ongrid,3,1499.955272922704,1499.9551106369067,439.99999891142545,452.8929851701444,599.999993248065,599.9999960035619,1586.2621105510648,1586.261915291654,1,-0.00018730872722055864,50.00000828543491,-50.00018730872722,8.285434908827938e-06,2073.212676125837,4.0023046889335835e-06
encodec_untrained,random-init-no-quant,24000,20260826,50.0,440.0,452.8929841231365,440Hz_ongrid,4,1499.9550868281533,1499.9549534660234,439.9999989099569,452.8929851643632,600.0000109720937,599.9999876209449,1586.2618446217623,1586.261758073613,1,-0.00015392532242999523,50.000008269114,-50.00015392532243,8.269113997982913e-06,2073.2124947206757,3.980205659042374e-06
encodec_untrained,random-init-no-quant,24000,20260826,50.0,452.8929,466.1636749299574,452.9Hz_+50.0c,0,1499.9552286973055,1499.9550918824466,452.892901039149,466.16367300870894,599.9999867748787,600.0000037689854,1586.2620781841993,1586.2618712391572,1,-0.0001579104152796487,49.999988892622405,-50.00015791041528,-1.1107377595465096e-05,2023.2129760497369,-7.13511340465186e-06
encodec_untrained,random-init-no-quant,24000,20260826,50.0,452.8929,466.1636749299574,452.9Hz_+50.0c,1,1499.9551382530599,1499.9550970205505,452.8929010453578,466.16367300505334,599.9999819783955,599.9999901869951,1586.2619876340345,1586.2619163588486,1,-4.759017341217712e-05,49.9999888553126,-50.00004759017341,-1.1144687398711994e-05,2023.212981980088,-7.148689654368095e-06
encodec_untrained,random-init-no-quant,24000,20260826,50.0,452.8929,466.1636749299574,452.9Hz_+50.0c,2,1499.9550762390822,1499.9551133729049,452.89290105197335,466.1636730092907,600.0000103492546,600.0000047667468,1586.26183419709,1586.2618931643108,1,4.2859508486126886e-05,49.99998884576041,-49.99995714049152,-1.1154239587085613e-05,2023.2130008538215,-7.132953013808785e-06
encodec_untrained,random-init-no-quant,24000,20260826,50.0,452.8929,466.1636749299574,452.9Hz_+50.0c,3,1499.9552784389737,1499.9551444994513,452.89290104696363,466.1636730109462,600.0000053524451,599.9999985548073,1586.2620819920326,1586.2619470141453,1,-0.00015459172368080727,49.99998887105912,-50.00015459172368,-1.112894088350913e-05,2023.213036779787,-7.126804741363222e-06
encodec_untrained,random-init-no-quant,24000,20260826,50.0,452.8929,466.1636749299574,452.9Hz_+50.0c,4,1499.955021156784,1499.9550667736903,452.892901042152,466.1636730144536,599.999994467838,599.9999952058657,1586.2618164456997,1586.2618669668075,1,5.265060552090909e-05,49.999988902477845,-49.99994734939448,-1.1097522154557282e-05,2023.2129470694463,-7.113778968459837e-06
encodec_untrained,random-init-no-quant,24000,20260826,55.0,440.0,454.2028810072373,440Hz_ongrid,0,1499.9552886993217,1499.9549851604434,439.9999989102189,454.20288035169943,600.0000061594892,600.0000172485198,1586.2620915057912,1586.2617091679067,1,-0.0003503417059907263,55.00000178923788,-55.00035034170599,1.7892378778583407e-06,2068.2125313020797,-2.4986399998284046e-06
encodec_untrained,random-init-no-quant,24000,20260826,55.0,440.0,454.2028810072373,440Hz_ongrid,1,1499.9552302106104,1499.9551535851645,439.99999890849165,454.20288033401533,599.9999923372264,600.0000013484995,1586.2620638812984,1586.261949439898,1,-8.844036256494436e-05,55.00000172862943,-55.00008844036257,1.7286294280438597e-06,2068.212725696311,-2.56604438615878e-06
encodec_untrained,random-init-no-quant,24000,20260826,55.0,440.0,454.2028810072373,440Hz_ongrid,2,1499.9551047623397,1499.9551432380372,439.99999891618677,454.2028803534571,599.9999921697625,600.0000057595249,1586.2619195732912,1586.2619247698126,1,4.4408286869942344e-05,55.00000177245572,-54.99995559171313,1.7724557181963974e-06,2068.212713753754,-2.4919404817657297e-06
encodec_untrained,random-init-no-quant,24000,20260826,55.0,440.0,454.2028810072373,440Hz_ongrid,3,1499.9553282973338,1499.9550126229183,439.9999989122351,454.20288034498,600.0000024623023,599.9999839700816,1586.2621478772637,1586.2618368861145,1,-0.0003643484200677032,55.00000175569292,-55.00036434842007,1.7556929208240035e-06,2068.2125629990114,-2.5242517791747393e-06
encodec_untrained,random-init-no-quant,24000,20260826,55.0,440.0,454.2028810072373,440Hz_ongrid,4,1499.9552291794053,1499.9550598151031,439.9999989139783,454.2028803399006,600.0000012703966,600.0000046169752,1586.2620369154106,1586.2618317805493,1,-0.00019547867660372022,55.000001729473645,-55.0001954786766,1.7294736451844983e-06,2068.212617467789,-2.5436122638956524e-06
encodec_untrained,random-init-no-quant,24000,20260826,55.0,452.8929,467.5119544720969,452.9Hz_+50.0c,0,1499.9551322652715,1499.9551900161289,452.8929010414164,467.51195596029334,600.0000152673123,599.9999926993148,1586.2618846714752,1586.2620164444436,1,6.665549315416292e-05,55.00000152997874,-54.99993334450684,1.5299787392564212e-06,2018.2130893147057,5.510910217225671e-06
encodec_untrained,random-init-no-quant,24000,20260826,55.0,452.8929,467.5119544720969,452.9Hz_+50.0c,1,1499.955306939796,1499.9552537225522,452.89290103818513,467.51195596481807,599.9999970607354,600.0000001498661,1586.2621388122259,1586.2620684760448,1,-6.142283403012075e-05,55.00000155908629,-55.00006142283403,1.5590862929570903e-06,2018.2131628440534,5.527665547294868e-06
encodec_untrained,random-init-no-quant,24000,20260826,55.0,452.8929,467.5119544720969,452.9Hz_+50.0c,2,1499.9549206499669,1499.9551585370177,452.89290103853,467.5119559487727,600.0000071701107,599.9999939666986,1586.261663790656,1586.2619764546553,1,0.00027456700469554194,55.000001498350855,-54.999725432995305,1.4983508549448743e-06,2018.2130529818137,5.468248264553743e-06
encodec_untrained,random-init-no-quant,24000,20260826,55.0,452.8929,467.5119544720969,452.9Hz_+50.0c,3,1499.955141565501,1499.9552301236763,452.8929010416437,467.51195594833615,599.999987639451,599.9999900418092,1586.261975122869,1586.2620704041342,1,0.00010221300588841224,55.000001484831586,-54.99989778699411,1.4848315856852423e-06,2018.2131356064556,5.466631815545022e-06
encodec_untrained,random-init-no-quant,24000,20260826,55.0,452.8929,467.5119544720969,452.9Hz_+50.0c,4,1499.9551371457974,1499.9549900400375,452.89290103679184,467.5119559636952,599.9999888609517,599.9999908550038,1586.2619664971826,1586.2617909554776,1,-0.00016978808664045757,55.000001560254105,-55.00016978808664,1.5602541054704488e-06,2018.2128585041828,5.523507371569128e-06
encodec_untrained,random-init-no-quant,24000,20260826,60.0,440.0,455.5165664902061,440Hz_ongrid,0,1499.9553294998414,1499.9551551287814,439.99999891512374,455.5165650967767,599.9999945842252,600.0000030770839,1586.2621719965118,1586.2619462338857,1,-0.00020125741598714917,59.999998972717876,-60.00020125741599,-1.02728212425518e-06,2063.212727477938,-5.295861201674945e-06
encodec_untrained,random-init-no-quant,24000,20260826,60.0,440.0,455.5165664902061,440Hz_ongrid,1,1499.9552150954191,1499.955128846944,439.99999891656654,455.51656510064055,600.0000030164086,599.9999877515005,1586.2620156218818,1586.261960119924,1,-9.954717289564125e-05,59.99999898172602,-60.000099547172894,-1.0182739771380511e-06,2063.2126971436905,-5.281176117919827e-06
encodec_untrained,random-init-no-quant,24000,20260826,60.0,440.0,455.5165664902061,440Hz_ongrid,2,1499.9550885627077,1499.9551089896265,439.9999989181925,455.51656509444973,599.9999995326515,599.999996384558,1586.2618796310217,1586.2619122910567,1,2.3576557207762223e-05,59.99999895179975,-59.999976423442796,-1.0482002466005724e-06,2063.212674224562,-5.3047049653196325e-06
encodec_untrained,random-init-no-quant,24000,20260826,60.0,440.0,455.5165664902061,440Hz_ongrid,3,1499.955032698914,1499.9549302100722,439.9999989062122,455.5165650955739,599.9999987161666,599.9999963709392,1586.2618175094328,1586.2617059846634,1,-0.00011829166522196872,59.999999003210036,-60.000118291665224,-9.967899643470446e-07,2063.2124678788728,-5.300432427241349e-06
encodec_untrained,random-init-no-quant,24000,20260826,60.0,440.0,455.5165664902061,440Hz_ongrid,4,1499.9550878589857,1499.9551672406035,439.99999892093604,455.5165650940683,599.9999994605682,600.000010942783,1586.2618790267804,1586.261937517626,1,9.162151397207707e-05,59.99999893955521,-59.999908378486026,-1.060444787981396e-06,2063.212741457289,-5.30615457988558e-06
encodec_untrained,random-init-no-quant,24000,20260826,60.0,452.8929,468.86413362680065,452.9Hz_+50.0c,0,1499.9554375239372,1499.9550997722552,452.89290103640246,468.8641326613622,600.0000012437632,599.9999876725745,1586.2622774615172,1586.2619267899245,1,-0.000389829766525355,59.999992473449836,-60.000389829766526,-7.526550163561296e-06,2013.2129851560794,-3.564785190136081e-06
encodec_untrained,random-init-no-quant,24000,20260826,60.0,452.8929,468.86413362680065,452.9Hz_+50.0c,1,1499.9552659053813,1499.955100906489,452.8929010509163,468.8641326586523,600.0000136138426,599.9999969476228,1586.262043688526,1586.2619013369138,1,-0.00019044015699126493,59.99999240796331,-60.00019044015699,-7.5920366882087365e-06,2013.2129864652013,-3.574791220978439e-06
encodec_untrained,random-init-no-quant,24000,20260826,60.0,452.8929,468.86413362680065,452.9Hz_+50.0c,2,1499.955126957752,1499.9551544135663,452.89290105261193,468.8641326546633,599.9999934609008,599.9999935052202,1586.2619414655894,1586.2619730269516,1,3.1689241362310923e-05,59.99999238675258,-59.99996831075864,-7.613247419158142e-06,2013.213048222565,-3.5895201275937455e-06
encodec_untrained,random-init-no-quant,24000,20260826,60.0,452.8929,468.86413362680065,452.9Hz_+50.0c,3,1499.9550496960774,1499.9550177202907,452.89290104737563,468.8641326559009,600.0000080529255,599.9999894492821,1586.2618101872079,1586.2618269598229,1,-3.690615344766637e-05,59.99999241133858,-60.00003690615345,-7.588661418367337e-06,2013.212890452472,-3.5849504396765852e-06
encodec_untrained,random-init-no-quant,24000,20260826,60.0,452.8929,468.86413362680065,452.9Hz_+50.0c,4,1499.955202054986,1499.9549963404313,452.8929010395053,468.8641326547775,599.9999922930472,600.0000010259002,1586.262031511819,1586.2617688803296,1,-0.0002374338016737985,59.99999243727579,-60.00023743380167,-7.562724206877647e-06,2013.2128657760384,-3.5890984285279094e-06
encodec_untrained,random-init-no-quant,24000,20260826,65.0,440.0,456.83405152976144,440Hz_ongrid,0,1499.9552877342885,1499.955204714985,439.99999892094144,456.8340487494155,599.9999987747859,600.0000119129708,1586.2621116997086,1586.2619779708318,1,-9.58200889062824e-05,64.99999370919382,-65.0000958200889,-6.29080618352873e-06,2058.2127847098645,-1.0536494641533376e-05
encodec_untrained,random-init-no-quant,24000,20260826,65.0,440.0,456.83405152976144,440Hz_ongrid,1,1499.955165299012,1499.954922531646,439.9999989098768,456.83404876143004,599.9999961769485,600.0000105768008,1586.2619778818519,1586.2616561328432,1,-0.00028019981771351167,64.99999379825942,-65.00028019981771,-6.201740575306758e-06,2058.212459016505,-1.0490964020015499e-05
encodec_untrained,random-init-no-quant,24000,20260826,65.0,440.0,456.83405152976144,440Hz_ongrid,2,1499.955147195808,1499.9550329443414,439.9999989114667,456.8340487502113,600.0000032109866,600.000011305074,1586.2619366913614,1586.2617814687942,1,-0.0001318679675663736,64.99999374948878,-65.00013186796757,-6.250511219718646e-06,2058.2125864538084,-1.0533478935804333e-05
encodec_untrained,random-init-no-quant,24000,20260826,65.0,440.0,456.83405152976144,440Hz_ongrid,3,1499.9550676835877,1499.9550045113003,439.9999989130417,456.8340487708013,599.9999986252815,600.0000006010698,1586.2618581506538,1586.2617795368717,1,-7.291286217173636e-05,64.99999382132056,-65.00007291286217,-6.178679441859458e-06,2058.2125536366584,-1.0455450385099652e-05
encodec_untrained,random-init-no-quant,24000,20260826,65.0,440.0,456.83405152976144,440Hz_ongrid,4,1499.9552402289526,1499.9551952114089,439.99999890526465,456.8340487783149,600.0000045408615,599.999996622829,1586.2620402321259,1586.2620111199176,1,-5.195882093308219e-05,64.99999388039402,-65.00005195882093,-6.119605984622467e-06,2058.2127737409273,-1.0426976472174645e-05
encodec_untrained,random-init-no-quant,24000,20260826,65.0,452.8929,470.22022367287065,452.9Hz_+50.0c,0,1499.9550523270748,1499.9550647136314,452.8929010470035,470.2202258920145,599.999991549152,600.0000062062269,1586.2618608437049,1586.2618328487738,1,1.4296447407486381e-05,65.00000416804791,-64.9999857035526,4.168047908592598e-06,2008.2129446917459,8.170336331548139e-06
encodec_untrained,random-init-no-quant,24000,20260826,65.0,452.8929,470.22022367287065,452.9Hz_+50.0c,1,1499.9551688442925,1499.9551199264686,452.89290103703064,470.2202258943821,599.9999904741218,599.9999933470037,1586.261998428661,1586.2619336787857,1,-5.6460489922024354e-05,65.00000421488697,-65.00005646048992,4.214886970999032e-06,2008.213008417883,8.179053239435039e-06
encodec_untrained,random-init-no-quant,24000,20260826,65.0,452.8929,470.22022367287065,452.9Hz_+50.0c,2,1499.9552644505857,1499.9552833063385,452.8929010371405,470.22022589983635,599.9999886534633,600.0000107332224,1586.2621140298452,1586.2620720842572,1,2.1763129778237888e-05,65.00000423454814,-64.99997823687022,4.234548143244865e-06,2008.2131969893774,8.199134494995985e-06
encodec_untrained,random-init-no-quant,24000,20260826,65.0,452.8929,470.22022367287065,452.9Hz_+50.0c,3,1499.9551676416734,1499.9551177081821,452.89290104392467,470.2202258888726,600.000003470707,599.9999852082792,1586.2619595403908,1586.261954601856,1,-5.7632763579999475e-05,65.00000416824895,-65.00005763276359,4.168248949554254e-06,2008.2130058575576,8.158768630360355e-06
encodec_untrained,random-init-no-quant,24000,20260826,65.0,452.8929,470.22022367287065,452.9Hz_+50.0c,4,1499.955245605157,1499.9550694985223,452.8929010485716,470.22022590262117,599.9999958634902,599.9999958337348,1586.262071474891,1586.2618683001353,1,-0.00020326061113676853,65.0000042011042,-65.00020326061113,4.201104204071271e-06,2008.2129502144219,8.209387509952566e-06
encodec_untrained,random-init-no-quant,24000,20260826,70.0,440.0,458.15534711531484,440Hz_ongrid,0,1499.9551262957375,1499.9549882695896,439.9999989085183,458.1553490904212,600.0000105095153,600.0000038549987,1586.2618915095952,1586.2617514019869,1,-0.00015930848446625914,70.00001175791385,-70.00015930848447,1.175791385321645e-05,2053.212534890627,7.463344974556668e-06
encodec_untrained,random-init-no-quant,24000,20260826,70.0,440.0,458.15534711531484,440Hz_ongrid,1,1499.9552359563074,1499.9550197902513,439.9999989095976,458.1553490890538,600.0000085402626,600.000007569225,1586.2620237608476,1586.2617770658485,1,-0.00024949682130167336,70.00001174850017,-70.0002494968213,1.1748500170938314e-05,2053.21257127148,7.458177719491223e-06
encodec_untrained,random-init-no-quant,24000,20260826,70.0,440.0,458.15534711531484,440Hz_ongrid,2,1499.9554377259076,1499.9551004461837,439.9999989137873,458.1553490865279,599.9999870029551,600.0000069022384,1586.2623187849163,1586.261872082685,1,-0.0003892850367317193,70.0000117224709,-70.00038928503673,1.1722470901531779e-05,2053.2126643638003,7.4486331743327285e-06
encodec_untrained,random-init-no-quant,24000,20260826,70.0,440.0,458.15534711531484,440Hz_ongrid,3,1499.9552051925566,1499.9551740189459,439.99999890910294,458.15534909189086,599.9999931443919,600.0000111139685,1586.2620326767117,1586.2619448471876,1,-3.5980285837858155e-05,70.00001176116704,-70.00003598028584,1.1761167044710419e-05,2053.2127492807876,7.468898178445613e-06
encodec_untrained,random-init-no-quant,24000,20260826,70.0,440.0,458.15534711531484,440Hz_ongrid,4,1499.955119387282,1499.9551599799493,439.9999989169992,458.1553490917712,599.9999901854754,599.9999909699455,1586.261942178704,1586.2619867668748,1,4.685167307813325e-05,70.00001172964626,-69.99995314832692,1.1729646260505433e-05,2053.2127330771104,7.468446110899345e-06
encodec_untrained,random-init-no-quant,24000,20260826,70.0,452.8929,471.58023592173083,452.9Hz_+50.0c,0,1499.9552703553393,1499.9549712332198,452.8929010410076,471.5802365249688,599.9999932453239,600.0000044830147,1586.2621075957463,1586.2617299266967,1,-0.00034524392816345523,69.9999982351989,-70.00034524392817,-1.7648010981474727e-06,2003.2128367975292,2.2145674380629987e-06
encodec_untrained,random-init-no-quant,24000,20260826,70.0,452.8929,471.58023592173083,452.9Hz_+50.0c,1,1499.954907545484,1499.9549913884691,452.8929010367737,471.58023653801456,600.0000142160629,600.0000163761069,1586.2616283352634,1586.2617188734876,1,9.677079332840987e-05,69.99999829927604,-69.99990322920667,-1.7007239563326948e-06,2003.21286006053,2.2624600737407674e-06
encodec_untrained,random-init-no-quant,24000,20260826,70.0,452.8929,471.58023592173083,452.9Hz_+50.0c,2,1499.9552666863774,1499.9551811523513,452.8929010464789,471.58023653672507,600.0000033746074,599.9999925201066,1586.2620741341314,1586.2620067310413,1,-9.872255916303604e-05,69.99999825744263,-70.00009872255916,-1.7425573730633914e-06,2003.2130790842175,2.25772605005961e-06
encodec_untrained,random-init-no-quant,24000,20260826,70.0,452.8929,471.58023592173083,452.9Hz_+50.0c,3,1499.9551078940403,1499.9551004426012,452.89290103995273,471.58023653468575,599.9999889705904,599.9999993681641,1586.2619324187303,1586.2618938172932,1,-8.600380811674285e-06,69.99999827490326,-70.00000860038081,-1.7250967374593529e-06,2003.2129859297863,2.2502392579187615e-06
encodec_untrained,random-init-no-quant,24000,20260826,70.0,452.8929,471.58023592173083,452.9Hz_+50.0c,4,1499.955229997799,1499.9550391479345,452.89290104106726,471.58023652933275,600.0000016893244,599.9999879518239,1586.2620366512228,1586.26185601216,1,-0.00022027711114365223,69.99999825099124,-70.00022027711114,-1.74900876004358e-06,2003.212915184058,2.23058777398801e-06
encodec_untrained,random-init-no-quant,24000,20260826,75.0,440.0,459.48046426806206,440Hz_ongrid,0,1499.9551516223403,1499.9551104606594,439.9999989042178,459.4804652328972,599.9999970481068,599.9999933562034,1586.2619595827352,1586.2619227268933,1,-4.7508423375062113e-05,75.00000794680263,-75.00004750842338,7.946802625724558e-06,2048.212675922414,3.635313101927759e-06
encodec_untrained,random-init-no-quant,24000,20260826,75.0,440.0,459.48046426806206,440Hz_ongrid,1,1499.9553124415359,1499.95529349032,439.9999989067901,459.480465235062,599.9999871637169,599.9999889325652,1586.2621737190404,1586.2621467419115,1,-2.1873311907806815e-05,75.00000794483839,-75.00002187331191,7.944838387174968e-06,2048.21288717351,3.643469922748746e-06
encodec_untrained,random-init-no-quant,24000,20260826,75.0,440.0,459.48046426806206,440Hz_ongrid,2,1499.9550931674792,1499.9552475786531,439.99999890995576,459.4804652410171,600.000002578316,600.000002903943,1586.2618761578753,1586.2620534382288,1,0.00017821991426759752,75.00000795482052,-74.99982178008574,7.954820517852568e-06,2048.2128341827024,3.6659076188935196e-06
encodec_untrained,random-init-no-quant,24000,20260826,75.0,440.0,459.48046426806206,440Hz_ongrid,3,1499.9552132068093,1499.955032092376,439.999998908162,459.4804652433641,599.9999980535283,600.0000131810208,1586.262027761912,1586.2617750726258,1,-0.00020904056970637907,75.00000797072117,-75.0002090405697,7.9707211710911e-06,2048.2125854704777,3.6747506136700232e-06
encodec_untrained,random-init-no-quant,24000,20260826,75.0,440.0,459.48046426806206,440Hz_ongrid,4,1499.9552706506754,1499.9552452643527,439.99999891990836,459.4804652324481,599.9999989422168,600.00000514253,1586.262091498862,1586.2620443078888,1,-2.9300651519417573e-05,75.00000788337448,-75.00002930065152,7.883374479433769e-06,2048.212831511559,3.633621308326116e-06
encodec_untrained,random-init-no-quant,24000,20260826,75.0,452.8929,472.94418171752045,452.9Hz_+50.0c,0,1499.955114958838,1499.9550971109588,452.8929010431757,472.9441794333139,599.9999926201899,600.0000042593076,1586.2619300423348,1586.2618758590859,1,-2.0599853946329695e-05,74.9999876508997,-75.00002059985394,-1.2349100302344596e-05,1998.2129820844366,-8.361443890711362e-06
encodec_untrained,random-init-no-quant,24000,20260826,75.0,452.8929,472.94418171752045,452.9Hz_+50.0c,1,1499.955213929319,1499.955165770079,452.89290103834855,472.9441794321435,599.999993812555,599.9999979131734,1586.2620408326882,1586.261973415867,1,-5.5584937690577713e-05,74.99998766506765,-75.00005558493768,-1.2334932350199779e-05,1998.213061330145,-8.36572796113267e-06
encodec_untrained,random-init-no-quant,24000,20260826,75.0,452.8929,472.94418171752045,452.9Hz_+50.0c,2,1499.9552516159763,1499.9550430525014,452.89290103837,472.94417943140047,600.0000017157964,600.0000144773902,1586.262061526335,1586.2617839821687,1,-0.00024072199078444453,74.99998766226594,-75.00024072199078,-1.2337734062839445e-05,1998.212919690673,-8.368447862453144e-06
encodec_untrained,random-init-no-quant,24000,20260826,75.0,452.8929,472.94418171752045,452.9Hz_+50.0c,3,1499.9553101673848,1499.9552758724283,452.89290104829934,472.94417943057624,599.9999971337123,599.9999957814739,1586.262142326911,1586.2621066457357,1,-3.9582910809699974e-05,74.9999876212927,-75.00003958291082,-1.237870729653423e-05,1998.213188409229,-8.371465105823145e-06
encodec_untrained,random-init-no-quant,24000,20260826,75.0,452.8929,472.94418171752045,452.9Hz_+50.0c,4,1499.955236504419,1499.9551029247327,452.89290105042875,472.94417943145686,599.9999845333613,600.0000022705881,1586.2620936627482,1586.2618883075204,1,-0.00015417640849528288,74.99998761637619,-75.0001541764085,-1.2383623811729194e-05,1998.2129887946396,-8.36824143364824e-06
encodec_untrained,random-init-no-quant,24000,20260826,80.0,440.0,460.80941404107574,440Hz_ongrid,0,1499.9551586422256,1499.9551806932777,439.99999891234376,460.8094130311464,599.99999258976,600.0000027501682,1586.26198054909,1586.2619766834646,1,2.5451115622461713e-05,80.00000048527147,-79.99997454888438,4.85271471006854e-07,2043.2127569842382,-3.7942456059955506e-06
encodec_untrained,random-init-no-quant,24000,20260826,80.0,440.0,460.80941404107574,440Hz_ongrid,1,1499.9552844548368,1499.955069709128,439.99999891144535,460.8094130484216,599.9999931310329,599.9999987471734,1586.262124199026,1586.2618601368079,1,-0.00024785746172262973,80.00000055370828,-80.00024785746172,5.537082756745804e-07,2043.2126288873803,-3.729343544201934e-06
encodec_untrained,random-init-no-quant,24000,20260826,80.0,440.0,460.80941404107574,440Hz_ongrid,2,1499.95531320293,1499.9553400972227,439.99999890466086,460.80941303519364,600.0000024998623,599.9999926026542,1586.2621303470726,1586.2621899455135,1,3.104113450290287e-05,80.00000053070625,-79.9999689588655,5.307062451720412e-07,2043.2129409667507,-3.7790402217192845e-06
encodec_untrained,random-init-no-quant,24000,20260826,80.0,440.0,460.80941404107574,440Hz_ongrid,3,1499.955093421353,1499.9552071927749,439.999998916025,460.80941303265735,600.0000183456929,599.9999956564371,1586.261830955862,1586.2620277371138,1,0.00013131389900252564,80.0000004764637,-79.999868686101,4.764636969412095e-07,2043.2127875697063,-3.7885690060812987e-06
encodec_untrained,random-init-no-quant,24000,20260826,80.0,440.0,460.80941404107574,440Hz_ongrid,4,1499.955247342573,1499.9551367184413,439.99999891111634,460.80941304663213,599.9999866922069,600.0000061474246,1586.2620999429305,1586.2619161257146,1,-0.00012768132317473644,80.00000054827996,-80.00012768132318,5.482799565470486e-07,2043.212706228898,-3.7360665113514554e-06
encodec_untrained,random-init-no-quant,24000,20260826,80.0,452.8929,474.31207243718984,452.9Hz_+50.0c,0,1499.9551513370516,1499.9552846105016,452.8929010412678,474.3120734113835,600.0000036563453,600.0000015891134,1586.2619401861123,1586.262099973831,1,0.00015382294889757926,79.99999957543342,-79.9998461770511,-4.2456657922684826e-07,1993.2131984946295,3.55579649618167e-06
encodec_untrained,random-init-no-quant,24000,20260826,80.0,452.8929,474.31207243718984,452.9Hz_+50.0c,1,1499.9552602159067,1499.9551553476051,452.8929010504083,474.3120734086876,599.9999979877126,599.999986780491,1586.2620822092683,1586.261993508478,1,-0.0001210379972942509,79.99999953065274,-80.00012103799729,-4.693472561712042e-07,1993.2130493006237,3.545956338804494e-06
encodec_untrained,random-init-no-quant,24000,20260826,80.0,452.8929,474.31207243718984,452.9Hz_+50.0c,2,1499.9554337841416,1499.9551853186506,452.89290104674126,474.31207341546,600.000002365095,600.0000014029404,1586.2622699096016,1586.2619859093038,1,-0.00028677648960148775,79.99999956938953,-80.0002867764896,-4.306104699480784e-07,1993.2130838929206,3.570675899713025e-06
encodec_untrained,random-init-no-quant,24000,20260826,80.0,452.8929,474.31207243718984,452.9Hz_+50.0c,3,1499.9550712620628,1499.9552636896672,452.89290104288943,474.31207340722005,600.0000078288216,600.0000025688694,1586.2618357250933,1586.2620730002257,1,0.00022209811860293943,79.99999955403797,-79.9997779018814,-4.4596202997126966e-07,1993.2131743480022,3.5405999534269577e-06
encodec_untrained,random-init-no-quant,24000,20260826,80.0,452.8929,474.31207243718984,452.9Hz_+50.0c,4,1499.9552053497907,1499.9550857013949,452.89290104171005,474.3120734093409,599.9999881085129,599.9999993386637,1586.2620473886652,1586.2618768882517,1,-0.00013809704735432877,79.99999956628722,-80.00013809704735,-4.337127847975353e-07,1993.212968915625,3.548340841351988e-06
encodec_untrained,random-init-no-quant,24000,20260826,85.0,440.0,462.1422075193969,440Hz_ongrid,0,1499.9551971658295,1499.9551427103124,439.9999989081214,462.1422050597509,600.0000089722771,599.9999985028555,1586.2619777427162,1586.2619450990394,1,-6.2852041983204e-05,84.99999508203395,-85.00006285204198,-4.9179660521758706e-06,2038.2127131446591,-9.214096531927763e-06
encodec_untrained,random-init-no-quant,24000,20260826,85.0,440.0,462.1422075193969,440Hz_ongrid,1,1499.954971537732,1499.9550457207802,439.99999891837274,462.14220506233,599.9999971212436,599.9999873869223,1586.261751519743,1586.261865228438,1,8.562138085794884e-05,84.99999505136041,-84.99991437861914,-4.948639585222736e-06,2038.212601200254,-9.204434933472333e-06
encodec_untrained,random-init-no-quant,24000,20260826,85.0,440.0,462.1422075193969,440Hz_ongrid,2,1499.9551354875096,1499.9551484322296,439.9999989112716,462.14220506223194,599.9999878894432,599.9999959262963,1586.2619673863833,1586.2619591376006,1,1.4940673642329767e-05,84.99999507893324,-84.99998505932636,-4.921066761198745e-06,2038.212719748842,-9.204802238357212e-06
encodec_untrained,random-init-no-quant,24000,20260826,85.0,440.0,462.1422075193969,440Hz_ongrid,3,1499.9551167661525,1499.9550558980445,439.9999989185399,462.1422050585048,600.0000055589353,599.9999930975043,1586.2618947949927,1586.2618604976842,1,-7.02533976880296e-05,84.999995036373,-85.0000702533977,-4.963627006304705e-06,2038.212612946757,-9.218764436916913e-06
encodec_untrained,random-init-no-quant,24000,20260826,85.0,440.0,462.1422075193969,440Hz_ongrid,4,1499.9552026353188,1499.9552075216316,439.99999891593495,462.1422050630953,599.9999948873974,599.9999862559239,1586.262024695921,1586.2620552408252,1,5.639736013661714e-06,84.99999506381883,-84.99999436026398,-4.936181170478449e-06,2038.2127879492693,-9.20156818707883e-06
encodec_untrained,random-init-no-quant,24000,20260826,85.0,452.8929,475.68391949059423,452.9Hz_+50.0c,0,1499.9551894206666,1499.9549523892447,452.8929010377867,475.6839175633489,600.0000050418774,600.0000047842955,1586.2619801440587,1586.2617073078436,1,-0.00027357944002224437,84.99998901880524,-85.00027357944002,-1.0981194762393898e-05,1988.2128150479887,-7.014138052433891e-06
encodec_untrained,random-init-no-quant,24000,20260826,85.0,452.8929,475.68391949059423,452.9Hz_+50.0c,1,1499.955137824722,1499.9553618853079,452.8929010419712,475.683917578798,599.9999782898348,600.0000099113352,1586.2619977825877,1586.2621651508155,1,0.0002586085921603023,84.99998905903594,-84.99974139140784,-1.0940964060068836e-05,1988.21328768447,-6.957911766486163e-06
encodec_untrained,random-init-no-quant,24000,20260826,85.0,452.8929,475.68391949059423,452.9Hz_+50.0c,2,1499.9552166298033,1499.9553204168494,452.8929010427462,475.683917575623,599.9999758149173,600.0000127303376,1586.2620958797684,1586.2621091543972,1,0.00011979001762638118,84.99998904451846,-84.99988020998238,-1.0955481542396228e-05,1988.2132398219735,-6.969466974411614e-06
encodec_untrained,random-init-no-quant,24000,20260826,85.0,452.8929,475.68391949059423,452.9Hz_+50.0c,3,1499.9551793645476,1499.9552783026234,452.89290104882576,475.6839175768367,599.9999949804695,599.9999999121258,1586.2619975684684,1586.2620975321015,1,0.0001141933852385797,84.99998902569543,-84.99988580661476,-1.0974304572641813e-05,1988.2131912141367,-6.965049897724786e-06
encodec_untrained,random-init-no-quant,24000,20260826,85.0,452.8929,475.68391949059423,452.9Hz_+50.0c,4,1499.9552178967801,1499.9550760576676,452.892901042735,475.6839175605759,600.0000114423067,600.0000287844372,1586.2619945431836,1586.2617807950114,1,-0.00016370936265093372,84.99998898979771,-85.00016370936265,-1.1010202285888226e-05,1988.2129577849257,-7.0242305758121395e-06
encodec_untrained,random-init-no-quant,24000,20260826,90.0,440.0,463.47885582012776,440Hz_ongrid,0,1499.955200506036,1499.9552315011595,439.9999989104474,463.4788575392798,600.000000288863,599.9999940048104,1586.2620066529876,1586.2620605592074,1,3.577427702847927e-05,90.00001070853244,-89.99996422572298,1.0708532443004515e-05,2033.2128156262127,6.421554160631616e-06
encodec_untrained,random-init-no-quant,24000,20260826,90.0,440.0,463.47885582012776,440Hz_ongrid,1,1499.9553200305058,1499.9550259833761,439.9999989193779,463.4788575329385,599.9999962467485,600.0000007861142,1586.2621562700672,1586.2618037858153,1,-0.00033938641109295856,90.00001064970776,-90.0003393864111,1.0649707760990168e-05,2033.2125784195273,6.397867512601865e-06
encodec_untrained,random-init-no-quant,24000,20260826,90.0,440.0,463.47885582012776,440Hz_ongrid,2,1499.9552177053172,1499.9550935530858,439.9999989154066,463.4788575244299,599.99999030165,599.999989193716,1586.2620553212403,1586.261915222731,1,-0.00014329533080513946,90.00001063355124,-90.0001432953308,1.0633551241312489e-05,2033.2126564078517,6.366085165141137e-06
encodec_untrained,random-init-no-quant,24000,20260826,90.0,440.0,463.47885582012776,440Hz_ongrid,3,1499.955260235728,1499.9552131657426,439.99999891343725,463.4788575337146,600.0000115982216,600.0000043309137,1586.2620429605188,1586.2620096018077,1,-5.432772876541084e-05,90.00001067598073,-90.00005432772876,1.0675980732344215e-05,2033.212794463649,6.400766357302982e-06
encodec_untrained,random-init-no-quant,24000,20260826,90.0,440.0,463.47885582012776,440Hz_ongrid,4,1499.9551677323861,1499.9552667479336,439.99999891064067,463.4788575394547,600.0000036921424,599.999999116724,1586.2619590061631,1586.2620864908333,1,0.00011428280350177675,90.0000107084255,-89.99988571719649,1.0708425506322783e-05,2033.2128563077033,6.422207275224791e-06
encodec_untrained,random-init-no-quant,24000,20260826,90.0,452.8929,477.0597343205898,452.9Hz_+50.0c,0,1499.955309697572,1499.955176906813,452.8929010487754,477.05973529545145,599.9999956246999,600.0000039908679,1586.2621461387469,1586.2619687332601,1,-0.00015326582866455286,89.9999995286784,-90.00015326582866,-4.7132159863849665e-07,1983.2130741840576,3.537740703072558e-06
encodec_untrained,random-init-no-quant,24000,20260826,90.0,452.8929,477.0597343205898,452.9Hz_+50.0c,1,1499.9553941319195,1499.955149907232,452.8929010537951,477.0597352937913,599.9999863463858,600.0000002102109,1586.2622703636155,1586.2619484792697,1,-0.00028188180180283804,89.99999950346559,-90.0002818818018,-4.965344118090798e-07,1983.213043021397,3.5317158266535444e-06
encodec_untrained,random-init-no-quant,24000,20260826,90.0,452.8929,477.0597343205898,452.9Hz_+50.0c,2,1499.9551530215738,1499.9552317785335,452.89290104964334,477.059735292361,599.9999898294631,599.9999935515547,1586.2619820263205,1586.2620621871697,1,9.090053546468724e-05,89.99999951414547,-89.99990909946453,-4.85854528164964e-07,1983.2131375164763,3.5265255069055837e-06
encodec_untrained,random-init-no-quant,24000,20260826,90.0,452.8929,477.0597343205898,452.9Hz_+50.0c,3,1499.9552710733599,1499.9551388693753,452.8929010469114,477.0597352926805,599.999992459207,599.9999985692207,1586.262110692733,1586.2619404743768,1,-0.00015258858317389467,89.99999952574831,-90.00015258858318,-4.7425169213966e-07,1983.2130302816067,3.5276848910234823e-06
encodec_untrained,random-init-no-quant,24000,20260826,90.0,452.8929,477.0597343205898,452.9Hz_+50.0c,4,1499.955096611009,1499.9552081397683,452.89290104885697,477.05973529567285,599.9999971729638,599.999993961306,1586.2618957289146,1586.2620337212393,1,0.0001287254392201186,89.99999952917032,-89.99987127456077,-4.708296756916752e-07,1983.2131102328383,3.538544122438073e-06
encodec_untrained,random-init-no-quant,24000,20260826,95.0,440.0,464.8193700925245,440Hz_ongrid,0,1499.9550684919266,1499.9551914249237,439.9999989180704,464.81936951209076,599.9999849978894,599.9999875717558,1586.2618984039736,1586.2620328654693,1,0.00014188810447548133,95.00000209514181,-94.99985811189552,2.09514180937731e-06,2028.2127693706018,-2.1618433331679194e-06
encodec_untrained,random-init-no-quant,24000,20260826,95.0,440.0,464.8193700925245,440Hz_ongrid,1,1499.9553045019286,1499.9550818620894,439.99999890859516,464.8193694972836,599.9999956911196,599.9999998836739,1586.2621399503385,1586.2618708843943,1,-0.00025696878953583655,95.00000207727359,-95.00025696878953,2.0772735922491847e-06,2028.2126429142136,-2.216992883242041e-06
encodec_untrained,random-init-no-quant,24000,20260826,95.0,440.0,464.8193700925245,440Hz_ongrid,2,1499.9551298589286,1499.9550705125116,439.9999989139943,464.81936949384516,600.000013510371,599.9999991607383,1586.2618869635578,1586.2618598707695,1,-6.84970754062635e-05,95.00000204322339,-95.0000684970754,2.0432233895917307e-06,2028.2126298146377,-2.22979954173544e-06
encodec_untrained,random-init-no-quant,24000,20260826,95.0,440.0,464.8193700925245,440Hz_ongrid,3,1499.9552368760887,1499.9550607669144,439.9999989134301,464.81936949743255,599.9999975621535,599.9999876068993,1586.2620564985775,1586.2618819598256,1,-0.00020326354381000855,95.00000205880458,-95.00020326354381,2.058804582816265e-06,2028.2126185663608,-2.2164381779079303e-06
encodec_untrained,random-init-no-quant,24000,20260826,95.0,440.0,464.8193700925245,440Hz_ongrid,4,1499.955173630187,1499.9551140372607,439.99999891283386,464.8193695116147,600.0000008779301,600.0000143607248,1586.261973933449,1586.2618662487357,1,-6.878159216320883e-05,95.00000211397251,-95.00006878159216,2.113972513484441e-06,2028.2126800504932,-2.163616429739996e-06
encodec_untrained,random-init-no-quant,24000,20260826,95.0,452.8929,478.4395284031288,452.9Hz_+50.0c,0,1499.955254771925,1499.9551820964855,452.8929010511163,478.4395257805296,600.0000117227108,600.0000089011413,1586.2620362950497,1586.261960555077,1,-8.388130109302754e-05,94.99998649211098,-95.0000838813011,-1.3507889022434938e-05,1978.2130801739281,-9.489878688240052e-06
encodec_untrained,random-init-no-quant,24000,20260826,95.0,452.8929,478.4395284031288,452.9Hz_+50.0c,1,1499.9551362831978,1499.9549772508888,452.8929010465389,478.43952580333547,600.0000241763457,599.9999940304893,1586.2618636028917,1586.2617670318468,1,-0.00018355359851382412,94.99998659213175,-95.00018355359852,-1.3407868252102162e-05,1978.2128437430667,-9.407355602036066e-06
encodec_untrained,random-init-no-quant,24000,20260826,95.0,452.8929,478.4395284031288,452.9Hz_+50.0c,2,1499.955121045601,1499.9552289932133,452.89290104948805,478.43952578083616,600.0000089219229,600.0000055514939,1586.2618900307605,1586.262024347874,1,0.00012459211135338745,94.9999864994447,-94.99987540788865,-1.3500555297696337e-05,1978.2131343016858,-9.488769277567169e-06
encodec_untrained,random-init-no-quant,24000,20260826,95.0,452.8929,478.4395284031288,452.9Hz_+50.0c,3,1499.955337181009,1499.9549417108915,452.89290104933906,478.43952578699225,599.9999944892678,600.0000015431206,1586.2621811360311,1586.2617043350413,1,-0.0004564478730762407,94.9999865222898,-95.00045644787308,-1.3477710197662418e-05,1978.2128027231327,-9.466493610565642e-06
encodec_untrained,random-init-no-quant,24000,20260826,95.0,452.8929,478.4395284031288,452.9Hz_+50.0c,4,1499.955291782585,1499.9550684911287,452.8929010497138,478.43952579750794,599.9999848589248,600.0000105897518,1586.262156524902,1586.2618245605463,1,-0.000257720881857359,94.99998655890829,-95.00025772088186,-1.344109170986485e-05,1978.2129490516977,-9.42844247745479e-06
encodec_untrained,random-init-no-quant,24000,20260826,100.0,440.0,466.1637615180899,440Hz_ongrid,0,1499.955231397569,1499.9549698163062,439.9999989118038,466.1637596007308,599.9999950167319,599.9999972174033,1586.262057519856,1586.261749255431,1,-0.00030191462964064417,99.99999716097363,-100.00030191462965,-2.839026365109021e-06,2023.2125135920196,-7.120668001253142e-06
encodec_untrained,random-init-no-quant,24000,20260826,100.0,440.0,466.1637615180899,440Hz_ongrid,1,1499.9551985354979,1499.9551635743471,439.99999891340855,466.1637596000296,599.9999998228014,599.9999891512306,1586.2620057233808,1586.2619961631972,1,-4.0351828714545175e-05,99.9999971520555,-100.00004035182872,-2.8479445006723836e-06,2023.2127372257305,-7.123272194805867e-06
encodec_untrained,random-init-no-quant,24000,20260826,100.0,440.0,466.1637615180899,440Hz_ongrid,2,1499.95518706405,1499.9550980522095,439.9999989097564,466.16375959426574,600.0000042822429,599.9999883643943,1586.2619796159163,1586.261922808494,1,-0.00010273662515021522,99.99999714501938,-100.00010273662515,-2.8549806216915385e-06,2023.2126616006976,-7.144677939272276e-06
encodec_untrained,random-init-no-quant,24000,20260826,100.0,440.0,466.1637615180899,440Hz_ongrid,3,1499.9552277875966,1499.9550201278014,439.99999890984526,466.16375959711627,600.000013042581,600.0000089767329,1586.2620013416545,1586.2617733942361,1,-0.00023967897604863545,99.99999715525607,-100.00023967897604,-2.8447439319734258e-06,2023.2125716610774,-7.134091639729992e-06
encodec_untrained,random-init-no-quant,24000,20260826,100.0,440.0,466.1637615180899,440Hz_ongrid,4,1499.955147691107,1499.9550923580944,439.9999989108814,466.1637595942543,599.999987283628,600.0000154844499,1586.2619832196735,1586.261837984461,1,-6.386484112375907e-05,99.9999971405507,-100.00006386484112,-2.8594492960110074e-06,2023.2126550286039,-7.1447204167078924e-06
encodec_untrained,random-init-no-quant,24000,20260826,100.0,452.8929,479.8233132473549,452.9Hz_+50.0c,0,1499.955013156065,1499.9551520639143,452.8929010512554,479.82331378794197,600.0000268855013,600.0000091979789,1586.2617136737422,1586.2619250352755,1,0.00016032613334749144,99.99999793193157,-99.99983967386665,-2.0680684258422843e-06,1973.2130455106187,1.9504734977055544e-06
encodec_untrained,random-init-no-quant,24000,20260826,100.0,452.8929,479.8233132473549,452.9Hz_+50.0c,1,1499.9551504377573,1499.955025763897,452.8929010454026,479.8233137875362,600.0000087846138,600.0000216662867,1586.2619243511003,1586.2617432850536,1,-0.0001438973964147329,99.99999795284072,-100.00014389739641,-2.047159284757072e-06,1973.2128997363275,1.9490096599320195e-06
encodec_untrained,random-init-no-quant,24000,20260826,100.0,452.8929,479.8233132473549,452.9Hz_+50.0c,2,1499.9551111226115,1499.955023368446,452.8929010374926,479.823313791636,599.9999879992598,600.0000009977932,1586.261938947784,1586.2618001569112,1,-0.00010128503347647455,99.99999799786973,-100.00010128503348,-2.0021302731265678e-06,1973.2128969715204,1.9638018021393193e-06
encodec_untrained,random-init-no-quant,24000,20260826,100.0,452.8929,479.8233132473549,452.9Hz_+50.0c,3,1499.9549555763567,1499.9551640219875,452.8929010443689,479.8233137914517,600.0000012487374,600.0000054632836,1586.2617211878428,1586.2619496132231,1,0.0002405859901362496,99.99999797091974,-99.99975941400986,-2.0290802638101013e-06,1973.2130593125137,1.9631371552090614e-06
encodec_untrained,random-init-no-quant,24000,20260826,100.0,452.8929,479.8233132473549,452.9Hz_+50.0c,4,1499.9553324806593,1499.9551202957896,452.89290104592874,479.82331379083536,599.9999855599682,599.9999961830712,1586.2622014754456,1586.2619259218916,1,-0.0002449017575636343,99.99999796273308,-100.00024490175757,-2.0372669240487085e-06,1973.2130088441495,1.9609129521214536e-06
encodec_untrained,random-init-no-quant,24000,20260826,105.0,440.0,467.5120413106672,440Hz_ongrid,0,1499.955086557518,1499.9550299652062,439.99999890860715,467.51204280721424,600.0000030071726,600.0000111528193,1586.2618672913018,1586.2617784696188,1,-6.531831503554008e-05,105.0000098360511,-105.00006531831504,9.836051106049126e-06,2018.2125830153182,5.541831868071809e-06
encodec_untrained,random-init-no-quant,24000,20260826,105.0,440.0,467.5120413106672,440Hz_ongrid,1,1499.9551876132414,1499.955209353824,439.9999989197956,467.51204280354483,599.9999828064566,600.0000091487491,1586.2620422158093,1586.2619913007936,1,2.509277406025997e-05,105.00000977844083,-104.99997490722593,9.778440826835322e-06,2018.212790063969,5.52824370170843e-06
encodec_untrained,random-init-no-quant,24000,20260826,105.0,440.0,467.5120413106672,440Hz_ongrid,2,1499.9552086291947,1499.9552317364257,439.9999989111525,467.51204280482426,600.0000085409021,599.9999934182101,1586.2619922183087,1586.2620625233203,1,2.6670146500776632e-05,105.00000981718595,-104.9999733298535,9.817185954830165e-06,2018.2128158977548,5.532981569492437e-06
encodec_untrained,random-init-no-quant,24000,20260826,105.0,440.0,467.5120413106672,440Hz_ongrid,3,1499.955348385228,1499.9551075309714,439.9999989179724,467.5120428047651,600.0000000678227,599.9999923570077,1586.262177971526,1586.2619222285446,1,-0.0002779916907273842,105.00000979013315,-105.00027799169072,9.790133148612767e-06,2018.2126725409958,5.532762455120277e-06
encodec_untrained,random-init-no-quant,24000,20260826,105.0,440.0,467.5120413106672,440Hz_ongrid,4,1499.9550739167153,1499.9550237904607,439.99999891053665,467.5120428018893,599.9999974514363,600.0000066205985,1586.261868731872,1586.2617844200101,1,-5.7855252898240206e-05,105.00000980874071,-105.0000578552529,9.80874071387916e-06,2018.212575888485,5.522113496633234e-06
encodec_untrained,random-init-no-quant,24000,20260826,105.0,452.8929,481.2111003956997,452.9Hz_+50.0c,0,1499.955178371891,1499.9549794636198,452.8929010510815,481.2111035513809,599.9999981826762,599.999995709929,1586.2619871831378,1586.2617647399222,1,-0.0002295780563787973,105.00000733519175,-105.00022957805638,7.335191753554682e-06,1968.2128462969802,1.135306868220232e-05
encodec_untrained,random-init-no-quant,24000,20260826,105.0,452.8929,481.2111003956997,452.9Hz_+50.0c,1,1499.9551410126496,1499.9551185015753,452.89290103959365,481.211103549468,600.0000047548742,600.0000122229326,1586.2619251001004,1586.2618775697695,1,-2.5982069532097253e-05,105.00000737222308,-105.00002598206953,7.3722230808925815e-06,1968.2130067732844,1.1346186953294879e-05
encodec_untrained,random-init-no-quant,24000,20260826,105.0,452.8929,481.2111003956997,452.9Hz_+50.0c,2,1499.9550309263975,1499.9551314791358,452.89290103453874,481.2111035458867,600.0000106810938,599.9999883284222,1586.2617809401286,1586.261961493331,1,0.00011605702512513387,105.00000737866185,-104.99988394297488,7.378661848633783e-06,1968.2130217518622,1.133330264384387e-05
encodec_untrained,random-init-no-quant,24000,20260826,105.0,452.8929,481.2111003956997,452.9Hz_+50.0c,3,1499.9550120088954,1499.9550820540137,452.89290104676905,481.2111035456435,599.9999967602317,599.9999850008057,1586.261799272842,1586.2619140487923,1,8.08454185248507e-05,105.00000733103515,-104.99991915458148,7.331035149604759e-06,1968.2129647058518,1.1332427339591696e-05
encodec_untrained,random-init-no-quant,24000,20260826,105.0,452.8929,481.2111003956997,452.9Hz_+50.0c,4,1499.9551290271802,1499.9551616576841,452.89290104907343,481.2111035516525,600.0000030838452,599.9999948141893,1586.2619160881557,1586.2619776111571,1,3.7661819301719964e-05,105.00000734384466,-104.9999623381807,7.34384465772564e-06,1968.2130565836574,1.1354045855416635e-05
encodec_untrained,random-init-no-quant,24000,20260826,110.0,440.0,468.86422071653305,440Hz_ongrid,0,1499.955069480852,1499.954878581663,439.9999989086111,468.864219743824,600.0000089861708,599.999985954091,1586.2618303298325,1586.2616764523032,1,-0.0002203340643581628,110.00000070257296,-110.00022033406435,7.025729615861565e-07,2013.2124082898417,-3.591630544978836e-06
encodec_untrained,random-init-no-quant,24000,20260826,110.0,440.0,468.86422071653305,440Hz_ongrid,1,1499.9552210182337,1499.9551599321687,439.9999989063576,468.8642197492277,599.9999998768608,599.9999988184188,1586.2620315167585,1586.2619640658197,1,-7.05049565669533e-05,110.00000073139223,-110.00007050495657,7.31392233888073e-07,2013.212733021963,-3.5716778748214856e-06
encodec_untrained,random-init-no-quant,24000,20260826,110.0,440.0,468.86422071653305,440Hz_ongrid,2,1499.9552111698754,1499.955096255052,439.9999989147658,468.86421974407745,600.0000033620746,600.000001887987,1586.2620100936754,1586.2618817133914,1,-0.00013263360206385727,110.00000067929258,-110.00013263360206,6.792925830723107e-07,2013.2126595264358,-3.5906946959580698e-06
encodec_untrained,random-init-no-quant,24000,20260826,110.0,440.0,468.86422071653305,440Hz_ongrid,3,1499.9551144552795,1499.9549037670752,439.9999989133366,468.8642197454651,599.9999938218574,600.0000052498142,1586.2619259938526,1586.2616498453838,1,-0.00024317435589950155,110.00000069003957,-110.0002431743559,6.900395703723916e-07,2013.2124373586112,-3.5855708793231286e-06
encodec_untrained,random-init-no-quant,24000,20260826,110.0,440.0,468.86422071653305,440Hz_ongrid,4,1499.9553896144796,1499.955099136124,439.99999891437204,468.8642197517445,599.9999966603317,599.9999891847477,1586.262235389872,1586.2619216924984,1,-0.000335267349734408,110.00000070915154,-110.00033526734974,7.091515357160461e-07,2013.2126628517422,-3.5623849267203614e-06
encodec_untrained,random-init-no-quant,24000,20260826,110.0,452.8929,482.60290142397895,452.9Hz_+50.0c,0,1499.9552203493101,1499.9551673462715,452.892901046527,482.602900338071,599.999990965629,600.0000026748243,1586.2620564570734,1586.2619614958728,1,-6.117560419917844e-05,109.99999210407161,-110.0000611756042,-7.895928391121743e-06,1963.2130631493712,-3.895461070034874e-06
encodec_untrained,random-init-no-quant,24000,20260826,110.0,452.8929,482.60290142397895,452.9Hz_+50.0c,1,1499.9549922176354,1499.955044714062,452.8929010529226,482.6029003238784,599.999993014225,600.0000000456972,1586.2617872386456,1586.2618275409895,1,6.059088459052259e-05,109.99999202871066,-109.99993940911541,-7.971289335273468e-06,1963.2129216084306,-3.946374024534733e-06
encodec_untrained,random-init-no-quant,24000,20260826,110.0,452.8929,482.60290142397895,452.9Hz_+50.0c,2,1499.9549002850927,1499.9551789077152,452.89290104877165,482.6029003292748,599.9999986265586,599.9999923245739,1586.2616649371876,1586.2620047044918,1,0.0003215836196124399,109.9999920639368,-109.99967841638039,-7.936063198599186e-06,1963.21307649348,-3.9270154618540395e-06
encodec_untrained,random-init-no-quant,24000,20260826,110.0,452.8929,482.60290142397895,452.9Hz_+50.0c,3,1499.9548323102695,1499.955135527507,452.892901049403,482.6029003288719,600.0000024136616,599.9999928183734,1586.2615755540053,1586.2619532106617,1,0.00034997050693227,109.9999920600779,-109.99965002949307,-7.93992209935368e-06,1963.2130264244543,-3.92846084789584e-06
encodec_untrained,random-init-no-quant,24000,20260826,110.0,452.8929,482.60290142397895,452.9Hz_+50.0c,4,1499.9551768950193,1499.9551172666063,452.89290103954085,482.6029003212756,599.9999926565459,600.0000166226823,1586.2620014235881,1586.2618634493863,1,-6.882255059949758e-05,109.99999207052728,-110.0000688225506,-7.929472715773045e-06,1963.2130053478948,-3.955710795512591e-06
encodec_untrained,random-init-no-quant,24000,20260826,115.0,440.0,470.2203110144918,440Hz_ongrid,0,1499.9552653785208,1499.955264848025,439.99999891535344,470.22031327517993,600.0000097566339,599.9999961851256,1586.2620542099803,1586.262092756782,1,-6.12293203630888e-07,115.00001259096562,-115.0000006122932,1.2590965624781347e-05,2008.212854114847,8.323290464234245e-06
encodec_untrained,random-init-no-quant,24000,20260826,115.0,440.0,470.2203110144918,440Hz_ongrid,1,1499.9551467732813,1499.9551722363308,439.99999891185706,470.2203132627787,599.9999978670005,599.9999775879735,1586.2619516231691,1586.2620395252845,1,2.9389210900942648e-05,115.00001255906442,-114.9999706107891,1.2559064415995635e-05,2008.2127472233099,8.277632026494282e-06
encodec_untrained,random-init-no-quant,24000,20260826,115.0,440.0,470.2203110144918,440Hz_ongrid,2,1499.955208093558,1499.9552191450143,439.9999989062739,470.2203132718006,599.9999882645767,600.0000028963873,1586.2620501051902,1586.2620206421946,1,1.2755485998029613e-05,115.0000126142483,-114.999987244514,1.2614248305453657e-05,2008.2128013648673,8.31084861202732e-06
encodec_untrained,random-init-no-quant,24000,20260826,115.0,440.0,470.2203110144918,440Hz_ongrid,3,1499.9551446310275,1499.9552656354176,439.9999989158583,470.2203132722086,599.9999968268156,599.9999904396054,1586.2619521519396,1586.26211024365,1,0.00013966211751406996,115.0000125780396,-114.99986033788248,1.2578039601862656e-05,2008.2128550236478,8.312350890913338e-06
encodec_untrained,random-init-no-quant,24000,20260826,115.0,440.0,470.2203110144918,440Hz_ongrid,4,1499.955225826201,1499.955157820399,439.99999892129995,470.2203132630054,599.999994566024,600.0000156352478,1586.2620523899043,1586.2619131053245,1,-7.849165119910171e-05,115.00001252274494,-115.0000784916512,1.252274493879213e-05,2008.212730584578,8.278466967574244e-06
encodec_untrained,random-init-no-quant,24000,20260826,115.0,452.8929,483.99872794148894,452.9Hz_+50.0c,0,1499.9549122059689,1499.9552883404647,452.89290104881565,483.9987293554969,599.9999938704867,600.0000120551292,1586.2616924192753,1586.2620740803807,1,0.0004341308923239364,115.00000104860482,-114.99956586910767,1.0486048154234595e-06,1958.2132027997172,5.0578205210614695e-06
encodec_untrained,random-init-no-quant,24000,20260826,115.0,452.8929,483.99872794148894,452.9Hz_+50.0c,1,1499.9550783186432,1499.9553710745436,452.89290103974935,483.9987293620117,599.9999871248699,599.9999930702786,1586.261903608709,1586.2622243499602,1,0.00033789607457972756,115.00000110656491,-114.99966210392542,1.1065649090369334e-06,1958.2132982905973,5.081123526752584e-06
encodec_untrained,random-init-no-quant,24000,20260826,115.0,452.8929,483.99872794148894,452.9Hz_+50.0c,2,1499.9549972475777,1499.9551816906142,452.89290104857685,483.99872937049537,599.999997951264,599.9999907606066,1586.261778798874,1586.2620124291434,1,0.0002128824171833635,115.00000110316641,-114.99978711758281,1.1031664115535023e-06,1958.2130797054751,5.111469329659773e-06
encodec_untrained,random-init-no-quant,24000,20260826,115.0,452.8929,483.99872794148894,452.9Hz_+50.0c,3,1499.9551124483205,1499.9553022232026,452.89290104007796,483.99872936362135,600.0000030326185,600.0000106270655,1586.261897100801,1586.2620942242247,1,0.0002190363658202561,115.00000111106627,-114.99978096363418,1.1110662683222472e-06,1958.2132188230405,5.086881237396573e-06
encodec_untrained,random-init-no-quant,24000,20260826,115.0,452.8929,483.99872794148894,452.9Hz_+50.0c,4,1499.9552609560642,1499.9549698978437,452.89290104711404,483.9987293602845,599.9999931384056,599.9999839861331,1586.262097055694,1586.2617875269175,1,-0.0003359366531677937,115.0000010722346,-115.00033593665317,1.072234596222188e-06,1958.2128352562502,5.074945654689568e-06
encodec_untrained,random-init-no-quant,24000,20260826,120.0,440.0,471.580323515969,440Hz_ongrid,0,1499.9552723119205,1499.9552401232515,439.99999891620723,471.5803241175376,599.9999945518977,599.9999999919271,1586.2621060840388,1586.262053235577,1,-3.715185466405098e-05,120.00000647275392,-120.00003715185467,6.4727539239584075e-06,2003.212825577749,2.208438386209609e-06
encodec_untrained,random-init-no-quant,24000,20260826,120.0,440.0,471.580323515969,440Hz_ongrid,1,1499.9550504898962,1499.9551018462396,439.99999892094957,471.58032412635174,599.9999957733987,600.0000050246946,1586.2618465346507,1586.2618791160623,1,5.927500864630725e-05,120.00000648645255,-119.99994072499135,6.4864525484154e-06,2003.2126659797318,2.240796197283064e-06
encodec_untrained,random-init-no-quant,24000,20260826,120.0,440.0,471.580323515969,440Hz_ongrid,2,1499.9553181110787,1499.9550665329534,439.9999989168366,471.58032412264424,599.9999953141053,600.0000084122531,1586.2621567457227,1586.2618285833719,1,-0.00029036908484481744,120.00000648902491,-120.00029036908485,6.489024912070818e-06,2003.2126252214691,2.227185350634159e-06
encodec_untrained,random-init-no-quant,24000,20260826,120.0,440.0,471.580323515969,440Hz_ongrid,3,1499.9552606557183,1499.955032873302,439.99999891552443,471.5803241378988,599.9999988364945,600.0000060725563,1586.2620802678284,1586.2617964846556,1,-0.00026290431144047226,120.00000655018933,-120.00026290431144,6.550189326048894e-06,2003.2125863718152,2.2831871401526603e-06
encodec_untrained,random-init-no-quant,24000,20260826,120.0,440.0,471.580323515969,440Hz_ongrid,4,1499.9551837091587,1499.954966488055,439.9999989085598,471.58032412764686,599.9999914498295,599.9999976464977,1586.2620127702512,1586.2617441758898,1,-0.00025071455613976025,120.00000653995616,-120.00025071455615,6.539956160622751e-06,2003.2125097505834,2.2455505947568056e-06
encodec_untrained,random-init-no-quant,24000,20260826,120.0,452.8929,485.3985915911031,452.9Hz_+50.0c,0,1499.955147546494,1499.9550332774595,452.89290103526474,485.3985888116436,599.9999911508467,599.9999999536868,1586.2619718943279,1586.261814606456,1,-0.0001318882441044538,119.99998612929802,-120.0001318882441,-1.3870701977225508e-05,1953.212908408411,-9.913285886655323e-06
encodec_untrained,random-init-no-quant,24000,20260826,120.0,452.8929,485.3985915911031,452.9Hz_+50.0c,1,1499.9549187182884,1499.9549583674118,452.892901040248,485.39858880831383,600.0000062981742,600.0000008789829,1586.261664077008,1586.2617254761385,1,4.576264968741692e-05,119.99998609837293,-119.99995423735031,-1.3901627070822542e-05,1953.2128219479334,-9.92516188573243e-06
encodec_untrained,random-init-no-quant,24000,20260826,120.0,452.8929,485.3985915911031,452.9Hz_+50.0c,2,1499.9551727445232,1499.9551692603884,452.8929010370845,485.39858880934975,599.9999934653806,599.9999995293066,1586.2619942993215,1586.261972781174,1,-4.0213553475114724e-06,119.99998611416044,-120.00000402135535,-1.3885839564409252e-05,1953.2130653586269,-9.921467117650282e-06
encodec_untrained,random-init-no-quant,24000,20260826,120.0,452.8929,485.3985915911031,452.9Hz_+50.0c,3,1499.9550391118798,1499.955042358847,452.89290104899936,485.398588816707,600.0000002500043,599.9999890687775,1586.2618204854978,1586.261856495318,1,3.7476192124702157e-06,119.9999860948551,-119.99999625238078,-1.3905144896853017e-05,1953.2129188900635,-9.895226633705281e-06
encodec_untrained,random-init-no-quant,24000,20260826,120.0,452.8929,485.3985915911031,452.9Hz_+50.0c,4,1499.9550555107032,1499.955155715726,452.8929010447079,485.39858881868594,599.9999913295452,600.0000057385884,1586.2618651518706,1586.2619392318531,1,0.00011565569296019234,119.99998611831775,-119.99988434430703,-1.3881682249916594e-05,1953.2130497255057,-9.888168459980568e-06
encodec_untrained,random-init-no-quant,24000,20260826,125.0,440.0,472.9442695651064,440Hz_ongrid,0,1499.9552576717626,1499.9552231423502,439.9999989136744,472.94426726901577,599.9999965451697,599.99999779282,1586.262083435141,1586.262039981664,1,-3.9853518988447466e-05,124.99999586933703,-125.00003985351898,-4.13066297255682e-06,1998.2128059785543,-8.404944436719381e-06
encodec_untrained,random-init-no-quant,24000,20260826,125.0,440.0,472.9442695651064,440Hz_ongrid,1,1499.9553139816273,1499.9552236365319,439.99999891078176,472.9442672701186,600.0000054237629,600.0000025695097,1586.2621228092435,1586.2620267694313,1,-0.00010427544664667193,124.99999588475535,-125.00010427544665,-4.115244649938177e-06,1998.2128065489342,-8.400907542688209e-06
encodec_untrained,random-init-no-quant,24000,20260826,125.0,440.0,472.9442695651064,440Hz_ongrid,2,1499.9550074677732,1499.955047428381,439.9999989137521,472.9442672655624,600.0000005958074,599.9999943538892,1586.261782964389,1586.2618470969176,1,4.6122159470886566e-05,124.99999585638997,-124.99995387784053,-4.14361002754049e-06,1998.212603171151,-8.417585606244563e-06
encodec_untrained,random-init-no-quant,24000,20260826,125.0,440.0,472.9442695651064,440Hz_ongrid,3,1499.9551873571668,1499.9551708179679,439.99999891875336,472.9442672661184,600.0000101285285,600.000010630105,1586.2619630854147,1586.2619425487844,1,-1.9089386501026093e-05,124.99999583874718,-125.0000190893865,-4.161252817880268e-06,1998.2127455862492,-8.415550341239733e-06
encodec_untrained,random-init-no-quant,24000,20260826,125.0,440.0,472.9442695651064,440Hz_ongrid,4,1499.9552326391217,1499.9550433775637,439.9999989141404,472.94426726663886,600.0000046823296,599.9999893009333,1586.262031063825,1586.2618570012512,1,-0.0002184439022353707,124.99999585880258,-125.00021844390224,-4.14119742231378e-06,1998.2125984957354,-8.413645199420124e-06
encodec_untrained,random-init-no-quant,24000,20260826,125.0,452.8929,486.80250404937,452.9Hz_+50.0c,0,1499.9549699852516,1499.9551231248554,452.89290105051583,486.8025030031114,599.9999969416623,599.9999993390486,1586.2617502460466,1586.2619200809465,1,0.00017675229442127012,124.99999226343638,-124.99982324770558,-7.736563617299907e-06,1948.2130121094306,-3.7208488259178995e-06
encodec_untrained,random-init-no-quant,24000,20260826,125.0,452.8929,486.80250404937,452.9Hz_+50.0c,1,1499.9551290426944,1499.9549854099557,452.8929010342822,486.8025030054369,599.9999922197197,600.0000116900488,1586.2619474533014,1586.2617254942481,1,-0.00016577955890242465,124.99999233376153,-125.0001657795589,-7.666238474257625e-06,1948.2128531601857,-3.7125784115581854e-06
encodec_untrained,random-init-no-quant,24000,20260826,125.0,452.8929,486.80250404937,452.9Hz_+50.0c,2,1499.9551836985036,1499.9549082879519,452.8929010452621,486.8025030020969,600.0000098032358,600.0000149087106,1586.2619598012168,1586.2616271936545,1,-0.0003178762761599556,124.99999227991151,-125.00031787627616,-7.720088490259513e-06,1948.212764146686,-3.7244567170598442e-06
encodec_untrained,random-init-no-quant,24000,20260826,125.0,452.8929,486.80250404937,452.9Hz_+50.0c,3,1499.954862573964,1499.9550411408193,452.892901043527,486.8025029893939,599.9999894730274,600.0000020047446,1586.2616478228601,1586.2618177641702,1,0.00020610020311143286,124.99999224136786,-124.99979389979688,-7.758632136756205e-06,1948.2129174842273,-3.7696329112906127e-06
encodec_untrained,random-init-no-quant,24000,20260826,125.0,452.8929,486.80250404937,452.9Hz_+50.0c,4,1499.9552868487622,1499.9550849715704,452.8929010431407,486.8025029922038,599.9999972427787,600.0000045359279,1586.2621150980813,1586.2618610497605,1,-0.0002330047400000187,124.99999225283754,-125.00023300474,-7.747162456439582e-06,1948.2129680732685,-3.759639758221701e-06
encodec_untrained,random-init-no-quant,24000,20260826,130.0,440.0,474.31216053885623,440Hz_ongrid,0,1499.9552009715537,1499.9550151509816,439.999998914524,474.31216150576006,599.9999795163708,599.9999933540661,1586.2620671270279,1586.261812727525,1,-0.00021447235301496966,130.0000078001266,-130.000214472353,7.80012661039109e-06,1993.2125659168787,3.529187938736009e-06
encodec_untrained,random-init-no-quant,24000,20260826,130.0,440.0,474.31216053885623,440Hz_ongrid,1,1499.9552801634725,1499.955134011127,439.9999989165178,474.31216150275145,599.9999917898374,599.9999986059848,1586.2621231158466,1586.2619347609536,1,-0.00016868764859965106,130.00000778130047,-130.0001686876486,7.781300467968322e-06,1993.2127031041416,3.5182068489774022e-06
encodec_untrained,random-init-no-quant,24000,20260826,130.0,440.0,474.31216053885623,440Hz_ongrid,2,1499.9551935447143,1499.9550116020382,439.9999989184344,474.31216150392606,599.9999940211991,600.0000017390746,1586.2620167029515,1586.2617844373474,1,-0.00020999652277681113,130.00000777804647,-130.00020999652278,7.778046466455635e-06,1993.2125618207215,3.5224941868643302e-06
encodec_untrained,random-init-no-quant,24000,20260826,130.0,440.0,474.31216053885623,440Hz_ongrid,3,1499.9551246865578,1499.955156032221,439.9999989126561,474.3121615051907,600.0000071387364,600.0000122870431,1586.2618993783074,1586.2619207023029,1,3.6178868249858605e-05,130.0000078053979,-129.99996382113176,7.805397899574018e-06,1993.2127285206802,3.5271098118986894e-06
encodec_untrained,random-init-no-quant,24000,20260826,130.0,440.0,474.31216053885623,440Hz_ongrid,4,1499.9552223702492,1499.9550952973484,439.99999891179567,474.31216151022755,599.9999991562711,599.9999915030936,1586.2620351564242,1586.2619105724873,1,-0.0001466663395951845,130.00000782716776,-130.0001466663396,7.827167763707621e-06,1993.2126584210635,3.5454942765665305e-06
encodec_untrained,random-init-no-quant,24000,20260826,130.0,452.8929,488.21047702660945,452.9Hz_+50.0c,0,1499.9552510624098,1499.954957890115,452.89290104700115,488.21047845244635,599.9999850459491,599.9999986427495,1586.2621089864265,1586.2617313776527,1,-0.00033837670034345206,130.00000105385385,-130.00033837670034,1.0538538504079042e-06,1943.212821397042,5.056133724806548e-06
encodec_untrained,random-init-no-quant,24000,20260826,130.0,452.8929,488.21047702660945,452.9Hz_+50.0c,1,1499.9549849420164,1499.9550427077475,452.89290105194704,488.2104784545232,600.0000111502607,600.0000012947149,1586.2617265116564,1586.2618216214169,1,6.667266672298857e-05,130.00000104231208,-129.99993332733328,1.0423120784253115e-06,1943.212919292761,5.063498274180234e-06
encodec_untrained,random-init-no-quant,24000,20260826,130.0,452.8929,488.21047702660945,452.9Hz_+50.0c,2,1499.9553262981178,1499.955096815713,452.8929010359631,488.2104784546958,599.9999901396837,599.9999828757025,1586.2621811253493,1586.261937218359,1,-0.00026486641060127124,130.00000110402462,-130.0002648664106,1.104024619280608e-06,1943.2129817436664,5.064110256777732e-06
encodec_untrained,random-init-no-quant,24000,20260826,130.0,452.8929,488.21047702660945,452.9Hz_+50.0c,3,1499.9552063627696,1499.9551132231231,452.89290104492744,488.21047845961675,599.9999888083075,600.0000178247353,1586.2620465386553,1586.2618553140442,1,-0.00010750089844262493,130.0000010872076,-130.00010750089845,1.0872076074974757e-06,1943.2130006809448,5.081560217852302e-06
encodec_untrained,random-init-no-quant,24000,20260826,130.0,452.8929,488.21047702660945,452.9Hz_+50.0c,4,1499.9551176507603,1499.9550727977141,452.89290104141423,488.2104784536287,599.9999797450673,599.9999979468073,1586.261970299078,1586.2618660109933,1,-5.176896351286142e-05,130.000001079403,-130.00005176896352,1.0794030060878868e-06,1943.2129540223182,5.060326113128372e-06
encodec_untrained,random-init-no-quant,24000,20260826,135.0,440.0,475.6840078470761,440Hz_ongrid,0,1499.9550453928039,1499.9553654002725,439.9999989225055,475.6840059189494,599.9999879774381,600.0000050608872,1586.2618631460225,1586.262183203188,1,0.00036934958041445125,134.99999722219027,-134.9996306504196,-2.777809726239866e-06,1988.2129701712872,-7.017344426103083e-06
encodec_untrained,random-init-no-quant,24000,20260826,135.0,440.0,475.6840078470761,440Hz_ongrid,1,1499.9550890126723,1499.95504566077,439.9999989189088,475.6840059333125,599.9999949838672,599.9999893708748,1586.261893275384,1586.2618594346982,1,-5.003635826713363e-05,134.9999972886158,-135.00005003635826,-2.7113842122616916e-06,1988.212601130991,-6.9650706559286145e-06
encodec_untrained,random-init-no-quant,24000,20260826,135.0,440.0,475.6840078470761,440Hz_ongrid,2,1499.955044333072,1499.9550494945636,439.9999989086082,475.6840059303196,600.0000042844737,600.0000057358728,1586.2618148707306,1586.2618166402233,1,5.9573449869381195e-06,134.99999731825218,-134.999994042655,-2.681747815813651e-06,1988.2126055559195,-6.975963138976333e-06
encodec_untrained,random-init-no-quant,24000,20260826,135.0,440.0,475.6840078470761,440Hz_ongrid,3,1499.9551599500157,1499.9551513038427,439.9999989120503,475.68400591154807,600.0000077401345,600.0000098858363,1586.2619383437889,1586.261922173271,1,-9.97933099533245e-06,134.99999723639047,-135.000009979331,-2.7636095296657004e-06,1988.2127230632304,-7.044281463066288e-06
encodec_untrained,random-init-no-quant,24000,20260826,135.0,440.0,475.6840078470761,440Hz_ongrid,4,1499.9550597192072,1499.9551336171155,439.9999989183555,475.6840059223204,600.0000049601701,600.000025107326,1586.261830679616,1586.2618578394838,1,8.529226993292367e-05,134.99999725078732,-134.99991470773006,-2.749212683283986e-06,1988.2127026493772,-7.005075943229087e-06
encodec_untrained,random-init-no-quant,24000,20260826,135.0,452.8929,489.62252226701145,452.9Hz_+50.0c,0,1499.9550915896548,1499.9551649461678,452.8929010395724,489.62252158948706,600.0000004098775,599.9999977017292,1586.261880593556,1586.2619730750152,1,8.466739459772629e-05,134.99999363048994,-134.9999153326054,-6.36951006072195e-06,1938.2130603791938,-2.3956277980107986e-06
encodec_untrained,random-init-no-quant,24000,20260826,135.0,452.8929,489.62252226701145,452.9Hz_+50.0c,1,1499.9548551783232,1499.9549145081216,452.8929010524654,489.6225215995034,599.9999926260342,600.0000080969091,1586.2616301892251,1586.2616540276204,1,6.847790422559552e-05,134.9999936166211,-134.99993152209578,-6.383378888585867e-06,1938.2127713259486,-2.360211419289806e-06
encodec_untrained,random-init-no-quant,24000,20260826,135.0,452.8929,489.62252226701145,452.9Hz_+50.0c,2,1499.9551607941228,1499.955076318805,452.89290104877205,489.62252158456386,599.9999988844928,599.9999920258656,1586.26196487003,1586.26188715923,1,-9.750061512919591e-05,134.99999357791543,-135.00009750061514,-6.422084567248021e-06,1938.212958086328,-2.413035473930825e-06
encodec_untrained,random-init-no-quant,24000,20260826,135.0,452.8929,489.62252226701145,452.9Hz_+50.0c,3,1499.9550123502113,1499.9552255937474,452.892901048227,489.62252159830905,599.9999948152818,599.99999154917,1586.261805278725,1586.2620608264094,1,0.0002461236776666596,134.99999362860004,-134.99975387632233,-6.371399962290525e-06,1938.2131303780548,-2.3644343683184873e-06
encodec_untrained,random-init-no-quant,24000,20260826,135.0,452.8929,489.62252226701145,452.9Hz_+50.0c,4,1499.9552073661687,1499.9552397944274,452.89290104055243,489.6225215950678,600.0000106941112,600.0000030879884,1586.261984547688,1586.2620439227069,1,3.742838753950528e-05,134.99999364647618,-134.99996257161246,-6.3535238155054685e-06,1938.2131467683444,-2.3758952032683464e-06
encodec_untrained,random-init-no-quant,24000,20260826,140.0,440.0,477.0598229326241,440Hz_ongrid,0,1499.9551600923521,1499.9551916415794,439.99999891618506,477.05982390716105,599.9999969713274,599.9999896201499,1586.2619695802812,1586.2620272051154,1,3.6413819205194984e-05,140.000007800965,-139.9999635861808,7.800964993975867e-06,1983.212769620664,3.536561713984503e-06
encodec_untrained,random-init-no-quant,24000,20260826,140.0,440.0,477.0598229326241,440Hz_ongrid,1,1499.9550344441805,1499.9550208736505,439.99999892229323,477.05982390416256,600.0000034715599,599.9999802673613,1586.261805802638,1586.2618570928253,1,-1.5662978541621454e-05,140.00000776605012,-140.00001566297854,7.766050117652412e-06,1983.2125725219296,3.525680186721479e-06
encodec_untrained,random-init-no-quant,24000,20260826,140.0,440.0,477.0598229326241,440Hz_ongrid,2,1499.9551604542355,1499.9552681242806,439.9999989197588,477.0598239081182,600.0000028199122,599.9999901411518,1586.2619531225153,1586.2621139774271,1,0.000124271742329798,140.00000779037674,-139.99987572825768,7.790376741922955e-06,1983.2128578962693,3.5400352534040206e-06
encodec_untrained,random-init-no-quant,24000,20260826,140.0,440.0,477.0598229326241,440Hz_ongrid,3,1499.9553491671754,1499.9552291226291,439.99999891724883,477.0598239094,600.0000084974329,599.9999940886499,1586.2621545513289,1586.2620575720207,1,-0.00013855426720213066,140.00000780490439,-140.0001385542672,7.804904385011469e-06,1983.2128128809352,3.5446866286780426e-06
encodec_untrained,random-init-no-quant,24000,20260826,140.0,440.0,477.0598229326241,440Hz_ongrid,4,1499.9553953168265,1499.955140350764,439.9999989189964,477.05982390599013,599.9999854060222,600.0000017294676,1586.2622744445391,1586.2619330656364,1,-0.0002942793950291996,140.00000778565382,-140.00029427939504,7.785653821201777e-06,1983.2127104212902,3.532312432804398e-06
encodec_untrained,random-init-no-quant,24000,20260826,140.0,452.8929,491.03865154873324,452.9Hz_+50.0c,0,1499.9552558573644,1499.9551167179848,452.8929010335223,491.0386501476105,600.0000056121569,599.9999983809561,1586.2620551791847,1586.2619154506676,1,-0.00016059335223907281,139.9999911093659,-140.00016059335223,-8.890634092040273e-06,1933.2130047146811,-4.939878764604376e-06
encodec_untrained,random-init-no-quant,24000,20260826,140.0,452.8929,491.03865154873324,452.9Hz_+50.0c,1,1499.955453419354,1499.9552052803513,452.89290104873464,491.0386501416928,599.9999966693034,600.0000056912279,1586.2623090069544,1586.261996575527,1,-0.00028639965606404376,139.99999103035154,-140.00028639965606,-8.969648462198165e-06,1933.2131069325262,-4.96074248927779e-06
encodec_untrained,random-init-no-quant,24000,20260826,140.0,452.8929,491.03865154873324,452.9Hz_+50.0c,2,1499.955210259041,1499.9551112484764,452.89290104793804,491.03865015541356,599.9999838670477,599.9999937464445,1586.262065293157,1586.2619225101867,1,-0.00011427705641010073,139.99999108177104,-140.0001142770564,-8.918228957099927e-06,1933.212998401826,-4.912367801779862e-06
encodec_untrained,random-init-no-quant,24000,20260826,140.0,452.8929,491.03865154873324,452.9Hz_+50.0c,3,1499.955366685526,1499.9550380129183,452.8929010390247,491.03865015396536,599.9999826421705,600.0000127086025,1586.262249373359,1586.2617832691712,1,-0.00037935080248732673,139.99999111073765,-140.0003793508025,-8.889262346656324e-06,1933.2129138740333,-4.917473743298788e-06
encodec_untrained,random-init-no-quant,24000,20260826,140.0,452.8929,491.03865154873324,452.9Hz_+50.0c,4,1499.9551055004908,1499.9550575428054,452.8929010400905,491.03865015073427,599.9999810600109,600.0000140237183,1586.2619524812262,1586.2618020157615,1,-5.535230952741998e-05,139.99999109527153,-140.00005535230952,-8.904728474590229e-06,1933.2129364152456,-4.928865384252869e-06
encodec_untrained,random-init-no-quant,24000,20260826,145.0,440.0,478.43961727145455,440Hz_ongrid,0,1499.955077985257,1499.955120728528,439.9999989146408,478.4396146559674,599.9999857514347,599.9999963211013,1586.2619071868144,1586.2619260230833,1,4.9333880966884264e-05,144.99999480633736,-144.99995066611902,-5.193662644842334e-06,1978.212687773491,-9.464141975156335e-06
encodec_untrained,random-init-no-quant,24000,20260826,145.0,440.0,478.43961727145455,440Hz_ongrid,1,1499.95537605429,1499.9550119062662,439.9999989165011,478.43961464648805,599.9999884706195,599.9999908158309,1586.2622433693462,1586.261816306304,1,-0.000420296192769686,144.99999476471675,-145.00042029619277,-5.2352832540236705e-06,1978.2125621718585,-9.498442984976437e-06
encodec_untrained,random-init-no-quant,24000,20260826,145.0,440.0,478.43961727145455,440Hz_ongrid,2,1499.9553498179278,1499.9549473390384,439.9999989107276,478.43961465072124,600.0000191364837,599.9999965188406,1586.2621246046094,1586.2617253280039,1,-0.00046453732819892653,144.9999948027512,-145.0004645373282,-5.197248810873134e-06,1978.2124876489665,-9.48312516037917e-06
encodec_untrained,random-init-no-quant,24000,20260826,145.0,440.0,478.43961727145455,440Hz_ongrid,3,1499.955124708983,1499.9550263369106,439.99999890910505,478.43961464584663,600.0000169547333,600.0000058136923,1586.2618710812108,1586.261789687338,1,-0.00011354012129252781,144.99999479149633,-145.0001135401213,-5.208503665699027e-06,1978.2125788275732,-9.500763867491188e-06
encodec_untrained,random-init-no-quant,24000,20260826,145.0,440.0,478.43961727145455,440Hz_ongrid,4,1499.9551736315948,1499.9550072510497,439.9999989100026,478.4396146575928,599.9999976268762,600.0000141636405,1586.261983315633,1586.2617435657585,1,-0.00019203485927194488,144.99999483046835,-145.00019203485928,-5.1695316471978e-06,1978.212556798851,-9.458260291857599e-06
encodec_untrained,random-init-no-quant,24000,20260826,145.0,452.8929,492.458876683998,452.9Hz_+50.0c,0,1499.9551161437555,1499.955075256565,452.8929010410912,492.45887715660695,600.0000054324294,600.0000021275173,1586.2618944416465,1586.2618567859965,1,-4.719161050761168e-05,144.9999976817636,-145.00004719161052,-2.3182363975138287e-06,1928.2129568603007,1.6614516455127797e-06
encodec_untrained,random-init-no-quant,24000,20260826,145.0,452.8929,492.458876683998,452.9Hz_+50.0c,1,1499.9551583491655,1499.9551426307996,452.8929010424253,492.4588771552252,599.9999875258501,599.999999412199,1586.2619948221986,1586.2619423834558,1,-1.8141989183536664e-05,144.99999767180617,-145.0000181419892,-2.328193829725933e-06,1928.2130346230072,1.6565942258411696e-06
encodec_untrained,random-init-no-quant,24000,20260826,145.0,452.8929,492.458876683998,452.9Hz_+50.0c,2,1499.9552250954296,1499.9550025928056,452.8929010424066,492.4588771538695,599.9999962043603,600.0000047827244,1586.2620468192156,1586.2617652568583,1,-0.0002568104305577264,144.9999976671117,-145.00025681043056,-2.3328883003159717e-06,1928.2128729924707,1.6518282960304078e-06
encodec_untrained,random-init-no-quant,24000,20260826,145.0,452.8929,492.458876683998,452.9Hz_+50.0c,3,1499.9551252848782,1499.9550865794338,452.8929010388659,492.4588771541031,600.0000080759352,600.0000157342528,1586.2618973646988,1586.2618305940061,1,-4.46734592689003e-05,144.99999768146805,-145.00004467345926,-2.3185319548701955e-06,1928.2129699290492,1.652649398311082e-06
encodec_untrained,random-init-no-quant,24000,20260826,145.0,452.8929,492.458876683998,452.9Hz_+50.0c,4,1499.9550220891613,1499.9551150091188,452.8929010365149,492.4588771551283,599.9999944586438,599.9999931623977,1586.2618175483697,1586.2619285358871,1,0.00010724734204888684,144.9999976940589,-144.99989275265796,-2.305941109170817e-06,1928.2130027423239,1.6562536375356098e-06
encodec_untrained,random-init-no-quant,24000,20260826,150.0,440.0,479.82340237271336,440Hz_ongrid,0,1499.9552250883619,1499.9549319487396,439.9999989088406,479.82340290938026,599.9999966418228,599.9999901900508,1586.2620455488081,1586.2617258256917,1,-0.00033833899594206454,150.0000062296297,-150.00033833899593,6.2296296903241455e-06,1973.2124698856267,1.9363290883364877e-06
encodec_untrained,random-init-no-quant,24000,20260826,150.0,440.0,479.82340237271336,440Hz_ongrid,1,1499.9552501370133,1499.9550139739713,439.99999891390456,479.8234029117772,600.0000038112651,600.0000032114484,1586.2620537730854,1586.2617829266376,1,-0.0002725771530610044,150.00000621835338,-150.00027257715305,6.218353377107633e-06,1973.2125645583847,1.9449771866535525e-06
encodec_untrained,random-init-no-quant,24000,20260826,150.0,440.0,479.82340237271336,440Hz_ongrid,2,1499.955285356678,1499.9550994635283,439.99999891770983,479.82340291240854,599.9999856891834,600.0000088289344,1586.2621467125612,1586.261865389244,1,-0.00021455610910996265,150.00000620565888,-150.0002145561091,6.205658877433962e-06,1973.212663229629,1.9472552073063843e-06
encodec_untrained,random-init-no-quant,24000,20260826,150.0,440.0,479.82340237271336,440Hz_ongrid,3,1499.9550871157592,1499.9548929836385,439.99999891074685,479.8234029087018,599.9999851602091,600.0000017823655,1586.2619194310705,1586.261647404183,1,-0.00022406548169896827,150.00000621968124,-150.0002240654817,6.219681239372221e-06,1973.2124249124684,1.9338811579420687e-06
encodec_untrained,random-init-no-quant,24000,20260826,150.0,440.0,479.82340237271336,440Hz_ongrid,4,1499.9551714657218,1499.9549380061887,439.999998911047,479.82340291328927,599.9999966639214,599.9999849296405,1586.2619835943033,1586.261747995479,1,-0.0002694568024502919,150.0000062350523,-150.00026945680244,6.235052296688082e-06,1973.212476877078,1.9504331345316518e-06
encodec_untrained,random-init-no-quant,24000,20260826,150.0,452.8929,493.88320951919326,452.9Hz_+50.0c,0,1499.955165045977,1499.9550161044024,452.89290105124485,493.8832108862394,600.0000091712237,600.0000096119646,1586.2619400962487,1586.2617669175754,1,-0.00017190696377491582,150.000000773475,-150.00017190696377,7.734749942756025e-07,1923.2128885874292,4.791976741449155e-06
encodec_untrained,random-init-no-quant,24000,20260826,150.0,452.8929,493.88320951919326,452.9Hz_+50.0c,1,1499.95515836536,1499.9550539424656,452.89290104464214,493.8832108753021,600.0000028974621,600.0000085882601,1586.2619504877928,1586.2618135437003,1,-0.00012052392053485349,150.00000076037549,-150.00012052392054,7.603754852425482e-07,1923.2129322597673,4.753637492471894e-06
encodec_untrained,random-init-no-quant,24000,20260826,150.0,452.8929,493.88320951919326,452.9Hz_+50.0c,2,1499.9552802222506,1499.9553269609044,452.892901039064,493.8832108794747,599.9999950394063,599.9999810123131,1586.2621138074137,1586.2622082263565,1,5.39453065653551e-05,150.00000079632517,-149.99994605469342,7.96325167584655e-07,1923.2132473750592,4.768263953436909e-06
encodec_untrained,random-init-no-quant,24000,20260826,150.0,452.8929,493.88320951919326,452.9Hz_+50.0c,3,1499.9550341699098,1499.9552655306845,452.89290103962776,493.8832108667121,599.9999958166122,600.0000049301826,1586.2618275735879,1586.2620683118002,1,0.0002670344180504477,150.00000074943262,-149.99973296558196,7.494326155210729e-07,1923.213176472887,4.723526564789053e-06
encodec_untrained,random-init-no-quant,24000,20260826,150.0,452.8929,493.88320951919326,452.9Hz_+50.0c,4,1499.9550524857575,1499.9552161385368,452.8929010512698,493.88321088737894,600.0000049618793,599.9999837986414,1586.2618223259046,1586.262072276594,1,0.0001888864922974105,150.00000077737405,-149.9998111135077,7.773740549055219e-07,1923.2131194649407,4.79597115801423e-06
encodec_untrained,random-init-no-quant,24000,20260826,155.0,440.0,481.21118977883435,440Hz_ongrid,0,1499.9552275210472,1499.9549423254932,439.99999891753396,481.2111929363851,599.9999858127691,600.0000128232222,1586.2620796026351,1586.261672496916,1,-0.00032917002561755446,155.00001561888803,-155.00032917002562,1.561888802825706e-05,1968.2124818623795,1.1359792802526777e-05
encodec_untrained,random-init-no-quant,24000,20260826,155.0,440.0,481.21118977883435,440Hz_ongrid,1,1499.9552156348109,1499.9552165485393,439.99999891415297,481.21119292905047,599.9999884820777,599.9999984822485,1586.2620581816575,1586.2620303818799,1,1.0546166968175082e-06,155.00001560580347,-154.9999989453833,1.5605803469043167e-05,1968.2127983680407,1.1333405281628378e-05
encodec_untrained,random-init-no-quant,24000,20260826,155.0,440.0,481.21118977883435,440Hz_ongrid,2,1499.9552813051264,1499.9549346932715,439.99999891267476,481.21119293643926,600.0000062956037,600.0000040295704,1586.262082578738,1586.2616890609918,1,-0.00040005613609600554,155.00001563820206,-155.0004000561361,1.563820205774391e-05,1968.21247305334,1.1359987698993993e-05
encodec_untrained,random-init-no-quant,24000,20260826,155.0,440.0,481.21118977883435,440Hz_ongrid,3,1499.955331579666,1499.9552153913157,439.99999892090483,481.2111929317378,600.0000084829901,599.9999879370715,1586.2621342936677,1586.2620594731734,1,-0.00013410348424147133,155.00001558890557,-155.00013410348424,1.5588905569074996e-05,1968.2127970323843,1.1343073222753576e-05
encodec_untrained,random-init-no-quant,24000,20260826,155.0,440.0,481.21118977883435,440Hz_ongrid,4,1499.9552045845928,1499.955122978861,439.9999989159571,481.21119293416217,599.9999866904354,599.9999947188797,1586.2620505971877,1586.2619332434308,1,-9.418856300422157e-05,155.0000156170951,-155.000094188563,1.5617095101561063e-05,1968.2126903708045,1.1351795512380992e-05
encodec_untrained,random-init-no-quant,24000,20260826,155.0,452.8929,495.31166193496966,452.9Hz_+50.0c,0,1499.955326174171,1499.9551403200715,452.89290104311146,495.31166507453764,599.9999962795574,599.9999954359002,1586.2621632663602,1586.2619511896082,1,-0.0002145110320883283,155.00000698613843,-155.00021451103208,6.986138430420397e-06,1918.213031955987,1.0973549520874242e-05
encodec_untrained,random-init-no-quant,24000,20260826,155.0,452.8929,495.31166193496966,452.9Hz_+50.0c,1,1499.9554280544803,1499.9550589615715,452.8929010463543,495.311665061951,599.9999982661838,600.0000083833877,1586.2622751234403,1586.261819927842,1,-0.00042600351832229957,155.00000692974854,-155.00042600351833,6.9297485367769696e-06,1918.2129380527724,1.092955596801623e-05
encodec_untrained,random-init-no-quant,24000,20260826,155.0,452.8929,495.31166193496966,452.9Hz_+50.0c,2,1499.955082335048,1499.9550123047584,452.8929010381285,495.31166506206665,599.999983057313,599.9999743698322,1586.2619199808942,1586.2618642193622,1,-8.082830350848888e-05,155.00000696159705,-155.0000808283035,6.961597051713397e-06,1918.2128842019158,1.0929960368575517e-05
encodec_untrained,random-init-no-quant,24000,20260826,155.0,452.8929,495.31166193496966,452.9Hz_+50.0c,3,1499.9551133549285,1499.9553159629945,452.8929010419211,495.31166505774206,599.9999958586598,599.999984335483,1586.2619188468686,1586.2621859440326,1,0.00023384830366710138,155.000006931984,-154.99976615169632,6.931983989488799e-06,1918.213234681377,1.0914844552232921e-05
encodec_untrained,random-init-no-quant,24000,20260826,155.0,452.8929,495.31166193496966,452.9Hz_+50.0c,4,1499.9551958359925,1499.9552064831867,452.8929010446158,495.3116650562685,599.9999745399302,599.9999953102507,1586.2620755585845,1586.2620279169967,1,1.2288890401443145e-05,155.0000069165325,-154.9999877111096,6.9165324987352506e-06,1918.2131083208276,1.0909694211269612e-05
encodec_untrained,random-init-no-quant,24000,20260826,160.0,440.0,482.60299106563536,440Hz_ongrid,0,1499.9551095394072,1499.955151928884,439.9999989101485,482.6029899808853,599.9999941823106,600.0000129083068,1586.2619192799511,1586.2619141736818,1,4.892553405145233e-05,160.00000039684772,-159.99995107446594,3.9684772445980343e-07,1963.2127237846476,-3.891306738398324e-06
encodec_untrained,random-init-no-quant,24000,20260826,160.0,440.0,482.60299106563536,440Hz_ongrid,1,1499.955032627044,1499.954909187252,439.99999890517626,482.60298997245025,599.9999907990713,600.0000019850061,1586.2618402703893,1586.2616655215468,1,-0.00014247305734715556,160.0000003861526,-160.00014247305734,3.8615260677943297e-07,1963.212443614529,-3.921565664536336e-06
encodec_untrained,random-init-no-quant,24000,20260826,160.0,440.0,482.60299106563536,440Hz_ongrid,2,1499.9550852478144,1499.9551071989167,439.9999989107839,482.60298997705377,599.9999917970814,600.0000130709434,1586.2618981251403,1586.2618620775058,1,2.533575575095431e-05,160.0000003806028,-159.99997466424426,3.806028132657957e-07,1963.2126721577417,-3.905051552392131e-06
encodec_untrained,random-init-no-quant,24000,20260826,160.0,440.0,482.60299106563536,440Hz_ongrid,3,1499.9551442939835,1499.9547877851767,439.99999891468855,482.6029899795196,599.9999933177423,600.0000071036187,1586.2619618879717,1586.2615106311969,1,-0.00041147914380323616,160.000000374085,-160.0004114791438,3.740850047506683e-07,1963.2123034933738,-3.896205866698686e-06
encodec_untrained,random-init-no-quant,24000,20260826,160.0,440.0,482.60299106563536,440Hz_ongrid,4,1499.9552313522547,1499.9551166100196,439.9999989176018,482.60298997306796,599.9999984572908,599.9999843557572,1586.2620475402005,1586.2619557942257,1,-0.0001324344005593054,160.000000339479,-160.00013243440057,3.3947898714359326e-07,1963.2126830199475,-3.919349726281569e-06
encodec_untrained,random-init-no-quant,24000,20260826,160.0,452.8929,496.7442458463402,452.9Hz_+50.0c,0,1499.955146103119,1499.9552966709027,452.89290105126435,496.7442438815887,600.0000108981636,600.0000042531185,1586.2619132496857,1586.2621062071366,1,0.00017378390387683061,159.9999891339467,-159.99982621609612,-1.0866053287372779e-05,1913.2132124146294,-6.847476776684796e-06
encodec_untrained,random-init-no-quant,24000,20260826,160.0,452.8929,496.7442458463402,452.9Hz_+50.0c,1,1499.9552174849389,1499.955072392273,452.8929010365464,496.7442438834195,599.9999895101757,600.0000141286168,1586.2620573505935,1586.261818852205,1,-0.00016746458338111174,159.99998919658836,-160.00016746458337,-1.0803411640836202e-05,1913.2129535543618,-6.841096319886333e-06
encodec_untrained,random-init-no-quant,24000,20260826,160.0,452.8929,496.7442458463402,452.9Hz_+50.0c,2,1499.9553094804767,1499.9551107723896,452.89290103715854,496.74424388113215,599.9999913064073,600.0000154147199,1586.2621583481364,1586.2618594392652,1,-0.00022934698563436382,159.99998918627665,-160.00022934698563,-1.0813723349656357e-05,1913.2129978523312,-6.849068046772595e-06
encodec_untrained,random-init-no-quant,24000,20260826,160.0,452.8929,496.7442458463402,452.9Hz_+50.0c,3,1499.9550090072403,1499.9551599584368,452.89290105008115,496.74424387989654,599.9999798060848,599.9999935740085,1586.2618447276882,1586.2619792283078,1,0.00017422645105327362,159.99998913257215,-159.99982577354893,-1.0867427846505961e-05,1913.2130546224023,-6.853374220833125e-06
encodec_untrained,random-init-no-quant,24000,20260826,160.0,452.8929,496.7442458463402,452.9Hz_+50.0c,4,1499.955325918527,1499.9551437384891,452.89290103803074,496.74424388240107,599.9999820206733,599.9999960333439,1586.2622041137422,1586.2619534112557,1,-0.00021027046498076887,159.99998918736492,-160.00021027046498,-1.0812635082402267e-05,1913.2130359014923,-6.844645588329528e-06
encodec_untrained,random-init-no-quant,24000,20260826,165.0,440.0,483.99881784241484,440Hz_ongrid,0,1499.9551912090828,1499.9549884928037,439.99999892078904,483.99881926815596,599.9999941044862,600.0000068745767,1586.262013766872,1586.2617429469585,1,-0.00023397322162236434,165.00000934607655,-165.0002339732216,9.346076552674276e-06,1958.2125351482591,5.099788227153651e-06
encodec_untrained,random-init-no-quant,24000,20260826,165.0,440.0,483.99881784241484,440Hz_ongrid,1,1499.955269360292,1499.9552545251215,439.9999989074116,483.9988192711849,599.9999850846543,600.000002800397,1586.262129993988,1586.2620617545465,1,-1.7122612217750694e-05,165.00000940954612,-165.0000171226122,9.40954612360656e-06,1958.21284220025,5.110622856242903e-06
encodec_untrained,random-init-no-quant,24000,20260826,165.0,440.0,483.99881784241484,440Hz_ongrid,2,1499.955246801886,1499.955013639607,439.99999891675895,483.99881927122925,599.999990793423,600.0000018604148,1586.262087485266,1586.2617864389763,1,-0.00026911370100294625,165.00000937292634,-165.000269113701,9.372926342621213e-06,1958.2125641724642,5.110781233648784e-06
encodec_untrained,random-init-no-quant,24000,20260826,165.0,440.0,483.99881784241484,440Hz_ongrid,3,1499.95508877899,1499.955245100866,439.99999891771995,483.99881926515354,599.9999977426268,600.0000028280396,1586.2618850455722,1586.2620507974018,1,0.0001804252287015351,165.00000934741288,-164.9998195747713,9.347412884608275e-06,1958.2128313228643,5.0890489320368035e-06
encodec_untrained,random-init-no-quant,24000,20260826,165.0,440.0,483.99881784241484,440Hz_ongrid,4,1499.9553489469015,1499.9551773169228,439.99999891361296,483.9988192711146,599.9999934599147,599.999992679074,1586.2621976861965,1586.2620018455432,1,-0.00019809368335286398,165.00000938489447,-165.00019809368337,9.384894468666971e-06,1958.212753087281,5.110371451331626e-06
encodec_untrained,random-init-no-quant,24000,20260826,165.0,452.8929,498.1809732027795,452.9Hz_+50.0c,0,1499.9552560246784,1499.9551470171377,452.8929010525089,498.18097183149473,600.0000024207693,599.9999931730063,1586.262064580695,1586.2619654486307,1,-0.00012581546824263164,164.9999912112999,-165.00012581546824,-8.78870008591548e-06,1908.2130396856771,-4.7653664672892556e-06
encodec_untrained,random-init-no-quant,24000,20260826,165.0,452.8929,498.1809732027795,452.9Hz_+50.0c,1,1499.955242662261,1499.9551706042655,452.89290104445223,498.1809718206958,599.9999996987942,599.9999892203559,1586.2620570118804,1586.2620040776087,1,-8.316865385676348e-05,164.99999120456994,-165.00008316865384,-8.795430062491505e-06,1908.2130669097166,-4.802894032268382e-06
encodec_untrained,random-init-no-quant,24000,20260826,165.0,452.8929,498.1809732027795,452.9Hz_+50.0c,2,1499.9552870338605,1499.955124927654,452.89290103553265,498.1809718322137,599.9999930168522,600.0000025087627,1586.2621275051663,1586.261913015858,1,-0.00018710144346377304,164.9999912786919,-165.00018710144346,-8.721308091708124e-06,1908.2130141902037,-4.762867986814995e-06
encodec_untrained,random-init-no-quant,24000,20260826,165.0,452.8929,498.1809732027795,452.9Hz_+50.0c,3,1499.9553469855634,1499.955153785363,452.8929010449741,498.180971823811,599.9999818704114,599.9999958736115,1586.2622288626776,1586.2619654681528,1,-0.00022298982911433002,164.99999121340056,-165.00022298982913,-8.786599437371478e-06,1908.213047497499,-4.79206843677992e-06
encodec_untrained,random-init-no-quant,24000,20260826,165.0,452.8929,498.1809732027795,452.9Hz_+50.0c,4,1499.9549694654083,1499.9549906325276,452.8929010483415,498.18097183429126,599.9999978020874,600.0000055532665,1586.2617471633864,1586.2617492291029,1,2.4430891823925203e-05,164.99999123694826,-164.9999755691082,-8.763051738469585e-06,1908.2128591880294,-4.755648168209379e-06
encodec_untrained,random-init-no-quant,24000,20260826,170.0,440.0,485.39868175204845,440Hz_ongrid,0,1499.95511367194,1499.9551657741956,439.9999989115938,485.3986789526063,599.9999984752822,599.9999948603211,1586.261911662784,1586.2619822292882,1,6.013593128343551e-05,169.99999429791333,-169.99993986406872,-5.7020866677248705e-06,1953.212739764775,-9.984554374482626e-06
encodec_untrained,random-init-no-quant,24000,20260826,170.0,440.0,485.39868175204845,440Hz_ongrid,1,1499.9550721670698,1499.955234533531,439.99999890934555,485.3986789608738,599.9999958770339,599.9999975945753,1586.2618712552132,1586.26205370127,1,0.00018740183343639622,169.99999433624646,-169.99981259816656,-5.66375354082993e-06,1953.212819126147,-9.955067538099032e-06
encodec_untrained,random-init-no-quant,24000,20260826,170.0,440.0,485.39868175204845,440Hz_ongrid,2,1499.9553037603848,1499.9550269222557,439.999998917317,485.3986789622789,599.9999891840073,600.0000023144363,1586.2621578700137,1586.261800459656,1,-0.00031952394735317453,169.9999943098933,-170.00031952394735,-5.69010668982628e-06,1953.2125795031732,-9.950055969510593e-06
encodec_untrained,random-init-no-quant,24000,20260826,170.0,440.0,485.39868175204845,440Hz_ongrid,3,1499.9550179784576,1499.9552051239177,439.9999989136101,485.39867896418644,600.000003959892,600.0000014240605,1586.2617853890267,1586.2620087074151,1,0.0002160015256555442,169.999994331282,-169.99978399847436,-5.668717989237848e-06,1953.2127851818507,-9.943252468194172e-06
encodec_untrained,random-init-no-quant,24000,20260826,170.0,440.0,485.39868175204845,440Hz_ongrid,4,1499.955387287659,1499.9549739440295,439.99999891183614,485.3986789581866,599.9999884310191,600.0000015729239,1586.2622564490555,1586.261741452235,1,-0.0004770772984868823,169.9999943168628,-170.00047707729848,-5.683137203504884e-06,1953.2125183561996,-9.964651485499752e-06
encodec_untrained,random-init-no-quant,24000,20260826,170.0,452.8929,499.6218559883234,452.9Hz_+50.0c,0,1499.955183683768,1499.9549167674868,452.89290103888015,499.62185494526426,599.9999881049549,599.9999879569749,1586.2620223922136,1586.2617147469255,1,-0.0003080722679786568,169.99999241447114,-170.00030807226798,-7.5855288628190465e-06,1903.212773933687,-3.6142923529363463e-06
encodec_untrained,random-init-no-quant,24000,20260826,170.0,452.8929,499.6218559883234,452.9Hz_+50.0c,1,1499.9551721860373,1499.955214040119,452.892901049501,499.6218549524944,600.0000006747692,599.9999903809157,1586.261972852824,1586.2620508621908,1,4.8307583870351397e-05,169.99999239892503,-169.99995169241612,-7.601074969443289e-06,1903.213117042967,-3.589239315225839e-06
encodec_untrained,random-init-no-quant,24000,20260826,170.0,452.8929,499.6218559883234,452.9Hz_+50.0c,2,1499.9553202225723,1499.9551593383896,452.89290104639446,499.62185494200827,599.9999928919406,600.0000110142806,1586.2621661716782,1586.261928190667,1,-0.00018569099102382831,169.99999237446468,-170.00018569099103,-7.625535317856702e-06,1903.2130539067498,-3.625574628900783e-06
encodec_untrained,random-init-no-quant,24000,20260826,170.0,452.8929,499.6218559883234,452.9Hz_+50.0c,3,1499.9556193680678,1499.9553934861133,452.89290104659034,499.6218549396575,599.9999820823424,600.0000044393191,1586.2625426324144,1586.262217413061,1,-0.00026071075385454356,169.9999923655703,-170.00026071075385,-7.634429692870981e-06,1903.2133241578154,-3.6337203018317617e-06
encodec_untrained,random-init-no-quant,24000,20260826,170.0,452.8929,499.6218559883234,452.9Hz_+50.0c,4,1499.9549635086862,1499.955200547532,452.8929010387435,499.6218549408622,600.00001702611,600.0000030579465,1586.2616848193898,1586.2619987109958,1,0.00027358800644552197,169.99999239974008,-169.99972641199355,-7.600259920081953e-06,1903.2131014699512,-3.6295459808144138e-06
encodec_untrained,random-init-no-quant,24000,20260826,175.0,440.0,486.8025944710867,440Hz_ongrid,0,1499.9553976410914,1499.9550449618073,439.99999890700957,486.8025934106562,599.9999789614908,600.0000056438762,1586.262295722171,1586.261811674005,1,-0.0004070590749858729,175.00000052925694,-175.00040705907497,5.292569369430566e-07,1948.2126003242543,-3.771248207074414e-06
encodec_untrained,random-init-no-quant,24000,20260826,175.0,440.0,486.8025944710867,440Hz_ongrid,1,1499.955257951833,1499.9550472162077,439.99999891508617,486.8025934243036,599.9999856843828,599.9999974547932,1586.2621150960028,1586.2618379047117,1,-0.0002432290653063898,175.00000054601355,-175.00024322906532,5.460135525936494e-07,1948.2126029262622,-3.7227134123527184e-06
encodec_untrained,random-init-no-quant,24000,20260826,175.0,440.0,486.8025944710867,440Hz_ongrid,2,1499.9553347245117,1499.955012791396,439.99999892041956,486.8025934045336,600.0000089543,600.0000106625193,1586.262136563505,1586.2617600624744,1,-0.0003715721515725799,175.00000045471964,-175.00037157215158,4.547196397197695e-07,1948.212563193467,-3.793022217411063e-06
encodec_untrained,random-init-no-quant,24000,20260826,175.0,440.0,486.8025944710867,440Hz_ongrid,3,1499.954962167893,1499.9551618405906,439.99999890853314,486.80259341982435,599.9999817522362,600.0000161541369,1586.2617850507443,1586.2619162481938,1,0.00023046035269089628,175.00000055586733,-174.9997695396473,5.55867330831461e-07,1948.2127352246448,-3.738643219499627e-06
encodec_untrained,random-init-no-quant,24000,20260826,175.0,440.0,486.8025944710867,440Hz_ongrid,4,1499.9552183786143,1499.9550614448326,439.9999989048599,486.80259341543234,599.9999990668904,599.999998045408,1586.2620308072155,1586.2618526231026,1,-0.0001811314879917287,175.00000055470056,-175.000181131488,5.547005628159241e-07,1948.2126193488077,-3.754262614617789e-06
encodec_untrained,random-init-no-quant,24000,20260826,175.0,452.8929,501.06690622166917,452.9Hz_+50.0c,0,1499.955135958664,1499.9550891273705,452.89290105285835,501.06690645528,599.9999963052861,600.0000060935581,1586.2619436471957,1586.261861351975,1,-5.405223740902307e-05,174.9999967824786,-175.0000540522374,-3.2175213959817484e-06,1898.2129728698537,8.071477710078844e-07
encodec_untrained,random-init-no-quant,24000,20260826,175.0,452.8929,501.06690622166917,452.9Hz_+50.0c,1,1499.955196337535,1499.9553287531505,452.8929010382745,501.0669064494609,600.0000044441329,600.0000086068255,1586.261989852169,1586.2621306740168,1,0.00015283283955950052,174.99999681812136,-174.99984716716045,-3.1818786396797805e-06,1898.2132494436519,7.870419130456579e-07
encodec_untrained,random-init-no-quant,24000,20260826,175.0,452.8929,501.06690622166917,452.9Hz_+50.0c,2,1499.955305663637,1499.9551635832643,452.89290104035564,501.0669064552824,599.9999825216119,600.0000063021539,1586.2621792903387,1586.2619466863848,1,-0.0001639878134145243,174.99999683027977,-175.0001639878134,-3.1697202302893857e-06,1898.2130588061434,8.071558436426703e-07
encodec_untrained,random-init-no-quant,24000,20260826,175.0,452.8929,501.06690622166917,452.9Hz_+50.0c,3,1499.954990479262,1499.9552091394398,452.89290103618265,501.06690645273466,600.0000112484598,600.0000011608862,1586.2617326193508,1586.2620141014534,1,0.0002523755176314603,174.99999683742894,-174.99974762448238,-3.1625710619209713e-06,1898.2131113866492,7.983532120254491e-07
encodec_untrained,random-init-no-quant,24000,20260826,175.0,452.8929,501.06690622166917,452.9Hz_+50.0c,4,1499.955043106953,1499.9552525908798,452.89290104060433,501.0669064568332,600.0000130102585,600.0000148922878,1586.2617882782633,1586.2620246322424,1,0.0002417843676064716,174.9999968346872,-174.9997582156324,-3.1653127905428846e-06,1898.2131615378876,8.125141510845651e-07
encodec_untrained,random-init-no-quant,24000,20260826,180.0,440.0,488.21056770985183,440Hz_ongrid,0,1499.9552451378638,1499.9550390233758,439.9999989031122,488.2105691423718,600.0000012951945,599.9999990737346,1586.26205526296,1586.2618237773443,1,-0.00023789539403340826,180.00000939567107,-180.00023789539404,9.395671071388279e-06,1943.2125934701726,5.079831520778858e-06
encodec_untrained,random-init-no-quant,24000,20260826,180.0,440.0,488.21056770985183,440Hz_ongrid,1,1499.9552261668657,1499.95532491008,439.99999891078625,488.2105691392392,600.0000010183476,599.9999994358749,1586.2620341656257,1586.2621527001513,1,0.00011396847472876044,180.00000935436825,-179.99988603152528,9.354368245340083e-06,1943.2129234378958,5.068722806518548e-06
encodec_untrained,random-init-no-quant,24000,20260826,180.0,440.0,488.21056770985183,440Hz_ongrid,2,1499.9552263531318,1499.9553495171965,439.99999891197734,488.2105691397648,600.0000030759455,599.9999938210207,1586.2620284436398,1586.2621973024939,1,0.0001421547854815238,180.00000935154569,-179.9998578452145,9.35154568537655e-06,1943.2129518391937,5.070586816327129e-06
encodec_untrained,random-init-no-quant,24000,20260826,180.0,440.0,488.21056770985183,440Hz_ongrid,3,1499.9552042045193,1499.9550317165626,439.9999989155849,488.2105691385327,599.9999863726827,599.9999939928334,1586.262051075351,1586.2618300042707,1,-0.0001990839726044548,180.0000093329822,-180.0001990839726,9.332982187970629e-06,1943.2125850367172,5.066217598862837e-06
encodec_untrained,random-init-no-quant,24000,20260826,180.0,440.0,488.21056770985183,440Hz_ongrid,4,1499.9554057645912,1499.955079162629,439.99999890940546,488.21056913778784,600.0000033515753,600.0000156438904,1586.262234723327,1586.2618222943308,1,-0.0003769608726802769,180.00000935465442,-180.00037696087267,9.354654423532338e-06,1943.2126397985219,5.063576309649639e-06
encodec_untrained,random-init-no-quant,24000,20260826,180.0,452.8929,502.5161359562753,452.9Hz_+50.0c,0,1499.9552873280422,1499.9551294331463,452.8929010434881,502.51613700371126,599.9999929662512,600.000015578324,1586.2621279907116,1586.2618805052728,1,-0.00018224078844893772,179.99999961970354,-180.00018224078846,-3.802964556598454e-07,1893.2130193904004,3.608554239712075e-06
encodec_untrained,random-init-no-quant,24000,20260826,180.0,452.8929,502.5161359562753,452.9Hz_+50.0c,1,1499.9552429428732,1499.955345661313,452.8929010433204,502.51613700722515,600.0000012561495,600.0000045059379,1586.2620528421826,1586.2621620219159,1,0.00011855664058936349,179.99999963245048,-179.9998814433594,-3.675495179322752e-07,1893.213268958891,3.620660116581776e-06
encodec_untrained,random-init-no-quant,24000,20260826,180.0,452.8929,502.5161359562753,452.9Hz_+50.0c,2,1499.9551790363962,1499.9552776809946,452.8929010471792,502.51613700638165,599.9999856086258,600.00000765901,1586.2620242311446,1586.2620744618412,1,0.00011385465673629478,179.99999961479395,-179.99988614534325,-3.852060501685628e-07,1893.2131904966589,3.6177539680635904e-06
encodec_untrained,random-init-no-quant,24000,20260826,180.0,452.8929,502.5161359562753,452.9Hz_+50.0c,3,1499.9552885481908,1499.9550734440877,452.8929010429827,502.5161370137721,599.9999906757205,599.9999894665178,1586.26213600807,1586.261891225975,1,-0.00024827111646629564,179.99999965629632,-180.00024827111648,-3.437036752984568e-07,1893.2129547683562,3.6432150581366386e-06
encodec_untrained,random-init-no-quant,24000,20260826,180.0,452.8929,502.5161359562753,452.9Hz_+50.0c,4,1499.9551920482693,1499.9552747784867,452.89290104875573,502.5161370225291,599.9999876835758,599.9999995918284,1586.2620332622848,1586.2620943887594,1,9.548642913206326e-05,179.99999966439742,-179.99990451357087,-3.356025786160899e-07,1893.213187146612,3.6733844163375757e-06
encodec_untrained,random-init-no-quant,24000,20260826,185.0,440.0,489.62261321253584,440Hz_ongrid,0,1499.955260573974,1499.9551665434965,439.99999891121064,489.6226125714489,600.0000045361438,600.0000000730138,1586.262063727768,1586.2619680765558,1,-0.00010852908347555697,185.00000201718555,-185.00010852908346,2.017185551039802e-06,1938.2127406526947,-2.2667898920342093e-06
encodec_untrained,random-init-no-quant,24000,20260826,185.0,440.0,489.62261321253584,440Hz_ongrid,1,1499.9549947322114,1499.9551481820602,439.9999989213694,489.62261257920875,600.0000024014453,599.9999867442366,1586.261763055153,1586.2619853426818,1,0.00017711037339927102,185.00000200465254,-184.9998228896266,2.0046525435191143e-06,1938.2127194600985,-2.2393521595821457e-06
encodec_untrained,random-init-no-quant,24000,20260826,185.0,440.0,489.62261321253584,440Hz_ongrid,2,1499.9552314900775,1499.9550128010308,439.9999989160628,489.6226125707705,599.9999972355439,599.9999848349188,1586.2620512244905,1586.2618345962976,1,-0.0002524088342484004,185.0000019956957,-185.00025240883426,1.9956956975875073e-06,1938.2125632045875,-2.269188425597818e-06
encodec_untrained,random-init-no-quant,24000,20260826,185.0,440.0,489.62261321253584,440Hz_ongrid,3,1499.955211710363,1499.9551980521906,439.9999989053059,489.6226125655835,599.9999996606718,599.9999979088908,1586.2620213974924,1586.2620106879308,1,-1.5764132884976426e-05,185.00000201967936,-185.00001576413288,2.0196793570903537e-06,1938.2127770197308,-2.2875290674527766e-06
encodec_untrained,random-init-no-quant,24000,20260826,185.0,440.0,489.62261321253584,440Hz_ongrid,4,1499.9552740124786,1499.955248645144,439.99999891252645,489.6226125689561,599.9999968093239,599.999995420644,1586.2621015332516,1586.2620762613988,1,-2.9278735661032122e-05,185.00000200319442,-185.00002927873567,2.0031944245602062e-06,1938.212835413636,-2.2756040560024896e-06
encodec_untrained,random-init-no-quant,24000,20260826,185.0,452.8929,503.9695572804629,452.9Hz_+50.0c,0,1499.9552628514778,1499.9550321603738,452.89290103593805,503.9695583685553,599.9999773987558,600.0000092534065,1586.2621446583923,1586.2617864838076,1,-0.0002662614910768669,184.99999977782073,-185.00026626149108,-2.2217926698431256e-07,1888.212907119081,3.73781019239968e-06
encodec_untrained,random-init-no-quant,24000,20260826,185.0,452.8929,503.9695572804629,452.9Hz_+50.0c,1,1499.9551847572923,1499.9550107453501,452.89290104666765,503.96955838131726,600.0000087023705,600.0000036854311,1586.2619641996866,1586.2617778325682,1,-0.00020084294495748012,184.99999978064548,-185.00020084294496,-2.19354518549153e-07,1888.212882402061,3.7816503653797808e-06
encodec_untrained,random-init-no-quant,24000,20260826,185.0,452.8929,503.9695572804629,452.9Hz_+50.0c,2,1499.955032500863,1499.955171145909,452.89290103498905,503.9695583697798,600.0000014910336,600.0000080149039,1586.2618092742703,1586.261950473166,1,0.00016002280604539157,184.99999978565486,-184.99983997719394,-2.1434513541862543e-07,1888.2130675348765,3.7420168039383422e-06
encodec_untrained,random-init-no-quant,24000,20260826,185.0,452.8929,503.9695572804629,452.9Hz_+50.0c,3,1499.9550801953662,1499.9552413084573,452.8929010508908,503.9695583817026,599.9999935426316,600.0000086798512,1586.2618872570586,1586.2620295354805,1,0.00018595520475251813,184.9999997658256,-184.99981404479524,-2.341743936540297e-07,1888.2131485158234,3.7829738930712055e-06
encodec_untrained,random-init-no-quant,24000,20260826,185.0,452.8929,503.9695572804629,452.9Hz_+50.0c,4,1499.9549914100655,1499.9552243863461,452.892901052041,503.9695583704444,599.999997345851,599.999999778799,1586.2617738081249,1586.2620356871485,1,0.000268899027257318,184.9999997227547,-184.99973110097275,-2.7724530582418083e-07,1888.2131289844838,3.7442998219341448e-06
encodec_untrained,random-init-no-quant,24000,20260826,190.0,440.0,491.0387427572983,440Hz_ongrid,0,1499.9553496145043,1499.955318762328,439.999998910606,491.038741355838,599.9999962141283,600.0000021892339,1586.2621905097565,1586.2621376599602,1,-3.560928560258224e-05,189.9999993452869,-190.0000356092856,-6.547130908529653e-07,1933.2129163422196,-4.941067940594516e-06
encodec_untrained,random-init-no-quant,24000,20260826,190.0,440.0,491.0387427572983,440Hz_ongrid,1,1499.9551782022731,1499.9552006804445,439.9999989162845,491.03874135107515,599.9999942932436,600.0000066697775,1586.261998209897,1586.261988442861,1,2.594409220118689e-05,189.99999930615195,-189.99997405590778,-6.938480510143563e-07,1933.2127800532362,-4.9578599820328694e-06
encodec_untrained,random-init-no-quant,24000,20260826,190.0,440.0,491.0387427572983,440Hz_ongrid,2,1499.9550732446596,1499.9552201932172,439.9999989092795,491.03874135750306,599.9999819296188,600.0000039694667,1586.261912742691,1586.2620187557682,1,0.00016960663600199978,189.99999935637663,-189.999830393364,-6.436233661588631e-07,1933.2128025746931,-4.935197405235409e-06
encodec_untrained,random-init-no-quant,24000,20260826,190.0,440.0,491.0387427572983,440Hz_ongrid,3,1499.9551834232889,1499.9550406235492,439.99999891650634,491.03874136508455,599.999991965468,600.0000142714651,1586.2620109524848,1586.2617817728687,1,-0.00016481811319673343,189.99999935467125,-190.0001648181132,-6.453287539898156e-07,1933.2125953170776,-4.908467758137466e-06
encodec_untrained,random-init-no-quant,24000,20260826,190.0,440.0,491.0387427572983,440Hz_ongrid,4,1499.9552799302774,1499.9550963608256,439.9999989148006,491.03874134923143,599.9999983220182,599.9999855424131,1586.262103998805,1586.2619289988313,1,-0.00021187411983279253,189.99999930549023,-190.00021187411983,-6.94509765253315e-07,1933.2126596485186,-4.964360375113039e-06
encodec_untrained,random-init-no-quant,24000,20260826,190.0,452.8929,505.4271823175155,452.9Hz_+50.0c,0,1499.9552390052877,1499.955155674164,452.8929010422854,505.4271836279685,599.9999868810127,600.0000142363838,1586.2620897753366,1586.2619146644283,1,-9.617999197188739e-05,190.00000050442665,-190.00009617999197,5.044266515596973e-07,1883.213049677535,4.488679780581528e-06
encodec_untrained,random-init-no-quant,24000,20260826,190.0,452.8929,505.4271823175155,452.9Hz_+50.0c,1,1499.9550358273661,1499.9550879128567,452.89290104739194,505.4271836298211,600.0000059599237,600.0000103960504,1586.2618002191982,1586.2618475358265,1,6.011658425380618e-05,190.0000004912523,-189.99993988341575,4.912523081657127e-07,1883.2129714680734,4.495025640332059e-06
encodec_untrained,random-init-no-quant,24000,20260826,190.0,452.8929,505.4271823175155,452.9Hz_+50.0c,2,1499.955118742887,1499.9551587433102,452.892901044679,505.4271836296685,600.000001045018,600.0000051346113,1586.2619101009325,1586.2619444689715,1,4.616811044452897e-05,190.00000050110026,-189.99995383188954,5.011002599530912e-07,1883.2130532199144,4.494502841127994e-06
encodec_untrained,random-init-no-quant,24000,20260826,190.0,452.8929,505.4271823175155,452.9Hz_+50.0c,3,1499.955298587301,1499.955067257187,452.8929010470566,505.42718362869624,600.000013386792,600.000003619389,1586.2620820648146,1586.2618432485583,1,-0.00026699902401892663,190.00000048868125,-190.000266999024,4.88681251908929e-07,1883.2129476274936,4.49117268708033e-06
encodec_untrained,random-init-no-quant,24000,20260826,190.0,452.8929,505.4271823175155,452.9Hz_+50.0c,4,1499.9552136419154,1499.955030478411,452.8929010503518,505.42718363164744,599.9999895555967,600.000009848344,1586.2620527839551,1586.261782825875,1,-0.00021140558866526054,190.0000004861936,-190.00021140558866,4.861936133693234e-07,1883.2129051777754,4.501281547866575e-06
encodec_untrained,random-init-no-quant,24000,20260826,195.0,440.0,492.45896815636445,440Hz_ongrid,0,1499.9551073396797,1499.9552199268717,439.9999989181151,492.45896862239994,599.9999955944904,600.0000179255514,1586.2619126663565,1586.2619781796066,1,0.00012994707095156572,195.00000589515145,-194.99987005292905,5.895151446111413e-06,1928.2128022672796,1.6383427674215826e-06
encodec_untrained,random-init-no-quant,24000,20260826,195.0,440.0,492.45896815636445,440Hz_ongrid,1,1499.9551615549758,1499.9549917571242,439.9999989211416,492.45896861614006,599.9999820924498,599.9999876839378,1586.2620141997943,1586.2618020870857,1,-0.00019597908410666154,195.00000586123696,-195.0001959790841,5.861236957116489e-06,1928.2125389159069,1.6163359961834212e-06
encodec_untrained,random-init-no-quant,24000,20260826,195.0,440.0,492.45896815636445,440Hz_ongrid,2,1499.9551962970024,1499.9550855989505,439.99999891596684,492.45896862376503,599.9999988709484,599.9999928003679,1586.2620058861978,1586.2618956355452,1,-0.0001277666453567953,195.00000590840324,-195.00012776664536,5.908403238663595e-06,1928.2126472272637,1.6431417565938697e-06
encodec_untrained,random-init-no-quant,24000,20260826,195.0,440.0,492.45896815636445,440Hz_ongrid,3,1499.9552585974363,1499.95520695263,439.99999891528205,492.45896862160157,599.9999944886608,599.9999966268542,1586.2620904373748,1586.2620246599092,1,-5.9607943636663445e-05,195.00000590349208,-195.00005960794363,5.903492080960859e-06,1928.2127872925334,1.6355357969845338e-06
encodec_untrained,random-init-no-quant,24000,20260826,195.0,440.0,492.45896815636445,440Hz_ongrid,4,1499.95512676291,1499.9550682824795,439.99999891206926,492.4589686209112,599.9999937643828,600.0000080010187,1586.2619403650403,1586.2618317892304,1,-6.749756209052982e-05,195.0000059137063,-195.0000674975621,5.913706303317667e-06,1928.2126272407556,1.633109009204595e-06
encodec_untrained,random-init-no-quant,24000,20260826,195.0,452.8929,506.88902322578076,452.9Hz_+50.0c,0,1499.9553440755828,1499.955078010579,452.89290105090146,506.88902467339113,599.9999978098008,599.9999909633984,1586.262179512649,1586.261892177492,1,-0.0003070896987958297,195.00000092699455,-195.0003070896988,9.26994545125126e-07,1878.2129600389578,4.944183579101063e-06
encodec_untrained,random-init-no-quant,24000,20260826,195.0,452.8929,506.88902322578076,452.9Hz_+50.0c,1,1499.9551224765858,1499.9550540557739,452.892901032207,506.8890246796509,599.9999924988239,599.9999837407399,1586.2619390694365,1586.2618853692684,1,-7.897065734360233e-05,195.00000101983576,-195.00007897065734,1.0198357642821065e-06,1878.212932390547,4.965563375663394e-06
encodec_untrained,random-init-no-quant,24000,20260826,195.0,452.8929,506.88902322578076,452.9Hz_+50.0c,2,1499.9552496739404,1499.9550974030208,452.8929010413489,506.8890246783527,600.0000145259468,600.0000182790101,1586.2620223225756,1586.2618357438716,1,-0.00017574965268293157,195.00000098045578,-195.00017574965267,9.80455780563716e-07,1878.2129824215315,4.961129192709526e-06
encodec_untrained,random-init-no-quant,24000,20260826,195.0,452.8929,506.88902322578076,452.9Hz_+50.0c,3,1499.9551776021283,1499.9551220592923,452.89290104782543,506.889024669738,599.9999918957809,600.000015793101,1586.2620044348307,1586.2618713747247,1,-6.410701594787522e-05,195.00000092627602,-195.00006410701596,9.26276015889016e-07,1878.2130108795677,4.931706361041353e-06
encodec_untrained,random-init-no-quant,24000,20260826,195.0,452.8929,506.88902322578076,452.9Hz_+50.0c,4,1499.9553883332978,1499.955115266603,452.8929010445784,506.8890246833514,599.999995891035,599.9999992482658,1586.2622361308654,1586.2619112729694,1,-0.0003151709754478805,195.00000098518353,-195.00031517097545,9.851835329754977e-07,1878.2130030395097,4.978202046418189e-06
encodec_untrained,random-init-no-quant,24000,20260826,200.0,440.0,493.8833012561241,440Hz_ongrid,0,1499.9552809735526,1499.9551829641205,439.9999989165058,493.88330261057143,599.999997060687,599.9999722061702,1586.2621088423762,1586.2620674358004,1,-0.00011312155342143554,200.00000901095376,-200.00011312155343,9.010953760935081e-06,1923.212759605223,4.747812509870401e-06
encodec_untrained,random-init-no-quant,24000,20260826,200.0,440.0,493.8833012561241,440Hz_ongrid,1,1499.9551056474427,1499.9552800964557,439.9999989166226,493.88330261790276,599.9999975047061,599.9999973534151,1586.2619052014752,1586.262106985404,1,0.00020134739534663991,200.00000903619292,-199.99979865260465,9.036192921030306e-06,1923.2128717144396,4.7735111660356975e-06
encodec_untrained,random-init-no-quant,24000,20260826,200.0,440.0,493.8833012561241,440Hz_ongrid,2,1499.9552869713139,1499.955122874066,439.999998912901,493.883302606748,599.9999997873954,600.0000050598322,1586.2621078973173,1586.2619032847956,1,-0.0001893994845033279,200.00000901173462,-200.0001893994845,9.011734618979972e-06,1923.212690249851,4.734410014100445e-06
encodec_untrained,random-init-no-quant,24000,20260826,200.0,440.0,493.8833012561241,440Hz_ongrid,3,1499.9550936450746,1499.9552849811337,439.9999989139172,493.88330260812137,600.0000047648189,599.9999976740212,1586.261870400198,1586.2621116981793,1,0.0002208382641688989,200.0000090125504,-199.99977916173583,9.012550407305753e-06,1923.2128773522886,4.7392239953001455e-06
encodec_untrained,random-init-no-quant,24000,20260826,200.0,440.0,493.8833012561241,440Hz_ongrid,4,1499.9551833594746,1499.9551126444721,439.99999890840303,493.88330261222166,599.9999929790077,600.0000025080889,1586.2620079543733,1586.2618988406698,1,-8.161858719827559e-05,200.0000090486195,-200.0000816185872,9.048619489249177e-06,1923.2126784429502,4.753597129298056e-06
encodec_untrained,random-init-no-quant,24000,20260826,200.0,452.8929,508.355092198772,452.9Hz_+50.0c,0,1499.955165716022,1499.9549599181148,452.8929010524248,508.35509361390496,600.0000006330661,599.9999897954355,1586.2619655055237,1586.2617592463034,1,-0.00023753001211724114,200.0000007963088,-200.00023753001213,7.963087966800231e-07,1873.2128237377403,4.819321061872755e-06
encodec_untrained,random-init-no-quant,24000,20260826,200.0,452.8929,508.355092198772,452.9Hz_+50.0c,1,1499.9553976464056,1499.9552260457622,452.892901037313,508.35509361973254,599.9999828945577,599.999998113368,1586.2622843798722,1586.2620424078486,1,-0.00019805981845384137,200.00000087392138,-200.00019805981844,8.739213797070988e-07,1873.2131308997662,4.839167057830889e-06
encodec_untrained,random-init-no-quant,24000,20260826,200.0,452.8929,508.355092198772,452.9Hz_+50.0c,2,1499.9550581064593,1499.9551844213008,452.89290105006313,508.35509362312825,600.0000006661948,600.0000139519146,1586.2618412079914,1586.2619486649057,1,0.0001457913983634522,200.0000008367468,-199.99985420860165,8.367468069536699e-07,1873.2130828572078,4.850731299340237e-06
encodec_untrained,random-init-no-quant,24000,20260826,200.0,452.8929,508.355092198772,452.9Hz_+50.0c,3,1499.9553201543247,1499.9551467532344,452.8929010402784,508.3550936245427,599.9999756589787,599.9999869693357,1586.2622158167264,1586.2619830440458,1,-0.0002001378872960886,200.00000087896703,-200.0002001378873,8.789670289388596e-07,1873.2130393810826,4.85554835582905e-06
encodec_untrained,random-init-no-quant,24000,20260826,200.0,452.8929,508.355092198772,452.9Hz_+50.0c,4,1499.9551781934433,1499.9548534894716,452.8929010364527,508.3550936264489,599.999982294103,599.9999973556814,1586.2620328219077,1586.2616145930908,1,-0.00037477028702551806,200.00000090008277,-200.00037477028704,9.000827674299217e-07,1873.212700898787,4.8620399074152226e-06
encodec_untrained,random-init-no-quant,24000,20260826,205.0,440.0,495.31175393723015,440Hz_ongrid,0,1499.955379440963,1499.9550711953616,439.99999891141135,495.3117570606876,600.0000125907804,600.0000028852292,1586.2621776821388,1586.2618499122996,1,-0.00035577414016650324,205.00001520042275,-205.00035577414016,1.5200422751604492e-05,1918.2126306027767,1.0917237127405006e-05
encodec_untrained,random-init-no-quant,24000,20260826,205.0,440.0,495.31175393723015,440Hz_ongrid,1,1499.955013855029,1499.954869993283,439.999998915701,495.3117570505941,599.9999997301454,599.9999950999173,1586.2617928342725,1586.261640150397,1,-0.0001660438896657189,205.00001514826553,-205.00016604388966,1.5148265532616279e-05,1918.2123983772126,1.0881957791540606e-05
encodec_untrained,random-init-no-quant,24000,20260826,205.0,440.0,495.31175393723015,440Hz_ongrid,2,1499.9552945891608,1499.9549897495672,439.99999891698354,495.31175706023083,599.999995555608,599.9999983019998,1586.2621289001204,1586.261769132731,1,-0.0003518429778389132,205.0000151769017,-205.00035184297784,1.5176901712266044e-05,1918.2125365988036,1.0915640667782631e-05
encodec_untrained,random-init-no-quant,24000,20260826,205.0,440.0,495.31175393723015,440Hz_ongrid,3,1499.9552508788743,1499.9551115888287,439.99999891469736,495.31175704843713,599.9999941372051,599.9999813113459,1586.2620825427712,1586.261958783129,1,-0.00016076725007076675,205.0000151446752,-205.00016076725007,1.5144675188594192e-05,1918.2126772245363,1.0874418719516838e-05
encodec_untrained,random-init-no-quant,24000,20260826,205.0,440.0,495.31175393723015,440Hz_ongrid,4,1499.9552519562442,1499.9550837678862,439.9999989144154,495.31175705853025,599.9999981149253,600.0000060753684,1586.2620723089867,1586.2618552185932,1,-0.00019412140994840233,205.00001518106268,-205.00019412140995,1.5181062678948365e-05,1918.2126451138665,1.090969651773668e-05
encodec_untrained,random-init-no-quant,24000,20260826,205.0,452.8929,509.8254014652695,452.9Hz_+50.0c,0,1499.9551264975569,1499.9550871304534,452.892901051648,509.825402565931,599.9999869832903,600.0000049561376,1586.2619596248699,1586.261862329054,1,-4.543713976574083e-05,204.99999971751643,-205.00004543713976,-2.8248356898075144e-07,1868.2129705650307,3.7375591718993828e-06
encodec_untrained,random-init-no-quant,24000,20260826,205.0,452.8929,509.8254014652695,452.9Hz_+50.0c,1,1499.9550550905738,1499.9550766820769,452.89290104228166,509.8254025654446,599.9999937622711,600.0000062441719,1586.261857647598,1586.2618465531546,1,2.4920710080727716e-05,204.99999975166858,-204.99997507928992,-2.483314176515705e-07,1868.212958505613,3.735907741471701e-06
encodec_untrained,random-init-no-quant,24000,20260826,205.0,452.8929,509.8254014652695,452.9Hz_+50.0c,2,1499.9552808216613,1499.9549827318504,452.89290104659915,509.82540256476705,599.9999905643606,599.9999910100388,1586.2621274115002,1586.2617820730998,1,-0.0003440524448958131,204.99999973286373,-205.0003440524449,-2.6713627221397473e-07,1868.2128500691413,3.7336066561504446e-06
encodec_untrained,random-init-no-quant,24000,20260826,205.0,452.8929,509.8254014652695,452.9Hz_+50.0c,3,1499.9552176080444,1499.9550821332446,452.8929010371406,509.82540256600697,600.000002226206,600.000004400759,1586.2620208019732,1586.2618581638062,1,-0.00015636373291057895,204.99999977323085,-205.0001563637329,-2.2676914568364737e-07,1868.2129647972995,3.7378171118009132e-06
encodec_untrained,random-init-no-quant,24000,20260826,205.0,452.8929,509.8254014652695,452.9Hz_+50.0c,4,1499.955082747296,1499.955064299414,452.8929010466879,509.8254025661634,599.999996353535,600.0000122029653,1586.261882091919,1586.2618150677586,1,-2.1292372041742278e-05,204.99999973726614,-205.00002129237205,-2.627338631100429e-07,1868.2129442136597,3.738348368051159e-06
encodec_untrained,random-init-no-quant,24000,20260826,210.0,440.0,496.7443381146977,440Hz_ongrid,0,1499.9550257534866,1499.9552823682918,439.9999989130342,496.74433614468575,600.0000016852214,599.9999917756126,1586.2618009262042,1586.2621257016722,1,0.000296182380688251,209.99999741099134,-209.99970381761932,-2.589008659015235e-06,1913.2128743365715,-6.865809153747845e-06
encodec_untrained,random-init-no-quant,24000,20260826,210.0,440.0,496.7443381146977,440Hz_ongrid,1,1499.955143765426,1499.955222660406,439.9999989133028,496.744336144059,599.9999886646497,599.9999885146617,1586.2619747039032,1586.262066196515,1,9.105983775596436e-05,209.9999974077501,-209.99990894016224,-2.5922498991803877e-06,1913.212805422299,-6.867993378083869e-06
encodec_untrained,random-init-no-quant,24000,20260826,210.0,440.0,496.7443381146977,440Hz_ongrid,2,1499.9552279568109,1499.955221134219,439.99999891235313,496.74433614488794,599.9999881168487,600.0000015681987,1586.2620734574207,1586.2620267704579,1,-7.874570598697792e-06,209.99999741437554,-210.0000078745706,-2.5856244576516474e-06,1913.2128036607887,-6.86510433584568e-06
encodec_untrained,random-init-no-quant,24000,20260826,210.0,440.0,496.7443381146977,440Hz_ongrid,3,1499.9550974129813,1499.9551751773822,439.99999890997003,496.744336147476,600.000009089036,600.0000058401741,1586.2618622720272,1586.2619614011976,1,8.975493677354096e-05,209.99999743277203,-209.99991024506323,-2.5672279662103392e-06,1913.212750617844,-6.856084511871674e-06
encodec_untrained,random-init-no-quant,24000,20260826,210.0,440.0,496.7443381146977,440Hz_ongrid,4,1499.9552315177693,1499.954970218128,439.99999891148946,496.7443361445406,599.9999969707247,599.9999897463827,1586.2620520205587,1586.261771276019,1,-0.00030158958475197986,209.9999974165636,-210.00030158958475,-2.5834364123511477e-06,1913.212514055799,-6.866314846657742e-06
encodec_untrained,random-init-no-quant,24000,20260826,210.0,452.8929,511.2999632894227,452.9Hz_+50.0c,0,1499.955216615537,1499.9550525086418,452.89290104088116,511.2999642528386,600.0000032853937,600.0000094266853,1586.2620166002605,1586.2618094696106,1,-0.000189410628392463,209.99999928318897,-210.0001894106284,-7.168110300881381e-07,1863.2129306048612,3.2620740643511223e-06
encodec_untrained,random-init-no-quant,24000,20260826,210.0,452.8929,511.2999632894227,452.9Hz_+50.0c,1,1499.9552672936538,1499.9551953915104,452.89290104714786,511.29996426183243,599.9999956245069,600.0000251016274,1586.262097197107,1586.261929155348,1,-8.298876940505829e-05,209.99999928968637,-210.0000829887694,-7.103136283603817e-07,1863.2130955189202,3.2925267335981595e-06
encodec_untrained,random-init-no-quant,24000,20260826,210.0,452.8929,511.2999632894227,452.9Hz_+50.0c,2,1499.955071530432,1499.9549079662977,452.8929010407596,511.2999642516496,599.9999748683807,599.9999770393389,1586.2619311385727,1586.2617360903143,1,-0.00018878419705391672,209.99999927962773,-210.00018878419706,-7.203722702797677e-07,1863.2127637754356,3.2580485104769486e-06
encodec_untrained,random-init-no-quant,24000,20260826,210.0,452.8929,511.2999632894227,452.9Hz_+50.0c,3,1499.9550251305477,1499.9549848179463,452.89290105111274,511.29996425295724,600.0000041605388,600.0000118824795,1586.2617930649578,1586.261724255719,1,-4.652842778083588e-05,209.99999924447903,-210.0000465284278,-7.555209720067069e-07,1863.2128524768939,3.2624757740339437e-06
encodec_untrained,random-init-no-quant,24000,20260826,210.0,452.8929,511.2999632894227,452.9Hz_+50.0c,4,1499.9550171887518,1499.9551740216614,452.89290104297004,511.29996425722885,600.000009164454,599.9999997899926,1586.2617694603641,1586.2619775244098,1,0.00018101506761761268,209.9999992900691,-209.99981898493238,-7.099309016211919e-07,1863.2130708540428,3.2769392446713515e-06
encodec_untrained,random-init-no-quant,24000,20260826,215.0,440.0,498.18106573800367,440Hz_ongrid,0,1499.9553300516814,1499.9552034618685,439.99999891528523,498.1810643570462,599.9999952671525,600.0000045887983,1586.2621706629286,1586.2619976575909,1,-0.00014610875343724984,214.99999946896435,-215.00014610875343,-5.310356527843396e-07,1908.2127832635294,-4.798979381001334e-06
encodec_untrained,random-init-no-quant,24000,20260826,215.0,440.0,498.18106573800367,440Hz_ongrid,1,1499.9552056575449,1499.9551360745543,439.999998916269,498.1810643635366,599.9999896602864,599.9999815005558,1586.2620432664,1586.2619864983778,1,-8.031202850559402e-05,214.99999948764835,-215.0000803120285,-5.123516473304335e-07,1908.2127054857297,-4.776424247131187e-06
encodec_untrained,random-init-no-quant,24000,20260826,215.0,440.0,498.18106573800367,440Hz_ongrid,2,1499.955185092647,1499.9549720465682,439.9999989096605,498.1810643548103,599.9999821636646,599.9999856147713,1586.2620411612688,1586.2617853076988,1,-0.00024589578120494295,214.9999994833256,-215.0002458957812,-5.166743903828319e-07,1908.2125161661672,-4.806749292007893e-06
encodec_untrained,random-init-no-quant,24000,20260826,215.0,440.0,498.18106573800367,440Hz_ongrid,3,1499.9552397916148,1499.9552305526818,439.9999989117589,498.18106437085254,599.9999896054992,599.9999890005308,1586.2620828217014,1586.2620739037825,1,-1.0663488527681376e-05,214.99999953081758,-215.00001066348852,-4.691824244673626e-07,1908.2128145314884,-4.751000637024884e-06
encodec_untrained,random-init-no-quant,24000,20260826,215.0,440.0,498.18106573800367,440Hz_ongrid,4,1499.9552776246314,1499.9553481629648,439.9999989122472,498.18106436276753,600.0000036391509,599.999998587683,1586.2620859956485,1586.2621819857723,1,8.14146684129986e-05,214.9999995008002,-214.99991858533159,-4.991998139303178e-07,1908.2129502761522,-4.779097058076286e-06
encodec_untrained,random-init-no-quant,24000,20260826,215.0,452.8929,512.7787899708526,452.9Hz_+50.0c,0,1499.9551470385238,1499.9551705032416,452.89290103922474,512.7787905945816,600.0000171626276,599.9999980876697,1586.2618962538995,1586.261978375348,1,2.7082755003737842e-05,214.99999813326866,-214.999972917245,-1.8667313383957662e-06,1858.2130667931158,2.1058217437701656e-06
encodec_untrained,random-init-no-quant,24000,20260826,215.0,452.8929,512.7787899708526,452.9Hz_+50.0c,1,1499.9550220570616,1499.9550311362968,452.8929010445901,512.7787905839136,600.0000070714666,599.9999908599884,1586.2617811184066,1586.2618383740135,1,1.0479168299441252e-05,214.99999807674214,-214.9999895208317,-1.9232578551964252e-06,1858.212905937101,2.0698051070829686e-06
encodec_untrained,random-init-no-quant,24000,20260826,215.0,452.8929,512.7787899708526,452.9Hz_+50.0c,2,1499.9552423222246,1499.954925327591,452.8929010392109,512.7787905779695,599.9999741349699,599.9999992648738,1586.2621303810204,1586.2616919992186,1,-0.00036587222457855177,214.99999807723614,-215.0003658722246,-1.9227638574648154e-06,1858.2127838136792,2.0497365370198662e-06
encodec_untrained,random-init-no-quant,24000,20260826,215.0,452.8929,512.7787899708526,452.9Hz_+50.0c,3,1499.9552077248236,1499.9551526485,452.89290105404666,512.7787905985336,599.9999967116561,600.000006317812,1586.262025306481,1586.2619340204035,1,-6.35685706109365e-05,214.9999980899531,-215.00006356857062,-1.9100469046406943e-06,1858.2130461853421,2.119165040238754e-06
encodec_untrained,random-init-no-quant,24000,20260826,215.0,452.8929,512.7787899708526,452.9Hz_+50.0c,4,1499.9551186236695,1499.9551920371644,452.8929010394503,512.7787905838877,599.9999993955182,599.99999476544,1586.2619147227833,1586.2620128155268,1,8.473316119690613e-05,214.99999809630208,-214.9999152668388,-1.9036979210795835e-06,1858.213091647365,2.0697174613339287e-06
encodec_untrained,random-init-no-quant,24000,20260826,220.0,440.0,499.621948791186,440Hz_ongrid,0,1499.955377932681,1499.9550196422297,439.9999989198962,499.6219477595452,600.0000073405541,600.0000009941201,1586.2621910902449,1586.2617958667454,1,-0.00041353543696411233,220.0000006750748,-220.00041353543696,6.750748013928387e-07,1903.2125711006354,-3.5747262554888078e-06
encodec_untrained,random-init-no-quant,24000,20260826,220.0,440.0,499.621948791186,440Hz_ongrid,1,1499.9552326678627,1499.9551124924562,439.9999989103446,499.6219477521134,599.9999887263817,600.0000153236323,1586.2620771361312,1586.261861687373,1,-0.00013870531543700796,220.00000068690503,-220.00013870531544,6.869050253044406e-07,1903.2126782674948,-3.6004781527266306e-06
encodec_untrained,random-init-no-quant,24000,20260826,220.0,440.0,499.621948791186,440Hz_ongrid,2,1499.955175194743,1499.9550941982538,439.99999891731795,499.62194775187334,600.0000043954146,599.9999805455453,1586.2619655899302,1586.2619409207243,1,-9.348538285057254e-05,220.0000006586354,-220.00009348538285,6.586354004411987e-07,1903.2126571524987,-3.601310018522871e-06
encodec_untrained,random-init-no-quant,24000,20260826,220.0,440.0,499.621948791186,440Hz_ongrid,3,1499.9552989620936,1499.9550753342758,439.99999891848876,499.6219477600259,600.0000010178079,600.0000095364617,1586.2621181867403,1586.2618354979954,1,-0.0002581091060701524,220.00000068227823,-220.00025810910606,6.822782268045557e-07,1903.2126353798726,-3.5730606018404454e-06
encodec_untrained,random-init-no-quant,24000,20260826,220.0,440.0,499.621948791186,440Hz_ongrid,4,1499.9551787086145,1499.9551064526217,439.9999989184046,499.62194775175396,599.999996560024,600.000018117355,1586.2619922537658,1586.2618466552735,1,-8.339718400807226e-05,220.0000006539463,-220.000083397184,6.539463015542424e-07,1903.2126712963748,-3.6017236449539043e-06
encodec_untrained,random-init-no-quant,24000,20260826,220.0,452.8929,514.2618938447539,452.9Hz_+50.0c,0,1499.9552411369139,1499.9550205224857,452.8929010461537,514.2618931640327,599.9999992594884,599.9999993459154,1586.262056518908,1586.2618016384422,1,-0.0002546310898525024,219.99999370934964,-220.00025463108986,-6.290650361506778e-06,1853.2128936867398,-2.2916099765499137e-06
encodec_untrained,random-init-no-quant,24000,20260826,220.0,452.8929,514.2618938447539,452.9Hz_+50.0c,1,1499.955264595041,1499.955109940738,452.8929010481949,514.2618931621746,599.9999907801509,600.000003075954,1586.2621080602505,1586.261894081533,1,-0.0001785005293558058,219.99999369529152,-220.00017850052936,-6.304708477955501e-06,1853.212996892447,-2.297865307492204e-06
encodec_untrained,random-init-no-quant,24000,20260826,220.0,452.8929,514.2618938447539,452.9Hz_+50.0c,2,1499.9553697949168,1499.9551306146943,452.8929010454539,514.261893161998,600.0000027398585,599.9999860208231,1586.2621949725176,1586.2619671539242,1,-0.00027605953238230165,219.99999370517511,-220.00027605953238,-6.294824885344497e-06,1853.2130207541322,-2.298459607177981e-06
encodec_untrained,random-init-no-quant,24000,20260826,220.0,452.8929,514.2618938447539,452.9Hz_+50.0c,3,1499.9550308682358,1499.9550978265381,452.8929010382245,514.2618931642559,600.0000191736074,599.9999790060511,1586.2617563687852,1586.2619495504975,1,7.728264358715636e-05,219.99999374041118,-219.9999227173564,-6.259588815282768e-06,1853.2129829103512,-2.2908588371023047e-06
encodec_untrained,random-init-no-quant,24000,20260826,220.0,452.8929,514.2618938447539,452.9Hz_+50.0c,4,1499.955156288154,1499.954888375822,452.892901048953,514.2618931623463,600.0000031608114,600.0000090395395,1586.2619473304362,1586.261621146106,1,-0.00030922190632721856,219.99999369297186,-220.00030922190632,-6.3070281441923726e-06,1853.2127411642903,-2.297287345281619e-06
encodec_untrained,random-init-no-quant,24000,20260826,225.0,440.0,501.0669992929443,440Hz_ongrid,0,1499.9552294983557,1499.9551758958978,439.9999989136402,501.0669995106373,599.9999992459946,600.0000129972343,1586.2620431247299,1586.2619415795914,1,-6.186744786138167e-05,225.00000502656613,-225.00006186744787,5.026566128663035e-06,1898.2127514471479,7.521500634445563e-07
encodec_untrained,random-init-no-quant,24000,20260826,225.0,440.0,501.0669992929443,440Hz_ongrid,1,1499.9551943853487,1499.9552848016694,439.99999890905974,501.066999510245,599.9999931917795,600.0000027951403,1586.262020066403,1586.2620967146172,1,0.00010435765611002908,225.0000050432329,-224.9998956423439,5.043232903290118e-06,1898.2128771451528,7.507946296228505e-07
encodec_untrained,random-init-no-quant,24000,20260826,225.0,440.0,501.0669992929443,440Hz_ongrid,2,1499.9553132655776,1499.9552237774824,439.9999989157364,501.0669995087164,600.0000129647285,600.0000015896923,1586.2621002241585,1586.26202975927,1,-0.0001032863051089606,225.00000501168137,-225.00010328630512,5.0116813667955284e-06,1898.212806711618,7.455132044168233e-07
encodec_untrained,random-init-no-quant,24000,20260826,225.0,440.0,501.0669992929443,440Hz_ongrid,3,1499.9551392188641,1499.9550225030027,439.99999891318237,501.0669995065584,599.9999941464326,599.999996843682,1586.2619536392224,1586.2618111442562,1,-0.0001347123496977683,225.00000501427417,-225.0001347123497,5.0142741656600265e-06,1898.212574402513,7.380571651638586e-07
encodec_untrained,random-init-no-quant,24000,20260826,225.0,440.0,501.0669992929443,440Hz_ongrid,4,1499.9552105139653,1499.9552033033174,439.9999989093937,501.06699951294746,599.9999881433681,600.0000100723325,1586.2620532485355,1586.2619816524575,1,-8.322461329330071e-06,225.00000505125604,-225.00000832246133,5.051256039223517e-06,1898.2127830805316,7.601319771920956e-07
encodec_untrained,random-init-no-quant,24000,20260826,225.0,452.8929,515.7492872819988,452.9Hz_+50.0c,0,1499.9551410410945,1499.9550998761185,452.8929010459431,515.7492861607616,600.0000095661194,600.0000050036446,1586.2619112506122,1586.2618769029048,1,-4.7512226931591535e-05,224.99999223806756,-225.00004751222693,-7.761932437233554e-06,1848.2129852759576,-3.763697026034659e-06
encodec_untrained,random-init-no-quant,24000,20260826,225.0,452.8929,515.7492872819988,452.9Hz_+50.0c,1,1499.9551338617598,1499.9550384432393,452.89290104078066,515.7492861582725,599.9999999983045,599.9999953077238,1586.2619305711698,1586.2618339741666,1,-0.00011013115868769584,224.99999224944642,-225.0001101311587,-7.750553578489416e-06,1848.212914370706,-3.772052203060093e-06
encodec_untrained,random-init-no-quant,24000,20260826,225.0,452.8929,515.7492872819988,452.9Hz_+50.0c,2,1499.9551066851432,1499.954945211233,452.8929010410944,515.7492861527587,600.0000159143282,600.0000104391569,1586.2618532802392,1586.2616827065685,1,-0.0001863716754702265,224.9999922297389,-225.00018637167548,-7.77026110654333e-06,1848.2128067631945,-3.7905606404116103e-06
encodec_untrained,random-init-no-quant,24000,20260826,225.0,452.8929,515.7492872819988,452.9Hz_+50.0c,3,1499.9552853381113,1499.9552665134222,452.892901044419,515.7492861507686,600.0000021547029,599.9999995000336,1586.2620991816848,1586.262085114165,1,-2.1727276212773462e-05,224.99999221035003,-225.00002172727622,-7.78964997039111e-06,1848.2131776071535,-3.7972407457146545e-06
encodec_untrained,random-init-no-quant,24000,20260826,225.0,452.8929,515.7492872819988,452.9Hz_+50.0c,4,1499.9551409874891,1499.955047599612,452.8929010490264,515.7492861501638,599.9999981603937,600.0000110244271,1586.261944098709,1586.2617991935463,1,-0.00010778740857028062,224.99999219070736,-225.00010778740858,-7.809292640104104e-06,1848.2129249389052,-3.7992710133686965e-06
encodec_untrained,random-init-no-quant,24000,20260826,230.0,440.0,502.5162292967395,440Hz_ongrid,0,1499.9551426624664,1499.955228176218,439.99999891088555,502.5162303569206,599.9999926152691,600.0000078244578,1586.2619620317996,1586.2620168465185,1,9.869916115341797e-05,230.0000079377168,-229.99990130083884,7.937716787864701e-06,1893.2128117885968,3.6524624534742464e-06
encodec_untrained,random-init-no-quant,24000,20260826,230.0,440.0,502.5162292967395,440Hz_ongrid,1,1499.9551321534775,1499.955156202346,439.9999989152548,502.5162303560026,599.9999912630336,600.000006483313,1586.2619538041506,1586.2619376446844,1,2.7756976837753654e-05,230.00000791736298,-229.99997224302317,7.91736297856005e-06,1893.2127287170365,3.6492999026992894e-06
encodec_untrained,random-init-no-quant,24000,20260826,230.0,440.0,502.5162292967395,440Hz_ongrid,2,1499.955395074627,1499.955153977559,439.99999891472845,502.5162303534304,599.9999968137256,599.9999970660479,1586.2622412493201,1586.2619622493391,1,-0.00027827193286574474,230.00000791057235,-230.00027827193287,7.9105723500561e-06,1893.2127261492085,3.640438071774853e-06
encodec_untrained,random-init-no-quant,24000,20260826,230.0,440.0,502.5162292967395,440Hz_ongrid,3,1499.955018268696,1499.9552234989387,439.99999890866223,502.51623036244087,600.0000033953046,600.000006427394,1586.261787353072,1586.262015479121,1,0.00023687480976727603,230.00000796548295,-229.99976312519024,7.965482950567093e-06,1893.2128063901255,3.671480427764807e-06
encodec_untrained,random-init-no-quant,24000,20260826,230.0,440.0,502.5162292967395,440Hz_ongrid,4,1499.9553359914587,1499.9551644119304,439.99999891221927,502.5162303480226,600.0000036181018,599.9999901766987,1586.2621534228163,1586.2619941710523,1,-0.00019803545581587606,230.00000790181466,-230.0001980354558,7.901814655042472e-06,1893.2127381924613,3.6218075839530424e-06
encodec_untrained,random-init-no-quant,24000,20260826,230.0,452.8929,517.2409826892393,452.9Hz_+50.0c,0,1499.9550259307612,1499.9551342141185,452.8929010385773,517.2409805401152,600.0000063934143,600.0000068270054,1586.2617875458398,1586.261911274393,1,0.00012497963277677412,229.9999888366845,-229.99987502036723,-1.1163315491558023e-05,1843.2130249085533,-7.193236951994375e-06
encodec_untrained,random-init-no-quant,24000,20260826,230.0,452.8929,517.2409826892393,452.9Hz_+50.0c,1,1499.9547901686028,1499.9552422559282,452.8929010505684,517.2409805362024,600.0000162907885,600.0000039045527,1586.2614868735575,1586.2620444076408,1,0.0005217949621361726,229.99998877775099,-229.99947820503786,-1.1222249014508634e-05,1843.213149609385,-7.2063330721446745e-06
encodec_untrained,random-init-no-quant,24000,20260826,230.0,452.8929,517.2409826892393,452.9Hz_+50.0c,2,1499.9551900400959,1499.9551552119572,452.89290104588065,517.2409805212151,599.9999799018523,600.0000003129286,1586.2620533977783,1586.2619543055525,1,-4.01983077632734e-05,229.9999887455072,-230.00004019830777,-1.125449279015811e-05,1843.2130491440603,-7.256496617142459e-06
encodec_untrained,random-init-no-quant,24000,20260826,230.0,452.8929,517.2409826892393,452.9Hz_+50.0c,3,1499.9551428538523,1499.9550201084287,452.89290104145425,517.240980527185,599.9999918317495,600.0000038044308,1586.261964513455,1586.2617882959853,1,-0.0001416716135954909,229.99998878240902,-230.0001416716136,-1.1217590980550085e-05,1843.212893208839,-7.236514923898624e-06
encodec_untrained,random-init-no-quant,24000,20260826,230.0,452.8929,517.2409826892393,452.9Hz_+50.0c,4,1499.9550721155802,1499.9551668793238,452.8929010394063,517.2409805217724,599.9999815791402,599.9999990956187,1586.261912450786,1586.2619712843307,1,0.00010937541876168007,229.9999887721212,-229.99989062458124,-1.1227878786712608e-05,1843.2130626104242,-7.25463126188147e-06
encodec_untrained,random-init-no-quant,24000,20260826,235.0,440.0,503.9696508908945,440Hz_ongrid,0,1499.9552687552,1499.955027130153,439.99999891115414,503.9696519888321,599.999995664553,599.999992555893,1586.262098768461,1586.2618288568137,1,-0.00027888134462112046,235.0000080558275,-235.00027888134463,8.05582749308087e-06,1888.2125797431265,3.7716295347494673e-06
encodec_untrained,random-init-no-quant,24000,20260826,235.0,440.0,503.9696508908945,440Hz_ongrid,1,1499.9552038666257,1499.9551259316895,439.9999989076134,503.9696519868992,600.0000014997363,599.9999915762743,1586.2620070379064,1586.2619457192004,1,-8.995176534320596e-05,235.0000080631191,-235.00008995176535,8.063119111056949e-06,1888.212693778931,3.7649899848550523e-06
encodec_untrained,random-init-no-quant,24000,20260826,235.0,440.0,503.9696508908945,440Hz_ongrid,2,1499.9551911859103,1499.9551132668023,439.99999891358203,503.9696519808975,599.9999862511154,599.9999925690847,1586.2620364001652,1586.2619282368616,1,-8.993349735413918e-05,235.00000801901768,-235.00008993349735,8.01901768454627e-06,1888.2126791612377,3.744372860058274e-06
encodec_untrained,random-init-no-quant,24000,20260826,235.0,440.0,503.9696508908945,440Hz_ongrid,3,1499.9552508571387,1499.955102984791,439.9999989073315,503.96965197941427,599.9999997011961,600.0000101093113,1586.2620664633996,1586.2618657590651,1,-0.00017067286230022877,235.00000803851634,-235.0001706728623,8.03851634145758e-06,1888.2126672938373,3.739277489872319e-06
encodec_untrained,random-init-no-quant,24000,20260826,235.0,440.0,503.9696508908945,440Hz_ongrid,4,1499.9549515901292,1499.9550357188286,439.99999891428155,503.96965197733203,599.9999957528007,599.9999978418584,1586.261732444897,1586.2618235177101,1,9.710055928786772e-05,235.0000080040176,-234.9999028994407,8.004017587381895e-06,1888.2125896560954,3.7321247510529755e-06
encodec_untrained,random-init-no-quant,24000,20260826,235.0,452.8929,518.736992509011,452.9Hz_+50.0c,0,1499.9550434970536,1499.9548957209156,452.89290105201457,518.7369921497294,600.0000117702994,600.0000070797536,1586.2617923062796,1586.2616352784921,1,-0.00017056184145728735,234.9999947794892,-235.00017056184146,-5.220510786330124e-06,1838.212749641929,-1.199067079040185e-06
encodec_untrained,random-init-no-quant,24000,20260826,235.0,452.8929,518.736992509011,452.9Hz_+50.0c,1,1499.9553080471082,1499.955037273158,452.8929010398011,518.7369921462914,599.9999855925737,599.9999951709088,1586.2621731803956,1586.261833018434,1,-0.0003125247278040284,234.99999481470252,-235.0003125247278,-5.185297482057649e-06,1838.2129130202084,-1.2105411761680642e-06
encodec_untrained,random-init-no-quant,24000,20260826,235.0,452.8929,518.736992509011,452.9Hz_+50.0c,2,1499.9550691094366,1499.9550443388116,452.89290105136837,518.7369921463485,600.000002866923,600.0000068710538,1586.261847557565,1586.261807414063,1,-2.8590022848763072e-05,234.9999947706759,-235.00002859002285,-5.229324102629107e-06,1838.2129211753197,-1.2103507004280142e-06
encodec_untrained,random-init-no-quant,24000,20260826,235.0,452.8929,518.736992509011,452.9Hz_+50.0c,3,1499.9551543519067,1499.955172139467,452.8929010380081,518.7369921490485,600.0000085270188,600.0000090782193,1586.2619296120363,1586.2619485518417,1,2.053023395417547e-05,234.99999483075808,-234.99997946976603,-5.169241916291867e-06,1838.213068681632,-1.2013395257350363e-06
encodec_untrained,random-init-no-quant,24000,20260826,235.0,452.8929,518.736992509011,452.9Hz_+50.0c,4,1499.95512135962,1499.9551375521717,452.89290104196994,518.7369921419286,599.9999844499645,600.000009250472,1586.261961004345,1586.2619081344963,1,1.8689289985049106e-05,234.99999479185132,-234.99998131071,-5.208148678548241e-06,1838.2130287613027,-1.2251017106660965e-06
encodec_untrained,random-init-no-quant,24000,20260826,240.0,440.0,505.42727619869544,440Hz_ongrid,0,1499.9552164269953,1499.9550422030109,439.9999989069392,505.427277504523,600.0000143128979,600.000002948768,1586.2619845639972,1586.2618162662661,1,-0.00020108767805746062,240.00000877361774,-240.00020108767805,8.773617736324013e-06,1883.2125971400774,4.472835504997606e-06
encodec_untrained,random-init-no-quant,24000,20260826,240.0,440.0,505.42727619869544,440Hz_ongrid,1,1499.9553828751716,1499.9551473151619,439.99999890868054,505.42727750247417,600.0000072692069,599.9999934993566,1586.2621970006846,1586.2619648509594,1,-0.00027188111461913647,240.00000875974854,-240.00027188111463,8.759748538977874e-06,1883.2127184595327,4.465817694505286e-06
encodec_untrained,random-init-no-quant,24000,20260826,240.0,440.0,505.42727619869544,440Hz_ongrid,2,1499.9552433505694,1499.9550562368872,439.9999989207708,505.4272775044556,599.9999943900864,599.9999974906368,1586.2620731240122,1586.2618482128723,1,-0.0002159648424864106,240.00000871896484,-240.00021596484248,8.718964835452425e-06,1883.212613337846,4.472604858289927e-06
encodec_untrained,random-init-no-quant,24000,20260826,240.0,440.0,505.42727619869544,440Hz_ongrid,3,1499.9552730339876,1499.9551766466734,439.99999891080245,505.4272775043165,600.0000105810931,599.9999984854146,1586.2620606669605,1586.2619843183898,1,-0.00011124932093092347,240.0000087577102,-240.00011124932092,8.757710190820944e-06,1883.2127523136855,4.47212857283857e-06
encodec_untrained,random-init-no-quant,24000,20260826,240.0,440.0,505.42727619869544,440Hz_ongrid,4,1499.95530333322,1499.9551174398239,439.9999989110701,505.4272775022099,600.0000095991692,599.9999778347864,1586.262098471278,1586.2619755675232,1,-0.00021455639107559847,240.000008749441,-240.0002145563911,8.749441008149006e-06,1883.2126839776997,4.464912790588822e-06
encodec_untrained,random-init-no-quant,24000,20260826,240.0,452.8929,520.2373292198367,452.9Hz_+50.0c,0,1499.955105557667,1499.9552592162418,452.8929010459429,520.2373312330569,599.999993740904,599.9999843559715,1586.2619159578942,1586.2621203883564,1,0.00017735127002260024,240.00000270131463,-239.99982264872997,2.701314627984175e-06,1833.2131691848172,6.6995487929498085e-06
encodec_untrained,random-init-no-quant,24000,20260826,240.0,452.8929,520.2373292198367,452.9Hz_+50.0c,1,1499.955416986104,1499.9551772208472,452.89290105099326,520.2373312325778,599.9999839149233,599.9999959441698,1586.2623037574122,1586.2619923135783,1,-0.00027673476475958687,240.00000268041478,-240.00027673476475,2.680414780797946e-06,1833.2130745465124,6.697954255379439e-06
encodec_untrained,random-init-no-quant,24000,20260826,240.0,452.8929,520.2373292198367,452.9Hz_+50.0c,2,1499.955064012039,1499.9552185872276,452.8929010374938,520.2373312262699,599.9999895646223,599.9999874945804,1586.2618800565235,1586.2620644386238,1,0.00017840922176243855,240.0000027110265,-239.99982159077823,2.7110264966268005e-06,1833.2131222911962,6.676963098540446e-06
encodec_untrained,random-init-no-quant,24000,20260826,240.0,452.8929,520.2373292198367,452.9Hz_+50.0c,3,1499.9550223681244,1499.9551801615783,452.89290104659796,520.2373312266915,599.9999749145618,599.9999943764765,1586.2618742626482,1586.2620002311492,1,0.0001821237181872364,240.0000026776278,-239.9998178762818,2.6776278048146196e-06,1833.2130779406764,6.678365814932527e-06
encodec_untrained,random-init-no-quant,24000,20260826,240.0,452.8929,520.2373292198367,452.9Hz_+50.0c,4,1499.9549311628857,1499.955089596116,452.89290105265525,520.2373312365186,600.0000096341508,600.0000007845651,1586.261668814853,1586.2618772115127,1,0.00018286215315090802,240.00000268717534,-239.99981713784686,2.6871753391333186e-06,1833.2129734108755,6.71106844274997e-06
encodec_untrained,random-init-no-quant,24000,20260826,245.0,440.0,506.88911737849213,440Hz_ongrid,0,1499.9552326258347,1499.9552290553218,439.99999891611066,506.88911883069056,599.9999873993012,599.9999883773652,1586.2620809167681,1586.2620739736196,1,-4.1210520029864685e-06,245.00000922454853,-245.000004121052,9.224548534803034e-06,1878.2128128032498,4.9598525631828834e-06
encodec_untrained,random-init-no-quant,24000,20260826,245.0,440.0,506.88911737849213,440Hz_ongrid,1,1499.955365599878,1499.9550477811065,439.99999890954365,506.8891188343014,599.9999795723015,599.9999859816344,1586.2622569780838,1586.2618716612512,1,-0.000366823406615206,245.00000926271966,-245.0003668234066,9.262719657954221e-06,1878.2126035782633,4.972185242638954e-06
encodec_untrained,random-init-no-quant,24000,20260826,245.0,440.0,506.88911737849213,440Hz_ongrid,2,1499.9552517269046,1499.9549676337135,439.99999890982843,506.88911882079,600.0000046683923,600.0000073170642,1586.2620531349764,1586.2617175948417,1,-0.0003278976833759048,245.00000921545194,-245.00032789768338,9.215451939326158e-06,1878.2125110728914,4.92603821820164e-06
encodec_untrained,random-init-no-quant,24000,20260826,245.0,440.0,506.88911737849213,440Hz_ongrid,3,1499.9551454983002,1499.9552079600671,439.99999891895345,506.8891188225739,599.9999986504912,599.9999790139099,1586.261947890922,1586.2620766428993,1,7.209277919535052e-05,245.00000918564123,-244.9999279072208,9.18564123253418e-06,1878.2127884553076,4.932131135394548e-06
encodec_untrained,random-init-no-quant,24000,20260826,245.0,440.0,506.88911737849213,440Hz_ongrid,4,1499.9550927708679,1499.9550308154573,439.9999989104644,506.88911882834105,599.9999719815827,600.0000049853369,1586.2619639836232,1586.261797246563,1,-7.150835301412305e-05,245.00000923873978,-245.00007150835302,9.23873977853873e-06,1878.21258399667,4.9518283642249785e-06
encodec_untrained,random-init-no-quant,24000,20260826,245.0,452.8929,521.7420053363311,452.9Hz_+50.0c,0,1499.9550768477957,1499.9551263843216,452.89290104187967,521.7420063990635,599.9999893155958,600.0000248909979,1586.2618955899716,1586.2618501156521,1,5.7174591408683567e-05,244.99999954363543,-244.9999428254086,-4.5636457457476354e-07,1828.2130158714758,3.5263375298387232e-06
encodec_untrained,random-init-no-quant,24000,20260826,245.0,452.8929,521.7420053363311,452.9Hz_+50.0c,1,1499.9552495979217,1499.9553111475188,452.89290104150984,521.742006399585,599.9999901277247,599.999996245468,1586.2620926332231,1586.262146021104,1,7.103995658871293e-05,244.9999995467794,-244.9999289600434,-4.532205934992817e-07,1828.2132291234009,3.5280681489696183e-06
encodec_untrained,random-init-no-quant,24000,20260826,245.0,452.8929,521.7420053363311,452.9Hz_+50.0c,2,1499.9550384129902,1499.9550520557514,452.89290104004226,521.7420064005128,599.9999941793419,599.9999917786391,1586.2618371950753,1586.2618598683862,1,1.5746346805097086e-05,244.99999955546784,-244.9999842536532,-4.4453216219153546e-07,1828.2129300821396,3.531146513696448e-06
encodec_untrained,random-init-no-quant,24000,20260826,245.0,452.8929,521.7420053363311,452.9Hz_+50.0c,3,1499.9551324677664,1499.9550745265697,452.8929010365828,521.7420063976601,600.0000011945737,600.00000422519,1586.2619255105328,1586.261849890839,1,-6.687518345112322e-05,244.99999955922647,-245.00006687518345,-4.407735332279117e-07,1828.212956017747,3.521681157219316e-06
encodec_untrained,random-init-no-quant,24000,20260826,245.0,452.8929,521.7420053363311,452.9Hz_+50.0c,4,1499.9552811765122,1499.9550917270838,452.89290103912845,521.7420063933496,599.9999938210652,599.9999739095972,1586.2621184242028,1586.261957215823,1,-0.00021866073342539824,244.99999953519253,-245.00021866073342,-4.648074707347405e-07,1828.2129758704184,3.5073779860458787e-06
encodec_untrained,random-init-no-quant,24000,20260826,250.0,440.0,508.3551866238001,440Hz_ongrid,0,1499.9551986107094,1499.9549662390698,439.99999891540875,508.3551880434996,599.9999879722815,600.0000102247553,1586.2620400035623,1586.261707595334,1,-0.00026820116099884964,250.00000910232896,-250.000268201161,9.102328959897932e-06,1873.2125094632067,4.834871647312455e-06
encodec_untrained,random-init-no-quant,24000,20260826,250.0,440.0,508.3551866238001,440Hz_ongrid,1,1499.9552356537465,1499.9549456310551,439.99999891576357,508.3551880322659,599.9999881441518,600.0000012445711,1586.2620822623708,1586.2617097210896,1,-0.00033474146091456536,250.00000906267616,-250.0003347414609,9.062676156190719e-06,1873.2124856776284,4.7966146623285336e-06
encodec_untrained,random-init-no-quant,24000,20260826,250.0,440.0,508.3551866238001,440Hz_ongrid,2,1499.9551765007434,1499.9549456176212,439.99999891563505,508.3551880474015,599.9999973109343,599.9999979556183,1586.2619875387927,1586.261719195496,1,-0.0002664831320263137,250.00000911472685,-250.00026648313204,9.114726850611987e-06,1873.2124856621228,4.848159972961358e-06
encodec_untrained,random-init-no-quant,24000,20260826,250.0,440.0,508.3551866238001,440Hz_ongrid,3,1499.955267563941,1499.9549248084277,439.9999989140183,508.3551880467043,599.99999350687,600.0000147453752,1586.2621036192784,1586.2616467327202,1,-0.00039560518639739014,250.00000911871385,-250.00039560518638,9.118713848010884e-06,1873.2124616443448,4.845785465106318e-06
encodec_untrained,random-init-no-quant,24000,20260826,250.0,440.0,508.3551866238001,440Hz_ongrid,4,1499.9551399583806,1499.9551544201183,439.99999891515307,508.3551880374948,599.9999919149653,600.0000016694761,1586.261960931419,1586.2619494774513,1,1.6691600819007095e-05,250.00000908288536,-249.99998330839918,9.082885355837789e-06,1873.2127266600064,4.814422125802631e-06
encodec_untrained,random-init-no-quant,24000,20260826,250.0,452.8929,523.2510334093046,452.9Hz_+50.0c,0,1499.9551847146997,1499.954998637924,452.89290104409463,523.2510323290207,600.0000044522608,599.9999838027732,1586.2619764137505,1586.261821227515,1,-0.00021476806308204615,249.9999924345919,-250.00021476806307,-7.565408111531724e-06,1823.2128684277834,-3.574238822110981e-06
encodec_untrained,random-init-no-quant,24000,20260826,250.0,452.8929,523.2510334093046,452.9Hz_+50.0c,1,1499.9554109350872,1499.9549599364716,452.8929010396298,523.2510323291682,599.9999958922773,599.9999873055735,1586.2622622140484,1586.261766451714,1,-0.0005205383247293866,249.99999245214696,-250.00052053832474,-7.547853044798103e-06,1823.212823758928,-3.573751004321973e-06
encodec_untrained,random-init-no-quant,24000,20260826,250.0,452.8929,523.2510334093046,452.9Hz_+50.0c,2,1499.9552171480486,1499.9551227729196,452.8929010445808,523.2510323308951,599.9999942748508,600.0000174848788,1586.2620432138117,1586.261867316948,1,-0.00010892688007050701,249.9999924389349,-250.00010892688007,-7.561065103800502e-06,1823.21301170323,-3.568037308729453e-06
encodec_untrained,random-init-no-quant,24000,20260826,250.0,452.8929,523.2510334093046,452.9Hz_+50.0c,3,1499.9550599741633,1499.9549892771392,452.89290104463186,523.2510323247359,600.0000016324402,599.999982359723,1586.2618405756828,1586.2618145871472,1,-8.15978434089723e-05,249.9999924183614,-250.0000815978434,-7.5816386129190505e-06,1823.212857623653,-3.588415714270001e-06
encodec_untrained,random-init-no-quant,24000,20260826,250.0,452.8929,523.2510334093046,452.9Hz_+50.0c,4,1499.955043856795,1499.955084543763,452.89290104749915,523.2510323242534,600.000009439799,600.0000356718388,1586.2617994458922,1586.261770716744,1,4.696051602564144e-05,249.99999240580445,-249.99995303948398,-7.5941955515190784e-06,1823.2129675794974,-3.5900119817001613e-06
encodec_untrained,random-init-no-quant,24000,20260826,255.0,440.0,509.82549616340197,440Hz_ongrid,0,1499.9552417654827,1499.9551831148144,439.99999891058474,509.82549725879255,600.0000023695454,600.0000143822115,1586.262048270668,1586.2619459153973,1,-6.769404387840173e-05,255.00000800609806,-255.00006769404388,8.006098056512201e-06,1868.212759779153,3.7196598341422773e-06
encodec_untrained,random-init-no-quant,24000,20260826,255.0,440.0,509.82549616340197,440Hz_ongrid,1,1499.9551336823022,1499.9550575925512,439.999998909331,509.8254972643078,599.9999889043678,600.0000015517376,1586.2619623743767,1586.261838059707,1,-8.782207424538196e-05,255.00000802975936,-255.00008782207425,8.029759356986688e-06,1868.212614902541,3.73838834681384e-06
encodec_untrained,random-init-no-quant,24000,20260826,255.0,440.0,509.82549616340197,440Hz_ongrid,2,1499.9552187125532,1499.9549371170308,439.9999989080354,509.82549726287675,599.9999858570662,600.000000070158,1586.2620693081408,1586.2617032829216,1,-0.00032501490458575845,255.00000802999756,-255.00032501490458,8.029997559333424e-06,1868.2124758508203,3.7335290050921597e-06
encodec_untrained,random-init-no-quant,24000,20260826,255.0,440.0,509.82549616340197,440Hz_ongrid,3,1499.955127036961,1499.9549927515861,439.9999989096932,509.8254972594008,600.0000064103423,600.0000059671495,1586.2619041928212,1586.2617504806865,1,-0.00015499091896654672,255.00000801167133,-255.00015499091896,8.011671326357828e-06,1868.2125400637058,3.7217252754104385e-06
encodec_untrained,random-init-no-quant,24000,20260826,255.0,440.0,509.82549616340197,440Hz_ongrid,4,1499.955077057323,1499.9552307808494,439.99999890920907,509.82549726186295,599.9999908676866,600.0000081515855,1586.2618913534186,1586.2620189088684,1,0.0001774262398053873,255.00000802193705,-254.99982257376018,8.021937048852124e-06,1868.2128147948374,3.730086218567401e-06
encodec_untrained,random-init-no-quant,24000,20260826,255.0,452.8929,524.7644260258681,452.9Hz_+50.0c,0,1499.9551835342843,1499.955070907294,452.8929010465391,524.7644235438333,600.0000046520677,600.0000034455227,1586.2619744748056,1586.2618479631492,1,-0.00012999300919570302,254.99998781108238,-255.00012999300918,-1.2188917622779627e-05,1818.2129518404129,-8.18840408008505e-06
encodec_untrained,random-init-no-quant,24000,20260826,255.0,452.8929,524.7644260258681,452.9Hz_+50.0c,1,1499.9551175681652,1499.9550590866695,452.8929010455589,524.764423547916,599.999994302123,599.9999852722045,1586.2619282009623,1586.2618867570081,1,-6.749879201414965e-05,254.9999878282982,-255.00006749879202,-1.2171701797569767e-05,1818.212938197159,-8.174935273286106e-06
encodec_untrained,random-init-no-quant,24000,20260826,255.0,452.8929,524.7644260258681,452.9Hz_+50.0c,2,1499.9552405251795,1499.9548635629217,452.8929010375854,524.7644235445782,599.999970161064,599.9999879180142,1586.2621397731573,1586.2616534511258,1,-0.00043508630146046033,254.99998784776633,-255.00043508630145,-1.2152233665574386e-05,1818.2127125254701,-8.185946731602351e-06
encodec_untrained,random-init-no-quant,24000,20260826,255.0,452.8929,524.7644260258681,452.9Hz_+50.0c,3,1499.9550514933408,1499.9551929766506,452.89290104928904,524.7644235447702,599.9999932853821,600.0000135159635,1586.261854871716,1586.2619597972982,1,0.00016329870131090977,254.99998780366118,-254.99983670129868,-1.2196338815329e-05,1818.2130927317116,-8.18531322197396e-06
encodec_untrained,random-init-no-quant,24000,20260826,255.0,452.8929,524.7644260258681,452.9Hz_+50.0c,4,1499.9551451414686,1499.9549706088353,452.8929010497818,524.764423547474,599.9999848092181,599.9999928154531,1586.2619874165432,1586.2617628715045,1,-0.00020144392712404847,254.9999878106979,-255.00020144392712,-1.2189302111664801e-05,1818.2128360768704,-8.176393152694878e-06
encodec_untrained,random-init-no-quant,24000,20260826,260.0,440.0,511.30005826144946,440Hz_ongrid,0,1499.9554056701438,1499.9550055325267,439.99999891915746,511.30005923447953,600.0000037424417,599.9999958181445,1586.2622334865152,1586.2617945161671,1,-0.0004618350364291959,260.00000754733463,-260.00046183503645,7.547334632818092e-06,1863.2125548153479,3.2946267718730055e-06
encodec_untrained,random-init-no-quant,24000,20260826,260.0,440.0,511.30005826144946,440Hz_ongrid,1,1499.9552020699016,1499.9551553910449,439.9999989185494,511.3000592322494,599.9999842670918,600.0000042888335,1586.2620546870469,1586.2619430402174,1,-5.3876293943887924e-05,260.00000754217575,-260.0000538762939,7.542175751495961e-06,1863.2127277806403,3.2870753986584467e-06
encodec_untrained,random-init-no-quant,24000,20260826,260.0,440.0,511.30005826144946,440Hz_ongrid,2,1499.9552451182942,1499.9552183487035,439.99999891044064,511.30005923041114,599.9999981003974,599.9999948132464,1586.2620644586088,1586.262043046115,1,-3.089720670579454e-05,260.00000756785647,-260.0000308972067,7.567856471268897e-06,1863.212800445773,3.280851397247461e-06
encodec_untrained,random-init-no-quant,24000,20260826,260.0,440.0,511.30005826144946,440Hz_ongrid,3,1499.955130546539,1499.955277436271,439.9999989075698,511.3000592383624,599.999991125083,600.0000007640886,1586.2619523474789,1586.2620940739212,1,0.00016953873323332353,260.0000076060748,-259.99983046126675,7.606074802879448e-06,1863.21286864408,3.3077736342195926e-06
encodec_untrained,random-init-no-quant,24000,20260826,260.0,440.0,511.30005826144946,440Hz_ongrid,4,1499.9551618371,1499.9549834740576,439.99999891682626,511.3000592297467,599.9999977210532,599.999989126786,1586.2619694308014,1586.2617883636676,1,-0.00020586494721864517,260.0000075404817,-260.0002058649472,7.540481703927071e-06,1863.2125293556687,3.278601438612504e-06
encodec_untrained,random-init-no-quant,24000,20260826,260.0,452.8929,526.2821958095382,452.9Hz_+50.0c,0,1499.9551689338673,1499.954984182752,452.89290103438515,526.2821976461044,599.9999951584372,600.0000110952258,1586.2619850159697,1586.2617257941179,1,-0.00021323800048940833,260.0000020874313,-260.00021323800047,2.087431312247645e-06,1813.2128517437584,6.041484905825143e-06
encodec_untrained,random-init-no-quant,24000,20260826,260.0,452.8929,526.2821958095382,452.9Hz_+50.0c,1,1499.9552340677176,1499.9549635346161,452.8929010463204,526.2821976555442,599.9999982327703,600.0000144387849,1586.262051322191,1586.2616923147598,1,-0.0003122467579150207,260.0000020728603,-260.0003122467579,2.072860297630541e-06,1813.2128279118726,6.07253764087388e-06
encodec_untrained,random-init-no-quant,24000,20260826,260.0,452.8929,526.2821958095382,452.9Hz_+50.0c,2,1499.9553774271112,1499.9552425608815,452.8929010524058,526.2821976548255,599.9999971790337,599.9999965631984,1586.2622198266715,1586.262065942286,1,-0.00015566131021397525,260.0000020472338,-260.0001556613102,2.0472338064791984e-06,1813.2131499613595,6.070173512122356e-06
encodec_untrained,random-init-no-quant,24000,20260826,260.0,452.8929,526.2821958095382,452.9Hz_+50.0c,3,1499.9552517372115,1499.9550335953709,452.8929010478179,526.2821976523501,599.9999940414776,600.0000239699702,1586.2620838096666,1586.2617456770417,1,-0.00025177725062325784,260.0000020566287,-260.00025177725064,2.056628716218256e-06,1813.212908775341,6.062030530115251e-06
encodec_untrained,random-init-no-quant,24000,20260826,260.0,452.8929,526.2821958095382,452.9Hz_+50.0c,4,1499.9550146214117,1499.9553708296983,452.8929010408412,526.2821976593846,599.9999990469154,599.9999865144146,1586.2617956902095,1586.2622429835874,1,0.00041113222397563506,260.00000210643844,-259.999588867776,2.1064384441160655e-06,1813.2132980079991,6.085170929864086e-06
encodec_untrained,random-init-no-quant,24000,20260826,265.0,440.0,512.7788852175657,440Hz_ongrid,0,1499.9553258454596,1499.9549176068654,439.99999891338217,512.77888583885,599.9999983792547,600.0000067828274,1586.2621568285188,1586.2616613958,1,-0.00047118513359679996,265.0000063729991,-265.0004711851336,6.3729991097716265e-06,1858.2124533323683,2.097567666913396e-06
encodec_untrained,random-init-no-quant,24000,20260826,265.0,440.0,512.7788852175657,440Hz_ongrid,1,1499.9553376827403,1499.9550702160625,439.99999890987215,512.7788858411382,599.9999935749202,600.000004770678,1586.262184353374,1586.2618433417467,1,-0.0003087074989182673,265.00000639453515,-265.0003087074989,6.3945351485017454e-06,1858.2126294724787,2.105293178397679e-06
encodec_untrained,random-init-no-quant,24000,20260826,265.0,440.0,512.7788852175657,440Hz_ongrid,2,1499.9552211359646,1499.9551141261416,439.9999989085975,512.778885829029,599.9999953298524,599.9999986201482,1586.2620447725355,1586.2619117690242,1,-0.00012350972426348908,265.0000063586677,-265.0001235097243,6.358667690165021e-06,1858.2126801530787,2.0644102805828655e-06
encodec_untrained,random-init-no-quant,24000,20260826,265.0,440.0,512.7788852175657,440Hz_ongrid,3,1499.9549617715127,1499.954887648124,439.9999989139312,512.7788858273658,600.0000034000732,599.9999993237502,1586.261722130791,1586.2616483400457,1,-8.555252705199793e-05,265.0000063320662,-265.000085552527,6.3320662206933775e-06,1858.2124187542665,2.0587951864766053e-06
encodec_untrained,random-init-no-quant,24000,20260826,265.0,440.0,512.7788852175657,440Hz_ongrid,4,1499.9552085381013,1499.9549886509742,439.9999989124321,512.7788858309693,600.0000076453341,600.0000016737721,1586.2619946972325,1586.2617581358668,1,-0.0002537916512266806,265.00000635013083,-265.00025379165123,6.350130831833667e-06,1858.212535330818,2.070961031501223e-06
encodec_untrained,random-init-no-quant,24000,20260826,265.0,452.8929,527.804355420342,452.9Hz_+50.0c,0,1499.9551857325143,1499.9549851844931,452.89290105140174,527.8043549921931,600.0000089418008,599.9999975103655,1586.2619646344285,1586.261766147939,1,-0.00023147063953568394,264.99999457654127,-265.00023147063956,-5.423458731002029e-06,1808.212852899959,-1.4043572571838594e-06
encodec_untrained,random-init-no-quant,24000,20260826,265.0,452.8929,527.804355420342,452.9Hz_+50.0c,1,1499.9553880289116,1499.9549339270618,452.8929010489299,527.8043549881345,600.0000082786385,599.999992181579,1586.2622000364775,1586.2617223627167,1,-0.0005241200568023563,264.9999945726777,-265.0005241200568,-5.427322321338579e-06,1808.2127937391087,-1.4176698007851434e-06
encodec_untrained,random-init-no-quant,24000,20260826,265.0,452.8929,527.804355420342,452.9Hz_+50.0c,2,1499.9551903038707,1499.9552460215466,452.89290104801586,527.8043549876993,599.9999932318948,599.9999861554501,1586.2620152398515,1586.2620999669668,1,6.430881175335577e-05,264.9999945747442,-264.9999356911882,-5.425255778845894e-06,1808.2131539556262,-1.4190971194993525e-06
encodec_untrained,random-init-no-quant,24000,20260826,265.0,452.8929,527.804355420342,452.9Hz_+50.0c,3,1499.955264452364,1499.954990107523,452.8929010531325,527.8043549831751,599.9999927563937,600.0000116686734,1586.262102193343,1586.261730977813,1,-0.0003166462258913869,264.99999454034565,-265.0003166462259,-5.459654346395837e-06,1808.212858582074,-1.4339367365163824e-06
encodec_untrained,random-init-no-quant,24000,20260826,265.0,452.8929,527.804355420342,452.9Hz_+50.0c,4,1499.9551241004986,1499.9552936948417,452.89290104922094,527.8043549784757,599.9999918031588,599.99998697563,1586.2619429510066,1586.2621526244898,1,0.00019574417941294907,264.9999945398835,-264.9998042558206,-5.460116483391175e-06,1808.213208979688,-1.4493514326599859e-06
encodec_untrained,random-init-no-quant,24000,20260826,270.0,440.0,514.261989366948,440Hz_ongrid,0,1499.955165100294,1499.9550854205363,439.99999890695756,514.2619886799139,600.0000210901821,599.9999975911078,1586.261905768097,1586.261881606468,1,-9.196562431515812e-05,270.00000198784807,-270.00009196562434,1.9878480657098407e-06,1853.2126470213398,-2.312861764278603e-06
encodec_untrained,random-init-no-quant,24000,20260826,270.0,440.0,514.261989366948,440Hz_ongrid,1,1499.9552771224835,1499.9552225965358,439.99999891019604,514.2619886810527,599.999976375057,600.0000018245124,1586.2621640836217,1586.262027718685,1,-6.293332899775985e-05,270.0000019789395,-270.000062933329,1.978939508262556e-06,1853.2128053485808,-2.30902803157078e-06
encodec_untrained,random-init-no-quant,24000,20260826,270.0,440.0,514.261989366948,440Hz_ongrid,2,1499.9552669551151,1499.9550555623748,439.9999989142273,514.2619886796164,599.9999950352434,600.0000120650598,1586.2620985066242,1586.261805381461,1,-0.00024398749983069794,270.00000195824276,-270.00024398749986,1.958242762611917e-06,1853.2126125593302,-2.3138633476106245e-06
encodec_untrained,random-init-no-quant,24000,20260826,270.0,440.0,514.261989366948,440Hz_ongrid,3,1499.9551943751571,1499.9551046895033,439.999998914243,514.2619886818051,600.0000106995058,599.999989223691,1586.2619695380204,1586.2619279897897,1,-0.0001035143336063045,270.00000196554896,-270.0001035143336,1.9655489609249344e-06,1853.2126692614002,-2.306495146299367e-06
encodec_untrained,random-init-no-quant,24000,20260826,270.0,440.0,514.261989366948,440Hz_ongrid,4,1499.9550421794756,1499.9550557652547,439.99999890853553,514.2619886755957,600.0000081425504,599.9999928438089,1586.2618012530138,1586.2618610764298,1,1.5680578665651863e-05,270.0000019671024,-269.99998431942134,1.9671023778755625e-06,1853.2126127934923,-2.327398657498277e-06
encodec_untrained,random-init-no-quant,24000,20260826,270.0,452.8929,529.3309175549233,452.9Hz_+50.0c,0,1499.9550334229618,1499.9551439539869,452.8929010470443,529.3309155093905,599.9999991071029,600.0000029422193,1586.261817217118,1586.2619337251804,1,0.00012757386911116478,269.99998930741884,-269.9998724261309,-1.0692581156490633e-05,1803.2130361502172,-6.6901365110858905e-06
encodec_untrained,random-init-no-quant,24000,20260826,270.0,452.8929,529.3309175549233,452.9Hz_+50.0c,1,1499.955141832323,1499.9551332499784,452.892901046312,529.3309155072632,599.9999996691213,600.0000140478852,1586.2619407205407,1586.2618893265374,1,-9.905661090847298e-06,269.9999893032606,-270.0000099056611,-1.0696739423110557e-05,1803.2130237957522,-6.6970941612734876e-06
encodec_untrained,random-init-no-quant,24000,20260826,270.0,452.8929,529.3309175549233,452.9Hz_+50.0c,2,1499.955405539189,1499.9552269933417,452.89290104787256,529.3309155069227,599.9999834734707,599.999993176071,1586.2622918192567,1586.2620577475639,1,-0.0002060759055645887,269.9999892961817,-270.00020607590557,-1.070381830459155e-05,1803.2131319934533,-6.69820760826199e-06
encodec_untrained,random-init-no-quant,24000,20260826,270.0,452.8929,529.3309175549233,452.9Hz_+50.0c,3,1499.9551282554473,1499.9550932534642,452.89290104281463,529.3309155089521,600.000005511678,599.9999957312652,1586.261908192184,1586.2618960135308,1,-4.0398959064013185e-05,269.9999893221536,-270.0000403989591,-1.067784637598379e-05,1803.2129776321526,-6.691570172588948e-06
encodec_untrained,random-init-no-quant,24000,20260826,270.0,452.8929,529.3309175549233,452.9Hz_+50.0c,4,1499.9551176257812,1499.9552357835719,452.8929010527283,529.330915506401,600.0000012300454,599.9999975547482,1586.2619082777035,1586.2620552589717,1,0.00013637660231479272,269.99998927591383,-269.9998636233977,-1.0724086166646885e-05,1803.2131421390532,-6.699914009498646e-06
encodec_untrained,random-init-no-quant,24000,20260826,275.0,440.0,515.7493830804707,440Hz_ongrid,0,1499.955227475884,1499.955241905036,439.9999989129069,515.749381947374,599.9999944907053,600.0000045960506,1586.2620545112768,1586.2620420074034,1,1.6653990029473317e-05,275.000000473796,-274.99998334600997,4.737959784506529e-07,1848.2128276342673,-3.8035054947363273e-06
encodec_untrained,random-init-no-quant,24000,20260826,275.0,440.0,515.7493830804707,440Hz_ongrid,1,1499.9551482490724,1499.9551422191173,439.99999891802725,515.749381958223,599.9999999522205,599.9999947870746,1586.2619473098405,1586.2619552535841,1,-6.959717153602439e-06,275.00000049006667,-275.00000695971715,4.90066668135114e-07,1848.212712577726,-3.7670881092704427e-06
encodec_untrained,random-init-no-quant,24000,20260826,275.0,440.0,515.7493830804707,440Hz_ongrid,2,1499.9552316350012,1499.954963275155,439.99999891005274,515.749381952274,600.0000034764964,600.0000082719425,1586.2620333841776,1586.2617098090377,1,-0.00030973840743219177,275.0000005014741,-275.00030973840745,5.014741191189387e-07,1848.2125060422838,-3.787057309110841e-06
encodec_untrained,random-init-no-quant,24000,20260826,275.0,440.0,515.7493830804707,440Hz_ongrid,3,1499.955106539453,1499.955003294008,439.9999989168515,515.7493819583865,600.000001522118,599.9999966029462,1586.2618946392247,1586.2617896680306,1,-0.0001191649237034569,275.00000049524175,-275.0001191649237,4.952417498316208e-07,1848.2125522316705,-3.766539362309145e-06
encodec_untrained,random-init-no-quant,24000,20260826,275.0,440.0,515.7493830804707,440Hz_ongrid,4,1499.9551444056078,1499.955043399026,439.9999989096775,515.7493819588309,599.9999957888862,599.9999998466532,1586.2619548865937,1586.261826597507,1,-0.00011658084603037374,275.0000005249604,-275.00011658084605,5.24960398706753e-07,1848.2125985205068,-3.7650476547201337e-06
encodec_untrained,random-init-no-quant,24000,20260826,275.0,452.8929,530.8618949466484,452.9Hz_+50.0c,0,1499.9553273823888,1499.9552716990743,452.89290104875505,530.8618966379281,599.9999818952667,600.0000070434386,1586.2622061651641,1586.2620693337292,1,-6.426914848085142e-05,275.0000015065768,-275.0000642691485,1.5065767797750595e-06,1798.2131835923835,5.515560823672039e-06
encodec_untrained,random-init-no-quant,24000,20260826,275.0,452.8929,530.8618949466484,452.9Hz_+50.0c,1,1499.9549970132816,1499.9549453270042,452.8929010364266,530.8618966353591,600.0000015043088,599.9999947218381,1586.2617682765317,1586.2617281907856,1,-5.9655819744371454e-05,275.0000015453256,-275.00005965581977,1.5453255741704197e-06,1798.2128068968163,5.507182966431813e-06
encodec_untrained,random-init-no-quant,24000,20260826,275.0,452.8929,530.8618949466484,452.9Hz_+50.0c,2,1499.9552199052262,1499.9549556777022,452.89290103898384,530.8618966438863,599.9999957000006,600.0000147053113,1586.2620422840066,1586.2616824773504,1,-0.0003049689221199425,275.000001563359,-275.00030496892214,1.5633589782737545e-06,1798.2128188434954,5.534991655548625e-06
encodec_untrained,random-init-no-quant,24000,20260826,275.0,452.8929,530.8618949466484,452.9Hz_+50.0c,3,1499.9554961347042,1499.955201669044,452.8929010460944,530.8618966499579,599.9999881037915,600.0000065327603,1586.2623830234404,1586.2619899792414,1,-0.000339869434983886,275.0000015559787,-275.000339869435,1.5559787129859615e-06,1798.2131027643898,5.5547919065682285e-06
encodec_untrained,random-init-no-quant,24000,20260826,275.0,452.8929,530.8618949466484,452.9Hz_+50.0c,4,1499.9551403987477,1499.9551569438324,452.892901041641,530.8618966361688,600.0000021302475,600.0000042408874,1586.2619319646126,1586.2619449707731,1,1.9096180373666183e-05,275.00000152803364,-274.9999809038196,1.5280336356227053e-06,1798.2130511429743,5.509823486821976e-06
encodec_untrained,random-init-no-quant,24000,20260826,280.0,440.0,517.2410787647879,440Hz_ongrid,0,1499.9551093773528,1499.9550865551273,439.99999891113026,517.2410766020398,599.9999980108349,599.9999908653225,1586.2619080461234,1586.2619023225166,1,-2.6341197610232137e-05,279.99999704545627,-280.0000263411976,-2.9545437314482115e-06,1843.212648330874,-7.238835421999159e-06
encodec_untrained,random-init-no-quant,24000,20260826,280.0,440.0,517.2410787647879,440Hz_ongrid,1,1499.9552781489601,1499.9551342022626,439.99999891771904,517.2410766029187,600.0000044335837,600.0000070185287,1586.2620843085751,1586.2619107080898,1,-0.00016614191087423346,279.9999970224737,-280.0001661419109,-2.9775263215015e-06,1843.2127033247482,-7.235893715428408e-06
encodec_untrained,random-init-no-quant,24000,20260826,280.0,440.0,517.2410787647879,440Hz_ongrid,2,1499.9551905210242,1499.9551411072646,439.9999989155331,517.241076594277,599.9999879914393,599.999990529329,1586.2620306112465,1586.2619662555512,1,-5.703289337272997e-05,279.9999970021502,-280.0000570328934,-2.9978497764204803e-06,1843.2127112944363,-7.2648177737951355e-06
encodec_untrained,random-init-no-quant,24000,20260826,280.0,440.0,517.2410787647879,440Hz_ongrid,3,1499.9551144800614,1499.9552601866685,439.99999891926166,517.2410766091434,599.999981834049,600.0000059144554,1586.2619606119601,1586.262059303777,1,0.00016817318376400453,279.99999703723864,-279.99983182681626,-2.962761357139243e-06,1843.2128487347536,-7.2150592059774115e-06
encodec_untrained,random-init-no-quant,24000,20260826,280.0,440.0,517.2410787647879,440Hz_ongrid,4,1499.9553980147728,1499.9550928778417,439.9999989114682,517.2410766137094,599.9999908730753,599.9999929583333,1586.2622617839017,1586.2619035809814,1,-0.0003521861377331657,279.99999708318563,-280.0003521861377,-2.916814366926701e-06,1843.2126556284913,-7.1997765550235076e-06
encodec_untrained,random-init-no-quant,24000,20260826,280.0,452.8929,532.3973003657118,452.9Hz_+50.0c,0,1499.955199352759,1499.9550351749897,452.89290103865625,532.397299315168,600.0000009750719,599.999998596884,1586.2620033419062,1586.261820711473,1,-0.0001894924330226723,279.99999261349177,-280.00018949243304,-7.3865082299562346e-06,1793.2129105985227,-3.4161278123912186e-06
encodec_untrained,random-init-no-quant,24000,20260826,280.0,452.8929,532.3973003657118,452.9Hz_+50.0c,1,1499.955203904932,1499.9552245712534,452.89290104575576,532.3972993230982,600.0000019471099,600.00000394731,1586.262005791272,1586.2620238727864,1,2.3852871576079102e-05,279.9999926121406,-279.99997614712845,-7.387859398022556e-06,1793.213129197902,-3.3903405493274667e-06
encodec_untrained,random-init-no-quant,24000,20260826,280.0,452.8929,532.3973003657118,452.9Hz_+50.0c,2,1499.9552325099478,1499.9550561129527,452.892901039551,532.3972993126313,600.0000031708042,600.0000096073971,1586.2620352760737,1586.2618131082484,1,-0.00020359574430297195,279.9999926018229,-280.0002035957443,-7.3981771038234e-06,1793.2129347649231,-3.424376507517778e-06
encodec_untrained,random-init-no-quant,24000,20260826,280.0,452.8929,532.3973003657118,452.9Hz_+50.0c,3,1499.9552053333891,1499.9550390495108,452.89290103947883,532.3972993253976,599.9999915505566,599.9999929954297,1586.2620374380956,1586.2618413457897,1,-0.00019192328333782741,279.99999264361196,-280.00019192328335,-7.35638803917027e-06,1793.2129150704586,-3.382863175236165e-06
encodec_untrained,random-init-no-quant,24000,20260826,280.0,452.8929,532.3973003657118,452.9Hz_+50.0c,4,1499.9551915708828,1499.9551659373392,452.8929010403943,532.3972993154873,600.000007783317,600.0000118159444,1586.2619747156957,1586.2619334939998,1,-2.9585993024122985e-05,279.99999260788655,-280.00002958599305,-7.392113445803261e-06,1793.2130615231947,-3.4150893255851632e-06
encodec_untrained,random-init-no-quant,24000,20260826,285.0,440.0,518.7370888624375,440Hz_ongrid,0,1499.955166373327,1499.9550965338692,439.9999989155644,518.7370885451948,600.0000105807623,600.0000010486818,1586.2619375611953,1586.2618844569222,1,-8.060804281121825e-05,285.0000032080784,-285.0000806080428,3.2080783967103343e-06,1838.2126598482441,-1.0587666083611146e-06
encodec_untrained,random-init-no-quant,24000,20260826,285.0,440.0,518.7370888624375,440Hz_ongrid,1,1499.9552121239092,1499.9549881022708,439.99999891534213,518.73708854667,600.0000003181602,600.0000047571481,1586.2620199776925,1586.2617486058161,1,-0.00025856366505506105,285.00000321387614,-285.00025856366506,3.2138761412170425e-06,1838.2125346975097,-1.0538432621643974e-06
encodec_untrained,random-init-no-quant,24000,20260826,285.0,440.0,518.7370888624375,440Hz_ongrid,2,1499.9549992262891,1499.9550827202513,439.99999891900165,518.7370885465084,599.9999900504545,599.999992870091,1586.2618038796022,1586.2618921117996,1,9.636794850108655e-05,285.00000319893826,-284.9999036320515,3.1989382591746107e-06,1838.212643904696,-1.0543823988453178e-06
encodec_untrained,random-init-no-quant,24000,20260826,285.0,440.0,518.7370888624375,440Hz_ongrid,3,1499.9551286397837,1499.9552858110337,439.99999891484094,518.7370885480015,600.0000067075264,599.9999971084853,1586.261905185292,1586.2621142878336,1,0.00018140556360177228,285.0000032202921,-284.9998185944364,3.2202921147472807e-06,1838.2128783101514,-1.049399468915606e-06
encodec_untrained,random-init-no-quant,24000,20260826,285.0,440.0,518.7370888624375,440Hz_ongrid,4,1499.955196929722,1499.9550737185766,439.99999891343106,518.7370885439196,599.9999963719088,599.9999880823585,1586.262013827181,1586.261895536627,1,-0.00014220914021392434,285.0000032122168,-285.0001422091402,3.2122168249770766e-06,1838.212633515048,-1.0630222323369804e-06
encodec_untrained,random-init-no-quant,24000,20260826,285.0,452.8929,533.9371466192433,452.9Hz_+50.0c,0,1499.955395494634,1499.9551976277626,452.89290104508433,533.9371473390812,599.9999902099319,600.000002879229,1586.2622607886096,1586.2619958566954,1,-0.00022837604954889518,284.9999983390451,-285.00022837604956,-1.6609549220447661e-06,1788.213098099981,2.333997456684274e-06
encodec_untrained,random-init-no-quant,24000,20260826,285.0,452.8929,533.9371466192433,452.9Hz_+50.0c,1,1499.9551758838113,1499.9550812081077,452.8929010491197,533.937147338269,599.9999965834437,600.0000115869797,1586.2619889258297,1586.2618363609727,1,-0.00010927380330230366,284.99999832098604,-285.0001092738033,-1.6790139625300071e-06,1788.2129637295152,2.3313638556905064e-06
encodec_untrained,random-init-no-quant,24000,20260826,285.0,452.8929,533.9371466192433,452.9Hz_+50.0c,2,1499.9553569390232,1499.9551179597718,452.89290105061673,533.937147337686,599.9999878532947,600.0000225235258,1586.2622230879126,1586.2618472231966,1,-0.0002758275759481633,284.99999831337317,-285.00027582757593,-1.6866268310877786e-06,1788.2130061479397,2.3294737059187395e-06
encodec_untrained,random-init-no-quant,24000,20260826,285.0,452.8929,533.9371466192433,452.9Hz_+50.0c,3,1499.9553783836661,1499.9550754282718,452.89290104713535,533.9371473385062,599.9999817446386,599.9999919369025,1586.262265464969,1586.2618863880782,1,-0.00034966823322726614,284.99999832934014,-285.00034966823324,-1.6706598557902907e-06,1788.212957058483,2.332132678050386e-06
encodec_untrained,random-init-no-quant,24000,20260826,285.0,452.8929,533.9371466192433,452.9Hz_+50.0c,4,1499.9552709468958,1499.9551036347627,452.89290104652036,533.9371473385098,599.9999953209445,600.0000027917373,1586.26210228954,1586.2618876233118,1,-0.0001931100768760509,284.9999983317028,-285.00019311007685,-1.6682972159287601e-06,1788.2129896141494,2.3321445947969643e-06
encodec_untrained,random-init-no-quant,24000,20260826,290.0,440.0,520.2374258519452,440Hz_ongrid,0,1499.955229072207,1499.955151540753,439.9999989136785,520.2374278574658,600.0000022172952,600.0000065083173,1586.2620340595117,1586.2619321921704,1,-8.948606866465596e-05,290.00001094819044,-290.00008948606865,1.0948190436010918e-05,1833.21272333667,6.673925096993002e-06
encodec_untrained,random-init-no-quant,24000,20260826,290.0,440.0,520.2374258519452,440Hz_ongrid,1,1499.9551987717043,1499.9551805247252,439.9999989113256,520.237427854792,599.9999803701489,600.0000034129364,1586.2620621244996,1586.261974576578,1,-2.1060490217508417e-05,290.00001094855065,-290.0000210604902,1.094855065275624e-05,1833.2127567896962,6.665027131433225e-06
encodec_untrained,random-init-no-quant,24000,20260826,290.0,440.0,520.2374258519452,440Hz_ongrid,2,1499.9553808475891,1499.954911952717,439.9999989189117,520.2374278564303,600.0000099861395,599.9999979201491,1586.262186821058,1586.2616804421189,1,-0.0005411940282992139,290.0000109241538,-290.0005411940283,1.0924153798441694e-05,1833.212446806403,6.670478850773481e-06
encodec_untrained,random-init-no-quant,24000,20260826,290.0,440.0,520.2374258519452,440Hz_ongrid,3,1499.955293488034,1499.9551183739886,439.99999891192033,520.2374278472821,600.0000114814052,599.9999794087668,1586.2620816770736,1586.2619721041797,1,-0.0002021149674678191,290.00001092121926,-290.00020211496746,1.0921219256943004e-05,1833.2126850559036,6.640035791865336e-06
encodec_untrained,random-init-no-quant,24000,20260826,290.0,440.0,520.2374258519452,440Hz_ongrid,4,1499.9552987014338,1499.9551066120391,439.99999891635974,520.2374278483223,600.0000138017613,599.99999304902,1586.2620809991975,1586.261919171196,1,-0.0002217077550038194,290.00001090721327,-290.00022170775503,1.0907213265909377e-05,1833.2126714803728,6.643497414532079e-06
encodec_untrained,random-init-no-quant,24000,20260826,290.0,452.8929,535.4814465514146,452.9Hz_+50.0c,0,1499.9551194457433,1499.9550414368096,452.89290104541044,535.4814472551251,599.9999862611277,600.0000163502812,1586.261953569454,1586.2617767133313,1,-9.003717786003745e-05,289.99999827892674,-290.00009003717787,-1.7210732607964019e-06,1783.2129178258563,2.2751256532978924e-06
encodec_untrained,random-init-no-quant,24000,20260826,290.0,452.8929,535.4814465514146,452.9Hz_+50.0c,1,1499.955052375472,1499.9550845338201,452.89290103967386,535.4814472558234,599.9999950131445,599.9999923424609,1586.261850904595,1586.261895727422,1,3.711686341644751e-05,289.99999830311293,-289.99996288313656,-1.6968870681921544e-06,1783.2129675680212,2.2773833001577527e-06
encodec_untrained,random-init-no-quant,24000,20260826,290.0,452.8929,535.4814465514146,452.9Hz_+50.0c,2,1499.9552183972091,1499.9554413957558,452.8929010486054,535.4814472555669,599.9999906849597,599.9999941513562,1586.2620550138172,1586.2623023946937,1,0.0002573827827395561,289.99999826814206,-289.99974261721724,-1.7318579352831875e-06,1783.2133794546614,2.2765541252425956e-06
encodec_untrained,random-init-no-quant,24000,20260826,290.0,452.8929,535.4814465514146,452.9Hz_+50.0c,3,1499.9552649362515,1499.955064058546,452.8929010507144,535.4814472507005,600.0000032040201,600.0000267932006,1586.2620726063637,1586.2617726912322,1,-0.00023185114572608155,289.99999824434695,-290.0002318511457,-1.7556530451656727e-06,1783.2129439356524,2.260820944469437e-06
encodec_untrained,random-init-no-quant,24000,20260826,290.0,452.8929,535.4814465514146,452.9Hz_+50.0c,4,1499.9551379539587,1499.955239209401,452.8929010382165,535.4814472554475,599.9999944874395,600.0000015991881,1586.2619511953426,1586.2620475432445,1,0.00011686807115555071,289.99999830746856,-289.99988313192887,-1.692531441221945e-06,1783.2131460931125,2.2761681764179236e-06
encodec_untrained,random-init-no-quant,24000,20260826,295.0,440.0,521.7421022479275,440Hz_ongrid,0,1499.9550834745894,1499.9550073393643,439.9999989150567,521.7421032984007,600.0000007708852,599.9999956601715,1586.261870185576,1586.2617970574156,1,-8.787456290385865e-05,295.00000775450144,-295.0000878745629,7.754501439194428e-06,1828.2125569007833,3.4856587543938797e-06
encodec_untrained,random-init-no-quant,24000,20260826,295.0,440.0,521.7421022479275,440Hz_ongrid,1,1499.9553693984974,1499.9550725951497,439.9999989119542,521.7421033093491,599.9999954529363,600.0000099252844,1586.262215540587,1586.2618312146164,1,-0.00034256760086942936,295.0000078030374,-295.00034256760085,7.803037419762404e-06,1828.2126322183992,3.521987532929518e-06
encodec_untrained,random-init-no-quant,24000,20260826,295.0,440.0,521.7421022479275,440Hz_ongrid,2,1499.955138321696,1499.9550717348463,439.99999891362853,521.7421033050983,600.0000059747542,600.0000179564769,1586.2619184743974,1586.26180704854,1,-7.685391457385854e-05,295.0000077823447,-295.00007685391455,7.782344709994504e-06,1828.212631225445,3.5078827179247976e-06
encodec_untrained,random-init-no-quant,24000,20260826,295.0,440.0,521.7421022479275,440Hz_ongrid,3,1499.9550366417125,1499.9551432017076,439.9999989072303,521.7421033120825,599.9999924909133,599.9999930033687,1586.261840022458,1586.2619615343683,1,0.00012299054377969988,295.00000783069396,-294.9998770094562,7.830693959931523e-06,1828.212713711823,3.5310573303027634e-06
encodec_untrained,random-init-no-quant,24000,20260826,295.0,440.0,521.7421022479275,440Hz_ongrid,4,1499.9551338874078,1499.9551467476304,439.9999989155763,521.742103294899,599.999998763856,600.0000036900286,1586.261934162638,1586.261934791856,1,1.4843147373452997e-05,295.0000077408377,-294.99998515685263,7.740837702385761e-06,1828.212717804493,3.4740395420767172e-06
encodec_untrained,random-init-no-quant,24000,20260826,295.0,452.8929,537.0302130435464,452.9Hz_+50.0c,0,1499.955289393862,1499.9552335922913,452.8929010383103,537.0302108649704,599.9999835068592,599.9999897341253,1586.2621576690972,1586.2620752953649,1,-6.440564040274104e-05,294.99998900782725,-295.0000644056404,-1.0992172747137374e-05,1778.213139609898,-7.023115014561925e-06
encodec_untrained,random-init-no-quant,24000,20260826,295.0,452.8929,537.0302130435464,452.9Hz_+50.0c,1,1499.955279853422,1499.9551495818612,452.8929010424194,537.0302108669442,600.0000025445754,599.999995851609,1586.2620917263748,1586.2619606799965,1,-0.0001503581972113986,294.9999889984826,-295.00015035819723,-1.1001517407294159e-05,1778.2130426458566,-7.016751856266006e-06
encodec_untrained,random-init-no-quant,24000,20260826,295.0,452.8929,537.0302130435464,452.9Hz_+50.0c,2,1499.9551975316747,1499.9553865612793,452.89290104726604,537.030210873053,599.9999836016101,599.9999989592426,1586.262051369243,1586.262225232643,1,0.0002181761613421418,294.9999889996487,-294.99978182383865,-1.1000351321399648e-05,1778.2133161652387,-6.997059048028221e-06
encodec_untrained,random-init-no-quant,24000,20260826,295.0,452.8929,537.0302130435464,452.9Hz_+50.0c,3,1499.955070180137,1499.9551522485178,452.8929010414184,537.030210872094,599.9999757506994,599.9999951032675,1586.2619270342418,1586.2619659170837,1,9.472255149412514e-05,294.9999890189108,-294.99990527744853,-1.0981089189954218e-05,1778.2130457236867,-7.000150482753959e-06
encodec_untrained,random-init-no-quant,24000,20260826,295.0,452.8929,537.0302130435464,452.9Hz_+50.0c,4,1499.9550498252868,1499.9550133886476,452.8929010365289,537.0302108559703,599.9999995934807,599.999995872365,1586.2618347451385,1586.2618034271807,1,-4.2054827753976e-05,294.99998898562285,-295.00004205482776,-1.1014377150786459e-05,1778.2128854529305,-7.0521288329361e-06
encodec_untrained,random-init-no-quant,24000,20260826,300.0,440.0,523.2511306011972,440Hz_ongrid,0,1499.9550857989193,1499.955155268253,439.99999891651936,523.251129519562,599.9999962421717,599.9999768926173,1586.2618859354006,1586.262021947264,1,8.01808496602154e-05,300.00000068437834,-299.99991981915036,6.843783353360777e-07,1823.2127276389153,-3.57870933194335e-06
encodec_untrained,random-init-no-quant,24000,20260826,300.0,440.0,523.2511306011972,440Hz_ongrid,1,1499.955018802759,1499.9550065084918,439.99999891980485,523.251129518261,599.9999954614285,599.999949734091,1586.2618108618099,1586.2619286130935,1,-1.4189928339798091e-05,300.00000066714654,-300.0000141899283,6.671465371255181e-07,1823.2125559417982,-3.58301396835102e-06
encodec_untrained,random-init-no-quant,24000,20260826,300.0,440.0,523.2511306011972,440Hz_ongrid,2,1499.9551688607298,1499.9549693254098,439.99999891258705,523.2511295226047,599.999993186433,599.9999976918712,1586.2619906215566,1586.2617473198181,1,-0.00023030179182509923,300.0000007099177,-300.0002303017918,7.099176855263067e-07,1823.2125130254317,-3.56864217972315e-06
encodec_untrained,random-init-no-quant,24000,20260826,300.0,440.0,523.2511306011972,440Hz_ongrid,3,1499.9551970627222,1499.9550034175932,439.9999989170602,523.2511295123135,599.9999866725313,600.0000037911653,1586.2620419671764,1586.261769069855,1,-0.0002235033840659091,300.0000006582675,-300.00022350338406,6.582674814126221e-07,1823.2125523743116,-3.602691976719492e-06
encodec_untrained,random-init-no-quant,24000,20260826,300.0,440.0,523.2511306011972,440Hz_ongrid,4,1499.955128802139,1499.9548769817468,439.99999890577715,523.2511295223386,600.0000028305395,599.9999849397154,1586.2619165593005,1586.2616775325637,1,-0.0002906487436411173,300.00000073583135,-300.00029064874366,7.358313496297342e-07,1823.2124064432328,-3.569522673533804e-06
encodec_untrained,random-init-no-quant,24000,20260826,300.0,452.8929,538.5834590142158,452.9Hz_+50.0c,0,1499.9551500000118,1499.95534409654,452.8929010430526,538.5834599897552,599.9999912710846,600.0000073076126,1586.261974379222,1586.2621521319456,1,0.00022402436280126328,299.9999991486083,-299.9997759756372,-8.513916895935836e-07,1773.2132671528454,3.1357942229817143e-06
encodec_untrained,random-init-no-quant,24000,20260826,300.0,452.8929,538.5834590142158,452.9Hz_+50.0c,1,1499.955212739112,1499.9552191158164,452.8929010380458,538.5834599929026,599.9999930580522,600.0000039179486,1586.2620416359978,1586.2620176608918,1,7.3599314480550014e-06,299.99999917786437,-299.99999264006857,-8.221356324611406e-07,1773.2131229012887,3.1459115408218275e-06
encodec_untrained,random-init-no-quant,24000,20260826,300.0,452.8929,538.5834590142158,452.9Hz_+50.0c,2,1499.9550973134697,1499.9550885031142,452.89290104857105,538.5834599951777,600.000004489856,600.0000350585948,1586.2618754276002,1586.2617770560378,1,-1.0168829370925664e-05,299.9999991449436,-300.00001016882936,-8.550563848075399e-07,1773.2129721493432,3.1532245791055526e-06
encodec_untrained,random-init-no-quant,24000,20260826,300.0,452.8929,538.5834590142158,452.9Hz_+50.0c,3,1499.955130056411,1499.9553514055697,452.89290104324226,538.583459994849,599.999993131352,600.0000081692169,1586.2619459929092,1586.2621580818932,1,0.000255479090056922,299.99999916425713,-299.9997445209099,-8.357428669114597e-07,1773.213275588857,3.152168217183578e-06
encodec_untrained,random-init-no-quant,24000,20260826,300.0,452.8929,538.5834590142158,452.9Hz_+50.0c,4,1499.9550658185397,1499.955098119887,452.89290104710636,538.5834599902074,599.9999994074174,599.9999980665963,1586.261853741266,1586.2618948919692,1,3.7281911506464184e-05,299.999999134566,-299.9999627180885,-8.654340035718633e-07,1773.212983248932,3.1372480660635714e-06
encodec_untrained,random-init-no-quant,24000,20260826,305.0,440.0,524.7645234988678,440Hz_ongrid,0,1499.9550974341694,1499.9551785073786,439.9999989177118,524.764521004969,600.0000003440343,599.9999809808944,1586.2618875292233,1586.2620369733681,1,9.357393210261522e-05,304.9999960308533,-304.9999064260679,-3.969146689541958e-06,1818.2127544612936,-8.227542712403329e-06
encodec_untrained,random-init-no-quant,24000,20260826,305.0,440.0,524.7645234988678,440Hz_ongrid,1,1499.9554223375649,1499.9551819177047,439.9999989056232,524.7645210004881,600.0000010513905,600.0000033005473,1586.2622604886237,1586.261976508628,1,-0.0002774903008378083,304.9999960636346,-305.00027749030085,-3.936365374102024e-06,1818.21275839746,-8.24232543662374e-06
encodec_untrained,random-init-no-quant,24000,20260826,305.0,440.0,524.7645234988678,440Hz_ongrid,2,1499.9551996878604,1499.954926370417,439.99999891481025,524.7645210037032,599.9999877941005,599.9999909903304,1586.2620417609214,1586.2617170781245,1,-0.00031546042654817644,304.99999603809385,-305.0003154604265,-3.961906145377725e-06,1818.2124634471784,-8.231718763282084e-06
encodec_untrained,random-init-no-quant,24000,20260826,305.0,440.0,524.7645234988678,440Hz_ongrid,3,1499.9552175540898,1499.9554352250161,439.99999891072054,524.76452100584,600.0000071861825,599.9999883651287,1586.2620064282323,1586.2623119680093,1,0.00025123369511764347,304.999996061235,-304.9997487663049,-3.938765019029233e-06,1818.2130507623324,-8.224669046610163e-06
encodec_untrained,random-init-no-quant,24000,20260826,305.0,440.0,524.7645234988678,440Hz_ongrid,4,1499.9552129574429,1499.9548098628559,439.9999989152865,524.7645210073534,600.0000005172863,599.9999997153824,1586.2620203651932,1586.2615574309953,1,-0.00046524800317788073,304.99999604826263,-305.0004652480032,-3.951737369334296e-06,1818.2123289752278,-8.219676314174664e-06
encodec_untrained,random-init-no-quant,24000,20260826,305.0,452.8929,540.1411974193644,452.9Hz_+50.0c,0,1499.9553780827564,1499.9550805720542,452.89290104434906,540.1411954056321,600.000008471671,600.0000070501952,1586.2621879997473,1586.261848717238,1,-0.0003433840208000395,304.99998955354226,-305.0003433840208,-1.0446457736179582e-05,1768.2129629953884,-6.454316011838197e-06
encodec_untrained,random-init-no-quant,24000,20260826,305.0,452.8929,540.1411974193644,452.9Hz_+50.0c,1,1499.9550074929048,1499.9552137204944,452.89290103637074,540.1411954086745,599.9999855269366,600.0000144547471,1586.2618264729667,1586.261981030889,1,0.00023802594003719584,304.9999895937918,-304.99976197405994,-1.0406208218682877e-05,1768.2131166740592,-6.444564461181606e-06
encodec_untrained,random-init-no-quant,24000,20260826,305.0,452.8929,540.1411974193644,452.9Hz_+50.0c,2,1499.9552714284664,1499.9550697706084,452.89290103862317,540.1411954085542,600.0000107916167,599.9999950060313,1586.2620582064405,1586.261871002422,1,-0.00023275158944277612,304.9999895847958,-305.00023275158946,-1.041520420130837e-05,1768.212950528461,-6.444950217802632e-06
encodec_untrained,random-init-no-quant,24000,20260826,305.0,452.8929,540.1411974193644,452.9Hz_+50.0c,3,1499.9551340729226,1499.9551034829453,452.8929010402117,540.1411954071839,599.9999968788266,600.0000003559487,1586.2619398158026,1586.2618944762858,1,-3.5306663276325265e-05,304.99998957433144,-305.0000353066633,-1.0425668563129875e-05,1768.2129894389232,-6.449342307761309e-06
encodec_untrained,random-init-no-quant,24000,20260826,305.0,452.8929,540.1411974193644,452.9Hz_+50.0c,4,1499.9551131845126,1499.9548958359642,452.89290105347715,540.141195404355,600.0000127059546,600.0000043046008,1586.2618700391592,1586.2616434186784,1,-0.0002508616634004303,304.999989514556,-305.0002508616634,-1.0485444022378942e-05,1768.2127497747174,-6.458409222102976e-06
encodec_untrained,random-init-no-quant,24000,20260826,310.0,440.0,526.2822935644576,440Hz_ongrid,0,1499.9551287100926,1499.955241248504,439.99999891154,526.2822954051521,599.9999846648793,599.9999902205194,1586.261968868078,1586.262082728656,1,0.00012989076740342286,310.0000103377435,-309.9998701092326,1.033774350389649e-05,1813.212826876505,6.055063846316194e-06
encodec_untrained,random-init-no-quant,24000,20260826,310.0,440.0,526.2822935644576,440Hz_ongrid,1,1499.9552308506081,1499.9549887997155,439.999998915629,526.2822954110017,599.9999851795318,600.0000142842075,1586.2620852727193,1586.2617219215178,1,-0.00027937285879407395,310.00001034089695,-310.0002793728588,1.0340896949401213e-05,1813.2125355024937,6.074306316708962e-06
encodec_untrained,random-init-no-quant,24000,20260826,310.0,440.0,526.2822935644576,440Hz_ongrid,2,1499.9551581413655,1499.9549773910335,439.9999989172285,526.2822954080666,599.9999970361216,599.9999815253426,1586.2619671415143,1586.2618032758278,1,-0.00020862033519732353,310.00001032494873,-310.0002086203352,1.0324948732431949e-05,1813.2125223346995,6.0646514455344326e-06
encodec_untrained,random-init-no-quant,24000,20260826,310.0,440.0,526.2822935644576,440Hz_ongrid,3,1499.955300581098,1499.955211088727,439.99999891288877,526.2822954037122,599.9999938336399,600.0000243822802,1586.2621407845072,1586.2619493485236,1,-0.00010329124094881217,310.0000103276998,-310.000103291241,1.0327699783374555e-05,1813.2127920663775,6.050327131767153e-06
encodec_untrained,random-init-no-quant,24000,20260826,310.0,440.0,526.2822935644576,440Hz_ongrid,4,1499.9550160648241,1499.9552626929926,439.9999989069149,526.282295399778,599.9999966921999,600.0000111690217,1586.2618041504552,1586.2620470350794,1,0.0002846559017903935,310.0000103382629,-309.9997153440982,1.0338262882214622e-05,1813.212851627529,6.0373855450110415e-06
encodec_untrained,random-init-no-quant,24000,20260826,310.0,452.8929,541.7034412524058,452.9Hz_+50.0c,0,1499.9551191604278,1499.9552447997846,452.89290105002493,541.7034422014718,599.999984839835,600.0000005407543,1586.2619573411296,1586.2620570496063,1,0.00014501175450887572,309.9999990192887,-309.9998549882455,-9.807113201532047e-07,1763.21315254548,3.0331272227326866e-06
encodec_untrained,random-init-no-quant,24000,20260826,310.0,452.8929,541.7034412524058,452.9Hz_+50.0c,1,1499.9550816097624,1499.9550304644313,452.89290104793,541.7034421923695,599.9999780259946,599.999997966733,1586.2619336610933,1586.261817092822,1,-5.90314611979315e-05,309.99999899820654,-310.0000590314612,-1.00179346418372e-06,1763.2129051616403,3.0040369067022655e-06
encodec_untrained,random-init-no-quant,24000,20260826,310.0,452.8929,541.7034412524058,452.9Hz_+50.0c,2,1499.9554325239358,1499.9551845273916,452.89290104002004,541.703442196928,599.9999921951585,600.0000036509067,1586.2622977993185,1586.2619785097802,1,-0.00028623523568674597,309.9999990430119,-310.0002862352357,-9.569881171955785e-07,1763.213082979657,3.0186053215939144e-06
encodec_untrained,random-init-no-quant,24000,20260826,310.0,452.8929,541.7034412524058,452.9Hz_+50.0c,3,1499.9549561160813,1499.9551778471753,452.89290104364824,541.7034421981864,600.000003080303,599.9999877636075,1586.2617165260065,1586.2620166405939,1,0.0002559199458035377,309.9999990331642,-309.9997440800542,-9.668357847658626e-07,1763.2130752694147,3.022627031356847e-06
encodec_untrained,random-init-no-quant,24000,20260826,310.0,452.8929,541.7034412524058,452.9Hz_+50.0c,4,1499.9550875519194,1499.9551096113553,452.89290103503106,541.7034421930565,600.0000062700941,600.0000029716721,1586.2618590242291,1586.2618940022567,1,2.5460793173787443e-05,309.99999904970963,-309.99997453920685,-9.502903708380472e-07,1763.2129965122765,3.0062326633612288e-06
encodec_untrained,random-init-no-quant,24000,20260826,315.0,440.0,527.8044534579969,440Hz_ongrid,0,1499.9551646853092,1499.95499572446,439.9999989147244,527.8044530123047,600.0000027712525,600.0000002292429,1586.2619581463825,1586.2617704680486,1,-0.0001950130233352521,315.00000280825026,-315.00019501302336,2.808250258112821e-06,1808.212543494969,-1.4619003434509915e-06
encodec_untrained,random-init-no-quant,24000,20260826,315.0,440.0,527.8044534579969,440Hz_ongrid,1,1499.9550801220907,1499.9551360717503,439.99999891237974,527.8044530121575,599.999999138697,599.9999894198643,1586.2618710256534,1586.2619636448467,1,6.457656989143611e-05,315.0000028169927,-314.9999354234301,2.8169927190901944e-06,1808.2127054824932,-1.462383163894054e-06
encodec_untrained,random-init-no-quant,24000,20260826,315.0,440.0,527.8044534579969,440Hz_ongrid,2,1499.9553494987579,1499.9552761196449,439.99999891816935,527.8044530154978,599.9999902770137,599.9999967371517,1586.2622075070549,1586.2621041735674,1,-8.469346912157623e-05,315.000002805169,-315.00008469346915,2.805169003750052e-06,1808.2128671244423,-1.4514270608306068e-06
encodec_untrained,random-init-no-quant,24000,20260826,315.0,440.0,527.8044534579969,440Hz_ongrid,3,1499.9550385911573,1499.9552630731991,439.9999989113337,527.8044530114672,599.9999907630803,600.0000114626683,1586.2618472579616,1586.2620466266249,1,0.0002590950498288123,315.00000281884405,-314.99974090495016,2.818844052399072e-06,1808.2128520663593,-1.464647537954455e-06
encodec_untrained,random-init-no-quant,24000,20260826,315.0,440.0,527.8044534579969,440Hz_ongrid,4,1499.9551824638525,1499.954998354892,439.9999989172256,527.8044530086809,600.0000158333213,599.9999892097793,1586.2619409770455,1586.2618052995197,1,-0.00021249682950239327,315.0000027865223,-315.0002124968295,2.786522316000628e-06,1808.212546530989,-1.4737869137775951e-06
encodec_untrained,random-init-no-quant,24000,20260826,315.0,452.8929,543.2702035443347,452.9Hz_+50.0c,0,1499.9551630051155,1499.9551854510744,452.892901039037,543.2702019352146,599.9999857396379,600.0000143365759,1586.2620053499713,1586.261948743563,1,2.5906913105603314e-05,314.99999090039665,-314.9999740930869,-9.099603346385265e-06,1758.2130840457626,-5.127767802234225e-06
encodec_untrained,random-init-no-quant,24000,20260826,315.0,452.8929,543.2702035443347,452.9Hz_+50.0c,1,1499.9551695083933,1499.9549516581305,452.89290104507546,543.2702019292933,600.0000056632078,599.9999981494808,1586.261955368721,1586.2617256080266,1,-0.0002514407279933138,314.9999908584448,-315.000251440728,-9.141555210590013e-06,1758.2128142041431,-5.14663720169976e-06
encodec_untrained,random-init-no-quant,24000,20260826,315.0,452.8929,543.2702035443347,452.9Hz_+50.0c,2,1499.9551040032477,1499.9551671696568,452.8929010416578,543.2702019197537,600.0000001012788,599.9999971736515,1586.261895811636,1586.2619771650552,1,7.290607251402999e-05,314.9999908411094,-314.9999270939275,-9.158890577509737e-06,1758.2130629455237,-5.177036822352181e-06
encodec_untrained,random-init-no-quant,24000,20260826,315.0,452.8929,543.2702035443347,452.9Hz_+50.0c,3,1499.955310940625,1499.9554144156452,452.8929010468735,543.2702019331758,599.9999821571257,599.999985376828,1586.2621864326727,1586.2622965724481,1,0.00011942987281098317,314.9999908639439,-314.9998805701272,-9.136056121406e-06,1758.2133483144787,-5.1342647356143985e-06
encodec_untrained,random-init-no-quant,24000,20260826,315.0,452.8929,543.2702035443347,452.9Hz_+50.0c,4,1499.955125940826,1499.9552395634353,452.89290104609444,543.2702019214006,599.9999915731479,599.9999971191666,1586.2619457387666,1586.262060878477,1,0.0001311421383339489,314.99999082939786,-314.99986885786166,-9.170602140784467e-06,1758.2131465017353,-5.171788648695295e-06
encodec_untrained,random-init-no-quant,24000,20260826,320.0,440.0,529.3310158761313,440Hz_ongrid,0,1499.9551438789977,1499.9549883737413,439.9999989097583,529.3310138319645,599.999993332161,600.0000054123085,1586.2619613673955,1586.2617470287514,1,-0.00017948270617400123,319.9999976040223,-320.0001794827062,-2.3959776740412053e-06,1803.212535010838,-6.685667731095805e-06
encodec_untrained,random-init-no-quant,24000,20260826,320.0,440.0,529.3310158761313,440Hz_ongrid,1,1499.9552682223978,1499.9551603751706,439.9999989185205,529.3310138361708,600.0000043874346,599.9999998229672,1586.2620729845898,1586.2619616786146,1,-0.00012447624436639202,319.99999758330347,-320.00012447624437,-2.4166965317817812e-06,1803.2127335332714,-6.671910615922099e-06
encodec_untrained,random-init-no-quant,24000,20260826,320.0,440.0,529.3310158761313,440Hz_ongrid,2,1499.9551724311887,1499.9550932755649,439.99999891748536,529.3310138333205,599.9999988448454,599.9999848518576,1586.2619784158192,1586.2619274303747,1,-9.136067352535768e-05,319.99999757805415,-320.00009136067354,-2.4219458509833203e-06,1803.2126560875395,-6.681232587084151e-06
encodec_untrained,random-init-no-quant,24000,20260826,320.0,440.0,529.3310158761313,440Hz_ongrid,3,1499.9552182886343,1499.9552244464978,439.9999989070322,529.3310138321402,599.9999944869302,599.999989491836,1586.2620439183331,1586.262065438476,1,7.107347548000517e-06,319.9999976153234,-319.9999928926525,-2.3846765770940692e-06,1803.2128074837892,-6.68509284417321e-06
encodec_untrained,random-init-no-quant,24000,20260826,320.0,440.0,529.3310158761313,440Hz_ongrid,4,1499.9551115709035,1499.9551360873713,439.99999891971083,529.3310138352958,599.9999994826437,600.0000055753901,1586.2619063311563,1586.2619170478822,1,2.8296675903165564e-05,319.99999757575824,-319.9999717033241,-2.4242417566711083e-06,1803.2127055005228,-6.674772172760457e-06
encodec_untrained,random-init-no-quant,24000,20260826,320.0,452.8929,544.8414973638345,452.9Hz_+50.0c,0,1499.9550263176045,1499.955024758027,452.89290104538316,544.8414966182066,599.9999953017294,599.9999963757573,1586.2618199961685,1586.2618150971293,1,-1.8000495607151551e-06,319.9999936346728,-320.0000018000496,-6.365327180901659e-06,1753.2128985753616,-2.3692327808851118e-06
encodec_untrained,random-init-no-quant,24000,20260826,320.0,452.8929,544.8414973638345,452.9Hz_+50.0c,1,1499.9552199444822,1499.9552758631667,452.8929010538587,544.8414966158355,599.9999781347186,600.000011916899,1586.2620930120074,1586.2620600780508,1,6.454081273358569e-05,319.99999359473964,-319.99993545918727,-6.405260364772403e-06,1753.213188398539,-2.3767672400324117e-06
encodec_untrained,random-init-no-quant,24000,20260826,320.0,452.8929,544.8414973638345,452.9Hz_+50.0c,2,1499.955000290142,1499.9551733460448,452.89290104756094,544.8414966176193,600.0000080851664,600.0000088209437,1586.2617530703121,1586.2619506868027,1,0.0001997394950549026,319.9999936244818,-319.99980026050497,-6.375518182721862e-06,1753.2130700742523,-2.371098904963199e-06
encodec_untrained,random-init-no-quant,24000,20260826,320.0,452.8929,544.8414973638345,452.9Hz_+50.0c,3,1499.955224182698,1499.95529119289,452.892901052416,544.8414966152608,599.9999977707868,599.999999747308,1586.2620412459983,1586.2621128854876,1,7.734252446729569e-05,319.9999935984284,-319.9999226574755,-6.401571624792268e-06,1753.2132060919594,-2.378593193142094e-06
encodec_untrained,random-init-no-quant,24000,20260826,320.0,452.8929,544.8414973638345,452.9Hz_+50.0c,4,1499.9552409724997,1499.9551776275891,452.8929010453196,544.8414966165581,599.9999951477305,600.000013097362,1586.2620681931683,1586.261943289386,1,-7.311209384571839e-05,319.9999936296772,-320.00007311209384,-6.370322807924822e-06,1753.2130750159704,-2.3744711520483866e-06
encodec_untrained,random-init-no-quant,24000,20260826,325.0,440.0,530.8619935522296,440Hz_ongrid,0,1499.9551634990712,1499.9550222516073,439.9999989132213,530.861995246089,599.9999975239948,599.9999922131968,1586.2619719176232,1586.2618242148537,1,-0.00016302649341229597,325.0000098000369,-325.0001630264934,9.800036878004903e-06,1798.2125741123548,5.523972509095997e-06
encodec_untrained,random-init-no-quant,24000,20260826,325.0,440.0,530.8619935522296,440Hz_ongrid,1,1499.9553477862,1499.9551702026058,439.99999890885715,530.8619952365996,599.9999955863273,600.0000089426185,1586.2621902109963,1586.2619467075958,1,-0.0002049652902135087,325.0000097862613,-325.0002049652902,9.786261273347918e-06,1798.212744876004,5.4930258715228905e-06
encodec_untrained,random-init-no-quant,24000,20260826,325.0,440.0,530.8619935522296,440Hz_ongrid,2,1499.9552048719804,1499.955007483729,439.9999989152484,530.8619952321566,599.9999839011006,599.9999859432993,1586.262058977207,1586.2618252610073,1,-0.00022782365964345958,325.0000097466248,-325.00022782365966,9.746624812123628e-06,1798.2125570674077,5.478536645354988e-06
encodec_untrained,random-init-no-quant,24000,20260826,325.0,440.0,530.8619935522296,440Hz_ongrid,3,1499.9553974291143,1499.9551702555996,439.9999989079595,530.8619952400265,599.9999833740578,599.9999883319591,1586.2622827455318,1586.262006238553,1,-0.00026220149890764533,325.0000098009695,-325.0002622014989,9.800969507978152e-06,1798.2127449371687,5.504201857736844e-06
encodec_untrained,random-init-no-quant,24000,20260826,325.0,440.0,530.8619935522296,440Hz_ongrid,4,1499.9552623510747,1499.9550731765655,439.9999989074544,530.8619952443203,599.9999878382621,600.0000002541789,1586.2621139587834,1586.2618597905932,1,-0.00021834342694260927,325.0000098169592,-325.0002183434269,9.816959220643184e-06,1798.2126328894637,5.518204419351624e-06
encodec_untrained,random-init-no-quant,24000,20260826,325.0,452.8929,546.4173358173877,452.9Hz_+50.0c,0,1499.9552737875872,1499.9552555510065,452.8929010379552,546.4173379918622,600.0000021679657,599.999998641791,1586.2620858119117,1586.2620749378143,1,-2.104848736266383e-05,325.00000292176657,-325.0000210484874,2.9217665655778546e-06,1748.2131649544378,6.889467135909615e-06
encodec_untrained,random-init-no-quant,24000,20260826,325.0,452.8929,546.4173358173877,452.9Hz_+50.0c,1,1499.9550062978064,1499.9551987357613,452.89290104888414,546.4173379879421,599.9999841730126,600.0000051780937,1586.2618290001942,1586.2619905024158,1,0.0002221100745579402,325.00000286756944,-324.99977788992544,2.8675694352386927e-06,1748.2130993788226,6.877047195129585e-06
encodec_untrained,random-init-no-quant,24000,20260826,325.0,452.8929,546.4173358173877,452.9Hz_+50.0c,2,1499.9550227367274,1499.9550679457388,452.8929010463569,546.4173379896525,600.0000141391052,600.000008499023,1586.2617615099766,1586.2618299636304,1,5.2179817162456126e-05,325.0000028826495,-324.99994782018285,2.8826494826716953e-06,1748.212948422214,6.882466239518963e-06
encodec_untrained,random-init-no-quant,24000,20260826,325.0,452.8929,546.4173358173877,452.9Hz_+50.0c,3,1499.9550401411534,1499.9553024279849,452.8929010451153,546.4173379864706,599.9999973804242,600.0000172445269,1586.2618299533335,1586.2620753666254,1,0.0003027289761504247,325.000002877314,-324.9996972710239,2.8773139888471633e-06,1748.2132190593984,6.8723846719403265e-06
encodec_untrained,random-init-no-quant,24000,20260826,325.0,452.8929,546.4173358173877,452.9Hz_+50.0c,4,1499.9552031380751,1499.9551457727155,452.8929010421087,546.4173379892428,599.9999987993173,600.0000188425649,1586.2620139887829,1586.2618899456413,1,-6.621055456189106e-05,325.00000289759066,-325.00006621055456,2.897590661632421e-06,1748.2130382493767,6.881168082967718e-06
encodec_untrained,random-init-no-quant,24000,20260826,330.0,440.0,532.3973992564887,440Hz_ongrid,0,1499.9553672883678,1499.9553294528735,439.9999989214599,532.3973982150516,599.999996027713,600.0000135700184,1586.2622114466408,1586.262117160883,1,-4.366936397773993e-05,330.0000008571341,-330.000043669364,8.571341254537401e-07,1793.2129286811448,-3.386514312635291e-06
encodec_untrained,random-init-no-quant,24000,20260826,330.0,440.0,532.3973992564887,440Hz_ongrid,1,1499.9551764577272,1499.9551543705068,439.9999989104641,532.3973982125823,600.0000240952003,600.0000108551859,1586.2619102060899,1586.261922915834,1,-2.5492860744966987e-05,330.00000089236886,-330.00002549286074,8.923688596951251e-07,1793.2127266027453,-3.394543893388419e-06
encodec_untrained,random-init-no-quant,24000,20260826,330.0,440.0,532.3973992564887,440Hz_ongrid,2,1499.9552067329869,1499.954951181144,439.9999989151529,532.3973982003265,599.9999970195918,599.999999656446,1586.262023273198,1586.261720709311,1,-0.00029495553423972034,330.0000008340671,-330.00029495553423,8.340671229234431e-07,1793.2124920834892,-3.434396953778621e-06
encodec_untrained,random-init-no-quant,24000,20260826,330.0,440.0,532.3973992564887,440Hz_ongrid,3,1499.955147898348,1499.9550287118075,439.99999891417366,532.3973981966204,600.0000086597347,599.9999925219474,1586.2619217804627,1586.2618307802904,1,-0.00013756398375133183,330.00000082586894,-330.00013756398374,8.258689376816619e-07,1793.2125815686572,-3.4464482443099216e-06
encodec_untrained,random-init-no-quant,24000,20260826,330.0,440.0,532.3973992564887,440Hz_ongrid,4,1499.9552790865944,1499.95503614636,439.99999891243135,532.397398214859,600.000000211803,600.0000035483998,1586.2620975722675,1586.2618075455648,1,-0.0002803993194602465,330.00000089203184,-330.0002803993195,8.920318350646994e-07,1793.2125901495483,-3.3871407106550726e-06
encodec_untrained,random-init-no-quant,24000,20260826,330.0,452.8929,547.9977320493841,452.9Hz_+50.0c,0,1499.9551685780798,1499.955242586508,452.89290104068806,547.9977301984995,600.0000000981358,600.0000085054352,1586.2619703523658,1586.2620315138527,1,8.541982447571191e-05,329.9999901745395,-329.9999145801755,-9.825460494994331e-06,1743.2131499909372,-5.847313265030045e-06
encodec_untrained,random-init-no-quant,24000,20260826,330.0,452.8929,547.9977320493841,452.9Hz_+50.0c,1,1499.9551823030913,1499.9551790210444,452.89290104729054,547.9977301893613,600.0000083544301,599.9999896655797,1586.2619623710145,1586.2620125075307,1,-3.7881075204581495e-06,329.9999901204313,-330.0000037881075,-9.879568722226395e-06,1743.2130766242835,-5.876182929191355e-06
encodec_untrained,random-init-no-quant,24000,20260826,330.0,452.8929,547.9977320493841,452.9Hz_+50.0c,2,1499.9551411789566,1499.9550954582237,452.8929010499397,547.9977301876011,599.9999861348236,600.0000033059301,1586.26197901816,1586.2618767023805,1,-5.277043866203359e-05,329.9999901047434,-330.0000527704387,-9.895256596337276e-06,1743.2129801768651,-5.881743821346742e-06
encodec_untrained,random-init-no-quant,24000,20260826,330.0,452.8929,547.9977320493841,452.9Hz_+50.0c,3,1499.9552064865877,1499.955285930587,452.8929010409127,547.9977301920766,599.99998755796,600.0000160673103,1586.2620502893053,1586.2620597222158,1,9.169350687855283e-05,329.99999015338915,-329.9999083064931,-9.84661085112748e-06,1743.2132000182596,-5.867604793670345e-06
encodec_untrained,random-init-no-quant,24000,20260826,330.0,452.8929,547.9977320493841,452.9Hz_+50.0c,4,1499.9552271191537,1499.955043669582,452.892901036462,547.9977302007683,599.9999806310548,599.9999987407099,1586.262094090041,1586.261830100858,1,-0.00021173576292820632,329.9999901978616,-330.00021173576295,-9.802138379200187e-06,1743.2129204029013,-5.840145918546217e-06
encodec_untrained,random-init-no-quant,24000,20260826,335.0,440.0,533.9372457960409,440Hz_ongrid,0,1499.955260608171,1499.9551549562882,439.999998917626,533.9372465580966,599.9999969671985,600.0000077828543,1586.2620856065978,1586.2619324568127,1,-0.0001219423994277193,335.0000067296173,-335.0001219423994,6.729617325618165e-06,1788.2127272788484,2.4708835869770723e-06
encodec_untrained,random-init-no-quant,24000,20260826,335.0,440.0,533.9372457960409,440Hz_ongrid,1,1499.955254028967,1499.9552284863214,439.99999891999016,533.9372465607827,600.0000046352187,600.0000041689439,1586.2620558877136,1586.2620277520205,1,-2.948107817752354e-05,335.00000672902434,-335.0000294810782,6.729024335072609e-06,1788.2128121465148,2.479592806669072e-06
encodec_untrained,random-init-no-quant,24000,20260826,335.0,440.0,533.9372457960409,440Hz_ongrid,2,1499.955214861453,1499.9551490900371,439.9999989073909,533.937246559937,600.000009908545,600.0000010453127,1586.2619954653387,1586.2619451264763,1,-7.591274449394903e-05,335.00000677585564,-335.0000759127445,6.775855638352368e-06,1788.212720508077,2.4768508017227915e-06
encodec_untrained,random-init-no-quant,24000,20260826,335.0,440.0,533.9372457960409,440Hz_ongrid,3,1499.9553395592486,1499.955128219732,439.99999892179034,533.9372465603486,599.9999963241291,600.0000042414174,1586.2621785866818,1586.2619118161588,1,-0.00024392605784542257,335.00000672053403,-335.00024392605786,6.720534031501302e-06,1788.212696419768,2.478185477339431e-06
encodec_untrained,random-init-no-quant,24000,20260826,335.0,440.0,533.9372457960409,440Hz_ongrid,4,1499.955270838743,1499.9552354797295,439.99999891924244,533.9372465629566,600.0000122429944,600.0000173704852,1586.2620533379963,1586.2619977321492,1,-4.081103613458794e-05,335.00000673901496,-335.0000408110361,6.739014963841328e-06,1788.21282021824,2.486641754475016e-06
encodec_untrained,random-init-no-quant,24000,20260826,335.0,452.8929,549.5826992422312,452.9Hz_+50.0c,0,1499.9551067161565,1499.9549860032955,452.8929010481606,549.5826998711156,599.9999830915383,600.0000009527085,1586.261948022587,1586.2617571604903,1,-0.00013932565210988257,334.9999979743293,-335.0001393256521,-2.0256707102817018e-06,1738.2128538450131,1.9810411059184883e-06
encodec_untrained,random-init-no-quant,24000,20260826,335.0,452.8929,549.5826992422312,452.9Hz_+50.0c,1,1499.9552248216785,1499.9553709516217,452.8929010376819,549.5826998639118,599.9999799095476,599.9999842710384,1586.262093520147,1586.2622495973258,1,0.00016866178185917012,334.9999979916927,-334.99983133821814,-2.0083073195564793e-06,1738.213298148722,1.958348545139522e-06
encodec_untrained,random-init-no-quant,24000,20260826,335.0,452.8929,549.5826992422312,452.9Hz_+50.0c,2,1499.9552293333506,1499.955244622164,452.89290105368326,549.5826998635688,599.9999944136198,599.9999847970058,1586.2620568775687,1586.2621022714548,1,1.764620255898093e-05,334.99999792944527,-334.99998235379746,-2.0705547285615467e-06,1738.213152340472,1.9572683497236572e-06
encodec_untrained,random-init-no-quant,24000,20260826,335.0,452.8929,549.5826992422312,452.9Hz_+50.0c,3,1499.9551673256815,1499.9551506093771,452.8929010371959,549.5826998641156,600.0000042911815,599.9999885274216,1586.2619568082869,1586.2619829990836,1,-1.9293800223789996e-05,334.9999979941927,-335.0000192938002,-2.005807289151562e-06,1738.2130438318063,1.9589908962213405e-06
encodec_untrained,random-init-no-quant,24000,20260826,335.0,452.8929,549.5826992422312,452.9Hz_+50.0c,4,1499.955024964505,1499.9551028691358,452.89290104156765,549.5826998707861,600.0000037698024,600.0000065081227,1586.2617940007394,1586.2618760164107,1,8.991679347708494e-05,334.99999799849365,-334.99991008320654,-2.001506345550297e-06,1738.21298873047,1.9800031957324395e-06
encodec_untrained,random-init-no-quant,24000,20260826,340.0,440.0,535.4815460150601,440Hz_ongrid,0,1499.9552487091307,1499.9551736741603,439.9999989133026,535.4815467060027,599.9999886150574,599.9999999236106,1586.262095972024,1586.2619767377867,1,-8.660464974171039e-05,340.00000650959106,-340.00008660464977,6.509591059966624e-06,1783.212748882839,2.233846427560549e-06
encodec_untrained,random-init-no-quant,24000,20260826,340.0,440.0,535.4815460150601,440Hz_ongrid,1,1499.955165604835,1499.9552632450989,439.999998915158,535.4815467156571,600.0000136435584,599.9999995381471,1586.2619278368472,1586.2620812319249,1,0.00011269546451305936,340.0000065335037,-339.9998873045355,6.533503722039313e-06,1783.2128522647645,2.2650594621396243e-06
encodec_untrained,random-init-no-quant,24000,20260826,340.0,440.0,535.4815460150601,440Hz_ongrid,2,1499.955092637164,1499.9551251395392,439.9999989084617,535.4815467047048,599.9999942989328,600.0000032870744,1586.2618994350405,1586.2619110146811,1,3.7513935170575104e-05,340.00000652444186,-339.9999624860648,6.524441857891361e-06,1783.2126928646383,2.229649810708901e-06
encodec_untrained,random-init-no-quant,24000,20260826,340.0,440.0,535.4815460150601,440Hz_ongrid,3,1499.955144219038,1499.955338191527,439.9999989114893,535.4815467090609,599.9999926856465,600.0000093498955,1586.2619636253135,1586.2621394236535,1,0.00022388119887031217,340.00000652661276,-339.99977611880115,6.526612764901074e-06,1783.2129387672146,2.2437334831091375e-06
encodec_untrained,random-init-no-quant,24000,20260826,340.0,440.0,535.4815460150601,440Hz_ongrid,4,1499.955299812253,1499.9550539522866,439.99999891122184,535.4815467082445,599.9999907965637,599.999989153969,1586.2621486602632,1586.2618696305467,1,-0.00028376924313211043,340.0000065250259,-340.00028376924314,6.525025924020156e-06,1783.2126107009813,2.2410941159475334e-06
encodec_untrained,random-init-no-quant,24000,20260826,340.0,452.8929,551.1722506164637,452.9Hz_+50.0c,0,1499.9550637983166,1499.9550960913957,452.8929010480522,551.1722525588685,600.0000090626511,600.0000111733646,1586.2618235504283,1586.2618547325649,1,3.727236811470363e-05,340.00000209480373,-339.9999627276319,2.0948037331436353e-06,1733.212980907666,6.10110092912619e-06
encodec_untrained,random-init-no-quant,24000,20260826,340.0,452.8929,551.1722506164637,452.9Hz_+50.0c,1,1499.95519108409,1499.9552841347515,452.89290104202684,551.1722525606058,599.9999900230649,600.0000082140584,1586.2620253990992,1586.2620803091745,1,0.00010739818729321436,340.0000021232931,-339.9998926018127,2.1232930862424837e-06,1733.2131979455232,6.106557645813549e-06
encodec_untrained,random-init-no-quant,24000,20260826,340.0,452.8929,551.1722506164637,452.9Hz_+50.0c,2,1499.9550920794547,1499.9552803194672,452.89290104184215,551.1722525608285,599.9999979259721,600.0000114681102,1586.2618883259145,1586.262066516401,1,0.00021726483710241654,340.00000212469837,-339.9997827351629,2.1246983692435606e-06,1733.2131935419584,6.1072568897483356e-06
encodec_untrained,random-init-no-quant,24000,20260826,340.0,452.8929,551.1722506164637,452.9Hz_+50.0c,3,1499.9551370555548,1499.95522796003,452.892901036475,551.1722525599996,599.9999870788569,600.0000119608452,1586.2619715350643,1586.2620046619054,1,0.00010492108331464837,340.0000021426115,-339.99989507891667,2.142611492672586e-06,1733.2131331091953,6.104653657243457e-06
encodec_untrained,random-init-no-quant,24000,20260826,340.0,452.8929,551.1722506164637,452.9Hz_+50.0c,4,1499.9550574716588,1499.9551938452676,452.89290103933234,551.1722525561794,599.9999997467698,599.999995401887,1586.2618431282103,1586.2620130660243,1,0.00015740113202970376,340.0000021196896,-339.999842598868,2.1196896113906405e-06,1733.213093734261,6.092654262287738e-06
encodec_untrained,random-init-no-quant,24000,20260826,345.0,440.0,537.0303127948694,440Hz_ongrid,0,1499.9551338140977,1499.9552190986556,439.9999989070528,537.0303106025141,600.000002449281,600.0000024830771,1586.2619234441354,1586.2620217812491,1,9.843462823023582e-05,344.99999723280104,-344.9999015653718,-2.767198964193085e-06,1778.2128013113602,-7.06753430326136e-06
encodec_untrained,random-init-no-quant,24000,20260826,345.0,440.0,537.0303127948694,440Hz_ongrid,1,1499.95521217965,1499.955263706747,439.9999989178837,537.0303106007167,599.9999991812299,600.0000050405026,1586.262023322516,1586.262065888313,1,5.947208471943373e-05,344.999997184391,-344.99994052791527,-2.815608979744866e-06,1778.2128527975942,-7.0733285330080635e-06
encodec_untrained,random-init-no-quant,24000,20260826,345.0,440.0,537.0303127948694,440Hz_ongrid,2,1499.9552592006942,1499.9551504267174,439.9999989073607,537.0303106100473,600.0000029125987,599.9999928325525,1586.2620668273025,1586.2619703662772,1,-0.00012554589065689702,344.9999972558747,-345.0001255458907,-2.7441253109827812e-06,1778.2127220508605,-7.043249319042559e-06
encodec_untrained,random-init-no-quant,24000,20260826,345.0,440.0,537.0303127948694,440Hz_ongrid,3,1499.9551609040836,1499.9552345928773,439.9999989173085,537.0303105986558,600.0000029725262,599.9999891612418,1586.2619532013748,1586.2620781032238,1,8.505090623722339e-05,344.9999971800106,-344.99991494909375,-2.8199893904456985e-06,1778.2128191946438,-7.0799723114670735e-06
encodec_untrained,random-init-no-quant,24000,20260826,345.0,440.0,537.0303127948694,440Hz_ongrid,4,1499.95518058188,1499.955134717247,439.9999989171971,537.030310604618,600.0000042770353,600.0000001560711,1586.2619721492833,1586.2619311033468,1,-5.29365256318824e-05,344.9999971996692,-345.0000529365256,-2.8003307761537144e-06,1778.212703919138,-7.0607519445712775e-06
encodec_untrained,random-init-no-quant,24000,20260826,345.0,452.8929,552.7663994308533,452.9Hz_+50.0c,0,1499.9550037599554,1499.9552455953196,452.8929010455363,552.76639728961,599.9999939307878,600.0000063299572,1586.261797916042,1586.2620412636968,1,0.0002791240951045268,344.99998929706345,-344.99972087590487,-1.0702936549478181e-05,1728.213153463679,-6.706256601795167e-06
encodec_untrained,random-init-no-quant,24000,20260826,345.0,452.8929,552.7663994308533,452.9Hz_+50.0c,1,1499.9554769049344,1499.9551903869183,452.8929010475311,552.7663972899711,600.0000012297943,600.0000075302314,1586.2623229549883,1586.2619740794257,1,-0.00033069634414704003,344.99998929056875,-345.0003306963441,-1.0709431251143542e-05,1728.213089742667,-6.705125664097879e-06
encodec_untrained,random-init-no-quant,24000,20260826,345.0,452.8929,552.7663994308533,452.9Hz_+50.0c,2,1499.9549183119161,1499.9552111371925,452.8929010378741,552.766397290983,600.0000125319394,599.9999906938871,1586.2616456211324,1586.2620466086162,1,0.0003379761839320417,344.9999893306532,-344.9996620238161,-1.066934680693521e-05,1728.2131136924368,-6.701956386108323e-06
encodec_untrained,random-init-no-quant,24000,20260826,345.0,452.8929,552.7663994308533,452.9Hz_+50.0c,3,1499.9553492331102,1499.9553174949,452.89290104039736,552.7663972851676,599.9999984511804,600.000003422456,1586.2621836147869,1586.2621326387805,1,-3.663193737816905e-05,344.99998930279406,-345.0000366319374,-1.0697205937049148e-05,1728.2132364494876,-6.720169980114607e-06
encodec_untrained,random-init-no-quant,24000,20260826,345.0,452.8929,552.7663994308533,452.9Hz_+50.0c,4,1499.955184071775,1499.9552537356246,452.8929010426156,552.7663972875173,599.9999935891126,600.0000242335851,1586.2620070161133,1586.26199900021,1,8.040535269859174e-05,344.9999893016735,-344.9999195946473,-1.0698326491365151e-05,1728.2131628591414,-6.712810812447373e-06
encodec_untrained,random-init-no-quant,24000,20260826,350.0,440.0,538.5835590540484,440Hz_ongrid,0,1499.9551689941761,1499.9550658368473,439.99999891526875,538.5835600313981,599.9999823817167,599.9999983815342,1586.262021951401,1586.26185672247,1,-0.00011906321599412799,350.0000074096214,-350.000119063216,7.409621389342647e-06,1773.2126244180297,3.1416130550097546e-06
encodec_untrained,random-init-no-quant,24000,20260826,350.0,440.0,538.5835590540484,440Hz_ongrid,1,1499.9550629348287,1499.955139228787,439.99999891359096,538.5835600358727,599.9999909168909,599.9999953586653,1586.2618749113951,1586.261950152911,1,8.805776803396684e-05,350.00000743060633,-349.99991194223196,7.43060633112691e-06,1773.2127091263153,3.1559961837116027e-06
encodec_untrained,random-init-no-quant,24000,20260826,350.0,440.0,538.5835590540484,440Hz_ongrid,2,1499.955384049311,1499.9551196056798,439.99999891066716,538.5835600314593,599.9999857977544,600.0000014623039,1586.2622603093812,1586.2619098927278,1,-0.0003052183177586724,350.0000074279241,-350.00030521831775,7.427924117564544e-06,1773.21268647751,3.1418098735337915e-06
encodec_untrained,random-init-no-quant,24000,20260826,350.0,440.0,538.5835590540484,440Hz_ongrid,3,1499.9552500758714,1499.9551505490133,439.9999989156393,538.5835600350389,600.0000052324887,600.0000039035338,1586.2620496017319,1586.2619385633307,1,-0.00011487295451621403,350.00000741986656,-350.0001148729545,7.419866562941024e-06,1773.2127221920134,3.1533160689663348e-06
encodec_untrained,random-init-no-quant,24000,20260826,350.0,440.0,538.5835590540484,440Hz_ongrid,4,1499.955212690622,1499.9551531664815,439.99999891291776,538.5835600326815,599.9999924250815,600.0000022249068,1586.2620434063983,1586.261946427881,1,-6.870219837351726e-05,350.0000074229973,-350.00006870219835,7.422997327921621e-06,1773.2127252130706,3.145738555790936e-06
encodec_untrained,random-init-no-quant,24000,20260826,350.0,452.8929,554.3651589825209,452.9Hz_+50.0c,0,1499.9552342658458,1499.9552543373845,452.892901037194,554.3651580814002,600.0000018917743,600.0000078248673,1586.262040993215,1586.2620470403058,1,2.3166378951415706e-05,349.9999932210877,-349.9999768336211,-6.7789122795147705e-06,1723.213163553687,-2.814121450974427e-06
encodec_untrained,random-init-no-quant,24000,20260826,350.0,452.8929,554.3651589825209,452.9Hz_+50.0c,1,1499.9550301297047,1499.9552906943545,452.8929010475915,554.3651580694549,599.9999996870894,599.9999946700678,1586.2618117425848,1586.2621269599013,1,0.00030074125240143893,349.99999314403794,-349.9996992587476,-6.855962055851705e-06,1723.2132055165544,-2.8514256730150422e-06
encodec_untrained,random-init-no-quant,24000,20260826,350.0,452.8929,554.3651589825209,452.9Hz_+50.0c,2,1499.9552919428565,1499.9552430850047,452.8929010387165,554.3651580860459,599.9999796158597,600.0000049159124,1586.262171838174,1586.2620424463857,1,-5.639126611541927e-05,349.9999932297762,-350.0000563912661,-6.770223819785315e-06,1723.2131505662971,-2.7996133885892475e-06
encodec_untrained,random-init-no-quant,24000,20260826,350.0,452.8929,554.3651589825209,452.9Hz_+50.0c,3,1499.955166031089,1499.9551566399682,452.8929010373173,554.3651580792585,600.0000020792053,600.0000198877528,1586.2619616964948,1586.2618994727468,1,-1.083914271900974e-05,349.9999932139284,-350.0000108391427,-6.7860715944334515e-06,1723.213050792257,-2.8208096289085063e-06
encodec_untrained,random-init-no-quant,24000,20260826,350.0,452.8929,554.3651589825209,452.9Hz_+50.0c,4,1499.9550726394134,1499.9553047459576,452.89290103971024,554.3651580867838,599.9999962948609,600.0000062151947,1586.261870594794,1586.2621098659324,1,0.00026789517144336643,349.9999932282819,-349.9997321048286,-6.771718119580328e-06,1723.2132217347803,-2.797308843558678e-06
encodec_untrained,random-init-no-quant,24000,20260826,355.0,440.0,540.1412977485409,440Hz_ongrid,0,1499.9551124040531,1499.9551614905984,439.99999891938995,540.1412957304767,599.999997888957,600.0000065495391,1586.2619118911778,1586.261943557247,1,5.6655226934232655e-05,354.99999778359415,-354.99994334477304,-2.2164058464113623e-06,1768.2127348206877,-6.468199021672244e-06
encodec_untrained,random-init-no-quant,24000,20260826,355.0,440.0,540.1412977485409,440Hz_ongrid,1,1499.955310170899,1499.955035564533,439.9999989164338,540.1412957313772,599.9999983034952,600.0000115511266,1586.2621389556873,1586.2617837830376,1,-0.00031694806579772133,354.99999779811174,-355.0003169480658,-2.2018882646079874e-06,1768.212589478009,-6.465312670312995e-06
encodec_untrained,random-init-no-quant,24000,20260826,355.0,440.0,540.1412977485409,440Hz_ongrid,2,1499.9554594889375,1499.9551245918217,439.9999989137307,540.1412957326362,599.9999984782996,600.0000096922383,1586.262310792749,1586.2618919011145,1,-0.00038653504732952894,354.99999781278274,-355.0003865350473,-2.187217262417107e-06,1768.2126922324683,-6.461277506136664e-06
encodec_untrained,random-init-no-quant,24000,20260826,355.0,440.0,540.1412977485409,440Hz_ongrid,3,1499.9552483379737,1499.9551428408236,439.99999891103886,540.1412957328427,600.0000024559993,600.0000017598701,1586.2620556071215,1586.2619358519166,1,-0.00012176380928452097,354.99999782403546,-355.00012176380926,-2.1759645392194216e-06,1768.212713295294,-6.460615742287037e-06
encodec_untrained,random-init-no-quant,24000,20260826,355.0,440.0,540.1412977485409,440Hz_ongrid,4,1499.9553090796092,1499.9552859705104,439.99999891714515,540.1412957295819,599.9999948261374,599.9999838529592,1586.2621477296648,1586.2621527192641,1,-2.6672300575309425e-05,354.9999977895582,-355.0000266723006,-2.2104417780610675e-06,1768.2128784942174,-6.471067113500358e-06
encodec_untrained,random-init-no-quant,24000,20260826,355.0,452.8929,555.9685426070457,452.9Hz_+50.0c,0,1499.9550126208646,1499.9552928756914,452.8929010505329,555.9685436988325,600.0000026813761,599.9999910129673,1586.2617828943598,1586.2621400297412,1,0.0003234674700741901,354.99999938394166,-354.9996765325299,-6.160583438941103e-07,1718.2132080342326,3.39972171311753e-06
encodec_untrained,random-init-no-quant,24000,20260826,355.0,452.8929,555.9685426070457,452.9Hz_+50.0c,1,1499.9552477479556,1499.9551350842737,452.89290105081375,555.9685437055865,599.9999750199736,600.0000048827256,1586.2621340897665,1586.2619178887235,1,-0.0001300353524748216,354.99999940389944,-355.00013003535247,-5.961005626886617e-07,1718.2130259128787,3.4207532331701283e-06
encodec_untrained,random-init-no-quant,24000,20260826,355.0,452.8929,555.9685426070457,452.9Hz_+50.0c,2,1499.9550959347594,1499.9551653871981,452.89290104693083,555.9685437002494,600.0000240564044,600.0000106116329,1586.2618173791823,1586.2619363339404,1,8.016134886634501e-05,354.99999940212297,-354.9999198386511,-5.978770332148997e-07,1718.2130608882271,3.404133984638155e-06
encodec_untrained,random-init-no-quant,24000,20260826,355.0,452.8929,555.9685426070457,452.9Hz_+50.0c,3,1499.9551154848218,1499.9549796098102,452.8929010471425,555.9685437006383,599.9999934930593,599.9999939853715,1586.2619281308514,1586.2617698846748,1,-0.00015682566429926515,354.99999940252474,-355.0001568256643,-5.974752639303915e-07,1718.212846465712,3.4053448798542155e-06
encodec_untrained,random-init-no-quant,24000,20260826,355.0,452.8929,555.9685426070457,452.9Hz_+50.0c,4,1499.9550547243016,1499.955217228838,452.8929010371614,555.9685436999011,599.9999808570661,600.0000153082866,1586.261894461401,1586.2619826173914,1,0.00018756120068427604,354.99999943838327,-354.9998124387993,-5.61616730010428e-07,1718.213120723356,3.403049560700215e-06
encodec_untrained,random-init-no-quant,24000,20260826,360.0,440.0,541.7035418717632,440Hz_ongrid,0,1499.95513962571,1499.955044296793,439.99999891943116,541.703542809212,600.0000004845691,599.9999868383942,1586.2619358208035,1586.2618651676032,1,-0.00011002773881139109,360.0000072476298,-360.0001100277388,7.24762981008098e-06,1763.2125995567012,2.9959992533440016e-06
encodec_untrained,random-init-no-quant,24000,20260826,360.0,440.0,541.7035418717632,440Hz_ongrid,1,1499.955243456882,1499.9551813004123,439.9999989088855,541.7035428069181,599.9999953933742,600.000000945016,1586.2620703518405,1586.2619825927814,1,-7.174040667691869e-05,360.00000728179214,-360.00007174040667,7.281792136382137e-06,1763.2127576849869,2.9886681477341625e-06
encodec_untrained,random-init-no-quant,24000,20260826,360.0,440.0,541.7035418717632,440Hz_ongrid,2,1499.955059683856,1499.9550227137083,439.9999989062418,541.7035428165452,599.9999874911539,599.9999966081684,1586.2618810437405,1586.2618120669988,1,-4.267059797169354e-05,360.0000073229615,-360.00004267059796,7.322961494082847e-06,1763.2125746457073,3.019435649742255e-06
encodec_untrained,random-init-no-quant,24000,20260826,360.0,440.0,541.7035418717632,440Hz_ongrid,3,1499.9552225740272,1499.9552804589764,439.9999989229992,541.7035428151395,600.0000050515623,600.0000135594859,1586.262018381408,1586.2620606429866,1,6.68102563206273e-05,360.0000072525348,-359.9999331897437,7.25253477185106e-06,1763.212872132858,3.0149430362840745e-06
encodec_untrained,random-init-no-quant,24000,20260826,360.0,440.0,541.7035418717632,440Hz_ongrid,4,1499.9551958003458,1499.9552565174622,439.9999989150229,541.7035428183451,600.000008773391,599.9999925385073,1586.2619767405522,1586.2620936636424,1,7.007911819144111e-05,360.00000729416337,-359.9999299208818,7.294163367532747e-06,1763.2128444997907,3.025187594225403e-06
encodec_untrained,random-init-no-quant,24000,20260826,360.0,452.8929,557.5765636785778,452.9Hz_+50.0c,0,1499.9552008819178,1499.9553632282846,452.89290104855985,557.5765656647931,599.9999763105158,600.0000124658468,1586.2620762737138,1586.2621593301037,1,0.0001873786246138882,360.0000021588136,-359.9998126213754,2.158813572350482e-06,1713.2132892345205,6.1670516642453945e-06
encodec_untrained,random-init-no-quant,24000,20260826,360.0,452.8929,557.5765636785778,452.9Hz_+50.0c,1,1499.9551497534892,1499.9550379210027,452.89290104945997,557.576565664417,600.0000078352078,599.9999942455977,1586.261926300731,1586.261836436054,1,-0.00012907600317550995,360.0000021542052,-360.0001290760032,2.1542052195400174e-06,1713.212913767945,6.1658838230833235e-06
encodec_untrained,random-init-no-quant,24000,20260826,360.0,452.8929,557.5765636785778,452.9Hz_+50.0c,2,1499.955077762746,1499.9551627735757,452.89290103962327,557.5765656653408,599.9999761392754,600.0000011728846,1586.2619346648237,1586.2619605517925,1,9.811869761304387e-05,360.0000021946754,-359.9999018813024,2.1946754031887394e-06,1713.213057871609,6.168752299301681e-06
encodec_untrained,random-init-no-quant,24000,20260826,360.0,452.8929,557.5765636785778,452.9Hz_+50.0c,3,1499.9551031374685,1499.9550401104937,452.8929010429904,557.5765656655892,599.999995373989,600.0000076438325,1586.2619084524367,1586.2618003040102,1,-7.27451422212079e-05,360.0000021825756,-360.00007274514223,2.18257559936319e-06,1713.212916295035,6.169523428126932e-06
encodec_untrained,random-init-no-quant,24000,20260826,360.0,452.8929,557.5765636785778,452.9Hz_+50.0c,4,1499.9553256301908,1499.9551771672172,452.8929010443585,557.5765656671782,599.9999976528827,599.9999889298389,1586.2621586759244,1586.2620124907603,1,-0.00017135454851635758,360.00000218227956,-360.0001713545485,2.182279558837763e-06,1713.2130744846136,6.174457345610518e-06
encodec_untrained,random-init-no-quant,24000,20260826,365.0,440.0,543.270304454712,440Hz_ongrid,0,1499.9553657904064,1499.9550723930097,439.9999989121647,543.2703028752481,600.0000104048842,599.9999922931346,1586.2621682339611,1586.2618818569385,1,-0.00033863648508558966,364.9999992469599,-365.0003386364851,-7.530401262556552e-07,1758.212631985091,-5.03326165868047e-06
encodec_untrained,random-init-no-quant,24000,20260826,365.0,440.0,543.270304454712,440Hz_ongrid,1,1499.9553334962782,1499.9552360118075,439.9999989190646,543.2703028747803,599.9999894190237,599.99998884192,1586.2621915127825,1586.2620806623077,1,-0.00011251564390269615,364.99999921832045,-365.0001125156439,-7.816795459802961e-07,1758.2128208323595,-5.0347524052426196e-06
encodec_untrained,random-init-no-quant,24000,20260826,365.0,440.0,543.270304454712,440Hz_ongrid,2,1499.95523414648,1499.9552414650213,439.99999891496327,543.2703028832278,600.0000121592316,600.0000056613136,1586.262011229825,1586.2620384258435,1,8.446990521805804e-06,364.99999926137735,-364.99999155300947,-7.386226457128942e-07,1758.212827126407,-5.007832859019444e-06
encodec_untrained,random-init-no-quant,24000,20260826,365.0,440.0,543.270304454712,440Hz_ongrid,3,1499.95519683024,1499.9551588340498,439.99999891305936,543.2703028715258,600.000002643872,600.000002490721,1586.2619956152996,1586.261952202357,1,-4.385484256920493e-05,364.9999992315778,-365.00004385484254,-7.684221827730653e-07,1758.2127317545246,-5.045123626715974e-06
encodec_untrained,random-init-no-quant,24000,20260826,365.0,440.0,543.270304454712,440Hz_ongrid,4,1499.9551570434114,1499.9551769506413,439.99999891764924,543.2703028802254,599.9999982044764,599.9999810205383,1586.2619625031073,1586.2620350622085,1,2.2976736233054226e-05,364.9999992412412,-364.99997702326374,-7.587588015667279e-07,1758.2127526645227,-5.017400853328742e-06
encodec_untrained,random-init-no-quant,24000,20260826,365.0,452.8929,559.1892356099488,452.9Hz_+50.0c,0,1499.9550071006715,1499.955047264758,452.8929010413874,559.189232961129,599.9999948020745,600.0000089252932,1586.2617992578635,1586.261804863881,1,4.6357012400025116e-05,364.99998781850877,-364.9999536429876,-1.2181491229057428e-05,1708.2129245524195,-8.2006710253227e-06
encodec_untrained,random-init-no-quant,24000,20260826,365.0,452.8929,559.1892356099488,452.9Hz_+50.0c,1,1499.955156967581,1499.9549611687373,452.89290104458087,559.1892329674912,599.999995747904,599.9999850820066,1586.2619695037536,1586.2617742898417,1,-0.0002259891873596775,364.9999878259983,-365.00022598918736,-1.2174001710718585e-05,1708.212825181197,-8.180973988548444e-06
encodec_untrained,random-init-no-quant,24000,20260826,365.0,452.8929,559.1892356099488,452.9Hz_+50.0c,2,1499.9552188715095,1499.9551957050485,452.8929010488754,559.1892329734636,599.9999898001329,600.0000072788868,1586.2620581143208,1586.2619809427883,1,-2.6738509251585705e-05,364.99998782807245,-365.00002673850923,-1.2171927551207773e-05,1708.2130958808025,-8.162483618475555e-06
encodec_untrained,random-init-no-quant,24000,20260826,365.0,452.8929,559.1892356099488,452.9Hz_+50.0c,3,1499.9551288437654,1499.9549518215345,452.89290104392154,559.1892329744312,600.0000130389701,600.0000014230819,1586.2618871520413,1586.2617163510095,1,-0.00020431739968926915,364.99998785000463,-365.00020431739966,-1.2149995370691613e-05,1708.2128143927425,-8.159487902132125e-06
encodec_untrained,random-init-no-quant,24000,20260826,365.0,452.8929,559.1892356099488,452.9Hz_+50.0c,4,1499.9551197615085,1499.9549635741794,452.8929010443523,559.1892329706175,599.9999703710349,600.0000089347392,1586.261999783025,1586.2617082417419,1,-0.00018026995133032993,364.9999878365508,-365.00018026995133,-1.2163449184754427e-05,1708.2128279575359,-8.171295091595577e-06
encodec_untrained,random-init-no-quant,24000,20260826,370.0,440.0,544.8415985660738,440Hz_ongrid,0,1499.9551959633432,1499.9549682614534,439.9999989211902,544.8415978144944,600.0000025545241,599.9999946845396,1586.2619948725385,1586.2617547691343,1,-0.0002628113796390754,370.00000185656654,-370.0002628113796,1.8565665413916577e-06,1753.212511797423,-2.3881433123169445e-06
encodec_untrained,random-init-no-quant,24000,20260826,370.0,440.0,544.8415985660738,440Hz_ongrid,1,1499.9553938985741,1499.9552622654498,439.9999989099133,544.8415978124289,600.0000066073655,599.9999905225635,1586.2622116334599,1586.2621061146992,1,-0.00015192968909045565,370.00000189437355,-370.0001519296891,1.894373554023332e-06,1753.2128511340632,-2.394706556615557e-06
encodec_untrained,random-init-no-quant,24000,20260826,370.0,440.0,544.8415985660738,440Hz_ongrid,2,1499.95509277656,1499.9552563563277,439.999998911229,544.8415978130743,599.9999917212328,600.0000130373827,1586.2619070336,1586.2620343304106,1,0.00018880221784351147,370.0000018912474,-369.99981119778215,1.891247393359663e-06,1753.2128443138108,-2.3926559151705694e-06
encodec_untrained,random-init-no-quant,24000,20260826,370.0,440.0,544.8415985660738,440Hz_ongrid,3,1499.955143239722,1499.9551864054245,439.99999890847477,544.841597811203,599.9999969548984,600.0000051114582,1586.2619501765391,1586.2619764631272,1,4.9821445029543635e-05,370.0000018961384,-369.99995017855497,1.8961383716487035e-06,1753.2127635771435,-2.3986017951125284e-06
encodec_untrained,random-init-no-quant,24000,20260826,370.0,440.0,544.8415985660738,440Hz_ongrid,4,1499.9551829767743,1499.9551850278478,439.9999989146057,544.8415978146791,600.0000017072334,600.0000056021822,1586.261982328328,1586.2619734572115,1,2.3673297500965104e-06,370.0000018830608,-369.9999976326703,1.8830608041753294e-06,1753.2127619871576,-2.387556508649167e-06
encodec_untrained,random-init-no-quant,24000,20260826,370.0,452.8929,560.8065718527841,452.9Hz_+50.0c,0,1499.9552449475507,1499.9551382117832,452.89290104455006,560.806570423055,600.0000060699563,599.9999837777035,1586.262041266252,1586.2619823946875,1,-0.00012319341015567267,369.9999915934544,-370.00012319341016,-8.406545589423331e-06,1703.21302952262,-4.413635617994466e-06
encodec_untrained,random-init-no-quant,24000,20260826,370.0,452.8929,560.8065718527841,452.9Hz_+50.0c,1,1499.9552109491385,1499.9550470903503,452.89290104262034,560.8065704287095,599.999983382716,600.0000128105526,1586.262067487147,1586.2617934520927,1,-0.00018912426644182532,369.9999916182869,-370.00018912426646,-8.381713087146636e-06,1703.21292435112,-4.396179698451054e-06
encodec_untrained,random-init-no-quant,24000,20260826,370.0,452.8929,560.8065718527841,452.9Hz_+50.0c,2,1499.9552136779582,1499.955321992488,452.8929010455671,560.8065704255123,599.9999952740174,600.0000038354169,1586.262036325681,1586.2621366382998,1,0.0001250155963621652,369.99999159715276,-369.9998749844036,-8.402847242905409e-06,1703.21324164056,-4.406049647739989e-06
encodec_untrained,random-init-no-quant,24000,20260826,370.0,452.8929,560.8065718527841,452.9Hz_+50.0c,3,1499.9548981183398,1499.9550818150285,452.89290105158017,560.8065704311315,599.999996263266,600.0000230691876,1586.2616692553627,1586.261803930827,1,0.00021202100372917697,369.9999915915139,-369.99978797899627,-8.408486110056401e-06,1703.2129644300173,-4.38870309317777e-06
encodec_untrained,random-init-no-quant,24000,20260826,370.0,452.8929,560.8065718527841,452.9Hz_+50.0c,4,1499.9553180690357,1499.955025381248,452.89290104839375,560.8065704228223,600.0000033660929,600.0000049471402,1586.2621334640717,1586.2617910846618,1,-0.0003378174715344778,369.99999157804353,-370.0003378174715,-8.421956465554103e-06,1703.2128992946773,-4.414353698081392e-06
encodec_untrained,random-init-no-quant,24000,20260826,375.0,440.0,546.4174373123329,440Hz_ongrid,0,1499.9550992111076,1499.9552190045285,439.9999989146315,546.4174394834187,600.000001644137,599.9999821071355,1586.2618858288452,1586.2620804651492,1,0.00013826443278671034,375.0000111492448,-374.9998617355672,1.1149244812713732e-05,1748.2128012027201,6.8787289940374065e-06
encodec_untrained,random-init-no-quant,24000,20260826,375.0,440.0,546.4174373123329,440Hz_ongrid,1,1499.9551974224485,1499.9552119200248,439.99999891429684,546.4174394850116,600.0000066225932,600.0000121935735,1586.261984818658,1586.2619854771717,1,1.673296499926977e-05,375.00001115560843,-374.999983267035,1.11556084334552e-05,1748.2127930258532,6.883776312816755e-06
encodec_untrained,random-init-no-quant,24000,20260826,375.0,440.0,546.4174373123329,440Hz_ongrid,2,1499.9552342008476,1499.9549812411556,439.99999891535504,546.4174394853171,599.9999885133655,599.9999986803987,1586.262079520123,1586.2617582205733,1,-0.0002919636924601735,375.00001115241264,-375.00029196369246,1.1152412639603426e-05,1748.2125267784743,6.88474387575412e-06
encodec_untrained,random-init-no-quant,24000,20260826,375.0,440.0,546.4174373123329,440Hz_ongrid,3,1499.9551085967887,1499.9551942257947,439.99999891127413,546.4174394779174,599.9999877689461,599.999999470236,1586.2619366970487,1586.262001766451,1,9.883218894129333e-05,375.00001114502476,-374.99990116781106,1.1145024757297506e-05,1748.212772603341,6.8612990223622556e-06
encodec_untrained,random-init-no-quant,24000,20260826,375.0,440.0,546.4174373123329,440Hz_ongrid,4,1499.9551629057846,1499.9553393611243,439.9999989086268,546.4174394848131,599.9999863641314,599.9999937049424,1586.262003433417,1586.2621859153842,1,0.00020366307072834625,375.00001117728897,-374.99979633692925,1.1177288968156063e-05,1748.2129401171528,6.883147416128026e-06
encodec_untrained,random-init-no-quant,24000,20260826,375.0,452.8929,562.4285858976152,452.9Hz_+50.0c,0,1499.9552109957624,1499.9552331996183,452.89290105082137,562.4285848942066,599.9999933675927,599.9999967501311,1586.2620387306952,1586.2620545982315,1,2.5627479240931035e-05,374.9999928944845,-374.99997437252074,-7.105515521743655e-06,1698.2131391566784,-3.08863255069676e-06
encodec_untrained,random-init-no-quant,24000,20260826,375.0,452.8929,562.4285858976152,452.9Hz_+50.0c,1,1499.955295036354,1499.9551341321148,452.89290104054413,562.4285848984089,599.9999907398031,599.9999914937636,1586.2621433117426,1586.2619554221294,1,-0.00018571414334288839,374.99999294670573,-375.00018571414336,-7.053294268644095e-06,1698.2130248139056,-3.075697306656917e-06
encodec_untrained,random-init-no-quant,24000,20260826,375.0,452.8929,562.4285858976152,452.9Hz_+50.0c,2,1499.955309858081,1499.9555025232519,452.8929010343792,562.4285848941352,600.0000107346884,600.0000031818164,1586.2621027257942,1586.2623468910565,1,0.00022237228023723715,374.99999295711694,-374.99977762771977,-7.0428830554192245e-06,1698.2134500074242,-3.0888524338923745e-06
encodec_untrained,random-init-no-quant,24000,20260826,375.0,452.8929,562.4285858976152,452.9Hz_+50.0c,3,1499.9552105114353,1499.9551855234463,452.8929010390319,562.4285848984314,599.9999870508603,599.999997426424,1586.2620563979265,1586.261997619478,1,-2.884089977618733e-05,374.9999929525558,-375.0000288408998,-7.047444228192035e-06,1698.2130841292937,-3.075627920438721e-06
encodec_untrained,random-init-no-quant,24000,20260826,375.0,452.8929,562.4285858976152,452.9Hz_+50.0c,4,1499.95520644332,1499.955092415021,452.89290104962583,562.4285848972253,599.9999883063887,599.9999777567507,1586.2620480798578,1586.2619469092947,1,-0.00013161038457046659,374.9999929083469,-375.0001316103846,-7.09165311718607e-06,1698.212976664429,-3.079340563626182e-06
encodec_untrained,random-init-no-quant,24000,20260826,380.0,440.0,547.9978338378821,440Hz_ongrid,0,1499.9551492071676,1499.9553892350993,439.99999891662065,547.9978319802691,599.999996928529,600.0000145524697,1586.2619571401945,1586.2621833261978,1,0.0002770379470899588,379.99999839412044,-379.9997229620529,-1.6058795608842047e-06,1743.2129976812146,-5.868568704708611e-06
encodec_untrained,random-init-no-quant,24000,20260826,380.0,440.0,547.9978338378821,440Hz_ongrid,1,1499.9551778025798,1499.9552756645444,439.99999890673047,547.9978319809744,600.0000096016529,600.0000043379031,1586.2619535778426,1586.2620817171623,1,0.00011295134818306648,379.9999984352629,-379.99988704865183,-1.564737090120616e-06,1743.2128665991702,-5.866340465293535e-06
encodec_untrained,random-init-no-quant,24000,20260826,380.0,440.0,547.9978338378821,440Hz_ongrid,2,1499.9552647621824,1499.9551725982294,439.9999989111755,547.9978319808305,599.9999984764288,600.000008278556,1586.2620860463999,1586.2619513886812,1,-0.00010637475813168885,379.99999841731875,-380.0001063747581,-1.5826812500563392e-06,1743.2127476410099,-5.866795223721557e-06
encodec_untrained,random-init-no-quant,24000,20260826,380.0,440.0,547.9978338378821,440Hz_ongrid,3,1499.9551512236922,1499.9553516460428,439.99999891217084,547.9978319763425,599.9999978216122,600.0000145863263,1586.2619568907544,1586.2621398435813,1,0.000231325566039919,379.999998399224,-379.99976867443394,-1.6007759882086248e-06,1743.2129542962873,-5.880973653544077e-06
encodec_untrained,random-init-no-quant,24000,20260826,380.0,440.0,547.9978338378821,440Hz_ongrid,4,1499.9551199503485,1499.9551319771494,439.9999989150183,547.9978319795082,599.9999928826717,600.0000017271236,1586.2619350461264,1586.2619234076528,1,1.3881220292537502e-05,379.9999983980215,-379.9999861187797,-1.6019785107346252e-06,1743.2127007565437,-5.870972620033754e-06
encodec_untrained,random-init-no-quant,24000,20260826,380.0,452.8929,564.0552912739921,452.9Hz_+50.0c,0,1499.9550653139574,1499.9551802772505,452.89290103853784,564.055291490187,599.99999577157,600.0000007618015,1586.2618636497198,1586.2619819405031,1,0.00013268954813508836,379.9999966936311,-379.99986731045186,-3.3063689102164062e-06,1693.2130780741848,6.635586628324765e-07
encodec_untrained,random-init-no-quant,24000,20260826,380.0,452.8929,564.0552912739921,452.9Hz_+50.0c,1,1499.9553363170808,1499.9551168827152,452.8929010447675,564.0552914872908,599.999992454683,600.000012724778,1586.2621860094644,1586.2618742532768,1,-0.0002532690566436803,379.99999666092845,-380.00025326905666,-3.3390715543646365e-06,1693.2130049048112,6.546699231101352e-07
encodec_untrained,random-init-no-quant,24000,20260826,380.0,452.8929,564.0552912739921,452.9Hz_+50.0c,2,1499.9553808761168,1499.9551607660442,452.89290104040094,564.0552914890999,599.9999907016099,600.0000104902824,1586.262242497375,1586.261931350392,1,-0.000254048943818077,379.9999966831727,-380.0002540489438,-3.316827303478931e-06,1693.2130555545348,6.60222358198559e-07
encodec_untrained,random-init-no-quant,24000,20260826,380.0,452.8929,564.0552912739921,452.9Hz_+50.0c,3,1499.9552653963801,1499.9551906382787,452.89290104841365,564.0552914902245,599.9999963693613,599.9999997150721,1586.2620928580964,1586.2619969193263,1,-8.628508909585053e-05,379.9999966559949,-380.0000862850891,-3.344005108374404e-06,1693.2130900327852,6.636739861865698e-07
encodec_untrained,random-init-no-quant,24000,20260826,380.0,452.8929,564.0552912739921,452.9Hz_+50.0c,4,1499.9553072845413,1499.9549593365998,452.8929010478649,564.055291489204,599.9999901659392,600.0000164527713,1586.2621591043044,1586.2616816583122,1,-0.0004015982280434079,379.9999966549606,-380.00040159822805,-3.345039374380576e-06,1693.2128230665614,6.605418038893975e-07
encodec_untrained,random-init-no-quant,24000,20260826,385.0,440.0,549.5828013251308,440Hz_ongrid,0,1499.9550789721056,1499.9553249388382,439.999998913714,549.5828019428335,599.9999771113067,599.9999995927792,1586.261933255966,1586.2621522806137,1,0.0002838924666931193,385.0000062199432,-384.9997161075333,6.219943202268041e-06,1738.2129234710883,1.945817509493089e-06
encodec_untrained,random-init-no-quant,24000,20260826,385.0,440.0,549.5828013251308,440Hz_ongrid,1,1499.955113985671,1499.9553636558016,439.9999989087299,549.5828019471064,599.9999978039372,600.0000007310442,1586.2619139619817,1586.2621936830226,1,0.0002881668865136603,385.00000625301413,-384.9997118331135,6.253014134927071e-06,1738.2129681578358,1.9592776669616375e-06
encodec_untrained,random-init-no-quant,24000,20260826,385.0,440.0,549.5828013251308,440Hz_ongrid,2,1499.9552746884747,1499.9551295719627,439.9999989155823,549.5828019415612,599.9999837809544,600.000003996529,1586.2621399054083,1586.2619140834893,1,-0.00016749209992048203,385.00000620858464,-385.00016749209993,6.208584636624437e-06,1738.2126979805,1.941809638530136e-06
encodec_untrained,random-init-no-quant,24000,20260826,385.0,440.0,549.5828013251308,440Hz_ongrid,3,1499.9552104870552,1499.955188599697,439.99999891501017,549.5828019423539,599.9999939440576,600.0000045189079,1586.262036480224,1586.2619807054748,1,-2.5262180973949344e-05,385.0000062133325,-385.000025262181,6.213332483184786e-06,1738.2127661097525,1.9443067735555868e-06
encodec_untrained,random-init-no-quant,24000,20260826,385.0,440.0,549.5828013251308,440Hz_ongrid,4,1499.955185170013,1499.9552484302912,439.99999891423687,549.582801945369,600.0000257576418,599.9999997934863,1586.2619154649353,1586.2620633960626,1,7.301441149686382e-05,385.00000622587316,-384.9999269855885,6.2258731645670196e-06,1738.212835165655,1.953804804991645e-06
encodec_untrained,random-init-no-quant,24000,20260826,385.0,452.8929,565.6867015505962,452.9Hz_+50.0c,0,1499.9550823369966,1499.9551953007588,452.892901048012,565.6867026068081,599.9999958439322,599.9999957770838,1586.2618830887584,1586.2620136633493,1,0.00013038170695771654,384.99999922629917,-384.999869618293,-7.737008331787365e-07,1688.2130954141753,3.232442881794654e-06
encodec_untrained,random-init-no-quant,24000,20260826,385.0,452.8929,565.6867015505962,452.9Hz_+50.0c,1,1499.955183398729,1499.9551837690624,452.89290104650627,565.6867026079176,599.9999909753103,600.0000034465355,1586.262013781129,1586.2619782242145,1,4.2743524854422083e-07,384.99999923545045,-384.9999995725648,-7.645495543329162e-07,1688.2130821044007,3.2358383857452944e-06
encodec_untrained,random-init-no-quant,24000,20260826,385.0,452.8929,565.6867015505962,452.9Hz_+50.0c,2,1499.9551489602513,1499.9549622123927,452.8929010399957,565.6867026009321,600.0000031357766,600.0000057258356,1586.2619389448753,1586.2617159289186,1,-0.0002155426259513811,384.9999992389593,-385.00021554262594,-7.610407237734762e-07,1688.2128263857746,3.214459742395141e-06
encodec_untrained,random-init-no-quant,24000,20260826,385.0,452.8929,565.6867015505962,452.9Hz_+50.0c,3,1499.955137577766,1499.9549004173264,452.8929010453268,565.6867026069506,599.9999767363043,599.999979678903,1586.2620019800947,1586.2617197611894,1,-0.00027372836055268216,384.99999923699943,-385.0002737283605,-7.630005711689591e-07,1688.2127550624828,3.2328788040724787e-06
encodec_untrained,random-init-no-quant,24000,20260826,385.0,452.8929,565.6867015505962,452.9Hz_+50.0c,4,1499.9551122777282,1499.9552226421602,452.8929010471694,565.686702603609,599.9999873769049,599.999994107574,1586.2619420767458,1586.262050037722,1,0.00012738158203992448,384.9999992197294,-384.99987261841795,-7.802706250004121e-07,1688.213126971361,3.222652313457827e-06
encodec_untrained,random-init-no-quant,24000,20260826,390.0,440.0,551.1723529946163,440Hz_ongrid,0,1499.9552709631953,1499.955297377912,439.9999989162896,551.1723549396044,600.0000215913661,599.9999875496578,1586.2620265079402,1586.2621552191601,1,3.0487613550185448e-05,390.0000103732053,-389.99996951238643,1.0373205327596224e-05,1733.2128916605316,6.109213542649963e-06
encodec_untrained,random-init-no-quant,24000,20260826,390.0,440.0,551.1723529946163,440Hz_ongrid,1,1499.9552560204836,1499.955077406005,439.9999989123485,551.1723549421671,599.9999920861546,599.9999909058098,1586.2620943952484,1586.261891645864,1,-0.0002061551396377157,390.00001039676164,-390.00020615513967,1.0396761638276075e-05,1733.212637771043,6.1172631127403245e-06
encodec_untrained,random-init-no-quant,24000,20260826,390.0,440.0,551.1723529946163,440Hz_ongrid,2,1499.9553276713823,1499.9552121610816,439.9999989065521,551.1723549404193,599.9999975805339,600.0000004698707,1586.2621612406026,1586.262019582853,1,-0.00013332088606104876,390.0000104140783,-390.00013332088605,1.0414078303710994e-05,1733.2127933040783,6.111772952280418e-06
encodec_untrained,random-init-no-quant,24000,20260826,390.0,440.0,551.1723529946163,440Hz_ongrid,3,1499.955193168694,1499.9552155427514,439.9999989102731,551.1723549390574,600.0000103260845,600.0000186731032,1586.261969222998,1586.261970962518,1,2.5823924499150072e-05,390.00001039515973,-389.9999741760755,1.0395159733889159e-05,1733.2127972071696,6.107495609090559e-06
encodec_untrained,random-init-no-quant,24000,20260826,390.0,440.0,551.1723529946163,440Hz_ongrid,4,1499.9550363141777,1499.9553317695922,439.9999989157428,551.1723549398137,599.9999981361973,600.0000017619243,1586.261823355574,1586.2621539057748,1,0.00034101183768124176,390.00001037601413,-389.9996589881623,1.0376014131452393e-05,1733.2129313550793,6.109870885766225e-06
encodec_untrained,random-init-no-quant,24000,20260826,390.0,452.8929,567.3228303353533,452.9Hz_+50.0c,0,1499.9552632093576,1499.955098414674,452.8929010420914,567.3228314330823,599.9999919727164,599.9999963341834,1586.2621030198916,1586.2619002308966,1,-0.0001902044614006351,389.99999936630223,-390.0001902044614,-6.336977662613208e-07,1683.2129835891724,3.3498139940671636e-06
encodec_untrained,random-init-no-quant,24000,20260826,390.0,452.8929,567.3228303353533,452.9Hz_+50.0c,1,1499.9551569897817,1499.955348561255,452.892901049734,567.3228314254785,599.9999953488543,599.9999927449467,1586.2619706807916,1586.2621993040486,1,0.00022110996787862218,389.9999993138838,-389.99977889003213,-6.861162091809092e-07,1683.2132723059763,3.3266101664371125e-06
encodec_untrained,random-init-no-quant,24000,20260826,390.0,452.8929,567.3228303353533,452.9Hz_+50.0c,2,1499.9551463311288,1499.955020598335,452.8929010350727,567.3228314323503,599.9999754585472,599.9999998416556,1586.2620157699716,1586.261800295583,1,-0.00014511960803152493,389.9999993908983,-390.000145119608,-6.09101675763668e-07,1683.212893774284,3.347580180701844e-06
encodec_untrained,random-init-no-quant,24000,20260826,390.0,452.8929,567.3228303353533,452.9Hz_+50.0c,3,1499.955184826355,1499.955136184284,452.89290104547,567.3228314345164,599.9999991504646,599.999989113663,1586.261991840372,1586.2619646582423,1,-5.614221802025296e-05,389.99999935776316,-390.000056142218,-6.422368414860102e-07,1683.2130271824994,3.3541901309370217e-06
encodec_untrained,random-init-no-quant,24000,20260826,390.0,452.8929,567.3228303353533,452.9Hz_+50.0c,4,1499.9552228651028,1499.955181639396,452.8929010408556,567.3228314294537,599.9999944067446,600.0000060982674,1586.2620494318164,1586.261968114893,1,-4.7582319314927716e-05,389.99999935995334,-390.0000475823193,-6.400466645573033e-07,1683.21307964636,3.338740645624287e-06
encodec_untrained,random-init-no-quant,24000,20260826,395.0,440.0,552.7665021051131,440Hz_ongrid,0,1499.9551868575575,1499.955149858474,439.99999891135275,552.7664999615195,600.0000001721415,600.000001978441,1586.2619912368302,1586.2619433209602,1,-4.270399177176331e-05,394.9999975697999,-395.00004270399177,-2.430200083836098e-06,1728.2127213949996,-6.713616538284737e-06
encodec_untrained,random-init-no-quant,24000,20260826,395.0,440.0,552.7665021051131,440Hz_ongrid,1,1499.9552897723972,1499.9553719959572,439.9999989106747,552.7664999658513,599.9999945404296,599.999994433652,1586.262126269844,1586.2622214795829,1,9.490164404035815e-05,394.9999975860345,-394.99990509835595,-2.4139654897226137e-06,1728.2129777839632,-6.700049514440281e-06
encodec_untrained,random-init-no-quant,24000,20260826,395.0,440.0,552.7665021051131,440Hz_ongrid,2,1499.9554597940564,1499.9550676887072,439.9999989091275,552.7664999689304,600.0000140343025,599.9999960015006,1586.2622662597787,1586.2618657271944,1,-0.00045256425162419026,394.9999976017657,-395.00045256425165,-2.3982343009265605e-06,1728.212626555429,-6.690405983324432e-06
encodec_untrained,random-init-no-quant,24000,20260826,395.0,440.0,552.7665021051131,440Hz_ongrid,3,1499.9553887117338,1499.955256623734,439.9999989137769,552.7664999696616,599.9999870118136,600.0000065489163,1586.2622621876706,1586.262053360805,1,-0.00015245470274263703,394.99999758576246,-395.00015245470274,-2.4142375423252815e-06,1728.2128446224485,-6.688115661502415e-06
encodec_untrained,random-init-no-quant,24000,20260826,395.0,440.0,552.7665021051131,440Hz_ongrid,4,1499.955275222972,1499.9551683213558,439.9999989096941,552.7664999618665,599.9999917841675,600.0000173478604,1586.262117429928,1586.2619202838737,1,-0.00012338482848543576,394.99999757741296,-395.0001233848285,-2.42258704474807e-06,1728.212742704683,-6.712529423462186e-06
encodec_untrained,random-init-no-quant,24000,20260826,395.0,452.8929,568.9636912755473,452.9Hz_+50.0c,0,1499.9551919802047,1499.955161969775,452.89290104345434,568.9636926593846,599.9999995172237,600.0000018656233,1586.2619990390344,1586.261957625232,1,-3.463775359622117e-05,395.0000002219978,-395.0000346377536,2.2199782279130886e-07,1678.2130569438693,4.2107193605032995e-06
encodec_untrained,random-init-no-quant,24000,20260826,395.0,452.8929,568.9636912755473,452.9Hz_+50.0c,1,1499.9551963760834,1499.9552578120692,452.89290105296965,568.9636926592223,599.9999894607096,599.9999934474689,1586.2620331296825,1586.2620925351566,1,7.090883009632269e-05,395.0000001851304,-394.9999290911699,1.8513037502998486e-07,1678.213167564135,4.210225007726433e-06
encodec_untrained,random-init-no-quant,24000,20260826,395.0,452.8929,568.9636912755473,452.9Hz_+50.0c,2,1499.9552511661611,1499.9553471210372,452.89290104654066,568.9636926626358,599.9999902597945,600.0000091607587,1586.262094062197,1586.262150275742,1,0.0001107501995268741,395.0000002200927,-394.99988924980045,2.2009271560818888e-07,1678.2132706436905,4.220611797797112e-06
encodec_untrained,random-init-no-quant,24000,20260826,395.0,452.8929,568.9636912755473,452.9Hz_+50.0c,3,1499.955327849604,1499.954914185228,452.8929010517814,568.9636926585131,599.9999967040415,600.0000033201436,1586.262163975327,1586.2616674377716,1,-0.000477447519807292,395.0000001875146,-395.0004774475198,1.875146153906826e-07,1678.2127709532672,4.208067307775769e-06
encodec_untrained,random-init-no-quant,24000,20260826,395.0,452.8929,568.9636912755473,452.9Hz_+50.0c,4,1499.9552283071885,1499.9550960102138,452.8929010366193,568.9636926636358,599.9999714606374,599.9999948741996,1586.2621219214918,1586.261901668314,1,-0.0001526959157822873,395.00000026106085,-395.0001526959158,2.610608476061316e-07,1678.2129808139669,4.223654796694194e-06
encodec_untrained,random-init-no-quant,24000,20260826,400.0,440.0,554.3652619537442,440Hz_ongrid,0,1499.9550973356772,1499.9551710352812,439.99999891287354,554.3652610502409,599.9999974664343,599.9999934921535,1586.2618957185432,1586.2619922492802,1,8.506338691440612e-05,400.0000014558711,-399.9999149366131,1.4558710859091661e-06,1723.21274583707,-2.8215615371787074e-06
encodec_untrained,random-init-no-quant,24000,20260826,400.0,440.0,554.3652619537442,440Hz_ongrid,1,1499.9552191857051,1499.9551156966315,439.99999891509157,554.3652610325148,599.9999975763765,599.9999981038388,1586.262036039466,1586.2619150714227,1,-0.00011944610858459263,400.00000139178695,-400.0001194461086,1.3917869523538684e-06,1723.212681965724,-2.8769182849004564e-06
encodec_untrained,random-init-no-quant,24000,20260826,400.0,440.0,554.3652619537442,440Hz_ongrid,2,1499.9551267726079,1499.9552645865197,439.99999891478313,554.3652610499691,599.9999962286837,600.0000105919958,1586.261933265764,1586.262050885515,1,0.00015906350880178627,400.00000144750896,-399.9998409364912,1.4475089642473904e-06,1723.21285381302,-2.8224099326553603e-06
encodec_untrained,random-init-no-quant,24000,20260826,400.0,440.0,554.3652619537442,440Hz_ongrid,3,1499.9552751799415,1499.9551194202545,439.9999989060765,554.3652610432445,600.0000013354672,600.000005033886,1586.2620898210366,1586.2618993733035,1,-0.00017977635213905338,400.00000146076553,-400.0001797763521,1.4607655316467572e-06,1723.2126862634943,-2.843410699889315e-06
encodec_untrained,random-init-no-quant,24000,20260826,400.0,440.0,554.3652619537442,440Hz_ongrid,4,1499.955235755568,1499.955402266209,439.9999989060156,554.3652610423615,599.9999963587974,600.0000002231315,1586.2620586774349,1586.2622397123089,1,0.00019218498550145787,400.0000014582478,-399.9998078150145,1.4582478229385742e-06,1723.213012721596,-2.8461680812912698e-06
encodec_untrained,random-init-no-quant,24000,20260826,400.0,452.8929,570.6092980579338,452.9Hz_+50.0c,0,1499.9549677286168,1499.955167877663,452.89290105306316,570.6092995079144,600.0000091448424,599.9999977291486,1586.261712430525,1586.2619763794034,1,0.00023101014902024672,400.0000003738026,-399.99976898985096,3.738026066457678e-07,1673.213063762698,4.3992553611347195e-06
encodec_untrained,random-init-no-quant,24000,20260826,400.0,452.8929,570.6092980579338,452.9Hz_+50.0c,1,1499.9550509516696,1499.9553289791518,452.89290103944865,570.6092995056358,599.9999859175823,600.000003741686,1586.261875505501,1586.2621449726905,1,0.00032089668195777225,400.00000041893225,-399.99967910331804,4.1893224533851026e-07,1673.2132497045009,4.3923417260717405e-06
encodec_untrained,random-init-no-quant,24000,20260826,400.0,452.8929,570.6092980579338,452.9Hz_+50.0c,2,1499.9550796147757,1499.9549815207438,452.8929010386269,570.6092995061659,599.9999882302587,600.0000112711539,1586.261901915215,1586.2617222140316,1,-0.00011321921308821484,400.00000042368185,-400.00011321921306,4.2368185404484393e-07,1673.2128486712936,4.393950102446695e-06
encodec_untrained,random-init-no-quant,24000,20260826,400.0,452.8929,570.6092980579338,452.9Hz_+50.0c,3,1499.9552343625742,1499.9550415734973,452.8929010505365,570.6092995081333,599.9999924099955,599.9999950141216,1586.2620684634885,1586.2618384342372,1,-0.00022251533111267976,400.00000038412503,-400.00022251533113,3.841250304503774e-07,1673.2129179836202,4.399919239241683e-06
encodec_untrained,random-init-no-quant,24000,20260826,400.0,452.8929,570.6092980579338,452.9Hz_+50.0c,4,1499.9551511784139,1499.9549721486285,452.89290105373817,570.6092995076725,599.9999902227495,599.9999948899687,1586.2619787641781,1586.2617586629326,1,-0.00020663449736160535,400.0000003704886,-400.0002066344974,3.7048857848276384e-07,1673.2128378540856,4.39852113578191e-06
encodec_untrained,random-init-no-quant,24000,20260826,405.0,440.0,555.9686458760915,440Hz_ongrid,0,1499.9553526022,1499.955258951103,439.9999989134761,555.9686469670164,600.0000053450495,599.9999983875689,1586.2621676118567,1586.2620795957027,1,-0.0001080911995192689,405.00000767209946,-405.00010809119954,7.672099457067816e-06,1718.2128473086755,3.397037369849663e-06
encodec_untrained,random-init-no-quant,24000,20260826,405.0,440.0,555.9686458760915,440Hz_ongrid,1,1499.955203308852,1499.9549266247209,439.9999989153439,555.9686469646322,599.9999972585233,599.999979649295,1586.2620186316833,1586.2617500949514,1,-0.00031934622576681657,405.00000765732585,-405.00031934622575,7.657325852505892e-06,1718.212463740694,3.389613236736034e-06
encodec_untrained,random-init-no-quant,24000,20260826,405.0,440.0,555.9686458760915,440Hz_ongrid,2,1499.9551090963932,1499.9551596626766,439.99999890600424,555.9686469661374,599.9999909658704,599.9999933054938,1586.2619280493136,1586.2619796617137,1,5.8363126542332165e-05,405.000007698761,-404.9999416368735,7.698761010033195e-06,1718.2127327109174,3.394300362250172e-06
encodec_untrained,random-init-no-quant,24000,20260826,405.0,440.0,555.9686458760915,440Hz_ongrid,3,1499.9551362578493,1499.9549173795358,439.99999891458845,555.9686469680556,599.9999882444495,600.0000167488851,1586.261967251171,1586.261632377455,1,-0.0002526273001514654,405.00000767095855,-405.00025262730014,7.67095855280786e-06,1718.2124530699869,3.400273343160404e-06
encodec_untrained,random-init-no-quant,24000,20260826,405.0,440.0,555.9686458760915,440Hz_ongrid,4,1499.9552415270382,1499.9550710147882,439.9999989133349,555.9686469658587,599.9999962920632,600.0000050790136,1586.262065531365,1586.26184337396,1,-0.0001968036256162814,405.00000766905015,-405.0001968036256,7.669050148706447e-06,1718.2126303943608,3.39343274621758e-06
encodec_untrained,random-init-no-quant,24000,20260826,405.0,452.8929,572.2596644088547,452.9Hz_+50.0c,0,1499.9551655287994,1499.9552491817137,452.89290104642623,572.2596657814759,600.0000000111935,599.9999962394688,1586.261967083778,1586.2620745180736,1,9.655139873204797e-05,405.00000015245314,-404.9999034486013,1.5245313988998532e-07,1668.213157603061,4.152535268780926e-06
encodec_untrained,random-init-no-quant,24000,20260826,405.0,452.8929,572.2596644088547,452.9Hz_+50.0c,1,1499.955143101826,1499.9553100633248,452.8929010479191,572.2596657892909,599.999994329084,599.9999945468745,1586.2619575938797,1586.262149670842,1,0.0001927053732376988,405.0000001703889,-404.99980729462675,1.7038888699971722e-07,1668.2132278720346,4.176177709555752e-06
encodec_untrained,random-init-no-quant,24000,20260826,405.0,452.8929,572.2596644088547,452.9Hz_+50.0c,2,1499.9552806178174,1499.9552542421836,452.8929010493325,572.2596657836743,599.9999853008163,599.9999901149438,1586.2621423636044,1586.2620980304637,1,-3.044250458749559e-05,405.0000001479944,-405.00003044250457,1.479943989579624e-07,1668.2131634438072,4.159186351009241e-06
encodec_untrained,random-init-no-quant,24000,20260826,405.0,452.8929,572.2596644088547,452.9Hz_+50.0c,3,1499.955268686122,1499.9550976111757,452.8929010499907,572.2596657884926,599.9999920343538,599.9999773392512,1586.262109163273,1586.2619541112965,1,-0.00019745308088359753,405.00000016005487,-405.0001974530809,1.6005486713766004e-07,1668.212982661782,4.1737628385259395e-06
encodec_untrained,random-init-no-quant,24000,20260826,405.0,452.8929,572.2596644088547,452.9Hz_+50.0c,4,1499.9550430257939,1499.9552263956252,452.89290104610296,572.2596657839568,600.0000022821512,600.0000006792145,1586.2618191393642,1586.262035408189,1,0.0002116437272663917,405.00000016119424,-404.99978835627275,1.6119423662530608e-07,1668.2131313035748,4.160040897061346e-06
encodec_untrained,random-init-no-quant,24000,20260826,410.0,440.0,557.5766672463074,440Hz_ongrid,0,1499.955213334232,1499.9553446564466,439.999998912521,557.576669228162,599.9999924660016,600.0000028990585,1586.2620440311766,1586.2621654985828,1,0.00015157084505819992,410.0000104323308,-409.99984842915495,1.0432330782350618e-05,1713.2129462289627,6.153511164873131e-06
encodec_untrained,random-init-no-quant,24000,20260826,410.0,440.0,557.5766672463074,440Hz_ongrid,1,1499.9552148087985,1499.9550001890427,439.9999989121403,557.5766692272355,600.0000128297809,599.9999935873788,1586.2619869756604,1586.2617947853971,1,-0.00024771209949701835,410.00001043095176,-410.0002477120995,1.0430951761009055e-05,1713.2125486479488,6.150634231608808e-06
encodec_untrained,random-init-no-quant,24000,20260826,410.0,440.0,557.5766672463074,440Hz_ongrid,2,1499.9552597434072,1499.9550802310318,439.99999890890683,557.5766692250569,599.999993357561,600.00001802583,1586.2620950237076,1586.261816654647,1,-0.0002071914832809036,410.0000104369102,-410.0002071914833,1.0436910201860883e-05,1713.2126410316625,6.143870132501491e-06
encodec_untrained,random-init-no-quant,24000,20260826,410.0,440.0,557.5766672463074,440Hz_ongrid,3,1499.9551729059376,1499.9551203428293,439.99999891374915,557.5766692280649,599.9999957435775,600.0000192345434,1586.2619879121376,1586.261859463696,1,-6.0667842564650564e-05,410.00001042719725,-410.00006066784255,1.0427197253193299e-05,1713.2126873283214,6.153209786508723e-06
encodec_untrained,random-init-no-quant,24000,20260826,410.0,440.0,557.5766672463074,440Hz_ongrid,4,1499.9552123032618,1499.9551853102857,439.99999891509435,557.5766692276518,600.0000017497296,599.9999942667979,1586.2620160540637,1586.2620064902037,1,-3.115503667090478e-05,410.0000104206215,-410.00003115503665,1.0420621492812643e-05,1713.2127623131448,6.151927006404094e-06
encodec_untrained,random-init-no-quant,24000,20260826,410.0,452.8929,573.9148040943527,452.9Hz_+50.0c,0,1499.9553955098036,1499.9551667383232,452.89290105161837,573.9148051850685,599.9999987111547,599.999993059077,1586.2622362767738,1586.2619885393665,1,-0.000264045855980401,409.999999270253,-410.000264045856,-7.297470006051299e-07,1663.2130624476827,3.2901825942241847e-06
encodec_untrained,random-init-no-quant,24000,20260826,410.0,452.8929,573.9148040943527,452.9Hz_+50.0c,1,1499.955178445623,1499.9552448473125,452.89290104800364,573.9148051829653,599.9999973013099,600.0000010950703,1586.2619898113242,1586.2620555050448,1,7.664019912125418e-05,409.9999992777263,-409.9999233598009,-7.222736826406617e-07,1663.213152600336,3.2838378877027753e-06
encodec_untrained,random-init-no-quant,24000,20260826,410.0,452.8929,573.9148040943527,452.9Hz_+50.0c,2,1499.9549592867702,1499.9551887775813,452.89290104934753,573.9148051894693,600.0000040673854,599.9999936644048,1586.2617173374686,1586.2620122302628,1,0.00026487613719639226,409.9999992922088,-409.9997351238628,-7.077911732267239e-07,1663.2130878851854,3.303457465493654e-06
encodec_untrained,random-init-no-quant,24000,20260826,410.0,452.8929,573.9148040943527,452.9Hz_+50.0c,3,1499.955190396064,1499.9551558409976,452.8929010526681,573.9148051821094,600.0000222839684,600.0000139554239,1586.2619315196962,1586.2619156676649,1,-3.988313018236004e-05,409.9999992573139,-410.00003988313017,-7.42686097510159e-07,1663.2130498700924,3.2812561822197156e-06
encodec_untrained,random-init-no-quant,24000,20260826,410.0,452.8929,573.9148040943527,452.9Hz_+50.0c,4,1499.9550445238278,1499.9551450543977,452.89290104694845,573.9148051930144,599.999983981434,600.000002710392,1586.2618736730897,1586.2619356641765,1,0.00011603143718103302,409.99999931207344,-409.9998839685628,-6.879265583847882e-07,1663.213037420301,3.3141514001023706e-06
encodec_untrained,random-init-no-quant,24000,20260826,415.0,440.0,559.189339477226,440Hz_ongrid,0,1499.9552379107095,1499.9549910998617,439.9999989186287,559.1893368140182,600.0000004600284,599.9999984752887,1586.262049331227,1586.261770191222,1,-0.00028486675318562383,414.999996009574,-415.0002848667532,-3.9904260233925015e-06,1708.212538157301,-8.245214286658637e-06
encodec_untrained,random-init-no-quant,24000,20260826,415.0,440.0,559.189339477226,440Hz_ongrid,1,1499.955250433286,1499.955199201143,439.9999989106442,559.1893368217109,599.9999815809422,600.0000016552735,1586.2621182581947,1586.2620012042648,1,-5.913165201716372e-05,414.9999960648063,-415.000059131652,-3.935193717552465e-06,1708.2127783458404,-8.22139809186011e-06
encodec_untrained,random-init-no-quant,24000,20260826,415.0,440.0,559.189339477226,440Hz_ongrid,2,1499.9551916491275,1499.9549640353557,439.9999989083136,559.1893368250642,600.0000084777527,599.9999914746804,1586.2619728022871,1586.2617591531077,1,-0.0002627096755732142,414.999996084358,-415.00026270967555,-3.9156420257313584e-06,1708.2125069197004,-8.211016491265808e-06
encodec_untrained,random-init-no-quant,24000,20260826,415.0,440.0,559.189339477226,440Hz_ongrid,3,1499.9554139408144,1499.955007871032,439.9999989117605,559.1893368244623,599.9999976378915,600.0000133071245,1586.2622606464515,1586.2617467527189,1,-0.00046868188363702275,414.9999960689323,-415.00046868188366,-3.931067681151035e-06,1708.212557514429,-8.212879732266325e-06
encodec_untrained,random-init-no-quant,24000,20260826,415.0,440.0,559.189339477226,440Hz_ongrid,4,1499.9553142606408,1499.9550638673293,439.9999989146494,559.1893368137729,600.0000012368761,600.0000069731651,1586.26213521208,1586.261829659064,1,-0.0002890015847033633,414.9999960244715,-415.0002890015847,-3.975528500177461e-06,1708.2126221448307,-8.24597388315484e-06
encodec_untrained,random-init-no-quant,24000,20260826,415.0,452.8929,575.574730920285,452.9Hz_+50.0c,0,1499.9553102579437,1499.955217108384,452.89290105279093,575.574731981259,599.9999992790493,600.0000006529389,1586.262136241299,1586.2620247647592,1,-0.00010751233275389769,414.99999916682367,-415.00010751233276,-8.331763297064754e-07,1658.2131205843289,3.19123515655957e-06
encodec_untrained,random-init-no-quant,24000,20260826,415.0,452.8929,575.574730920285,452.9Hz_+50.0c,1,1499.9552253689187,1499.9550582580864,452.8929010509406,575.574731975062,599.9999858317395,599.9999967798059,1586.2620770639317,1586.2618525967462,1,-0.0001928777433456164,414.99999915525734,-415.00019287774336,-8.44742658046016e-07,1658.2129372408162,3.1725958272757907e-06
encodec_untrained,random-init-no-quant,24000,20260826,415.0,452.8929,575.574730920285,452.9Hz_+50.0c,2,1499.9550652082426,1499.9551705649953,452.89290104549684,575.574731982251,599.9999995803356,600.0000014130751,1586.2618525379303,1586.261968851532,1,0.00012160177045824018,414.99999919769004,-414.99987839822955,-8.023099553611246e-07,1658.2130668643913,3.1942189561367806e-06
encodec_untrained,random-init-no-quant,24000,20260826,415.0,452.8929,575.574730920285,452.9Hz_+50.0c,3,1499.9552767621265,1499.9550190991101,452.89290105184136,575.5747319797641,599.9999988481312,600.0000059083741,1586.2620988241142,1586.2617810603424,1,-0.00029739221718259504,414.9999991659571,-415.0002973922172,-8.340429076270084e-07,1658.2128920438927,3.186738698990038e-06
encodec_untrained,random-init-no-quant,24000,20260826,415.0,452.8929,575.574730920285,452.9Hz_+50.0c,4,1499.9552302419931,1499.9552511931654,452.8929010505166,575.5747319771258,599.9999867446851,599.9999945376122,1586.2620800541838,1586.2620817501922,1,2.4181643462127586e-05,414.99999916308536,-414.9999758183565,-8.369146371478564e-07,1658.213159924659,3.1788032990064364e-06
encodec_untrained,random-init-no-quant,24000,20260826,420.0,440.0,560.8066760204754,440Hz_ongrid,0,1499.9552034071291,1499.9551296606596,439.99999890708284,560.8066745826004,600.0000078269433,599.9999885919804,1586.2619882511,1586.2619586339947,1,-8.511747678867742e-05,419.99999986143587,-420.0000851174768,-1.3856413261237321e-07,1703.212698082873,-4.43878110660604e-06
encodec_untrained,random-init-no-quant,24000,20260826,420.0,440.0,560.8066760204754,440Hz_ongrid,1,1499.9551906399686,1499.955019340189,439.9999989092885,560.8066745860731,599.9999859390258,599.9999989064551,1586.2620366705446,1586.261801541861,1,-0.0001977125915193856,419.9999998634778,-420.0001977125915,-1.3652220332005527e-07,1703.2125707520229,-4.428060839783571e-06
encodec_untrained,random-init-no-quant,24000,20260826,420.0,440.0,560.8066760204754,440Hz_ongrid,2,1499.9553118869871,1499.9548837807945,439.99999891934,560.8066745924334,600.0000040644563,600.0000078226205,1586.2621243137596,1586.2616193538538,1,-0.000494116136057718,419.9999998435635,-420.00049411613605,-1.564364993100753e-07,1703.2124142906307,-4.40842626986922e-06
encodec_untrained,random-init-no-quant,24000,20260826,420.0,440.0,560.8066760204754,440Hz_ongrid,3,1499.955136811568,1499.9549891474967,439.9999989191136,560.806674596946,600.0000007112826,600.0000037511323,1586.2619319185906,1586.261752714954,1,-0.00017043248458365116,419.9999998583849,-420.0001704324846,-1.4161508943288936e-07,1703.2125359038994,-4.394495785270783e-06
encodec_untrained,random-init-no-quant,24000,20260826,420.0,440.0,560.8066760204754,440Hz_ongrid,4,1499.955152067509,1499.9550227948014,439.99999891536487,560.8066745914513,600.0000080296179,599.9999953326591,1586.2619284106017,1586.2618158409377,1,-0.00014920534298411845,419.999999856172,-420.000149205343,-1.4382800372914062e-07,1703.212574739304,-4.411458120857213e-06
encodec_untrained,random-init-no-quant,24000,20260826,420.0,452.8929,577.2394587324399,452.9Hz_+50.0c,0,1499.9553217729238,1499.955007766309,452.8929010351563,577.2394588421017,599.99999355003,599.9999956538876,1586.2621660622344,1586.261797568323,1,-0.0003624234614569531,419.99999637189217,-420.00036242346147,-3.628107833719696e-06,1653.21287896368,3.288937489224741e-07
encodec_untrained,random-init-no-quant,24000,20260826,420.0,452.8929,577.2394587324399,452.9Hz_+50.0c,1,1499.955200933741,1499.955014381596,452.89290105013936,577.2394588442412,600.0000047346165,599.9999958398661,1586.261994318908,1586.2618046670048,1,-0.00021531672784630852,419.99999632103436,-420.00021531672786,-3.678965640574461e-06,1653.2128865989823,3.3531034034544467e-07
encodec_untrained,random-init-no-quant,24000,20260826,420.0,452.8929,577.2394587324399,452.9Hz_+50.0c,2,1499.955148254586,1499.9550064958369,452.89290104154077,577.2394588455115,600.0000057661972,599.9999996396414,1586.2619305406135,1586.2617846015012,1,-0.0001636166155644512,419.9999963577135,-420.00016361661557,-3.6422865150598227e-06,1653.2128774973128,3.3912023955421975e-07
encodec_untrained,random-init-no-quant,24000,20260826,420.0,452.8929,577.2394587324399,452.9Hz_+50.0c,3,1499.9551867288944,1499.955045192031,452.8929010366355,577.239458844186,600.0000002917728,599.9999942800871,1586.2619907431458,1586.2618447286914,1,-0.00016336051293141602,419.99999637248874,-420.00016336051294,-3.6275112620387517e-06,1653.2129221600976,3.3514465912669943e-07
encodec_untrained,random-init-no-quant,24000,20260826,420.0,452.8929,577.2394587324399,452.9Hz_+50.0c,4,1499.9551826696952,1499.9551092864856,452.89290104450555,577.2394588461007,599.9999944531804,599.9999915918802,1586.2620029046732,1586.2619264624338,1,-8.469820679740157e-05,419.99999634814696,-420.0000846982068,-3.6518530350804213e-06,1653.2129961373148,3.408869933392567e-07
encodec_untrained,random-init-no-quant,24000,20260826,425.0,440.0,562.4286903665894,440Hz_ongrid,0,1499.9554332875946,1499.9550662588654,439.9999989135311,562.4286893699356,600.0000110167271,600.0000098663863,1586.262244373159,1586.2618240712807,1,-0.00042362106006058395,425.00000120700565,-425.00042362106007,1.2070056527591078e-06,1698.2126249051191,-3.0678397499088276e-06
encodec_untrained,random-init-no-quant,24000,20260826,425.0,440.0,562.4286903665894,440Hz_ongrid,1,1499.9552510826436,1499.9552190254028,439.9999989136231,562.4286893632791,599.9999857288011,600.0000044853251,1586.2621070394855,1586.2620159194348,1,-3.70001619726763e-05,425.000001186154,-425.00003700016197,1.186154008792073e-06,1698.2128012268126,-3.088329250274838e-06
encodec_untrained,random-init-no-quant,24000,20260826,425.0,440.0,562.4286903665894,440Hz_ongrid,2,1499.9550176586924,1499.9551034226322,439.9999989185473,562.4286893642378,599.9999975844056,599.9999908571417,1586.2618034157217,1586.2619218144366,1,9.898793427539122e-05,425.00000116973007,-424.9999010120657,1.1697300692503632e-06,1698.2126677991894,-3.0853783178427924e-06
encodec_untrained,random-init-no-quant,24000,20260826,425.0,440.0,562.4286903665894,440Hz_ongrid,3,1499.9552150410148,1499.9551275686417,439.99999891348835,562.4286893659796,600.0000096930565,599.9999971344067,1586.2619962943556,1586.2619315711747,1,-0.00010095978431092477,425.0000011949968,-425.00010095978433,1.1949967984037357e-06,1698.2126956682857,-3.08001674289381e-06
encodec_untrained,random-init-no-quant,24000,20260826,425.0,440.0,562.4286903665894,440Hz_ongrid,4,1499.9553593002088,1499.9548803408704,439.9999989099108,562.4286893694546,600.0000077258574,599.9999962962936,1586.2621684730746,1586.2616486414747,1,-0.0005528103498860501,425.0000012197694,-425.00055281034986,1.2197693877169513e-06,1698.2124103203025,-3.069320309572985e-06
encodec_untrained,random-init-no-quant,24000,20260826,425.0,452.8929,578.9090014166518,452.9Hz_+50.0c,0,1499.955203329924,1499.9552766278123,452.8929010539744,578.9090004318741,599.9999915128594,599.9999929292743,1586.2620352344861,1586.262115747301,1,8.459972439447138e-05,424.9999930260755,-424.9999154002756,-6.973924485009775e-06,1648.2131892810855,-2.944989048028017e-06
encodec_untrained,random-init-no-quant,24000,20260826,425.0,452.8929,578.9090014166518,452.9Hz_+50.0c,1,1499.955014315405,1499.9550110602108,452.8929010359291,578.9090004377508,600.0000019407141,599.9999958063468,1586.261786987281,1586.2618009302093,1,-3.757114561171792e-06,424.9999931126301,-425.00000375711454,-6.887369920605124e-06,1648.21288276547,-2.9274147298556317e-06
encodec_untrained,random-init-no-quant,24000,20260826,425.0,452.8929,578.9090014166518,452.9Hz_+50.0c,2,1499.9549592039284,1499.9551772358268,452.89290104099297,578.9090004367105,600.000018226387,599.9999906038581,1586.2616763876108,1586.26200773975,1,0.00025165036909913756,424.9999930901617,-424.9997483496309,-6.909838305091398e-06,1648.213074563802,-2.9305257695443397e-06
encodec_untrained,random-init-no-quant,24000,20260826,425.0,452.8929,578.9090014166518,452.9Hz_+50.0c,3,1499.955276660621,1499.9551037347446,452.8929010403613,578.9090004374283,599.9999537819497,599.9999896399033,1586.2622287404758,1586.2619256868813,1,-0.0001995894057085853,424.9999930947229,-425.0001995894057,-6.905277075475169e-06,1648.2129897295472,-2.9283792175090317e-06
encodec_untrained,random-init-no-quant,24000,20260826,425.0,452.8929,578.9090014166518,452.9Hz_+50.0c,4,1499.9552033988468,1499.955055915934,452.8929010385436,578.9090004390039,599.9999956389117,600.0000073974929,1586.2620234087658,1586.2618192572866,1,-0.000170223385446908,424.9999931063833,-425.00017022338545,-6.893616728120833e-06,1648.2129345375258,-2.9236672974566066e-06
encodec_untrained,random-init-no-quant,24000,20260826,430.0,440.0,564.0553960451207,440Hz_ongrid,0,1499.954984396479,1499.9550186714039,439.99999891247455,564.0553962442372,599.9999919894227,599.9999921360558,1586.261781168494,1586.2618203051989,1,3.955979795180249e-05,430.00000489014315,-429.9999604402021,4.890143145530601e-06,1693.2125699801175,6.111407386957303e-07
encodec_untrained,random-init-no-quant,24000,20260826,430.0,440.0,564.0553960451207,440Hz_ongrid,1,1499.9551685075978,1499.9553217913235,439.9999989057487,564.055396244715,600.0000094419919,599.9999995996269,1586.2619433103464,1586.2621486280243,1,0.000176918615283263,430.0000049180733,-429.9998230813847,4.918073273074697e-06,1693.2129198382574,6.126072673486585e-07
encodec_untrained,random-init-no-quant,24000,20260826,430.0,440.0,564.0553960451207,440Hz_ongrid,2,1499.9554291205072,1499.955146956796,439.9999989210771,564.0553962446,599.9999874710875,599.9999817159791,1586.2623075019023,1586.2619984369783,1,-0.00032567065713410914,430.00000485740895,-430.00032567065716,4.857408953284903e-06,1693.2127180459104,6.122543778851231e-07
encodec_untrained,random-init-no-quant,24000,20260826,430.0,440.0,564.0553960451207,440Hz_ongrid,3,1499.9550991322124,1499.9549906506322,439.99999890933225,564.0553962432724,599.999995958363,599.9999879605793,1586.261902143461,1586.261800011764,1,-0.00012520842259212354,430.0000048995458,-430.0001252084226,4.899545785974624e-06,1693.2125376388046,6.081796193737067e-07
encodec_untrained,random-init-no-quant,24000,20260826,430.0,440.0,564.0553960451207,440Hz_ongrid,4,1499.9550314778203,1499.9549984246546,439.99999890627214,564.0553962435158,599.999977192439,600.0000025414096,1586.261878204409,1586.2617669130852,1,-3.814965464159577e-05,430.0000049123333,-430.00003814965464,4.912333281481551e-06,1693.2125466115087,6.089265302970736e-07
encodec_untrained,random-init-no-quant,24000,20260826,430.0,452.8929,580.5833728989164,452.9Hz_+50.0c,0,1499.9552212226465,1499.9549157532472,452.8929010417291,580.5833714102416,599.9999743765948,600.0000066211602,1586.2621053309058,1586.2616597228441,1,-0.00035256991106138335,429.99999157881297,-430.00035256991106,-8.421187033036404e-06,1643.2127727630607,-4.439060189123768e-06
encodec_untrained,random-init-no-quant,24000,20260826,430.0,452.8929,580.5833728989164,452.9Hz_+50.0c,1,1499.9549318040536,1499.95503281163,452.8929010430802,580.5833714227023,599.9999939521442,599.999990441674,1586.261714803589,1586.2618415146676,1,0.00011658200236903234,429.99999161080444,-429.99988341799764,-8.38919555690154e-06,1643.212907870755,-4.4019039653537955e-06
encodec_untrained,random-init-no-quant,24000,20260826,430.0,452.8929,580.5833728989164,452.9Hz_+50.0c,2,1499.9552801775078,1499.9550184574236,452.89290103818894,580.5833714120233,599.9999687992179,600.0000200159994,1586.2621894689535,1586.2617396137125,1,-0.0003020748460980281,429.99999159765866,-430.0003020748461,-8.402341336477548e-06,1643.2128913032645,-4.433747242185046e-06
encodec_untrained,random-init-no-quant,24000,20260826,430.0,452.8929,580.5833728989164,452.9Hz_+50.0c,3,1499.9551760436502,1499.9550348089404,452.8929010513243,580.5833714101112,600.0000076548589,600.0000078558394,1586.261957164963,1586.2617935732842,1,-0.00016301177123152053,429.9999915417454,-430.00016301177124,-8.458254626475536e-06,1643.212910176032,-4.439449021033798e-06
encodec_untrained,random-init-no-quant,24000,20260826,430.0,452.8929,580.5833728989164,452.9Hz_+50.0c,4,1499.9551300773908,1499.9550986136817,452.8929010478817,580.5833714153858,600.0000054373489,600.0000106588615,1586.261910509522,1586.2618591283053,1,-3.6315116440074034e-05,429.99999157063354,-430.00003631511646,-8.42936645994996e-06,1643.2129838188653,-4.423720645339516e-06
encodec_untrained,random-init-no-quant,24000,20260826,435.0,440.0,565.686806624753,440Hz_ongrid,0,1499.9553343060795,1499.9548795597748,439.99999891906845,565.6868076756547,599.9999853812517,599.9999914496036,1586.2622040979948,1586.2616617245326,1,-0.0005248638993890912,435.0000074692487,-435.0005248638994,7.469248714642163e-06,1688.2124094187693,3.2161911303487074e-06
encodec_untrained,random-init-no-quant,24000,20260826,435.0,440.0,565.686806624753,440Hz_ongrid,1,1499.9552105129221,1499.955127694914,439.99999890854986,565.6868076739122,600.0000005184547,600.0000137383006,1586.262017540379,1586.2618838082064,1,-9.558776057845554e-05,435.00000750530256,-435.0000955877606,7.505302562549332e-06,1688.2126958140282,3.210858194052116e-06
encodec_untrained,random-init-no-quant,24000,20260826,435.0,440.0,565.686806624753,440Hz_ongrid,2,1499.9551405046238,1499.9551685614074,439.99999891552,565.6868076876741,600.0000038925384,600.0000003924235,1586.261927001917,1586.2619694839877,1,3.2382874036727e-05,435.0000075199949,-434.99996761712595,7.519994881022285e-06,1688.2127429817485,3.252975436137987e-06
encodec_untrained,random-init-no-quant,24000,20260826,435.0,440.0,565.686806624753,440Hz_ongrid,3,1499.955114223057,1499.9548473691448,439.99999890248887,565.6868076870429,599.9999941377235,600.000007012826,1586.2619248144267,1586.261579664437,1,-0.00030800029677479545,435.00000756933565,-435.0003080002968,7.569335650714493e-06,1688.2123722646415,3.251043769959815e-06
encodec_untrained,random-init-no-quant,24000,20260826,435.0,440.0,565.686806624753,440Hz_ongrid,4,1499.9551194796006,1499.954992996831,439.9999989097219,565.6868076864712,600.0000168061382,599.9999906634525,1586.2618654742614,1586.2617949208816,1,-0.0001459852257770728,435.0000075391267,-435.0001459852258,7.539126727351686e-06,1688.2125403467653,3.2492939302696565e-06
encodec_untrained,random-init-no-quant,24000,20260826,435.0,452.8929,582.2625871455082,452.9Hz_+50.0c,0,1499.9553386553168,1499.9550908937572,452.8929010456664,582.2625841812893,599.9999841487423,599.9999951135225,1586.2622126741132,1586.2618950724084,1,-0.0002859640366294047,434.99998718934756,-435.0002859640366,-1.2810652435746306e-05,1638.2129749086012,-8.813474922109794e-06
encodec_untrained,random-init-no-quant,24000,20260826,435.0,452.8929,582.2625871455082,452.9Hz_+50.0c,1,1499.9553310305137,1499.954961884465,452.8929010391742,582.2625841833934,599.9999996768031,600.0000200555062,1586.2621590691253,1586.2616742037394,1,-0.0004260648792032579,434.9999872204209,-435.0004260648792,-1.2779579094512883e-05,1638.2128260072836,-8.807218630116006e-06
encodec_untrained,random-init-no-quant,24000,20260826,435.0,452.8929,582.2625871455082,452.9Hz_+50.0c,2,1499.9551772236828,1499.9552143206777,452.8929010501156,582.2625841801537,599.9999805710701,599.9999907666288,1586.2620366742417,1586.2620500730761,1,4.281699953002136e-05,434.9999871689635,-434.99995718300045,-1.2831036485749792e-05,1638.213117366785,-8.816851397730539e-06
encodec_untrained,random-init-no-quant,24000,20260826,435.0,452.8929,582.2625871455082,452.9Hz_+50.0c,3,1499.9551398025365,1499.9552810495609,452.89290103657817,582.2625841772656,599.9999937732459,600.0000171005653,1586.2619553896805,1586.2620511072387,1,0.000163025973136414,434.99998721212455,-434.9998369740269,-1.2787875448339037e-05,1638.2131943846261,-8.82543856692895e-06
encodec_untrained,random-init-no-quant,24000,20260826,435.0,452.8929,582.2625871455082,452.9Hz_+50.0c,4,1499.955019086479,1499.9550934011447,452.8929010529785,582.2625841811619,599.9999953379717,599.9999864973489,1586.2618115454982,1586.2619228274332,1,8.577328976984428e-05,434.99998716101726,-434.99991422671025,-1.2838982740959182e-05,1638.212977802604,-8.813853759330065e-06
encodec_untrained,random-init-no-quant,24000,20260826,440.0,440.0,567.3229357134148,440Hz_ongrid,0,1499.9551170986078,1499.9551686033294,439.99999891540347,567.3229368112545,599.999993510525,599.9999950639439,1586.261929943073,1586.2619849071161,1,5.9446262668095695e-05,440.0000076176293,-439.9999405537373,7.617629307787865e-06,1683.2127430301343,3.350150738260593e-06
encodec_untrained,random-init-no-quant,24000,20260826,440.0,440.0,567.3229357134148,440Hz_ongrid,1,1499.9550484401702,1499.9551207389459,439.99999891600413,567.3229367999955,600.000002157552,599.9999940107417,1586.2618257481038,1586.2619327013963,1,8.344656663806752e-05,440.0000075809081,-439.99991655343337,7.58090811814327e-06,1683.2126877855153,3.315793220250962e-06
encodec_untrained,random-init-no-quant,24000,20260826,440.0,440.0,567.3229357134148,440Hz_ongrid,2,1499.955217237717,1499.9550020790323,439.9999989158665,567.3229368068372,599.999998308344,600.000002184269,1586.262031679105,1586.2617721614233,1,-0.00024833412588853843,440.0000076023276,-440.0002483341259,7.6023276278647245e-06,1683.212550829357,3.3366709758326927e-06
encodec_untrained,random-init-no-quant,24000,20260826,440.0,440.0,567.3229357134148,440Hz_ongrid,3,1499.9552311716902,1499.955225416545,439.99999891392747,567.3229368129316,599.999994771102,599.9999810119032,1586.2620579678874,1586.2620910260102,1,-6.64253372119296e-06,440.00000762855456,-440.0000066425337,7.628554556049494e-06,1683.2128086034083,3.3552687887072964e-06
encodec_untrained,random-init-no-quant,24000,20260826,440.0,440.0,567.3229357134148,440Hz_ongrid,4,1499.9551971186463,1499.9550823679836,439.9999989118785,567.3229368114529,599.9999937397549,600.0000263596959,1586.2620216400262,1586.261795074643,1,-0.00013244413058364395,440.0000076321039,-440.0001324441306,7.632103915966582e-06,1683.212643498112,3.350756185868642e-06
encodec_untrained,random-init-no-quant,24000,20260826,440.0,452.8929,583.9466581630954,452.9Hz_+50.0c,0,1499.9549997629877,1499.95509786394,452.89290104557364,583.9466600794661,600.0000095826452,599.9999904265474,1586.261748141065,1586.2619166410789,1,0.00011322719893726536,440.0000016846654,-439.99988677280106,1.6846653920765675e-06,1633.2129829535206,5.681488449479438e-06
encodec_untrained,random-init-no-quant,24000,20260826,440.0,452.8929,583.9466581630954,452.9Hz_+50.0c,1,1499.9551001088366,1499.9549793078031,452.89290104061826,583.9466600784738,599.9999949095996,599.999990271465,1586.261906296763,1586.26178025217,1,-0.0001394274207495789,440.0000017006659,-440.0001394274208,1.7006659049911832e-06,1633.2128461171383,5.678546550725046e-06
encodec_untrained,random-init-no-quant,24000,20260826,440.0,452.8929,583.9466581630954,452.9Hz_+50.0c,2,1499.9550741145672,1499.9552169501173,452.89290103511706,583.9466600783381,600.0000119200749,599.999991089569,1586.2618272125653,1586.262052176142,1,0.00016485944169295362,440.0000017212926,-439.99983514055833,1.7212926195497857e-06,1633.2131204016596,5.6781444566316064e-06
encodec_untrained,random-init-no-quant,24000,20260826,440.0,452.8929,583.9466581630954,452.9Hz_+50.0c,3,1499.955182321304,1499.9551210413154,452.8929010466477,583.9466600797963,600.0000093702712,600.0000078486632,1586.2619594609378,1586.261893122587,1,-7.072878325339974e-05,440.00000168153855,-440.00007072878327,1.6815385492918722e-06,1633.2130097046286,5.682467160341672e-06
encodec_untrained,random-init-no-quant,24000,20260826,440.0,452.8929,583.9466581630954,452.9Hz_+50.0c,4,1499.9552287699005,1499.9550309888214,452.89290104721164,583.9466600767181,599.9999968396588,599.9999997294523,1586.262049227171,1586.2618126119355,1,-0.00022827705423879722,440.00000167025695,-440.00022827705425,1.6702569496374053e-06,1633.2129057668863,5.673341238947534e-06
encodec_untrained,random-init-no-quant,24000,20260826,445.0,440.0,568.9637969583925,440Hz_ongrid,0,1499.9549850177646,1499.955176888627,439.9999989111741,568.9637983392051,599.9999899208443,599.9999988138737,1586.261787854232,1586.2619836499175,1,0.0002214555450286368,445.0000084856342,-444.99977854445495,8.485634225507965e-06,1678.212752592946,4.201514634809601e-06
encodec_untrained,random-init-no-quant,24000,20260826,445.0,440.0,568.9637969583925,440Hz_ongrid,1,1499.9552730785745,1499.9550114127744,439.99999891285734,568.9637983364211,600.0000098356006,600.000005788434,1586.2620628694588,1586.2617725349194,1,-0.0003020121934074671,445.0000084705399,-445.0003020121934,8.470539910376829e-06,1678.2125616022747,4.19304336564639e-06
encodec_untrained,random-init-no-quant,24000,20260826,445.0,440.0,568.9637969583925,440Hz_ongrid,2,1499.955161734942,1499.9551582955048,439.99999891003506,568.9637983313286,599.9999994224324,600.000021082446,1586.2619644037486,1586.2618979363958,1,-3.969765829330251e-06,445.00000846614904,-445.0000039697658,8.466149040486926e-06,1678.2127311329405,4.177548135410777e-06
encodec_untrained,random-init-no-quant,24000,20260826,445.0,440.0,568.9637969583925,440Hz_ongrid,3,1499.955264349894,1499.9550614529676,439.9999989094809,568.9637983360617,599.9999976597056,599.9999998356288,1586.2620879271053,1586.2618474670066,1,-0.0002341817116672094,445.0000084827316,-445.0002341817117,8.482731573167257e-06,1678.212619358197,4.191950100251816e-06
encodec_untrained,random-init-no-quant,24000,20260826,445.0,440.0,568.9637969583925,440Hz_ongrid,4,1499.9553161980289,1499.9551680627296,439.999998906721,568.9637983367724,600.0000018838953,600.0000034172043,1586.2621355812917,1586.2619601807462,1,-0.00017097635092082868,445.00000849575304,-445.00017097635094,8.495753036186215e-06,1678.212742406179,4.194112413136654e-06
encodec_untrained,random-init-no-quant,24000,20260826,445.0,452.8929,585.6355999988581,452.9Hz_+50.0c,0,1499.9552884337147,1499.9550820847278,452.89290104126053,585.6356010804783,599.9999920926714,600.0000077514907,1586.2621317874864,1586.261848439641,1,-0.0002381660437595671,444.9999992171097,-445.00023816604374,-7.828903108020313e-07,1628.212964741302,3.197445319168407e-06
encodec_untrained,random-init-no-quant,24000,20260826,445.0,452.8929,585.6355999988581,452.9Hz_+50.0c,1,1499.954966377671,1499.9552738123439,452.8929010470849,585.6356010809898,599.9999863960028,599.9999956462266,1586.2617765105529,1586.2621046582472,1,0.00035483819900648073,444.9999991963575,-444.99964516180097,-8.036424787860597e-07,1628.2131860314992,3.198957208338354e-06
encodec_untrained,random-init-no-quant,24000,20260826,445.0,452.8929,585.6355999988581,452.9Hz_+50.0c,2,1499.955084828226,1499.955198267808,452.89290104310214,585.6356010837944,599.9999873642232,599.9999963968572,1586.2619104313806,1586.2620152996012,1,0.00013093089364276333,444.9999992198732,-444.99986906910635,-7.801268111506943e-07,1628.2130988387153,3.207248188663128e-06
encodec_untrained,random-init-no-quant,24000,20260826,445.0,452.8929,585.6355999988581,452.9Hz_+50.0c,3,1499.9551504702426,1499.9551054852675,452.89290105140935,585.6356010802448,599.9999868279394,600.0000091064791,1586.261987742165,1586.2618715386536,1,-5.192123359114052e-05,444.99999917762455,-445.0000519212336,-8.223754548453144e-07,1628.2129917499844,3.1967549166895797e-06
encodec_untrained,random-init-no-quant,24000,20260826,445.0,452.8929,585.6355999988581,452.9Hz_+50.0c,4,1499.955336642732,1499.9550996464845,452.8929010509726,585.6356010791986,599.9999759207154,599.9999967861927,1586.262234092275,1586.2619003484172,1,-0.0002735388150578631,444.9999991762014,-445.00027353881507,-8.237985866799136e-07,1628.2129850109163,3.1936623287485045e-06
encodec_untrained,random-init-no-quant,24000,20260826,450.0,440.0,570.6094040464443,440Hz_ongrid,0,1499.9553532667285,1499.9548948291558,439.9999989151257,570.6094054963764,600.0000050975763,600.0000047896843,1586.262169092906,1586.261640856974,1,-0.0005291243199965075,450.00000866767857,-450.00052912432,8.667678571327997e-06,1673.212427042547,4.399106978419439e-06
encodec_untrained,random-init-no-quant,24000,20260826,450.0,440.0,570.6094040464443,440Hz_ongrid,1,1499.9553599847861,1499.9550676795454,439.9999989113294,570.6094054967531,599.9999945559823,600.0000091467953,1586.2622072634342,1586.261827787317,1,-0.0003373759300393062,450.00000868375827,-450.00033737593003,8.683758267125086e-06,1673.2126265448546,4.400249832856036e-06
encodec_untrained,random-init-no-quant,24000,20260826,450.0,440.0,570.6094040464443,440Hz_ongrid,2,1499.9551555376202,1499.955222010366,439.99999891466115,570.6094054943854,599.99998017859,599.9999868577926,1586.2620127768516,1586.262070226959,1,7.67222124741499e-05,450.00000866346556,-449.9999232777875,8.66346556449571e-06,1673.2128046720288,4.393066341145065e-06
encodec_untrained,random-init-no-quant,24000,20260826,450.0,440.0,570.6094040464443,440Hz_ongrid,3,1499.9551063132697,1499.9551841365228,439.99999890744937,570.6094054952539,599.999993674855,600.0000056107248,1586.261917020581,1586.2619724038036,1,8.982286299442727e-05,450.00000869447626,-449.999910177137,8.694476264281548e-06,1673.2127609583988,4.395701479780414e-06
encodec_untrained,random-init-no-quant,24000,20260826,450.0,440.0,570.6094040464443,440Hz_ongrid,4,1499.9552533963208,1499.9550629004698,439.9999989069737,570.6094054952662,600.0000066142554,600.000003598029,1586.2620494472264,1586.2618382817077,1,-0.00021986850853125589,450.0000086963849,-450.0002198685085,8.696384895756637e-06,1673.2126210288905,4.395738383253644e-06
encodec_untrained,random-init-no-quant,24000,20260826,450.0,452.8929,587.3294267406043,452.9Hz_+50.0c,0,1499.9552061485647,1499.9552880681422,452.89290103844087,587.3294256986783,599.9999981157282,600.0000102733742,1586.2620194358824,1586.262078907127,1,9.455079543485199e-05,449.9999929592232,-449.99990544920456,-7.040776779376756e-06,1623.2132024854052,-3.071219877424586e-06
encodec_untrained,random-init-no-quant,24000,20260826,450.0,452.8929,587.3294267406043,452.9Hz_+50.0c,1,1499.955004639024,1499.955199908065,452.89290104255247,587.3294257043772,600.0000106742135,600.0000050485947,1586.2617506193405,1586.2619922291326,1,0.00022537768756817017,449.99999296030467,-449.99977462231243,-7.039695333332929e-06,1623.2131007318844,-3.054421493220042e-06
encodec_untrained,random-init-no-quant,24000,20260826,450.0,452.8929,587.3294267406043,452.9Hz_+50.0c,2,1499.9550287128027,1499.9551023853448,452.89290104244003,587.3294257037928,599.9999970665226,600.0000010002803,1586.2618176685667,1586.2618913502974,1,8.503215619840642e-05,449.99999295901193,-449.9999149678438,-7.040988066364662e-06,1623.212988172083,-3.056144039722713e-06
encodec_untrained,random-init-no-quant,24000,20260826,450.0,452.8929,587.3294267406043,452.9Hz_+50.0c,3,1499.9553036815223,1499.9552189079564,452.89290105209614,587.3294256959049,599.9999903863202,600.0000106729749,1586.2621543098494,1586.261997930096,1,-9.784484094529713e-05,449.9999928988496,-450.0000978448409,-7.101150401922496e-06,1623.2131226613783,-3.079394765602723e-06
encodec_untrained,random-init-no-quant,24000,20260826,450.0,452.8929,587.3294267406043,452.9Hz_+50.0c,4,1499.9551178955248,1499.955117499178,452.89290103926595,587.3294257039084,599.9999740982836,599.9999869698714,1586.2619868747572,1586.2619492777444,1,-4.574598761126722e-07,449.9999929714859,-450.00000045745986,-7.028514119156171e-06,1623.2130056163269,-3.055803259210636e-06
encodec_untrained,random-init-no-quant,24000,20260826,455.0,440.0,572.2597707039146,440Hz_ongrid,0,1499.9551408309967,1499.9551080540045,439.99999891706454,572.259772076842,599.9999980653319,600.0000018121327,1586.2619441923775,1586.2618955505002,1,-3.7830894925392e-05,455.0000084144035,-455.00003783089494,8.414403509959811e-06,1668.2126731446756,4.153460930901248e-06
encodec_untrained,random-init-no-quant,24000,20260826,455.0,440.0,572.2597707039146,440Hz_ongrid,1,1499.9549891132312,1499.9553748584717,439.99999891464336,572.2597720737937,599.9999826111648,600.0000021582962,1586.2618136724586,1586.262202494858,1,0.00044522349889323837,455.00000841470825,-454.9995547765011,8.414708247528324e-06,1668.2129810878496,4.144239291115345e-06
encodec_untrained,random-init-no-quant,24000,20260826,455.0,440.0,572.2597707039146,440Hz_ongrid,2,1499.9554513047976,1499.955231453711,439.9999989173117,572.2597720714225,600.0000184683901,599.9999964409203,1586.2622436674865,1586.2620534753157,1,-0.00025375001276253784,455.00000839703597,-455.00025375001275,8.397035969665012e-06,1668.212815571448,4.13706579409398e-06
encodec_untrained,random-init-no-quant,24000,20260826,455.0,440.0,572.2597707039146,440Hz_ongrid,3,1499.9551890824969,1499.9554211402715,439.9999989153732,572.25977207085,600.0000106233931,600.0000084091965,1586.2619636488969,1586.2622378765789,1,0.0002678388613647209,455.0000084029311,-454.99973216113864,8.402931086948229e-06,1668.2130345058563,4.135333637318976e-06
encodec_untrained,random-init-no-quant,24000,20260826,455.0,440.0,572.2597707039146,440Hz_ongrid,4,1499.9551542484778,1499.955163803789,439.9999989156424,572.2597720797123,600.000006476473,599.9999984722965,1586.261935409284,1586.261969533105,1,1.1028649865897388e-05,455.0000084286829,-454.99998897135015,8.42868291783816e-06,1668.2127374905501,4.162144779446934e-06
encodec_untrained,random-init-no-quant,24000,20260826,455.0,452.8929,589.0281525168884,452.9Hz_+50.0c,0,1499.955287134301,1499.9552149146684,452.89290103996154,589.0281505826418,600.0000178317117,599.9999826855832,1586.2620560205446,1586.262074075624,1,-8.33552113024902e-05,454.99999033961564,-455.0000833552113,-9.660384364451602e-06,1618.2131180523634,-5.6850144796890235e-06
encodec_untrained,random-init-no-quant,24000,20260826,455.0,452.8929,589.0281525168884,452.9Hz_+50.0c,1,1499.955068500045,1499.9553144695751,452.89290105332384,589.028150586845,600.0000151541424,599.9999948324129,1586.2618114007907,1586.2621539326049,1,0.00028389569766856126,454.9999903008902,-454.9997161043023,-9.69910979620181e-06,1618.2132329576864,-5.67266104195331e-06
encodec_untrained,random-init-no-quant,24000,20260826,455.0,452.8929,589.0281525168884,452.9Hz_+50.0c,2,1499.955210407485,1499.9552351806303,452.8929010466714,589.0281505831455,599.9999866372245,600.0000030320158,1586.2620574714485,1586.2620387590089,1,2.8592928525096712e-05,454.99999031544684,-454.9999714070715,-9.684553162969678e-06,1618.2131414431437,-5.683534304433811e-06
encodec_untrained,random-init-no-quant,24000,20260826,455.0,452.8929,589.0281525168884,452.9Hz_+50.0c,3,1499.9551070350794,1499.9552088771347,452.8929010470178,589.0281505858412,599.9999904469294,600.0000034649399,1586.2619271675117,1586.2620071506094,1,0.0001175451364439088,454.9999903220457,-454.99988245486355,-9.677954324160964e-06,1618.2131110838993,-5.675611013361811e-06
encodec_untrained,random-init-no-quant,24000,20260826,455.0,452.8929,589.0281525168884,452.9Hz_+50.0c,4,1499.955167687696,1499.9550505943926,452.8929010390082,589.0281505800255,600.0000018449288,599.9999934633408,1586.2619642845145,1586.2618533206776,1,-0.00013514798716167577,454.9999903355699,-455.0001351479872,-9.664430081102182e-06,1618.212928395453,-5.69270443317376e-06
encodec_untrained,random-init-no-quant,24000,20260826,460.0,440.0,573.9149106968482,440Hz_ongrid,0,1499.9553445807746,1499.9550462939296,439.999998910867,573.9149117913183,599.9999981311751,600.0000082887788,1586.2621791684462,1586.2618055799524,1,-0.0003442798451046699,460.000007586834,-460.0003442798451,7.586833987716091e-06,1663.212601861778,3.3015065787565525e-06
encodec_untrained,random-init-no-quant,24000,20260826,460.0,440.0,573.9149106968482,440Hz_ongrid,1,1499.9553183214737,1499.9551755721698,439.999998916841,573.9149117945964,599.9999902126341,599.9999939410558,1586.2621717082932,1586.2619961904559,1,-0.0001647598858530703,460.00000757321703,-460.0001647598859,7.573217033041146e-06,1663.2127510735043,3.311395171943762e-06
encodec_untrained,random-init-no-quant,24000,20260826,460.0,440.0,573.9149106968482,440Hz_ongrid,2,1499.95520370481,1499.9551170698228,439.99999891843123,573.914911793991,599.9999952742759,600.0000061206371,1586.2620248140222,1586.2618935247572,1,-9.999328209627158e-05,460.0000075651339,-460.0000999932821,7.5651338988791395e-06,1663.2126835506483,3.3095688344288996e-06
encodec_untrained,random-init-no-quant,24000,20260826,460.0,440.0,573.9149106968482,440Hz_ongrid,3,1499.9551849984036,1499.9551090673478,439.99999891206267,573.9149117919081,599.9999995336004,599.9999950432267,1586.2619909334528,1586.261916251026,1,-8.763890672934036e-05,460.00000758390894,-460.00008763890673,7.583908939068351e-06,1663.2126743142671,3.303286018107497e-06
encodec_untrained,random-init-no-quant,24000,20260826,460.0,440.0,573.9149106968482,440Hz_ongrid,4,1499.9551748566219,1499.955216427323,439.99999891609207,573.9149117938755,599.9999810930888,599.9999949211084,1586.2620324359748,1586.262040517252,1,4.798050877978809e-05,460.00000757398914,-459.9999520194912,7.573989137199533e-06,1663.212798228134,3.3092205579000707e-06
encodec_untrained,random-init-no-quant,24000,20260826,460.0,452.8929,590.7317914971287,452.9Hz_+50.0c,0,1499.955250724394,1499.9551105548524,452.8929010475451,590.7317935919162,599.9999955384267,600.0000009091068,1586.2620783214008,1586.2619010425374,1,-0.00016178235612031324,460.0000021347513,-460.00016178235614,2.134751298399351e-06,1613.2129976012516,6.139109968870769e-06
encodec_untrained,random-init-no-quant,24000,20260826,460.0,452.8929,590.7317914971287,452.9Hz_+50.0c,1,1499.9549094001952,1499.9550921309642,452.89290104382076,590.7317935964691,600.0000091926865,599.9999990969297,1586.261644970354,1586.2618850066967,1,0.0002109061464765354,460.0000021623306,-459.9997890938535,2.162330588362238e-06,1613.2129763365733,6.152452880897092e-06
encodec_untrained,random-init-no-quant,24000,20260826,460.0,452.8929,590.7317914971287,452.9Hz_+50.0c,2,1499.9549353791635,1499.9551638365683,452.8929010514704,590.7317935970945,600.0000119527431,600.0000045593088,1586.2616669911984,1586.2619520075343,1,0.00026368339367155734,460.0000021349216,-459.99973631660635,2.134921601282258e-06,1613.213059098505,6.154285753399001e-06
encodec_untrained,random-init-no-quant,24000,20260826,460.0,452.8929,590.7317914971287,452.9Hz_+50.0c,3,1499.955198898965,1499.9551712523855,452.8929010371793,590.7317935982069,599.9999924062624,599.9999865913912,1586.2620275424993,1586.2620124112514,1,-3.190941979280013e-05,460.00000219281117,-460.0000319094198,2.1928111664237804e-06,1613.2130676577708,6.15754594460887e-06
encodec_untrained,random-init-no-quant,24000,20260826,460.0,452.8929,590.7317914971287,452.9Hz_+50.0c,4,1499.9551271727728,1499.955153760416,452.8929010509859,590.7317935937159,600.0000008258774,600.000020374672,1586.261920462934,1586.2618947442431,1,3.06872063665428e-05,460.0000021268724,-459.9999693127936,2.126872402641311e-06,1613.2130474687053,6.144384090247939e-06
encodec_untrained,random-init-no-quant,24000,20260826,465.0,440.0,575.5748378311057,440Hz_ongrid,0,1499.95520420304,1499.9552203859353,439.9999989082403,575.5748388870159,599.9999976039719,599.9999987003242,1586.2620186669926,1586.2620341817326,1,1.867814398299202e-05,465.0000074716661,-464.999981321856,7.471666094716056e-06,1658.2128027971264,3.1760032479731208e-06
encodec_untrained,random-init-no-quant,24000,20260826,465.0,440.0,575.5748378311057,440Hz_ongrid,1,1499.955450586093,1499.955086710085,439.9999989124412,575.574838890396,599.9999949225316,600.0000035725801,1586.2623107769502,1586.2618658359718,1,-0.0004199822140983371,465.0000074653042,-465.0004199822141,7.465304179277155e-06,1658.2126485097242,3.1861701548551874e-06
encodec_untrained,random-init-no-quant,24000,20260826,465.0,440.0,575.5748378311057,440Hz_ongrid,2,1499.9550890633634,1499.9551009538409,439.999998910909,575.5748388905502,600.0000013876019,600.0000182483515,1586.261874856618,1586.2618399306566,1,1.3723877337929947e-05,465.00000747179627,-464.9999862761227,7.4717962661452475e-06,1658.2126649497336,3.1866337547379656e-06
encodec_untrained,random-init-no-quant,24000,20260826,465.0,440.0,575.5748378311057,440Hz_ongrid,3,1499.955312337889,1499.9551272566798,439.9999989163602,575.574838888643,599.9999882691816,600.0000013053753,1586.2621704097157,1586.2619191762396,1,-0.00021361897123676752,465.00000744461147,-465.00021361897126,7.444611469509255e-06,1658.2126953082222,3.180897186702544e-06
encodec_untrained,random-init-no-quant,24000,20260826,465.0,440.0,575.5748378311057,440Hz_ongrid,4,1499.9552623011564,1499.9551978006755,439.99999890747284,575.5748388942255,599.9999922954694,599.9999969085695,1586.2621010403864,1586.2620132839515,1,-7.444584116810655e-05,465.00000749637127,-465.00007444584116,7.496371267734503e-06,1658.2127767294342,3.197689035856367e-06
encodec_untrained,random-init-no-quant,24000,20260826,465.0,452.8929,592.4403578917254,452.9Hz_+50.0c,0,1499.9553796435412,1499.9550063343165,452.89290104677326,592.4403574796454,600.0000041266734,599.9999741525326,1586.2622023382028,1586.2618579553287,1,-0.00043086996440858143,464.9999947944081,-465.0004308699644,-5.2055918899895914e-06,1608.2128773108873,-1.2041835918556294e-06
encodec_untrained,random-init-no-quant,24000,20260826,465.0,452.8929,592.4403578917254,452.9Hz_+50.0c,1,1499.9551330205984,1499.9551114970827,452.8929010439133,592.4403574783365,600.0000010350166,599.9999857907078,1586.2619266089905,1586.2619457525298,1,-2.484223866200497e-05,464.9999948015158,-465.00002484223864,-5.198484188895236e-06,1608.2129986887649,-1.2080082908982587e-06
encodec_untrained,random-init-no-quant,24000,20260826,465.0,452.8929,592.4403578917254,452.9Hz_+50.0c,2,1499.955238319195,1499.955042885521,452.8929010404332,592.4403574787306,600.0000119164001,599.9999885824991,1586.2620167465964,1586.261858506303,1,-0.00022556769966589638,464.9999948159704,-465.00022556769966,-5.184029589599959e-06,1608.2129194979452,-1.2068567872063943e-06
encodec_untrained,random-init-no-quant,24000,20260826,465.0,452.8929,592.4403578917254,452.9Hz_+50.0c,3,1499.955048410626,1499.9550506950357,452.8929010344648,592.4403574786036,599.9999879536117,599.9999993376024,1586.261866697913,1586.2618364873033,1,2.636644378624219e-06,464.9999948384143,-464.99999736335565,-5.161585704627214e-06,1608.2129285116139,-1.207227936201385e-06
encodec_untrained,random-init-no-quant,24000,20260826,465.0,452.8929,592.4403578917254,452.9Hz_+50.0c,4,1499.9550883327588,1499.9549781086844,452.89290105324926,592.440357479481,599.9999891491345,599.9999937232867,1586.2619093261137,1586.2617689083058,1,-0.00012721959418632794,464.9999947691726,-465.00012721959416,-5.2308274121060094e-06,1608.212844733126,-1.2046639136259454e-06
encodec_untrained,random-init-no-quant,24000,20260826,470.0,440.0,577.2395659524775,440Hz_ongrid,0,1499.9550881104367,1499.9552098690149,439.9999989100832,577.2395660431197,599.9999842751553,600.0000007899081,1586.2619231328435,1586.2620160139386,1,0.0001405325996476823,470.0000045602619,-469.99985946740037,4.56026191386627e-06,1653.212790658597,2.718505894530593e-07
encodec_untrained,random-init-no-quant,24000,20260826,470.0,440.0,577.2395659524775,440Hz_ongrid,1,1499.9553371789893,1499.9550808285314,439.99999890303116,577.2395660405392,599.999990846513,600.0000183489375,1586.2621916444689,1586.261816411984,1,-0.00029587726264773044,470.00000458026994,-470.00029587726266,4.580269944653992e-06,1653.2126417212908,2.6411123915810055e-07
encodec_untrained,random-init-no-quant,24000,20260826,470.0,440.0,577.2395659524775,440Hz_ongrid,2,1499.9551559172983,1499.955251113312,439.99999890550345,577.2395660432798,600.0000021274453,600.000006809423,1586.261949884062,1586.2620462490652,1,0.00010987433485327972,470.00000457876183,-469.99989012566516,4.578761831908196e-06,1653.2128382623719,2.723303346061952e-07
encodec_untrained,random-init-no-quant,24000,20260826,470.0,440.0,577.2395659524775,440Hz_ongrid,3,1499.9552305844313,1499.9551174914654,439.99999891569007,577.2395660426198,599.9999976024226,600.0000089003365,1586.2620491206142,1586.261885990896,1,-0.00013053082969288,470.00000453670185,-470.00013053082967,4.536701851520775e-06,1653.212684037304,2.7035138584950864e-07
encodec_untrained,random-init-no-quant,24000,20260826,470.0,440.0,577.2395659524775,440Hz_ongrid,4,1499.9552336003487,1499.9549928808494,439.99999890915086,577.2395660431457,600.0000031124683,600.0000093878338,1586.262036702926,1586.2617407598725,1,-0.000277836176390543,470.0000045640084,-470.0002778361764,4.564008406759967e-06,1653.2125402129002,2.7192862492267994e-07
encodec_untrained,random-init-no-quant,24000,20260826,470.0,452.8929,594.153865952179,452.9Hz_+50.0c,0,1499.955091285307,1499.955018575703,452.8929010489734,594.1538640405918,600.0000009484457,599.9999930720844,1586.261878688301,1586.2618174939337,1,-8.392074264308193e-05,469.99999042023506,-470.00008392074267,-9.579764935097046e-06,1603.2128914397813,-5.569945989790292e-06
encodec_untrained,random-init-no-quant,24000,20260826,470.0,452.8929,594.153865952179,452.9Hz_+50.0c,1,1499.955331678316,1499.9551854499646,452.8929010506136,594.1538640367031,599.9999935193377,599.9999926222395,1586.2621775835023,1586.2620113966125,1,-0.0001687753681642915,469.9999904026344,-470.00016877536814,-9.597365590252593e-06,1603.2130840444825,-5.5812765093707764e-06
encodec_untrained,random-init-no-quant,24000,20260826,470.0,452.8929,594.153865952179,452.9Hz_+50.0c,2,1499.9551981724326,1499.9551515577764,452.8929010350371,594.1538640395894,599.9999896779511,599.9999769832102,1586.2620345761848,1586.262017403271,1,-5.3802194458027294e-05,469.99999047058765,-470.0000538021945,-9.529412352549116e-06,1603.2130449264394,-5.5728665537432195e-06
encodec_untrained,random-init-no-quant,24000,20260826,470.0,452.8929,594.153865952179,452.9Hz_+50.0c,3,1499.9550734448123,1499.9551912791987,452.8929010354486,594.1538640387236,600.000000112982,599.9999810849447,1586.261860507609,1586.2620514142561,1,0.0001360033360126423,469.99999046649157,-469.999863996664,-9.533508432468807e-06,1603.213090772529,-5.575389444328687e-06
encodec_untrained,random-init-no-quant,24000,20260826,470.0,452.8929,594.153865952179,452.9Hz_+50.0c,4,1499.9551561021838,1499.9550005778656,452.89290104455125,594.1538640365844,599.9999972490599,599.9999989249732,1586.2619641735002,1586.2617798331307,1,-0.00017950470583593414,469.9999904254628,-470.00017950470584,-9.574537216394674e-06,1603.2128706668457,-5.581622479434304e-06
encodec_untrained,random-init-no-quant,24000,20260826,475.0,440.0,578.9091089468005,440Hz_ongrid,0,1499.9551864855584,1499.955079434348,439.9999989111601,578.9091079645309,599.9999825468851,599.9999903494695,1586.2620416632135,1586.2618955922167,1,-0.0001235574961975269,475.00000134668625,-475.0001235574962,1.346686246961326e-06,1648.2126401121375,-2.9374880326510003e-06
encodec_untrained,random-init-no-quant,24000,20260826,475.0,440.0,578.9091089468005,440Hz_ongrid,1,1499.9550994503002,1499.9552259825361,439.99999891324904,578.9091079688961,600.000008744036,599.9999957734072,1586.2618656189409,1586.2620490865731,1,0.00014604230890154557,475.0000013515214,-474.9998539576911,1.3515214050130453e-06,1648.21280925667,-2.924433813351734e-06
encodec_untrained,random-init-no-quant,24000,20260826,475.0,440.0,578.9091089468005,440Hz_ongrid,2,1499.9550623452938,1499.9551804006908,439.99999891288553,578.9091079656208,600.0000108458315,600.0000069708402,1586.2618167281917,1586.2619641674783,1,0.00013625842548576811,475.00000134315684,-474.99986374157453,1.3431568390842585e-06,1648.2127566465372,-2.934228610246372e-06
encodec_untrained,random-init-no-quant,24000,20260826,475.0,440.0,578.9091089468005,440Hz_ongrid,3,1499.9552055962554,1499.9551092596896,439.99999891248183,578.909107967976,600.0000118671031,599.9999882158372,1586.261979120332,1586.2619361727072,1,-0.00011119075261632307,475.00000135178817,-475.0001111907526,1.351788171177759e-06,1648.2126745362661,-2.9271856207916917e-06
encodec_untrained,random-init-no-quant,24000,20260826,475.0,440.0,578.9091089468005,440Hz_ongrid,4,1499.955192115494,1499.9550934117005,439.9999989078032,578.9091079676218,599.9999721037543,600.0000010643912,1586.2620782937386,1586.2618808080167,1,-0.00011392298543534168,475.0000013691376,-475.00011392298546,1.3691375784219417e-06,1648.2126562446663,-2.9282446735956437e-06
encodec_untrained,random-init-no-quant,24000,20260826,475.0,452.8929,595.8723299712101,452.9Hz_+50.0c,0,1499.955226531935,1499.9551101786205,452.89290104742594,595.8723313365354,599.9999955870773,600.0000128574559,1586.262050258319,1586.2618661326464,1,-0.00013429389368521934,474.99999996288165,-475.00013429389367,-3.711835461217561e-08,1598.2129971670083,3.966785095941034e-06
encodec_untrained,random-init-no-quant,24000,20260826,475.0,452.8929,595.8723299712101,452.9Hz_+50.0c,1,1499.9549543119758,1499.9549180794477,452.89290103921246,595.8723313310392,600.0000081476289,600.0000119684338,1586.2616998225128,1586.2616469787533,1,-4.1819247314699096e-05,474.99999997831014,-475.0000418192473,-2.1689857021556236e-08,1598.2127754479397,3.950816655541332e-06
encodec_untrained,random-init-no-quant,24000,20260826,475.0,452.8929,595.8723299712101,452.9Hz_+50.0c,2,1499.9551192932065,1499.9551067899358,452.8929010403313,595.8723313292473,599.9999958629721,600.0000017764652,1586.2619256883302,1586.2618941944388,1,-1.4431157121042425e-05,474.99999996882735,-475.0000144311571,-3.117264668617281e-08,1598.2129932558207,3.945610959347445e-06
encodec_untrained,random-init-no-quant,24000,20260826,475.0,452.8929,595.8723299712101,452.9Hz_+50.0c,3,1499.9553044270206,1499.9549976993035,452.8929010506494,595.8723313367174,599.9999971810622,600.0000026160945,1586.2621355648148,1586.2617658603963,1,-0.0003540222300597159,474.9999999510885,-475.00035402223006,-4.8911488192970864e-08,1598.2128673444358,3.967314045724132e-06
encodec_untrained,random-init-no-quant,24000,20260826,475.0,452.8929,595.8723299712101,452.9Hz_+50.0c,4,1499.955194382296,1499.955036787091,452.8929010418806,595.8723313377249,600.0000187489318,600.0000005861599,1586.2619463205265,1586.2618168323083,1,-0.00018189489926870325,474.9999999875355,-475.00018189489924,-1.246451120096026e-08,1598.212912459195,3.9702413368566075e-06
encodec_untrained,random-init-no-quant,24000,20260826,480.0,440.0,580.5834807400735,440Hz_ongrid,0,1499.9552982875289,1499.9549642279246,439.9999989085106,580.5834792614521,599.999992671533,600.0000053367181,1586.2621414904231,1586.2617193779827,1,-0.00038556844077999354,479.999999885518,-480.0003855684408,-1.1448202030805987e-07,1643.2125071419619,-4.409081114316797e-06
encodec_untrained,random-init-no-quant,24000,20260826,480.0,440.0,580.5834807400735,440Hz_ongrid,1,1499.9552641514533,1499.9550292953327,439.99999891260666,580.5834792594071,599.9999983300181,599.9999973037671,1586.262085763954,1586.2618176563744,1,-0.0002710687139339725,479.9999998633036,-480.0002710687139,-1.3669642839886365e-07,1643.2125822421565,-4.415179028887939e-06
encodec_untrained,random-init-no-quant,24000,20260826,480.0,440.0,580.5834807400735,440Hz_ongrid,2,1499.9551898224017,1499.9551071096805,439.99999891281936,580.5834792622353,600.0000030792313,600.0000077678143,1586.2619862707375,1586.261877276106,1,-9.546624070158953e-05,479.9999998709,-480.0000954662407,-1.2909998758914298e-07,1643.2126720547456,-4.406745624183979e-06
encodec_untrained,random-init-no-quant,24000,20260826,480.0,440.0,580.5834807400735,440Hz_ongrid,3,1499.955149534407,1499.9551866421386,439.99999890736626,580.5834792625034,600.0000051185847,600.0000018058076,1586.2619338863853,1586.2619862744318,1,4.2829392561761593e-05,479.99999989315523,-479.99995717060744,-1.0684476592359715e-07,1643.212763850357,-4.405946433337773e-06
encodec_untrained,random-init-no-quant,24000,20260826,480.0,440.0,580.5834807400735,440Hz_ongrid,4,1499.9551751689305,1499.955123682987,439.99999891463534,580.583479262814,599.9999853596236,599.9999964057324,1586.2620204858208,1586.2619291888984,1,-5.9424589107561234e-05,479.99999986548045,-480.0000594245891,-1.3451955283017014e-07,1643.2126911834998,-4.405020194596103e-06
encodec_untrained,random-init-no-quant,24000,20260826,480.0,452.8929,597.5957642828773,452.9Hz_+50.0c,0,1499.955226911431,1499.955116590598,452.8929010496929,597.5957631916164,599.9999947530789,600.0000002513899,1586.2620531027403,1586.2619099067078,1,-0.00012733126045290938,479.9999928260493,-480.00012733126044,-7.173950677952234e-06,1593.2130045676522,-3.161381405701763e-06
encodec_untrained,random-init-no-quant,24000,20260826,480.0,452.8929,597.5957642828773,452.9Hz_+50.0c,1,1499.9550371571802,1499.9550854757283,452.8929010446538,597.5957631934452,600.0000049752971,599.9999970935716,1586.2618045950887,1586.2618831057562,1,5.576881475964097e-05,479.99999285061006,-479.9999442311852,-7.149389944061113e-06,1593.212968655163,-3.1560830663918463e-06
encodec_untrained,random-init-no-quant,24000,20260826,480.0,452.8929,597.5957642828773,452.9Hz_+50.0c,2,1499.955004928765,1499.9550258077995,452.89290104030715,597.5957631962752,600.0000004041146,600.0000021387776,1586.2617805869977,1586.2617996802048,1,2.409838653659142e-05,479.99999287542437,-479.9999759016135,-7.124575631678454e-06,1593.2128997869995,-3.147884729131297e-06
encodec_untrained,random-init-no-quant,24000,20260826,480.0,452.8929,597.5957642828773,452.9Hz_+50.0c,3,1499.9551238132235,1499.9552545104505,452.8929010412918,597.5957631890296,600.0000013709978,600.0000085141277,1586.2619150124885,1586.262045251272,1,0.00015084949946313087,479.99999285066986,-479.99984915050055,-7.1493301447844715e-06,1593.2131637534378,-3.1688751172673076e-06
encodec_untrained,random-init-no-quant,24000,20260826,480.0,452.8929,597.5957642828773,452.9Hz_+50.0c,4,1499.9551283039857,1499.9549702204167,452.89290103775267,597.5957631950653,599.9999985676518,599.9999927522599,1586.2619282844305,1586.261762605532,1,-0.00018245857258984775,479.9999928816839,-480.00018245857257,-7.11831609123692e-06,1593.2128356285614,-3.1513899824866783e-06
encodec_untrained,random-init-no-quant,24000,20260826,485.0,440.0,582.2626952985729,440Hz_ongrid,0,1499.955334057565,1499.955185015194,439.999998916617,582.2626923165607,599.9999863926726,600.0000030755536,1586.262200892818,1586.2619807329156,1,-0.00017202328257335902,484.9999953963255,-485.0001720232826,-4.603674483405484e-06,1638.212761972553,-8.866377973445707e-06
encodec_untrained,random-init-no-quant,24000,20260826,485.0,440.0,582.2626952985729,440Hz_ongrid,1,1499.9552439772376,1499.9549115633604,439.9999989077426,582.2626923204888,600.0000033673817,599.9999977998432,1586.2620479443076,1586.2616803398562,1,-0.00038366897188005705,484.9999954429222,-485.0003836689719,-4.557077772915363e-06,1638.2124463570108,-8.854698600695673e-06
encodec_untrained,random-init-no-quant,24000,20260826,485.0,440.0,582.2626952985729,440Hz_ongrid,2,1499.955105908552,1499.9551622113634,439.99999891888626,582.2626923166398,599.999997035849,600.0000047567743,1586.261906855681,1586.2619495619726,1,6.498417296757016e-05,484.999995387632,-484.999935015827,-4.612368002199219e-06,1638.2127356525875,-8.866142713802062e-06
encodec_untrained,random-init-no-quant,24000,20260826,485.0,440.0,582.2626952985729,440Hz_ongrid,3,1499.9552918998531,1499.9551908126725,439.9999989075638,582.2626923161744,600.0000038164385,600.0000099878913,1586.2621019604292,1586.2619674795199,1,-0.00011667386085674166,484.9999954307978,-485.0001166738609,-4.569202189941279e-06,1638.2127686639474,-8.867526594058798e-06
encodec_untrained,random-init-no-quant,24000,20260826,485.0,440.0,582.2626952985729,440Hz_ongrid,4,1499.9553207696945,1499.9549711041577,439.99999891575425,582.2626923196638,600.0000182310935,599.9999963197688,1586.2620936898218,1586.261753331883,1,-0.0004035806567592079,484.99999540894663,-485.0004035806568,-4.5910533685855626e-06,1638.2125150784461,-8.857151528450721e-06
encodec_untrained,random-init-no-quant,24000,20260826,485.0,452.8929,599.3241832626978,452.9Hz_+50.0c,0,1499.955010332751,1499.955044019853,452.8929010471447,599.3241852753482,599.9999843609636,600.0000096398044,1586.261833114978,1586.2617990569986,1,3.888133760480271e-05,485.00000181100165,-484.9999611186624,1.811001652640698e-06,1588.2129208071808,5.813830070547451e-06
encodec_untrained,random-init-no-quant,24000,20260826,485.0,452.8929,599.3241832626978,452.9Hz_+50.0c,1,1499.9550224258708,1499.9550468074665,452.8929010459951,599.3241852708975,600.0000050719433,600.0000092279765,1586.2617873134875,1586.2618034627199,1,2.8141009366998883e-05,485.00000180253966,-484.99997185899065,1.8025396570919838e-06,1588.2129240246181,5.800973438660167e-06
encodec_untrained,random-init-no-quant,24000,20260826,485.0,452.8929,599.3241832626978,452.9Hz_+50.0c,2,1499.9550725014708,1499.955242483223,452.8929010488492,599.3241852707687,600.0000081473829,599.9999686976954,1586.2618362364324,1586.2621462555019,1,0.0001961913299071428,485.0000017912574,-484.9998038086701,1.7912573753164907e-06,1588.2131498717265,5.800601328638731e-06
encodec_untrained,random-init-no-quant,24000,20260826,485.0,452.8929,599.3241832626978,452.9Hz_+50.0c,3,1499.9553378506337,1499.9551503171897,452.89290105037855,599.3241852707098,599.9999858610596,600.0000138427339,1586.2622068046521,1586.2619096172928,1,-0.00021644931403558943,485.000001785241,-485.00021644931405,1.7852410110208439e-06,1588.213043494566,5.800431034486358e-06
encodec_untrained,random-init-no-quant,24000,20260826,485.0,452.8929,599.3241832626978,452.9Hz_+50.0c,4,1499.9550500864605,1499.9550888353783,452.89290103859804,599.3241852718758,600.0000009025191,599.9999800186821,1586.261831269496,1586.2619362511502,1,4.472363703606833e-05,485.0000018336414,-484.999955276363,1.8336414200348372e-06,1588.2129725328393,5.8037992452382415e-06
encodec_untrained,random-init-no-quant,24000,20260826,490.0,440.0,583.94676662897,440Hz_ongrid,0,1499.9553596496303,1499.9552147872241,439.9999989149176,583.9467685444935,599.9999876288581,599.9999926216892,1586.2622268640564,1586.2620452589867,1,-0.0001671988039639271,490.00000994836563,-490.000167198804,9.948365629952605e-06,1633.2127963351472,5.67897555360103e-06
encodec_untrained,random-init-no-quant,24000,20260826,490.0,440.0,583.94676662897,440Hz_ongrid,1,1499.9551676750027,1499.9551469124824,439.999998908393,583.9467685464665,599.9999871975334,599.9999968289795,1586.2620065333133,1586.2619547789293,1,-2.396390446279742e-05,490.0000099798869,-490.0000239639045,9.97988689732665e-06,1633.2127179947638,5.6848251385148585e-06
encodec_untrained,random-init-no-quant,24000,20260826,490.0,440.0,583.94676662897,440Hz_ongrid,2,1499.9551381049073,1499.9550652705825,439.99999891485214,583.9467685446791,600.0000079454827,599.9999899259418,1586.2619125378617,1586.2618804665747,1,-8.406469156716709e-05,490.0000099491737,-490.0000840646916,9.94917371599513e-06,1633.2126237644525,5.67952603040964e-06
encodec_untrained,random-init-no-quant,24000,20260826,490.0,440.0,583.94676662897,440Hz_ongrid,3,1499.955301446411,1499.9552445850675,439.99999890767555,583.9467685456027,599.9999929442567,599.9999939638371,1586.2621443494606,1586.2620757787533,1,-6.562881971859722e-05,490.00000998014906,-490.0000656288197,9.980149059174437e-06,1633.2128307275343,5.682264191239056e-06
encodec_untrained,random-init-no-quant,24000,20260826,490.0,440.0,583.94676662897,440Hz_ongrid,4,1499.9551223614958,1499.9549157691567,439.99999891339826,583.9467685428434,599.9999875442124,599.999991707744,1586.2619532325875,1586.2617027722301,1,-0.00023844694477233495,490.0000099494518,-490.00023844694476,9.949451794000197e-06,1633.212451211302,5.6740839213457445e-06
encodec_untrained,random-init-no-quant,24000,20260826,490.0,452.8929,601.0576013277669,452.9Hz_+50.0c,0,1499.9552474032605,1499.9550514864754,452.8929010466731,601.0576003918692,599.999985932726,599.9999953723103,1586.2621022043738,1586.2618488421897,1,-0.00022612530064925504,489.9999933032962,-490.0002261253006,-6.696703792385961e-06,1583.2129294250867,-2.695678215508017e-06
encodec_untrained,random-init-no-quant,24000,20260826,490.0,452.8929,601.0576013277669,452.9Hz_+50.0c,1,1499.9552883245613,1499.9551414817033,452.8929010460329,601.0576003932606,599.9999922568888,600.0000173739093,1586.2621311876715,1586.2618892306398,1,-0.00016948463050281393,489.9999933097511,-490.0001694846305,-6.690248881113803e-06,1583.213033296731,-2.6916705367399187e-06
encodec_untrained,random-init-no-quant,24000,20260826,490.0,452.8929,601.0576013277669,452.9Hz_+50.0c,2,1499.9551395420442,1499.955200329869,452.8929010377323,601.0576003918117,599.9999939819504,599.9999849356283,1586.2619544868292,1586.2620507497293,1,7.016073175703616e-05,489.9999933373076,-489.99992983926825,-6.662692385361879e-06,1583.2131012187265,-2.695843896727052e-06
encodec_untrained,random-init-no-quant,24000,20260826,490.0,452.8929,601.0576013277669,452.9Hz_+50.0c,3,1499.9551863825614,1499.9549796686933,452.89290104699387,601.0576003933738,599.9999961060971,600.000002759311,1586.2620024207185,1586.261744636399,1,-0.000238587202208194,489.99999330640384,-490.0002385872022,-6.69359616267684e-06,1583.2128465336743,-2.691344363852793e-06
encodec_untrained,random-init-no-quant,24000,20260826,490.0,452.8929,601.0576013277669,452.9Hz_+50.0c,4,1499.955188912739,1499.954948327754,452.89290104039515,601.0576003937891,599.999993405493,600.0000024429165,1586.2620131333222,1586.2617093759,1,-0.00027768092960394036,489.9999933328244,-490.0002776809296,-6.667175625807431e-06,1583.212810360254,-2.6901482684629396e-06
encodec_untrained,random-init-no-quant,24000,20260826,495.0,440.0,585.635708778447,440Hz_ongrid,0,1499.9550755556947,1499.9549619307654,439.9999989145695,585.6357098585015,599.9999988599027,599.9999797678684,1586.2618665595921,1586.2617905027291,1,-0.00013114483030506367,495.0000074635755,-495.0001311448303,7.463575514066179e-06,1628.2125044906022,3.1928162397418775e-06
encodec_untrained,random-init-no-quant,24000,20260826,495.0,440.0,585.635708778447,440Hz_ongrid,1,1499.9551871514748,1499.9551738996538,439.9999989103421,585.6357098597969,599.9999864129753,600.0000053659387,1586.262031276629,1586.26196129481,1,-1.5295126061678486e-05,495.0000074840384,-495.00001529512605,7.484038405891624e-06,1628.2127491431017,3.1966453595033514e-06
encodec_untrained,random-init-no-quant,24000,20260826,495.0,440.0,585.635708778447,440Hz_ongrid,2,1499.9553689724037,1499.955218802159,439.99999890873056,585.6357098617469,599.9999792552985,600.0000025368745,1586.262261785298,1586.2620212838087,1,-0.00017332505964410243,495.00000749614384,-495.0001733250596,7.496143837215641e-06,1628.212800969147,3.202409989554843e-06
encodec_untrained,random-init-no-quant,24000,20260826,495.0,440.0,585.635708778447,440Hz_ongrid,3,1499.9551170580016,1499.9551170565699,439.9999989145797,585.6357098546176,599.9999914069449,599.9999795470626,1586.2619359658547,1586.26197018459,1,-1.6525836647888286e-09,495.0000074520541,-495.0000000016526,7.452054092027538e-06,1628.2126835353515,3.181334646625101e-06
encodec_untrained,random-init-no-quant,24000,20260826,495.0,440.0,585.635708778447,440Hz_ongrid,4,1499.9551211229539,1499.9552000127871,439.99999891287683,585.635709858916,600.0000035640212,600.0000121263637,1586.2619055796767,1586.2619719278778,1,9.105389898794982e-05,495.0000074714611,-494.999908946101,7.471461117347644e-06,1628.2127792826327,3.1940413581717365e-06
encodec_untrained,random-init-no-quant,24000,20260826,495.0,452.8929,602.796032936878,452.9Hz_+50.0c,0,1499.9553258399753,1499.9550665643278,452.89290104107874,602.7960359002652,600.0000236742931,599.9999999876518,1586.2620838361377,1586.261852927845,1,-0.00029925349127078905,495.0000045312263,-495.0002992534913,4.53122629551217e-06,1578.2129468278024,8.510866974116091e-06
encodec_untrained,random-init-no-quant,24000,20260826,495.0,452.8929,602.796032936878,452.9Hz_+50.0c,1,1499.955144950978,1499.9550556322567,452.89290104319196,602.7960359025026,599.9999987583961,599.9999967308811,1586.26194694786,1586.2618497072053,1,-0.00010309082663028998,495.00000452957397,-495.00010309082666,4.529573971012724e-06,1578.2129342101084,8.517292791377022e-06
encodec_untrained,random-init-no-quant,24000,20260826,495.0,452.8929,602.796032936878,452.9Hz_+50.0c,2,1499.9552593918092,1499.9551913529015,452.89290105353393,602.7960358974525,599.9999832060189,600.0000040192999,1586.2621239090563,1586.261985324761,1,-7.852985994232168e-05,495.0000044755368,-495.00007852985993,4.475536798054236e-06,1578.2130908575957,8.502788957609644e-06
encodec_untrained,random-init-no-quant,24000,20260826,495.0,452.8929,602.796032936878,452.9Hz_+50.0c,3,1499.9553757709814,1499.9548735612775,452.8929010369858,602.7960359020091,600.0000119083277,600.0000011390305,1586.2621754154238,1586.2616268433462,1,-0.0005796457006922355,495.00000455188035,-495.00057964570067,4.551880351755244e-06,1578.2127240654804,8.515875467361646e-06
encodec_untrained,random-init-no-quant,24000,20260826,495.0,452.8929,602.796032936878,452.9Hz_+50.0c,4,1499.9552631210809,1499.955312251195,452.8929010497943,602.7960359036359,599.9999788494135,599.999988506398,1586.2621407838524,1586.262169625192,1,5.670550791499034e-05,495.00000450759075,-494.9999432944921,4.507590745106427e-06,1578.2132303972535,8.52054760082594e-06
encodec_untrained,random-init-no-quant,24000,20260826,500.0,440.0,587.3295358348151,440Hz_ongrid,0,1499.9552478397502,1499.9551629958432,439.99999891079096,587.3295347993014,599.9999958641388,599.9999928763382,1586.2620740521656,1586.2619847471044,1,-9.792603147428424e-05,500.0000012333088,-500.00009792603146,1.2333088079685695e-06,1623.2127365580266,-3.052318187442458e-06
encodec_untrained,random-init-no-quant,24000,20260826,500.0,440.0,587.3295358348151,440Hz_ongrid,1,1499.955254531195,1499.9549799689153,439.99999892035345,587.3295347953654,599.9999982320926,599.9999978346427,1586.262074942897,1586.2617591925011,1,-0.0003168971935816092,500.00000118408184,-500.00031689719356,1.184081838800921e-06,1623.2125253100664,-3.063920293505939e-06
encodec_untrained,random-init-no-quant,24000,20260826,500.0,440.0,587.3295358348151,440Hz_ongrid,2,1499.9552752036172,1499.9549735399764,439.9999989102318,587.3295347978551,600.0000072822105,600.0000118646071,1586.262072689689,1586.2617112903604,1,-0.0003481773274149421,500.0000012312457,-500.0003481773274,1.2312456760810164e-06,1623.212517889845,-3.056581307441256e-06
encodec_untrained,random-init-no-quant,24000,20260826,500.0,440.0,587.3295358348151,440Hz_ongrid,3,1499.9551148623527,1499.955105769924,439.99999891036225,587.3295347967218,599.9999830664743,599.9999917854059,1586.2619574971689,1586.2619218452544,1,-1.049439546643865e-05,500.00000122739164,-500.00001049439544,1.2273916354388348e-06,1623.2126705084113,-3.059922032810926e-06
encodec_untrained,random-init-no-quant,24000,20260826,500.0,440.0,587.3295358348151,440Hz_ongrid,4,1499.955433888204,1499.9551827424132,439.99999890421276,587.3295348010489,600.0000064322616,599.9999990154329,1586.2622582943477,1586.2619898247256,1,-0.0002898700660002149,500.00000126434236,-500.000289870066,1.2643423588087899e-06,1623.2127593493308,-3.0471672698208397e-06
encodec_untrained,random-init-no-quant,24000,20260826,500.0,452.8929,604.5394925906439,452.9Hz_+50.0c,0,1499.9552569829625,1499.9553809410552,452.89290104010354,604.5394915324176,599.9999779225095,600.0000034568783,1586.2621363737744,1586.2622057684011,1,0.00014307124203403326,499.99999299361934,-499.999856928758,-7.006380656093825e-06,1573.21330967843,-3.0304676792900798e-06
encodec_untrained,random-init-no-quant,24000,20260826,500.0,452.8929,604.5394925906439,452.9Hz_+50.0c,1,1499.9553432295882,1499.9552646742573,452.8929010379825,604.5394915374396,599.9999868366003,599.9999940713185,1586.262210198174,1586.262098655379,1,-9.066781077727544e-05,499.9999930161091,-500.00009066781075,-6.983890898482059e-06,1573.213175484407,-3.016086088181678e-06
encodec_untrained,random-init-no-quant,24000,20260826,500.0,452.8929,604.5394925906439,452.9Hz_+50.0c,2,1499.9550867532148,1499.9552944866934,452.8929010403186,604.539491535662,600.0000181002138,600.0000071817404,1586.2618239678625,1586.2620952359268,1,0.00023976400997368936,499.9999930020886,-499.99976023599004,-6.997911384587496e-06,1573.2132098936356,-3.0211766532477663e-06
encodec_untrained,random-init-no-quant,24000,20260826,500.0,452.8929,604.5394925906439,452.9Hz_+50.0c,3,1499.9551673814067,1499.9552260964026,452.8929010441221,604.5394915360622,599.9999996763313,600.0000009250454,1586.2619701882475,1586.2620343535111,1,6.776829082467285e-05,499.99999298869517,-499.9999322317092,-7.01130483093948e-06,1573.2131309582146,-3.0200307235168223e-06
encodec_untrained,random-init-no-quant,24000,20260826,500.0,452.8929,604.5394925906439,452.9Hz_+50.0c,4,1499.95548534164,1499.9550901826842,452.8929010340837,604.5394915365731,599.9999787125661,599.9999922747496,1586.2623976635402,1586.2619024426615,1,-0.000456088687823809,499.9999930285312,-500.0004560886878,-6.971468792471569e-06,1573.2129740878872,-3.018567462355858e-06
encodec_untrained,random-init-no-quant,24000,20260826,505.0,440.0,589.0282619266312,440Hz_ongrid,0,1499.9553188797709,1499.955200421328,439.99999891777117,589.02825999151,600.0000047958393,600.0000063029777,1586.262130274438,1586.2619892021517,1,-0.00013672360433583493,504.99999857057844,-505.0001367236043,-1.4294215588961379e-06,1618.2127797541664,-5.687583884027642e-06
encodec_untrained,random-init-no-quant,24000,20260826,505.0,440.0,589.0282619266312,440Hz_ongrid,1,1499.955114132866,1499.9552135224149,439.999998916299,589.0282599869143,599.9999963872513,600.0000092759104,1586.261918219564,1586.2619957452312,1,0.00011471447647067756,504.99999856286377,-504.99988528552353,-1.437136234017089e-06,1618.2127948753164,-5.701091324130997e-06
encodec_untrained,random-init-no-quant,24000,20260826,505.0,440.0,589.0282619266312,440Hz_ongrid,2,1499.9549862753613,1499.9550271813744,439.9999989124167,589.0282599965484,599.9999949812111,599.9999996756977,1586.2617747046058,1586.2618083725185,1,4.721333787039563e-05,504.99999860645494,-504.9999527866621,-1.3935450624558143e-06,1618.2125798022453,-5.672775596485461e-06
encodec_untrained,random-init-no-quant,24000,20260826,505.0,440.0,589.0282619266312,440Hz_ongrid,3,1499.955126022093,1499.9551353753545,439.9999989051181,589.0282599974751,600.0000076108203,600.0000000145274,1586.2618995576233,1586.2619322713374,1,1.0795446055920203e-05,504.9999986378956,-504.99998920455397,-1.3621043990497128e-06,1618.2127046787198,-5.670051851057405e-06
encodec_untrained,random-init-no-quant,24000,20260826,505.0,440.0,589.0282619266312,440Hz_ongrid,4,1499.9552200668857,1499.9552379711133,439.9999989119763,589.0282599906066,599.9999848337704,600.0000118089812,1586.262073823906,1586.2620166547892,1,2.066488934497595e-05,504.9999985907236,-504.99997933511065,-1.409276421782124e-06,1618.2128230937715,-5.690239396470971e-06
encodec_untrained,random-init-no-quant,24000,20260826,505.0,452.8929,606.2879948316172,452.9Hz_+50.0c,0,1499.9550672901705,1499.95511124675,452.89290103208725,606.2879968176163,600.0000177925625,599.9999815897334,1586.2618023914936,1586.261957585048,1,5.073427048302703e-05,505.00000172568105,-504.9999492657295,1.7256810451726778e-06,1568.2129983998334,5.670950585824099e-06
encodec_untrained,random-init-no-quant,24000,20260826,505.0,452.8929,606.2879948316172,452.9Hz_+50.0c,1,1499.9550937648476,1499.9551252718486,452.89290103670317,606.2879968095052,600.0000041264393,600.0000004120668,1586.2618723804126,1586.2619194629099,1,3.636508355676094e-05,505.0000016848753,-504.99996363491647,1.6848753148224205e-06,1568.21301458747,5.647789812277229e-06
encodec_untrained,random-init-no-quant,24000,20260826,505.0,452.8929,606.2879948316172,452.9Hz_+50.0c,2,1499.955227604749,1499.9551294573653,452.89290104478624,606.2879968159713,599.9999810900184,599.999993200868,1586.2620933262215,1586.2619451009155,1,-0.00011328078000249322,505.0000016724405,-505.00011328078,1.6724404758861056e-06,1568.2130194183535,5.6662530812142864e-06
encodec_untrained,random-init-no-quant,24000,20260826,505.0,452.8929,606.2879948316172,452.9Hz_+50.0c,3,1499.9550024187881,1499.9552094750986,452.89290104755037,606.287996814018,599.9999972248322,600.0000005884725,1586.2617868634761,1586.2620161405043,1,0.000238982442568151,505.0000016562967,-504.99976101755743,1.6562967175559606e-06,1568.2131117740637,5.6606756594152695e-06
encodec_untrained,random-init-no-quant,24000,20260826,505.0,452.8929,606.2879948316172,452.9Hz_+50.0c,4,1499.9551597305303,1499.9552065091282,452.8929010386094,606.2879968129557,600.0000103145469,600.0000018883431,1586.261930662277,1586.2620089665756,1,5.3991413994135426e-05,505.0000016874413,-504.999946008586,1.6874412835932162e-06,1568.2131083507686,5.657642655211372e-06
encodec_untrained,random-init-no-quant,24000,20260826,510.0,440.0,590.731901223316,440Hz_ongrid,0,1499.9551217142148,1499.9549225717553,439.99999891182887,590.7319033105623,599.9999933310878,600.0000064798568,1586.2619357881092,1586.2616680004185,1,-0.00022984836301663173,510.00001039855147,-510.000229848363,1.0398551467005746e-05,1613.2124590627984,6.117008248128582e-06
encodec_untrained,random-init-no-quant,24000,20260826,510.0,440.0,590.731901223316,440Hz_ongrid,1,1499.955301725067,1499.9550722814213,439.9999989181952,590.7319033119377,599.9999938792167,599.999999935951,1586.2621419733582,1586.2618596756374,1,-0.00026482167954844225,510.00001037753304,-510.00026482167954,1.0377533044447773e-05,1613.2126318562964,6.121039183752615e-06
encodec_untrained,random-init-no-quant,24000,20260826,510.0,440.0,590.731901223316,440Hz_ongrid,2,1499.9550583191735,1499.9551710829799,439.9999989133055,590.7319033183215,600.0000031063139,599.999995253039,1586.2618344128086,1586.2619872234925,1,0.00013015092187878226,510.00001041548126,-509.9998698490781,1.0415481256131898e-05,1613.2127458921234,6.139748091428066e-06
encodec_untrained,random-init-no-quant,24000,20260826,510.0,440.0,590.731901223316,440Hz_ongrid,3,1499.955183499569,1499.9551785848062,439.9999989154785,590.7319033180858,600.0000072796487,600.0000069571361,1586.2619668531413,1586.2619621111435,1,-5.672572819587106e-06,510.00001040624016,-510.0000056725728,1.0406240164684277e-05,1613.21275455066,6.139056920128054e-06
encodec_untrained,random-init-no-quant,24000,20260826,510.0,440.0,590.731901223316,440Hz_ongrid,4,1499.9552659507776,1499.9552186952444,439.99999891100896,590.7319033183721,599.999985383773,600.0000112330148,1586.2621251956848,1586.2619960686525,1,-5.454188616283348e-05,510.00001042466545,-510.0000545418862,1.0424665447317238e-05,1613.212800845747,6.139896089732018e-06
encodec_untrained,random-init-no-quant,24000,20260826,510.0,452.8929,608.0415542444116,452.9Hz_+50.0c,0,1499.9551956520852,1499.9550198795077,452.892901038976,608.0415528050077,599.9999916847119,599.9999896409157,1586.2620258769364,1586.261828899033,1,-0.00020287505225150674,509.9999919300835,-510.00020287505225,-8.069916475506034e-06,1563.2128929446205,-4.098313889402823e-06
encodec_untrained,random-init-no-quant,24000,20260826,510.0,452.8929,608.0415542444116,452.9Hz_+50.0c,1,1499.9549351278993,1499.955175636431,452.8929010502838,608.0415528058602,600.0000207285784,599.9999932890552,1586.261641379484,1586.2619981459015,1,0.0002775926903912055,509.99999188928575,-509.9997224073096,-8.11071424777765e-06,1563.2130727177946,-4.095886524998078e-06
encodec_untrained,random-init-no-quant,24000,20260826,510.0,452.8929,608.0415542444116,452.9Hz_+50.0c,2,1499.955190652423,1499.9552490197254,452.89290103951754,608.0415528088187,599.9999914138498,600.0000032014116,1586.2620208879164,1586.2620542431878,1,6.736698555731869e-05,509.99999193886424,-509.99993263301445,-8.061135758907767e-06,1563.2131574160953,-4.0874631149863886e-06
encodec_untrained,random-init-no-quant,24000,20260826,510.0,452.8929,608.0415542444116,452.9Hz_+50.0c,3,1499.9549964322744,1499.9550600830546,452.89290104359674,608.0415528040054,600.0000304815255,600.000007279428,1586.261683995367,1586.2618244076016,1,7.346513474011628e-05,509.9999919095667,-509.99992653486527,-8.090433311735978e-06,1563.2129393471773,-4.101167565807709e-06
encodec_untrained,random-init-no-quant,24000,20260826,510.0,452.8929,608.0415542444116,452.9Hz_+50.0c,4,1499.9549851331135,1499.9550425135512,452.89290103828563,608.0415528044853,600.000000713005,599.9999888011083,1586.2617568477729,1586.2618574462062,1,6.622796451005688e-05,509.9999919312351,-509.9999337720355,-8.068764884683333e-06,1563.2129190686212,-4.099801176263536e-06
encodec_untrained,random-init-no-quant,24000,20260826,515.0,440.0,592.4404679352722,440Hz_ongrid,0,1499.9552644284508,1499.9549894218385,439.9999989121755,592.4404675097052,600.0000083160105,599.9999974622892,1586.2620572701787,1586.2617711773623,1,-0.00031741003605479143,515.0000030365837,-515.000317410036,3.036583734683518e-06,1608.2125362205425,-1.2435951559543359e-06
encodec_untrained,random-init-no-quant,24000,20260826,515.0,440.0,592.4404679352722,440Hz_ongrid,1,1499.9551179228686,1499.955206268579,439.9999989108225,592.4404675117959,599.9999903443861,600.0000004438067,1586.2619400299727,1586.2620128569872,1,0.00010196778270704652,515.0000030480168,-514.9998980322173,3.04801676520583e-06,1608.2127865030084,-1.2374857090589424e-06
encodec_untrained,random-init-no-quant,24000,20260826,515.0,440.0,592.4404679352722,440Hz_ongrid,2,1499.955109072691,1499.955165912717,439.9999989106311,592.4404675112448,599.9999910837847,599.999975472613,1586.2619276817275,1586.26203833027,1,6.560422087445079e-05,515.0000030471595,-514.9999343957792,3.047159452762571e-06,1608.2127399246551,-1.2390960074950318e-06
encodec_untrained,random-init-no-quant,24000,20260826,515.0,440.0,592.4404679352722,440Hz_ongrid,3,1499.9552859352514,1499.9551527609988,439.9999989112698,592.4404675112852,600.0000025785777,599.9999891713383,1586.2620986478541,1586.2619836245142,1,-0.00015370845588224383,515.0000030447643,-515.0001537084559,3.044764298465452e-06,1608.2127247450665,-1.2389779932625468e-06
encodec_untrained,random-init-no-quant,24000,20260826,515.0,440.0,592.4404679352722,440Hz_ongrid,4,1499.9552849761708,1499.9551551721456,439.9999989118155,592.4404675125388,600.0000005071316,599.9999915255992,1586.2621035178222,1586.2619796144759,1,-0.00014981857132079685,515.0000030462807,-515.0001498185713,3.046280653506983e-06,1608.2127275279895,-1.2353147469157565e-06
encodec_untrained,random-init-no-quant,24000,20260826,515.0,452.8929,609.8001854558237,452.9Hz_+50.0c,0,1499.9551440501934,1499.9552864650047,452.89290104502356,609.800186573872,600.0000084152448,599.9999929466775,1586.2619180444078,1586.2621270510797,1,0.00016437382124543602,514.9999991794394,-514.9998356261788,-8.205605581679265e-07,1558.21320063508,3.1741599963662064e-06
encodec_untrained,random-init-no-quant,24000,20260826,515.0,452.8929,609.8001854558237,452.9Hz_+50.0c,1,1499.9554685658288,1499.955049685065,452.8929010502425,609.8001865753247,599.9999866151619,600.0000083115448,1586.2623554989893,1586.2618094282802,1,-0.0004834681811110366,514.999999163614,-515.0004834681811,-8.363859933524509e-07,1558.2129273459157,3.1782839595025913e-06
encodec_untrained,random-init-no-quant,24000,20260826,515.0,452.8929,609.8001854558237,452.9Hz_+50.0c,2,1499.9552779463843,1499.9551585599907,452.8929010386889,609.8001865753347,599.9999971998733,599.9999994476464,1586.2621049468403,1586.261960666498,1,-0.00013779464028043496,514.9999992078072,-515.0001377946403,-7.921928499854403e-07,1558.213053008329,3.178312405929893e-06
encodec_untrained,random-init-no-quant,24000,20260826,515.0,452.8929,609.8001854558237,452.9Hz_+50.0c,3,1499.9551083624572,1499.9551863214278,452.89290103820514,609.8001865757705,599.9999923118799,599.9999944025831,1586.261923318449,1586.2620072654615,1,8.997950669821767e-05,514.9999992108934,-514.9999100204933,-7.891065934018116e-07,1558.2130850503167,3.1795498255175143e-06
encodec_untrained,random-init-no-quant,24000,20260826,515.0,452.8929,609.8001854558237,452.9Hz_+50.0c,4,1499.955166179292,1499.9550517741723,452.89290104639736,609.8001865762582,599.999997622356,599.9999891085462,1586.2619747272984,1586.2618672476501,1,-0.00013204531087285536,514.9999991809623,-515.0001320453109,-8.190377229766455e-07,1558.212929757144,3.18093447458698e-06
encodec_untrained,random-init-no-quant,24000,20260826,520.0,440.0,594.1539763140037,440Hz_ongrid,0,1499.9553402376785,1499.9551940742524,439.99999890983884,594.1539743981338,600.000007294821,599.9999934450925,1586.2621477149935,1586.2620189764318,1,-0.00016870043084926358,519.9999987069497,-520.0001687004309,-1.293050331696577e-06,1603.212772428432,-5.5824237845425526e-06
encodec_untrained,random-init-no-quant,24000,20260826,520.0,440.0,594.1539763140037,440Hz_ongrid,1,1499.955081578188,1499.9550087211414,439.9999989136615,594.1539743966252,599.9999977858772,599.9999990217804,1586.2618766096798,1586.2617889526973,1,-8.409091994328349e-05,519.9999986875134,-520.0000840909199,-1.3124865745339775e-06,1603.212558495617,-5.586819141994085e-06
encodec_untrained,random-init-no-quant,24000,20260826,520.0,440.0,594.1539763140037,440Hz_ongrid,2,1499.955372933863,1499.955077909967,439.99999890855963,594.1539744024882,600.0000082864985,600.0000152880735,1586.2621825912386,1586.2618218751904,1,-0.0003405137734066424,519.9999987246707,-520.0003405137734,-1.2753292821798823e-06,1603.212638352711,-5.5697359090794965e-06
encodec_untrained,random-init-no-quant,24000,20260826,520.0,440.0,594.1539763140037,440Hz_ongrid,3,1499.9551208979474,1499.9549665700197,439.9999989171726,594.1539743964831,599.999989466253,600.0000026499937,1586.261945997537,1586.261729833455,1,-0.0001781238472999507,519.9999986732843,-520.0001781238473,-1.3267157328300527e-06,1603.2125098451859,-5.587233152836774e-06
encodec_untrained,random-init-no-quant,24000,20260826,520.0,440.0,594.1539763140037,440Hz_ongrid,4,1499.955168938348,1499.9550073548228,439.99999891542336,594.1539743982121,600.0000109811963,599.9999986138048,1586.2619393663097,1586.2617885528737,1,-0.0001864981842423108,519.9999986852048,-520.0001864981842,-1.3147952131475904e-06,1603.212556918625,-5.582195444300624e-06
encodec_untrained,random-init-no-quant,24000,20260826,520.0,452.8929,611.5639031349555,452.9Hz_+50.0c,0,1499.9552301537653,1499.9550065502651,452.8929010367457,611.5639001502949,599.9999843978295,599.9999853060945,1586.2620867239461,1586.2618260221966,1,-0.0002580810507769921,519.9999875878534,-520.0002580810508,-1.2412146588758333e-05,1553.2128775601332,-8.449069650899784e-06
encodec_untrained,random-init-no-quant,24000,20260826,520.0,452.8929,611.5639031349555,452.9Hz_+50.0c,1,1499.9550793760102,1499.9553343947512,452.89290104675354,611.5639001482634,600.000007288201,600.0000109020245,1586.2618466500362,1586.2621305629536,1,0.00029434020804991007,519.9999875438466,-519.999705659792,-1.2456153399398318e-05,1553.2132559551333,-8.454820442187508e-06
encodec_untrained,random-init-no-quant,24000,20260826,520.0,452.8929,611.5639031349555,452.9Hz_+50.0c,2,1499.9553514822642,1499.955030126561,452.892901050964,611.5639001510497,599.9999969519191,599.9999974711465,1586.2621905366925,1586.2618181328157,1,-0.0003709057033400719,519.9999875356389,-520.0003709057033,-1.2464361134334467e-05,1553.2129047716735,-8.446933093548374e-06
encodec_untrained,random-init-no-quant,24000,20260826,520.0,452.8929,611.5639031349555,452.9Hz_+50.0c,3,1499.954808879227,1499.9551815141112,452.89290104581966,611.5639001523106,599.9999801550978,599.9999983162911,1586.261612734752,1586.2619904243277,1,0.00043009170400137094,519.9999875588733,-519.999569908296,-1.2441126727935625e-05,1553.2130795017574,-8.44336364351482e-06
encodec_untrained,random-init-no-quant,24000,20260826,520.0,452.8929,611.5639031349555,452.9Hz_+50.0c,4,1499.955195322039,1499.9550899873066,452.8929010480149,611.5639001472251,600.0000070977792,600.0000049492596,1586.2619810232884,1586.2618656462525,1,-0.0001215763525046355,519.9999875360855,-520.0001215763525,-1.2463914458749059e-05,1553.212973862384,-8.457759650087645e-06
encodec_untrained,random-init-no-quant,24000,20260826,525.0,440.0,595.8724406522327,440Hz_ongrid,0,1499.9550547473361,1499.9550603466917,439.99999891728993,595.8724420167156,600.0000089074232,600.0000111602209,1586.2618135517641,1586.261813514288,1,6.462723444671907e-06,525.0000082243927,-524.9999935372765,8.224392672673275e-06,1598.212618081344,3.964337165549486e-06
encodec_untrained,random-init-no-quant,24000,20260826,525.0,440.0,595.8724406522327,440Hz_ongrid,1,1499.9550242400092,1499.9548938497594,439.99999890876694,595.8724420161021,599.9999802449825,600.0000057893179,1586.2618610428167,1586.2616368422312,1,-0.00015049521232373764,525.000008256145,-525.0001504952123,8.256144951701572e-06,1598.212425912137,3.962554650909784e-06
encodec_untrained,random-init-no-quant,24000,20260826,525.0,440.0,595.8724406522327,440Hz_ongrid,2,1499.955149912066,1499.9551077662634,439.9999989107914,595.8724420168534,599.9999933634244,600.0000131328641,1586.2619682404988,1586.2618625536666,1,-4.8644287520995026e-05,525.0000082503622,-525.0000486442875,8.250362157014024e-06,1598.2126728125677,3.964737337587426e-06
encodec_untrained,random-init-no-quant,24000,20260826,525.0,440.0,595.8724406522327,440Hz_ongrid,3,1499.9552662836852,1499.9551330889192,439.99999891599015,595.8724420146701,599.9999993107035,600.0000181167478,1586.2620853952956,1586.2618774003888,1,-0.00015373213426762337,525.0000082235638,-525.0001537321343,8.223563781939447e-06,1598.212702039738,3.958394168713207e-06
encodec_untrained,random-init-no-quant,24000,20260826,525.0,440.0,595.8724406522327,440Hz_ongrid,4,1499.9551250024363,1499.9552228775544,439.9999989134761,595.8724420106806,599.9999931801516,599.999997267402,1586.2619400188532,1586.262041192075,1,0.00011296653396134846,525.000008221865,-524.999887033466,8.221864959523373e-06,1598.2128056729296,3.946803018415327e-06
encodec_untrained,random-init-no-quant,24000,20260826,525.0,452.8929,613.3327219933354,452.9Hz_+50.0c,0,1499.9550858910106,1499.9549084303144,452.89290104868417,613.3327210154425,600.0000002342375,599.9999966669205,1586.2618745230245,1586.2616799926473,1,-0.00020482347822137588,524.9999932310207,-525.0002048234783,-6.768979346816195e-06,1548.2127643109995,-2.7602660211223572e-06
encodec_untrained,random-init-no-quant,24000,20260826,525.0,452.8929,613.3327219933354,452.9Hz_+50.0c,1,1499.9549602166157,1499.954948646292,452.8929010449924,613.3327210071327,599.9999985081716,600.0000106978429,1586.2617344511877,1586.2616859248715,1,-1.3354360082355822e-05,524.999993221677,-525.0000133543601,-6.778323040634859e-06,1548.2128107279075,-2.7837220225690877e-06
encodec_untrained,random-init-no-quant,24000,20260826,525.0,452.8929,613.3327219933354,452.9Hz_+50.0c,2,1499.9551414939035,1499.9552919189878,452.89290104489896,613.3327210123128,599.999996101194,599.999986034672,1586.261950624802,1586.2621532898472,1,0.00017361920176985513,524.999993236656,-524.9998263807983,-6.763344003957172e-06,1548.2132069300144,-2.7691001744745653e-06
encodec_untrained,random-init-no-quant,24000,20260826,525.0,452.8929,613.3327219933354,452.9Hz_+50.0c,3,1499.9551425244506,1499.9551031391236,452.89290103895235,613.3327210072397,600.0000035405224,599.9999943958347,1586.2619303488855,1586.2619112767036,1,-4.545817282403173e-05,524.9999932450677,-525.0000454581728,-6.75493231483415e-06,1548.2129890420872,-2.783420067586352e-06
encodec_untrained,random-init-no-quant,24000,20260826,525.0,452.8929,613.3327219933354,452.9Hz_+50.0c,4,1499.9552156157395,1499.955068504138,452.89290104317155,613.3327210116612,599.9999954686078,599.9999942024629,1586.2620380007804,1586.2618718592826,1,-0.0001697948201795605,524.9999932414199,-525.0001697948202,-6.758580070709286e-06,1548.2129490667128,-2.770939581975999e-06
encodec_untrained,random-init-no-quant,24000,20260826,530.0,440.0,597.5958752840213,440Hz_ongrid,0,1499.955112248559,1499.9550406156611,439.99999891398966,597.5958741873862,600.0000070773496,599.9999942848974,1586.2618851996112,1586.2618394328085,1,-8.267801754248675e-05,530.0000010960913,-530.0000826780175,1.0960912959490088e-06,1593.2125953079737,-3.1769494819220316e-06
encodec_untrained,random-init-no-quant,24000,20260826,530.0,440.0,597.5958752840213,440Hz_ongrid,1,1499.9551527905633,1499.9549773605556,439.9999989051992,597.5958741864273,599.9999978257553,600.0000017612726,1586.2619586872681,1586.261744852098,1,-0.00020247966723879228,530.0000011279002,-530.0002024796672,1.1279001910224906e-06,1593.2125222995223,-3.1797276215283003e-06
encodec_untrained,random-init-no-quant,24000,20260826,530.0,440.0,597.5958752840213,440Hz_ongrid,2,1499.9552634309775,1499.9550270573363,439.9999989105571,597.5958741955942,600.0000016715954,599.9999889092408,1586.2620752906337,1586.2618392947836,1,-0.0002728202222470687,530.0000011333756,-530.0002728202222,1.133375576500839e-06,1593.212579659082,-3.1531711516945723e-06
encodec_untrained,random-init-no-quant,24000,20260826,530.0,440.0,597.5958752840213,440Hz_ongrid,3,1499.9551270384586,1499.955048529292,439.9999989073326,597.5958741923038,599.9999808208297,599.9999870164169,1586.2619780302764,1586.2618695390488,1,-9.06145413795657e-05,530.0000011365303,-530.0000906145414,1.1365302725607762e-06,1593.2126044418126,-3.162703587959363e-06
encodec_untrained,random-init-no-quant,24000,20260826,530.0,440.0,597.5958752840213,440Hz_ongrid,4,1499.9551904212424,1499.9549304962852,439.99999890667874,597.5958741904144,599.999999201701,599.9999869336459,1586.2619981501011,1586.2617335452805,1,-0.0003000029453962924,530.0000011336294,-530.0003000029454,1.1336294392094715e-06,1593.2124682092174,-3.1681770265623184e-06
encodec_untrained,random-init-no-quant,24000,20260826,530.0,452.8929,615.1066567850427,452.9Hz_+50.0c,0,1499.9552237277037,1499.955139068905,452.8929010442927,615.1066581445799,599.9999854908801,600.0000072658341,1586.2620761531693,1586.2619156115502,1,-9.771238264751535e-05,529.9999998345273,-530.0000977123826,-1.654726702327025e-07,1543.2130305119022,3.826453872774869e-06
encodec_untrained,random-init-no-quant,24000,20260826,530.0,452.8929,615.1066567850427,452.9Hz_+50.0c,1,1499.9551935518143,1499.9551883445447,452.89290104909685,615.1066581469596,599.9999745528726,599.9999890799847,1586.262072884864,1586.2620249582963,1,-6.010181171140928e-06,529.9999998228606,-530.0000060101812,-1.771394408933702e-07,1543.213087385379,3.833151468757169e-06
encodec_untrained,random-init-no-quant,24000,20260826,530.0,452.8929,615.1066567850427,452.9Hz_+50.0c,2,1499.9552447907959,1499.9549337056644,452.8929010444677,615.1066581407094,599.9999955361319,600.0000006544107,1586.2620714795194,1586.2616976597576,1,-0.0003590515313896183,529.999999822965,-530.0003590515314,-1.7703496268950403e-07,1543.212793483574,3.8155600443559205e-06
encodec_untrained,random-init-no-quant,24000,20260826,530.0,452.8929,615.1066567850427,452.9Hz_+50.0c,3,1499.9552136012207,1499.9550184444076,452.89290105120875,615.1066581365571,600.0000147982141,599.9999981934303,1586.2619799021884,1586.261802565313,1,-0.00022524815321760147,529.9999997855098,-530.0002252481532,-2.1449022824526764e-07,1543.2128912882415,3.8038735600845397e-06
encodec_untrained,random-init-no-quant,24000,20260826,530.0,452.8929,615.1066567850427,452.9Hz_+50.0c,4,1499.9549306152196,1499.9550324992094,452.892901041636,615.1066581454787,600.0000092578297,599.9999980289608,1586.2616692685751,1586.2618192617924,1,0.00011759355072233252,529.9999998472127,-529.9998824064493,-1.5278726550604915e-07,1543.212907510162,3.82898329833669e-06
encodec_untrained,random-init-no-quant,24000,20260826,535.0,440.0,599.3242945848891,440Hz_ongrid,0,1499.9551841638383,1499.955288480507,439.9999989127576,599.3242965891641,600.0000027433474,599.9999809374334,1586.2619807088333,1586.262164028708,1,0.00012040130555226187,535.0000100675239,-534.9998795986944,1.0067523930956668e-05,1588.212881391232,5.78963523093052e-06
encodec_untrained,random-init-no-quant,24000,20260826,535.0,440.0,599.3242945848891,440Hz_ongrid,1,1499.9551940764813,1499.9550503212133,439.9999989120711,599.3242965867989,600.0000021946158,600.0000051713662,1586.2619937332165,1586.2618192231566,1,-0.00016592097398677736,535.0000100633929,-535.000165920974,1.0063392892334377e-05,1588.2126065100313,5.782803091043078e-06
encodec_untrained,random-init-no-quant,24000,20260826,535.0,440.0,599.3242945848891,440Hz_ongrid,2,1499.9552208795576,1499.9551769831305,439.99999891781755,599.3242965902065,599.9999954581558,600.0000031728142,1586.2620441063873,1586.261971181749,1,-5.0664839428155026e-05,535.0000100506259,-535.0000506648395,1.005062586045824e-05,1588.2127527020214,5.792646323696972e-06
encodec_untrained,random-init-no-quant,24000,20260826,535.0,440.0,599.3242945848891,440Hz_ongrid,3,1499.9553298209405,1499.955042603395,439.9999989052999,599.3242965859731,600.0000038801811,599.9999939805535,1586.2621455446624,1586.261842605183,1,-0.0003315037667344448,535.0000100876496,-535.0003315037667,1.0087649570778012e-05,1588.2125976021973,5.7804178196763026e-06
encodec_untrained,random-init-no-quant,24000,20260826,535.0,440.0,599.3242945848891,440Hz_ongrid,4,1499.9552853778478,1499.9550138298853,439.9999989112825,599.3242965860513,599.9999847987884,599.9999982024931,1586.2621493061322,1586.2617972131247,1,-0.00031341809032304547,535.0000100643364,-535.0003134180903,1.0064336379400629e-05,1588.2125643920822,5.780643469038478e-06
encodec_untrained,random-init-no-quant,24000,20260826,535.0,452.8929,616.8857223068289,452.9Hz_+50.0c,0,1499.9550874260096,1499.955125826447,452.89290103692207,616.8857237908754,599.9999998386653,599.9999883982923,1586.261877436086,1586.261954767448,1,4.4321423015365e-05,535.0000002010912,-534.999955678577,2.010912112382357e-07,1538.2130152275824,4.164842577104898e-06
encodec_untrained,random-init-no-quant,24000,20260826,535.0,452.8929,616.8857223068289,452.9Hz_+50.0c,1,1499.9552903785664,1499.9550065788317,452.892901041454,616.8857237948557,599.9999938379482,600.0000053888746,1586.2621289964115,1586.2617681085126,1,-0.00032755897016363794,535.0000001949373,-535.0003275589702,1.9493734271236463e-07,1538.2128775931044,4.176012797159733e-06
encodec_untrained,random-init-no-quant,24000,20260826,535.0,452.8929,616.8857223068289,452.9Hz_+50.0c,2,1499.955481188094,1499.9551088374644,452.89290104786426,616.8857237944793,600.00000413108,599.9999869243605,1586.2623195272283,1586.261939411793,1,-0.0004297635336144416,535.0000001693774,-535.0004297635336,1.6937735836108914e-07,1538.2129956190588,4.174956435238383e-06
encodec_untrained,random-init-no-quant,24000,20260826,535.0,452.8929,616.8857223068289,452.9Hz_+50.0c,3,1499.9550285019664,1499.9551423812488,452.892901035843,616.8857237944703,599.9999903532802,600.00000232071,1586.261836795545,1586.2619337032381,1,0.00013143839670444818,535.0000002153046,-534.9998685616033,2.1530456706386758e-07,1538.2130343349784,4.174931064100534e-06
encodec_untrained,random-init-no-quant,24000,20260826,535.0,452.8929,616.8857223068289,452.9Hz_+50.0c,4,1499.9550874967056,1499.9550453662775,452.892901050939,616.8857237909094,599.9999984002769,600.0000026907088,1586.2618816679944,1586.2618206618804,1,-4.8626544253640174e-05,535.0000001476052,-535.0000486265443,1.4760519206902245e-07,1538.212922361212,4.164937911077424e-06
encodec_untrained,random-init-no-quant,24000,20260826,540.0,440.0,601.057712971934,440Hz_ongrid,0,1499.9550409790359,1499.9548880242864,439.9999989118454,601.0577120305089,600.0000097334358,599.9999935698514,1586.2617952771527,1586.2616653764517,1,-0.00017653894713377474,540.0000015698793,-540.0001765389471,1.5698792594776023e-06,1583.2124191884297,-2.711598604571539e-06
encodec_untrained,random-init-no-quant,24000,20260826,540.0,440.0,601.057712971934,440Hz_ongrid,1,1499.9554483145284,1499.954982245727,439.9999989090951,601.0577120315295,600.0000033500767,600.0000021301693,1586.2622838383775,1586.2617494261067,1,-0.0005379321796333746,540.0000015836404,-540.0005379321797,1.5836403690627776e-06,1583.212527937941,-2.7086590122699765e-06
encodec_untrained,random-init-no-quant,24000,20260826,540.0,440.0,601.057712971934,440Hz_ongrid,2,1499.9550335337083,1499.9550893972164,439.99999891172547,601.057712030347,599.9999911685823,599.9999989672161,1586.2618402506696,1586.2618822257054,1,6.447713656156028e-05,540.000001569885,-539.9999355228634,1.5698849438194884e-06,1583.2126516111864,-2.7120648953341643e-06
encodec_untrained,random-init-no-quant,24000,20260826,540.0,440.0,601.057712971934,440Hz_ongrid,3,1499.9552844547866,1499.955038866504,439.99999891320135,601.0577120304957,600.00001112431,600.0000007871881,1586.2620722813447,1586.2618186523025,1,-0.00028345567100041214,540.0000015645062,-540.000283455671,1.5645061921532033e-06,1583.2125932891126,-2.7116364690728733e-06
encodec_untrained,random-init-no-quant,24000,20260826,540.0,440.0,601.057712971934,440Hz_ongrid,4,1499.9552564441412,1499.9552829021027,439.99999891041216,601.0577120325264,599.999992578264,600.0000023311225,1586.2620934643023,1586.2620958610278,1,3.053752626579875e-05,540.0000015813298,-539.9999694624737,1.5813297977729235e-06,1583.2128749526908,-2.705787652953057e-06
encodec_untrained,random-init-no-quant,24000,20260826,540.0,452.8929,618.6699333982427,452.9Hz_+50.0c,0,1499.955192551892,1499.9553693299142,452.89290103487536,618.6699319008642,600.0000061075294,600.0000034165607,1586.2619806832681,1586.262192483266,1,0.00020403550361256775,539.9999918539338,-539.9997959644963,-8.146066193148727e-06,1533.213296276963,-4.190138572709766e-06
encodec_untrained,random-init-no-quant,24000,20260826,540.0,452.8929,618.6699333982427,452.9Hz_+50.0c,1,1499.9550746362327,1499.954982904857,452.89290104647444,618.6699319027354,600.0000028712329,600.0000115545873,1586.2618539241055,1586.261722993746,1,-0.00010587549485459599,539.9999918148311,-540.0001058754949,-8.185168894669914e-06,1533.212850268824,-4.184902315802495e-06
encodec_untrained,random-init-no-quant,24000,20260826,540.0,452.8929,618.6699333982427,452.9Hz_+50.0c,2,1499.9552524267547,1499.95508860679,452.89290104774324,618.6699319022007,600.0000011170264,600.0000027427715,1586.2620641898127,1586.2618704194526,1,-0.00018907945139710124,539.9999918084849,-540.0001890794514,-8.19151512132521e-06,1533.212972269005,-4.186398636326044e-06
encodec_untrained,random-init-no-quant,24000,20260826,540.0,452.8929,618.6699333982427,452.9Hz_+50.0c,3,1499.9550447328404,1499.9554561673801,452.89290104356735,618.669931901748,600.0000078478683,599.9999954460975,1586.2618050503563,1586.262315708126,1,0.0004748738230691243,539.9999918231811,-539.9995251261769,-8.176818937499775e-06,1533.2133965039272,-4.187665463374307e-06
encodec_untrained,random-init-no-quant,24000,20260826,540.0,452.8929,618.6699333982427,452.9Hz_+50.0c,4,1499.9550728895504,1499.955331212101,452.8929010486894,618.6699319017464,599.9999963072395,599.9999969484217,1586.2618708477828,1586.2621671511565,1,0.0002981534348389125,539.9999918035969,-539.9997018465651,-8.196403086913051e-06,1533.2132522817496,-4.187669884102893e-06
encodec_untrained,random-init-no-quant,24000,20260826,545.0,440.0,602.7961449039523,440Hz_ongrid,0,1499.9552343879498,1499.9549118353834,439.9999989160326,602.796147847617,599.9999890410813,599.9999811935209,1586.2620782134084,1586.2617285695412,1,-0.0003722871407609777,545.0000127192252,-545.0003722871407,1.2719225196633488e-05,1578.2124466709774,8.454222449308455e-06
encodec_untrained,random-init-no-quant,24000,20260826,545.0,440.0,602.7961449039523,440Hz_ongrid,1,1499.9552168883217,1499.9550951976692,439.999998909019,602.7961478554096,599.9999844862406,600.000006392757,1586.262071157997,1586.2618674949515,1,-0.00014045419981746561,545.0000127692015,-545.0001404541998,1.276920147574856e-05,1578.2126583060144,8.476602483714094e-06
encodec_untrained,random-init-no-quant,24000,20260826,545.0,440.0,602.7961449039523,440Hz_ongrid,2,1499.9552236979277,1499.9551710755927,439.99999891184024,602.7961478510783,599.9999905406895,600.0000033969343,1586.262061548132,1586.261963716651,1,-6.073619952418431e-05,545.0000127456614,-545.0000607361995,1.2745661365443084e-05,1578.212745883597,8.464163322386521e-06
encodec_untrained,random-init-no-quant,24000,20260826,545.0,440.0,602.7961449039523,440Hz_ongrid,3,1499.955228099628,1499.9551359870356,439.99999891805453,602.7961478481088,599.9999840751694,600.0000152795318,1586.2620852840803,1586.261888931842,1,-0.00010631548057858187,545.0000127126821,-545.0001063154806,1.2712682064375258e-05,1578.2127053847169,8.455634775978559e-06
encodec_untrained,random-init-no-quant,24000,20260826,545.0,440.0,602.7961449039523,440Hz_ongrid,4,1499.9550703800655,1499.9550483845533,439.99999891349626,602.7961478509721,599.9999944102443,600.0000045681259,1586.2618734249302,1586.2618187284654,1,-2.5387013701489314e-05,545.0000127388407,-545.0000253870137,1.2738840723613976e-05,1578.2126042747561,8.463858099910728e-06
encodec_untrained,random-init-no-quant,24000,20260826,545.0,452.8929,620.4593049417526,452.9Hz_+50.0c,0,1499.9553476876986,1499.9552433768265,452.8929010460239,620.4593043474626,599.9999840105679,600.0000090355691,1586.2622234978887,1586.2620308963876,1,-0.0001203946103709178,544.9999943432407,-545.0001203946103,-5.656759299199621e-06,1528.2131509031153,-1.6582152893758844e-06
encodec_untrained,random-init-no-quant,24000,20260826,545.0,452.8929,620.4593049417526,452.9Hz_+50.0c,1,1499.955273163462,1499.9550349435974,452.89290104098467,620.4593043479312,599.9999908014597,599.999999647749,1586.2621178883562,1586.2618174122467,1,-0.00027495111408877684,544.999994363811,-545.0002749511141,-5.636189030155947e-06,1528.2129103314517,-1.6569079069498958e-06
encodec_untrained,random-init-no-quant,24000,20260826,545.0,452.8929,620.4593049417526,452.9Hz_+50.0c,2,1499.9549228668054,1499.955007982634,452.89290104232515,620.459304348727,600.0000015882412,599.9999933836392,1586.2616824551817,1586.2618043685554,1,9.823989668520123e-05,544.9999943609074,-544.9999017601033,-5.639092591991357e-06,1528.21287921336,-1.6546875479694479e-06
encodec_untrained,random-init-no-quant,24000,20260826,545.0,452.8929,620.4593049417526,452.9Hz_+50.0c,3,1499.9552063205253,1499.9551686122247,452.8929010510983,620.4593043500302,599.9999889148767,600.0000104014993,1586.2620461824038,1586.2619406625531,1,-4.352256291818847e-05,544.9999943310073,-545.0000435225629,-5.668992685059493e-06,1528.2130646105222,-1.6510512104044358e-06
encodec_untrained,random-init-no-quant,24000,20260826,545.0,452.8929,620.4593049417526,452.9Hz_+50.0c,4,1499.955018690753,1499.9550044721739,452.89290103888425,620.4593043474507,600.0000100865823,600.0000055902394,1586.26176853326,1586.261765096012,1,-1.6410951023654478e-05,544.9999943704995,-545.000016410951,-5.629500492432271e-06,1528.2128751616199,-1.6582485409430259e-06
encodec_untrained,random-init-no-quant,24000,20260826,550.0,440.0,604.5396048815592,440Hz_ongrid,0,1499.9551837510871,1499.9551536097429,439.9999989131431,604.5396038248867,600.0000007398065,599.9999930657956,1586.2619860134369,1586.2619733670979,1,-3.478885410195346e-05,550.0000012503547,-550.0000347888541,1.2503546713560354e-06,1573.2127257246784,-3.0260173510461356e-06
encodec_untrained,random-init-no-quant,24000,20260826,550.0,440.0,604.5396048815592,440Hz_ongrid,1,1499.955202558099,1499.9551104237473,439.9999989167283,604.5396038275851,600.000002152568,600.0000007292673,1586.2620036439434,1586.2619014101242,1,-0.00010634059685342202,550.0000012439756,-550.0001063405969,1.2439755892046378e-06,1573.2126758798104,-3.0182899174830834e-06
encodec_untrained,random-init-no-quant,24000,20260826,550.0,440.0,604.5396048815592,440Hz_ongrid,2,1499.9551985136263,1499.9553391145287,439.9999989183781,604.5396038241529,599.9999924249346,599.9999987754181,1586.2620270438686,1586.2621710004653,1,0.0001622802189760917,550.0000012276555,-549.999837719781,1.2276555025891867e-06,1573.2129398325344,-3.0281187347677827e-06
encodec_untrained,random-init-no-quant,24000,20260826,550.0,440.0,604.5396048815592,440Hz_ongrid,3,1499.9551826988254,1499.9552701354148,439.99999890736245,604.5396038204395,599.9999977616003,599.9999984832667,1586.261993392213,1586.2620922284034,1,0.00010091847940272891,550.0000012603638,-549.9998990815207,1.2603637742358842e-06,1573.2128602175014,-3.0387528934770097e-06
encodec_untrained,random-init-no-quant,24000,20260826,550.0,440.0,604.5396048815592,440Hz_ongrid,4,1499.955393553041,1499.9549965833971,439.9999989121756,604.5396038244915,599.9999966234974,600.0000018940118,1586.2622400420028,1586.261766655918,1,-0.0004581785949212136,550.0000012530294,-550.000458178595,1.2530293815871119e-06,1573.2125444863464,-3.027149249768972e-06
encodec_untrained,random-init-no-quant,24000,20260826,550.0,452.8929,622.2538518628716,452.9Hz_+50.0c,0,1499.9551232957813,1499.955353996732,452.8929010462011,622.2538529497125,600.0000028831467,599.9999975042763,1586.261910052122,1586.2621918451014,1,0.00026627283965111894,549.9999990245864,-549.9997337271603,-9.754136272022151e-07,1523.2132785795518,3.023807942501151e-06
encodec_untrained,random-init-no-quant,24000,20260826,550.0,452.8929,622.2538518628716,452.9Hz_+50.0c,1,1499.9552473515698,1499.9551676323283,452.8929010339554,622.253852951784,599.9999890127123,600.0000123317864,1586.2620932577508,1586.2619339619348,1,-9.20111910734716e-05,549.9999990771602,-550.0000920111911,-9.228398312188801e-07,1523.213063479535,3.0295710349084982e-06
encodec_untrained,random-init-no-quant,24000,20260826,550.0,452.8929,622.2538518628716,452.9Hz_+50.0c,2,1499.9551746757277,1499.9553241079009,452.8929010420613,622.253852957553,600.0000076841241,600.0000087518647,1586.2619555016781,1586.2621248940197,1,0.00017247318989146792,549.999999062225,-549.9998275268101,-9.377749847772066e-07,1523.2132440821497,3.0456217393091703e-06
encodec_untrained,random-init-no-quant,24000,20260826,550.0,452.8929,622.2538518628716,452.9Hz_+50.0c,3,1499.9551197129713,1499.9551509832872,452.89290105144687,622.2538529517764,599.9999877549989,599.9999789077262,1586.2619495674846,1586.2620111872216,1,3.6091903294730014e-05,549.9999990102757,-549.9999639080967,-9.897242989609367e-07,1523.2130442633695,3.02954989229361e-06
encodec_untrained,random-init-no-quant,24000,20260826,550.0,452.8929,622.2538518628716,452.9Hz_+50.0c,4,1499.9549102382025,1499.955188450354,452.8929010509691,622.2538529575994,600.0000074832145,599.9999942102664,1586.2616508700678,1586.2620102775563,1,0.00032110985560072404,549.999999028303,-549.9996788901444,-9.7169697710342e-07,1523.2130875075031,3.0457509014655774e-06
encodec_untrained,random-init-no-quant,24000,20260826,555.0,440.0,606.2881074473102,440Hz_ongrid,0,1499.9551925446797,1499.9552545758138,439.999998906478,606.2881094336982,600.0000089806041,600.0000045594455,1586.2619723850025,1586.262056737514,1,7.159574478551329e-05,555.0000099746569,-554.9999284042552,9.974656904887524e-06,1568.2128422587584,5.6720599964872655e-06
encodec_untrained,random-init-no-quant,24000,20260826,555.0,440.0,606.2881074473102,440Hz_ongrid,1,1499.9550500736318,1499.9551959937885,439.9999989095112,606.2881094391992,599.9999823668325,600.0000128829247,1586.2618847373765,1586.2619651062143,1,0.00016841966780454173,555.0000099784304,-554.9998315803322,9.97843039840518e-06,1568.2127746439423,5.687767806091597e-06
encodec_untrained,random-init-no-quant,24000,20260826,555.0,440.0,606.2881074473102,440Hz_ongrid,2,1499.955315134928,1499.9550751497432,439.9999989139031,606.2881094369307,599.9999940479557,600.0000058929965,1586.2621569640132,1586.2618457978278,1,-0.0002769886224477405,555.000009954672,-555.0002769886224,9.95467200937128e-06,1568.2126351668867,5.681290477722152e-06
encodec_untrained,random-init-no-quant,24000,20260826,555.0,440.0,606.2881074473102,440Hz_ongrid,3,1499.9551838054033,1499.955176612964,439.99999891364564,606.2881094416949,599.999994947603,599.9999917241065,1586.2620027888947,1586.262003788494,1,-8.301445377787953e-06,555.0000099692894,-555.0000083014454,9.969289408218174e-06,1568.2127522747783,5.694894404942676e-06
encodec_untrained,random-init-no-quant,24000,20260826,555.0,440.0,606.2881074473102,440Hz_ongrid,4,1499.9551839826267,1499.9552107395916,439.999998910727,606.2881094396109,600.0000046978586,600.0000039492119,1586.2619748601537,1586.2620079029264,1,3.0882634856633525e-05,555.0000099748223,-554.9999691173651,9.97482231923641e-06,1568.212791663408,5.688943719888754e-06
encodec_untrained,random-init-no-quant,24000,20260826,555.0,452.8929,624.0535891302816,452.9Hz_+50.0c,0,1499.9550262804387,1499.955281976502,452.89290104404165,624.0535912971836,600.0000100947163,599.9999845867533,1586.2617772697342,1586.2621459921356,1,0.0002951219772462925,555.0000020203996,-554.9997048780227,2.020399620050739e-06,1518.213195454492,6.011366289941118e-06
encodec_untrained,random-init-no-quant,24000,20260826,555.0,452.8929,624.0535891302816,452.9Hz_+50.0c,1,1499.9550078769357,1499.9551164942588,452.89290103802824,624.0535913004214,600.0000082849263,600.0000038694044,1586.2617612505335,1586.261899356131,1,0.00012536509452511826,555.0000020523688,-554.9998746349055,2.0523688135654083e-06,1518.2130044564585,6.020348441552483e-06
encodec_untrained,random-init-no-quant,24000,20260826,555.0,452.8929,624.0535891302816,452.9Hz_+50.0c,2,1499.9550702302145,1499.955191839911,452.8929010380168,624.0535912939804,600.0000061083757,599.9999912327484,1586.261839498301,1586.262022781052,1,0.0001403607636354349,555.0000020345439,-554.9998596392363,2.034543854279036e-06,1518.2130914196975,6.002479856713309e-06
encodec_untrained,random-init-no-quant,24000,20260826,555.0,452.8929,624.0535891302816,452.9Hz_+50.0c,3,1499.9551528199825,1499.9552321603487,452.89290104729616,624.0535912961432,600.0000048815014,599.9999927045588,1586.2619383626434,1586.2620650717706,1,9.157389773049546e-05,555.0000020050726,-554.9999084261023,2.005072587962786e-06,1518.2131379571633,6.008479746397081e-06
encodec_untrained,random-init-no-quant,24000,20260826,555.0,452.8929,624.0535891302816,452.9Hz_+50.0c,4,1499.9553751884032,1499.9553153086722,452.89290104661313,624.0535912962458,599.9999926403937,600.0000087938787,1586.262230338523,1586.2621146168076,1,-6.911261018152867e-05,555.0000020079681,-555.0000691126102,2.007968078032718e-06,1518.2132339261639,6.0087645950808116e-06
encodec_untrained,random-init-no-quant,24000,20260826,560.0,440.0,608.0416671858214,440Hz_ongrid,0,1499.9551957730077,1499.9551447564286,439.99999890671063,608.041665749722,599.9999823356266,599.9999834771054,1586.2620529922626,1586.2619908157983,1,-5.888285244343982e-05,560.0000002127769,-560.0000588828525,2.1277685391396517e-07,1563.2127155062672,-4.088904272505327e-06
encodec_untrained,random-init-no-quant,24000,20260826,560.0,440.0,608.0416671858214,440Hz_ongrid,1,1499.9552432898884,1499.9552200473738,439.999998915297,608.041665747083,599.9999926923298,600.0000091161589,1586.2620779526649,1586.2620037372221,1,-2.6826288969384435e-05,560.000000171479,-560.000026826289,1.7147897324321093e-07,1563.2128024063622,-4.096418165661909e-06
encodec_untrained,random-init-no-quant,24000,20260826,560.0,440.0,608.0416671858214,440Hz_ongrid,2,1499.955243061814,1499.9551239607194,439.9999989148841,608.0416657522995,600.0000068705668,600.0000150802191,1586.262036779679,1586.2618756262764,1,-0.0001374653538292827,560.0000001879563,-560.0001374653539,1.8795628875523107e-07,1563.212691504056,-4.08156547864189e-06
encodec_untrained,random-init-no-quant,24000,20260826,560.0,440.0,608.0416671858214,440Hz_ongrid,3,1499.9550539876482,1499.954960476818,439.99999891090636,608.0416657494121,599.9999970973676,599.9999999737973,1586.2618467515567,1586.261730522609,1,-0.00010792932607534046,560.000000195386,-560.0001079293261,1.9538595097401412e-07,1563.2125028124697,-4.089786688372153e-06
encodec_untrained,random-init-no-quant,24000,20260826,560.0,440.0,608.0416671858214,440Hz_ongrid,4,1499.955125374397,1499.9549763078812,439.9999989109016,608.0416657515148,599.9999941814027,599.9999987641543,1586.2619375591669,1586.2617522849666,1,-0.00017205117429815119,560.0000002013915,-560.0001720511743,2.013914581766585e-07,1563.2125210845354,-4.083800060839161e-06
encodec_untrained,random-init-no-quant,24000,20260826,560.0,452.8929,625.858531755958,452.9Hz_+50.0c,0,1499.9552015260767,1499.955195663078,452.8929010464834,625.858533500653,599.9999958310113,599.9999949959793,1586.26202069295,1586.262016335326,1,-6.7670174020371195e-06,560.0000008258306,-560.0000067670175,8.258306252173497e-07,1513.2130958323608,4.826131290326774e-06
encodec_untrained,random-init-no-quant,24000,20260826,560.0,452.8929,625.858531755958,452.9Hz_+50.0c,1,1499.955196671573,1499.9549485617047,452.8929010406297,625.8585334968581,599.9999795545316,599.9999854841805,1586.262062053922,1586.2617585784933,1,-0.0002863660785106987,560.0000008377098,-560.0002863660785,8.377097628908814e-07,1513.2128106302778,4.815633789840064e-06
encodec_untrained,random-init-no-quant,24000,20260826,560.0,452.8929,625.858531755958,452.9Hz_+50.0c,2,1499.9553029798076,1499.955214858015,452.8929010466238,625.8585334997225,599.9999858710578,600.0000071904188,1586.2621665282304,1586.262003304225,1,-0.00010170933214691999,560.0000008227202,-560.0001017093322,8.227201533372863e-07,1513.2131179869748,4.823557273069602e-06
encodec_untrained,random-init-no-quant,24000,20260826,560.0,452.8929,625.858531755958,452.9Hz_+50.0c,3,1499.955204528665,1499.9552742431583,452.892901046962,625.8585334938612,599.9999962696689,599.9999815157711,1586.2620228928106,1586.262145927366,1,8.046380395350937e-05,560.0000008052137,-559.9999195361961,8.052137445702101e-07,1513.213186528741,4.8073439627565314e-06
encodec_untrained,random-init-no-quant,24000,20260826,560.0,452.8929,625.858531755958,452.9Hz_+50.0c,4,1499.9553614044055,1499.9550484539257,452.8929010498206,625.8585334918384,599.9999869466471,600.0000051282676,1586.2622308578457,1586.261817192307,1,-0.00036120447105311384,560.0000007886914,-560.000361204471,7.886914090704522e-07,1513.212925924946,4.801748473629317e-06
encodec_untrained,random-init-no-quant,24000,20260826,565.0,440.0,609.8002987238928,440Hz_ongrid,0,1499.9552167503277,1499.955131998392,439.99999890905997,609.8002998390418,599.9999920274286,600.0000062556344,1586.262049239456,1586.2619103656507,1,-9.781988112593952e-05,565.000007458366,-565.0000978198811,7.458365985257842e-06,1558.2127007810618,3.165928215362956e-06
encodec_untrained,random-init-no-quant,24000,20260826,565.0,440.0,609.8002987238928,440Hz_ongrid,1,1499.9551394720265,1499.9552400201237,439.9999989153679,609.8002998410267,599.9999890075088,599.9999907174279,1586.2619687592198,1586.2620798770963,1,0.00011605165989864787,565.0000074391816,-564.9998839483401,7.439181558765995e-06,1558.2128254587199,3.171563298846973e-06
encodec_untrained,random-init-no-quant,24000,20260826,565.0,440.0,609.8002987238928,440Hz_ongrid,2,1499.9552241878714,1499.9551374266075,439.9999989172288,609.8002998407987,599.9999911079823,600.0000038146526,1586.2620604767596,1586.2619236740306,1,-0.00010013902814406572,565.0000074312125,-565.0001001390282,7.431212452502223e-06,1558.2127070462566,3.1709163348314473e-06
encodec_untrained,random-init-no-quant,24000,20260826,565.0,440.0,609.8002987238928,440Hz_ongrid,3,1499.955276669703,1499.9550593187305,439.99999890332896,609.8002998395841,600.0000006161619,600.0000044139317,1586.2620936159817,1586.2618317935003,1,-0.0002508644338522093,565.0000074824547,-565.0002508644338,7.482454748242162e-06,1558.2126168948807,3.1674677821378736e-06
encodec_untrained,random-init-no-quant,24000,20260826,565.0,440.0,609.8002987238928,440Hz_ongrid,4,1499.955096714933,1499.955246165341,439.99999890959066,609.8002998401123,599.9999999949231,600.0000091630637,1586.2618877064097,1586.2620337469925,1,0.00017249424485854623,565.0000074593171,-564.9998275057551,7.459317089342221e-06,1558.2128325514711,3.168967370150095e-06
encodec_untrained,random-init-no-quant,24000,20260826,565.0,452.8929,627.6686947952957,452.9Hz_+50.0c,0,1499.95510836861,1499.9550139254895,452.8929010427299,627.6686924581252,599.9999921906119,600.0000028456552,1586.2619236754556,1586.2617839261366,1,-0.0001090053628074882,564.9999895676707,-565.0001090053628,-1.0432329304421728e-05,1508.2128860725484,-6.446377152109804e-06
encodec_untrained,random-init-no-quant,24000,20260826,565.0,452.8929,627.6686947952957,452.9Hz_+50.0c,1,1499.9551852934894,1499.9549765598688,452.8929010470989,627.6686924605355,599.9999899234122,599.9999964951382,1586.26201900318,1586.2617591228045,1,-0.00024091838206313047,564.9999895576176,-565.000240918382,-1.0442382404107775e-05,1508.2128429454976,-6.439729145130225e-06
encodec_untrained,random-init-no-quant,24000,20260826,565.0,452.8929,627.6686947952957,452.9Hz_+50.0c,2,1499.9551183220615,1499.9551903890665,452.89290103898236,627.6686924603163,599.9999950545981,599.9999945253122,1586.2619268999183,1586.2620116061698,1,8.317905529487169e-05,564.9999895880394,-564.9999168209447,-1.0411960602141335e-05,1508.2130897451466,-6.4403336317137435e-06
encodec_untrained,random-init-no-quant,24000,20260826,565.0,452.8929,627.6686947952957,452.9Hz_+50.0c,3,1499.955103005034,1499.9551064552206,452.8929010399298,627.6686924570911,599.9999866284761,599.9999981390955,1586.2619335337988,1586.261904303344,1,3.982172691048253e-06,564.9999895755219,-564.9999960178274,-1.0424478091408673e-05,1508.2129928694953,-6.449229483079423e-06
encodec_untrained,random-init-no-quant,24000,20260826,565.0,452.8929,627.6686947952957,452.9Hz_+50.0c,4,1499.9551570618032,1499.9552243839269,452.89290104472497,627.6686924613008,599.9999853980448,600.0000002092225,1586.2619994758857,1586.2620344424163,1,7.770255627456705e-05,564.9999895688031,-564.9999222974437,-1.0431196869831183e-05,1508.2131289816914,-6.437618151124889e-06
encodec_untrained,random-init-no-quant,24000,20260826,570.0,440.0,611.5640167306283,440Hz_ongrid,0,1499.9551725386702,1499.9551660024003,439.9999989138445,611.5640137634762,600.000000230113,600.0000026780001,1586.261974542836,1586.2619599356262,1,-7.5441007624325885e-06,569.9999958741076,-570.0000075441008,-4.125892360207217e-06,1553.2127400281665,-8.399504634078321e-06
encodec_untrained,random-init-no-quant,24000,20260826,570.0,440.0,611.5640167306283,440Hz_ongrid,1,1499.9550517786147,1499.9552446788764,439.9999989133867,611.5640137638214,599.9999882144467,600.0000048268786,1586.2618698326035,1586.262044542915,1,0.0002226436579660806,569.999995876886,-569.9997773563421,-4.123113967580139e-06,1553.212830835808,-8.398527268647265e-06
encodec_untrained,random-init-no-quant,24000,20260826,570.0,440.0,611.5640167306283,440Hz_ongrid,2,1499.9551782680237,1499.954986956101,439.99999891929457,611.5640137649258,599.9999943515205,599.9999975125144,1586.261998117634,1586.2617681865122,1,-0.00022081042175633227,569.9999958567671,-570.0002208104218,-4.143232899878058e-06,1553.2125333746112,-8.39540104470703e-06
encodec_untrained,random-init-no-quant,24000,20260826,570.0,440.0,611.5640167306283,440Hz_ongrid,3,1499.9553278309647,1499.9550190647665,439.99999891202987,611.564013761427,599.9999960616591,600.000001384912,1586.2621658073374,1586.2617940726557,1,-0.0003563750205178707,569.9999958754465,-570.0003563750205,-4.12455347031937e-06,1553.2125704341329,-8.405305591025173e-06
encodec_untrained,random-init-no-quant,24000,20260826,570.0,440.0,611.5640167306283,440Hz_ongrid,4,1499.955256381894,1499.955010472098,439.99999890793157,611.564013765115,600.0000010453476,599.999995617326,1586.2620689616183,1586.2618007968135,1,-0.00028382676431632203,569.9999959020121,-570.0002838267643,-4.097987925888447e-06,1553.2125605165552,-8.394865367724464e-06
encodec_untrained,random-init-no-quant,24000,20260826,570.0,452.8929,629.4840933472335,452.9Hz_+50.0c,0,1499.9551803923962,1499.95504191171,452.8929010420356,629.4840911996433,599.9999916365077,599.999996841063,1586.2620084034359,1586.261833553161,1,-0.000159833102561537,569.9999901103074,-570.0001598331025,-9.889692591968924e-06,1503.2129183739821,-5.9063941883775205e-06
encodec_untrained,random-init-no-quant,24000,20260826,570.0,452.8929,629.4840933472335,452.9Hz_+50.0c,1,1499.9551091472542,1499.9551001701084,452.89290104318286,629.4840912025916,600.0000017322358,599.9999820395424,1586.2618970428523,1586.2619435026186,1,-1.0361337109483843e-05,569.9999901140301,-570.0000103613371,-9.88596991646773e-06,1503.2129856152783,-5.898285995526071e-06
encodec_untrained,random-init-no-quant,24000,20260826,570.0,452.8929,629.4840933472335,452.9Hz_+50.0c,2,1499.9551375768347,1499.9552832039742,452.8929010368256,629.4840912015572,599.9999983110567,599.999994350676,1586.261939727442,1586.262119236146,1,0.00016808146057437667,569.9999901354868,-569.9998319185394,-9.86451323115034e-06,1503.2131968712292,-5.901130638271153e-06
encodec_untrained,random-init-no-quant,24000,20260826,570.0,452.8929,629.4840933472335,452.9Hz_+50.0c,3,1499.9551148574776,1499.9549913394326,452.89290104805303,629.4840912018893,599.999990732892,599.999992959652,1586.2619353709363,1586.2617863824962,1,-0.0001425633686108598,569.999990093482,-570.0001425633686,-9.906518016578048e-06,1503.2128600039325,-5.900217277303272e-06
encodec_untrained,random-init-no-quant,24000,20260826,570.0,452.8929,629.4840933472335,452.9Hz_+50.0c,4,1499.9550997392623,1499.9551195566792,452.8929010388891,629.48409120135,599.9999800298492,600.0000086705479,1586.261948804089,1586.2618890375759,1,2.2873075531093467e-05,569.9999901270289,-569.9999771269245,-9.872971077129478e-06,1503.213007991075,-5.9017005278481244e-06
encodec_untrained,random-init-no-quant,24000,20260826,575.0,440.0,613.3328359175597,440Hz_ongrid,0,1499.9553435448088,1499.955219964264,439.9999989065998,613.3328349394708,599.9999967314257,599.99998729601,1586.2621820115676,1586.262066600939,1,-0.00014263548357763692,575.0000015412986,-575.0001426354836,1.5412986158480635e-06,1548.2128023104374,-2.760818804400737e-06
encodec_untrained,random-init-no-quant,24000,20260826,575.0,440.0,613.3328359175597,440Hz_ongrid,1,1499.9550710191124,1499.9550638689777,439.9999989159739,613.3328349350791,599.9999895401389,599.9999867632508,1586.2618882146658,1586.261887974453,1,-8.252618238235122e-06,575.0000014920187,-575.0000082526183,1.4920186686140369e-06,1548.2126221467333,-2.7732151039623622e-06
encodec_untrained,random-init-no-quant,24000,20260826,575.0,440.0,613.3328359175597,440Hz_ongrid,2,1499.9552785177032,1499.9551255394144,439.99999891723826,613.3328349405718,599.9999975137102,600.0000032774055,1586.262104700709,1586.2619115041118,1,-0.00017656608791132204,575.0000015025482,-575.0001765660879,1.5025482298369752e-06,1548.2126933261707,-2.757710840001782e-06
encodec_untrained,random-init-no-quant,24000,20260826,575.0,440.0,613.3328359175597,440Hz_ongrid,3,1499.9551865765213,1499.9551266534556,439.9999989170785,613.3328349332461,599.9999983735868,600.0000063470214,1586.261996101993,1586.2619039328886,1,-6.916263534028972e-05,575.0000014824984,-575.0000691626353,1.482498419136391e-06,1548.2126946119868,-2.77838908625403e-06
encodec_untrained,random-init-no-quant,24000,20260826,575.0,440.0,613.3328359175597,440Hz_ongrid,4,1499.9550559677502,1499.9550724126905,439.9999989128813,613.3328349293326,599.9999911090555,600.000002326449,1586.2618663155888,1586.2618529296278,1,1.898059562119722e-05,575.0000014879668,-574.9999810194043,1.4879667560308008e-06,1548.2126320078064,-2.7894353337478374e-06
encodec_untrained,random-init-no-quant,24000,20260826,575.0,452.8929,631.3047425543814,452.9Hz_+50.0c,0,1499.9551391474909,1499.9551823429897,452.8929010402489,631.3047410399803,599.9999982133298,600.0000138922476,1586.261941822259,1586.2619464383017,1,4.985583599040207e-05,574.999991870573,-574.999950144164,-8.129426987579791e-06,1498.2130804584406,-4.152959092068662e-06
encodec_untrained,random-init-no-quant,24000,20260826,575.0,452.8929,631.3047425543814,452.9Hz_+50.0c,1,1499.9553136034733,1499.954958448137,452.89290103705036,631.3047410418361,599.9999933349,599.9999922600665,1586.262157253867,1586.2617504382465,1,-0.0004099169342597564,574.9999918878888,-575.0004099169342,-8.112111231639574e-06,1498.2128220411055,-4.147869872438381e-06
encodec_untrained,random-init-no-quant,24000,20260826,575.0,452.8929,631.3047425543814,452.9Hz_+50.0c,2,1499.9551944053985,1499.955052308603,452.8929010419331,631.3047410434173,599.999995905351,600.0000019329093,1586.2620122598319,1586.2618308611945,1,-0.000164006780648376,574.9999918735599,-575.0001640067807,-8.126440093292331e-06,1498.2129303739778,-4.1435337143124335e-06
encodec_untrained,random-init-no-quant,24000,20260826,575.0,452.8929,631.3047425543814,452.9Hz_+50.0c,3,1499.9552238942745,1499.9549576310194,452.89290105396304,631.30474104124,599.9999838262996,600.0000002562942,1586.262081148388,1586.2617264229007,1,-0.0003073185430406872,574.9999918216035,-575.000307318543,-8.17839645606e-06,1498.2128210979956,-4.149504388781604e-06
encodec_untrained,random-init-no-quant,24000,20260826,575.0,452.8929,631.3047425543814,452.9Hz_+50.0c,4,1499.955333868872,1499.954990989812,452.8929010354093,631.3047410416823,599.9999971749181,599.9999990407018,1586.2621695640455,1586.2617684327665,1,-0.00039574776530563094,574.9999918937401,-575.0003957477653,-8.10625988378888e-06,1498.2128596004034,-4.148291571504354e-06
encodec_untrained,random-init-no-quant,24000,20260826,580.0,440.0,615.1067710387686,440Hz_ongrid,0,1499.9551668333227,1499.9551401709791,439.999998914683,615.1067723935889,600.0000035842851,599.9999940525847,1586.261958279683,1586.2619550089323,1,-3.0773424765837716e-05,580.0000080834906,-580.0000307734248,8.083490570243157e-06,1543.2127102137847,3.813177079453512e-06
encodec_untrained,random-init-no-quant,24000,20260826,580.0,440.0,615.1067710387686,440Hz_ongrid,1,1499.955275101996,1499.9551847444768,439.9999989163796,615.1067723853913,599.9999876168406,600.0000117229396,1586.2621293146624,1586.261955469375,1,-0.00010428978864426754,580.0000080537426,-580.0001042897886,8.053742590163893e-06,1543.2127616600935,3.790104720453101e-06
encodec_untrained,random-init-no-quant,24000,20260826,580.0,440.0,615.1067710387686,440Hz_ongrid,2,1499.9550134518522,1499.9548783383243,439.9999989147983,615.1067723899114,600.0000030140195,599.9999861252955,1586.2617828936718,1586.2616756774516,1,-0.00015594677744197472,580.0000080726861,-580.0001559467775,8.072686114246608e-06,1543.2124080089818,3.802826808442453e-06
encodec_untrained,random-init-no-quant,24000,20260826,580.0,440.0,615.1067710387686,440Hz_ongrid,3,1499.9552068331832,1499.955095531366,439.99999891338314,615.106772388975,599.9999910073581,599.9999909116544,1586.2620407364834,1586.261912549121,1,-0.00012846350484306473,580.0000080756187,-580.0001284635049,8.075618666225637e-06,1543.212658691164,3.8001909009838416e-06
encodec_untrained,random-init-no-quant,24000,20260826,580.0,440.0,615.1067710387686,440Hz_ongrid,4,1499.9552950959073,1499.9551253920592,439.9999989085959,615.1067723934597,600.000002714751,599.9999800389045,1586.2621088280825,1586.2619783861776,1,-0.00019587056866224932,580.0000081070771,-580.0001958705686,8.107077064778423e-06,1543.2126931560947,3.8128134264776007e-06
encodec_untrained,random-init-no-quant,24000,20260826,580.0,452.8929,633.1306576031452,452.9Hz_+50.0c,0,1499.9552712372945,1499.955086138789,452.89290104602145,633.1306562406141,599.9999964841091,600.0000164386396,1586.2620992685318,1586.2618280529875,1,-0.00021363894043902848,579.999992275757,-580.0002136389404,-7.724243005213793e-06,1493.2129694204616,-3.725708359866108e-06
encodec_untrained,random-init-no-quant,24000,20260826,580.0,452.8929,633.1306576031452,452.9Hz_+50.0c,1,1499.955112214249,1499.9552254825182,452.8929010468671,633.1306562429373,599.9999980742114,599.9999950984255,1586.2619111375764,1586.262050457043,1,0.0001307331633099917,579.9999922788769,-579.9998692668366,-7.721123097326199e-06,1493.2131302496753,-3.7193557728897933e-06
encodec_untrained,random-init-no-quant,24000,20260826,580.0,452.8929,633.1306576031452,452.9Hz_+50.0c,2,1499.9553027724949,1499.955236119061,452.89290103787476,633.130656241784,599.9999971868955,599.999995723253,1586.2621336383456,1586.262060930768,1,-7.693075683460026e-05,579.9999923100974,-580.0000769307568,-7.689902645324764e-06,1493.2131425262714,-3.7225094822210475e-06
encodec_untrained,random-init-no-quant,24000,20260826,580.0,452.8929,633.1306576031452,452.9Hz_+50.0c,3,1499.9551692243276,1499.9550681117098,452.8929010501566,633.1306562417298,600.0000017357962,599.999997175185,1586.26196637297,1586.2618628288828,1,-0.00011670322968070255,579.9999922630005,-580.0001167032297,-7.736999464214023e-06,1493.2129486137758,-3.7226578649370234e-06
encodec_untrained,random-init-no-quant,24000,20260826,580.0,452.8929,633.1306576031452,452.9Hz_+50.0c,4,1499.954805718367,1499.9552982426035,452.89290104729287,633.130656240063,600.0000157430835,599.9999973598123,1586.261506401295,1586.262127911056,1,0.000568466853185739,579.9999922693898,-579.9994315331468,-7.73061015024723e-06,1493.2132142286712,-3.727215443902337e-06
encodec_untrained,random-init-no-quant,24000,20260826,585.0,440.0,616.8858368910095,440Hz_ongrid,0,1499.955239400822,1499.9549990661492,439.99999890865945,616.8858384272448,599.999997901926,599.9999819992813,1586.2620584322242,1586.261826925546,1,-0.00027739201207276483,585.0000086053182,-585.0002773920121,8.605318157606234e-06,1538.2125473519156,4.311304774145498e-06
encodec_untrained,random-init-no-quant,24000,20260826,585.0,440.0,616.8858368910095,440Hz_ongrid,1,1499.95520956385,1499.955147473916,439.9999989202734,616.8858384255278,599.9999944469891,600.0000032269477,1586.2620339635157,1586.2619369662968,1,-7.166361342883489e-05,585.0000085548031,-585.0000716636134,8.5548031165672e-06,1538.2127186427651,4.306486180010453e-06
encodec_untrained,random-init-no-quant,24000,20260826,585.0,440.0,616.8858368910095,440Hz_ongrid,2,1499.955251761332,1499.9550588941938,439.9999989111155,616.8858384257192,599.9999934698913,599.9999994881887,1586.262085486756,1586.2618455161942,1,-0.0002226054261492427,585.0000085913731,-585.0002226054262,8.591373102717625e-06,1538.2126164048846,4.307023202428216e-06
encodec_untrained,random-init-no-quant,24000,20260826,585.0,440.0,616.8858368910095,440Hz_ongrid,3,1499.9550295797555,1499.955150609902,439.99999892076096,616.8858384281127,599.999979140075,599.9999836669172,1586.261870393991,1586.261997024141,1,0.00013969185594500205,585.000008560139,-584.9998603081441,8.560139008295664e-06,1538.212722262291,4.313740403378812e-06
encodec_untrained,random-init-no-quant,24000,20260826,585.0,440.0,616.8858368910095,440Hz_ongrid,4,1499.9551287394977,1499.9551472072117,439.99999891432435,616.885838425868,599.9999759368667,599.9999816703216,1586.2619940857387,1586.261998857745,1,2.1315261158915838e-05,585.0000085791651,-584.9999786847388,8.579165069022565e-06,1538.2127183349378,4.3074410573803345e-06
encodec_untrained,random-init-no-quant,24000,20260826,585.0,452.8929,634.9618537238551,452.9Hz_+50.0c,0,1499.9552388590419,1499.955193479045,452.89290104549787,634.9618523665322,599.9999927690415,600.0000001602297,1586.2620726172809,1586.2619989136588,1,-5.237716102575556e-05,584.9999923027032,-585.0000523771611,-7.697296837250178e-06,1488.2130933115704,-3.7007635339015187e-06
encodec_untrained,random-init-no-quant,24000,20260826,585.0,452.8929,634.9618537238551,452.9Hz_+50.0c,1,1499.9552612088926,1499.955098651469,452.8929010400865,634.9618523642454,599.9999767300679,600.0000008378976,1586.2621446919618,1586.2618875092307,1,-0.00018762223725242978,584.9999923171534,-585.0001876222373,-7.682846558054734e-06,1488.2129838624787,-3.7069986832618838e-06
encodec_untrained,random-init-no-quant,24000,20260826,585.0,452.8929,634.9618537238551,452.9Hz_+50.0c,2,1499.9551028024337,1499.955208538728,452.8929010472806,634.9618523609096,600.0000164136977,599.9999895338764,1586.2618473579764,1586.2620469565766,1,0.00012203983041662911,584.9999922805583,-584.9998779601696,-7.719441668996296e-06,1488.2131106933134,-3.7160936596054234e-06
encodec_untrained,random-init-no-quant,24000,20260826,585.0,452.8929,634.9618537238551,452.9Hz_+50.0c,3,1499.955304981084,1499.9551842586309,452.8929010420487,634.9618523594911,599.9999988575128,600.0000118710232,1586.262131367096,1586.261954481337,1,-0.00013933670508544383,584.9999922966903,-585.000139336705,-7.703309734097274e-06,1488.2130826694563,-3.719961220500315e-06
encodec_untrained,random-init-no-quant,24000,20260826,585.0,452.8929,634.9618537238551,452.9Hz_+50.0c,4,1499.955123650644,1499.9550772690327,452.8929010413098,634.9618523632629,599.9999825141003,600.0000028627412,1586.2619692343465,1586.2618569873603,1,-5.3533218871433385e-05,584.9999923097985,-585.0000535332189,-7.690201528021134e-06,1488.2129591830721,-3.7096774525786423e-06
encodec_untrained,random-init-no-quant,24000,20260826,590.0,440.0,618.6700483138337,440Hz_ongrid,0,1499.9553244997776,1499.955021493417,439.99999891456514,618.6700468146186,599.9999995056749,599.999980891218,1586.2621520251842,1586.2618560080837,1,-0.00034972707044560934,590.0000000754995,-590.0003497270704,7.549954261776293e-08,1533.2125732372585,-4.19527718917698e-06
encodec_untrained,random-init-no-quant,24000,20260826,590.0,440.0,618.6700483138337,440Hz_ongrid,1,1499.955306842384,1499.955174543815,439.9999989177667,618.6700468140328,599.9999917090697,600.0000089664886,1586.2621541414371,1586.2619516493037,1,-0.00015269774807834057,590.0000000612637,-590.000152697748,6.126367679826217e-08,1533.2127498865866,-4.196916126248834e-06
encodec_untrained,random-init-no-quant,24000,20260826,590.0,440.0,618.6700483138337,440Hz_ongrid,2,1499.9551518992316,1499.9552092760327,439.9999989167695,618.6700468148065,600.0000037496592,600.0000104609861,1586.2619405657279,1586.2619874246916,1,6.622375982072589e-05,590.000000067352,-589.9999337762401,6.735194801876787e-08,1533.2127899741827,-4.194751314680839e-06
encodec_untrained,random-init-no-quant,24000,20260826,590.0,440.0,618.6700483138337,440Hz_ongrid,3,1499.9551439768002,1499.9552112109072,439.99999890894077,618.6700468135095,599.9999941485796,599.9999877484003,1586.261959124592,1586.2620551925756,1,7.760096908969756e-05,590.000000094526,-589.9999223990309,9.452594440517714e-08,1533.2127922073967,-4.1983805406443384e-06
encodec_untrained,random-init-no-quant,24000,20260826,590.0,440.0,618.6700483138337,440Hz_ongrid,4,1499.9551049058782,1499.9551189534461,439.9999989105065,618.6700468138583,599.9999963090396,599.9999937424666,1586.261907795533,1586.2619314146675,1,1.62135705286147e-05,590.0000000893413,-589.9999837864294,8.934125617088284e-08,1533.2126857247083,-4.19740452065479e-06
encodec_untrained,random-init-no-quant,24000,20260826,590.0,452.8929,636.7983461908916,452.9Hz_+50.0c,0,1499.9551325934983,1499.9551183428314,452.8929010471312,636.7983446703583,599.9999999254333,600.0000060364432,1586.2619293176163,1586.261895236984,1,-1.6447985197131236e-05,589.9999918634202,-590.0000164479852,-8.136579822348722e-06,1483.2130065900633,-4.133803114078243e-06
encodec_untrained,random-init-no-quant,24000,20260826,590.0,452.8929,636.7983461908916,452.9Hz_+50.0c,1,1499.95513433094,1499.9553318022515,452.8929010402869,636.7983446631295,599.9999863279386,600.0000064535749,1586.2619705570319,1586.262140406228,1,0.00022791950775691668,589.9999918699306,-589.9997720804922,-8.130069431899756e-06,1483.213252962895,-4.153455943520596e-06
encodec_untrained,random-init-no-quant,24000,20260826,590.0,452.8929,636.7983461908916,452.9Hz_+50.0c,2,1499.9551237487046,1499.9553294530876,452.8929010420613,636.798344671548,600.0000005906428,599.9999949057692,1586.2619171896501,1586.2621710147696,1,0.0002374220413035451,589.9999918860349,-589.9997625779587,-8.1139651229023e-06,1483.2132502515128,-4.130568870603742e-06
encodec_untrained,random-init-no-quant,24000,20260826,590.0,452.8929,636.7983461908916,452.9Hz_+50.0c,3,1499.9552481416981,1499.9552017296637,452.89290104771516,636.798344664979,599.9999847969254,599.9999939138223,1586.2621063338993,1586.2620264597663,1,-5.356832849106974e-05,589.9999918465636,-590.0000535683284,-8.153436397151381e-06,1483.2131028343558,-4.148427653062562e-06
encodec_untrained,random-init-no-quant,24000,20260826,590.0,452.8929,636.7983461908916,452.9Hz_+50.0c,4,1499.9551385318148,1499.9551345764414,452.8929010436155,636.7983446686551,600.000002345614,600.0000004313819,1586.2619291883996,1586.2619301464517,1,-4.565254499567036e-06,589.9999918722291,-590.0000045652545,-8.1277709114147e-06,1483.2130253267428,-4.1384335389635105e-06
encodec_untrained,random-init-no-quant,24000,20260826,595.0,440.0,620.4594201897127,440Hz_ongrid,0,1499.955231617225,1499.95502281722,439.99999890399863,620.459419594368,600.0000152924362,599.9999745515859,1586.2619992700656,1586.2618758283172,1,-0.0002409949950298533,595.0000026511944,-595.000240994995,2.6511944497542572e-06,1528.2125747651792,-1.6611577647595196e-06
encodec_untrained,random-init-no-quant,24000,20260826,595.0,440.0,620.4594201897127,440Hz_ongrid,1,1499.9553518110329,1499.9550642841716,439.9999989119195,620.4594195914228,599.9999896919902,600.0000029271914,1586.2622118638812,1586.2618418143916,1,-0.00033186077119598377,595.0000026118113,-595.0003318607712,2.6118112828044104e-06,1528.2126226259459,-1.6693755147776605e-06
encodec_untrained,random-init-no-quant,24000,20260826,595.0,440.0,620.4594201897127,440Hz_ongrid,2,1499.9552815764334,1499.954994303978,439.9999989155699,620.4594195930541,600.0000192032034,600.0000094846392,1586.262045648419,1586.2617421231128,1,-0.00033156715384377393,595.000002602,-595.0003315671538,2.6019999950221973e-06,1528.212541855462,-1.6648237019854767e-06
encodec_untrained,random-init-no-quant,24000,20260826,595.0,440.0,620.4594201897127,440Hz_ongrid,3,1499.9553410195808,1499.9551267460222,439.9999989084988,620.4594195916394,600.0000042994506,600.0000047645217,1586.2621572602695,1586.261908605857,1,-0.00024731250113471854,595.0000026258746,-595.0002473125012,2.6258745720042498e-06,1528.2126947188258,-1.6687712204013983e-06
encodec_untrained,random-init-no-quant,24000,20260826,595.0,440.0,620.4594201897127,440Hz_ongrid,4,1499.9552540681968,1499.9551392904455,439.9999989156392,620.4594195942017,600.0000051545592,600.0000104076299,1586.2620544344927,1586.2619068019437,1,-0.00013247539109543613,595.0000026049291,-595.0001324753911,2.6049291363960947e-06,1528.212709197481,-1.6616217490547775e-06
encodec_untrained,random-init-no-quant,24000,20260826,595.0,452.8929,638.6401503228125,452.9Hz_+50.0c,0,1499.955154644016,1499.9551140107228,452.89290105121563,638.6401481566592,599.9999981311913,600.0000061122803,1586.2619599452032,1586.2618900180855,1,-4.6898563093272284e-05,594.9999901095732,-595.0000468985631,-9.89042678156693e-06,1478.213001589985,-5.872036670184869e-06
encodec_untrained,random-init-no-quant,24000,20260826,595.0,452.8929,638.6401503228125,452.9Hz_+50.0c,1,1499.9551864308003,1499.955246266468,452.89290104281014,638.6401481582219,599.9999928258096,599.9999951244941,1586.2620119413048,1586.2620743704617,1,6.906175866679542e-05,594.9999901459405,-594.9999309382413,-9.854059499048162e-06,1478.2131542383122,-5.867800266756271e-06
encodec_untrained,random-init-no-quant,24000,20260826,595.0,452.8929,638.6401503228125,452.9Hz_+50.0c,2,1499.9550278439194,1499.9552309220376,452.89290103962156,638.6401481573372,600.0000063018775,600.000006874231,1586.2617900181087,1586.2620227574923,1,0.00023439084654179387,594.9999901557309,-594.9997656091534,-9.84426912964409e-06,1478.2131365279165,-5.870198608119277e-06
encodec_untrained,random-init-no-quant,24000,20260826,595.0,452.8929,638.6401503228125,452.9Hz_+50.0c,3,1499.954994134693,1499.9551388365549,452.8929010463601,638.6401481562655,599.999988610162,600.0000120865928,1586.2618021587352,1586.2619014336044,1,0.0001670135298993563,594.9999901270669,-594.9998329864701,-9.872933105725679e-06,1478.2130302437256,-5.873103795625441e-06
encodec_untrained,random-init-no-quant,24000,20260826,595.0,452.8929,638.6401503228125,452.9Hz_+50.0c,4,1499.9550800817437,1499.955002907589,452.8929010484266,638.6401481599488,599.9999943268912,599.999997880079,1586.2618848630223,1586.2617855370027,1,-8.907368597559113e-05,594.9999901291524,-595.000089073686,-9.870847634374513e-06,1478.2128733557904,-5.863119099590386e-06
encodec_untrained,random-init-no-quant,24000,20260826,600.0,440.0,622.2539674441618,440Hz_ongrid,0,1499.955219266931,1499.9551469658372,439.9999989173639,622.2539685383899,599.9999987309982,599.9999905833718,1586.262032801682,1586.2619728615261,1,-8.344923674411514e-05,600.0000073041247,-600.0000834492367,7.3041246650973335e-06,1523.2127180563455,3.0443597174059476e-06
encodec_untrained,random-init-no-quant,24000,20260826,600.0,440.0,622.2539674441618,440Hz_ongrid,1,1499.9552698323262,1499.9551351988853,439.9999989130672,622.2539685344982,600.0000075248455,600.0000068362458,1586.2620657900998,1586.2619123843394,1,-0.00015539263887303249,600.0000073102028,-600.0001553926388,7.310202818189282e-06,1523.212704475041,3.0335320077049995e-06
encodec_untrained,random-init-no-quant,24000,20260826,600.0,440.0,622.2539674441618,440Hz_ongrid,2,1499.9552742092721,1499.9552666559018,439.9999989122939,622.2539685380425,600.0000013359007,600.0000008912765,1586.2620886994487,1586.2620812643352,1,-8.718027931985931e-06,600.0000073231064,-600.000008718028,7.323106387957523e-06,1523.212856201481,3.043392923288796e-06
encodec_untrained,random-init-no-quant,24000,20260826,600.0,440.0,622.2539674441618,440Hz_ongrid,3,1499.9551176599969,1499.955166397419,439.99999891851513,622.253968536219,599.9999982205671,600.0000026208213,1586.2619170007135,1586.2619605565358,1,5.625227177156953e-05,600.0000072935547,-599.9999437477283,7.293554745047004e-06,1523.2127404840935,3.0383198489492052e-06
encodec_untrained,random-init-no-quant,24000,20260826,600.0,440.0,622.2539674441618,440Hz_ongrid,4,1499.9552356347895,1499.9553211972386,439.99999891533145,622.2539685306858,599.9999887417073,599.9999948493046,1586.2620805163099,1586.26216164887,1,9.875536129597362e-05,600.000007290687,-599.9999012446387,7.290686994565476e-06,1523.21291915257,3.022925334432361e-06
encodec_untrained,random-init-no-quant,24000,20260826,600.0,452.8929,640.487281482482,452.9Hz_+50.0c,0,1499.9552951863336,1499.9551951427236,452.8929010475826,640.487278969799,599.9999902292675,600.0000039589793,1586.262144957942,1586.2619898729863,1,-0.0001154693811879408,599.9999892037281,-600.0001154693812,-1.0796271908475319e-05,1473.213095231772,-6.791770022454907e-06
encodec_untrained,random-init-no-quant,24000,20260826,600.0,452.8929,640.487281482482,452.9Hz_+50.0c,1,1499.9550376708644,1499.9550918417274,452.8929010490014,640.4872789708703,599.9999973971727,600.0000030706838,1586.261827053823,1586.261873207032,1,6.252350135245453e-05,599.9999892012002,-599.9999374764986,-1.0798799848998897e-05,1473.2129760027387,-6.788874253021161e-06
encodec_untrained,random-init-no-quant,24000,20260826,600.0,452.8929,640.487281482482,452.9Hz_+50.0c,2,1499.9551062137834,1499.9550120598162,452.8929010529594,640.4872789706511,600.0000067457545,599.9999982056033,1586.2618791911116,1586.2617951611535,1,-0.00010867162507226827,599.9999891854775,-600.0001086716251,-1.081452251128212e-05,1473.2128839192053,-6.7894668228581605e-06
encodec_untrained,random-init-no-quant,24000,20260826,600.0,452.8929,640.487281482482,452.9Hz_+50.0c,3,1499.9550897894871,1499.954870881679,452.8929010490438,640.4872789699635,599.9999946697139,600.0000040682528,1586.2618950784306,1586.2616152986295,1,-0.00025266135052997706,599.9999891985868,-600.0002526613505,-1.0801413168337604e-05,1473.2127209727118,-6.791325258717373e-06
encodec_untrained,random-init-no-quant,24000,20260826,600.0,452.8929,640.487281482482,452.9Hz_+50.0c,4,1499.955401724179,1499.9552765600095,452.89290105038225,640.4872789705329,599.9999998205924,599.9999958671591,1586.2622402481852,1586.2621071921003,1,-0.0001444632825866507,599.9999891950094,-600.0001444632826,-1.080499055206019e-05,1473.2131892028283,-6.789786460755964e-06
encodec_untrained,random-init-no-quant,24000,20260826,605.0,440.0,624.0537050458661,440Hz_ongrid,0,1499.9553213896008,1499.9551895217962,439.99999891205835,624.0537072115605,599.9999946728718,600.0000189893173,1586.26216237997,1586.2619400169783,1,-0.00015220056233829625,605.0000102886548,-605.0001522005623,1.028865483476693e-05,1518.2127671740304,6.008014993281521e-06
encodec_untrained,random-init-no-quant,24000,20260826,605.0,440.0,624.0537050458661,440Hz_ongrid,1,1499.9551964854877,1499.9551165410644,439.9999989184232,624.0537072119512,600.0000018342091,600.0000023446164,1586.2619975535824,1586.2619038097619,1,-9.227109686816855e-05,605.0000102646953,-605.0000922710968,1.02646953337171e-05,1518.2126829403599,6.00909864839547e-06
encodec_untrained,random-init-no-quant,24000,20260826,605.0,440.0,624.0537050458661,440Hz_ongrid,2,1499.955255657493,1499.9554470298135,439.9999989142333,624.0537072148177,599.9999972827629,599.9999851301576,1586.2620789820458,1586.262334927146,1,0.00022088009309734178,605.0000102891332,-604.9997791199069,1.0289133228980063e-05,1518.2130643873154,6.01705096245798e-06
encodec_untrained,random-init-no-quant,24000,20260826,605.0,440.0,624.0537050458661,440Hz_ongrid,3,1499.9552143071671,1499.9552496578779,439.9999989087277,624.0537072191341,599.9999962444331,599.999980551679,1586.2620342518799,1586.262120333052,1,4.080145372408687e-05,605.0000103227701,-604.9999591985463,1.032277009471727e-05,1518.212836582524,6.02902537068758e-06
encodec_untrained,random-init-no-quant,24000,20260826,605.0,440.0,624.0537050458661,440Hz_ongrid,4,1499.9551257177739,1499.9551041009722,439.9999989129374,624.0537072140728,599.9999864931228,599.9999850429929,1586.2619601391757,1586.261939373458,1,-2.4949908583293334e-05,605.0000102921659,-605.0000249499086,1.0292165939063125e-05,1518.2126685821231,6.01498436795902e-06
encodec_untrained,random-init-no-quant,24000,20260826,605.0,452.8929,642.3397550771975,452.9Hz_+50.0c,0,1499.9551603387733,1499.955417137773,452.8929010466451,642.3397574303522,599.9999954636573,600.0000120001013,1586.2619742149147,1586.262222895773,1,0.00029639494965556253,605.0000023413036,-604.9997036050504,2.3413035705743823e-06,1468.2133514563325,6.342222072379443e-06
encodec_untrained,random-init-no-quant,24000,20260826,605.0,452.8929,642.3397550771975,452.9Hz_+50.0c,1,1499.9553204299614,1499.9550288336752,452.89290103542464,642.3397574297529,599.9999904162511,600.0000140186199,1586.2621735543748,1586.2617688946639,1,-0.0003365576703192621,605.0000023825799,-605.0003365576703,2.3825798507459695e-06,1468.212903279437,6.340607161016256e-06
encodec_untrained,random-init-no-quant,24000,20260826,605.0,452.8929,642.3397550771975,452.9Hz_+50.0c,2,1499.955344164373,1499.955192577741,452.89290105092414,642.3397574290166,599.9999875235842,599.9999994605738,1586.262209294877,1586.2619998921623,1,-0.00017495984331362,605.0000023213466,-605.0001749598433,2.3213466420202167e-06,1468.2130922712938,6.33862244609882e-06
encodec_untrained,random-init-no-quant,24000,20260826,605.0,452.8929,642.3397550771975,452.9Hz_+50.0c,3,1499.95513138669,1499.9551511528246,452.8929010341619,642.3397574284973,600.0000100121739,599.9999891193567,1586.2618988205486,1586.2619819183617,1,2.2813885820363482e-05,605.0000023840223,-604.9999771861142,2.3840223093429813e-06,1468.213044459048,6.3372228049958975e-06
encodec_untrained,random-init-no-quant,24000,20260826,605.0,452.8929,642.3397550771975,452.9Hz_+50.0c,4,1499.9552361843266,1499.954945983421,452.8929010429889,642.3397574272054,599.999986506852,599.9999985024238,1586.2620875990099,1586.2617180399518,1,-0.00033494715380305004,605.0000023467985,-605.0003349471538,2.346798510188819e-06,1468.2128076544468,6.333741192947233e-06
encodec_untrained,random-init-no-quant,24000,20260826,610.0,440.0,625.8586480068038,440Hz_ongrid,0,1499.955292903542,1499.955337932566,439.99999891391946,625.8586497948468,599.999994585907,599.9999876838431,1586.2621297525616,1586.262201639776,1,5.1972067912394556e-05,610.0000092193554,-609.9999480279321,9.219355433742749e-06,1513.2129384683246,4.946038363041474e-06
encodec_untrained,random-init-no-quant,24000,20260826,610.0,440.0,625.8586480068038,440Hz_ongrid,1,1499.9553302084894,1499.9552988059197,439.99999891030706,625.8586497893358,599.9999992254853,600.0000003519218,1586.2621594225807,1586.2621199278271,1,-3.6244544888647556e-05,610.0000092183246,-610.0000362445448,9.218324635185127e-06,1513.2128933087242,4.930793768901545e-06
encodec_untrained,random-init-no-quant,24000,20260826,610.0,440.0,625.8586480068038,440Hz_ongrid,2,1499.9552165972245,1499.9553680981935,439.99999890351927,625.8586497940305,600.0000074979404,600.0000188787544,1586.2620044242844,1586.2621464471663,1,0.00017486096892522205,610.0000092580186,-609.999825139031,9.258018621949304e-06,1513.2129732852018,4.9437803317739144e-06
encodec_untrained,random-init-no-quant,24000,20260826,610.0,440.0,625.8586480068038,440Hz_ongrid,3,1499.9551338314188,1499.9552431567247,439.999998908748,625.8586497935441,600.0000005963955,600.0000124393135,1586.2619288104247,1586.262020821218,1,0.00012618223077706263,610.0000092360998,-609.9998738177692,9.236099799636577e-06,1513.212829078955,4.942434892646153e-06
encodec_untrained,random-init-no-quant,24000,20260826,610.0,440.0,625.8586480068038,440Hz_ongrid,4,1499.9553034000908,1499.9553214338023,439.99999891031314,625.8586497884346,600.0000047013019,599.9999965832328,1586.262112680717,1586.2621569188505,1,2.0814336877812193e-05,610.0000092158078,-609.9999791856632,9.215807835971646e-06,1513.2129194256097,4.928301246814555e-06
encodec_untrained,random-init-no-quant,24000,20260826,610.0,452.8929,644.1975865588196,452.9Hz_+50.0c,0,1499.955208169417,1499.9551132370123,452.8929010489134,644.1975887035263,600.0000025383872,600.0000143803904,1586.2620090072344,1586.2618652683534,1,-0.00010957008285661122,610.0000017541536,-610.0001095700828,1.7541535726195434e-06,1463.2130006969753,5.763742831546001e-06
encodec_untrained,random-init-no-quant,24000,20260826,610.0,452.8929,644.1975865588196,452.9Hz_+50.0c,1,1499.9549830684016,1499.9553217890677,452.8929010475968,644.1975887031191,599.9999756958051,600.0000035687441,1586.261826649083,1586.2621371729692,1,0.00039094818913390007,610.0000017580919,-609.9996090518109,1.7580919120518956e-06,1463.2132414057746,5.7626487973300595e-06
encodec_untrained,random-init-no-quant,24000,20260826,610.0,452.8929,644.1975865588196,452.9Hz_+50.0c,2,1499.9551739109781,1499.9550299668892,452.89290104790126,644.1975887065388,599.9999990179202,599.9999931319621,1586.26197962439,1586.2618304687635,1,-0.00016613891150571013,610.0000017661185,-610.0001661389115,1.7661185438555549e-06,1463.2129045873817,5.771838915390649e-06
encodec_untrained,random-init-no-quant,24000,20260826,610.0,452.8929,644.1975865588196,452.9Hz_+50.0c,3,1499.9553479707793,1499.9552357142065,452.8929010384677,644.1975887017486,599.9999900734414,599.9999990910975,1586.2622063308622,1586.262050745944,1,-0.00012956546243581335,610.000001789306,-610.0001295654624,1.789305997590418e-06,1463.2131420589924,5.75896536941117e-06
encodec_untrained,random-init-no-quant,24000,20260826,610.0,452.8929,644.1975865588196,452.9Hz_+50.0c,4,1499.955001070976,1499.9551682686651,452.89290105309425,644.1975887018662,600.0000000212148,599.9999994732708,1586.2617772391895,1586.2619717982216,1,0.00019297799992297872,610.0000017337102,-609.999807022,1.733710178086767e-06,1463.2130642139891,5.7592813554004555e-06
encodec_untrained,random-init-no-quant,24000,20260826,615.0,440.0,627.6688113823724,440Hz_ongrid,0,1499.955167108033,1499.9550980268943,439.9999989128412,627.6688090321825,599.9999894428944,599.9999849473745,1586.2619994001798,1586.2619326387107,1,-7.973279790431216e-05,614.9999977952738,-615.0000797327979,-2.204726229138032e-06,1508.2126615714797,-6.4822861538439885e-06
encodec_untrained,random-init-no-quant,24000,20260826,615.0,440.0,627.6688113823724,440Hz_ongrid,1,1499.9552438770795,1499.955152821163,439.99999890684325,627.6688090325342,599.9999986165797,599.9999942183131,1586.2620615366232,1586.261969131464,1,-0.00010509587433611837,614.9999978198438,-615.0001050958743,-2.1801562297696364e-06,1508.212724814507,-6.481315900020882e-06
encodec_untrained,random-init-no-quant,24000,20260826,615.0,440.0,627.6688113823724,440Hz_ongrid,2,1499.955358110558,1499.9550795593073,439.9999989149187,627.6688090305693,599.9999792077177,599.9999926155018,1586.2622493859494,1586.261889198057,1,-0.0003215012046826262,614.9999977826501,-615.0003215012047,-2.2173499019118026e-06,1508.2126402563642,-6.486735713274454e-06
encodec_untrained,random-init-no-quant,24000,20260826,615.0,440.0,627.6688113823724,440Hz_ongrid,3,1499.9552136201519,1499.9551726584448,439.99999891185865,627.6688090324614,600.0000054668496,600.0000082154525,1586.2620068486644,1586.2619516402597,1,-4.727761367012844e-05,614.9999977999088,-615.0000472776137,-2.2000912167641218e-06,1508.21274771051,-6.481516947069013e-06
encodec_untrained,random-init-no-quant,24000,20260826,615.0,440.0,627.6688113823724,440Hz_ongrid,4,1499.9550958641278,1499.9551721455614,439.999998916127,627.6688090339145,599.9999908482787,599.9999997582543,1586.2619131160552,1586.26197545061,1,8.804331033020515e-05,614.9999977871224,-614.9999119566896,-2.212877575402672e-06,1508.212747118545,-6.47750888388097e-06
encodec_untrained,random-init-no-quant,24000,20260826,615.0,452.8929,646.0607914238991,452.9Hz_+50.0c,0,1499.9553833314787,1499.9549970752487,452.89290103897935,646.0607924920706,599.9999913450332,599.9999884041525,1586.2622434748027,1586.261806147115,1,-0.00044581327588437614,614.9999988907388,-615.0004458132759,-1.1092612339780317e-06,1458.212866624158,2.8623544781609872e-06
encodec_untrained,random-init-no-quant,24000,20260826,615.0,452.8929,646.0607914238991,452.9Hz_+50.0c,1,1499.9551317955372,1499.9551881071552,452.8929010422975,646.0607924946281,599.9999836490289,600.0000000111005,1586.2619753603935,1586.2619931437703,1,6.499433641438876e-05,614.9999988849078,-614.9999350056636,-1.1150922318847734e-06,1458.2130871113864,2.8692077606748445e-06
encodec_untrained,random-init-no-quant,24000,20260826,615.0,452.8929,646.0607914238991,452.9Hz_+50.0c,2,1499.954939563272,1499.9551150440682,452.89290104592715,646.0607924982869,599.9999996531253,599.9999976981844,1586.2617073096526,1586.2619154887116,1,0.00020253829181891562,614.9999988808376,-614.9997974617082,-1.1191624480488827e-06,1458.2130027826624,2.8790117834049634e-06
encodec_untrained,random-init-no-quant,24000,20260826,615.0,452.8929,646.0607914238991,452.9Hz_+50.0c,3,1499.9551739834885,1499.9551104125092,452.89290104131965,646.0607924943541,599.9999989834183,600.000007089077,1586.261979807632,1586.2618830466215,1,-7.337302351680061e-05,614.9999988879117,-615.0000733730235,-1.112088284571655e-06,1458.2129974369607,2.8684735353213867e-06
encodec_untrained,random-init-no-quant,24000,20260826,615.0,452.8929,646.0607914238991,452.9Hz_+50.0c,4,1499.955229538479,1499.9549402757773,452.892901042872,646.0607924989442,600.0000085343065,600.0000044624221,1586.2620163706367,1586.261694255322,1,-0.00033386428920997125,614.9999988942776,-615.0003338642892,-1.1057223900934332e-06,1458.2128010667373,2.880773539842071e-06
encodec_untrained,random-init-no-quant,24000,20260826,620.0,440.0,629.4842102715137,440Hz_ongrid,0,1499.955052499628,1499.9550653690894,439.9999989103764,629.4842081226177,599.9999985681839,600.0000089851835,1586.261840790219,1586.2618255869234,1,1.485381170832979e-05,619.9999983772733,-619.9999851461882,-1.6227266996793333e-06,1503.2126238781482,-5.909984396609659e-06
encodec_untrained,random-init-no-quant,24000,20260826,620.0,440.0,629.4842102715137,440Hz_ongrid,1,1499.9553128573486,1499.955182908844,439.99999890565505,629.4842081235433,599.9999999629381,600.0000075476756,1586.2621372682215,1586.2619653979702,1,-0.0001499853252534119,619.9999983983959,-620.0001499853253,-1.6016041399780079e-06,1503.2127595414236,-5.907438825763979e-06
encodec_untrained,random-init-no-quant,24000,20260826,620.0,440.0,629.4842102715137,440Hz_ongrid,2,1499.9553066070453,1499.9549928646352,439.9999989160085,629.4842081240326,599.9999897788728,599.9999968509101,1586.2621594391826,1586.2617769150734,1,-0.00036211852280351617,619.9999983590046,-620.0003621185228,-1.640995378693333e-06,1503.212540194186,-5.906093002216604e-06
encodec_untrained,random-init-no-quant,24000,20260826,620.0,440.0,629.4842102715137,440Hz_ongrid,3,1499.9552808620092,1499.955020924481,439.99999891690976,629.4842081233388,600.0000041004483,599.9999822941087,1586.262088401176,1586.261851303536,1,-0.0003000174365470733,619.9999983535503,-620.0003000174365,-1.6464497321067029e-06,1503.2125725805977,-5.908001219322908e-06
encodec_untrained,random-init-no-quant,24000,20260826,620.0,440.0,629.4842102715137,440Hz_ongrid,4,1499.9552347923438,1499.9550957798085,439.9999989138503,629.4842081221138,599.9999961909879,599.9999907067173,1586.2620580498865,1586.2619134271945,1,-0.0001604469519182995,619.9999983622193,-620.0001604469519,-1.6377806559830788e-06,1503.212658977914,-5.911370198919941e-06
encodec_untrained,random-init-no-quant,24000,20260826,620.0,452.8929,647.9293852138082,452.9Hz_+50.0c,0,1499.9551787126509,1499.9550012871418,452.89290103665525,647.9293845050112,599.9999771341201,599.9999854154408,1586.2620483097362,1586.2618196320418,1,-0.0002047828528741968,619.9999941433992,-620.0002047828528,-5.856600751030783e-06,1453.2128714854855,-1.893869337928955e-06
encodec_untrained,random-init-no-quant,24000,20260826,620.0,452.8929,647.9293852138082,452.9Hz_+50.0c,1,1499.955329273959,1499.9549461153783,452.8929010392437,647.929384498373,600.0000064698165,599.9999890137806,1586.2621374412333,1586.2617455706925,1,-0.0004422380139996456,619.9999941157678,-620.000442238014,-5.884232223252184e-06,1453.21280780675,-1.911606262020362e-06
encodec_untrained,random-init-no-quant,24000,20260826,620.0,452.8929,647.9293852138082,452.9Hz_+50.0c,2,1499.9551595555106,1499.9550096170726,452.892901051927,647.9293844998041,599.9999960204631,600.0000173942793,1586.2619717042785,1586.261736974947,1,-0.00017305753461467312,619.9999940711084,-620.0001730575347,-5.928891596340691e-06,1453.2128810998136,-1.90778252400413e-06
encodec_untrained,random-init-no-quant,24000,20260826,620.0,452.8929,647.9293852138082,452.9Hz_+50.0c,3,1499.955094664237,1499.9550782827134,452.8929010382054,647.9293845031099,599.9999943790046,599.9999926292768,1586.2619015436308,1586.2618876848776,1,-1.890740048003257e-05,619.9999941323933,-620.0000189074004,-5.867606660103775e-06,1453.2129603530527,-1.89894952388986e-06
encodec_untrained,random-init-no-quant,24000,20260826,620.0,452.8929,647.9293852138082,452.9Hz_+50.0c,4,1499.955264199229,1499.9550703646478,452.8929010417972,647.9293845001633,599.999991157681,599.9999968034776,1586.2621065140868,1586.261866501723,1,-0.00022372203813462362,619.9999941107907,-620.0002237220382,-5.889209319320798e-06,1453.2129512140957,-1.9068226492854696e-06
encodec_untrained,random-init-no-quant,24000,20260826,625.0,440.0,631.3048598168401,440Hz_ongrid,0,1499.9552510738336,1499.954947820787,439.9999989158531,631.3048583016133,599.9999983493099,600.0000010675375,1586.2620706142259,1586.2617127592687,1,-0.0003500118102073027,625.0000001104864,-625.0003500118102,1.1048643955291482e-07,1498.2124882049961,-4.155222697310219e-06
encodec_untrained,random-init-no-quant,24000,20260826,625.0,440.0,631.3048598168401,440Hz_ongrid,1,1499.9553287581996,1499.9548542008938,439.9999989124436,631.3048583026958,599.9999990421729,600.0000032645344,1586.262158277598,1586.2615983648623,1,-0.0005477295758965387,625.0000001268705,-625.0005477295759,1.2687053185800323e-07,1498.2123801497828,-4.1522540819620115e-06
encodec_untrained,random-init-no-quant,24000,20260826,625.0,440.0,631.3048598168401,440Hz_ongrid,2,1499.9553604556409,1499.9552118734873,439.99999891548583,631.3048583023141,600.0000019741026,599.9999864348359,1586.2621864027194,1586.2620597474647,1,-0.00017149210084503624,625.0000001138535,-625.0001714921009,1.1385350262571592e-07,1498.21279297214,-4.1533010258145e-06
encodec_untrained,random-init-no-quant,24000,20260826,625.0,440.0,631.3048598168401,440Hz_ongrid,3,1499.9552291459497,1499.9551227993277,439.9999989176153,631.3048583027576,599.9999976229408,600.000000030208,1586.2620474011294,1586.2619177109614,1,-0.0001227442633317007,625.0000001066908,-625.0001227442633,1.0669077710190322e-07,1498.2126901635884,-4.152084748836613e-06
encodec_untrained,random-init-no-quant,24000,20260826,625.0,440.0,631.3048598168401,440Hz_ongrid,4,1499.9551252856775,1499.955097247527,439.9999989105244,631.3048583042965,599.999984548518,600.0000085595678,1586.2619652513981,1586.2618636087834,1,-3.2361368950764055e-05,625.0000001388113,-625.000032361369,1.3881128779758e-07,1498.212660671941,-4.147864298476251e-06
encodec_untrained,random-init-no-quant,24000,20260826,625.0,452.8929,649.8033835148685,452.9Hz_+50.0c,0,1499.9549973838843,1499.9550690709623,452.8929010519896,649.8033817279788,600.000008383367,600.0000074283075,1586.2617488555118,1586.2618343517847,1,8.274055402263561e-05,624.9999912179431,-624.999917259446,-8.782056852396636e-06,1448.2129497209362,-4.760708172591652e-06
encodec_untrained,random-init-no-quant,24000,20260826,625.0,452.8929,649.8033835148685,452.9Hz_+50.0c,1,1499.955153621308,1499.9549776233307,452.892901042575,649.8033817213214,599.9999955497586,600.0000087670961,1586.261966213244,1586.261724940857,1,-0.0002031352123508731,624.9999912361948,-625.0002031352124,-8.763805226408294e-06,1448.2128441729358,-4.77844509671243e-06
encodec_untrained,random-init-no-quant,24000,20260826,625.0,452.8929,649.8033835148685,452.9Hz_+50.0c,2,1499.955369088547,1499.9549497912965,452.89290103915727,649.8033817221315,599.9999893061954,599.9999882078746,1586.2622329185908,1586.2617521387565,1,-0.0004839489183716176,624.9999912514174,-625.0004839489184,-8.74858255883737e-06,1448.2128120494613,-4.776287012339385e-06
encodec_untrained,random-init-no-quant,24000,20260826,625.0,452.8929,649.8033835148685,452.9Hz_+50.0c,3,1499.9551769129218,1499.9550091237359,452.89290104942194,649.8033817281632,599.9999886466311,600.0000097959183,1586.2620130144198,1586.261758329777,1,-0.00019366069905539925,624.9999912282495,-625.0001936606991,-8.771750458436145e-06,1448.2128805304094,-4.760216895101676e-06
encodec_untrained,random-init-no-quant,24000,20260826,625.0,452.8929,649.8033835148685,452.9Hz_+50.0c,4,1499.9552107408458,1499.9546805244486,452.8929010468488,649.8033817289188,599.9999905114289,600.000008148908,1586.2620466776195,1586.2613838157774,1,-0.00061197083491172,624.9999912400987,-625.0006119708349,-8.759901334087772e-06,1448.212501264142,-4.758203925949676e-06
encodec_untrained,random-init-no-quant,24000,20260826,630.0,440.0,633.1307752047609,440Hz_ongrid,0,1499.955222033541,1499.9550577900156,439.9999989176705,633.1307738437895,600.0000122730653,599.9999993495989,1586.2619969207315,1586.261844641648,1,-0.0001895683250238714,630.0000005371156,-630.000189568325,5.371156248656916e-07,1493.2126151304521,-3.721442933398574e-06
encodec_untrained,random-init-no-quant,24000,20260826,630.0,440.0,633.1307752047609,440Hz_ongrid,1,1499.9551314872713,1499.9550636627255,439.9999989081205,633.1307738421319,599.9999821668781,600.0000006036138,1586.2619792811793,1586.261847801552,1,-7.828245212655177e-05,630.0000005701589,-630.0000782824521,5.701589316231548e-07,1493.2126219086788,-3.7259753334315105e-06
encodec_untrained,random-init-no-quant,24000,20260826,630.0,440.0,633.1307752047609,440Hz_ongrid,2,1499.955135971046,1499.9551170981201,439.99999891558895,633.1307738485301,600.0000020164729,600.0000035308716,1586.2619271824851,1586.261901029901,1,-2.1782952983411486e-05,630.0000005582685,-630.000021782953,5.582685389526887e-07,1493.2126835833085,-3.7084802039545414e-06
encodec_untrained,random-init-no-quant,24000,20260826,630.0,440.0,633.1307752047609,440Hz_ongrid,3,1499.955350125488,1499.9551688336421,439.9999989180514,633.1307738476364,600.0000089858087,600.000001967385,1586.262154248249,1586.2619652538203,1,-0.0002092453186581611,630.000000546136,-630.0002092453186,5.461359933178755e-07,1493.212743295959,-3.7109239058339477e-06
encodec_untrained,random-init-no-quant,24000,20260826,630.0,440.0,633.1307752047609,440Hz_ongrid,4,1499.9552552015275,1499.9550727337803,439.9999989191959,633.1307738456088,599.9999982234006,599.9999886180423,1586.2620757416685,1586.2618928543282,1,-0.0002106025463075964,630.0000005360887,-630.0002106025463,5.360886916605523e-07,1493.2126323784048,-3.716468076095993e-06
encodec_untrained,random-init-no-quant,24000,20260826,630.0,452.8929,651.6828019584823,452.9Hz_+50.0c,0,1499.9550250977704,1499.9551838576633,452.8929010330342,651.682805123715,600.0000146474208,600.0000064988709,1586.2617627683817,1586.2619695192989,1,0.00018323917244891292,630.0000044597389,-629.9998167608276,4.45973887508444e-06,1443.2130822066629,8.408628592649949e-06
encodec_untrained,random-init-no-quant,24000,20260826,630.0,452.8929,651.6828019584823,452.9Hz_+50.0c,1,1499.955252445143,1499.954918995214,452.8929010372828,651.6828051216523,599.9999859179078,599.9999914801607,1586.262108066423,1586.261707152382,1,-0.0003848647711524524,630.0000044380188,-630.0003848647711,4.43801877736405e-06,1443.2127765049088,8.403148811299128e-06
encodec_untrained,random-init-no-quant,24000,20260826,630.0,452.8929,651.6828019584823,452.9Hz_+50.0c,2,1499.9549888428603,1499.9551322746,452.89290103790205,651.6828051222099,599.9999937627747,600.0000096478931,1586.2617811836535,1586.261900896458,1,0.00016554756723996937,630.0000044371327,-629.9998344524328,4.437132702150848e-06,1443.2130226699794,8.404629947570244e-06
encodec_untrained,random-init-no-quant,24000,20260826,630.0,452.8929,651.6828019584823,452.9Hz_+50.0c,3,1499.954953607226,1499.955025605272,452.89290104179605,651.6828051224804,599.9999886174307,600.0000277176007,1586.2617553613372,1586.261725641569,1,8.309947295847037e-05,630.0000044229662,-629.9999169005271,4.422966185302357e-06,1443.2128995532441,8.40534879647421e-06
encodec_untrained,random-init-no-quant,24000,20260826,630.0,452.8929,651.6828019584823,452.9Hz_+50.0c,4,1499.9552283533487,1499.9550623093562,452.89290104135785,651.6828051205947,599.9999908875859,600.0000112659118,1586.2620659204433,1586.2618154746176,1,-0.00019164640654149634,630.0000044196319,-630.0001916464065,4.41963186403882e-06,1443.212941916754,8.400339149994798e-06
encodec_untrained,random-init-no-quant,24000,20260826,635.0,440.0,634.9619716656085,440Hz_ongrid,0,1499.9552770969728,1499.9551155721326,439.99999891316236,634.9619703102557,599.9999976728693,600.0000002476552,1586.26210260168,1586.2619087419807,1,-0.00018643043733842049,635.0000005809048,-635.0001864304373,5.809048388982774e-07,1488.212681822028,-3.6953913876431458e-06
encodec_untrained,random-init-no-quant,24000,20260826,635.0,440.0,634.9619716656085,440Hz_ongrid,1,1499.9551211062271,1499.9551653640146,439.9999989138882,634.9619703093836,599.999983925102,600.0000033354331,1586.2619622263142,1586.2619573018565,1,5.108192002766359e-05,635.0000005756713,-634.99994891808,5.756712653237628e-07,1488.2127392913476,-3.6977691630049446e-06
encodec_untrained,random-init-no-quant,24000,20260826,635.0,440.0,634.9619716656085,440Hz_ongrid,2,1499.955311935138,1499.955267134434,439.99999890861716,634.9619703065049,599.9999901224736,599.9999950689364,1586.2621645973938,1586.262098616375,1,-5.170854406817848e-05,635.0000005885619,-635.0000517085441,5.885618747925037e-07,1488.2128567537984,-3.705617878298723e-06
encodec_untrained,random-init-no-quant,24000,20260826,635.0,440.0,634.9619716656085,440Hz_ongrid,3,1499.9552301651079,1499.955307985597,439.9999989186999,634.9619703081237,599.9999943760118,599.9999905856077,1586.2620579460886,1586.2621587025487,1,8.981966546239412e-05,635.0000005533038,-634.9999101803345,5.533038347493857e-07,1488.21290390382,-3.701204261320856e-06
encodec_untrained,random-init-no-quant,24000,20260826,635.0,440.0,634.9619716656085,440Hz_ongrid,4,1499.955476396921,1499.9553111661805,439.99999891140385,634.9619703071245,599.999998988942,600.0000188160329,1586.2623288343773,1586.2620809177595,1,-0.00019070772719169903,635.0000005792867,-635.0001907077271,5.792867341369856e-07,1488.2129075748187,-3.7039285833625867e-06
encodec_untrained,random-init-no-quant,24000,20260826,635.0,452.8929,653.567656221262,452.9Hz_+50.0c,0,1499.955160907352,1499.9551239132213,452.89290104859043,653.5676573040065,599.9999826205335,599.9999844306282,1586.2620119285855,1586.2619640074802,1,-4.26982759617801e-05,634.9999988597249,-635.0000426982759,-1.1402751169953262e-06,1438.2130130193548,2.86807951386207e-06
encodec_untrained,random-init-no-quant,24000,20260826,635.0,452.8929,653.567656221262,452.9Hz_+50.0c,1,1499.9551519533788,1499.955097711145,452.8929010379316,653.5676573066586,599.9999802023142,600.0000004109298,1586.2620085715005,1586.2618876558863,1,-6.26058742801876e-05,634.9999989074946,-635.0000626058743,-1.0925053857135936e-06,1438.2129827771657,2.875104628173284e-06
encodec_untrained,random-init-no-quant,24000,20260826,635.0,452.8929,653.567656221262,452.9Hz_+50.0c,2,1499.9550963316406,1499.9551552262021,452.8929010386867,653.5676573035776,599.9999976570814,600.0000001098954,1586.2618940096022,1586.2619549078238,1,6.797554725772485e-05,634.9999988964468,-634.9999320244527,-1.1035532452297048e-06,1438.2130491605017,2.8669435788256987e-06
encodec_untrained,random-init-no-quant,24000,20260826,635.0,452.8929,653.567656221262,452.9Hz_+50.0c,3,1499.9551988392595,1499.9550129478644,452.8929010429815,653.5676573024638,600.0000069512629,599.9999907568622,1586.2619855055877,1586.2618176786543,1,-0.00021455409671718357,634.9999988770791,-635.0002145540967,-1.1229209349039593e-06,1438.2128849441822,2.8639932230205686e-06
encodec_untrained,random-init-no-quant,24000,20260826,635.0,452.8929,653.567656221262,452.9Hz_+50.0c,4,1499.955212480206,1499.955053573729,452.892901047216,653.5676573065452,600.0000013261135,599.9999781744705,1586.2620174805886,1586.2619008737558,1,-0.00018340835507667933,634.9999988717037,-635.000183408355,-1.1282962759651127e-06,1438.2129318341745,2.8748044030418447e-06
encodec_untrained,random-init-no-quant,24000,20260826,640.0,440.0,636.7984644737664,440Hz_ongrid,0,1499.9552321551976,1499.9552610059689,439.9999989139507,636.7984629505322,599.9999934617706,600.0000041031112,1586.2620628809736,1586.2620654758402,1,3.329928528682755e-05,640.0000001320493,-639.9999667007147,1.32049308376736e-07,1483.2128496803819,-4.141145367642535e-06
encodec_untrained,random-init-no-quant,24000,20260826,640.0,440.0,636.7984644737664,440Hz_ongrid,1,1499.9552997249032,1499.9552011192382,439.9999989155426,636.7984629512861,600.0000031778416,599.9999955396694,1586.2621128346282,1586.2620210640162,1,-0.00011380971848136443,640.0000001278352,-640.0001138097185,1.2783516467607114e-07,1483.2127805596874,-4.139095879429022e-06
encodec_untrained,random-init-no-quant,24000,20260826,640.0,440.0,636.7984644737664,440Hz_ongrid,2,1499.9553187966567,1499.955299717447,439.9999989203481,636.7984629447283,600.0000023776026,600.0000094990144,1586.262137156065,1586.2620945869733,1,-2.2021041126329537e-05,640.000000091099,-640.0000220210411,9.109896836889675e-08,1483.2128943608002,-4.156924293404601e-06
encodec_untrained,random-init-no-quant,24000,20260826,640.0,440.0,636.7984644737664,440Hz_ongrid,3,1499.9550349502372,1499.9550649567489,439.9999989201714,636.7984629487721,600.0000051023302,599.9999960157763,1586.2618016813158,1586.2618625328025,1,3.4633234342074275e-05,640.0000001027882,-639.9999653667657,1.0278824902343331e-07,1483.212623402228,-4.145930325822735e-06
encodec_untrained,random-init-no-quant,24000,20260826,640.0,440.0,636.7984644737664,440Hz_ongrid,4,1499.9552570725095,1499.9551276313236,439.9999989113364,636.7984629478367,600.0000110259001,600.0000065200903,1586.262040960933,1586.2619045621634,1,-0.00014939978836285935,640.0000001350074,-640.0001493997884,1.3500743989425246e-07,1483.2126957406324,-4.148473397993145e-06
encodec_untrained,random-init-no-quant,24000,20260826,640.0,452.8929,655.4579620251615,452.9Hz_+50.0c,0,1499.9550782228237,1499.9551027189323,452.89290104228746,655.4579609219729,599.9999917029623,600.000019319738,1586.2618902885324,1586.2618388765404,1,2.827317800132163e-05,639.9999931019328,-639.999971726822,-6.898067226757121e-06,1433.2129885571067,-2.9138063818388783e-06
encodec_untrained,random-init-no-quant,24000,20260826,640.0,452.8929,655.4579620251615,452.9Hz_+50.0c,1,1499.9551907164719,1499.9551048984722,452.8929010454834,655.4579609226771,599.9999924492954,599.9999951369377,1586.2620179741766,1586.2619111689562,1,-9.905032372286876e-05,639.9999930915759,-640.0000990503237,-6.90842409767356e-06,1433.212991072711,-2.911946408339104e-06
encodec_untrained,random-init-no-quant,24000,20260826,640.0,452.8929,655.4579620251615,452.9Hz_+50.0c,2,1499.9551928818407,1499.9551613660763,452.89290104829126,655.4579609222714,599.999992273771,600.0000018451303,1586.262020979881,1586.261956987579,1,-3.6375196641345856e-05,639.9999930797708,-640.0000363751966,-6.920229225215735e-06,1433.2130562470861,-2.913018146712023e-06
encodec_untrained,random-init-no-quant,24000,20260826,640.0,452.8929,655.4579620251615,452.9Hz_+50.0c,3,1499.9549362880337,1499.9553014236146,452.8929010461529,655.457960922528,599.9999970057944,600.0000015177663,1586.2617111679851,1586.2621195852291,1,0.00042143604336009733,639.9999930886228,-639.9995785639567,-6.911377226970217e-06,1433.2132179001633,-2.912340429799736e-06
encodec_untrained,random-init-no-quant,24000,20260826,640.0,452.8929,655.4579620251615,452.9Hz_+50.0c,4,1499.9549617194518,1499.9549678251879,452.8929010411329,655.4579609236267,600.0000019863261,600.0000116479505,1586.2617261499147,1586.2617053195434,1,7.047183738804198e-06,639.9999931107142,-639.9999929528162,-6.889285828037828e-06,1433.2128328640106,-2.9094381253824e-06
encodec_untrained,random-init-no-quant,24000,20260826,645.0,440.0,638.6402689477954,440Hz_ongrid,0,1499.9550751794925,1499.9550827066028,439.9999989177229,638.6402667870468,600.0000176928515,600.0000038433484,1586.26181178498,1586.2618604339184,1,8.687719949741408e-06,644.9999984009677,-644.99999131228,-1.5990323163350695e-06,1478.2126438889431,-5.857384453580905e-06
encodec_untrained,random-init-no-quant,24000,20260826,645.0,440.0,638.6402689477954,440Hz_ongrid,1,1499.9552773678283,1499.9551292877948,439.9999989157255,638.6402667818701,599.9999996723502,599.9999741582964,1586.262097145016,1586.2619998504474,1,-0.00017091256825823558,644.9999983947937,-645.0001709125683,-1.6052063074312173e-06,1478.2126976525158,-5.871417575976642e-06
encodec_untrained,random-init-no-quant,24000,20260826,645.0,440.0,638.6402689477954,440Hz_ongrid,2,1499.955124701331,1499.9552124754657,439.9999989121541,638.6402667863889,599.9999925235696,600.0000013943875,1586.2619415658153,1586.2620172781205,1,0.00010130807511402307,644.9999984210953,-644.9998986919248,-1.5789047438374837e-06,1478.2127936669376,-5.859167929258674e-06
encodec_untrained,random-init-no-quant,24000,20260826,645.0,440.0,638.6402689477954,440Hz_ongrid,3,1499.9550109065458,1499.955298699432,439.9999989173042,638.6402667811542,599.9999904026113,599.9999908074648,1586.2618163447357,1586.262147344402,1,0.00033216782668465456,644.9999983866414,-644.9996678321733,-1.613358563190559e-06,1478.212893185817,-5.873358275827766e-06
encodec_untrained,random-init-no-quant,24000,20260826,645.0,440.0,638.6402689477954,440Hz_ongrid,4,1499.9550519288596,1499.955364051214,439.99999890664066,638.6402667808873,599.999996612291,600.0000215130182,1586.2618457749575,1586.2621341753031,1,0.00036024865570746063,644.9999984278747,-644.9996397513443,-1.5721252566436306e-06,1478.2129686142168,-5.874081929877434e-06
encodec_untrained,random-init-no-quant,24000,20260826,645.0,452.8929,657.3537351376068,452.9Hz_+50.0c,0,1499.955124436724,1499.9550882360957,452.8929010361088,657.3537372690407,599.9999974382006,600.0000111690947,1586.2619270797811,1586.2618456783714,1,-4.178242399021716e-05,645.0000016527902,-645.000041782424,1.6527901607332751e-06,1428.2129718411531,5.6134326787243754e-06
encodec_untrained,random-init-no-quant,24000,20260826,645.0,452.8929,657.3537351376068,452.9Hz_+50.0c,1,1499.9550724646626,1499.955184927072,452.8929010538359,657.353737266274,599.999993773409,599.9999985963354,1586.2618776684706,1586.2619935554974,1,0.00012980305131361138,645.00000157774,-644.9998701969487,1.5777400221850257e-06,1428.2130834409645,5.6061461648224094e-06
encodec_untrained,random-init-no-quant,24000,20260826,645.0,452.8929,657.3537351376068,452.9Hz_+50.0c,2,1499.955287387247,1499.9550709076816,452.89290103905034,657.3537372697067,599.9999988546847,599.9999981732797,1586.2621110686175,1586.2618631760743,1,-0.0002498586622162663,645.0000016432996,-645.0002498586622,1.6432995835202746e-06,1428.2129518408603,5.615186746935116e-06
encodec_untrained,random-init-no-quant,24000,20260826,645.0,452.8929,657.3537351376068,452.9Hz_+50.0c,3,1499.9552295724097,1499.9550725893769,452.89290103370604,657.3537372701255,599.9999892740664,600.0000116066207,1586.262071983105,1586.2618263566426,1,-0.0001811883318399592,645.0000016648321,-645.0001811883318,1.6648320979584241e-06,1428.2129537818573,5.616289622608273e-06
encodec_untrained,random-init-no-quant,24000,20260826,645.0,452.8929,657.3537351376068,452.9Hz_+50.0c,4,1499.955179656103,1499.9550551313816,452.89290104757447,657.3537372684782,599.9999754014924,600.0000081933562,1586.2620543979667,1586.261816055388,1,-0.00014372525880367495,645.0000016074798,-645.0001437252588,1.6074798168119742e-06,1428.212933632003,5.611951158039694e-06
encodec_untrained,random-init-no-quant,24000,20260826,650.0,440.0,640.4874004505624,440Hz_ongrid,0,1499.95512441789,1499.9550440743292,439.9999989115025,640.4873979196307,599.9999925178444,600.000010117875,1586.26194125519,1586.261797740454,1,-9.273178197863968e-05,649.9999974417321,-650.0000927317819,-2.5582678517821478e-06,1473.2125992999358,-6.841095166652786e-06
encodec_untrained,random-init-no-quant,24000,20260826,650.0,440.0,640.4874004505624,440Hz_ongrid,1,1499.9552838471016,1499.955158105241,439.9999989083034,640.4873979227151,600.0000060148659,600.0000108014887,1586.2620863226996,1586.2619273813668,1,-0.0001451300594035753,649.9999974626566,-650.0001451300594,-2.537343448238971e-06,1473.21273091334,-6.832757864732503e-06
encodec_untrained,random-init-no-quant,24000,20260826,650.0,440.0,640.4874004505624,440Hz_ongrid,2,1499.9552684460043,1499.955189538016,439.99999891536254,640.4873979223021,599.9999843277546,600.000001350171,1586.2621311226765,1586.2619909315154,1,-9.107484919000253e-05,649.999997433765,-650.0000910748491,-2.5662350253696786e-06,1473.212767192751,-6.833874194804958e-06
encodec_untrained,random-init-no-quant,24000,20260826,650.0,440.0,640.4874004505624,440Hz_ongrid,3,1499.955257499005,1499.9553073387306,439.9999989147774,640.4873979200031,599.999996453031,600.0000038108169,1586.2620835016019,1586.262119796054,1,5.7524534733464424e-05,649.9999974298532,-649.9999424754652,-2.570146762082004e-06,1473.212903157213,-6.8400883937671904e-06
encodec_untrained,random-init-no-quant,24000,20260826,650.0,440.0,640.4874004505624,440Hz_ongrid,4,1499.9552934035653,1499.9552267886431,439.9999989094901,640.4873979190476,599.9999965476087,599.9999982701099,1586.2621246694084,1586.262042813013,1,-7.688630756003489e-05,649.9999974480738,-650.0000768863075,-2.5519261726003606e-06,1473.2128101870712,-6.842671252498892e-06
encodec_untrained,random-init-no-quant,24000,20260826,650.0,452.8929,659.2549913716284,452.9Hz_+50.0c,0,1499.955176637075,1499.9551743277434,452.8929010396605,659.2549924212974,599.9999992648637,600.0000038496677,1586.261982058297,1586.26196616394,1,-2.6654087180839516e-06,649.9999987822598,-650.0000026654087,-1.2177401913504582e-06,1423.21307120732,2.7564791821887544e-06
encodec_untrained,random-init-no-quant,24000,20260826,650.0,452.8929,659.2549913716284,452.9Hz_+50.0c,1,1499.9550566384382,1499.9549802695997,452.89290104171494,659.2549924169454,600.0000163706372,600.0000091174021,1586.2617942001734,1586.2617269843868,1,-8.814419891422971e-05,649.9999987629778,-650.0000881441989,-1.2370221611490706e-06,1423.2128472272348,2.745050637811903e-06
encodec_untrained,random-init-no-quant,24000,20260826,650.0,452.8929,659.2549913716284,452.9Hz_+50.0c,2,1499.9553047406332,1499.9551386230416,452.8929010353261,659.254992415475,599.9999908446123,599.9999911295116,1586.2621542099134,1586.2619616565237,1,-0.000191731344123279,649.999998783539,-650.0001917313441,-1.2164609870524146e-06,1423.213029997291,2.741189611921503e-06
encodec_untrained,random-init-no-quant,24000,20260826,650.0,452.8929,659.2549913716284,452.9Hz_+50.0c,3,1499.955374866719,1499.9548357108529,452.8929010474175,659.25499241723,599.999989058561,600.0000033987409,1586.2622403022228,1586.2615766365896,1,-0.0006222886205359737,649.9999987419266,-650.0006222886205,-1.2580734392031445e-06,1423.2126803788692,2.745797933145528e-06
encodec_untrained,random-init-no-quant,24000,20260826,650.0,452.8929,659.2549913716284,452.9Hz_+50.0c,4,1499.955262523632,1499.9550403347316,452.89290104940017,659.2549924206904,599.9999897357602,600.0000144498948,1586.262108682925,1586.2617809246792,1,-0.00025644832728101104,649.9999987434351,-650.0002564483273,-1.2565649285534164e-06,1423.2129165538483,2.7548854134371135e-06
encodec_untrained,random-init-no-quant,24000,20260826,655.0,440.0,642.339874389368,440Hz_ongrid,0,1499.9551603532927,1499.955198590736,439.99999891195495,642.3398767786466,599.999989503468,600.000003047312,1586.2619914291442,1586.2619964831654,1,4.4133294494922113e-05,655.0000107206291,-654.9999558667055,1.0720629120442027e-05,1468.2127776413147,6.439582276105761e-06
encodec_untrained,random-init-no-quant,24000,20260826,655.0,440.0,642.339874389368,440Hz_ongrid,1,1499.9551090724058,1499.95518250377,439.9999989156478,642.3398767781889,600.0000064783844,599.9999953220776,1586.2618832619733,1586.2620002060564,1,8.47537863933728e-05,655.0000107048654,-654.9999152462136,1.0704865417210385e-05,1468.2127590738912,6.438348700632259e-06
encodec_untrained,random-init-no-quant,24000,20260826,655.0,440.0,642.339874389368,440Hz_ongrid,2,1499.955335170169,1499.9551684054575,439.9999989144019,642.3398767770678,599.9999962100607,600.0000155917111,1586.2621738499802,1586.2619254481187,1,-0.00019247823994554544,655.0000107067461,-655.0001924782399,1.0706746138566814e-05,1468.2127428017525,6.435327228765095e-06
encodec_untrained,random-init-no-quant,24000,20260826,655.0,440.0,642.339874389368,440Hz_ongrid,3,1499.955104895052,1499.95512837564,439.9999989089083,642.339876779673,599.9999861586434,599.9999871111212,1586.2619370708903,1586.2619614236935,1,2.710107334943354e-05,655.0000107353826,-654.9999728989267,1.0735382602433674e-05,1468.2126965997156,6.442348498950044e-06
encodec_untrained,random-init-no-quant,24000,20260826,655.0,440.0,642.339874389368,440Hz_ongrid,4,1499.9551169174606,1499.9549910947662,439.9999989078756,642.339876778267,599.9999793005062,600.0000085154065,1586.2619707354424,1586.2617412156847,1,-0.00014522337330340058,655.0000107356568,-655.0001452233734,1.0735656815086259e-05,1468.2125381514202,6.4385593579583664e-06
encodec_untrained,random-init-no-quant,24000,20260826,655.0,452.8929,661.1617465859923,452.9Hz_+50.0c,0,1499.9552076770626,1499.954894765195,452.892901043215,661.1617444250293,599.9999925304733,599.9999991385959,1586.2620373156997,1586.261657088746,1,-0.0003611599421981188,654.9999903537705,-655.0003611599421,-9.646229500503978e-06,1418.212748538845,-5.658423028399329e-06
encodec_untrained,random-init-no-quant,24000,20260826,655.0,452.8929,661.1617465859923,452.9Hz_+50.0c,1,1499.9551254310568,1499.9548845873987,452.89290105290394,661.161744429467,600.0000096146332,600.0000014040005,1586.2618930936728,1586.2616388050517,1,-0.00027797949931704396,654.9999903283535,-655.0002779794993,-9.6716464668134e-06,1418.2127367917271,-5.64680285499292e-06
encodec_untrained,random-init-no-quant,24000,20260826,655.0,452.8929,661.1617465859923,452.9Hz_+50.0c,2,1499.9550196148193,1499.9550652688781,452.89290105092647,661.1617444320751,600.0000016398427,599.999994157744,1586.2617939719473,1586.2618682542072,1,5.2693486586784515e-05,654.9999903427419,-654.9999473065134,-9.657258146944514e-06,1418.212945332606,-5.639973598144236e-06
encodec_untrained,random-init-no-quant,24000,20260826,655.0,452.8929,661.1617465859923,452.9Hz_+50.0c,3,1499.9551147975503,1499.955138759829,452.8929010489773,661.161744425614,600.0000141134258,599.9999842862603,1586.2618678398087,1586.261981559852,1,2.7657035698601813e-05,654.9999903332741,-654.9999723429643,-9.666725873103132e-06,1418.2130301551695,-5.656891918662562e-06
encodec_untrained,random-init-no-quant,24000,20260826,655.0,452.8929,661.1617465859923,452.9Hz_+50.0c,4,1499.9551319077934,1499.9552655939865,452.8929010413397,661.1617444254941,599.9999996563524,600.0000053004782,1586.2619293025855,1586.2620673164158,1,0.0001542993346390914,654.9999903621563,-654.9998457006653,-9.637843731979956e-06,1418.2131765459494,-5.657205790392432e-06
encodec_untrained,random-init-no-quant,24000,20260826,660.0,440.0,644.1977062160752,440Hz_ongrid,0,1499.955172555468,1499.955063750189,439.9999989084786,644.1977083562491,599.9999978925607,599.9999890820943,1586.2619813069741,1586.26188114658,1,-0.0001255820264637145,660.0000100462853,-660.0001255820265,1.0046285296994029e-05,1463.2126220096284,5.751560456866628e-06
encodec_untrained,random-init-no-quant,24000,20260826,660.0,440.0,644.1977062160752,440Hz_ongrid,1,1499.955182500341,1499.9550315206027,439.99999891664794,644.1977083544115,599.9999846073251,599.9999879257977,1586.2620311183396,1586.2618472838608,1,-0.00017425939110138057,660.0000100092036,-660.0001742593911,1.0009203606387018e-05,1463.2125848105422,5.746621926447687e-06
encodec_untrained,random-init-no-quant,24000,20260826,660.0,440.0,644.1977062160752,440Hz_ongrid,2,1499.9550771070312,1499.9552216505874,439.99999891156256,644.1977083567808,600.000016994164,600.0000067640233,1586.2618160257132,1586.2620123744646,1,0.0001668308058285113,660.00001003558,-659.9998331691942,1.0035579975919973e-05,1463.2128042567756,5.752989313219643e-06
encodec_untrained,random-init-no-quant,24000,20260826,660.0,440.0,644.1977062160752,440Hz_ongrid,3,1499.9552596734864,1499.9550397097323,439.999998910191,644.1977083545368,599.9999898646352,599.9999995150575,1586.2621050214595,1586.2618232961418,1,-0.0002538800848395056,660.0000100349458,-660.0002538800849,1.0034945830739161e-05,1463.2125942623588,5.74695867064065e-06
encodec_untrained,random-init-no-quant,24000,20260826,660.0,440.0,644.1977062160752,440Hz_ongrid,4,1499.954969572752,1499.955015193719,439.9999989077696,644.1977083551291,599.9999935192029,599.9999885806069,1586.2617596450739,1586.2618265501442,1,5.2655294183934533e-05,660.0000100460649,-659.9999473447058,1.0046064858215686e-05,1463.2125659662058,5.748550132922462e-06
encodec_untrained,random-init-no-quant,24000,20260826,660.0,452.8929,663.0740166853326,452.9Hz_+50.0c,0,1499.9552670560856,1499.9550380020598,452.8929010403743,663.0740180587845,599.9999922419365,600.0000294875438,1586.2621066829436,1586.2617348428494,1,-0.00026437198989905694,659.9999996090273,-660.0002643719899,-3.909726729034446e-07,1413.2129138615003,3.5859746958412624e-06
encodec_untrained,random-init-no-quant,24000,20260826,660.0,452.8929,663.0740166853326,452.9Hz_+50.0c,1,1499.955152241982,1499.955092429262,452.8929010375787,663.0740180546031,599.9999893169714,599.9999958706728,1586.2619826052614,1586.2618946599991,1,-6.903527683583135e-05,659.9999996087963,-660.0000690352769,-3.9120368455769494e-07,1413.2129766808662,3.57505741833884e-06
encodec_untrained,random-init-no-quant,24000,20260826,660.0,452.8929,663.0740166853326,452.9Hz_+50.0c,2,1499.955140275678,1499.9550400760224,452.8929010516075,663.074018058039,600.0000051080289,600.0000078811472,1586.261923230506,1586.2617995794783,1,-0.00011564949955723984,659.9999995641406,-660.0001156494995,-4.3585941966739483e-07,1413.2129162552483,3.584028422038635e-06
encodec_untrained,random-init-no-quant,24000,20260826,660.0,452.8929,663.0740166853326,452.9Hz_+50.0c,3,1499.9551561071928,1499.9551782445471,452.89290104286204,663.074018060579,600.0000190385019,600.0000213377767,1586.2619013082422,1586.2619202246624,1,2.5550724630485886e-05,659.9999996042028,-659.9999744492753,-3.9579720123583684e-07,1413.2130757280577,3.590659899298971e-06
encodec_untrained,random-init-no-quant,24000,20260826,660.0,452.8929,663.0740166853326,452.9Hz_+50.0c,4,1499.9551525317631,1499.9550823671389,452.8929010523849,663.0740180600068,599.9999972366786,599.999993647155,1586.261960088279,1586.2618894621078,1,-8.098334750053183e-05,659.9999995663067,-660.0000809833475,-4.336933443482849e-07,1413.2129650672582,3.5891660774548096e-06
encodec_untrained,random-init-no-quant,24000,20260826,665.0,440.0,646.060911427238,440Hz_ongrid,0,1499.9551749463133,1499.9551352686672,439.9999989170241,646.0609124958197,600.0000042840188,599.9999982908132,1586.2619656246152,1586.2619371217877,1,-4.579556379881585e-05,665.0000071245548,-665.0000457955638,7.124554826987151e-06,1458.2127045555826,2.863453125312919e-06
encodec_untrained,random-init-no-quant,24000,20260826,665.0,440.0,646.060911427238,440Hz_ongrid,1,1499.9551162947307,1499.9551480296734,439.99999891250565,646.0609125006717,599.999992611122,599.9999890973036,1586.2619316103737,1586.2619783772823,1,3.66281711034194e-05,665.0000071553347,-664.9999633718289,7.155334742492414e-06,1458.2127192842154,2.8764546802368086e-06
encodec_untrained,random-init-no-quant,24000,20260826,665.0,440.0,646.060911427238,440Hz_ongrid,2,1499.9553556366502,1499.954990102125,439.9999989108666,646.0609124964941,599.9999965997972,599.9999857893673,1586.262196347654,1586.2618056434762,1,-0.0004218964855630488,665.0000071505891,-665.0004218964856,7.150589112825401e-06,1458.2125370057227,2.865260242269261e-06
encodec_untrained,random-init-no-quant,24000,20260826,665.0,440.0,646.060911427238,440Hz_ongrid,3,1499.955135710424,1499.9550365999114,439.99999890878536,646.060912495854,600.0000051217802,599.999997316796,1586.2619179216547,1586.2618260496577,1,-0.00011439242109605894,665.000007157063,-665.0001143924211,7.157063009799458e-06,1458.2125906730328,2.8635449995848962e-06
encodec_untrained,random-init-no-quant,24000,20260826,665.0,440.0,646.060911427238,440Hz_ongrid,4,1499.9553180435953,1499.955111451006,439.9999989180948,646.0609124981726,599.9999884964517,600.0000084991215,1586.262176339424,1586.2618801767164,1,-0.00023844720271227256,665.0000071266469,-665.0002384472027,7.126646892174904e-06,1458.2126770654627,2.8697578530731675e-06
encodec_untrained,random-init-no-quant,24000,20260826,665.0,452.8929,664.991817620284,452.9Hz_+50.0c,0,1499.9552835459426,1499.9551032035547,452.8929010421888,664.9918162582256,600.0000018591559,600.0000239202014,1586.2620979659494,1586.2618261617558,1,-0.00020814947257658233,664.9999924701448,-665.0002081494725,-7.529855224674975e-06,1408.2129891164534,-3.5459711458978874e-06
encodec_untrained,random-init-no-quant,24000,20260826,665.0,452.8929,664.991817620284,452.9Hz_+50.0c,1,1499.9552770926778,1499.9550996086025,452.89290104279803,664.9918162538071,599.9999675574942,600.000003499942,1586.2621894913298,1586.2618809329088,1,-0.00020485043601962304,664.9999924563127,-665.000204850436,-7.543687274846889e-06,1408.2129849671933,-3.5574744582910966e-06
encodec_untrained,random-init-no-quant,24000,20260826,665.0,452.8929,664.991817620284,452.9Hz_+50.0c,2,1499.9550703178506,1499.9550560790829,452.8929010433252,664.9918162576445,599.9999999420137,599.9999994191251,1586.2618573918094,1586.2618424662953,1,-1.6434252107578966e-05,664.9999924642877,-665.0000164342521,-7.535712256867555e-06,1408.2129347258312,-3.5474841883072694e-06
encodec_untrained,random-init-no-quant,24000,20260826,665.0,452.8929,664.991817620284,452.9Hz_+50.0c,3,1499.9552647312125,1499.9552290408947,452.8929010345546,664.9918162613919,599.9999856521127,600.0000065982377,1586.2621230138097,1586.262021382643,1,-4.1193424744676175e-05,664.9999925075707,-665.0000411934247,-7.492429290323344e-06,1408.2131343567196,-3.5377280247328767e-06
encodec_untrained,random-init-no-quant,24000,20260826,665.0,452.8929,664.991817620284,452.9Hz_+50.0c,4,1499.9551318866143,1499.9551399895647,452.8929010389683,664.9918162596749,599.999979874708,600.0000081028909,1586.2619863559023,1586.2619142589315,1,9.352348809964614e-06,664.9999924862284,-664.9999906476512,-7.513771606681985e-06,1408.213031574519,-3.5421981501539703e-06
encodec_untrained,random-init-no-quant,24000,20260826,670.0,440.0,647.9295055642312,440Hz_ongrid,0,1499.955277377207,1499.9550035735094,439.9999989093416,647.929504843725,600.0000070070377,599.9999866998535,1586.2620759924068,1586.2618185649144,1,-0.00031602164044962713,670.000002366174,-670.0003160216404,2.366174044254876e-06,1453.2125525542685,-1.925155410707381e-06
encodec_untrained,random-init-no-quant,24000,20260826,670.0,440.0,647.9295055642312,440Hz_ongrid,1,1499.9550746972823,1499.9551531762513,439.9999989091472,647.9295048444485,600.0000061759788,600.0000036890342,1586.2618444590873,1586.2619422145788,1,9.057968592091265e-05,670.0000023688721,-669.9999094203141,2.3688720602876856e-06,1453.212725224347,-1.9232222068787102e-06
encodec_untrained,random-init-no-quant,24000,20260826,670.0,440.0,647.9295055642312,440Hz_ongrid,2,1499.9551709268542,1499.9551593051012,439.9999989155914,647.9295048456656,600.0000159587322,599.9999975759115,1586.2619272992922,1586.261966927183,1,-1.3413717205394785e-05,670.0000023467688,-670.0000134137172,2.3467688379241736e-06,1453.2127322982076,-1.9199700882884276e-06
encodec_untrained,random-init-no-quant,24000,20260826,670.0,440.0,647.9295055642312,440Hz_ongrid,3,1499.955295671972,1499.9550270994512,439.99999891740043,647.9295048456786,599.9999883373424,600.0000045042518,1586.262150977403,1586.2617943457017,1,-0.0003099838613186585,670.0000023396856,-670.0003099838614,2.3396855794999283e-06,1453.2125797076908,-1.919935491282148e-06
encodec_untrained,random-init-no-quant,24000,20260826,670.0,440.0,647.9295055642312,440Hz_ongrid,4,1499.955143377615,1499.9550615413439,439.9999989207397,647.9295048468531,600.0000051508018,600.0000081297577,1586.2619266873155,1586.2618236372127,1,-9.445465320665404e-05,670.000002329685,-670.0000944546532,2.3296850031329086e-06,1453.2126194602001,-1.916797158401413e-06
encodec_untrained,random-init-no-quant,24000,20260826,670.0,452.8929,666.9151653876156,452.9Hz_+50.0c,0,1499.9551668186045,1499.9550560763748,452.8929010516267,666.9151668309464,599.999997408084,599.9999928405965,1586.2619760834448,1586.2618614447908,1,-0.00012781763750364703,669.9999997267574,-670.0001278176375,-2.732425627982593e-07,1403.212934722705,3.7467185370763527e-06
encodec_untrained,random-init-no-quant,24000,20260826,670.0,452.8929,666.9151653876156,452.9Hz_+50.0c,1,1499.9553917235407,1499.9550686173955,452.89290104950743,666.9151668338085,600.0000040421222,599.999999858657,1586.2622165247851,1586.2618556696766,1,-0.000372926037277751,669.9999997422882,-670.0003729260372,-2.5771180389710935e-07,1403.2129491974333,3.7541480519449653e-06
encodec_untrained,random-init-no-quant,24000,20260826,670.0,452.8929,666.9151653876156,452.9Hz_+50.0c,2,1499.9553480381394,1499.955078555697,452.8929010454736,666.9151668339856,599.9999981775115,599.9999862721213,1586.2621830252046,1586.2619063428267,1,-0.0003110340734286488,669.9999997581677,-670.0003110340734,-2.4183225377782946e-07,1403.2129606681272,3.754607807715796e-06
encodec_untrained,random-init-no-quant,24000,20260826,670.0,452.8929,666.9151653876156,452.9Hz_+50.0c,3,1499.9550017448505,1499.955091821921,452.89290104051827,666.9151668348045,600.0000113633528,599.9999873743099,1586.2617452904772,1586.2619184743337,1,0.00010396611028161986,669.9999997792356,-669.9998960338897,-2.207643774454482e-07,1403.2129759798788,3.756733601539116e-06
encodec_untrained,random-init-no-quant,24000,20260826,670.0,452.8929,666.9151653876156,452.9Hz_+50.0c,4,1499.9550339247933,1499.9550528968657,452.8929010401175,666.9151668313688,599.9999925653187,600.0000014470163,1586.2618366719264,1586.2618329421528,1,2.1897388072198082e-05,669.9999997718488,-669.999978102612,-2.281511797264102e-07,1403.2129310529451,3.7478148777606453e-06
encodec_untrained,random-init-no-quant,24000,20260826,675.0,440.0,649.8035042133797,440Hz_ongrid,0,1499.9550769202465,1499.9549336141865,439.9999989141971,649.8035024179393,599.9999900343544,599.9999959756132,1586.2618935996945,1586.2617110543301,1,-0.00016540251511838202,674.9999994887364,-675.0001654025151,-5.112635790283093e-07,1448.21247180787,-4.783488571413965e-06
encodec_untrained,random-init-no-quant,24000,20260826,675.0,440.0,649.8035042133797,440Hz_ongrid,1,1499.9551866700588,1499.9550111713165,439.9999989198891,649.8035024148277,599.9999975340785,600.0000209999406,1586.261998632262,1586.2617283651016,1,-0.0002025589954925049,674.9999994580505,-675.0002025589955,-5.41949475518777e-07,1448.2125613235864,-4.791778590749053e-06
encodec_untrained,random-init-no-quant,24000,20260826,675.0,440.0,649.8035042133797,440Hz_ongrid,2,1499.9551864846446,1499.9551277116414,439.999998914286,649.8035024172553,599.9999792530522,599.9999963111567,1586.2620511661519,1586.261934111621,1,-6.783524426108968e-05,674.9999994865645,-675.0000678352443,-5.134354523761431e-07,1448.2126958333347,-4.78531068041437e-06
encodec_untrained,random-init-no-quant,24000,20260826,675.0,440.0,649.8035042133797,440Hz_ongrid,3,1499.9552445359218,1499.9550836281817,439.99999891980485,649.8035024184111,599.9999908130432,600.0000072992848,1586.2620848133,1586.2618515258714,1,-0.0001857181902320248,674.999999467929,-675.0001857181902,-5.320709988154704e-07,1448.2126449526208,-4.782231546850394e-06
encodec_untrained,random-init-no-quant,24000,20260826,675.0,440.0,649.8035042133797,440Hz_ongrid,4,1499.9551683165012,1499.955015508292,439.9999989195724,649.803502418272,600.0000094177793,600.000002112955,1586.2619431596472,1586.261787867118,1,-0.00017636979677905891,674.999999468473,-675.0001763697968,-5.315270072969724e-07,1448.2125663292832,-4.7826019270237886e-06
encodec_untrained,random-init-no-quant,24000,20260826,675.0,452.8929,668.8440760303631,452.9Hz_+50.0c,0,1499.9553136100799,1499.955030393769,452.8929010489235,668.8440744154335,599.9999896965552,600.0000156884954,1586.2621677595364,1586.2617658770675,1,-0.00032688558294054437,674.9999918102932,-675.0003268855829,-8.18970681848441e-06,1398.2129050800825,-4.180079108709638e-06
encodec_untrained,random-init-no-quant,24000,20260826,675.0,452.8929,668.8440760303631,452.9Hz_+50.0c,1,1499.955065328905,1499.955038234215,452.89290104372583,668.844074413531,599.9999957992457,599.9999966489031,1586.2618635871172,1586.2618298630869,1,-3.127243700076683e-05,674.999991825237,-675.000031272437,-8.174763024726417e-06,1398.2129141294517,-4.18500360814879e-06
encodec_untrained,random-init-no-quant,24000,20260826,675.0,452.8929,668.8440760303631,452.9Hz_+50.0c,2,1499.955203911358,1499.9550751523152,452.8929010407551,668.8440744115749,599.9999885177139,600.0000049208686,1586.2620445477353,1586.2618486057647,1,-0.00014861247056684892,674.99999183153,-675.0001486124705,-8.168470003511175e-06,1398.2129567399763,-4.190066687818846e-06
encodec_untrained,random-init-no-quant,24000,20260826,675.0,452.8929,668.8440760303631,452.9Hz_+50.0c,3,1499.9551259394113,1499.9551800581137,452.892901043789,668.844074411255,600.0000061606352,599.9999860334681,1586.2619036465421,1586.2620241845655,1,6.246329449113337e-05,674.9999918191045,-674.9999375367055,-8.180895520126796e-06,1398.2130778212588,-4.190894901709147e-06
encodec_untrained,random-init-no-quant,24000,20260826,675.0,452.8929,668.8440760303631,452.9Hz_+50.0c,4,1499.955116344353,1499.9551272317265,452.89290104371383,668.8440744110341,600.0000108604524,600.0000031285343,1586.2618790112103,1586.261913886914,1,1.2566103909306164e-05,674.99999181882,-674.9999874338961,-8.181179964594776e-06,1398.2130168495426,-4.191466521135872e-06
encodec_untrained,random-init-no-quant,24000,20260826,680.0,440.0,651.6829230060882,440Hz_ongrid,0,1499.955130104217,1499.955089035116,439.9999989227614,651.6829261720461,599.999993193796,600.0000128933071,1586.261945867911,1586.261841625568,1,-4.740156917291805e-05,680.0000126490809,-680.0000474015692,1.2649080872506602e-05,1443.2126511932536,8.41055333942115e-06
encodec_untrained,random-init-no-quant,24000,20260826,680.0,440.0,651.6829230060882,440Hz_ongrid,1,1499.9553436130816,1499.955051101742,439.9999989118061,651.6829261734722,599.9999973983986,600.0000084946663,1586.2621801658904,1586.2618105350184,1,-0.0003376138114123708,680.0000126959744,-680.0003376138114,1.2695974419330014e-05,1443.2126074109099,8.414342095997332e-06
encodec_untrained,random-init-no-quant,24000,20260826,680.0,440.0,651.6829230060882,440Hz_ongrid,2,1499.9553469889704,1499.95511762877,439.9999989076727,651.6829261726617,599.9999917038223,600.0000075659082,1586.262200493383,1586.261889999718,1,-0.00026472535973848536,680.0000127100849,-680.0002647253598,1.2710084888567508e-05,1443.2126841957797,8.412189008986051e-06
encodec_untrained,random-init-no-quant,24000,20260826,680.0,440.0,651.6829230060882,440Hz_ongrid,3,1499.955240515935,1499.9551212697475,439.9999989162034,651.6829261723205,599.9999916485073,600.0000043405432,1586.2620777628294,1586.2619035085356,1,-0.0001376328191136539,680.0000126756131,-680.0001376328191,1.2675613106694072e-05,1443.2126883981616,8.411282567426937e-06
encodec_untrained,random-init-no-quant,24000,20260826,680.0,440.0,651.6829230060882,440Hz_ongrid,4,1499.9551770968374,1499.9550264452394,439.9999989103962,651.6829261728967,600.0000037501075,600.0000170001891,1586.2619696472725,1586.2617575349634,1,-0.00017388065532951042,680.0000126999931,-680.0001738806553,1.2699993135356635e-05,1443.2125789526053,8.412813292740081e-06
encodec_untrained,random-init-no-quant,24000,20260826,680.0,452.8929,670.7785656379637,452.9Hz_+50.0c,0,1499.9552286700186,1499.955056314194,452.89290104306946,670.7785667316984,599.999991651063,599.9999950794335,1586.2620640830112,1586.2618552593613,1,-0.00019893146379386156,679.999998835605,-680.0001989314638,-1.164395030173182e-06,1393.212934997194,2.8228554606114438e-06
encodec_untrained,random-init-no-quant,24000,20260826,680.0,452.8929,670.7785656379637,452.9Hz_+50.0c,1,1499.9552786667782,1499.9552204063486,452.8929010400892,670.7785667329662,599.9999933353904,599.9999955349026,1586.2621169288527,1586.2620433387697,1,-6.724363235599556e-05,679.999998850269,-680.0000672436323,-1.1497310197228217e-06,1393.2131243908086,2.826127184162982e-06
encodec_untrained,random-init-no-quant,24000,20260826,680.0,452.8929,670.7785656379637,452.9Hz_+50.0c,2,1499.9551900620113,1499.954978570394,452.89290104621875,670.7785667329769,599.9999930383093,600.0000043327562,1586.2620155192692,1586.2617388287488,1,-0.0002441016353703769,679.9999988268659,-680.0002441016354,-1.1731341373888426e-06,1393.2128452660272,2.8261548617679304e-06
encodec_untrained,random-init-no-quant,24000,20260826,680.0,452.8929,670.7785656379637,452.9Hz_+50.0c,3,1499.9553488277395,1499.955283209613,452.892901037307,670.7785667311729,599.9999892204357,599.9999975586433,1586.2622097812116,1586.2621099864173,1,-7.573581251319844e-05,679.999998856276,-680.0000757358125,-1.143724034591287e-06,1393.2131968777376,2.82149887355782e-06
encodec_untrained,random-init-no-quant,24000,20260826,680.0,452.8929,670.7785656379637,452.9Hz_+50.0c,4,1499.955396870426,1499.955303939201,452.89290104742406,670.7785667317032,599.9999993472579,600.0000135398811,1586.262236011785,1586.2620878002047,1,-0.00010726032679936602,679.9999988189713,-680.0001072603268,-1.1810286650870694e-06,1393.2132208036296,2.8228677617691986e-06
encodec_untrained,random-init-no-quant,24000,20260826,685.0,440.0,653.5677776189724,440Hz_ongrid,0,1499.9553699940884,1499.9551104819104,439.99999891318134,653.56777870118,600.0000008280794,600.0000069702459,1586.2622007186278,1586.2618834695982,1,-0.0002995264836086792,685.0000071428785,-685.0002995264836,7.1428785304306075e-06,1438.2126759469418,2.866657192496732e-06
encodec_untrained,random-init-no-quant,24000,20260826,685.0,440.0,653.5677776189724,440Hz_ongrid,1,1499.955375566909,1499.9549490268303,439.9999989147065,653.567778699606,600.0000052601547,599.9999957947585,1586.2621943624576,1586.2617293652966,1,-0.0004923085209631404,685.0000071327081,-685.000492308521,7.132708105928032e-06,1438.2124895970003,2.8624878688403856e-06
encodec_untrained,random-init-no-quant,24000,20260826,685.0,440.0,653.5677776189724,440Hz_ongrid,2,1499.9552024061848,1499.955140500068,439.99999891114976,653.567778698339,600.0000002601668,600.0000013067288,1586.2620089289212,1586.261934457728,1,-7.145145362207594e-05,685.0000071433466,-685.0000714514537,7.143346579141507e-06,1438.2127105936158,2.8591315748293548e-06
encodec_untrained,random-init-no-quant,24000,20260826,685.0,440.0,653.5677776189724,440Hz_ongrid,3,1499.9553916854227,1499.9552030246305,439.9999989123939,653.5677786989697,600.0000056632317,600.0000055022574,1586.2622118032562,1586.2619945172491,1,-0.00021775048088691263,685.000007140122,-685.0002177504809,7.1401219656763715e-06,1438.2127827588736,2.8608022258168643e-06
encodec_untrained,random-init-no-quant,24000,20260826,685.0,440.0,653.5677776189724,440Hz_ongrid,4,1499.9552236773613,1499.9550467044373,439.99999891731136,653.5677786991115,600.000011304666,600.0000095457523,1586.2620016122225,1586.261802426898,1,-0.00020426047722818354,685.000007121149,-685.0002042604772,7.121148996702686e-06,1438.2126023355822,2.8611777955395514e-06
encodec_untrained,random-init-no-quant,24000,20260826,685.0,452.8929,672.7186503463898,452.9Hz_+50.0c,0,1499.95533943461,1499.9550521317103,452.89290105284346,672.7186471874089,599.9999801950687,599.9999958757794,1586.262224981457,1586.2618481342095,1,-0.0003316022798065272,684.9999878457849,-685.0003316022799,-1.2154215141890745e-05,1388.2129301698103,-8.129602623589201e-06
encodec_untrained,random-init-no-quant,24000,20260826,685.0,452.8929,672.7186503463898,452.9Hz_+50.0c,1,1499.9550703126504,1499.9550374424057,452.8929010432236,672.7186471875253,600.000007339678,599.9999824987672,1586.2618360406605,1586.2618697778507,1,-3.793852794401402e-05,684.9999878828573,-685.000037938528,-1.211714265991759e-05,1388.2129132155526,-8.12930316727822e-06
encodec_untrained,random-init-no-quant,24000,20260826,685.0,452.8929,672.7186503463898,452.9Hz_+50.0c,2,1499.955022398218,1499.954890334897,452.8929010417881,672.7186471877699,599.9999822083496,599.9999909741298,1586.2618532519582,1586.2616755330064,1,-0.00015242625573616154,684.999987888974,-685.0001524262557,-1.2111025966987654e-05,1388.2127434254367,-8.128673693967263e-06
encodec_untrained,random-init-no-quant,24000,20260826,685.0,452.8929,672.7186503463898,452.9Hz_+50.0c,3,1499.9552016407727,1499.9550992284924,452.89290103560967,672.7186471874437,599.9999835415749,600.000000466839,1586.2620562851496,1586.2618892458747,1,-0.0001182032854336387,684.9999879117524,-685.0001182032854,-1.2088247558494913e-05,1388.2129845284735,-8.129513055783734e-06
encodec_untrained,random-init-no-quant,24000,20260826,685.0,452.8929,672.7186503463898,452.9Hz_+50.0c,4,1499.9551211214464,1499.9549044726718,452.8929010480412,672.7186471869796,599.9999709770308,599.9999812929897,1586.2619996041178,1586.2617197845614,1,-0.00025005398963789314,684.9999878630372,-685.0002500539896,-1.2136962823205977e-05,1388.2127597431252,-8.130707421327026e-06
encodec_untrained,random-init-no-quant,24000,20260826,690.0,440.0,655.4580837739891,440Hz_ongrid,0,1499.9551170047182,1499.9549051579447,439.9999989194444,655.4580826680682,599.9999979931792,599.999998285974,1586.2619169005,1586.261671544108,1,-0.00024451156516828066,690.0000013305564,-690.0002445115651,1.330556415268802e-06,1433.2124389639396,-2.9210225485305926e-06
encodec_untrained,random-init-no-quant,24000,20260826,690.0,440.0,655.4580837739891,440Hz_ongrid,1,1499.9551933354044,1499.9553162259624,439.99999890972435,655.4580826688672,599.9999892623927,600.0000192520774,1586.2620301923812,1586.2620854995528,1,0.0001418391101213132,690.0000013709111,-689.9998581608899,1.3709111499338178e-06,1433.2129134147704,-2.9189123233519105e-06
encodec_untrained,random-init-no-quant,24000,20260826,690.0,440.0,655.4580837739891,440Hz_ongrid,2,1499.9554399443764,1499.955103278027,439.9999989128117,655.4580826667615,600.0000036726813,599.9999956498276,1586.2622732467887,1586.261907818766,1,-0.0003885770849533617,690.000001353202,-690.000388577085,1.353202037535084e-06,1433.212667632287,-2.92447398432016e-06
encodec_untrained,random-init-no-quant,24000,20260826,690.0,440.0,655.4580837739891,440Hz_ongrid,3,1499.9553125172756,1499.9551644197782,439.9999989078012,655.4580826673633,600.0000104437171,600.0000027595921,1586.2621066345769,1586.261957873554,1,-0.00017093272101636076,690.0000013745062,-690.0001709327211,1.3745061551162507e-06,1433.2127382015187,-2.9228842518806916e-06
encodec_untrained,random-init-no-quant,24000,20260826,690.0,440.0,655.4580837739891,440Hz_ongrid,4,1499.955316336775,1499.955218398105,439.99999891211985,655.4580826700334,599.9999979797487,600.0000061402736,1586.2621470064169,1586.2620104202417,1,-0.00011303987795699997,690.0000013645663,-690.000113039878,1.3645662875205744e-06,1433.2128005027912,-2.9158320365577113e-06
encodec_untrained,random-init-no-quant,24000,20260826,690.0,452.8929,674.6643463382837,452.9Hz_+50.0c,0,1499.955209077391,1499.95516852078,452.89290104018835,674.6643455049125,599.9999939376501,600.0000164089361,1586.2620348716912,1586.2619232232103,1,-4.681005549186594e-05,689.9999938852766,-690.0000468100554,-6.114723419159418e-06,1383.2130645049776,-2.1384867020198856e-06
encodec_untrained,random-init-no-quant,24000,20260826,690.0,452.8929,674.6643463382837,452.9Hz_+50.0c,1,1499.9550014152214,1499.9551902001256,452.8929010402632,674.6643455035099,599.9999835600269,599.999982513399,1586.2618251334632,1586.2620460471521,1,0.00021789375870133015,689.9999938813912,-689.9997821062414,-6.118608780525392e-06,1383.2130895270727,-2.142085751701371e-06
encodec_untrained,random-init-no-quant,24000,20260826,690.0,452.8929,674.6643463382837,452.9Hz_+50.0c,2,1499.9551124505263,1499.9548786930304,452.89290103737,674.664345505898,599.9999850962532,600.0000207194529,1586.2619488567575,1586.2615762692121,1,-0.00026980071884953507,689.999993898579,-690.0002698007188,-6.101421035964449e-06,1383.212729988502,-2.1359576608605314e-06
encodec_untrained,random-init-no-quant,24000,20260826,690.0,452.8929,674.6643463382837,452.9Hz_+50.0c,3,1499.9547804320857,1499.955006063231,452.8929010517916,674.6643455058651,600.0000133291383,599.9999997386443,1586.261484181275,1586.2617838165295,1,0.00026042137852839514,689.999993843366,-689.9997395786214,-6.156633958198654e-06,1383.212876998003,-2.1360422313203364e-06
encodec_untrained,random-init-no-quant,24000,20260826,690.0,452.8929,674.6643463382837,452.9Hz_+50.0c,4,1499.9552690716223,1499.9550679344459,452.89290103973116,674.6643455041028,599.9999985069096,600.0000088115121,1586.262090932365,1586.2618290489434,1,-0.0002321506239872282,689.9999938849464,-690.000232150624,-6.1150535657361615e-06,1383.2129484091793,-2.1405642522472373e-06
encodec_untrained,random-init-no-quant,24000,20260826,695.0,440.0,657.3538572385671,440Hz_ongrid,0,1499.955304151571,1499.9551899947091,439.999998907143,657.3538594106773,599.9999968027741,600.0000032601389,1586.262136338402,1586.261985947624,1,-0.00013175876191565293,695.0000100205384,-695.0001317587619,1.0020538411481539e-05,1428.2127677198619,5.7205584640877865e-06
encodec_untrained,random-init-no-quant,24000,20260826,695.0,440.0,657.3538572385671,440Hz_ongrid,1,1499.9550567619062,1499.9551057063316,439.99999891072594,657.3538594084642,599.9999929877583,599.9999973469426,1586.2618618114057,1586.2619057246538,1,5.6491195613602083e-05,695.0000100006127,-694.9999435088043,1.0000612746807747e-05,1428.2126704350137,5.714730021788935e-06
encodec_untrained,random-init-no-quant,24000,20260826,695.0,440.0,657.3538572385671,440Hz_ongrid,2,1499.9552624502528,1499.9549096194037,439.9999989160868,657.3538594084359,599.9999924344002,600.0000109982884,1586.2621008116023,1586.2616400134966,1,-0.0004072340466952088,695.0000099794452,-695.0004072340467,9.979445167118683e-06,1428.2124441133144,5.714655446020172e-06
encodec_untrained,random-init-no-quant,24000,20260826,695.0,440.0,657.3538572385671,440Hz_ongrid,3,1499.9551913284447,1499.9550000611353,439.99999891234467,657.3538594100706,599.9999886284664,599.9999929873002,1586.262029705092,1586.2617963692283,1,-0.00022075892775788141,695.0000099984743,-695.0002207589278,9.998474297390203e-06,1428.212548500319,5.718960466815903e-06
encodec_untrained,random-init-no-quant,24000,20260826,695.0,440.0,657.3538572385671,440Hz_ongrid,4,1499.9552200478477,1499.9550046272775,439.99999891186815,657.3538594088603,599.9999898518176,599.9999967204826,1586.2620593229085,1586.2617908677394,1,-0.000248636391133995,695.0000099971616,-695.0002486363911,9.997161555475031e-06,1428.212553770518,5.715772929318074e-06
encodec_untrained,random-init-no-quant,24000,20260826,695.0,452.8929,676.6156698430924,452.9Hz_+50.0c,0,1499.9550189631482,1499.9551995865754,452.8929010420501,676.6156714213539,600.0000092613607,599.9999934393804,1586.2617712287422,1586.262025355184,1,0.00020847385729609366,695.0000000548918,-694.9997915261428,5.489175691764103e-08,1378.213100360824,4.038245212167023e-06
encodec_untrained,random-init-no-quant,24000,20260826,695.0,452.8929,676.6156698430924,452.9Hz_+50.0c,1,1499.9549092971895,1499.9551111758678,452.89290103746663,676.6156714202881,599.9999999609648,600.0000048121665,1586.2616714885837,1586.2618904974577,1,0.0002330064832741667,695.0000000696855,-694.9997669935167,6.968548404984176e-08,1378.2129983180218,4.035518199259214e-06
encodec_untrained,random-init-no-quant,24000,20260826,695.0,452.8929,676.6156698430924,452.9Hz_+50.0c,2,1499.9551712756504,1499.954991905521,452.89290104577594,676.6156714196183,599.999996672803,600.0000044540802,1586.2619833492975,1586.261753869961,1,-0.0002070273166225379,695.0000000362083,-695.0002070273166,3.620834831963293e-08,1378.2128606573062,4.033804494220727e-06
encodec_untrained,random-init-no-quant,24000,20260826,695.0,452.8929,676.6156698430924,452.9Hz_+50.0c,3,1499.9551858246484,1499.9549836277224,452.89290104455347,676.6156714217354,600.0000068449452,599.9999910013141,1586.261970791015,1586.2617831322812,1,-0.00023337378996720912,695.0000000462985,-695.0002333737899,4.629850991477724e-08,1378.2128511031483,4.039221616563108e-06
encodec_untrained,random-init-no-quant,24000,20260826,695.0,452.8929,676.6156698430924,452.9Hz_+50.0c,4,1499.9551368283942,1499.9552875420657,452.89290104944325,676.6156714235467,599.9999913291388,599.9999901851828,1586.2619590091563,1586.2621362622026,1,0.00017395228710488458,695.000000032241,-694.9998260477129,3.22410187436617e-08,1378.2132018782127,4.043856077743888e-06
encodec_untrained,random-init-no-quant,24000,20260826,700.0,440.0,659.2551138257398,440Hz_ongrid,0,1499.9553155880758,1499.9551073287494,439.9999989174668,659.2551148694203,599.9999999631526,600.0000105050054,1586.2621404193817,1586.2618696310892,1,-0.0002403709352977488,700.0000070001123,-700.0002403709353,7.000112304922368e-06,1423.2126723075928,2.740752536410014e-06
encodec_untrained,random-init-no-quant,24000,20260826,700.0,440.0,659.2551138257398,440Hz_ongrid,1,1499.9553597971305,1499.9551326883675,439.99999892042115,659.2551148692152,600.0000103824618,599.9999924873609,1586.262161381277,1586.2619508888536,1,-0.0002621267697472591,700.0000069879493,-700.0002621267697,6.987949291215045e-06,1423.212701577425,2.7402139763470454e-06
encodec_untrained,random-init-no-quant,24000,20260826,700.0,440.0,659.2551138257398,440Hz_ongrid,2,1499.9553589849677,1499.9550699065355,439.99999891244806,659.2551148726826,599.9999935145519,600.0000023692867,1586.2622091143867,1586.261849913444,1,-0.00033365157831754665,700.0000070284261,-700.0003336515783,7.028426125543774e-06,1423.2126291152258,2.749319523964113e-06
encodec_untrained,random-init-no-quant,24000,20260826,700.0,440.0,659.2551138257398,440Hz_ongrid,3,1499.9553112598514,1499.9549682116597,439.9999989056475,659.2551148658248,599.9999856233965,600.0000019875639,1586.262176799577,1586.261733639589,1,-0.0003959429814566556,700.0000070371749,-700.0003959429814,7.037174896140641e-06,1423.2125117399517,2.7313106290105323e-06
encodec_untrained,random-init-no-quant,24000,20260826,700.0,440.0,659.2551138257398,440Hz_ongrid,4,1499.9550853023788,1499.955238760719,439.9999989145762,659.2551148662503,599.9999974612836,600.0000004440425,1586.2618818446851,1586.2620503584258,1,0.00017712016358221333,700.0000070031613,-699.9998228798364,7.003161272223224e-06,1423.212824005127,2.7324281123103594e-06
encodec_untrained,random-init-no-quant,24000,20260826,700.0,452.8929,678.5726371372033,452.9Hz_+50.0c,0,1499.9551106139772,1499.9550480718665,452.8929010447549,678.572634712343,600.0000026244571,600.0000131566543,1586.2618961613239,1586.261793586311,1,-7.218551620906725e-05,699.9999898197905,-700.0000721855162,-1.018020952869847e-05,1373.2129254839765,-6.186516346405771e-06
encodec_untrained,random-init-no-quant,24000,20260826,700.0,452.8929,678.5726371372033,452.9Hz_+50.0c,1,1499.9552231824819,1499.9551417303305,452.8929010449861,678.5726347156173,600.0000057431615,600.0000135010292,1586.262017088147,1586.2619006923724,1,-9.401130081238126e-05,699.9999898272605,-700.0000940113008,-1.0172739507652295e-05,1373.213033583694,-6.178162707013411e-06
encodec_untrained,random-init-no-quant,24000,20260826,700.0,452.8929,678.5726371372033,452.9Hz_+50.0c,2,1499.9553113366844,1499.955070525051,452.8929010409308,678.5726347160486,600.0000036131329,600.0000018683797,1586.2621249808496,1586.2618520726407,1,-0.0002779425022336575,699.9999898438627,-700.0002779425022,-1.0156137250305619e-05,1373.2129513992313,-6.177062330005424e-06
encodec_untrained,random-init-no-quant,24000,20260826,700.0,452.8929,678.5726371372033,452.9Hz_+50.0c,3,1499.9550630658928,1499.9550747345336,452.89290104857486,678.5726347165978,600.0000012417157,599.9999900502978,1586.2618452715205,1586.2618910309627,1,1.3467835660262637e-05,699.9999898160438,-699.9999865321644,-1.0183956192122423e-05,1373.2129562577766,-6.1756611512476566e-06
encodec_untrained,random-init-no-quant,24000,20260826,700.0,452.8929,678.5726371372033,452.9Hz_+50.0c,4,1499.9552610463184,1499.9550244361992,452.89290104181936,678.5726347114552,600.0000126689049,599.9999977253623,1586.2620408067555,1586.2618108315414,1,-0.00027309316326189,699.999989828747,-700.0002730931633,-1.0171253052249085e-05,1373.2128982039112,-6.188781489294714e-06
encodec_untrained,random-init-no-quant,24000,20260826,705.0,440.0,661.1618693942762,440Hz_ongrid,0,1499.9552332063463,1499.955080148242,439.999998905558,661.1618672390259,599.9999857596438,600.0000102177231,1586.2620863178406,1586.261839088525,1,-0.000176658215904229,704.999998662753,-705.0001766582159,-1.337246999355557e-06,1418.2126409361072,-5.643463282851803e-06
encodec_untrained,random-init-no-quant,24000,20260826,705.0,440.0,661.1618693942762,440Hz_ongrid,1,1499.955263385734,1499.954928380817,439.9999989178879,661.1618672381624,599.9999920277445,599.9999908611911,1586.262103064686,1586.2617197711265,1,-0.00038665952123520184,704.9999986119784,-705.0003866595213,-1.3880215874451096e-06,1418.2124657675631,-5.645724389422628e-06
encodec_untrained,random-init-no-quant,24000,20260826,705.0,440.0,661.1618693942762,440Hz_ongrid,2,1499.9552997044543,1499.9551502212405,439.99999892151686,661.1618672331839,600.0000023604834,600.0000122304432,1586.2621151694236,1586.2619141586367,1,-0.00017253210310124895,704.9999985846639,-705.0001725321031,-1.4153361007629428e-06,1418.2127218137014,-5.658760349211284e-06
encodec_untrained,random-init-no-quant,24000,20260826,705.0,440.0,661.1618693942762,440Hz_ongrid,3,1499.955084057935,1499.9549811183979,439.9999989164448,661.1618672338786,599.999988501192,600.0000016700245,1586.2619062617193,1586.2617494526507,1,-0.0001188118495059575,704.9999986064398,-705.0001188118495,-1.3935601828052313e-06,1418.2125266367887,-5.656941315499412e-06
encodec_untrained,random-init-no-quant,24000,20260826,705.0,440.0,661.1618693942762,440Hz_ongrid,4,1499.9553094749594,1499.954884808816,439.9999989154447,661.1618672323373,600.0000032997566,599.9999904272779,1586.262123736277,1586.2616707327359,1,-0.0004901456640941643,704.9999986063389,-705.0004901456641,-1.393661136717128e-06,1418.2124154771636,-5.660977248496232e-06
encodec_untrained,random-init-no-quant,24000,20260826,705.0,452.8929,680.5352645440795,452.9Hz_+50.0c,0,1499.9552479779754,1499.955006916633,452.89290105326745,680.5352635607852,599.9999929239818,599.9999885621643,1586.2620826952036,1586.2618170500232,1,-0.0002782307259026326,704.9999934723347,-705.0002782307259,-6.527665277644701e-06,1368.212877982992,-2.5014317860305103e-06
encodec_untrained,random-init-no-quant,24000,20260826,705.0,452.8929,680.5352645440795,452.9Hz_+50.0c,1,1499.9552955080417,1499.955093967346,452.8929010470808,680.5352635616966,600.0000020015482,599.9999937596763,1586.2621113616324,1586.26190252629,1,-0.00023261635799204407,704.9999934983026,-705.000232616358,-6.50169738491968e-06,1368.2129784561087,-2.499113209992231e-06
encodec_untrained,random-init-no-quant,24000,20260826,705.0,452.8929,680.5352645440795,452.9Hz_+50.0c,2,1499.955132087727,1499.9551063929732,452.89290104948503,680.5352635602758,600.0000003922011,599.9999973246371,1586.2619273870528,1586.2619065815288,1,-2.9656642418543402e-05,704.9999934854976,-705.0000296566424,-6.514502388199617e-06,1368.2129927976498,-2.5027278283272973e-06
encodec_untrained,random-init-no-quant,24000,20260826,705.0,452.8929,680.5352645440795,452.9Hz_+50.0c,3,1499.9550194378628,1499.9549389083022,452.8929010406619,680.5352635579527,600.0000142531346,600.0000066368211,1586.2617573734385,1586.2616864030058,1,-9.294646794621448e-05,704.9999935133151,-705.0000929464679,-6.486684924311703e-06,1368.2127994884106,-2.5086375736186185e-06
encodec_untrained,random-init-no-quant,24000,20260826,705.0,452.8929,680.5352645440795,452.9Hz_+50.0c,4,1499.955125513997,1499.9550837892193,452.8929010390666,680.5352635646444,599.9999809144863,599.9999979118742,1586.2619760005216,1586.2618787980812,1,-4.8158345261557715e-05,704.9999935364367,-705.0000481583453,-6.463563295255881e-06,1368.21296670861,-2.491614308878642e-06
encodec_untrained,random-init-no-quant,24000,20260826,710.0,440.0,663.0741398488134,440Hz_ongrid,0,1499.9551834072324,1499.9549878042371,439.9999989107898,663.0741412223547,599.9999981146563,600.0000029141517,1586.2619931911456,1586.2617535795919,1,-0.00022576313702639452,710.0000078718389,-710.000225763137,7.871838874962123e-06,1413.2125343535217,3.5862076490161374e-06
encodec_untrained,random-init-no-quant,24000,20260826,710.0,440.0,663.0741398488134,440Hz_ongrid,1,1499.955371853129,1499.9549312772854,439.99999891096445,663.0741412236445,599.9999965889887,600.0000073369664,1586.262215095745,1586.2616755751649,1,-0.0005085084717569655,710.0000078745193,-710.0005085084717,7.874519269535085e-06,1413.2124691106403,3.5895750909499686e-06
encodec_untrained,random-init-no-quant,24000,20260826,710.0,440.0,663.0741398488134,440Hz_ongrid,2,1499.9553438449695,1499.9552732025834,439.99999891338126,663.0741412247753,599.9999948309463,600.0000103855708,1586.2621878416344,1586.2620614257098,1,-8.15347653753991e-05,710.0000078679626,-710.0000815347654,7.867962608543166e-06,1413.2128637575984,3.5925273688097606e-06
encodec_untrained,random-init-no-quant,24000,20260826,710.0,440.0,663.0741398488134,440Hz_ongrid,3,1499.955175094679,1499.9550905444944,439.9999989202464,663.0741412244689,600.0000025375389,600.0000128934303,1586.261970835133,1586.261843367323,1,-9.758702442464694e-05,710.0000078401508,-710.0000975870245,7.840150828997139e-06,1413.2126529353636,3.5917274091448876e-06
encodec_untrained,random-init-no-quant,24000,20260826,710.0,440.0,663.0741398488134,440Hz_ongrid,4,1499.9551610833446,1499.9551667819085,439.99999891617074,663.0741412312402,600.000004746914,599.9999969445805,1586.261948288475,1586.2619773784793,1,6.577228386974814e-06,710.0000078738663,-709.9999934227716,7.873866252339212e-06,1413.2127409278676,3.609406863708553e-06
encodec_untrained,random-init-no-quant,24000,20260826,710.0,452.8929,682.5035684343969,452.9Hz_+50.0c,0,1499.9551637083575,1499.9549628139275,452.89290103889005,682.5035694019174,599.999985664709,599.999995050726,1586.2620063778454,1586.2617474250599,1,-0.00023187046469695397,709.9999984829319,-710.0002318704647,-1.5170680853771046e-06,1363.2128270800606,2.4542059079366334e-06
encodec_untrained,random-init-no-quant,24000,20260826,710.0,452.8929,682.5035684343969,452.9Hz_+50.0c,1,1499.9553225782338,1499.9551598925448,452.89290104304274,682.5035694071931,599.9999780471478,600.000019132861,1586.262211723579,1586.2619054049972,1,-0.00018777027228422338,709.9999984804402,-710.0001877702723,-1.5195597597994492e-06,1363.2130545463501,2.467588414342888e-06
encodec_untrained,random-init-no-quant,24000,20260826,710.0,452.8929,682.5035684343969,452.9Hz_+50.0c,2,1499.955100971009,1499.9551688562683,452.89290105187246,682.5035694063471,599.9999826121391,600.0000069404198,1586.2619427748455,1586.2619509307901,1,7.835252520418075e-05,709.9999984445415,-709.9999216474748,-1.5554585388599662e-06,1363.213064892195,2.4654422467254497e-06
encodec_untrained,random-init-no-quant,24000,20260826,710.0,452.8929,682.5035684343969,452.9Hz_+50.0c,3,1499.9551656236429,1499.9551469184908,452.8929010372195,682.5035693989503,599.9999980560581,600.0000097556896,1586.2619728345735,1586.2619174872634,1,-2.1589309500736434e-05,709.9999984817914,-710.0000215893095,-1.5182085917331278e-06,1363.2130395718195,2.446679521445104e-06
encodec_untrained,random-init-no-quant,24000,20260826,710.0,452.8929,682.5035684343969,452.9Hz_+50.0c,4,1499.955216724079,1499.9552972581873,452.89290104073126,682.5035694030462,599.9999950795535,599.9999975926421,1586.2620404025888,1586.2621261030474,1,9.29516995971308e-05,709.9999984787569,-709.9999070483004,-1.5212431208055932e-06,1363.2132130924674,2.4570693868158023e-06
encodec_untrained,random-init-no-quant,24000,20260826,715.0,440.0,664.9919411399891,440Hz_ongrid,0,1499.9552090779284,1499.9551383462301,439.9999989177385,664.99193977397,600.0000022419061,599.9999980950233,1586.2620109112934,1586.2619412388117,1,-8.163785600181016e-05,715.000000702009,-715.000081637856,7.020089469733648e-07,1408.2127081076762,-3.5562818226012757e-06
encodec_untrained,random-init-no-quant,24000,20260826,715.0,440.0,664.9919411399891,440Hz_ongrid,1,1499.9550614987475,1499.9551383585786,439.99999891472066,664.9919397793519,599.9999967353165,600.0000031094409,1586.2618564654558,1586.2619267845134,1,8.871089297532264e-05,715.0000007278943,-714.999911289107,7.278943030541996e-07,1408.2127081219292,-3.542270611661635e-06
encodec_untrained,random-init-no-quant,24000,20260826,715.0,440.0,664.9919411399891,440Hz_ongrid,2,1499.955246594724,1499.9551077937024,439.999998914605,664.9919397774265,599.9999925352081,600.0000039919136,1586.2620822204321,1586.261888960544,1,-0.00016020282369511252,715.0000007233368,-715.0001602028237,7.233368251036154e-07,1408.2126728442374,-3.547283141259478e-06
encodec_untrained,random-init-no-quant,24000,20260826,715.0,440.0,664.9919411399891,440Hz_ongrid,3,1499.9552476726465,1499.9552452936064,439.99999890945867,664.9919397738034,599.9999938543635,600.0000086527823,1586.2620796582814,1586.2620342132057,1,-2.7458654016627372e-06,715.0000007341532,-715.0000027458653,7.341532182181254e-07,1408.2128315453235,-3.5567154384137227e-06
encodec_untrained,random-init-no-quant,24000,20260826,715.0,440.0,664.9919411399891,440Hz_ongrid,4,1499.9552047272957,1499.9551819209005,439.9999989177401,664.9919397737186,599.9999966613992,599.9999986838369,1586.2620219917737,1586.261989833327,1,-2.632292500890233e-05,715.0000007013484,-715.000026322925,7.013484264462022e-07,1408.2127584011487,-3.55693628263735e-06
encodec_untrained,random-init-no-quant,24000,20260826,715.0,452.8929,684.4775652261795,452.9Hz_+50.0c,0,1499.9551894933948,1499.955088460322,452.8929010391954,684.4775673777879,599.9999786254938,599.9999952392245,1586.2620564495733,1586.2618919010606,1,-0.00011661141786920334,715.0000014695745,-715.0001166114179,1.4695744994241977e-06,1358.2129720999528,5.442015661270782e-06
encodec_untrained,random-init-no-quant,24000,20260826,715.0,452.8929,684.4775652261795,452.9Hz_+50.0c,1,1499.9551830798448,1499.9549592477863,452.89290104326284,684.4775673757429,600.0000135273725,599.9999966466889,1586.2619483415795,1586.2617387040775,1,-0.0002583448587550959,715.0000014488538,-715.0002583448587,1.4488538226942183e-06,1358.2128229640534,5.436843408853973e-06
encodec_untrained,random-init-no-quant,24000,20260826,715.0,452.8929,684.4775652261795,452.9Hz_+50.0c,2,1499.95531856662,1499.9551379510228,452.8929010349036,684.4775673794477,599.9999909118902,599.99998884293,1586.262169973612,1586.2619674785662,1,-0.00020846480337600307,715.0000014901784,-715.0002084648033,1.490178419771837e-06,1358.213029221653,5.44621381575936e-06
encodec_untrained,random-init-no-quant,24000,20260826,715.0,452.8929,684.4775652261795,452.9Hz_+50.0c,3,1499.9552629291525,1499.9550369844462,452.89290104086604,684.477567376814,600.0000107978924,600.0000126114963,1586.2620483785056,1586.261782362308,1,-0.0002607832432427883,715.0000014607251,-715.0002607832432,1.4607251159759471e-06,1358.2129126869802,5.4395523544341494e-06
encodec_untrained,random-init-no-quant,24000,20260826,715.0,452.8929,684.4775652261795,452.9Hz_+50.0c,4,1499.9549539015657,1499.9552149361896,452.8929010521399,684.477567376908,600.0000078123372,599.9999946662354,1586.2617003162686,1586.2620395316078,1,0.00030128370760943427,715.0000014178672,-714.9996987162924,1.4178672245179769e-06,1358.2131180772028,5.439790304954105e-06
encodec_untrained,random-init-no-quant,24000,20260826,720.0,440.0,666.9152892645751,440Hz_ongrid,0,1499.9551656033252,1499.9549006840484,439.99999890917354,666.9152907030947,599.9999929528622,600.0000040531243,1586.2619875358344,1586.2616497399001,1,-0.0003057673477422863,720.000008026219,-720.0003057673478,8.02621900675149e-06,1403.2124338002102,3.734228633439084e-06
encodec_untrained,random-init-no-quant,24000,20260826,720.0,440.0,666.9152892645751,440Hz_ongrid,1,1499.9551652135278,1499.9549652222706,439.9999989143498,666.9152907054945,599.9999963608154,599.9999918300871,1586.2619772526589,1586.2617594975468,1,-0.0002308280308118488,720.0000080120819,-720.0002308280308,8.012081934793969e-06,1403.2125082896268,3.7404580166049545e-06
encodec_untrained,random-init-no-quant,24000,20260826,720.0,440.0,666.9152892645751,440Hz_ongrid,2,1499.9551615770363,1499.9548792547105,439.9999989138572,666.9152907022965,599.9999901028474,600.0000136887478,1586.261991112134,1586.2615972038243,1,-0.0003258537866186208,720.0000080057185,-720.0003258537866,8.005718541426177e-06,1403.2124090666669,3.732156272769705e-06
encodec_untrained,random-init-no-quant,24000,20260826,720.0,440.0,666.9152892645751,440Hz_ongrid,3,1499.9552162017294,1499.9551804104724,439.99999891131785,666.915290701481,600.0000135695113,599.9999844249464,1586.2619864489573,1586.262029232467,1,-4.1309929012735935e-05,720.0000080135932,-720.000041309929,8.013593173927802e-06,1403.212756657827,3.7300397048146656e-06
encodec_untrained,random-init-no-quant,24000,20260826,720.0,440.0,666.9152892645751,440Hz_ongrid,4,1499.9551559672118,1499.95501763145,439.9999989156018,666.9152907001876,600.0000025956236,599.9999683782933,1586.2619485907946,1586.261887655308,1,-0.00015966583486238332,720.0000079933799,-720.0001596658349,7.993379881554574e-06,1403.212568779812,3.7266818731605983e-06
encodec_untrained,random-init-no-quant,24000,20260826,720.0,452.8929,686.457271384937,452.9Hz_+50.0c,0,1499.9551180945318,1499.9550390524425,452.8929010478436,686.4572692438875,599.9999988103096,600.0000080359969,1586.2619158006128,1586.2617979512702,1,-9.122963620407544e-05,719.9999905948076,-720.0000912296362,-9.405192372469173e-06,1353.2129150738424,-5.3996920072764585e-06
encodec_untrained,random-init-no-quant,24000,20260826,720.0,452.8929,686.457271384937,452.9Hz_+50.0c,1,1499.9552562589383,1499.9552561064202,452.89290104203883,686.4572692478804,599.9999904725482,600.0000155124806,1586.2620993263542,1586.2620269003473,1,-1.7603494952070742e-07,719.9999906270672,-720.000000176035,-9.372932822770963e-06,1353.213165595491,-5.389621971961808e-06
encodec_untrained,random-init-no-quant,24000,20260826,720.0,452.8929,686.457271384937,452.9Hz_+50.0c,2,1499.9551148694748,1499.954967015396,452.89290104579027,686.4572692451503,600.0000129101463,599.999995226853,1586.2618713947538,1586.2617517661608,1,-0.00017065179176032282,719.9999906058417,-720.0001706517918,-9.394158269060426e-06,1353.2128319293563,-5.396507160636435e-06
encodec_untrained,random-init-no-quant,24000,20260826,720.0,452.8929,686.457271384937,452.9Hz_+50.0c,3,1499.955096543496,1499.955059646945,452.89290105031046,686.4572692445298,600.0000203252998,600.0000021504022,1586.2618288474719,1586.2618387034881,1,-4.2585652132383494e-05,719.999990586998,-720.0000425856522,-9.413001976099622e-06,1353.212938843824,-5.3980720985569575e-06
encodec_untrained,random-init-no-quant,24000,20260826,720.0,452.8929,686.457271384937,452.9Hz_+50.0c,4,1499.9551267841093,1499.9551571003153,452.8929010364435,686.457269246542,600.0000020327764,600.0000046188668,1586.2619165319675,1586.2619440607664,1,3.4990678302213045e-05,719.9999906450806,-719.9999650093217,-9.354919370707648e-06,1353.2130513235854,-5.392997486547919e-06
encodec_untrained,random-init-no-quant,24000,20260826,725.0,440.0,668.8442002656105,440Hz_ongrid,0,1499.9551865882572,1499.955034542697,439.9999989042315,668.8441986420415,599.9999933727861,600.0000112098063,1586.262010544799,1586.261783588486,1,-0.00017548955236362516,725.0000001089952,-725.0001754895524,1.0899520930252038e-07,1398.212588298615,-4.202440499336594e-06
encodec_untrained,random-init-no-quant,24000,20260826,725.0,440.0,668.8442002656105,440Hz_ongrid,1,1499.9552547634687,1499.9551191269445,439.9999989128608,668.8441986398008,600.000001740105,600.0000205738393,1586.262065089001,1586.2618541959423,1,-0.00015655038973449228,725.0000000692423,-725.0001565503898,6.92423327564029e-08,1398.2126859249584,-4.20824049524143e-06
encodec_untrained,random-init-no-quant,24000,20260826,725.0,440.0,668.8442002656105,440Hz_ongrid,2,1499.9551209404306,1499.955202464644,439.9999989181221,668.8441986402709,599.9999943150726,599.9999982475042,1586.2619320558344,1586.2620148037108,1,9.409447517060588e-05,725.0000000497578,-724.9999059055249,4.9757773012970574e-08,1398.212782112542,-4.207023641646734e-06
encodec_untrained,random-init-no-quant,24000,20260826,725.0,440.0,668.8442002656105,440Hz_ongrid,3,1499.9551929299694,1499.9550606422567,439.99999890914086,668.8441986395693,599.9999880171629,600.0000038440277,1586.262033317406,1586.2618349654974,1,-0.00015268522915052807,725.0000000832797,-725.0001526852292,8.327970135724172e-08,1398.2126184224821,-4.2088396000676296e-06
encodec_untrained,random-init-no-quant,24000,20260826,725.0,440.0,668.8442002656105,440Hz_ongrid,4,1499.9553142318118,1499.9549322529508,439.9999989222627,668.8441986413826,599.9999922453009,600.0000105348123,1586.262161123008,1586.261667474236,1,-0.0004408763969606398,725.0000000363436,-725.000440876397,3.6343635656521656e-08,1398.2124702367444,-4.204146131748426e-06
encodec_untrained,random-init-no-quant,24000,20260826,725.0,452.8929,688.4427034238025,452.9Hz_+50.0c,0,1499.9550503717578,1499.9551195705217,452.89290104821833,688.4427013447447,599.9999930661495,599.999995926597,1586.2618542097669,1586.2619258248221,1,7.986856248869266e-05,724.9999907648391,-724.9999201314375,-9.235160860043834e-06,1348.2130080070522,-5.228228474996404e-06
encodec_untrained,random-init-no-quant,24000,20260826,725.0,452.8929,688.4427034238025,452.9Hz_+50.0c,1,1499.9552094109426,1499.9551691344502,452.892901041506,688.4427013467129,599.9999959460802,600.0000055288889,1586.2620294615692,1586.2619553246825,1,-4.648674549880232e-05,724.999990795447,-725.0000464867455,-9.204552952724043e-06,1348.2130652132698,-5.22327918103307e-06
encodec_untrained,random-init-no-quant,24000,20260826,725.0,452.8929,688.4427034238025,452.9Hz_+50.0c,2,1499.9551839591747,1499.9552790995092,452.8929010532741,688.4427013442966,599.9999915230222,599.9999906197896,1586.2620128476274,1586.2621252638744,1,0.00010981006822738597,724.9999907443859,-724.9998901899318,-9.255614145331492e-06,1348.2131921338948,-5.22935537637532e-06
encodec_untrained,random-init-no-quant,24000,20260826,725.0,452.8929,688.4427034238025,452.9Hz_+50.0c,3,1499.9551896615833,1499.9550828489826,452.89290104158397,688.4427013460003,599.999985611254,599.9999990733195,1586.2620364870513,1586.2618743616456,1,-0.00012328209478234522,724.999990793357,-725.0001232820948,-9.206642971548717e-06,1348.2129656233976,-5.225071113756181e-06
encodec_untrained,random-init-no-quant,24000,20260826,725.0,452.8929,688.4427034238025,452.9Hz_+50.0c,4,1499.9552232613369,1499.9551013868688,452.89290104263574,688.4427013455646,600.0000019639912,599.9999998674004,1586.2620280835415,1586.2618934666664,1,-0.00014066635732621344,724.9999907882409,-725.0001406663573,-9.211759106619866e-06,1348.2129870196513,-5.226166493418202e-06
encodec_untrained,random-init-no-quant,24000,20260826,730.0,440.0,670.7786902325353,440Hz_ongrid,0,1499.9554001263443,1499.9552840381514,439.99999891650174,670.7786913255767,600.0000015695678,600.0000223027118,1586.2622333575036,1586.2620395464194,1,-0.0001339878773751372,730.0000070842225,-730.0001339878773,7.084222488629166e-06,1393.2128762639074,2.8210652577469705e-06
encodec_untrained,random-init-no-quant,24000,20260826,730.0,440.0,670.7786902325353,440Hz_ongrid,1,1499.9551971254696,1499.9551806707648,439.999998911886,670.7786913246199,600.0000040514727,599.9999972976284,1586.2619918945736,1586.2619923901846,1,-1.8991864074349633e-05,730.0000070999141,-730.0000189918641,7.099914114405692e-06,1393.2127569582537,2.8185958003277315e-06
encodec_untrained,random-init-no-quant,24000,20260826,730.0,440.0,670.7786902325353,440Hz_ongrid,2,1499.9551268393052,1499.9552242687464,439.9999989149924,670.7786913268353,599.9999950005392,599.9999861990274,1586.2619368864216,1586.2620747343547,1,0.00011245213763340848,730.0000070934095,-729.9998875478624,7.09340952198545e-06,1393.2128072786302,2.824313916627722e-06
encodec_untrained,random-init-no-quant,24000,20260826,730.0,440.0,670.7786902325353,440Hz_ongrid,3,1499.9552255230826,1499.9552321298193,439.9999989150465,670.7786913259562,600.0000132763965,599.9999887485574,1586.261998053325,1586.2620764511414,1,7.625432716912709e-06,730.0000070909275,-729.9999923745672,7.0909275109443115e-06,1393.2128163518057,2.82204473743318e-06
encodec_untrained,random-init-no-quant,24000,20260826,730.0,440.0,670.7786902325353,440Hz_ongrid,4,1499.9553204285469,1499.9550774912148,439.99999891339723,670.7786913240358,599.9999776237033,600.0000147243065,1586.2622104642335,1586.2618230185585,1,-0.00028039596220465814,730.0000070924605,-730.0002803959622,7.09246046426415e-06,1393.2126378693913,2.8170885240916096e-06
encodec_untrained,random-init-no-quant,24000,20260826,730.0,452.8929,690.4338779036694,452.9Hz_+50.0c,0,1499.955260303703,1499.9552399050424,452.89290104071335,690.4338766491634,599.9999945538847,600.000015208847,1586.2620922185351,1586.262009076973,1,-2.354393947090801e-05,729.9999928761346,-730.0000235439395,-7.123865430003207e-06,1343.2131468960154,-3.1456215083022375e-06
encodec_untrained,random-init-no-quant,24000,20260826,730.0,452.8929,690.4338779036694,452.9Hz_+50.0c,1,1499.9549995677012,1499.9552344471583,452.89290104412265,690.4338766504568,600.0000015124292,599.9999973059992,1586.2617712013885,1586.2620544342342,1,0.00027109565426883817,729.9999928663453,-729.9997289043457,-7.133654662538902e-06,1343.2131405965774,-3.1423782311668254e-06
encodec_untrained,random-init-no-quant,24000,20260826,730.0,452.8929,690.4338779036694,452.9Hz_+50.0c,2,1499.9552885053538,1499.9549768364038,452.89290103682544,690.4338766493776,599.9999932957019,600.0000216522085,1586.2621283989597,1586.2616868540188,1,-0.0003597253587761163,729.9999928915337,-730.0003597253587,-7.108466320460138e-06,1343.212843264672,-3.1450842936765716e-06
encodec_untrained,random-init-no-quant,24000,20260826,730.0,452.8929,690.4338779036694,452.9Hz_+50.0c,3,1499.9552733680573,1499.9549940806623,452.89290105287955,690.4338766490614,599.9999819933971,599.999991149222,1586.2621435391954,1586.2617947701951,1,-0.00032235087348572364,729.9999928293722,-730.0003223508735,-7.170627782215888e-06,1343.2128631678343,-3.1458771417377066e-06
encodec_untrained,random-init-no-quant,24000,20260826,730.0,452.8929,690.4338779036694,452.9Hz_+50.0c,4,1499.9551946291845,1499.9550975693573,452.89290104600633,690.4338766502367,599.9999984873684,599.9999968637649,1586.2620050679961,1586.261897727191,1,-0.0001120255348000705,729.9999928585929,-730.0001120255348,-7.141407081689977e-06,1343.2129826135158,-3.1429300534173743e-06
encodec_untrained,random-init-no-quant,24000,20260826,735.0,440.0,672.7187753013249,440Hz_ongrid,0,1499.9553045491468,1499.9549482036248,439.99999891383465,672.7187721387774,600.0000065290648,599.9999905143318,1586.262108733138,1586.261743651252,1,-0.00041129063812582543,734.9999961348717,-735.0004112906381,-3.865128292090958e-06,1388.2124886468637,-8.138779671743389e-06
encodec_untrained,random-init-no-quant,24000,20260826,735.0,440.0,672.7187753013249,440Hz_ongrid,1,1499.9552468218583,1499.9552026356982,439.9999989165909,672.7187721381063,600.0000002985214,600.0000018796496,1586.262060082401,1586.2620045209837,1,-5.099924545104966e-05,734.9999961222995,-735.0000509992454,-3.877700464727241e-06,1388.2127823099715,-8.140506831185307e-06
encodec_untrained,random-init-no-quant,24000,20260826,735.0,440.0,672.7187753013249,440Hz_ongrid,2,1499.955159803034,1499.9551710279402,439.99999892065296,672.7187721396218,599.9999954578458,599.9999878675585,1586.261973613338,1586.2620084699583,1,1.2955680419924204e-05,734.9999961102172,-734.9999870443196,-3.889782760779781e-06,1388.2127458285968,-8.136606403124456e-06
encodec_untrained,random-init-no-quant,24000,20260826,735.0,440.0,672.7187753013249,440Hz_ongrid,3,1499.9551974585715,1499.9549462719006,439.99999891022736,672.7187721411361,600.0000023546565,599.999998801372,1586.261997175013,1586.2617175103294,1,-0.00028991729534237127,734.9999961551351,-735.0002899172954,-3.844864863822295e-06,1388.2124864172856,-8.132709434764253e-06
encodec_untrained,random-init-no-quant,24000,20260826,735.0,440.0,672.7187753013249,440Hz_ongrid,4,1499.9551580863576,1499.955069263859,439.99999891281834,672.7187721392886,599.9999997782369,599.9999889132023,1586.2619591659527,1586.2618879977256,1,-0.0001025180902642541,734.9999961401861,-735.0001025180902,-3.859813887174823e-06,1388.2126283734544,-8.137464024472087e-06
encodec_untrained,random-init-no-quant,24000,20260826,735.0,452.8929,692.4308114333304,452.9Hz_+50.0c,0,1499.9548739010986,1499.9552590803423,452.89290103924765,692.4308103767852,599.9999960791365,600.0000060579443,1586.2616418353325,1586.2620576128445,1,0.0004445702652980443,734.9999933857565,-734.9995554297348,-6.6142434889115975e-06,1338.2131690279634,-2.6416027102584832e-06
encodec_untrained,random-init-no-quant,24000,20260826,735.0,452.8929,692.4308114333304,452.9Hz_+50.0c,1,1499.9550918497246,1499.9552379370034,452.8929010432468,692.4308103771932,599.9999888127237,599.999998668477,1586.261914356039,1586.2620545309,1,0.0001686125541681959,734.9999933714894,-734.9998313874459,-6.628510618611472e-06,1338.213144624523,-2.6405824829839918e-06
encodec_untrained,random-init-no-quant,24000,20260826,735.0,452.8929,692.4308114333304,452.9Hz_+50.0c,2,1499.9552731353483,1499.9551067628843,452.89290104849783,692.4308103764314,599.9999904699347,600.000007891703,1586.262118812487,1586.2618765183697,1,-0.0001920255194246629,734.999993349512,-735.0001920255194,-6.650487989645626e-06,1338.2129932245975,-2.6424872403860666e-06
encodec_untrained,random-init-no-quant,24000,20260826,735.0,452.8929,692.4308114333304,452.9Hz_+50.0c,3,1499.955169000659,1499.9552694176984,452.89290104831116,692.4308103760743,599.9999905208444,600.000001209696,1586.2619984743244,1586.2620835332098,1,0.00011590039180280415,734.999993349333,-734.9998840996082,-6.6506670464150375e-06,1338.213180959241,-2.643380035354043e-06
encodec_untrained,random-init-no-quant,24000,20260826,735.0,452.8929,692.4308114333304,452.9Hz_+50.0c,4,1499.9551358428282,1499.9551697969437,452.8929010496308,692.4308103757824,599.9999935485104,599.9999957133726,1586.2619514678722,1586.2619844109192,1,3.9189518887993384e-05,734.9999933435587,-734.9999608104811,-6.656441314589756e-06,1338.2130659779134,-2.644110032186847e-06
encodec_untrained,random-init-no-quant,24000,20260826,740.0,440.0,674.6644716546243,440Hz_ongrid,0,1499.9551698440837,1499.9549069113027,439.9999989147765,674.66447081159,599.9999894255636,599.9999998649896,1586.2620026081097,1586.2616690117413,1,-0.00030347455183974147,740.0000021066633,-740.0003034745519,2.10666325983766e-06,1383.2124409876492,-2.16328218421817e-06
encodec_untrained,random-init-no-quant,24000,20260826,740.0,440.0,674.6644716546243,440Hz_ongrid,1,1499.9551386316348,1499.9552882538112,439.9999989117518,674.6644708133371,600.0000033395515,599.9999777487052,1586.2619264357133,1586.2621729677824,1,0.00017269249375717895,740.0000021230472,-739.9998273075063,2.1230472384559107e-06,1383.2128811295818,-2.1587991810260754e-06
encodec_untrained,random-init-no-quant,24000,20260826,740.0,440.0,674.6644716546243,440Hz_ongrid,2,1499.9552107373818,1499.9550912467214,439.9999989183396,674.6644708111571,599.9999897740665,600.0000100209984,1586.2620488011996,1586.261852465913,1,-0.0001379149900125456,740.0000020915329,-740.00013791499,2.0915329059789656e-06,1383.2126537458678,-2.1643931325310817e-06
encodec_untrained,random-init-no-quant,24000,20260826,740.0,440.0,674.6644716546243,440Hz_ongrid,3,1499.9549412898746,1499.955155297503,439.99999891118546,674.664470811623,599.9999997040296,600.00002219149,1586.2617091556024,1586.2618912761063,1,0.00024700559789978454,740.0000021208773,-739.9997529944021,2.1208772977843182e-06,1383.2127276726753,-2.163197613758364e-06
encodec_untrained,random-init-no-quant,24000,20260826,740.0,440.0,674.6644716546243,440Hz_ongrid,4,1499.9550908159244,1499.955148535452,439.9999989135214,674.6644708103892,600.0000112158783,599.9999992779483,1586.2618485209969,1586.2619495859153,1,6.661933428668733e-05,740.0000021085201,-739.9999333806658,2.108520106958167e-06,1383.21271986798,-2.1663638164501634e-06
encodec_untrained,random-init-no-quant,24000,20260826,740.0,452.8929,694.433520669615,452.9Hz_+50.0c,0,1499.955136938518,1499.9552229303733,452.8929010421093,694.43352008111,599.9999903563461,599.9999916279378,1586.2619619431466,1586.2620575250926,1,9.925098414023965e-05,739.9999945492676,-739.9999007490159,-5.450732373901701e-06,1333.2131273040136,-1.4671523612084387e-06
encodec_untrained,random-init-no-quant,24000,20260826,740.0,452.8929,694.433520669615,452.9Hz_+50.0c,1,1499.9551589910702,1499.9553622837584,452.8929010377221,694.4335200828435,600.0000088640322,599.9999957273977,1586.2619339940998,1586.2622065368953,1,0.0002346384807309994,739.9999945703598,-739.9997653615193,-5.429640168586047e-06,1333.2132881443576,-1.4628306185084852e-06
encodec_untrained,random-init-no-quant,24000,20260826,740.0,452.8929,694.433520669615,452.9Hz_+50.0c,2,1499.9552748249123,1499.9552738133302,452.89290104054976,694.4335200809551,599.9999951499068,599.9999983833371,1586.26210725902,1586.262096761754,1,-1.1675584322012451e-06,739.9999945548428,-740.0000011675585,-5.445157171379833e-06,1333.2131860326379,-1.4675386944451263e-06
encodec_untrained,random-init-no-quant,24000,20260826,740.0,452.8929,694.433520669615,452.9Hz_+50.0c,3,1499.9552059255764,1499.9552508329755,452.89290104856883,694.4335200820676,599.9999885129556,600.0000017435991,1586.2620468862565,1586.2620605423813,1,5.18316924858352e-05,739.9999945269628,-739.9999481683075,-5.4730371630284935e-06,1333.2131595089313,-1.4647649755701843e-06
encodec_untrained,random-init-no-quant,24000,20260826,740.0,452.8929,694.433520669615,452.9Hz_+50.0c,4,1499.9550683954437,1499.9551074373785,452.8929010520385,694.4335200833056,600.0000045321983,599.9999934391018,1586.2618419285122,1586.261918998257,1,4.5061833911230496e-05,739.9999945167857,-739.9999549381661,-5.483214295054495e-06,1333.2129940030927,-1.4616789226108608e-06
encodec_untrained,random-init-no-quant,24000,20260826,745.0,440.0,676.6157955218839,440Hz_ongrid,0,1499.9554071799232,1499.9552253280826,439.99999892187014,676.615797095069,599.9999895553609,599.9999787280183,1586.2622761643504,1586.2620975138066,1,-0.00020989165135774723,745.0000082672899,-745.0002098916514,8.267289899777097e-06,1378.2128085013057,4.025255573998425e-06
encodec_untrained,random-init-no-quant,24000,20260826,745.0,440.0,676.6157955218839,440Hz_ongrid,1,1499.9550164946672,1499.9551754547172,439.9999989119652,676.6157970924907,599.9999869581775,600.0000049178286,1586.2618327330283,1586.261964382622,1,0.00018347019278038769,745.0000082996653,-744.9998165298073,8.299665296362946e-06,1378.212750937941,4.018658693745914e-06
encodec_untrained,random-init-no-quant,24000,20260826,745.0,440.0,676.6157955218839,440Hz_ongrid,2,1499.9552493857668,1499.9550461442004,439.99999890867446,676.615797089677,600.000006455389,599.9999953592759,1586.2620452766753,1586.2618427137954,1,-0.00023457949426002145,745.000008305414,-745.0002345794943,8.305413984999177e-06,1378.2126016889617,4.011459441174997e-06
encodec_untrained,random-init-no-quant,24000,20260826,745.0,440.0,676.6157955218839,440Hz_ongrid,3,1499.9551700522336,1499.9550663677433,439.9999989168761,676.615797093332,599.9999846692295,600.0000042185796,1586.2620165722337,1586.2618404930715,1,-0.00011967166070706931,745.0000082824955,-745.0001196716607,8.282495514322363e-06,1378.212625030785,4.02081139635148e-06
encodec_untrained,random-init-no-quant,24000,20260826,745.0,440.0,676.6157955218839,440Hz_ongrid,4,1499.9550798576588,1499.9550940816473,439.99999891223655,676.6157970952139,599.9999965827918,600.0000038738352,1586.2618780952319,1586.2618734749212,1,1.64171935133954e-05,745.0000083055656,-744.9999835828065,8.305565643240698e-06,1378.2126570179123,4.025626530786704e-06
encodec_untrained,random-init-no-quant,24000,20260826,745.0,452.8929,696.4420223175296,452.9Hz_+50.0c,0,1499.955221682652,1499.9553402270571,452.89290103432177,696.4420222368915,599.9999930714191,600.0000111473496,1586.262051919978,1586.2621365866867,1,0.00013682281908963665,744.9999958457365,-744.9998631771809,-4.154263478994835e-06,1328.213262686725,-2.0045217108927056e-07
encodec_untrained,random-init-no-quant,24000,20260826,745.0,452.8929,696.4420223175296,452.9Hz_+50.0c,1,1499.9552419988377,1499.9552853527557,452.8929010430063,696.4420222384563,599.999996416106,600.0000036043983,1586.2620657179996,1586.2620950156506,1,5.003867847223342e-05,744.9999958164286,-744.9999499613215,-4.183571377325279e-06,1328.213199351332,-1.9656250655936242e-07
encodec_untrained,random-init-no-quant,24000,20260826,745.0,452.8929,696.4420223175296,452.9Hz_+50.0c,2,1499.9548788202778,1499.9552138192116,452.8929010376168,696.4420222376547,599.9999964077732,600.0000094294102,1586.2616465647584,1586.2619956448848,1,0.00038665262811015647,744.9999958350379,-744.9996133473719,-4.1649620925454656e-06,1328.2131167879977,-1.9855510191349273e-07
encodec_untrained,random-init-no-quant,24000,20260826,745.0,452.8929,696.4420223175296,452.9Hz_+50.0c,3,1499.955253273284,1499.954985194544,452.89290104058574,696.4420222357803,600.0000081367637,600.0000093842106,1586.2620449121887,1586.2617318988648,1,-0.00030941395280553155,744.9999958190297,-745.0003094139528,-4.180970336165046e-06,1328.2128529115594,-2.0321435762677202e-07
encodec_untrained,random-init-no-quant,24000,20260826,745.0,452.8929,696.4420223175296,452.9Hz_+50.0c,4,1499.9552988258695,1499.9553036864645,452.892901040233,696.442022236923,599.9999854191193,600.0000153246731,1586.2621630378137,1586.2620823586776,1,5.610052166814388e-06,744.9999958232183,-744.9999943899478,-4.176781658316031e-06,1328.2132205119235,-2.0037394341403833e-07
encodec_untrained,random-init-no-quant,24000,20260826,750.0,440.0,678.5727631794939,440Hz_ongrid,0,1499.955202916193,1499.9550575525823,439.999998916834,678.5727607374763,600.0000047056085,600.0000063472584,1586.2619966907346,1586.261824176627,1,-0.0001677773070962435,749.9999980315613,-750.0001677773071,-1.9684387098095613e-06,1373.2126148564091,-6.23028847885911e-06
encodec_untrained,random-init-no-quant,24000,20260826,750.0,440.0,678.5727631794939,440Hz_ongrid,1,1499.9551033751031,1499.9551717641205,439.9999989114681,678.5727607417034,599.9999946128798,600.0000120481602,1586.2619109228092,1586.2619395491822,1,7.893395785172397e-05,749.9999980634585,-749.9999210660421,-1.9365414800631697e-06,1373.2127466782895,-6.21950382315259e-06
encodec_untrained,random-init-no-quant,24000,20260826,750.0,440.0,678.5727631794939,440Hz_ongrid,2,1499.955188560634,1499.9551443943838,439.9999989133449,678.5727607358981,599.9999841521498,599.9999827034565,1586.262039426431,1586.2619926302086,1,-5.0976267848677836e-05,749.999998041263,-750.0000509762679,-1.9587370161389117e-06,1373.2127150883985,-6.23431480157772e-06
encodec_untrained,random-init-no-quant,24000,20260826,750.0,440.0,678.5727631794939,440Hz_ongrid,3,1499.9551626242705,1499.95504390062,439.99999890579016,678.5727607399364,600.0000051820454,600.0000202672902,1586.2619488114735,1586.2617682549394,1,-0.00013702971886346503,749.9999980812908,-750.0001370297189,-1.9187092448191834e-06,1373.2125990994423,-6.22401200528761e-06
encodec_untrained,random-init-no-quant,24000,20260826,750.0,440.0,678.5727631794939,440Hz_ongrid,4,1499.9552224697059,1499.9551158447923,439.99999891251383,678.5727607398658,599.9999884558952,600.0000086732712,1586.262066145975,1586.2618847454933,1,-0.000123065465227942,749.9999980546557,-750.0001230654652,-1.9453442519079545e-06,1373.2126821367297,-6.224192294131892e-06
encodec_untrained,random-init-no-quant,24000,20260826,750.0,452.8929,698.4563331303959,452.9Hz_+50.0c,0,1499.9554719178618,1499.9554239281536,452.8929010484969,698.4563330217615,599.999981140289,599.9999908201924,1586.2623751650176,1586.2622918454636,1,-5.5389256440389005e-05,749.9999957227346,-750.0000553892564,-4.2772653614520095e-06,1323.2133592937241,-2.692677307738476e-07
encodec_untrained,random-init-no-quant,24000,20260826,750.0,452.8929,698.4563331303959,452.9Hz_+50.0c,1,1499.9553351409409,1499.9550803040004,452.8929010398614,698.4563330179736,599.9999869382957,600.0000021786457,1586.262200568904,1586.2618624641739,1,-0.0002941303753188926,749.9999957463563,-750.0002941303753,-4.253643737683888e-06,1323.2129626860033,-2.786563972412442e-07
encodec_untrained,random-init-no-quant,24000,20260826,750.0,452.8929,698.4563331303959,452.9Hz_+50.0c,2,1499.954926169338,1499.9552340537925,452.89290104662405,698.4563330196868,600.000008882137,600.000006818103,1586.2616652211996,1586.262026534085,1,0.00035535734235509435,749.9999957247517,-749.9996446426577,-4.275248329577153e-06,1323.2131401425586,-2.744099991356389e-07
encodec_untrained,random-init-no-quant,24000,20260826,750.0,452.8929,698.4563331303959,452.9Hz_+50.0c,3,1499.9551023450965,1499.9551700698705,452.89290105249046,698.4563330167506,600.0000020202921,599.999995446073,1586.2618883607115,1586.2619854971924,1,7.816729437878338e-05,749.9999956950489,-749.9999218327056,-4.304951062295004e-06,1323.2130662929235,-2.816878638108249e-07
encodec_untrained,random-init-no-quant,24000,20260826,750.0,452.8929,698.4563331303959,452.9Hz_+50.0c,4,1499.955035785895,1499.9550727749759,452.89290105158545,698.4563330186195,600.0000117468292,599.9999791491531,1586.261783473853,1586.2619202233152,1,4.2692449926217747e-05,749.9999957031406,-749.9999573075501,-4.296859401620168e-06,1323.212953996074,-2.770555168799708e-07
encodec_untrained,random-init-no-quant,24000,20260826,755.0,440.0,680.5353909509209,440Hz_ongrid,0,1499.9553188067098,1499.955169642208,439.9999989162408,680.5353899586978,599.9999821886327,600.0000110224568,1586.2621954207225,1586.2619400596454,1,-0.00017216424655165663,755.000001740038,-755.0001721642466,1.7400379874743521e-06,1368.212744229198,-2.5241456816887785e-06
encodec_untrained,random-init-no-quant,24000,20260826,755.0,440.0,680.5353909509209,440Hz_ongrid,1,1499.9552684590012,1499.9551604692936,439.9999989127006,680.5353899628035,599.9999837851938,600.0000103964612,1586.2621327031773,1586.261931278596,1,-0.00012464069394357892,755.0000017644119,-755.0001246406939,1.764411877047678e-06,1368.2127336419069,-2.513701037694953e-06
encodec_untrained,random-init-no-quant,24000,20260826,755.0,440.0,680.5353909509209,440Hz_ongrid,2,1499.9550588881946,1499.9550212154481,439.9999989152552,680.5353899648326,599.9999972579653,600.000004363129,1586.2618519443345,1586.2617879616348,1,-4.348153086775535e-05,755.0000017595223,-755.0000434815308,1.759522319844109e-06,1368.2125729164293,-2.508539356561869e-06
encodec_untrained,random-init-no-quant,24000,20260826,755.0,440.0,680.5353909509209,440Hz_ongrid,3,1499.9551999704197,1499.9548381157729,439.99999891369544,680.5353899579776,599.999991310999,600.0000081880896,1586.2620319394243,1586.2615655931868,1,-0.00041764924783530265,755.0000017482209,-755.0004176492479,1.7482209386798786e-06,1368.2123615844846,-2.5259777853775122e-06
encodec_untrained,random-init-no-quant,24000,20260826,755.0,440.0,680.5353909509209,440Hz_ongrid,4,1499.9550380745873,1499.9549127977193,439.9999989105039,680.535389967471,600.0000164854952,599.9999872194602,1586.2617724425406,1586.2617122930742,1,-0.0001445933930965287,755.0000017849289,-755.0001445933931,1.784928940651298e-06,1368.2124477816967,-2.5018273451357734e-06
encodec_untrained,random-init-no-quant,24000,20260826,755.0,452.8929,700.4764699099917,452.9Hz_+50.0c,0,1499.9551999674604,1499.9553310994945,452.8929010436915,700.4764693132406,599.999991006165,600.0000009214506,1586.2620328155738,1586.262155557449,1,0.00015135134206483927,754.9999945354962,-754.9998486486579,-5.464503828989109e-06,1318.2132521517797,-1.474875758447169e-06
encodec_untrained,random-init-no-quant,24000,20260826,755.0,452.8929,700.4764699099917,452.9Hz_+50.0c,1,1499.954963192403,1499.9550982427368,452.8929010473003,700.4764693118044,600.0000085014326,600.0000075681593,1586.2617090513577,1586.2618676180455,1,0.00015587383041328022,754.9999945181514,-754.9998441261696,-5.481848575072945e-06,1318.2129833907238,-1.478425411290544e-06
encodec_untrained,random-init-no-quant,24000,20260826,755.0,452.8929,700.4764699099917,452.9Hz_+50.0c,2,1499.955286478365,1499.9551796253077,452.8929010336978,700.4764693155649,599.9999751396579,599.9999826688438,1586.2621784466992,1586.2620333932784,1,-0.00012332878152353704,754.999994579443,-755.0001233287816,-5.420557044999441e-06,1318.2130773217182,-1.4691311177615234e-06
encodec_untrained,random-init-no-quant,24000,20260826,755.0,452.8929,700.4764699099917,452.9Hz_+50.0c,3,1499.9553014826563,1499.9551956147634,452.8929010354449,700.4764693128002,599.9999790454921,600.0000047044774,1586.2621844946532,1586.2619882667573,1,-0.00012219171277608458,754.9999945659312,-755.0001221917128,-5.434068839349493e-06,1318.2130957765962,-1.4759642187055627e-06
encodec_untrained,random-init-no-quant,24000,20260826,755.0,452.8929,700.4764699099917,452.9Hz_+50.0c,4,1499.9551004248158,1499.955168193314,452.892901046489,700.4764693167598,599.9999776261021,599.9999988239384,1586.2619565310965,1586.2619735848293,1,7.821776064509689e-05,754.9999945335001,-754.9999217822393,-5.466499942485825e-06,1318.2130641270194,-1.4661780710707431e-06
encodec_untrained,random-init-no-quant,24000,20260826,760.0,440.0,682.5036952068432,440Hz_ongrid,0,1499.9551586539912,1499.9552205275863,439.9999989106839,682.5036961774302,600.00000051953,599.9999922520168,1586.2619576821905,1586.2620529511075,1,7.141391638261088e-05,760.0000067480321,-759.9999285860836,6.7480320922186365e-06,1363.2128029606188,2.461984083750973e-06
encodec_untrained,random-init-no-quant,24000,20260826,760.0,440.0,682.5036952068432,440Hz_ongrid,1,1499.955168420676,1499.9551223081503,439.9999989097689,682.503696178543,599.999991812897,599.9999777160026,1586.2619940768382,1586.261981529237,1,-5.322264134462471e-05,760.000006754455,-760.0000532226413,6.754454943802557e-06,1363.2126895966765,2.464806815045058e-06
encodec_untrained,random-init-no-quant,24000,20260826,760.0,440.0,682.5036952068432,440Hz_ongrid,2,1499.9552865969065,1499.9551482873292,439.99999891552847,682.5036961758682,600.0000058729282,599.9999938813463,1586.2620899060437,1586.2619648708362,1,-0.00015963559899819616,760.0000067250082,-760.000159635599,6.725008233843255e-06,1363.2127195815992,2.4580219577196243e-06
encodec_untrained,random-init-no-quant,24000,20260826,760.0,440.0,682.5036952068432,440Hz_ongrid,3,1499.955185679029,1499.9550994074782,439.9999989127601,682.5036961757033,600.000005066665,599.9999910943208,1586.2619757539744,1586.2619164958294,1,-9.957380855566135e-05,760.0000067354828,-760.0000995738086,6.735482770636736e-06,1363.2126631649362,2.4576037183558798e-06
encodec_untrained,random-init-no-quant,24000,20260826,760.0,440.0,682.5036952068432,440Hz_ongrid,4,1499.955188958639,1499.9551169766535,439.9999989037377,682.5036961740507,600.0000130835111,600.000001248808,1586.2619564075412,1586.2619074743493,1,-8.308092680044226e-05,760.0000067667902,-760.0000830809269,6.766790193069028e-06,1363.212683443113,2.4534117144389333e-06
encodec_untrained,random-init-no-quant,24000,20260826,760.0,452.8929,702.5024495066893,452.9Hz_+50.0c,0,1499.955267151112,1499.95533183299,452.8929010402277,702.5024484567389,599.9999955502899,600.0000034551034,1586.2620972467316,1586.2621490934655,1,7.465520443194724e-05,759.999993436134,-759.9999253447955,-6.563866008946206e-06,1313.2132529983733,-2.5874785769962386e-06
encodec_untrained,random-init-no-quant,24000,20260826,760.0,452.8929,702.5024495066893,452.9Hz_+50.0c,1,1499.9550073205116,1499.95530897435,452.89290104905473,702.5024484577376,599.9999984098941,600.0000168733395,1586.2617891016337,1586.2620839933975,1,0.0003481660054860397,759.9999934048531,-759.9996518339946,-6.595146942345309e-06,1313.2132266151505,-2.5850171922040904e-06
encodec_untrained,random-init-no-quant,24000,20260826,760.0,452.8929,702.5024495066893,452.9Hz_+50.0c,2,1499.9550664441435,1499.955166947739,452.8929010389658,702.5024484555934,599.9999984184614,599.9999898193585,1586.2618573168556,1586.2619981289245,1,0.00011600030179955833,759.9999934381347,-759.9998839996982,-6.561865347975981e-06,1313.2130626893886,-2.590301500504152e-06
encodec_untrained,random-init-no-quant,24000,20260826,760.0,452.8929,702.5024495066893,452.9Hz_+50.0c,3,1499.9553464959765,1499.955261391141,452.8929010450874,702.5024484567725,599.999993792219,599.9999903521332,1586.2621938985349,1586.262105597338,1,-9.822718632172253e-05,759.9999934176401,-760.0000982271863,-6.582359901585733e-06,1313.2131716950653,-2.587395544181136e-06
encodec_untrained,random-init-no-quant,24000,20260826,760.0,452.8929,702.5024495066893,452.9Hz_+50.0c,4,1499.9549969104564,1499.9551712140228,452.8929010392729,702.5024484635542,599.9999867798686,599.9999874680642,1586.2618106436062,1586.2620098374298,1,0.00020117953684245076,759.9999934565793,-759.9997988204632,-6.543420681737189e-06,1313.2130676134932,-2.5706830758802463e-06
encodec_untrained,random-init-no-quant,24000,20260826,765.0,440.0,684.4776923652882,440Hz_ongrid,0,1499.9552327977663,1499.9550661566786,439.9999989101843,684.4776945210748,599.9999998876267,599.9999829590822,1586.262045081519,1586.2619015914067,1,-0.0001923355674499124,765.0000097405964,-765.0001923355675,9.740596397023182e-06,1358.2126247871763,5.452582355765957e-06
encodec_untrained,random-init-no-quant,24000,20260826,765.0,440.0,684.4776923652882,440Hz_ongrid,1,1499.9551714396591,1499.9552110991574,439.9999989116041,684.4776945165944,600.0000040010196,599.9999902279966,1586.261962393831,1586.2620479089921,1,4.577461640714821e-05,765.0000097236779,-764.9999542253836,9.723677862893965e-06,1358.2127920784153,5.441250298612897e-06
encodec_untrained,random-init-no-quant,24000,20260826,765.0,440.0,684.4776923652882,440Hz_ongrid,2,1499.955306367253,1499.955248995483,439.99999891659,684.4776945236746,599.9999931227401,600.0000084993034,1586.262149514055,1586.262038928723,1,-6.621794851902437e-05,765.0000097219679,-765.0000662179485,9.721967899167794e-06,1358.212835817994,5.459158093398145e-06
encodec_untrained,random-init-no-quant,24000,20260826,765.0,440.0,684.4776923652882,440Hz_ongrid,3,1499.955193896565,1499.955306319048,439.99999891612185,684.4776945229901,599.9999949324837,599.9999963588367,1586.2620144796429,1586.262140121016,1,0.00012975695811006272,765.0000097220785,-764.9998702430419,9.722078516460897e-06,1358.2129019803049,5.457426705446822e-06
encodec_untrained,random-init-no-quant,24000,20260826,765.0,440.0,684.4776923652882,440Hz_ongrid,4,1499.9553149209673,1499.9550639624492,439.9999989202063,684.4776945203831,600.0000127724105,599.9999895410856,1586.2621026897061,1586.2618800672,1,-0.00028965394058031406,765.0000096994141,-765.0002896539406,9.699414135866391e-06,1358.2126222546171,5.450832900489204e-06
encodec_untrained,random-init-no-quant,24000,20260826,765.0,452.8929,704.5342888195983,452.9Hz_+50.0c,0,1499.9550399329933,1499.9552822877872,452.89290105105664,704.5342874686115,599.9999882484386,600.0000061036463,1586.261856062418,1586.2620842667877,1,0.000279723609230415,764.9999926624728,-764.9997202763908,-7.337527222261997e-06,1308.2131958137747,-3.3197451657498956e-06
encodec_untrained,random-init-no-quant,24000,20260826,765.0,452.8929,704.5342888195983,452.9Hz_+50.0c,1,1499.955323738373,1499.9552829715992,452.8929010421331,704.5342874716546,599.999996211155,599.9999967976833,1586.262160652353,1586.2621119073704,1,-4.7052619914338344e-05,764.9999927040616,-765.00004705262,-7.295938416973513e-06,1308.213196603024,-3.312267407247717e-06
encodec_untrained,random-init-no-quant,24000,20260826,765.0,452.8929,704.5342888195983,452.9Hz_+50.0c,2,1499.9552650743694,1499.955204991214,452.8929010414733,704.5342874691098,599.9999975750256,599.9999966849274,1586.2620890076228,1586.2620222284977,1,-6.934740584906323e-05,764.9999927003305,-765.0000693474059,-7.299669505300699e-06,1308.2131065988067,-3.318520623932199e-06
encodec_untrained,random-init-no-quant,24000,20260826,765.0,452.8929,704.5342888195983,452.9Hz_+50.0c,3,1499.9550372824885,1499.9552127847758,452.8929010399767,704.5342874714547,600.0000165670668,599.9999974688321,1586.2617712929416,1586.2620289618817,1,0.0002025630836462763,764.9999927118133,-764.9997974369163,-7.288186679943465e-06,1308.2131155940615,-3.312758492531692e-06
encodec_untrained,random-init-no-quant,24000,20260826,765.0,452.8929,704.5342888195983,452.9Hz_+50.0c,4,1499.9552622013807,1499.9552003588067,452.8929010462493,704.5342874711457,599.9999849250327,599.9999779942937,1586.2621221918114,1586.2620708115876,1,-7.137811027228621e-05,764.9999926870764,-765.0000713781103,-7.312923571589636e-06,1308.213101252126,-3.313517896820139e-06
encodec_untrained,random-init-no-quant,24000,20260826,770.0,440.0,686.4573988917687,440Hz_ongrid,0,1499.9552002940904,1499.9551971970297,439.99999890971105,686.4573967982814,600.0000085761309,600.0000009121945,1586.2619824963617,1586.2620010352096,1,-3.5745980543598602e-06,769.999999010136,-770.000003574598,-9.898640200844966e-07,1353.2127760327123,-5.2797399577452565e-06
encodec_untrained,random-init-no-quant,24000,20260826,770.0,440.0,686.4573988917687,440Hz_ongrid,1,1499.955260371339,1499.955120941407,439.99999891390934,686.4573967944212,599.9999966585301,599.9999949479026,1586.2620862238768,1586.2619302310004,1,-0.00016092870451140995,769.999998983882,-770.0001609287045,-1.0161179488932248e-06,1353.212688019194,-5.289474978714476e-06
encodec_untrained,random-init-no-quant,24000,20260826,770.0,440.0,686.4573988917687,440Hz_ongrid,2,1499.9551844056914,1499.9550267980667,439.9999989157698,686.4573967986412,600.0000030218648,599.9999806459386,1586.2619801843464,1586.2618628383875,1,-0.00018190923530856797,769.9999989872043,-770.0001819092353,-1.012795678434486e-06,1353.2125793598352,-5.278832362945427e-06
encodec_untrained,random-init-no-quant,24000,20260826,770.0,440.0,686.4573988917687,440Hz_ongrid,3,1499.9551309791802,1499.9552038568363,439.99999891566364,686.457396796067,599.999994270009,600.0000060445116,1586.261943772491,1586.2619939131582,1,8.411470053056359e-05,769.9999989811301,-769.9999158852995,-1.0188698524871143e-06,1353.2127837193973,-5.285324491186396e-06
encodec_untrained,random-init-no-quant,24000,20260826,770.0,440.0,686.4573988917687,440Hz_ongrid,4,1499.9552819608164,1499.9551808866665,439.99999891831715,686.457396793282,599.9999979181858,600.0000057700463,1586.2621075076477,1586.2619681931458,1,-0.00011665882153711512,769.9999989636657,-770.0001166588215,-1.0363343108110712e-06,1353.2127572074455,-5.292348260091588e-06
encodec_untrained,random-init-no-quant,24000,20260826,770.0,452.8929,706.5720047967043,452.9Hz_+50.0c,0,1499.9548878782732,1499.955263363443,452.89290103765836,706.5720026372513,600.000003947269,599.9999955664069,1586.2616352650268,1586.2620928285367,1,0.00043338145370015415,769.999990742369,-769.9995666185463,-9.257630949832674e-06,1303.2131739714775,-5.291065095567299e-06
encodec_untrained,random-init-no-quant,24000,20260826,770.0,452.8929,706.5720047967043,452.9Hz_+50.0c,1,1499.9553512423454,1499.95506735805,452.8929010476625,706.5720026383411,599.9999806061214,599.9999946094882,1586.262237423784,1586.2618693620516,1,-0.0003276565560355531,769.9999907067972,-770.000327656556,-9.293202765547903e-06,1303.212947743909,-5.28839497549968e-06
encodec_untrained,random-init-no-quant,24000,20260826,770.0,452.8929,706.5720047967043,452.9Hz_+50.0c,2,1499.9552143407689,1499.9550934043725,452.89290104102304,706.5720026399941,599.9999895497584,599.9999992381861,1586.262053607411,1586.261886068873,1,-0.00013958364469708332,769.9999907362277,-770.0001395836447,-9.263772312806395e-06,1303.2129778063295,-5.284344627084419e-06
encodec_untrained,random-init-no-quant,24000,20260826,770.0,452.8929,706.5720047967043,452.9Hz_+50.0c,3,1499.9550946973459,1499.9552401221774,452.8929010479112,706.5720026362857,599.9999764071856,600.0000158051596,1586.2619534375544,1586.2620076069936,1,0.00016784796347985283,769.9999907008103,-769.9998321520366,-9.299189741795999e-06,1303.2131471466307,-5.2934311463902485e-06
encodec_untrained,random-init-no-quant,24000,20260826,770.0,452.8929,706.5720047967043,452.9Hz_+50.0c,4,1499.9551625029362,1499.955296826408,452.892901051771,706.5720026385213,599.9999785388256,600.0000045733852,1586.2620255475133,1586.262105462525,1,0.0001550348723078235,769.9999906915336,-769.9998449651276,-9.308466360380407e-06,1303.213212594112,-5.287953287051985e-06
encodec_untrained,random-init-no-quant,24000,20260826,775.0,440.0,688.4428312994206,440Hz_ongrid,0,1499.9551409673074,1499.955071533461,439.9999989177555,688.4428292147354,600.0000003440778,600.0000151933468,1586.261937774635,1586.2618147888106,1,-8.013989128526961e-05,774.9999990158454,-775.0000801398913,-9.841545534072793e-07,1348.212630993008,-5.242378650591845e-06
encodec_untrained,random-init-no-quant,24000,20260826,775.0,440.0,688.4428312994206,440Hz_ongrid,1,1499.955229432198,1499.9550155104878,439.99999890725525,688.4428292110896,599.9999969827685,600.0000149333596,1586.2620495786612,1586.2617508777848,1,-0.0002469064192926167,774.9999990479915,-775.0002469064193,-9.520084631731152e-07,1348.2125663318175,-5.251546857273551e-06
encodec_untrained,random-init-no-quant,24000,20260826,775.0,440.0,688.4428312994206,440Hz_ongrid,2,1499.9553047151862,1499.9553496263138,439.9999989197476,688.4428292128244,599.9999960661701,600.0000027784537,1586.2621391143116,1586.2621715827474,1,5.1835992509171055e-05,774.9999990032014,-774.9999481640075,-9.96798576125002e-07,1348.2129519651357,-5.247184174773307e-06
encodec_untrained,random-init-no-quant,24000,20260826,775.0,440.0,688.4428312994206,440Hz_ongrid,3,1499.9552786172553,1499.9549439122022,439.9999989183874,688.4428292125883,600.0000050157829,599.9999920323671,1586.2620831692054,1586.2617343180075,1,-0.0003863134169360224,774.9999990079597,-775.0003863134169,-9.920403272190015e-07,1348.212483693744,-5.2477778978433235e-06
encodec_untrained,random-init-no-quant,24000,20260826,775.0,440.0,688.4428312994206,440Hz_ongrid,4,1499.9551749581162,1499.9550881306734,439.99999891065715,688.4428292124792,600.0000167497673,600.0000029994021,1586.261929669692,1586.2618691294438,1,-0.00010021541468636016,774.9999990381009,-775.0001002154147,-9.61899104368058e-07,1348.2126501493544,-5.2480523674270015e-06
encodec_untrained,random-init-no-quant,24000,20260826,775.0,452.8929,708.6156144350123,452.9Hz_+50.0c,0,1499.955022084262,1499.9549903269822,452.8929010406889,708.6156133045496,599.9999921136612,600.0000108783332,1586.2618243089044,1586.2617335115506,1,-3.665395568222935e-05,774.9999932599922,-775.0000366539557,-6.7400078478385694e-06,1298.2128588353712,-2.761857675617581e-06
encodec_untrained,random-init-no-quant,24000,20260826,775.0,452.8929,708.6156144350123,452.9Hz_+50.0c,1,1499.9550255946988,1499.9551091177252,452.8929010491691,708.6156133041653,599.9999933975031,599.9999941740506,1586.2618246562333,1586.2619188170834,1,9.640149260323694e-05,774.9999932266369,-774.9999035985074,-6.773363111278741e-06,1298.2129959425329,-2.7627965999273474e-06
encodec_untrained,random-init-no-quant,24000,20260826,775.0,452.8929,708.6156144350123,452.9Hz_+50.0c,2,1499.955346910401,1499.9550047353205,452.89290104306616,708.6156132974689,599.9999901579923,600.0000114303406,1586.2622048630215,1586.2617485487633,1,-0.00039493523520794943,774.9999932336059,-775.0003949352352,-6.766394108126406e-06,1298.2128754653409,-2.7791565631770456e-06
encodec_untrained,random-init-no-quant,24000,20260826,775.0,452.8929,708.6156144350123,452.9Hz_+50.0c,3,1499.9550970732066,1499.9550325177495,452.89290104996724,708.6156133044185,599.9999982796563,599.9999902953253,1586.2618930691392,1586.2618415977465,1,-7.450930226717928e-05,774.9999932242042,-775.0000745093023,-6.775795782232308e-06,1298.2129075315609,-2.762177890131413e-06
encodec_untrained,random-init-no-quant,24000,20260826,775.0,452.8929,708.6156144350123,452.9Hz_+50.0c,4,1499.9552840787544,1499.954971575876,452.8929010402379,708.6156132998315,599.9999923343254,600.0000017747702,1586.262126063767,1586.2617381365287,1,-0.00036068787229232604,774.9999932501889,-775.0003606878723,-6.749811063855304e-06,1298.2128371930196,-2.7733846292932157e-06
encodec_untrained,random-init-no-quant,24000,20260826,780.0,440.0,690.4340061491407,440Hz_ongrid,0,1499.955179926196,1499.9551251970236,439.99999891858045,690.4340048838859,600.0000048961907,599.9999934491992,1586.261969605994,1586.2619394671365,1,-6.316789324891727e-05,780.0000010824052,-780.0000631678932,1.0824052196767298e-06,1343.2126929309861,-3.1725729606244938e-06
encodec_untrained,random-init-no-quant,24000,20260826,780.0,440.0,690.4340061491407,440Hz_ongrid,1,1499.9550848130373,1499.9551561433932,439.9999989114804,690.4340048851768,599.9999887078718,600.0000049934223,1586.2619065368995,1586.261941875557,1,8.2328823912445e-05,780.0000011135782,-779.999917671176,1.1135781505799969e-06,1343.2127286489938,-3.1693360262735204e-06
encodec_untrained,random-init-no-quant,24000,20260826,780.0,440.0,690.4340061491407,440Hz_ongrid,2,1499.9552152679519,1499.9551574275806,439.9999989175792,690.4340048848554,600.0000010357808,600.0000068400498,1586.2620215359016,1586.2619380295137,1,-6.675880795909346e-05,780.0000010887759,-780.000066758808,1.088775889002136e-06,1343.2127301311907,-3.1701419443148253e-06
encodec_untrained,random-init-no-quant,24000,20260826,780.0,440.0,690.4340061491407,440Hz_ongrid,3,1499.9552615039709,1499.955117103361,439.99999891480576,690.4340048858444,600.0000072093472,599.9999984335918,1586.262057087927,1586.2619157435906,1,-0.000166665813774512,780.0000011021681,-780.0001666658138,1.1021680847989046e-06,1343.2126835893573,-3.1676621077851534e-06
encodec_untrained,random-init-no-quant,24000,20260826,780.0,440.0,690.4340061491407,440Hz_ongrid,4,1499.9551210397303,1499.955052132784,439.9999989218468,690.4340048834475,599.999997286072,600.0000077713926,1586.2619235979532,1586.2618138119642,1,-7.953174911783472e-05,780.0000010684543,-780.0000795317491,1.0684542530725594e-06,1343.2126086009284,-3.1736721843970273e-06
encodec_untrained,random-init-no-quant,24000,20260826,780.0,452.8929,710.6651347806867,452.9Hz_+50.0c,0,1499.9550403549956,1499.9550817728402,452.892901042458,710.6651369132956,599.9999912812046,599.9999889479848,1586.261847798776,1586.261902335113,1,4.780408750192043e-05,780.0000012102836,-779.9999521959124,1.2102835853511351e-06,1293.2129643813241,5.195196775392512e-06
encodec_untrained,random-init-no-quant,24000,20260826,780.0,452.8929,710.6651347806867,452.9Hz_+50.0c,1,1499.9549396910452,1499.9550087338498,452.89290104118015,710.6651369118105,600.000007004111,600.0000095684077,1586.261686246666,1586.2617585362316,1,7.968856157732689e-05,780.0000012115506,-779.9999203114385,1.2115506251575425e-06,1293.2128800804064,5.1915786973728975e-06
encodec_untrained,random-init-no-quant,24000,20260826,780.0,452.8929,710.6651347806867,452.9Hz_+50.0c,2,1499.9552790211087,1499.9551072978416,452.89290104219356,710.6651369168012,599.9999959367248,600.0000042848529,1586.262109831953,1586.2618875429819,1,-0.00019820136520167525,780.0000012198345,-780.0001982013652,1.2198345302749658e-06,1293.2129938420403,5.2037364697407344e-06
encodec_untrained,random-init-no-quant,24000,20260826,780.0,452.8929,710.6651347806867,452.9Hz_+50.0c,3,1499.9552916072366,1499.9549920865602,452.89290104662393,710.6651369179166,600.0000029168365,599.9999891533862,1586.2621042183966,1586.2617982273857,1,-0.00034570393408655143,780.0000012056161,-780.000345703934,1.2056160585416364e-06,1293.2128608662604,5.206453872367221e-06
encodec_untrained,random-init-no-quant,24000,20260826,780.0,452.8929,710.6651347806867,452.9Hz_+50.0c,4,1499.9551518683227,1499.954918123227,452.8929010432135,710.6651369157285,599.9999891043108,600.0000026183867,1586.2619827875965,1586.2616740078158,1,-0.00026978639972303716,780.0000012133223,-780.0002697863997,1.2133223208365962e-06,1293.2127754984695,5.201123242543836e-06
encodec_untrained,random-init-no-quant,24000,20260826,785.0,440.0,692.4309400497243,440Hz_ongrid,0,1499.9553658226303,1499.9553871296764,439.99999891091994,692.430938994519,600.0000196362788,599.9999937323107,1586.2621416349798,1586.2622409704188,1,2.4592387571483155e-05,785.0000016468672,-784.9999754076124,1.6468671901748166e-06,1338.2129952511557,-2.6382519901989133e-06
encodec_untrained,random-init-no-quant,24000,20260826,785.0,440.0,692.4309400497243,440Hz_ongrid,1,1499.955098981807,1499.9551518769024,439.99999890583314,692.4309389927962,600.000000845761,599.9999914279985,1586.2618878678145,1586.2619760927535,1,6.105101976001995e-05,785.0000016625745,-784.9999389489802,1.6625745047349483e-06,1338.2127237246507,-2.642559509688103e-06
encodec_untrained,random-init-no-quant,24000,20260826,785.0,440.0,692.4309400497243,440Hz_ongrid,2,1499.955304286629,1499.9551997699543,439.99999891088527,692.4309389943064,599.9999987847486,599.999992947349,1586.2621307755153,1586.262026986541,1,-0.00012063214920378227,785.0000016464721,-785.0001206321492,1.646472128413734e-06,1338.2127790023574,-2.638783630862297e-06
encodec_untrained,random-init-no-quant,24000,20260826,785.0,440.0,692.4309400497243,440Hz_ongrid,3,1499.9551535829157,1499.9552031211163,439.9999989078213,692.4309389920875,599.9999889760242,600.0000131792629,1586.2619851367203,1586.261972477457,1,5.717652153715691e-05,785.0000016529798,-784.9999428234785,1.6529797903785948e-06,1338.2127828702364,-2.6443314530271287e-06
encodec_untrained,random-init-no-quant,24000,20260826,785.0,440.0,692.4309400497243,440Hz_ongrid,4,1499.9552495141943,1499.9552008744295,439.9999989142153,692.430938993114,600.0000036656443,600.0000085462042,1586.2620534744065,1586.2619832525338,1,-5.61395538584804e-05,785.000001630388,-785.0000561395539,1.630388055673393e-06,1338.212780277132,-2.6417649317768844e-06
encodec_untrained,random-init-no-quant,24000,20260826,785.0,452.8929,712.720582929195,452.9Hz_+50.0c,0,1499.95517073408,1499.9551951514482,452.8929010424683,712.7205839882614,600.000017138407,599.9999980776943,1586.261923672972,1586.2620068528574,1,2.8182294742697285e-05,784.9999985875731,-784.9999718177053,-1.4124268545856467e-06,1288.2130952418424,2.5725253626426852e-06
encodec_untrained,random-init-no-quant,24000,20260826,785.0,452.8929,712.720582929195,452.9Hz_+50.0c,1,1499.95522665679,1499.954885912112,452.8929010388464,712.7205839859452,600.0000065987604,599.9999848483831,1586.2620186294243,1586.2616881034382,1,-0.00039328430951716606,784.9999985957919,-785.0003932843096,-1.4042080920262379e-06,1288.2127383206991,2.566899120613856e-06
encodec_untrained,random-init-no-quant,24000,20260826,785.0,452.8929,712.720582929195,452.9Hz_+50.0c,2,1499.9550045697217,1499.955222078897,452.8929010422591,712.7205839849933,599.9999875792822,600.0000133945873,1586.2618171772383,1586.2619937370523,1,0.00025104703929870395,784.9999985804343,-784.9997489529607,-1.4195657058735378e-06,1288.2131263212477,2.564586887366829e-06
encodec_untrained,random-init-no-quant,24000,20260826,785.0,452.8929,712.720582929195,452.9Hz_+50.0c,3,1499.9551021441928,1499.9548105383224,452.8929010521673,712.7205839850922,600.0000017695917,599.9999923773587,1586.2618888521988,1586.2615793836735,1,-0.00033656878134218207,784.9999985427993,-785.0003365687813,-1.4572007103197393e-06,1288.2126513249661,2.56482714435426e-06
encodec_untrained,random-init-no-quant,24000,20260826,785.0,452.8929,712.720582929195,452.9Hz_+50.0c,4,1499.9551215708534,1499.9550511432515,452.8929010400007,712.7205839881346,599.9999845047474,600.0000059293839,1586.2619610900783,1586.2618179847689,1,-8.128687550755684e-05,784.999998596698,-785.0000812868755,-1.4033020079295966e-06,1288.2129290289406,2.5722174492875963e-06
encodec_untrained,random-init-no-quant,24000,20260826,790.0,440.0,694.4336496580046,440Hz_ongrid,0,1499.9550585033412,1499.9550101356238,439.99999891571935,694.4336490688112,599.9999957270289,600.0000037758024,1586.261855917489,1586.2617768680714,1,-5.5825566411717945e-05,790.0000027973668,-790.0000558255664,2.797366846607474e-06,1333.2125601281998,-1.4688683727194576e-06
encodec_untrained,random-init-no-quant,24000,20260826,790.0,440.0,694.4336496580046,440Hz_ongrid,1,1499.9552787560006,1499.955286953236,439.9999989111428,694.4336490679364,600.0000099547638,599.9999975870375,1586.2620690784572,1586.262114225343,1,9.461171001626756e-06,790.0000028131929,-789.999990538829,2.813192850226187e-06,1333.21287962847,-1.4710493295536367e-06
encodec_untrained,random-init-no-quant,24000,20260826,790.0,440.0,694.4336496580046,440Hz_ongrid,2,1499.9552589174587,1499.955348901378,439.9999989102663,694.4336490662014,599.9999909521525,600.0000045538741,1586.2621010109478,1586.2621656232532,1,0.00010385857817974233,790.0000028123166,-789.9998961414218,2.812316552081029e-06,1333.212951128422,-1.4753747241598284e-06
encodec_untrained,random-init-no-quant,24000,20260826,790.0,440.0,694.4336496580046,440Hz_ongrid,3,1499.9552439086394,1499.9551903921006,439.999998916953,694.4336490673406,599.9999991885816,600.0000193051128,1586.2620599226007,1586.2619401102818,1,-6.176828034459001e-05,790.0000027888469,-790.0000617682804,2.788846927614941e-06,1333.2127681785275,-1.472534502150598e-06
encodec_untrained,random-init-no-quant,24000,20260826,790.0,440.0,694.4336496580046,440Hz_ongrid,4,1499.9550863900738,1499.9552063894378,439.9999989143363,694.433649068598,599.9999953269429,600.0000091306705,1586.2618892584978,1586.2619879314907,1,0.00013850213149909044,790.0000028022774,-789.9998614978686,2.8022774358760216e-06,1333.212786642502,-1.4693998211768913e-06
encodec_untrained,random-init-no-quant,24000,20260826,790.0,452.8929,714.7819760254494,452.9Hz_+50.0c,0,1499.954933804226,1499.9552732018074,452.8929010423702,714.7819749350826,600.0000068468318,599.9999979949976,1586.2616799059658,1586.2620971764513,1,0.00039172949084276775,789.9999933745055,-789.9996082705092,-6.625494506806717e-06,1283.2131853268236,-2.6409171129170913e-06
encodec_untrained,random-init-no-quant,24000,20260826,790.0,452.8929,714.7819760254494,452.9Hz_+50.0c,1,1499.9549899877545,1499.955091525346,452.89290104223875,714.7819749312264,599.9999951294598,600.0000022787134,1586.2617785616603,1586.2618751270109,1,0.0001171937362129849,789.9999933656682,-789.9998828062638,-6.634331839450169e-06,1283.2129756375748,-2.6502571513829465e-06
encodec_untrained,random-init-no-quant,24000,20260826,790.0,452.8929,714.7819760254494,452.9Hz_+50.0c,2,1499.954947899752,1499.9552618864545,452.892901049764,714.7819749336046,599.9999972149541,600.0000031050294,1586.2617239666151,1586.262069371944,1,0.000362400493712582,789.9999933426622,-789.9996375995063,-6.657337848992029e-06,1283.2131722667514,-2.644496942040569e-06
encodec_untrained,random-init-no-quant,24000,20260826,790.0,452.8929,714.7819760254494,452.9Hz_+50.0c,3,1499.9552124241054,1499.955139252115,452.89290104089105,714.7819749348341,599.9999876467117,600.0000108750822,1586.2620568862485,1586.2619054089207,1,-8.445441782777952e-05,789.9999933795581,-790.0000844544178,-6.6204419226778555e-06,1283.2130307233613,-2.641519100826606e-06
encodec_untrained,random-init-no-quant,24000,20260826,790.0,452.8929,714.7819760254494,452.9Hz_+50.0c,4,1499.955257939245,1499.9551841527884,452.89290103853347,714.7819749321026,599.9999876164541,599.9999907999791,1586.2621095066943,1586.2620151573565,1,-8.516362631418892e-05,789.999993381954,-790.0000851636263,-6.618045972572872e-06,1283.2130825472937,-2.6481350094579826e-06
encodec_untrained,random-init-no-quant,24000,20260826,795.0,440.0,696.4421516789907,440Hz_ongrid,0,1499.955269071141,1499.9552208820887,439.9999989100279,696.442151572753,600.0000016583739,599.9999994240296,1586.2620818386058,1586.2620326662156,1,-5.561934479880082e-05,795.0000040245408,-795.0000556193448,4.024540771752072e-06,1328.2128033697823,-2.6408855893874204e-07
encodec_untrained,random-init-no-quant,24000,20260826,795.0,440.0,696.4421516789907,440Hz_ongrid,1,1499.9553713136675,1499.9552976724904,439.9999989200739,696.4421515747877,599.9999944814347,600.0000180940974,1586.2622205542189,1586.2620674265372,1,-8.499593980624796e-05,795.0000039900713,-795.0000849959398,3.990071263615391e-06,1328.212892000531,-2.590306688311045e-07
encodec_untrained,random-init-no-quant,24000,20260826,795.0,440.0,696.4421516789907,440Hz_ongrid,2,1499.955141888085,1499.9552781991547,439.9999989125147,696.442151571318,599.9999945111398,600.0000060114116,1586.2619556676893,1586.2620798138603,1,0.00015732894115422048,795.000004011189,-794.9998426710589,4.011189048469532e-06,1328.2128695245929,-2.676555102827576e-07
encodec_untrained,random-init-no-quant,24000,20260826,795.0,440.0,696.4421516789907,440Hz_ongrid,3,1499.9552813090004,1499.9553444932792,439.99999891836893,696.4421515739052,600.0000102125921,599.9999868500663,1586.2620712811702,1586.2622116178597,1,7.292668925359196e-05,795.0000039945861,-794.9999270733108,3.99458610900183e-06,1328.2129460406363,-2.612243112327165e-07
encodec_untrained,random-init-no-quant,24000,20260826,795.0,440.0,696.4421516789907,440Hz_ongrid,4,1499.9552179179163,1499.9552327624954,439.9999989181046,696.4421515748234,600.0000060485205,600.0000157958519,1586.262010130756,1586.2619991393751,1,1.7133471856347147e-05,795.0000039979083,-794.9999828665282,3.997908265773731e-06,1328.2128170820345,-2.589420620539957e-07
encodec_untrained,random-init-no-quant,24000,20260826,795.0,452.8929,716.8493312639499,452.9Hz_+50.0c,0,1499.9551243046608,1499.9550248610349,452.89290104841365,716.8493282438327,599.9999915401726,599.9999998488224,1586.2619439454668,1586.2618051948723,1,-0.00011477689842068703,794.999988698557,-795.0001147768984,-1.1301443009870127e-05,1278.2128986942525,-7.293763935805317e-06
encodec_untrained,random-init-no-quant,24000,20260826,795.0,452.8929,716.8493312639499,452.9Hz_+50.0c,1,1499.9551687928265,1499.9551808256963,452.89290103776887,716.8493282418061,600.0000024639809,599.9999846666749,1586.2619637738385,1586.2620290142336,1,1.388822426418927e-05,794.9999887343536,-794.9999861117757,-1.1265646435276722e-05,1278.2130787071953,-7.298658258975533e-06
encodec_untrained,random-init-no-quant,24000,20260826,795.0,452.8929,716.8493312639499,452.9Hz_+50.0c,2,1499.9551590383219,1499.9552457086797,452.8929010462422,716.8493282447486,599.9999927269901,599.9999912286678,1586.2619806102985,1586.2620849676468,1,0.00010003410386111693,794.9999887090694,-794.9998999658961,-1.1290930615359684e-05,1278.213153594518,-7.2915520338636455e-06
encodec_untrained,random-init-no-quant,24000,20260826,795.0,452.8929,716.8493312639499,452.9Hz_+50.0c,3,1499.9552350291374,1499.9551341144631,452.8929010432268,716.8493282430394,599.9999879387825,600.0000024187802,1586.262082134023,1586.261923878821,1,-0.00011647476006976225,794.9999887164682,-795.00011647476,-1.1283531762273924e-05,1278.2130247935322,-7.295679841136791e-06
encodec_untrained,random-init-no-quant,24000,20260826,795.0,452.8929,716.8493312639499,452.9Hz_+50.0c,4,1499.9551740503534,1499.955215169369,452.89290104467574,716.8493282456326,599.999996773378,599.9999860580944,1586.2619862616355,1586.2620646385865,1,4.745917765503366e-05,794.9999887171925,-794.9999525408224,-1.12828074634308e-05,1278.2131183463364,-7.289417014158392e-06
encodec_untrained,random-init-no-quant,24000,20260826,800.0,440.0,698.4564628660078,440Hz_ongrid,0,1499.9553649340442,1499.9550356450932,439.9999989117306,698.456462731335,600.0000027527252,599.9999969737656,1586.2621893250196,1586.2618259373917,1,-0.0003800621803273094,800.0000039481222,-800.0003800621803,3.9481221847381676e-06,1323.2125895709905,-3.3380748490009837e-07
encodec_untrained,random-init-no-quant,24000,20260826,800.0,440.0,698.4564628660078,440Hz_ongrid,1,1499.9553641834202,1499.9553384576802,439.9999989118205,698.4564627311687,600.0000073246714,599.999988749671,1586.2621752668085,1586.2621991705287,1,-2.9692401884807252e-05,800.000003947356,-800.0000296924019,3.947356049138762e-06,1323.212939074406,-3.342197658912189e-07
encodec_untrained,random-init-no-quant,24000,20260826,800.0,440.0,698.4564628660078,440Hz_ongrid,2,1499.9553077452877,1499.9553028341916,439.99999890526624,698.4564627314969,600.0000060609249,599.9999827854413,1586.2621137728593,1586.262175263369,1,-5.668340068065221e-06,800.0000039739582,-800.0000056683401,3.973958200731431e-06,1323.212897958117,-3.3340635183321336e-07
encodec_untrained,random-init-no-quant,24000,20260826,800.0,440.0,698.4564628660078,440Hz_ongrid,3,1499.9552689312056,1499.955381452034,439.99999891859585,698.4564627315676,600.0000134013301,600.0000038710251,1586.262047794085,1586.2622051631931,1,0.00012987046088433862,800.0000039216866,-799.9998701295391,3.92168658436276e-06,1323.2129886980758,-3.332310603348909e-07
encodec_untrained,random-init-no-quant,24000,20260826,800.0,440.0,698.4564628660078,440Hz_ongrid,4,1499.9550929375666,1499.9551905928554,439.9999989180152,698.4564627283333,599.9999861817457,599.9999857610875,1586.2619232030142,1586.2620371295886,1,0.00011271281145085939,800.0000039159546,-799.9998872871886,3.915954607691674e-06,1323.2127684102368,-3.4124776329930947e-07
encodec_untrained,random-init-no-quant,24000,20260826,800.0,452.8929,718.9226658889285,452.9Hz_+50.0c,0,1499.9552095318306,1499.9552243258447,452.89290104114264,718.922667300156,599.9999837767726,599.9999991544674,1586.2620647142965,1586.2620374187582,1,1.707511055150664e-05,799.999999418485,-799.9999829248894,-5.815149961563293e-07,1273.2131289146537,3.3983701234096947e-06
encodec_untrained,random-init-no-quant,24000,20260826,800.0,452.8929,718.9226658889285,452.9Hz_+50.0c,1,1499.955163757075,1499.9551603443117,452.892901036668,718.9226673033639,600.0000097375722,599.9999970484557,1586.2619369744739,1586.2619696485453,1,-3.938979106639426e-06,799.9999994433148,-800.0000039389791,-5.566852223637397e-07,1273.2130550677755,3.4060948660658133e-06
encodec_untrained,random-init-no-quant,24000,20260826,800.0,452.8929,718.9226658889285,452.9Hz_+50.0c,2,1499.9553328814227,1499.9550719603617,452.89290103858497,718.9226672994027,599.9999971929598,600.0000035282567,1586.262168372284,1586.2618489398706,1,-0.00030115261045607746,799.9999994264479,-800.0003011526104,-5.735521426686319e-07,1273.212953055854,3.3965560870526743e-06
encodec_untrained,random-init-no-quant,24000,20260826,800.0,452.8929,718.9226658889285,452.9Hz_+50.0c,3,1499.9552130745042,1499.955241593074,452.89290104128276,718.9226673019923,599.9999994335844,600.0000089067012,1586.2620236272069,1586.2620292094318,1,3.2915862050436e-05,799.9999994223712,-799.9999670841379,-5.776288389824913e-07,1273.2131488443258,3.402792005209815e-06
encodec_untrained,random-init-no-quant,24000,20260826,800.0,452.8929,718.9226658889285,452.9Hz_+50.0c,4,1499.9551497722266,1499.9550625366555,452.8929010408749,718.9226673029962,599.9999926713842,599.999999306377,1586.2619700759035,1586.2618502448868,1,-0.0001006864740962812,799.9999994263476,-800.0001006864741,-5.736524144595023e-07,1273.212942179101,3.405209182707781e-06
encodec_untrained,random-init-no-quant,24000,20260826,805.0,440.0,700.4766000208361,440Hz_ongrid,0,1499.9553225962356,1499.955053629872,439.99999891180937,700.4765994247547,599.9999853937209,600.0000170896488,1586.262190546627,1586.2617886530857,1,-0.0003104384253145337,805.000002808399,-805.0003104384253,2.8083990173399798e-06,1318.2126103288535,-1.4732204839027084e-06
encodec_untrained,random-init-no-quant,24000,20260826,805.0,440.0,700.4766000208361,440Hz_ongrid,1,1499.955257288886,1499.9550765672032,439.99999891524345,700.4765994232496,599.9999937767793,599.9999840218193,1586.2620909811146,1586.261910540725,1,-0.00020858725488140885,805.0000027911674,-805.0002085872549,2.7911673896596767e-06,1318.2126368029058,-1.476940430899168e-06
encodec_untrained,random-init-no-quant,24000,20260826,805.0,440.0,700.4766000208361,440Hz_ongrid,2,1499.9551828972087,1499.9551808290303,439.9999989105622,700.4765994199494,600.000014622204,599.9999964212218,1586.2619449717665,1586.2619951016281,1,-2.3870719583555316e-06,805.0000028014298,-805.000002387072,2.8014297868139693e-06,1318.2127571409226,-1.4850968673330988e-06
encodec_untrained,random-init-no-quant,24000,20260826,805.0,440.0,700.4766000208361,440Hz_ongrid,3,1499.955078149737,1499.9550725566646,439.999998918684,700.4765994234168,600.0000080577847,599.9999804374751,1586.2618430141338,1586.261916254031,1,-6.455471359645371e-06,805.0000027780435,-805.0000064554714,2.778043494799931e-06,1318.2126321739802,-1.4765271888798234e-06
encodec_untrained,random-init-no-quant,24000,20260826,805.0,440.0,700.4766000208361,440Hz_ongrid,4,1499.9552112900628,1499.9554308891074,439.999998917408,700.4765994242989,599.9999839124977,600.00000215229,1586.262066352012,1586.262267182207,1,0.00025345911146949004,805.0000027852442,-804.9997465408885,2.7852441917275428e-06,1318.2130457578685,-1.474347000867999e-06
encodec_untrained,random-init-no-quant,24000,20260826,805.0,452.8929,721.0019971944921,452.9Hz_+50.0c,0,1499.954926955335,1499.9551283210542,452.8929010455948,721.0019962046593,600.0000049141464,600.0000045682708,1586.2616775775905,1586.2619109900043,1,0.00023241442786123387,804.9999936263592,-804.9997675855722,-6.373640758283727e-06,1268.2130181068344,-2.3767370637547046e-06
encodec_untrained,random-init-no-quant,24000,20260826,805.0,452.8929,721.0019971944921,452.9Hz_+50.0c,1,1499.9550450325446,1499.9552622114907,452.89290103787323,721.0019962052241,599.9999985865513,599.9999972076995,1586.261832118784,1586.2620867631947,1,0.00025066588490499646,804.9999936572318,-804.9997493341151,-6.342768188005721e-06,1268.2131726419052,-2.375380861108188e-06
encodec_untrained,random-init-no-quant,24000,20260826,805.0,452.8929,721.0019971944921,452.9Hz_+50.0c,2,1499.9550910930393,1499.955232572848,452.8929010427256,721.0019962023349,600.000008437563,599.999999335829,1586.2618568573632,1586.262046414072,1,0.00016329465576802823,804.9999936317456,-804.9998367053443,-6.368254389599315e-06,1268.213138433266,-2.3823183296914422e-06
encodec_untrained,random-init-no-quant,24000,20260826,805.0,452.8929,721.0019971944921,452.9Hz_+50.0c,3,1499.9551866325191,1499.9551012216448,452.8929010332318,721.0019962029304,599.999996188605,600.0000025584042,1586.2620024711503,1586.261885511371,1,-9.858042388978479e-05,804.9999936694667,-805.0000985804239,-6.330533324216958e-06,1268.2129868289514,-2.380888512303763e-06
encodec_untrained,random-init-no-quant,24000,20260826,805.0,452.8929,721.0019971944921,452.9Hz_+50.0c,4,1499.9548991786978,1499.9551484045521,452.8929010343301,721.0019962028549,600.0000010597986,599.9999959779805,1586.2616566393503,1586.2619589565265,1,0.00028765414820292295,804.9999936650869,-804.9997123458518,-6.334913109640183e-06,1268.2130412870179,-2.3810697621755977e-06
encodec_untrained,random-init-no-quant,24000,20260826,810.0,440.0,702.502579993852,440Hz_ongrid,0,1499.9550963516203,1499.9551399328182,439.9999989142713,702.5025789455176,600.0000039931807,599.9999911388884,1586.2618757505445,1586.2619631411994,1,5.030100757357697e-05,810.0000016884376,-809.9999496989924,1.6884375781955896e-06,1313.212709938901,-2.5834955005439765e-06
encodec_untrained,random-init-no-quant,24000,20260826,810.0,440.0,702.502579993852,440Hz_ongrid,1,1499.954947453984,1499.9551977770975,439.9999989167683,702.5025789514546,599.9999916922418,599.9999901671603,1586.2617393872933,1586.2620327083337,1,0.0002889205852442958,810.000001693244,-809.9997110794147,1.693244030320784e-06,1313.2127767022205,-2.5688646187883914e-06
encodec_untrained,random-init-no-quant,24000,20260826,810.0,440.0,702.502579993852,440Hz_ongrid,2,1499.9552268276325,1499.9551854003817,439.9999989038384,702.5025789469299,600.0000116829183,600.0000214227932,1586.2620041568302,1586.2619282385533,1,-4.781493940440637e-05,810.0000017329678,-810.0000478149394,1.7329678030364448e-06,1313.2127624171326,-2.580014849505331e-06
encodec_untrained,random-init-no-quant,24000,20260826,810.0,440.0,702.502579993852,440Hz_ongrid,3,1499.9553599250921,1499.9552038474544,439.99999891542996,702.5025789476705,599.9999827778066,600.0000064808899,1586.2622411791679,1586.2619926432083,1,-0.0001801433176250541,810.0000016891845,-810.0001801433176,1.6891845007194206e-06,1313.2127837085688,-2.5781898574233887e-06
encodec_untrained,random-init-no-quant,24000,20260826,810.0,440.0,702.502579993852,440Hz_ongrid,4,1499.955098694878,1499.9550404872016,439.9999989126432,702.5025789507299,600.0000025934235,599.9999970564904,1586.2618824939561,1586.2618312874145,1,-6.71827531549829e-05,810.0000017076887,-810.0000671827531,1.7076887388611794e-06,1313.212595159706,-2.5706504009298587e-06
encodec_untrained,random-init-no-quant,24000,20260826,810.0,452.8929,723.0873425247672,452.9Hz_+50.0c,0,1499.9550832898374,1499.9550196358643,452.8929010379703,723.0873441895978,599.9999908443376,600.0000083088905,1586.2618986142993,1586.2617747534327,1,-7.346881859482773e-05,810.0000000182215,-810.0000734688186,1.8221498976345174e-08,1263.2128926634095,3.985979514959566e-06
encodec_untrained,random-init-no-quant,24000,20260826,810.0,452.8929,723.0873425247672,452.9Hz_+50.0c,1,1499.954992682802,1499.955082311344,452.892901048925,723.0873441898574,600.0000009666138,599.9999893515632,1586.2617648297921,1586.2619017921681,1,0.0001034484233914975,809.9999999769672,-809.9998965515766,-2.3032839635561686e-08,1263.2129650028603,3.986601107836935e-06
encodec_untrained,random-init-no-quant,24000,20260826,810.0,452.8929,723.0873425247672,452.9Hz_+50.0c,2,1499.9551877637357,1499.9550554006794,452.89290104395695,723.0873441906241,599.9999934456199,600.0000007733678,1586.2620116913715,1586.2618377757697,1,-0.0001527721906554429,809.9999999977939,-810.0001527721906,-2.206093085987959e-09,1263.2129339428236,3.988436671219393e-06
encodec_untrained,random-init-no-quant,24000,20260826,810.0,452.8929,723.0873425247672,452.9Hz_+50.0c,3,1499.9553436346348,1499.9553803830943,452.8929010415623,723.0873441908707,599.9999939240226,599.9999946706363,1586.262190215697,1586.2622304761435,1,4.241471823692014e-05,810.0000000075381,-809.9999575852818,7.538119461969472e-09,1263.2133090344369,3.989027126791216e-06
encodec_untrained,random-init-no-quant,24000,20260826,810.0,452.8929,723.0873425247672,452.9Hz_+50.0c,4,1499.955182503714,1499.955291304373,452.89290103613695,723.0873441893656,599.9999852513797,600.0000207217511,1586.2620292638842,1586.2620524947115,1,0.000125576684418198,810.0000000246737,-809.9998744233155,2.467368176439777e-08,1263.2132062206322,3.985423656393904e-06
encodec_untrained,random-init-no-quant,24000,20260826,815.0,440.0,704.5344196841672,440Hz_ongrid,0,1499.955084226477,1499.9551303472238,439.99999891283164,704.5344183279723,600.0000085659999,599.9999983564901,1586.261848561451,1586.2619312520007,1,5.3232131204587086e-05,815.000000945055,-814.9999467678688,9.45055035117548e-07,1308.2126988752987,-3.332542406177512e-06
encodec_untrained,random-init-no-quant,24000,20260826,815.0,440.0,704.5344196841672,440Hz_ongrid,1,1499.955211005498,1499.9550768678002,439.9999989067777,704.5344183290233,600.0000140533882,600.0000044231962,1586.2619790553433,1586.2618520217404,1,-0.00015482046296124504,815.0000009714577,-815.000154820463,9.71457666310016e-07,1308.212637149852,-3.329959739656637e-06
encodec_untrained,random-init-no-quant,24000,20260826,815.0,440.0,704.5344196841672,440Hz_ongrid,2,1499.9550897487547,1499.9552912049644,439.9999989206458,704.5344183296583,599.9999971496125,600.0000053485438,1586.2618878759433,1586.2620967376736,1,0.0002325188458405718,815.0000009184523,-814.9997674811542,9.184523150906898e-07,1308.2128845357743,-3.3283996068777487e-06
encodec_untrained,random-init-no-quant,24000,20260826,815.0,440.0,704.5344196841672,440Hz_ongrid,3,1499.955084555951,1499.9552770740995,439.99999891593154,704.5344183254813,599.9999952143215,600.0000022714834,1586.2618874665272,1586.2620893064843,1,0.00022220262153775953,815.000000926737,-814.9997777973784,9.267370160159771e-07,1308.2128682260654,-3.338663577621325e-06
encodec_untrained,random-init-no-quant,24000,20260826,815.0,440.0,704.5344196841672,440Hz_ongrid,4,1499.9552357465072,1499.9553249887804,439.9999989138578,704.5344183257129,599.9999837013685,600.0000074951461,1586.2620951885972,1586.2621295368458,1,0.00010300257871805206,815.0000009354656,-814.9998969974213,9.354655503557296e-07,1308.2129235287312,-3.3380944568675604e-06
encodec_untrained,random-init-no-quant,24000,20260826,815.0,452.8929,725.1787192740445,452.9Hz_+50.0c,0,1499.9551887440384,1499.9552774554406,452.8929010493575,725.1787199729243,600.0000007388328,600.000022001644,1586.2619917790632,1586.262032817416,1,0.00010238985577917621,814.9999976571635,-814.9998976101442,-2.3428365238942206e-06,1258.2131902363265,1.6684502354574632e-06
encodec_untrained,random-init-no-quant,24000,20260826,815.0,452.8929,725.1787192740445,452.9Hz_+50.0c,1,1499.9551814271626,1499.955036129286,452.89290103960036,725.1787199735536,599.9999974114161,600.0000021756549,1586.26199293489,1586.261811486763,1,-0.00016770143969831758,814.9999976959633,-815.0001677014398,-2.3040366841087234e-06,1258.2129116999622,1.6699525143492442e-06
encodec_untrained,random-init-no-quant,24000,20260826,815.0,452.8929,725.1787192740445,452.9Hz_+50.0c,2,1499.9549725859242,1499.955214953127,452.892901047004,725.1787199727726,599.99999478507,599.9999882237151,1586.2617594703288,1586.2620581403414,1,0.000279737943921018,814.9999976657974,-814.999720262056,-2.3342025770034525e-06,1258.213118096752,1.668087735714641e-06
encodec_untrained,random-init-no-quant,24000,20260826,815.0,452.8929,725.1787192740445,452.9Hz_+50.0c,3,1499.955185217351,1499.955104362605,452.89290104523565,725.1787199726961,600.0000016816,599.9999896995332,1586.261984988343,1586.2619262394965,1,-9.332178359392209e-05,814.9999976723744,-815.0000933217835,-2.3276255660675815e-06,1258.212990454218,1.6679051404040995e-06
encodec_untrained,random-init-no-quant,24000,20260826,815.0,452.8929,725.1787192740445,452.9Hz_+50.0c,4,1499.9550088686692,1499.9550226146207,452.89290103995285,725.1787199743127,599.9999863777881,599.9999942065506,1586.2618256058224,1586.261818882237,1,1.5865448535639763e-05,814.999997696428,-814.9999841345515,-2.303572046002955e-06,1258.212896101462,1.671764628652173e-06
encodec_untrained,random-init-no-quant,24000,20260826,820.0,440.0,706.5721360397713,440Hz_ongrid,0,1499.9552557918787,1499.9552882811106,439.9999989044242,706.5721338782605,599.9999940885957,599.9999995069439,1586.262088353571,1586.2621102182839,1,3.749876130837764e-05,819.9999990145715,-819.9999625012387,-9.854285281107877e-07,1303.21288116109,-5.296106263803237e-06
encodec_untrained,random-init-no-quant,24000,20260826,820.0,440.0,706.5721360397713,440Hz_ongrid,1,1499.9552079128055,1499.9550667963372,439.9999989189582,706.5721338751976,599.9999927889621,599.9999977236653,1586.2620368419505,1586.261859728112,1,-0.0001628752944860998,819.9999989498807,-820.0001628752944,-1.050119294632168e-06,1303.2126255254639,-5.303610931096698e-06
encodec_untrained,random-init-no-quant,24000,20260826,820.0,440.0,706.5721360397713,440Hz_ongrid,2,1499.9551538123021,1499.9551813003504,439.99999891466655,706.5721338815041,599.9999975282799,599.9999954715663,1586.2619607248816,1586.2619983857478,1,3.172644506008541e-05,819.999998982219,-819.9999682735549,-1.0177809599554166e-06,1303.2127576849157,-5.288158754828567e-06
encodec_untrained,random-init-no-quant,24000,20260826,820.0,440.0,706.5721360397713,440Hz_ongrid,3,1499.955112890314,1499.9551731835259,439.9999989138763,706.5721338766998,600.000011092303,600.0000098235078,1586.261874355612,1586.2619476064363,1,6.95898554215487e-05,819.9999989735568,-819.9999304101445,-1.0264432148687774e-06,1303.2127483165534,-5.299930194032542e-06
encodec_untrained,random-init-no-quant,24000,20260826,820.0,440.0,706.5721360397713,440Hz_ongrid,4,1499.9550391401997,1499.9552615922203,439.9999989121282,706.5721338791025,600.0000034158066,599.9999992324337,1586.2618113836095,1586.2620802062909,1,0.00025675201828806226,819.999998986322,-819.9997432479817,-1.0136780019820435e-06,1303.2128503570282,-5.294043321196999e-06
encodec_untrained,random-init-no-quant,24000,20260826,820.0,452.8929,727.2761448869239,452.9Hz_+50.0c,0,1499.9550192207553,1499.95512516287,452.8929010449853,727.2761427819751,599.9999981090846,600.0000018997359,1586.2618037047366,1586.2619150446221,1,0.00012227739343409976,819.9999909947306,-819.9998777226066,-9.005269362205581e-06,1253.2130144616879,-5.010695376883006e-06
encodec_untrained,random-init-no-quant,24000,20260826,820.0,452.8929,727.2761448869239,452.9Hz_+50.0c,1,1499.955183312797,1499.9550705242302,452.89290104590077,727.2761427822985,600.0000014233144,599.9999995435346,1586.2619835353796,1586.2618587797785,1,-0.0001301794991823083,819.9999909920012,-820.0001301794991,-9.007998755805602e-06,1253.2129513982845,-5.00992540128632e-06
encodec_untrained,random-init-no-quant,24000,20260826,820.0,452.8929,727.2761448869239,452.9Hz_+50.0c,2,1499.9553078245976,1499.9550555849955,452.8929010446145,727.2761427815178,599.999999059554,600.0000038747957,1586.2621340660837,1586.2618290396765,1,-0.0002911325570991442,819.9999909950599,-820.0002911325571,-9.00494012512354e-06,1253.2129341555599,-5.011783644938031e-06
encodec_untrained,random-init-no-quant,24000,20260826,820.0,452.8929,727.2761448869239,452.9Hz_+50.0c,3,1499.9551920523845,1499.9551609399796,452.89290103682697,727.276142781503,599.9999873448295,599.9999839241967,1586.2620342444498,1586.2620082046667,1,-3.590964297816987e-05,819.9999910247933,-820.000035909643,-8.975206696959503e-06,1253.2130557552896,-5.011818818561145e-06
encodec_untrained,random-init-no-quant,24000,20260826,820.0,452.8929,727.2761448869239,452.9Hz_+50.0c,4,1499.9551974706546,1499.9552273254676,452.89290103883513,727.2761427813848,599.9999786119971,600.0000069541458,1586.2620656957943,1586.2620183757801,1,3.445814120344851e-05,819.9999910168356,-819.9999655418588,-8.983164434539503e-06,1253.2131323767896,-5.012100399751645e-06
encodec_untrained,random-init-no-quant,24000,20260826,825.0,440.0,708.6157460576719,440Hz_ongrid,0,1499.9553938669437,1499.9548639131008,439.99999890754395,708.6157449784045,599.9999987029795,600.0000158991662,1586.2622344041893,1586.2615731187611,1,-0.0006116677223602858,825.0000016616215,-825.0006116677224,1.661621467974328e-06,1298.2123913595226,-2.6367810408146506e-06
encodec_untrained,random-init-no-quant,24000,20260826,825.0,440.0,708.6157460576719,440Hz_ongrid,1,1499.9551403870053,1499.954918090107,439.99999891978956,708.6157449838091,599.9999981998952,599.9999925024299,1586.2619432916588,1586.2617031580705,1,-0.00025657299838029564,825.0000016266438,-825.0002565729984,1.6266437796730315e-06,1298.2124538901214,-2.6235767089514556e-06
encodec_untrained,random-init-no-quant,24000,20260826,825.0,440.0,708.6157460576719,440Hz_ongrid,2,1499.955252576482,1499.9551643406169,439.9999989103227,708.6157449835888,599.9999950750152,599.9999999099285,1586.2620817961858,1586.2619660045777,1,-0.00010184099721249005,825.0000016633542,-825.0001018409972,1.6633541690680431e-06,1298.2127381101518,-2.6241150768105026e-06
encodec_untrained,random-init-no-quant,24000,20260826,825.0,440.0,708.6157460576719,440Hz_ongrid,3,1499.9551628194417,1499.9552553078654,439.9999989167408,708.6157449836868,600.0000027738569,599.9999964277848,1586.2619559853013,1586.2620810454546,1,0.00010674925974432912,825.0000016383407,-824.9998932507402,1.6383406773456954e-06,1298.2128431036858,-2.6238755886447144e-06
encodec_untrained,random-init-no-quant,24000,20260826,825.0,440.0,708.6157460576719,440Hz_ongrid,4,1499.9551105819014,1499.955018808462,439.9999989100995,708.6157449807403,600.0000053791811,599.999995478331,1586.2618881758492,1586.261810819622,1,-0.00010592404195334005,825.000001657273,-825.0001059240419,1.6572729464314762e-06,1298.2125701383081,-2.6310744568320733e-06
encodec_untrained,random-init-no-quant,24000,20260826,825.0,452.8929,729.3796368584605,452.9Hz_+50.0c,0,1499.955443141012,1499.9549243357915,452.892901050847,729.3796378405251,599.9999764698557,599.9999966927913,1586.262355427079,1586.2616982759541,1,-0.0005988000656316628,824.9999983140191,-825.0005988000656,-1.6859809193192632e-06,1248.2127826689537,2.3309998183031025e-06
encodec_untrained,random-init-no-quant,24000,20260826,825.0,452.8929,729.3796368584605,452.9Hz_+50.0c,1,1499.955059649181,1499.955166953754,452.8929010488755,729.3796378415186,600.0000134840279,599.9999971151734,1586.261806004138,1586.2619770845945,1,0.0001238499264340644,824.9999983239136,-824.9998761500735,-1.6760864127718378e-06,1248.213062696331,2.3333577964808544e-06
encodec_untrained,random-init-no-quant,24000,20260826,825.0,452.8929,729.3796368584605,452.9Hz_+50.0c,2,1499.9550361442195,1499.9551932212062,452.89290104937186,729.3796378397032,599.9999969833563,599.999993639254,1586.261826485806,1586.2620174316223,1,0.00018129677678674314,824.9999983177067,-824.9998187032232,-1.6822932593640871e-06,1248.2130930139751,2.3290489315649047e-06
encodec_untrained,random-init-no-quant,24000,20260826,825.0,452.8929,729.3796368584605,452.9Hz_+50.0c,3,1499.9550896405083,1499.955112594187,452.89290103752717,729.3796378417235,600.0000095911482,599.9999971791719,1586.2618518523225,1586.2619141586354,1,2.649291987932661e-05,824.9999983677798,-824.9999735070801,-1.6322202327501145e-06,1248.2129999550325,2.3338440766234783e-06
encodec_untrained,random-init-no-quant,24000,20260826,825.0,452.8929,729.3796368584605,452.9Hz_+50.0c,4,1499.954949674764,1499.955062088706,452.8929010474769,729.379637840929,599.9999993107563,599.9999983869981,1586.2617199681106,1586.2618523806348,1,0.00012974712102869208,824.9999983278602,-824.999870252879,-1.6721397742003319e-06,1248.2129416620812,2.3319585397858737e-06
encodec_untrained,random-init-no-quant,24000,20260826,830.0,440.0,710.6652667840369,440Hz_ongrid,0,1499.9552850533985,1499.9550571825887,439.99999890852195,710.6652689163739,600.0000036790267,599.9999831803328,1586.2620944548034,1586.2618905952017,1,-0.0002630063299547383,830.0000094890873,-830.00026300633,9.489087346992164e-06,1293.2126144293659,5.1945332816970335e-06
encodec_untrained,random-init-no-quant,24000,20260826,830.0,440.0,710.6652667840369,440Hz_ongrid,1,1499.9552477937245,1499.9551957411456,439.99999892007224,710.6652689163095,600.0000080097503,600.0000015781902,1586.2620389542165,1586.2619974331844,1,-6.007859133114685e-05,830.0000094434848,-830.0000600785913,9.443484827897919e-06,1293.2127743523447,5.1943764419358776e-06
encodec_untrained,random-init-no-quant,24000,20260826,830.0,440.0,710.6652667840369,440Hz_ongrid,2,1499.9552774402837,1499.9550595452195,439.9999989103123,710.6652689124357,599.9999913013305,599.9999910868161,1586.262121382301,1586.2618705088391,1,-0.0002514924193878471,830.0000094724495,-830.0002514924194,9.472449505665281e-06,1293.2126171562923,5.184939531895108e-06
encodec_untrained,random-init-no-quant,24000,20260826,830.0,440.0,710.6652667840369,440Hz_ongrid,3,1499.9552791208457,1499.9552135650945,439.9999989218183,710.6652689105827,600.0000019223017,599.9999979081811,1586.262092676344,1586.262028594825,1,-7.566382325166955e-05,830.0000094226634,-830.0000756638233,9.422663424629718e-06,1293.212794924577,5.180425391416505e-06
encodec_untrained,random-init-no-quant,24000,20260826,830.0,440.0,710.6652667840369,440Hz_ongrid,4,1499.9552843212948,1499.9551242518326,439.9999989110011,710.6652689122296,599.999986147114,600.0000060119214,1586.2621441962235,1586.2619021278522,1,-0.0001847506529428394,830.0000094692373,-830.0001847506529,9.469237284065457e-06,1293.212691840056,5.184437490894934e-06
encodec_untrained,random-init-no-quant,24000,20260826,830.0,452.8929,731.4892127343095,452.9Hz_+50.0c,0,1499.955254887914,1499.9551341081908,452.89290104220663,731.4892104350699,600.0000055884119,600.0000052241337,1586.262054128768,1586.2619157770425,1,-0.00013940281016720733,829.9999905743795,-830.0001394028102,-9.425620532965695e-06,1243.2130247862926,-5.4416685550803405e-06
encodec_untrained,random-init-no-quant,24000,20260826,830.0,452.8929,731.4892127343095,452.9Hz_+50.0c,1,1499.9551036774803,1499.9553870786672,452.892901051993,731.4892104352075,599.9999773168431,600.0000122329072,1586.2619611776242,1586.2621875301072,1,0.0003270989487649099,829.9999905372954,-829.9996729010512,-9.462704610996298e-06,1243.2133167624027,-5.44134295880947e-06
encodec_untrained,random-init-no-quant,24000,20260826,830.0,452.8929,731.4892127343095,452.9Hz_+50.0c,2,1499.9552446373802,1499.9551564267406,452.8929010440807,731.4892104342621,599.9999775855932,599.9999997353225,1586.262123096756,1586.2619573742631,1,-0.00010181188267679208,829.9999905653036,-830.0001018118827,-9.434696380594687e-06,1243.2130505461519,-5.443580424092358e-06
encodec_untrained,random-init-no-quant,24000,20260826,830.0,452.8929,731.4892127343095,452.9Hz_+50.0c,3,1499.9552945914593,1499.9550652063836,452.8929010487349,731.4892104351493,599.9999870407423,600.0000044393902,1586.2621534714829,1586.2618385155165,1,-0.00026475407987099157,829.999990549612,-830.0002647540799,-9.450388006371213e-06,1243.2129452604756,-5.441480770218097e-06
encodec_untrained,random-init-no-quant,24000,20260826,830.0,452.8929,731.4892127343095,452.9Hz_+50.0c,4,1499.9550526383337,1499.9552507910262,452.89290104555016,731.4892104346694,599.999997947029,600.0000106623311,1586.261842742586,1586.2620347599432,1,0.0002287059633393744,829.9999905606504,-829.9997712940367,-9.439349582862633e-06,1243.2131594605141,-5.442616513054329e-06
encodec_untrained,random-init-no-quant,24000,20260826,835.0,440.0,712.720715314337,440Hz_ongrid,0,1499.9553239785935,1499.9551663401885,439.9999989122719,712.7207163747929,599.9999991618694,600.0000043163752,1586.2621524156516,1586.2619555981469,1,-0.0001819447447184775,835.0000068557,-835.0001819447447,6.855700007690757e-06,1288.2127404180383,2.5759001083909063e-06
encodec_untrained,random-init-no-quant,24000,20260826,835.0,440.0,712.720715314337,440Hz_ongrid,1,1499.9551572864011,1499.9553746474542,439.9999989215312,712.7207163741122,599.9999881940021,600.0000002934673,1586.2619916676867,1586.2622076320622,1,0.0002508760524616004,835.0000068176146,-834.9997491239476,6.8176145759935025e-06,1288.2129808442953,2.5742467559062166e-06
encodec_untrained,random-init-no-quant,24000,20260826,835.0,440.0,712.720715314337,440Hz_ongrid,2,1499.9553049339634,1499.9550729248588,439.99999891502887,712.7207163718174,599.9999881772648,600.0000005817725,1586.2621621293915,1586.2618585548398,1,-0.0002677827074527082,835.0000068376247,-835.0002677827074,6.837624709987722e-06,1288.2126325989464,2.568672409386678e-06
encodec_untrained,random-init-no-quant,24000,20260826,835.0,440.0,712.720715314337,440Hz_ongrid,3,1499.9550814933202,1499.9549093230003,439.99999890917184,712.7207163718792,600.0000024694099,599.9999977665955,1586.2618629979077,1586.2616778499857,1,-0.00019871737557259803,835.00000686082,-835.0001987173756,6.860820008114388e-06,1288.2124437712082,2.568822714158014e-06
encodec_untrained,random-init-no-quant,24000,20260826,835.0,440.0,712.720715314337,440Hz_ongrid,4,1499.9551661591581,1499.954830434262,439.99999891608206,712.7207163727634,599.9999871614278,599.9999948655998,1586.2620048879185,1586.2615951678379,1,-0.00038749053939665575,835.0000068357785,-835.0003874905394,6.8357785494299605e-06,1288.2123527185556,2.570970419420043e-06
encodec_untrained,random-init-no-quant,24000,20260826,835.0,452.8929,733.6048901108738,452.9Hz_+50.0c,0,1499.9551655247742,1499.9550411368011,452.89290103967187,733.6048907156814,599.9999999678316,599.9999993468845,1586.2619672042476,1586.261825428496,1,-0.00014356742667148993,834.9999974530228,-835.0001435674267,-2.546977157180663e-06,1238.2129174795891,1.427285268678725e-06
encodec_untrained,random-init-no-quant,24000,20260826,835.0,452.8929,733.6048901108738,452.9Hz_+50.0c,1,1499.9549790492968,1499.9550904786602,452.89290104386606,733.6048907154557,599.9999949458341,599.999994765524,1586.2617664664258,1586.2618955974183,1,0.00012861072747269493,834.9999974364571,-834.9998713892725,-2.5635429210524308e-06,1238.2129744294998,1.4267524747830496e-06
encodec_untrained,random-init-no-quant,24000,20260826,835.0,452.8929,733.6048901108738,452.9Hz_+50.0c,2,1499.9552571064576,1499.955103167788,452.89290103653195,733.6048907149308,599.9999895638217,600.0000055756275,1586.2621029265838,1586.2618790517245,1,-0.00017767455323223051,834.999997463254,-835.0001776745532,-2.536746023906744e-06,1238.2129890751714,1.4255139019606348e-06
encodec_untrained,random-init-no-quant,24000,20260826,835.0,452.8929,733.6048901108738,452.9Hz_+50.0c,3,1499.9553515809548,1499.9549608147338,452.892901038671,733.6048907164846,599.9999904917455,600.0000058177104,1586.2622092907216,1586.2617140506593,1,-0.0004510186749431314,834.9999974587439,-835.000451018675,-2.5412560944459983e-06,1238.2128247726098,1.4291808002079983e-06
encodec_untrained,random-init-no-quant,24000,20260826,835.0,452.8929,733.6048901108738,452.9Hz_+50.0c,4,1499.9551864502598,1499.9551211176472,452.89290103754814,733.6048907147884,600.0000029565534,599.9999930147033,1586.2619827326166,1586.2619360124493,1,-7.540628351038456e-05,834.9999974590335,-835.0000754062835,-2.5409665340703214e-06,1238.2130097927297,1.4251779265891911e-06
encodec_untrained,random-init-no-quant,24000,20260826,840.0,440.0,714.7821087934872,440Hz_ongrid,0,1499.9553223168386,1499.9552355491205,439.99999891037436,714.782107704367,600.0000034044995,600.0000123569729,1586.2621382560271,1586.2620122781784,1,-0.00010014647111377227,840.0000016493684,-840.0001001464711,1.64936841429153e-06,1283.2128202983308,-2.637897370884401e-06
encodec_untrained,random-init-no-quant,24000,20260826,840.0,440.0,714.7821087934872,440Hz_ongrid,1,1499.955266796168,1499.9552215592596,439.99999891989546,714.7821077004434,599.9999819621703,599.9999953611568,1586.262136044085,1586.262045170773,1,-5.221200855956829e-05,840.0000016024032,-840.0000522120085,1.6024032447603531e-06,1283.2128041513665,-2.647400784102185e-06
encodec_untrained,random-init-no-quant,24000,20260826,840.0,440.0,714.7821087934872,440Hz_ongrid,2,1499.9551527299577,1499.9551889934812,439.99999891352076,714.7821076984891,599.9999943365506,599.999981411849,1586.2619686850342,1586.2620478328558,1,4.18550151873845e-05,840.0000016227517,-839.9999581449848,1.622751710783632e-06,1283.2127665642547,-2.652134038974406e-06
encodec_untrained,random-init-no-quant,24000,20260826,840.0,440.0,714.7821087934872,440Hz_ongrid,3,1499.9553348240538,1499.955023362556,439.99999891353474,714.7821076996347,599.9999923206774,599.999999834595,1586.2621846728853,1586.2618035063936,1,-0.0003594859084254547,840.0000016254716,-840.0003594859085,1.625471554689284e-06,1283.2125753946013,-2.649359359069614e-06
encodec_untrained,random-init-no-quant,24000,20260826,840.0,440.0,714.7821087934872,440Hz_ongrid,4,1499.9552691439528,1499.9551859198787,439.999998910391,714.7821076994798,600.0000089679928,600.0000051924586,1586.262060831543,1586.2619756689971,1,-9.605643433119913e-05,840.0000016374656,-840.0000960564344,1.6374656297557522e-06,1283.2127630167317,-2.6497345443823144e-06
encodec_untrained,random-init-no-quant,24000,20260826,840.0,452.8929,735.7266866354498,452.9Hz_+50.0c,0,1499.955282071959,1499.955178131394,452.8929010446972,735.7266896996442,599.9999849068012,600.0000020511677,1586.2621451788482,1586.2619757434516,1,-0.00011996721065068526,840.0000032168646,-840.0001199672106,3.2168645702768117e-06,1233.2130755974574,7.210337453398172e-06
encodec_untrained,random-init-no-quant,24000,20260826,840.0,452.8929,735.7266866354498,452.9Hz_+50.0c,1,1499.9552285109878,1499.9553085561995,452.8929010323032,735.726689699881,600.0000008068812,599.9999926144352,1586.2620374813523,1586.262153507174,1,9.238741899584102e-05,840.0000032647995,-839.999907612581,3.264799488533754e-06,1233.2132261325253,7.210894849607514e-06
encodec_untrained,random-init-no-quant,24000,20260826,840.0,452.8929,735.7266866354498,452.9Hz_+50.0c,2,1499.9550351222351,1499.9551748650292,452.89290104078594,735.726689699859,599.9999907757897,600.0000115414603,1586.2618432174922,1586.2619445902487,1,0.00016128981633714638,840.0000032323214,-839.9998387101837,3.2323214327334426e-06,1233.2130718274502,7.210842954098369e-06
encodec_untrained,random-init-no-quant,24000,20260826,840.0,452.8929,735.7266866354498,452.9Hz_+50.0c,3,1499.9551805699773,1499.9552999647144,452.8929010482802,735.7266897005441,599.9999998505199,599.9999983878628,1586.2619849077691,1586.2621269323731,1,0.00013780426803807654,840.0000032052858,-839.9998621957319,3.2052857932285406e-06,1233.2132162163152,7.212454790171315e-06
encodec_untrained,random-init-no-quant,24000,20260826,840.0,452.8929,735.7266866354498,452.9Hz_+50.0c,4,1499.9551643121968,1499.9550610368785,452.89290104061814,735.7266897002581,599.9999943472604,599.9999919183209,1586.2619820222428,1586.2618698312824,1,-0.00011919939866152164,840.0000032339021,-840.0001191993987,3.233902134525124e-06,1233.212940448072,7.211782070608315e-06
encodec_untrained,random-init-no-quant,24000,20260826,845.0,440.0,716.8494644159914,440Hz_ongrid,0,1499.9551496172853,1499.9550016942553,439.9999989093662,716.849461419154,600.0000168541513,599.9999959545124,1586.261900120356,1586.2617896925954,1,-0.00017073137084089703,844.9999970536925,-845.0001707313709,-2.9463075179592124e-06,1278.212550385251,-7.237540532932373e-06
encodec_untrained,random-init-no-quant,24000,20260826,845.0,440.0,716.8494644159914,440Hz_ongrid,1,1499.955123360604,1499.955225057822,439.99999891576846,716.8494614158918,599.999996744139,600.0000075481714,1586.2619278403715,1586.2620140444892,1,0.00011737796525873833,844.9999970206237,-844.9998826220348,-2.979376290568325e-06,1278.2128081893734,-7.245418847903219e-06
encodec_untrained,random-init-no-quant,24000,20260826,845.0,440.0,716.8494644159914,440Hz_ongrid,2,1499.955220590313,1499.9551649817256,439.9999989093974,716.8494614148176,600.0000016907331,600.000016846757,1586.2620257891272,1586.2619178751831,1,-6.41829039072603e-05,844.9999970430971,-845.0000641829039,-2.9569029038611916e-06,1278.212738850113,-7.248013046765397e-06
encodec_untrained,random-init-no-quant,24000,20260826,845.0,440.0,716.8494644159914,440Hz_ongrid,3,1499.9550883075626,1499.9550848546241,439.99999890404644,716.8494614185056,600.0000056515862,600.0000027729084,1586.261861681022,1586.2618660017813,1,-3.985349089799451e-06,844.9999970730579,-845.000003985349,-2.9269421020217123e-06,1278.212646368169,-7.239106431882515e-06
encodec_untrained,random-init-no-quant,24000,20260826,845.0,440.0,716.8494644159914,440Hz_ongrid,4,1499.955220207972,1499.955185150245,439.9999989089151,716.8494614181132,599.9999860954798,599.9999926489511,1586.2620703462223,1586.2620109736054,1,-4.0463295658321836e-05,844.999997052954,-845.0000404632957,-2.947046027657052e-06,1278.2127621284267,-7.240054197651897e-06
encodec_untrained,random-init-no-quant,24000,20260826,845.0,452.8929,737.8546200063753,452.9Hz_+50.0c,0,1499.954881391235,1499.9550738637386,452.8929010439311,737.8546189142569,600.0000037986314,600.0000023894271,1586.2616282066244,1586.2618544226975,1,0.0002221499691295405,844.9999934470103,-844.9997778500309,-6.552989702868217e-06,1228.212955252713,-2.562445913093185e-06
encodec_untrained,random-init-no-quant,24000,20260826,845.0,452.8929,737.8546200063753,452.9Hz_+50.0c,1,1499.9549965386843,1499.9550899798628,452.89290104886595,737.8546189138085,600.0000093956177,599.9999883697503,1586.261744959252,1586.261913476013,1,0.00010784893205453985,844.9999934270943,-844.9998921510679,-6.572905704160803e-06,1228.2129738537924,-2.5634978542900653e-06
encodec_untrained,random-init-no-quant,24000,20260826,845.0,452.8929,737.8546200063753,452.9Hz_+50.0c,2,1499.9552131990017,1499.9550641772007,452.8929010376968,737.8546189146257,599.9999845984566,599.9999990846386,1586.2620665760314,1586.2618527781906,1,-0.00017199955479088773,844.999993471707,-845.0001719995548,-6.5282930563626e-06,1228.212944072602,-2.5615806035246935e-06
encodec_untrained,random-init-no-quant,24000,20260826,845.0,452.8929,737.8546200063753,452.9Hz_+50.0c,3,1499.9552309184012,1499.9551161458623,452.8929010495812,737.854618911685,599.9999841513036,599.9999933838784,1586.2620883178047,1586.2619292088477,1,-0.00013246937678985208,844.9999934193775,-845.0001324693768,-6.580622539331671e-06,1228.2130040543425,-2.5684803998129536e-06
encodec_untrained,random-init-no-quant,24000,20260826,845.0,452.8929,737.8546200063753,452.9Hz_+50.0c,4,1499.9550293021603,1499.9549721703622,452.8929010366223,737.85461891435,600.0000107638684,600.0000045578465,1586.261778826612,1586.2617307924183,1,-6.594098755674564e-05,844.9999934751673,-845.0000659409876,-6.524832656396029e-06,1228.2128378791701,-2.5622273753367715e-06
encodec_untrained,random-init-no-quant,24000,20260826,850.0,440.0,718.922799426084,440Hz_ongrid,0,1499.9551410900751,1499.9551424892459,439.9999989076768,718.9228008409559,599.999999058835,600.0000025508003,1586.2619416247594,1586.2619331639867,1,1.6149098307052537e-06,850.0000077050254,-849.9999983850902,7.705025382165331e-06,1273.212712889506,3.407145461819937e-06
encodec_untrained,random-init-no-quant,24000,20260826,850.0,440.0,718.922799426084,440Hz_ongrid,1,1499.9552182759785,1499.9552667939045,439.99999890656085,718.9228008416156,600.0000114799651,599.9999941731825,1586.2619948721917,1586.2621008079382,1,5.599892789776917e-05,850.000007711005,-849.9999440010721,7.711004968768975e-06,1273.212856360762,3.408733848814462e-06
encodec_untrained,random-init-no-quant,24000,20260826,850.0,440.0,718.922799426084,440Hz_ongrid,2,1499.9551481376939,1499.955156616994,439.9999989091788,718.9228008434858,599.9999925717545,600.0000086478362,1586.261968476812,1586.261931877773,1,9.786728059724323e-06,850.0000077052076,-849.999990213272,7.705207622166199e-06,1273.2127291956192,3.413237610195832e-06
encodec_untrained,random-init-no-quant,24000,20260826,850.0,440.0,718.922799426084,440Hz_ongrid,3,1499.9551228658668,1499.9551062812757,439.99999891779373,718.9228008422804,599.999992355161,599.9999966993706,1586.2619399332643,1586.2619082567464,1,-1.9141778670211536e-05,850.0000076684083,-850.0000191417787,7.66840832966409e-06,1273.2126710986083,3.4103345369667358e-06
encodec_untrained,random-init-no-quant,24000,20260826,850.0,440.0,718.922799426084,440Hz_ongrid,4,1499.9551388848358,1499.9551197365483,439.99999891313706,718.9228008418179,600.0000090948881,599.9999983336362,1586.2619101215648,1586.2619190712016,1,-2.2100772619106658e-05,850.000007685617,-850.0000221007726,7.685616992603173e-06,1273.2126866285575,3.4092208977791426e-06
encodec_untrained,random-init-no-quant,24000,20260826,850.0,452.8929,739.9887079731761,452.9Hz_+50.0c,0,1499.9554464402652,1499.95499938009,452.8929010450029,739.9887090785517,599.9999987142619,599.9999953293006,1586.2622950512548,1586.261788825587,1,-0.0005159926013837186,849.9999985914307,-850.0005159926014,-1.4085693464949145e-06,1223.2128692843842,2.5860716282106555e-06
encodec_untrained,random-init-no-quant,24000,20260826,850.0,452.8929,739.9887079731761,452.9Hz_+50.0c,1,1499.9552305212844,1499.9551190167094,452.8929010429171,739.9887090785232,600.0000034440453,600.0000047760883,1586.2620321923703,1586.261899651383,1,-0.0001286975238158008,849.9999985993371,-850.0001286975238,-1.400662881678727e-06,1223.2130073678475,2.5860051250765355e-06
encodec_untrained,random-init-no-quant,24000,20260826,850.0,452.8929,739.9887079731761,452.9Hz_+50.0c,2,1499.9550315659012,1499.955159524371,452.89290105089043,739.9887090771123,600.0000160114712,600.0000126567086,1586.2617662980203,1586.2619236662802,1,0.0001476884612276369,849.9999985655572,-849.9998523115388,-1.4344427654577885e-06,1223.2130541214076,2.5827041862748724e-06
encodec_untrained,random-init-no-quant,24000,20260826,850.0,452.8929,739.9887079731761,452.9Hz_+50.0c,3,1499.955084107707,1499.9551422545665,452.8929010434945,739.9887090775569,599.9999937112169,599.9999890445847,1586.2618912862113,1586.261971863823,1,6.711255687683562e-05,849.9999985948692,-849.9999328874432,-1.4051307744011865e-06,1223.2130341887625,2.5837444029276386e-06
encodec_untrained,random-init-no-quant,24000,20260826,850.0,452.8929,739.9887079731761,452.9Hz_+50.0c,4,1499.9552277474681,1499.9551777691124,452.892901051541,739.9887090779586,600.000006173119,600.0000073626372,1586.262021116416,1586.261959999648,1,-5.7684543575526074e-05,849.9999985650503,-850.0000576845435,-1.4349496950671892e-06,1223.2130751793152,2.584683903851275e-06
encodec_untrained,random-init-no-quant,24000,20260826,855.0,440.0,721.0021311178755,440Hz_ongrid,0,1499.9553053768002,1499.955081436631,439.9999989153508,721.0021301245841,599.9999991120576,600.0000105910218,1586.2621310893664,1586.261839498459,1,-0.0002584696180768961,855.0000018826446,-855.0002584696181,1.8826445966624306e-06,1268.2126424231533,-2.3850411140863735e-06
encodec_untrained,random-init-no-quant,24000,20260826,855.0,440.0,721.0021311178755,440Hz_ongrid,1,1499.9551714829743,1499.955118153235,439.99999891052227,721.0021301261677,600.0000128694016,599.9999810668926,1586.261936855084,1586.2619670650479,1,-6.155268101988428e-05,855.0000019054452,-855.000061552681,1.905445174088527e-06,1268.212684801112,-2.381238903095232e-06
encodec_untrained,random-init-no-quant,24000,20260826,855.0,440.0,721.0021311178755,440Hz_ongrid,2,1499.9551165345204,1499.955191344227,439.99999892084355,721.0021301245914,600.000003491095,600.0000136981457,1586.2619004941707,1586.2619573875036,1,8.634465545540355e-05,855.00000186105,-854.9999136553446,1.861050009210885e-06,1268.2127692774625,-2.3850238155832293e-06
encodec_untrained,random-init-no-quant,24000,20260826,855.0,440.0,721.0021311178755,440Hz_ongrid,3,1499.9552379024506,1499.9551250962425,439.99999891431514,721.0021301243302,600.0000086525533,599.9999898099046,1586.262025683065,1586.2619498516008,1,-0.00013019985587010586,855.0000018861094,-855.0001301998559,1.8861094304156723e-06,1268.2126928146658,-2.3856509824250104e-06
encodec_untrained,random-init-no-quant,24000,20260826,855.0,440.0,721.0021311178755,440Hz_ongrid,4,1499.9553680285892,1499.9552960735612,439.9999989179067,721.0021301239549,599.999984595314,600.0000064723467,1586.2622452879282,1586.2620991143517,1,-8.304980275551755e-05,855.0000018710771,-855.0000830498028,1.8710770746110938e-06,1268.2128901550623,-2.3865520422332454e-06
encodec_untrained,random-init-no-quant,24000,20260826,855.0,452.8929,742.1289683367155,452.9Hz_+50.0c,0,1499.9552315381725,1499.9551247600937,452.8929010407992,742.1289694515473,600.0000002166014,600.0000119547598,1586.2620426784874,1586.2618855670758,1,-0.00012324224652433623,854.999998622101,-855.0001232422466,-1.3778990251012146e-06,1218.2130139968071,2.600673102467291e-06
encodec_untrained,random-init-no-quant,24000,20260826,855.0,452.8929,742.1289683367155,452.9Hz_+50.0c,1,1499.9549972276873,1499.9549692292064,452.8929010513441,742.1289694497704,599.999999369628,600.0000008652319,1586.2617746833835,1586.2617380523975,1,-3.231558538611073e-05,854.9999985776466,-855.0000323155854,-1.4223534208213096e-06,1218.2128344845155,2.5965276123034566e-06
encodec_untrained,random-init-no-quant,24000,20260826,855.0,452.8929,742.1289683367155,452.9Hz_+50.0c,2,1499.9552702099866,1499.9551440414275,452.89290103676393,742.128969450586,600.0000043820133,599.9999982078048,1586.2620752942885,1586.2619474867363,1,-0.00014562255205729773,854.9999986352839,-855.000145622552,-1.3647161267726915e-06,1218.2130362511405,2.5984304476438683e-06
encodec_untrained,random-init-no-quant,24000,20260826,855.0,452.8929,742.1289683367155,452.9Hz_+50.0c,3,1499.9552130884686,1499.9550855495047,452.8929010375047,742.1289694494583,599.9999791408392,599.9999926736322,1586.262082195811,1586.2618959441575,1,-0.00014720426600283037,854.9999986298211,-855.000147204266,-1.3701788930120529e-06,1218.2129687403149,2.5957999219399417e-06
encodec_untrained,random-init-no-quant,24000,20260826,855.0,452.8929,742.1289683367155,452.9Hz_+50.0c,4,1499.955208762741,1499.9552251166403,452.8929010475343,742.1289694502116,600.0000015313669,599.9999929776025,1586.2620125976898,1586.2620561541519,1,1.887551528852323e-05,854.9999985932392,-854.9999811244847,-1.406760816280439e-06,1218.2131298273825,2.5975570654431786e-06
encodec_untrained,random-init-no-quant,24000,20260826,860.0,440.0,723.0874768354955,440Hz_ongrid,0,1499.955260336588,1499.9551313876127,439.9999989155169,723.087478554988,600.0000011692224,599.999999287034,1586.2620731686613,1586.2619297678254,1,-0.00014883168336780357,860.0000083838838,-860.0001488316834,8.383883823626093e-06,1263.2127000761059,4.116851916628974e-06
encodec_untrained,random-init-no-quant,24000,20260826,860.0,440.0,723.0874768354955,440Hz_ongrid,1,1499.9551245978491,1499.9552014402802,439.99999891669734,723.087478554599,599.9999883633054,599.9999938694333,1586.2619534503629,1586.2620262538426,1,8.869080633893934e-05,860.000008378308,-859.9999113091936,8.378308052670036e-06,1263.2127809302315,4.115920488340939e-06
encodec_untrained,random-init-no-quant,24000,20260826,860.0,440.0,723.0874768354955,440Hz_ongrid,2,1499.9553002773293,1499.9549621679157,439.9999989199251,723.0874785519756,599.9999934367997,599.9999996081939,1586.2621415789388,1586.2617335293664,1,-0.00039024269265138645,860.000008359327,-860.0003902426927,8.359327011930873e-06,1263.2125047643183,4.1096392096671814e-06
encodec_untrained,random-init-no-quant,24000,20260826,860.0,440.0,723.0874768354955,440Hz_ongrid,3,1499.9552217649832,1499.955159773705,439.99999891671655,723.0874785534401,599.9999884555882,599.9999993962704,1586.2620653334764,1586.2619622155953,1,-7.15497450663058e-05,860.0000083754576,-860.000071549745,8.375457582587842e-06,1263.212732839065,4.11314542403581e-06
encodec_untrained,random-init-no-quant,24000,20260826,860.0,440.0,723.0874768354955,440Hz_ongrid,4,1499.9552233407148,1499.9551387761771,439.9999989113481,723.0874785534265,599.9999845515771,599.9999940947456,1586.2620784167664,1586.2619532774145,1,-9.760358774231866e-05,860.000008396548,-860.0000976035877,8.396547968914092e-06,1263.2127086039172,4.113113133496728e-06
encodec_untrained,random-init-no-quant,24000,20260826,860.0,452.8929,744.2754189493418,452.9Hz_+50.0c,0,1499.9551864997984,1499.9554020489588,452.89290103982194,744.2754175866211,599.9999993446485,599.9999980794796,1586.2619932115485,1586.2622456468328,1,0.0002487847786750497,859.999992855385,-859.9997512152213,-7.1446149831899675e-06,1213.2133340409687,-3.1697788679542184e-06
encodec_untrained,random-init-no-quant,24000,20260826,860.0,452.8929,744.2754189493418,452.9Hz_+50.0c,1,1499.9551257751086,1499.9552527021353,452.89290103362526,744.2754175889924,599.9999861755691,600.0000000877639,1586.2619611216176,1586.2620674774782,1,0.00014649796988698053,859.9999928845883,-859.9998535020301,-7.115411676750227e-06,1213.2131616662975,-3.16426314412133e-06
encodec_untrained,random-init-no-quant,24000,20260826,860.0,452.8929,744.2754189493418,452.9Hz_+50.0c,2,1499.9551894236956,1499.9552452310597,452.89290103556107,744.2754175884048,600.000009612608,600.0000111928864,1586.2619669592143,1586.262026811824,1,6.441232906747052e-05,859.9999928758217,-859.999935587671,-7.124178296180617e-06,1213.2131530432537,-3.1656297258703555e-06
encodec_untrained,random-init-no-quant,24000,20260826,860.0,452.8929,744.2754189493418,452.9Hz_+50.0c,3,1499.9549548550933,1499.9550425869343,452.89290103630213,744.275417586823,600.0000003831923,599.9999841183021,1586.2617228528022,1586.2618710426273,1,0.00010125927142664089,859.9999928693094,-859.9998987407286,-7.130690619305824e-06,1213.2129191533195,-3.1693091174908393e-06
encodec_untrained,random-init-no-quant,24000,20260826,860.0,452.8929,744.2754189493418,452.9Hz_+50.0c,4,1499.955405135318,1499.954960117427,452.8929010372259,744.2754175878673,599.9999963004835,600.0000106101534,1586.2622543421764,1586.261699417767,1,-0.0005136354301497329,859.9999928682075,-860.0005136354301,-7.131792472137022e-06,1213.2128239677845,-3.166880023237081e-06
encodec_untrained,random-init-no-quant,24000,20260826,865.0,440.0,725.178853973238,440Hz_ongrid,0,1499.955399946196,1499.955027590156,439.99999890692607,725.1788546661578,599.9999962490991,599.9999813682468,1586.2622485012057,1586.2618616684688,1,-0.00042976980163250054,865.000005955055,-865.0004297698016,5.9550550304265926e-06,1258.2125802740577,1.6542212556264727e-06
encodec_untrained,random-init-no-quant,24000,20260826,865.0,440.0,725.178853973238,440Hz_ongrid,1,1499.9552388080078,1499.9550686705434,439.9999989100623,725.1788546643551,599.999987733243,599.9999887452268,1586.262087088621,1586.2618877976008,1,-0.00019637105208652065,865.0000059384114,-865.0001963710521,5.938411391070986e-06,1258.2126276886552,1.6499177724653546e-06
encodec_untrained,random-init-no-quant,24000,20260826,865.0,440.0,725.178853973238,440Hz_ongrid,2,1499.955102960964,1499.9549669914595,439.9999989167067,725.1788546656699,599.9999830757413,599.9999994613654,1586.26194373396,1586.2617395203133,1,-0.00015693472829603425,865.000005915407,-865.0001569347284,5.915406973144854e-06,1258.2125103316077,1.6530564897507983e-06
encodec_untrained,random-init-no-quant,24000,20260826,865.0,440.0,725.178853973238,440Hz_ongrid,3,1499.9552822522649,1499.9550177843646,439.99999891393537,725.1788546655343,599.9999953207277,600.0000042757589,1586.2621153387145,1586.261784253607,1,-0.0003052463494113048,865.0000059259877,-865.0003052463494,5.9259876934447675e-06,1258.2125689563047,1.6527328155371616e-06
encodec_untrained,random-init-no-quant,24000,20260826,865.0,440.0,725.178853973238,440Hz_ongrid,4,1499.9552921481045,1499.9549086802224,439.999998918457,725.1788546659265,599.9999917139868,600.000008735039,1586.2621371672524,1586.2616454598594,1,-0.0004425950177151969,865.000005909133,-865.0004425950177,5.909133051318349e-06,1258.21244302932,1.6536688567606826e-06
encodec_untrained,random-init-no-quant,24000,20260826,865.0,452.8929,746.428077715037,452.9Hz_+50.0c,0,1499.9551125995026,1499.9551491957754,452.8929010408707,746.4280779732137,599.999996222639,599.9999960819819,1586.2619169247414,1586.2619595696644,1,4.223907270022854e-05,864.9999966199589,-864.9999577609273,-3.3800411074480508e-06,1208.2130422002401,5.988042150967899e-07
encodec_untrained,random-init-no-quant,24000,20260826,865.0,452.8929,746.428077715037,452.9Hz_+50.0c,1,1499.9552633781052,1499.9551037615875,452.8929010393466,746.4280779723501,599.9999771706408,599.9999948839862,1586.2621459244215,1586.2619105866381,1,-0.00018422787117241518,864.9999966237818,-865.0001842278712,-3.376218160155986e-06,1208.2129897605294,5.968014328472964e-07
encodec_untrained,random-init-no-quant,24000,20260826,865.0,452.8929,746.428077715037,452.9Hz_+50.0c,2,1499.9550012232653,1499.955214815146,452.8929010516559,746.4280779700262,600.0000041139532,600.0000050551943,1586.2617656058135,1586.2620094157014,1,0.0002465257355695615,864.9999965713383,-864.9997534742645,-3.428661671023292e-06,1208.2131179374956,5.914112192767669e-07
encodec_untrained,random-init-no-quant,24000,20260826,865.0,452.8929,746.428077715037,452.9Hz_+50.0c,3,1499.9548020850164,1499.9550248311427,452.8929010490583,746.4280779727073,600.000008692336,599.9999740383947,1586.2615225518714,1586.2618796335248,1,0.00025709151327816827,864.9999965874865,-864.9997429084867,-3.412513478906476e-06,1208.212898659751,5.976298389408971e-07
encodec_untrained,random-init-no-quant,24000,20260826,865.0,452.8929,746.428077715037,452.9Hz_+50.0c,4,1499.9551783696688,1499.955148008034,452.89290103660664,746.428077970326,600.0000084145676,600.0000111358851,1586.2619576575755,1586.2619147624016,1,-3.504311154226538e-05,864.9999966295609,-865.0000350431116,-3.370439117134083e-06,1208.2130408293604,5.921062346907971e-07
encodec_untrained,random-init-no-quant,24000,20260826,870.0,440.0,727.2762799757063,440Hz_ongrid,0,1499.9550373000015,1499.9551867467223,439.9999989179415,727.2762778576149,599.9999848730039,600.0000010714649,1586.2618627628897,1586.2619885140068,1,0.00017248999634660313,869.9999992155128,-869.9998275100037,-7.844871561246691e-07,1253.2127639710666,-5.041979335456258e-06
encodec_untrained,random-init-no-quant,24000,20260826,870.0,440.0,727.2762799757063,440Hz_ongrid,1,1499.9552105670307,1499.9553360952027,439.9999989138805,727.2762778573707,599.9999875480598,599.9999992790672,1586.2620550274796,1586.262166062364,1,0.00014488341692496905,869.9999992309098,-869.999855116583,-7.690902066315175e-07,1253.2129363476574,-5.042560565162804e-06
encodec_untrained,random-init-no-quant,24000,20260826,870.0,440.0,727.2762799757063,440Hz_ongrid,2,1499.9552361001442,1499.9551234480598,439.999998908394,727.2762778583758,599.9999990746518,600.0000015513564,1586.262051238842,1586.261914070615,1,-0.00013002196785312953,869.99999925489,-870.0001300219678,-7.451100145772216e-07,1253.212690912349,-5.040167989968667e-06
encodec_untrained,random-init-no-quant,24000,20260826,870.0,440.0,727.2762799757063,440Hz_ongrid,3,1499.95527736702,1499.9551982645744,439.99999891017137,727.2762778578845,600.0000196306688,599.9999964815854,1586.2620395565496,1586.262015051395,1,-9.129928939938477e-05,869.9999992467268,-870.0000912992894,-7.532731842729845e-07,1253.2127772648619,-5.0413377531942056e-06
encodec_untrained,random-init-no-quant,24000,20260826,870.0,440.0,727.2762799757063,440Hz_ongrid,4,1499.955268980695,1499.9550579201225,439.99999890700116,727.2762778572369,599.999999821659,600.0000102583174,1586.2620870338528,1586.261813315908,1,-0.0002436041147818974,869.9999992576592,-870.0002436041148,-7.423408305839985e-07,1253.2126152806204,-5.042879049826741e-06
encodec_untrained,random-init-no-quant,24000,20260826,870.0,452.8929,748.5869625895672,452.9Hz_+50.0c,0,1499.9551322458854,1499.955202881038,452.89290104921184,748.5869640310988,599.9999914977831,599.9999908492301,1586.2619532334631,1586.262036631216,1,8.152642442612213e-05,869.9999993230555,-869.9999184735756,-6.769445235477178e-07,1203.2131041632615,3.3337859699289148e-06
encodec_untrained,random-init-no-quant,24000,20260826,870.0,452.8929,748.5869625895672,452.9Hz_+50.0c,1,1499.955324961387,1499.9551323516569,452.8929010402861,748.5869640299077,599.9999916001065,600.0000149712081,1586.2621753686183,1586.2618856255565,1,-0.0002223083174005678,869.9999993544205,-870.0002223083173,-6.455794618887012e-07,1203.2130227589178,3.3310312794150568e-06
encodec_untrained,random-init-no-quant,24000,20260826,870.0,452.8929,748.5869625895672,452.9Hz_+50.0c,2,1499.9548992900573,1499.9551513961426,452.89290103565656,748.5869640295932,599.9999873132182,600.0000218929579,1586.2616964321278,1586.2618876345746,1,0.00029097848364046395,869.9999993713902,-869.9997090215163,-6.286097686825087e-07,1203.2130447398833,3.3303039734630297e-06
encodec_untrained,random-init-no-quant,24000,20260826,870.0,452.8929,748.5869625895672,452.9Hz_+50.0c,3,1499.9551599988708,1499.955048195474,452.8929010509227,748.586964027166,600.0000072529401,600.0000013823983,1586.2619398059228,1586.261827702299,1,-0.00012904242716286102,869.9999993074202,-870.0001290424271,-6.92579760652734e-07,1203.2129256266435,3.324690417005594e-06
encodec_untrained,random-init-no-quant,24000,20260826,870.0,452.8929,748.5869625895672,452.9Hz_+50.0c,4,1499.9551194109986,1499.9552558979585,452.8929010402572,748.5869640288613,599.9999844015647,600.0000122542496,1586.2619588949167,1586.2620360610103,1,0.00015753195444632688,869.9999993521112,-869.9998424680456,-6.478887826233404e-07,1203.2131653548865,3.328611411038729e-06
encodec_untrained,random-init-no-quant,24000,20260826,875.0,440.0,729.3797723379585,440Hz_ongrid,0,1499.955297788467,1499.9551477254354,439.999998915484,729.3797733234643,600.0000172292504,599.999997955998,1586.2620700558173,1586.2619524653444,1,-0.0001732013236311028,875.0000066063286,-875.0001732013236,6.606328611269419e-06,1248.2127189330665,2.339167402643273e-06
encodec_untrained,random-init-no-quant,24000,20260826,875.0,440.0,729.3797723379585,440Hz_ongrid,1,1499.9551122075386,1499.9550616072588,439.99999891341383,729.3797733240849,599.9999935949845,599.9999971002262,1586.2619240541483,1586.2618555377917,1,-5.8402366898019305e-05,875.000006615947,-875.0000584023669,6.615946972488018e-06,1248.2126195362787,2.3406404662847963e-06
encodec_untrained,random-init-no-quant,24000,20260826,875.0,440.0,729.3797723379585,440Hz_ongrid,2,1499.955193751163,1499.9551181520494,439.9999989128788,729.3797733229954,600.000008546283,600.0000173198661,1586.2619750306997,1586.2618624597092,1,-8.725578176934016e-05,875.0000066154663,-875.0000872557818,6.615466304538131e-06,1248.212684799744,2.338054532277351e-06
encodec_untrained,random-init-no-quant,24000,20260826,875.0,440.0,729.3797723379585,440Hz_ongrid,3,1499.955398862555,1499.9549324890938,439.999998911498,729.3797733232218,600.0000135472404,599.9999974550888,1586.2621973385928,1586.2617054868947,1,-0.0005382838327477748,875.0000066214365,-875.0005382838327,6.621436455134244e-06,1248.2124705092986,2.338591554695725e-06
encodec_untrained,random-init-no-quant,24000,20260826,875.0,440.0,729.3797723379585,440Hz_ongrid,4,1499.9553086718174,1499.9551995792497,439.9999989105193,729.3797733234087,599.9999739428363,600.0000017817019,1586.2622075154666,1586.262001275877,1,-0.00012591360131253016,875.000006625731,-875.0001259136013,6.625730975429178e-06,1248.2127787822476,2.339035165197374e-06
encodec_untrained,random-init-no-quant,24000,20260826,875.0,452.8929,750.7520915806313,452.9Hz_+50.0c,0,1499.9552287257536,1499.9550364860504,452.8929010436477,750.7520936119134,600.0000016960789,599.9999992009047,1586.2620351635508,1586.2618204818516,1,-0.00022188124997868331,875.0000006946749,-875.00022188125,6.946748953851056e-07,1198.2129121117368,4.684135951234568e-06
encodec_untrained,random-init-no-quant,24000,20260826,875.0,452.8929,750.7520915806313,452.9Hz_+50.0c,1,1499.9552585898941,1499.955156462439,452.89290103986934,750.7520936104834,599.9999871278101,599.9999985121327,1586.262111667596,1586.2619609448454,1,-0.0001178745385073413,875.0000007058205,-875.0001178745385,7.058205255816574e-07,1198.2130505873547,4.680838087726341e-06
encodec_untrained,random-init-no-quant,24000,20260826,875.0,452.8929,750.7520915806313,452.9Hz_+50.0c,2,1499.9550408641799,1499.9551579904482,452.89290104631544,750.7520936101175,599.999995029176,599.9999942659657,1586.261837572112,1586.2619749603075,1,0.0001351860360061834,875.000000680336,-874.999864813964,6.803360292906291e-07,1198.2130523509686,4.679994689598696e-06
encodec_untrained,random-init-no-quant,24000,20260826,875.0,452.8929,750.7520915806313,452.9Hz_+50.0c,3,1499.954961519037,1499.9550432699311,452.89290104181964,750.75209361048,600.0000179965589,600.0000138709453,1586.2616797228316,1586.261785982954,1,9.435611809135404e-05,875.0000006983574,-874.9999056438819,6.983574394325842e-07,1198.2129199416283,4.680830399502752e-06
encodec_untrained,random-init-no-quant,24000,20260826,875.0,452.8929,750.7520915806313,452.9Hz_+50.0c,4,1499.9551516729366,1499.9553641645007,452.89290103619976,750.7520936111556,599.9999935436693,600.0000204696261,1586.261969752802,1586.2621373166508,1,0.00024525573615927123,875.0000007213981,-874.9997547442639,7.213981234599487e-07,1198.2132903150925,4.682388418012935e-06
encodec_untrained,random-init-no-quant,24000,20260826,880.0,440.0,731.4893486056533,440Hz_ongrid,0,1499.9551223209967,1499.9551873042244,439.99999891739304,731.4893462889927,600.0000145554197,600.0000030776854,1586.2618752479748,1586.2619833687418,1,7.500302657239276e-05,879.9999987767518,-879.9999249969734,-1.2232482049512328e-06,1243.21276461453,-5.482898191959246e-06
encodec_untrained,random-init-no-quant,24000,20260826,880.0,440.0,731.4893486056533,440Hz_ongrid,1,1499.9551775511259,1499.9550583664925,439.99999891659684,731.4893462883481,600.0000013059868,600.0000078393416,1586.2619772238495,1586.2618208107929,1,-0.00013756177972965353,879.999998778359,-880.0001375617798,-1.2216410141263623e-06,1243.2126157958164,-5.484423919939316e-06
encodec_untrained,random-init-no-quant,24000,20260826,880.0,440.0,731.4893486056533,440Hz_ongrid,2,1499.955323412854,1499.9550496161228,439.9999989183516,731.4893462876571,599.9999952884087,599.9999969493762,1586.2621629391256,1586.2618421329962,1,-0.000316013590301422,879.9999987698193,-880.0003160135903,-1.2301807146286592e-06,1243.212605696222,-5.486059205106165e-06
encodec_untrained,random-init-no-quant,24000,20260826,880.0,440.0,731.4893486056533,440Hz_ongrid,3,1499.955110519163,1499.9549925588444,439.99999891824405,731.4893462884445,599.9999961264407,599.9999955103451,1586.2619148012025,1586.2617804301854,1,-0.000136148693152248,879.9999987721059,-880.0001361486932,-1.2278941312615643e-06,1243.2125398412452,-5.484195771902991e-06
encodec_untrained,random-init-no-quant,24000,20260826,880.0,440.0,731.4893486056533,440Hz_ongrid,4,1499.9553524957573,1499.9551763741756,439.99999891331777,731.4893462880992,599.9999959214401,599.9999980424185,1586.2621946797904,1586.261985282092,1,-0.0002032778485205353,879.999998790672,-880.0002032778485,-1.209328047480085e-06,1243.2127519991714,-5.485012837869643e-06
encodec_untrained,random-init-no-quant,24000,20260826,880.0,452.8929,752.9234827480119,452.9Hz_+50.0c,0,1499.9550671583147,1499.9553272768285,452.89290104535786,752.9234802653082,599.9999977358437,600.0000014068694,1586.2618601107638,1586.2621497447417,1,0.00030022631910696596,879.9999902953989,-879.9996997736808,-9.70460109783744e-06,1193.2132477396956,-5.708602910827485e-06
encodec_untrained,random-init-no-quant,24000,20260826,880.0,452.8929,752.9234827480119,452.9Hz_+50.0c,1,1499.9550552407807,1499.9550018983366,452.89290103912646,752.9234802639932,599.9999954712091,599.9999977779482,1586.2618528900123,1586.2617846668204,1,-6.156734938222977e-05,879.9999903161956,-880.0000615673493,-9.683804364613025e-06,1193.212872190921,-5.711626689182939e-06
encodec_untrained,random-init-no-quant,24000,20260826,880.0,452.8929,752.9234827480119,452.9Hz_+50.0c,2,1499.955184439593,1499.955093602866,452.89290105202355,752.9234802645643,600.0000000564078,600.000022176515,1586.2619887799758,1586.261820111947,1,-0.00010484289197748096,879.9999902682082,-880.000104842892,-9.731791806188994e-06,1193.2129780354287,-5.710313348380573e-06
encodec_untrained,random-init-no-quant,24000,20260826,880.0,452.8929,752.9234827480119,452.9Hz_+50.0c,3,1499.9552263962005,1499.9551806023992,452.8929010420374,752.9234802616248,599.9999941648204,599.9999952993353,1586.2620542054215,1586.2619980771328,1,-5.285477040496385e-05,879.9999902996225,-880.0000528547704,-9.700377518129244e-06,1193.213078449468,-5.7170722579832785e-06
encodec_untrained,random-init-no-quant,24000,20260826,880.0,452.8929,752.9234827480119,452.9Hz_+50.0c,4,1499.955254966773,1499.9552494490677,452.89290104465346,752.9234802651031,599.9999893840221,599.9999968665754,1586.2621009757722,1586.2620730172039,1,-6.368482953297399e-06,879.9999902976201,-880.0000063684829,-9.702379884402035e-06,1193.2131579116383,-5.709074583347461e-06
encodec_untrained,random-init-no-quant,24000,20260826,885.0,440.0,733.6050263751966,440Hz_ongrid,0,1499.9550952140412,1499.9549885856275,439.99999891133564,733.6050269777536,599.9999880232156,599.9999897533609,1586.2619205171407,1586.2617924554809,1,-0.00012306951557663283,885.0000057054575,-885.0001230695156,5.705457510885026e-06,1238.2125352553953,1.4219738594027104e-06
encodec_untrained,random-init-no-quant,24000,20260826,885.0,440.0,733.6050263751966,440Hz_ongrid,1,1499.9550461428864,1499.9550254490373,439.99999891645047,733.6050269772613,600.0000140802905,600.0000057057746,1586.2617886948494,1586.2617889739477,1,-2.3884646756720943e-05,885.0000056841709,-885.0000238846468,5.684170901076868e-06,1238.212577802798,1.4208121688163207e-06
encodec_untrained,random-init-no-quant,24000,20260826,885.0,440.0,733.6050263751966,440Hz_ongrid,2,1499.9549983619656,1499.9551603160612,439.9999989183681,733.605026977789,599.9999848468152,600.0000009033774,1586.2618178965374,1586.2619584929862,1,0.00018692589438973643,885.0000056778711,-884.9998130741056,5.6778710586513625e-06,1238.2127334650474,1.4220572766288012e-06
encodec_untrained,random-init-no-quant,24000,20260826,885.0,440.0,733.6050263751966,440Hz_ongrid,3,1499.9553137504247,1499.9551263143314,439.99999890602976,733.6050269783459,600.0000072008177,599.9999850627189,1586.2621174148953,1586.2619649549904,1,-0.0002163369562074597,885.0000057277321,-885.0002163369562,5.727732059312984e-06,1238.2126942205725,1.4233715784537062e-06
encodec_untrained,random-init-no-quant,24000,20260826,885.0,440.0,733.6050263751966,440Hz_ongrid,4,1499.955231261409,1499.9551166289853,439.99999891515296,733.6050269767302,600.0000007150479,599.9999980960092,1586.2620409208369,1586.2619161701282,1,-0.00013230765730033378,885.0000056880226,-885.0001323076573,5.6880226111388765e-06,1238.2126830418374,1.4195586039578763e-06
encodec_untrained,random-init-no-quant,24000,20260826,885.0,452.8929,755.1011542037256,452.9Hz_+50.0c,0,1499.955135432294,1499.9551340670503,452.89290104561707,755.1011522198033,599.9999974353345,599.9999885082116,1586.2619397790336,1586.2619639615148,1,-1.5757514028670576e-06,884.9999914544366,-885.0000015757514,-8.545563446205051e-06,1188.2130247388086,-4.548574513991887e-06
encodec_untrained,random-init-no-quant,24000,20260826,885.0,452.8929,755.1011542037256,452.9Hz_+50.0c,1,1499.954964800906,1499.955298133837,452.8929010421481,755.1011522184644,599.9999999076409,599.9999904986769,1586.2617357043182,1586.2621475825713,1,0.0003847297211654957,884.9999914646277,-884.9996152702788,-8.53537233069801e-06,1188.2132141031339,-4.551644229481501e-06
encodec_untrained,random-init-no-quant,24000,20260826,885.0,452.8929,755.1011542037256,452.9Hz_+50.0c,2,1499.9551766050565,1499.9552016780954,452.89290104458814,755.1011522200101,600.0000013876149,600.0000176323363,1586.261975896376,1586.2619579630825,1,2.8939063494153798e-05,884.999991458844,-884.9999710609366,-8.54115603488026e-06,1188.2131027748367,-4.548100342799546e-06
encodec_untrained,random-init-no-quant,24000,20260826,885.0,452.8929,755.1011542037256,452.9Hz_+50.0c,3,1499.9552243801584,1499.9551374164078,452.8929010498503,755.1011522178803,599.9999881806982,600.0000010076457,1586.2620691450518,1586.261931761568,1,-0.00010037273650872122,884.9999914338457,-885.0001003727365,-8.566154292566353e-06,1188.2130286046054,-4.552983325832146e-06
encodec_untrained,random-init-no-quant,24000,20260826,885.0,452.8929,755.1011542037256,452.9Hz_+50.0c,4,1499.9551785302474,1499.9552325997397,452.8929010482,755.1011522202581,599.9999943106126,600.0000099168627,1586.2619985383255,1586.2620159147007,1,6.240649428156854e-05,884.9999914456059,-884.9999375935057,-8.554394071325078e-06,1188.2131384643044,-4.547531798662156e-06
encodec_untrained,random-init-no-quant,24000,20260826,890.0,440.0,735.7268232938884,440Hz_ongrid,0,1499.9553043438525,1499.9551458616347,439.9999989069894,735.7268263764395,600.000002127153,599.9999929296241,1586.2621211974217,1586.2619648172126,1,-0.0001829186678452992,890.0000115541159,-890.0001829186679,1.1554115872058901e-05,1233.212716781885,7.2535310466875174e-06
encodec_untrained,random-init-no-quant,24000,20260826,890.0,440.0,735.7268232938884,440Hz_ongrid,1,1499.955163859359,1499.9552388546897,439.9999989114356,735.7268263753417,599.9999855440223,600.0000040637202,1586.2620069003583,1586.2620400227036,1,8.655889855908717e-05,890.0000115340384,-889.9999134411014,1.153403843545675e-05,1233.2128241135867,7.2509478035656615e-06
encodec_untrained,random-init-no-quant,24000,20260826,890.0,440.0,735.7268232938884,440Hz_ongrid,2,1499.9554315661776,1499.9553021717488,439.9999989077237,735.7268263753858,599.9999998763468,600.0000041206295,1586.2622745306587,1586.2621129384434,1,-0.00014934580434289633,890.0000115487472,-890.0001493458043,1.1548747238521173e-05,1233.212897193532,7.251051594583951e-06
encodec_untrained,random-init-no-quant,24000,20260826,890.0,440.0,735.7268232938884,440Hz_ongrid,3,1499.955256251188,1499.9552935879433,439.9999989131645,735.726826375359,599.9999987160152,600.0000023629735,1586.2620755317912,1586.26210810262,1,4.309372636845373e-05,890.0000115272765,-889.9999569062736,1.1527276456035906e-05,1233.2128872861858,7.2509885511506204e-06
encodec_untrained,random-init-no-quant,24000,20260826,890.0,440.0,735.7268232938884,440Hz_ongrid,4,1499.9552265476043,1499.9549668585742,439.9999989116048,735.7268263748286,600.0000024815917,599.9999906568505,1586.2620303830408,1586.2617647713982,1,-0.0002997306332740287,890.0000115321656,-890.0002997306333,1.1532165558492125e-05,1233.2125101782326,7.249740752464079e-06
encodec_untrained,random-init-no-quant,24000,20260826,890.0,452.8929,757.2851241121742,452.9Hz_+50.0c,0,1499.9551308354492,1499.9551740876705,452.8929010417835,757.2851224095019,599.9999901104923,599.9999945163488,1586.261955608426,1586.2619928171162,1,4.992130467224806e-05,889.9999921251764,-889.9999500786953,-7.874823609199666e-06,1183.2130709302298,-3.892489379397661e-06
encodec_untrained,random-init-no-quant,24000,20260826,890.0,452.8929,757.2851241121742,452.9Hz_+50.0c,1,1499.955006591125,1499.9552014035557,452.8929010456889,757.2851224110831,600.0000127147966,600.000005857147,1586.261746984559,1586.261991622225,1,0.00022485067220944868,889.999992113862,-889.9997751493278,-7.886137950663397e-06,1183.2131024579653,-3.888874568854102e-06
encodec_untrained,random-init-no-quant,24000,20260826,890.0,452.8929,757.2851241121742,452.9Hz_+50.0c,2,1499.9552987826225,1499.9551666255395,452.89290103375146,757.2851224112695,599.9999875117501,599.9999879898156,1586.2621569498422,1586.2620030359897,1,-0.00015253444711919693,889.9999921599207,-890.0001525344471,-7.840079319976212e-06,1183.2130623175087,-3.888448449059607e-06
encodec_untrained,random-init-no-quant,24000,20260826,890.0,452.8929,757.2851241121742,452.9Hz_+50.0c,3,1499.9550091663143,1499.9550677110112,452.8929010362921,757.2851224105482,599.9999907092049,599.9999903973569,1586.2618134515344,1586.2618819230781,1,6.757174062696512e-05,889.9999921485598,-889.9999324282594,-7.85144015935657e-06,1183.2129481512932,-3.890097573027476e-06
encodec_untrained,random-init-no-quant,24000,20260826,890.0,452.8929,757.2851241121742,452.9Hz_+50.0c,4,1499.9552246761245,1499.9552911506198,452.8929010512116,757.2851224100218,599.9999952939553,599.999993174553,1586.2620489621313,1586.2621318016625,1,7.672422832629088e-05,889.9999920903247,-889.9999232757717,-7.909675332484767e-06,1183.2132060431713,-3.891300780025013e-06
encodec_untrained,random-init-no-quant,24000,20260826,895.0,440.0,737.8547570600691,440Hz_ongrid,0,1499.9553955104614,1499.9550742575532,439.9999989171883,737.854755967329,600.0000026202027,599.9999934689063,1586.2622249984045,1586.2618806164173,1,-0.000370787047499994,895.0000016965512,-895.0003707870475,1.6965511804301059e-06,1228.2126341371293,-2.5639041769084103e-06
encodec_untrained,random-init-no-quant,24000,20260826,895.0,440.0,737.8547570600691,440Hz_ongrid,1,1499.955314073737,1499.9550923256782,439.99999890726343,737.8547559646735,599.9999961496763,599.999978197152,1586.262149674913,1586.2619455354463,1,-0.0002559395034609621,895.0000017293712,-895.0002559395035,1.7293712062382838e-06,1228.2126549911895,-2.5701349055360995e-06
encodec_untrained,random-init-no-quant,24000,20260826,895.0,440.0,737.8547570600691,440Hz_ongrid,2,1499.9552436843069,1499.955092435492,439.9999989151015,737.8547559664481,599.9999948158658,600.0000155062814,1586.2620722806691,1586.2618380107997,1,-0.00017456994981375308,895.0000017026954,-895.0001745699498,1.7026953855747706e-06,1228.2126551179356,-2.565970963623204e-06
encodec_untrained,random-init-no-quant,24000,20260826,895.0,440.0,737.8547570600691,440Hz_ongrid,3,1499.9553066793344,1499.9551553962144,439.99999891160604,737.8547559666841,600.0000067175479,600.0000084468736,1586.2621106479326,1586.2619310486166,1,-0.00017460953686552003,895.0000017170023,-895.0001746095369,1.7170023056678474e-06,1228.2127277866075,-2.5654172193169342e-06
encodec_untrained,random-init-no-quant,24000,20260826,895.0,440.0,737.8547570600691,440Hz_ongrid,4,1499.9552657633196,1499.9551344897043,439.99999891269,737.8547559649054,599.9999912101123,599.999999702158,1586.2621081680606,1586.2619321504355,1,-0.00015151476023884006,895.000001708564,-895.0001515147602,1.7085640138247982e-06,1228.212703656511,-2.569590771509354e-06
encodec_untrained,random-init-no-quant,24000,20260826,895.0,452.8929,759.4754106902959,452.9Hz_+50.0c,0,1499.9549099852386,1499.9549187062185,452.8929010472488,759.4754092958718,600.0000109314777,599.9999968839204,1586.2616406285151,1586.2616912268713,1,1.006567410916825e-05,894.9999928181659,-894.9999899343259,-7.181834121183783e-06,1178.2127761713527,-3.1786078317575707e-06
encodec_untrained,random-init-no-quant,24000,20260826,895.0,452.8929,759.4754106902959,452.9Hz_+50.0c,1,1499.9551921483805,1499.9550015082625,452.89290104125485,759.4754092966314,599.9999838853682,599.9999924529338,1586.262044337143,1586.2617995813441,1,-0.00022003502913300202,894.9999928428097,-895.0002200350291,-7.157190339057706e-06,1178.212871740701,-3.1768764437976105e-06
encodec_untrained,random-init-no-quant,24000,20260826,895.0,452.8929,759.4754106902959,452.9Hz_+50.0c,2,1499.9552263013916,1499.9551762209633,452.8929010373876,759.4754092976046,599.9999732124337,599.9999886314341,1586.2621145518042,1586.262012259617,1,-5.780235484275281e-05,894.9999928598113,-895.0000578023548,-7.140188699850114e-06,1178.2130733924562,-3.1746578146655285e-06
encodec_untrained,random-init-no-quant,24000,20260826,895.0,452.8929,759.4754106902959,452.9Hz_+50.0c,3,1499.9552991262283,1499.9550040507731,452.89290104518665,759.4754092958777,599.9999992368674,600.0000008698685,1586.262123514891,1586.2617782297466,1,-0.0003405732994896454,894.9999928260622,-895.0003405732995,-7.173937774496153e-06,1178.212874675243,-3.1785943773662297e-06
encodec_untrained,random-init-no-quant,24000,20260826,895.0,452.8929,759.4754106902959,452.9Hz_+50.0c,4,1499.9553393738095,1499.9551275617523,452.89290103552,759.475409295498,599.9999851810699,600.0000088963974,1586.2622105247226,1586.2618976252918,1,-0.00024447145973636525,894.9999928621484,-895.0002444714597,-7.137851639527071e-06,1178.213017230455,-3.17945987914062e-06
encodec_untrained,random-init-no-quant,24000,20260826,900.0,440.0,739.9888454232688,440Hz_ongrid,0,1499.9551388512632,1499.9552893968323,439.99999891789923,739.9888465236951,599.9999965080824,600.0000103891431,1586.2619464006598,1586.26208010665,1,0.0001737582648069011,900.0000068321506,-899.9998262417351,6.832150575064588e-06,1223.2128824488457,2.574492010238984e-06
encodec_untrained,random-init-no-quant,24000,20260826,900.0,440.0,739.9888454232688,440Hz_ongrid,1,1499.9551917350168,1499.9551134774315,439.9999989107442,739.9888465247024,600.0000123132266,600.0000266441457,1586.2619618345814,1586.2618301601262,1,-9.032416465469164e-05,900.0000068626595,-900.0000903241646,6.8626594611487235e-06,1223.2126794043438,2.576848835182864e-06
encodec_untrained,random-init-no-quant,24000,20260826,900.0,440.0,739.9888454232688,440Hz_ongrid,2,1499.9552566347932,1499.9552787418422,439.99999891160866,739.9888465259431,600.0000027062259,600.0000031560893,1586.26206446123,1586.2620886789439,1,2.5515745135636026e-05,900.000006862161,-899.9999744842548,6.862160944365314e-06,1223.2128701509578,2.5797515240021783e-06
encodec_untrained,random-init-no-quant,24000,20260826,900.0,440.0,739.9888454232688,440Hz_ongrid,3,1499.955150695041,1499.9550855677212,439.99999891423874,739.9888465249669,600.0000061174204,599.9999853876606,1586.2619323439478,1586.2619169880534,1,-7.516933821461382e-05,900.0000068495286,-900.0000751693382,6.849528631391877e-06,1223.2126471912193,2.5774677371824798e-06
encodec_untrained,random-init-no-quant,24000,20260826,900.0,440.0,739.9888454232688,440Hz_ongrid,4,1499.9552946146446,1499.9550459743732,439.99999891455076,739.9888465236833,600.0000169991035,599.9999810609901,1586.262067056685,1586.2618837739155,1,-0.00028697824592092746,900.0000068452978,-900.0002869782459,6.845297775726067e-06,1223.2126014929488,2.574464332634032e-06
encodec_untrained,random-init-no-quant,24000,20260826,900.0,452.8929,761.672032207718,452.9Hz_+50.0c,0,1499.955122857642,1499.9551729480813,452.89290103527594,761.6720308355974,599.9999946560295,599.9999813328135,1586.2619332848687,1586.2620295414558,1,5.7813911387838825e-05,899.9999929237949,-899.9999421860886,-7.076205065459362e-06,1173.213069614927,-3.1187463615998597e-06
encodec_untrained,random-init-no-quant,24000,20260826,900.0,452.8929,761.672032207718,452.9Hz_+50.0c,1,1499.955281327579,1499.9550908096912,452.89290104651263,761.6720308371778,599.9999870177357,599.9999912963211,1586.2621382288219,1586.261905989495,1,-0.0002198939390639234,899.9999928844334,-900.0002198939391,-7.115566631910042e-06,1173.2129748115728,-3.1151542313176043e-06
encodec_untrained,random-init-no-quant,24000,20260826,900.0,452.8929,761.672032207718,452.9Hz_+50.0c,2,1499.9552531862998,1499.9550289487124,452.89290103939396,761.6720308363394,600.0000029483961,600.0000126100474,1586.2620597822568,1586.2617730917198,1,-0.0002588129042317321,899.9999929097397,-900.0002588129042,-7.090260282893723e-06,1173.2129034122117,-3.1170597575425634e-06
encodec_untrained,random-init-no-quant,24000,20260826,900.0,452.8929,761.672032207718,452.9Hz_+50.0c,3,1499.9550375562276,1499.9549515678543,452.89290104441903,761.6720308353439,600.0000140448793,599.9999687663785,1586.2617788863836,1586.2618102855452,1,-9.924697753833479e-05,899.9999928882681,-900.0000992469776,-7.111731861186854e-06,1173.2128140999478,-3.1193225939604037e-06
encodec_untrained,random-init-no-quant,24000,20260826,900.0,452.8929,761.672032207718,452.9Hz_+50.0c,4,1499.9550300682804,1499.9548929387472,452.89290104435327,761.6720308364279,599.9999684002804,600.0000104607334,1586.2619019463398,1586.2616223118932,1,-0.00015827363025298956,899.9999928909833,-900.0001582736303,-7.109016678441549e-06,1173.2127464307764,-3.116858710494822e-06
encodec_untrained,random-init-no-quant,24000,20260826,905.0,440.0,742.1291061843534,440Hz_ongrid,0,1499.9551431587681,1499.9552207988208,439.99999892145246,742.1291073577962,599.9999852192599,600.0000032951434,1586.2619839449983,1586.2620214004353,1,8.961141263822904e-05,905.0000069810777,-904.9999103885874,6.981077717682638e-06,1218.2128032736753,2.7373997020993665e-06
encodec_untrained,random-init-no-quant,24000,20260826,905.0,440.0,742.1291061843534,440Hz_ongrid,1,1499.9552151032674,1499.955039143171,439.9999989153136,742.1291073576316,599.9999918500791,599.9999980182486,1586.262047850157,1586.2618269610994,1,-0.00020309148230647048,905.0000070048476,-905.0002030914823,7.004847589087149e-06,1218.2125936084394,2.7370156753306965e-06
encodec_untrained,random-init-no-quant,24000,20260826,905.0,440.0,742.1291061843534,440Hz_ongrid,2,1499.955090173038,1499.9551275559002,439.9999989173335,742.1291073577343,600.0000005103733,600.0000082876267,1586.2618786685407,1586.2618993750784,1,4.3146947326240154e-05,905.0000069971394,-904.9999568530527,6.997139394115948e-06,1218.2126956535797,2.7372551634957422e-06
encodec_untrained,random-init-no-quant,24000,20260826,905.0,440.0,742.1291061843534,440Hz_ongrid,3,1499.9553836472487,1499.9551325455136,439.9999989179634,742.129107356324,599.9999970032475,599.9999927936444,1586.262227513106,1586.2619498402257,1,-0.0002898192270364711,905.000006991371,-905.0002898192271,6.991371037656791e-06,1218.2127014125444,2.7339653726185832e-06
encodec_untrained,random-init-no-quant,24000,20260826,905.0,440.0,742.1291061843534,440Hz_ongrid,4,1499.9553332315238,1499.9550369173674,439.99999890523793,742.129107354333,600.0000029002571,600.0000158805876,1586.2621523085882,1586.2617728522825,1,-0.000342002989148278,905.0000070367968,-905.0003420029891,7.036796773718379e-06,1218.2125910394375,2.7293209167436207e-06
encodec_untrained,random-init-no-quant,24000,20260826,905.0,452.8929,763.8750069869086,452.9Hz_+50.0c,0,1499.955058163861,1499.9551120944757,452.8929010502787,763.8750054127327,599.9999861424996,600.0000044807026,1586.2618831807702,1586.2618925141091,1,6.224620827947944e-05,904.9999924175046,-904.9999377537918,-7.5824954137715395e-06,1168.2129993782703,-3.5676871101433343e-06
encodec_untrained,random-init-no-quant,24000,20260826,905.0,452.8929,763.8750069869086,452.9Hz_+50.0c,1,1499.9552894322296,1499.9551908658584,452.8929010418851,763.8750054120902,599.9999975420654,599.9999985729818,1586.2621172163354,1586.2620004773728,1,-0.00011376436660834118,904.9999924481338,-905.0001137643666,-7.551866247013095e-06,1168.2130902954555,-3.5691430674923196e-06
encodec_untrained,random-init-no-quant,24000,20260826,905.0,452.8929,763.8750069869086,452.9Hz_+50.0c,2,1499.9551619704064,1499.9550040895901,452.8929010482227,763.8750054113178,599.9999811964894,600.0000162438399,1586.2620172644756,1586.261733914645,1,-0.00018222455322543333,904.9999924221572,-905.0001822245532,-7.577842779937782e-06,1168.2128747200452,-3.570893676011734e-06
encodec_untrained,random-init-no-quant,24000,20260826,905.0,452.8929,763.8750069869086,452.9Hz_+50.0c,3,1499.9549495973451,1499.9549772201392,452.892901049203,763.8750054131905,599.9999989142646,599.9999951985938,1586.261721022788,1586.2617636259195,1,3.18819716702626e-05,904.9999924226543,-904.9999681180283,-7.577345741083263e-06,1168.2128437075758,-3.5666493921595504e-06
encodec_untrained,random-init-no-quant,24000,20260826,905.0,452.8929,763.8750069869086,452.9Hz_+50.0c,4,1499.9552489155571,1499.9550932459626,452.8929010386749,763.8750054113751,599.9999851320468,599.9999986985257,1586.262106260124,1586.2618874431687,1,-0.00017967237121041204,904.9999924587846,-905.0001796723712,-7.5412153819343075e-06,1168.2129776234942,-3.570763745032471e-06
encodec_untrained,random-init-no-quant,24000,20260826,910.0,440.0,744.2755571956747,440Hz_ongrid,0,1499.9551390550764,1499.9550519560426,439.99999891504905,744.2755558360063,600.0000092038765,600.0000050612297,1586.2619100035809,1586.261821427848,1,-0.0001005288849159001,910.0000011061945,-910.0001005288849,1.106194531530491e-06,1213.2126083969354,-3.162678216821406e-06
encodec_untrained,random-init-no-quant,24000,20260826,910.0,440.0,744.2755571956747,440Hz_ongrid,1,1499.955264493783,1499.9550268070452,439.9999989155932,744.2755558351207,599.9999932107396,599.9999921497288,1586.2621009301834,1586.2618296558276,1,-0.00027433578586136866,910.0000011019936,-910.0002743357859,1.101993575503002e-06,1213.2125793701985,-3.164738276341244e-06
encodec_untrained,random-init-no-quant,24000,20260826,910.0,440.0,744.2755571956747,440Hz_ongrid,2,1499.9552221803408,1499.9552642279582,439.9999989144604,744.2755558347912,599.9999933275847,600.0000041215063,1586.2620517552677,1586.2620691415525,1,4.8530959434900333e-05,910.0000011056843,-909.9999514690405,1.1056843050027965e-06,1213.2128533991715,-3.1655046000308872e-06
encodec_untrained,random-init-no-quant,24000,20260826,910.0,440.0,744.2755571956747,440Hz_ongrid,3,1499.9552733131245,1499.955198880526,439.9999989059421,744.2755558357732,599.9999923074964,599.9999899674468,1586.262113715592,1586.2620345581518,1,-8.590939634228167e-05,910.0000011414845,-910.0000859093964,1.1414845175750088e-06,1213.2127779757875,-3.163220620998023e-06
encodec_untrained,random-init-no-quant,24000,20260826,910.0,440.0,744.2755571956747,440Hz_ongrid,4,1499.9550615746607,1499.9552215576607,439.9999989072832,744.2755558354652,599.99997982927,599.9999939115294,1586.2619053336139,1586.2620493516683,1,0.00018465086661952936,910.0000011354914,-909.9998153491334,1.135491402237676e-06,1213.2128041495212,-3.163936971234115e-06
encodec_untrained,random-init-no-quant,24000,20260826,910.0,452.8929,766.0843534033295,452.9Hz_+50.0c,0,1499.9553998095823,1499.955267659414,452.89290103987804,766.0843512650355,599.9999895481114,600.0000069118498,1586.2622676784913,1586.2620650508766,1,-0.00015252645597887352,909.9999911927301,-910.000152526456,-8.807269864519185e-06,1163.2131789298462,-4.832219031456798e-06
encodec_untrained,random-init-no-quant,24000,20260826,910.0,452.8929,766.0843534033295,452.9Hz_+50.0c,1,1499.9550994701876,1499.9553389389785,452.8929010495009,766.0843512645719,600.0000049867839,599.9999892969807,1586.261876483033,1586.2621981468362,1,0.00027639260077864594,909.999991154898,-909.9997236073992,-8.845102001941996e-06,1163.213261200037,-4.8332667441320605e-06
encodec_untrained,random-init-no-quant,24000,20260826,910.0,452.8929,766.0843534033295,452.9Hz_+50.0c,2,1499.955322672931,1499.9551516775755,452.89290104147267,766.0843512642824,599.9999920363579,599.9999962304275,1586.2621714685486,1586.2619620058108,1,-0.00019736121082951545,909.9999911849328,-910.0001973612108,-8.81506718997116e-06,1163.2130450647103,-4.833920819757435e-06
encodec_untrained,random-init-no-quant,24000,20260826,910.0,452.8929,766.0843534033295,452.9Hz_+50.0c,3,1499.9551654851198,1499.9552680036104,452.8929010383195,766.0843512642527,599.9999850600483,599.9999907258377,1586.26201017325,1586.2621121511038,1,0.00011832586704118751,909.9999911969189,-909.999881674133,-8.803081072983332e-06,1163.2131793271144,-4.833987899508612e-06
encodec_untrained,random-init-no-quant,24000,20260826,910.0,452.8929,766.0843534033295,452.9Hz_+50.0c,4,1499.9553134210985,1499.9551678933753,452.892901050256,766.0843512653796,599.9999851528706,600.0000028215258,1586.2621806517184,1586.2619617040439,1,-0.00016796671169277193,909.9999911538368,-910.0001679667117,-8.84616315488529e-06,1163.2130637808332,-4.831441367636561e-06
encodec_untrained,random-init-no-quant,24000,20260826,915.0,440.0,746.4282163612181,440Hz_ongrid,0,1499.955184657749,1499.9549929856003,439.9999989178996,746.4282165965678,599.9999959378126,599.999986435096,1586.262000915523,1586.2618071083768,1,-0.00022122619037088712,915.0000048035172,-915.0002212261903,4.803517185791861e-06,1208.212540333803,5.458600320522023e-07
encodec_untrained,random-init-no-quant,24000,20260826,915.0,440.0,746.4282163612181,440Hz_ongrid,1,1499.9550195773563,1499.9551812610393,439.9999989147915,746.428216596496,599.9999837972629,599.9999979015596,1586.2618454115113,1586.2619913288968,1,0.00018661378406659274,915.0000048155797,-914.9998133862159,4.815579700334638e-06,1208.2127576395433,5.456935820111165e-07
encodec_untrained,random-init-no-quant,24000,20260826,915.0,440.0,746.4282163612181,440Hz_ongrid,2,1499.9551698566502,1499.9552009362774,439.99999891091716,746.4282165947956,599.9999958776492,599.9999978287714,1586.2619840058296,1586.2620142478922,1,3.587181098440037e-05,915.0000048268798,-914.999964128189,4.826879830943653e-06,1208.2127803485162,5.417495233008583e-07
encodec_untrained,random-init-no-quant,24000,20260826,915.0,440.0,746.4282163612181,440Hz_ongrid,3,1499.9552021660306,1499.9553057713085,439.99999891756715,746.4282165953904,600.0000058205594,599.9999931522126,1586.2619926078357,1586.2621487411818,1,0.00011958022370150528,915.0000048020943,-914.9998804197763,4.8020942813309375e-06,1208.2129013481094,5.431291750270891e-07
encodec_untrained,random-init-no-quant,24000,20260826,915.0,440.0,746.4282163612181,440Hz_ongrid,4,1499.9553962293398,1499.9553838863437,439.9999989141342,746.4282165954723,599.9999979782738,600.0000178174423,1586.262239221903,1586.2621677319964,1,-1.4246167119344165e-05,915.0000048157916,-915.0000142461671,4.815791612600151e-06,1208.2129915077328,5.433194585613559e-07
encodec_untrained,random-init-no-quant,24000,20260826,915.0,452.8929,768.3000898855898,452.9Hz_+50.0c,0,1499.9550971251183,1499.9549877526151,452.8929010512388,768.300086720329,599.9999929068681,599.9999942176194,1586.2619086316452,1586.2617786128983,1,-0.00012623671796158897,914.9999888491425,-915.000126236718,-1.1150857517350232e-05,1158.2128558640613,-7.1323788957084066e-06
encodec_untrained,random-init-no-quant,24000,20260826,915.0,452.8929,768.3000898855898,452.9Hz_+50.0c,1,1499.9553183016624,1499.9549561364731,452.8929010431531,768.3000867216064,599.9999972184863,600.0000093483325,1586.26215147081,1586.2616984638328,1,-0.0004180076400393025,914.9999888829295,-915.0004180076401,-1.1117070471300394e-05,1158.212819373005,-7.129500616982873e-06
encodec_untrained,random-init-no-quant,24000,20260826,915.0,452.8929,768.3000898855898,452.9Hz_+50.0c,2,1499.9550432845338,1499.9552408040263,452.8929010460769,768.3000867203625,599.9999827932638,599.9999829954384,1586.2618756710422,1586.2621030628216,1,0.0002279751316629939,914.99998886895,-914.9997720248683,-1.1131049973300833e-05,1158.213147933614,-7.132303358911135e-06
encodec_untrained,random-init-no-quant,24000,20260826,915.0,452.8929,768.3000898855898,452.9Hz_+50.0c,3,1499.955333104736,1499.9550087736347,452.89290103619913,768.3000867196856,599.9999924239764,600.0000027371063,1586.2621823904074,1586.2617782931197,1,-0.00037433988460610653,914.9999889051837,-915.0003743398846,-1.1094816272816388e-05,1158.212880126326,-7.133828702481476e-06
encodec_untrained,random-init-no-quant,24000,20260826,915.0,452.8929,768.3000898855898,452.9Hz_+50.0c,4,1499.9551575754417,1499.9552182414136,452.89290103637,768.3000867216167,600.0000057243451,599.9999866278297,1586.2619414194166,1586.2620665404024,1,7.002008916619199e-05,914.9999889088817,-914.9999299799108,-1.109111826735898e-05,1158.213121892061,-7.129477360106359e-06
encodec_untrained,random-init-no-quant,24000,20260826,920.0,440.0,748.587101636753,440Hz_ongrid,0,1499.9552771637184,1499.955105350988,439.99999891165317,748.5871030766186,600.0000018212319,599.9999978510343,1586.2620907090727,1586.2619038600185,1,-0.00019830462305391622,920.0000076121665,-920.000198304623,7.612166541548504e-06,1203.2126700248796,3.329932247852242e-06
encodec_untrained,random-init-no-quant,24000,20260826,920.0,440.0,748.587101636753,440Hz_ongrid,1,1499.955177930537,1499.9553363287869,439.9999989094373,748.5871030803635,600.0000153863291,600.0000266830381,1586.2619370344828,1586.2620872608206,1,0.0001828217488492309,920.0000076295457,-919.9998171782512,7.62954573474417e-06,1203.2129366172578,3.3385930317312756e-06
encodec_untrained,random-init-no-quant,24000,20260826,920.0,440.0,748.587101636753,440Hz_ongrid,2,1499.955349122607,1499.9550967269242,439.9999989100883,748.5871030798661,599.9999975426144,599.9999855051839,1586.2621861088126,1586.2619295287996,1,-0.0002913126960527209,920.0000076258339,-920.000291312696,7.625833859492559e-06,1203.2126600710662,3.337442489070384e-06
encodec_untrained,random-init-no-quant,24000,20260826,920.0,440.0,748.587101636753,440Hz_ongrid,3,1499.9551128271464,1499.9552042097102,439.99999890887995,748.587103077598,599.9999847894608,599.9999881944715,1586.261950176665,1586.262045824771,1,0.0001054728905386294,920.0000076253432,-919.9998945271095,7.6253431871009525e-06,1203.2127841266815,3.332197582934321e-06
encodec_untrained,random-init-no-quant,24000,20260826,920.0,440.0,748.587101636753,440Hz_ongrid,4,1499.955165767632,1499.9551298429997,439.99999891508844,748.5871030780004,600.0000101660294,599.9999866590841,1586.2619380587737,1586.2619644216093,1,-4.146387089435896e-05,920.0000076018456,-920.0000414638708,7.601845595672785e-06,1203.2126982933282,3.333127857989238e-06
encodec_untrained,random-init-no-quant,24000,20260826,920.0,452.8929,770.5222349155996,452.9Hz_+50.0c,0,1499.9551545605877,1499.9552042337077,452.8929010472069,770.5222376289815,599.9999936898757,600.000019071695,1586.2619726638395,1586.261956759635,1,5.733224419474331e-05,920.0000020934474,-919.9999426677558,2.0934473923261976e-06,1153.2131057245,6.096513366114768e-06
encodec_untrained,random-init-no-quant,24000,20260826,920.0,452.8929,770.5222349155996,452.9Hz_+50.0c,1,1499.9552200259125,1499.9550204789605,452.8929010466724,770.5222376275108,600.000015049906,600.0000027449237,1586.2619865912773,1586.261791780741,1,-0.00023031520950693248,920.0000020921858,-920.0002303152095,2.092185809488001e-06,1153.2128936365032,6.0932089676191866e-06
encodec_untrained,random-init-no-quant,24000,20260826,920.0,452.8929,770.5222349155996,452.9Hz_+50.0c,2,1499.9550148135302,1499.9551492526998,452.89290103416124,770.5222376291179,600.0000013243955,600.0000035840953,1586.2617893405325,1586.2619379888422,1,0.00015516842519699544,920.0000021436223,-919.9998448315748,2.1436222823467688e-06,1153.2130422659418,6.096819741824514e-06
encodec_untrained,random-init-no-quant,24000,20260826,920.0,452.8929,770.5222349155996,452.9Hz_+50.0c,3,1499.9552555367184,1499.955012632239,452.8929010355203,770.5222376282095,599.9999843228272,599.9999903117889,1586.2621162371195,1586.2618185985725,1,-0.00028035805598863097,920.0000021363861,-920.000280358056,2.136386115125788e-06,1153.2128845798907,6.09477890287465e-06
encodec_untrained,random-init-no-quant,24000,20260826,920.0,452.8929,770.5222349155996,452.9Hz_+50.0c,4,1499.955201921294,1499.9552194675343,452.8929010519539,770.5222376302662,599.9999995070277,599.9999891498784,1586.2620105423648,1586.2620606784849,1,2.0251703839310036e-05,920.0000020781878,-919.9999797482961,2.0781877765330137e-06,1153.2131233072378,6.099399909658659e-06
encodec_untrained,random-init-no-quant,24000,20260826,925.0,440.0,750.7522310299817,440Hz_ongrid,0,1499.9551798041912,1499.955251172185,439.9999989129471,750.7522330496771,599.9999985879571,600.0000130360835,1586.2619876668919,1586.2620283506717,1,8.23722600673035e-05,925.0000089345592,-924.9999176277399,8.934559218687355e-06,1198.2128383303227,4.657415914564217e-06
encodec_untrained,random-init-no-quant,24000,20260826,925.0,440.0,750.7522310299817,440Hz_ongrid,1,1499.9553642633257,1499.954917770742,439.999998913055,750.7522330507696,599.9999967020445,600.0000219701428,1586.2622060094566,1586.2616177636169,1,-0.0005153375207142218,925.0000089366541,-925.0005153375207,8.93665412604605e-06,1198.2124535215132,4.659935345434158e-06
encodec_untrained,random-init-no-quant,24000,20260826,925.0,440.0,750.7522310299817,440Hz_ongrid,2,1499.9549821646785,1499.9551493168653,439.99999891118824,750.7522330524313,599.9999969020464,599.9999838880555,1586.261764417735,1586.2619948936601,1,0.00019292548397982476,925.0000089478308,-924.9998070745161,8.9478307927493e-06,1198.21272076988,4.663767156070642e-06
encodec_untrained,random-init-no-quant,24000,20260826,925.0,440.0,750.7522310299817,440Hz_ongrid,3,1499.9552147060251,1499.9553546193129,439.9999989105494,750.7522330507596,599.9999907946847,599.9999990315132,1586.2620504368886,1586.2621881570042,1,0.00016148657910357704,925.0000089464896,-924.9998385134209,8.946489629124699e-06,1198.2129577280073,4.6599122807633915e-06
encodec_untrained,random-init-no-quant,24000,20260826,925.0,440.0,750.7522310299817,440Hz_ongrid,4,1499.9553357774053,1499.9550857780766,439.99999891755306,750.7522330499024,600.0000068409256,600.0000074451249,1586.2621438766544,1586.2618535864547,1,-0.00028854684907349596,925.0000089169562,-925.0002885468491,8.916956176108215e-06,1198.2126474340096,4.657935638478797e-06
encodec_untrained,random-init-no-quant,24000,20260826,925.0,452.8929,772.7508070287236,452.9Hz_+50.0c,0,1499.9549894490403,1499.955200646549,452.89290105038253,772.750808441082,600.0000159486643,599.9999841867746,1586.2617178683556,1586.2620532759734,1,0.00024376217592255635,924.999999148975,-924.999756237824,-8.510249926985125e-07,1148.2131015842356,3.1641802977286102e-06
encodec_untrained,random-init-no-quant,24000,20260826,925.0,452.8929,772.7508070287236,452.9Hz_+50.0c,1,1499.9552685722863,1499.9550950835016,452.89290104255207,772.7508084404927,600.000004240479,599.9999918467628,1586.262073812452,1586.261909334048,1,-0.0002002391102676259,924.9999991775878,-925.0002002391103,-8.224121756938985e-07,1148.2129797443642,3.16286022973733e-06
encodec_untrained,random-init-no-quant,24000,20260826,925.0,452.8929,772.7508070287236,452.9Hz_+50.0c,2,1499.9550548492361,1499.9550099428934,452.89290104216036,772.7508084407478,599.9999811708125,600.000022083866,1586.2618937003183,1586.2617238197197,1,-5.183048025929393e-05,924.9999991796567,-925.0000518304803,-8.203433026210405e-07,1148.2128814758732,3.1634318491616265e-06
encodec_untrained,random-init-no-quant,24000,20260826,925.0,452.8929,772.7508070287236,452.9Hz_+50.0c,3,1499.955393680925,1499.9552018336092,452.8929010468847,772.7508084409947,599.9999976568494,599.9999766246915,1586.2622372079818,1586.2620764656274,1,-0.00022142833589905772,924.9999991621504,-925.0002214283359,-8.37849597701279e-07,1148.2131029543293,3.163984632438115e-06
encodec_untrained,random-init-no-quant,24000,20260826,925.0,452.8929,772.7508070287236,452.9Hz_+50.0c,4,1499.9552086318467,1499.9552292742933,452.89290103616605,772.7508084403488,599.999988112537,600.0000041145935,1586.262051165172,1586.2620288183123,1,2.3825315445398612e-05,924.9999992016766,-924.9999761746845,-7.983234127095784e-07,1148.2131346261058,3.1625377087575153e-06
encodec_untrained,random-init-no-quant,24000,20260826,930.0,440.0,752.92362260069,440Hz_ongrid,0,1499.9554080210585,1499.9552017638036,439.9999989128322,752.9236201581865,600.0000197808774,599.9999925646562,1586.2621899227756,1586.2620303920412,1,-0.00023806014845947687,929.9999986614279,-930.0002380601485,-1.33857213313604e-06,1193.2127813036388,-5.616167590277865e-06
encodec_untrained,random-init-no-quant,24000,20260826,930.0,440.0,752.92362260069,440Hz_ongrid,1,1499.9550702216081,1499.9552180747442,439.9999989045219,752.9236201573987,600.0000022243391,600.000007560647,1586.2618506953281,1586.2620059486906,1,0.0001706506920525894,929.9999986923143,-929.9998293493079,-1.3076856930638314e-06,1193.2128001295716,-5.61797912797165e-06
encodec_untrained,random-init-no-quant,24000,20260826,930.0,440.0,752.92362260069,440Hz_ongrid,2,1499.9553647619923,1499.9552683772636,439.999998908368,752.9236201583434,600.0000081275233,600.0000022412147,1586.26217361805,1586.2620793560159,1,-0.00011124633001954174,929.9999986793537,-930.00011124633,-1.3206463336246088e-06,1193.21285818826,-5.615806820383835e-06
encodec_untrained,random-init-no-quant,24000,20260826,930.0,440.0,752.92362260069,440Hz_ongrid,3,1499.9551304443157,1499.955245922839,439.99999891379383,752.9236201570334,599.9999991843677,600.0000047244348,1586.2619289753136,1586.2620462742748,1,0.00013328421604030683,929.9999986549929,-929.9998667157839,-1.3450071492115967e-06,1193.2128322715773,-5.618819066403675e-06
encodec_untrained,random-init-no-quant,24000,20260826,930.0,440.0,752.92362260069,440Hz_ongrid,4,1499.955183521741,1499.9552149484346,439.9999989067404,752.9236201577589,600.0000144934357,599.9999981486668,1586.2619460641429,1586.2620294975675,1,3.627239125958406e-05,929.9999986844134,-929.9999637276087,-1.3155865872249706e-06,1193.2127965212146,-5.6171507218750744e-06
encodec_untrained,random-init-no-quant,24000,20260826,930.0,452.8929,774.9858248139365,452.9Hz_+50.0c,0,1499.9553039865714,1499.9550982563333,452.8929010397751,774.9858254321497,599.9999978664606,600.0000010082086,1586.2621330788108,1586.2618865617549,1,-0.00023745188706908598,929.9999974063641,-930.0002374518871,-2.5936359406841802e-06,1143.2129834064165,1.3810209987369728e-06
encodec_untrained,random-init-no-quant,24000,20260826,930.0,452.8929,774.9858248139365,452.9Hz_+50.0c,1,1499.9550810767967,1499.9550348243083,452.89290105189275,774.9858254310027,600.0000121958177,600.0000027486167,1586.2618344526795,1586.2618083273514,1,-5.3384187841718914e-05,929.9999973574808,-930.0000533841878,-2.642519234541396e-06,1143.2129101937692,1.3784588982212636e-06
encodec_untrained,random-init-no-quant,24000,20260826,930.0,452.8929,774.9858248139365,452.9Hz_+50.0c,2,1499.9551522021163,1499.9552047604109,452.8929010473037,774.9858254328682,599.9999913709678,600.0000015641103,1586.261976632668,1586.2620078837608,1,6.06622855050916e-05,929.9999973791901,-929.9999393377145,-2.6208099370705895e-06,1143.2131063324157,1.3826262998252834e-06
encodec_untrained,random-init-no-quant,24000,20260826,930.0,452.8929,774.9858248139365,452.9Hz_+50.0c,3,1499.9552689285852,1499.955266020225,452.8929010401704,774.9858254321142,599.9999936429939,600.0000157372516,1586.2621048015674,1586.2620376942143,1,-3.3568014425895296e-06,929.9999974047737,-930.0000033568015,-2.595226305857068e-06,1143.2131770379099,1.3809418100338619e-06
encodec_untrained,random-init-no-quant,24000,20260826,930.0,452.8929,774.9858248139365,452.9Hz_+50.0c,4,1499.9553278677406,1499.954953537174,452.8929010378687,774.9858254316487,599.9999734193976,600.0000190257089,1586.2622311815421,1586.2616675407407,1,-0.00043204880252703683,929.9999974125324,-930.0004320488025,-2.5874676339299185e-06,1143.212816372918,1.3799019777915527e-06
encodec_untrained,random-init-no-quant,24000,20260826,935.0,440.0,755.1012944608979,440Hz_ongrid,0,1499.9551651989145,1499.9552512475623,439.99999890842645,755.1012924842736,599.9999961619338,600.0000182329417,1586.2619778096434,1586.2620134427086,1,9.931653162450517e-05,934.999999763089,-934.9999006834684,-2.3691097794653615e-07,1188.2128384173222,-4.531841287468266e-06
encodec_untrained,random-init-no-quant,24000,20260826,935.0,440.0,755.1012944608979,440Hz_ongrid,1,1499.9552003673964,1499.9551902703067,439.99999891017006,755.1012924847963,599.9999945771484,599.9999954739677,1586.262022973496,1586.2620087318573,1,-1.1653965072511333e-05,934.999999757427,-935.0000116539651,-2.425730372124235e-07,1188.212768037954,-4.5306428856100525e-06
encodec_untrained,random-init-no-quant,24000,20260826,935.0,440.0,755.1012944608979,440Hz_ongrid,2,1499.9551539380457,1499.955080238644,439.99999891593956,755.1012924833884,599.9999955414696,599.9999856962236,1586.2619666027367,1586.261909946958,1,-8.506315410445224e-05,934.9999997314984,-935.0000850631541,-2.685015942915925e-07,1188.2126410404483,-4.533870786300807e-06
encodec_untrained,random-init-no-quant,24000,20260826,935.0,440.0,755.1012944608979,440Hz_ongrid,3,1499.9551128944595,1499.9551760284435,439.9999989065875,755.1012924833766,599.9999966852223,600.0000085025196,1586.2619159304445,1586.2619547015795,1,7.286864739630981e-05,934.999999768268,-934.9999271313526,-2.3173197405412793e-07,1188.2127516001306,-4.5338978872891e-06
encodec_untrained,random-init-no-quant,24000,20260826,935.0,440.0,755.1012944608979,440Hz_ongrid,4,1499.9551920722106,1499.9550528785605,439.99999891595877,755.1012924820021,599.9999908643058,600.000008874297,1586.2620241122706,1586.261811490423,1,-0.0001606559974284972,934.9999997282443,-935.0001606559974,-2.717556526476983e-07,1188.2126094616967,-4.5370490979491585e-06
encodec_untrained,random-init-no-quant,24000,20260826,935.0,452.8929,777.2273069139771,452.9Hz_+50.0c,0,1499.9548706991188,1499.9550680009372,452.8929010482504,777.227305556791,599.9999775852173,599.9999976477484,1586.2616915018093,1586.2618613375,1,0.0002277239201428605,934.9999929698821,-934.9997722760799,-7.0301178993759095e-06,1138.2129484859233,-3.0230627667079753e-06
encodec_untrained,random-init-no-quant,24000,20260826,935.0,452.8929,777.2273069139771,452.9Hz_+50.0c,1,1499.9551395829692,1499.9550609432838,452.8929010413364,777.2273055566741,600.0000038885987,599.9999995936402,1586.2619259495195,1586.2618475769657,1,-9.076518424864926e-05,934.9999929960512,-935.0000907651843,-7.0039487809481216e-06,1138.2129403400459,-3.0233232052831904e-06
encodec_untrained,random-init-no-quant,24000,20260826,935.0,452.8929,777.2273069139771,452.9Hz_+50.0c,2,1499.9551040308504,1499.9550771029797,452.89290104344013,777.227305556872,600.0000065269177,600.0000069435259,1586.26187730302,1586.2618450210475,1,-3.107989504728773e-05,934.9999929884506,-935.000031079895,-7.011549428170838e-06,1138.2129589914152,-3.022882285658435e-06
encodec_untrained,random-init-no-quant,24000,20260826,935.0,452.8929,777.2273069139771,452.9Hz_+50.0c,3,1499.955564443852,1499.9551899054406,452.8929010444537,777.2273055559499,599.9999998724843,600.0000013187198,1586.262427907923,1586.2619914463428,1,-0.00043228862672770117,934.999992982522,-935.0004322886267,-7.017477969384345e-06,1138.2130891869504,-3.0249361945992087e-06
encodec_untrained,random-init-no-quant,24000,20260826,935.0,452.8929,777.2273069139771,452.9Hz_+50.0c,4,1499.9551587300398,1499.9551662270171,452.8929010344727,777.2273055561936,599.9999768479141,600.0000063423807,1586.2620260718115,1586.2619496217092,1,8.652940348363671e-06,934.9999930212184,-934.9999913470597,-6.978781584621174e-06,1138.2130618575382,-3.0243932138058634e-06
encodec_untrained,random-init-no-quant,24000,20260826,940.0,440.0,757.2852647750104,440Hz_ongrid,0,1499.9550369754484,1499.9552897335495,439.9999989175373,757.2852630611231,599.9999856526837,599.9999976596788,1586.2618601386132,1586.2621172247555,1,0.0002917310076095059,940.0000003409552,-939.9997082689924,3.4095523915311787e-07,1183.2128828374814,-3.918127298724946e-06
encodec_untrained,random-init-no-quant,24000,20260826,940.0,440.0,757.2852647750104,440Hz_ongrid,1,1499.9552107279637,1499.955290906385,439.99999891937733,757.2852630608784,600.0000124623763,599.9999884598367,1586.2619833257054,1586.2621451235643,1,9.254116923659873e-05,940.0000003331558,-939.9999074588308,3.331557536512264e-07,1183.212884191157,-3.918686809199369e-06
encodec_untrained,random-init-no-quant,24000,20260826,940.0,440.0,757.2852647750104,440Hz_ongrid,2,1499.9553032711863,1499.9551938578968,439.99999890866866,757.2852630607357,600.0000093481025,600.0000101241292,1586.2620991241047,1586.2619706011894,1,-0.0001262837756596767,940.0000003749643,-940.0001262837757,3.7496431559702614e-07,1183.2127721787167,-3.919012982086726e-06
encodec_untrained,random-init-no-quant,24000,20260826,940.0,440.0,757.2852647750104,440Hz_ongrid,3,1499.9552106633826,1499.9552600487762,439.99999891591114,757.2852630629397,600.0000150160886,600.0000010835755,1586.2619758827104,1586.2620730835963,1,5.700015100250052e-05,940.0000003515065,-939.999942999849,3.5150651456206106e-07,1183.2128485755995,-3.913974312527476e-06
encodec_untrained,random-init-no-quant,24000,20260826,940.0,440.0,757.2852647750104,440Hz_ongrid,4,1499.955174038422,1499.9551904854875,439.99999890539374,757.2852630624386,600.0000018440655,599.9999846140643,1586.261971616953,1586.262040315275,1,1.8983047011268123e-05,940.0000003917429,-939.999981016953,3.9174290122900857e-07,1183.2127682863138,-3.915119857847831e-06
encodec_untrained,random-init-no-quant,24000,20260826,940.0,452.8929,779.4752720255053,452.9Hz_+50.0c,0,1499.9552210009704,1499.9551488008374,452.89290104218975,779.475270034998,599.999982527332,600.0000028484794,1586.2620815569921,1586.2619395898455,1,-8.333270883193086e-05,939.999991595146,-940.0000833327089,-8.404854042964871e-06,1133.2130417444064,-4.4209665314300915e-06
encodec_untrained,random-init-no-quant,24000,20260826,940.0,452.8929,779.4752720255053,452.9Hz_+50.0c,1,1499.9553292201542,1499.9550736189099,452.8929010390916,779.4752700351897,599.9999939078489,600.0000054787457,1586.2621736253093,1586.2618452262293,1,-0.00029501252897310223,939.9999916074148,-940.000295012529,-8.39258518681163e-06,1133.2129549701342,-4.4205406038410566e-06
encodec_untrained,random-init-no-quant,24000,20260826,940.0,452.8929,779.4752720255053,452.9Hz_+50.0c,2,1499.9551188302598,1499.955069334997,452.89290104904376,779.4752700333815,599.9999982050238,600.0000073112233,1586.261918396269,1586.261834994365,1,-5.712696647991326e-05,939.9999915653558,-940.0000571269665,-8.43464420086093e-06,1133.2129500256824,-4.424556739659149e-06
encodec_untrained,random-init-no-quant,24000,20260826,940.0,452.8929,779.4752720255053,452.9Hz_+50.0c,3,1499.9551369615788,1499.9550067688483,452.892901046251,779.4752700351476,599.9999945877465,600.0000027455792,1586.2619497605222,1586.2617759547663,1,-0.00015026722610543918,939.9999915799538,-940.0001502672261,-8.420046242463286e-06,1133.21287781242,-4.420634400169328e-06
encodec_untrained,random-init-no-quant,24000,20260826,940.0,452.8929,779.4752720255053,452.9Hz_+50.0c,4,1499.955214857538,1499.9550819165854,452.89290103829325,779.475270035433,599.9999946728947,600.0000110529004,1586.2620394216144,1586.261838719718,1,-0.00015343919043407208,939.999991611007,-940.0001534391904,-8.38899302380014e-06,1133.2129645472335,-4.420000313925543e-06
encodec_untrained,random-init-no-quant,24000,20260826,945.0,440.0,759.4755517599697,440Hz_ongrid,0,1499.9551427352255,1499.9549130930811,439.9999989092827,759.4755503588492,599.9999863467966,600.0000067676347,1586.261980202766,1586.2616562298692,1,-0.00026505081286496443,945.0000010976897,-945.0002650508129,1.0976897328873747e-06,1178.2124481226006,-3.1938716465281004e-06
encodec_untrained,random-init-no-quant,24000,20260826,945.0,440.0,759.4755517599697,440Hz_ongrid,1,1499.9551514045493,1499.9550556934503,439.99999891468696,759.4755503580903,599.9999918129587,600.000008293388,1586.2619744368073,1586.2618164154915,1,-0.00011046884874700122,945.000001074696,-945.0001104688488,1.0746960015239893e-06,1178.212612710616,-3.195601496843352e-06
encodec_untrained,random-init-no-quant,24000,20260826,945.0,440.0,759.4755517599697,440Hz_ongrid,2,1499.9551634390318,1499.9549982285234,439.99999890386374,759.4755503603374,600.000011823071,600.0000106254414,1586.261930589914,1586.2617433611274,1,-0.00019068441514970912,945.0000011224033,-945.0001906844152,1.1224033187318128e-06,1178.2125463851355,-3.1904794100598952e-06
encodec_untrained,random-init-no-quant,24000,20260826,945.0,440.0,759.4755517599697,440Hz_ongrid,3,1499.9553088933114,1499.955128938041,439.99999891773956,759.475550358854,600.0000085780397,600.0000010845177,1586.2621078350392,1586.2619217541112,1,-0.0002077026616053879,945.000001064426,-945.0002077026616,1.0644259873515693e-06,1178.2126972488334,-3.1938608830150273e-06
encodec_untrained,random-init-no-quant,24000,20260826,945.0,440.0,759.4755517599697,440Hz_ongrid,4,1499.9551219688037,1499.9550483047296,439.9999989216807,759.4755503591434,600.0000079768307,599.9999962570055,1586.261893823272,1586.261842617158,1,-8.502238133838852e-05,945.0000010495789,-945.0000850223813,1.0495789410924772e-06,1178.2126041826243,-3.193201041222554e-06
encodec_untrained,random-init-no-quant,24000,20260826,945.0,452.8929,781.7297388992563,452.9Hz_+50.0c,0,1499.9551783704667,1499.955343743694,452.8929010418963,781.7297403465498,599.9999959956194,600.0000121556654,1586.261993492006,1586.2621377361706,1,0.0001908722007072258,944.9999992224388,-944.9998091277993,-7.775612402838306e-07,1128.2132667455935,3.2052046588315996e-06
encodec_untrained,random-init-no-quant,24000,20260826,945.0,452.8929,781.7297388992563,452.9Hz_+50.0c,1,1499.9553222465186,1499.9551462290374,452.89290104940386,781.7297403473965,600.0000079986258,599.9999927047097,1586.2621249190179,1586.261965890231,1,-0.0002031577007919799,944.9999991956156,-945.0002031577008,-8.043843990890309e-07,1128.213038776059,3.2070798165663997e-06
encodec_untrained,random-init-no-quant,24000,20260826,945.0,452.8929,781.7297388992563,452.9Hz_+50.0c,2,1499.955001450083,1499.9551076842174,452.89290104304206,781.7297403472112,599.9999886629766,600.0000107120104,1586.2618104496994,1586.261869444077,1,0.00012261444090476363,944.9999992195239,-944.9998773855591,-7.804760571161751e-07,1128.2129942879917,3.206669265426431e-06
encodec_untrained,random-init-no-quant,24000,20260826,945.0,452.8929,781.7297388992563,452.9Hz_+50.0c,3,1499.9551479849201,1499.9552118101046,452.8929010534609,781.729740346484,600.000011658619,599.9999958850419,1586.2619132274324,1586.262032406778,1,7.366642280475248e-05,944.9999991780863,-944.9999263335772,-8.219136589104892e-07,1128.2131144691054,3.205058966994475e-06
encodec_untrained,random-init-no-quant,24000,20260826,945.0,452.8929,781.7297388992563,452.9Hz_+50.0c,4,1499.9549269334984,1499.9551248492103,452.892901042374,781.7297403473046,599.9999829981195,599.9999955500361,1586.2617407886742,1586.2619330039597,1,0.00022843246173998944,944.9999992222846,-944.9997715675382,-7.777153996357811e-07,1128.2130140996646,3.206876463052314e-06
encodec_untrained,random-init-no-quant,24000,20260826,950.0,440.0,761.6721736854058,440Hz_ongrid,0,1499.9550842192937,1499.9550449516962,439.9999989151959,761.6721723123575,599.9999929811531,599.9999941728025,1586.2618935215226,1586.2618447608568,1,-4.5322292309634476e-05,950.0000011474405,-950.0000453222923,1.1474404573164065e-06,1173.2126003125848,-3.1208544725172886e-06
encodec_untrained,random-init-no-quant,24000,20260826,950.0,440.0,761.6721736854058,440Hz_ongrid,1,1499.9551810132648,1499.9550936281944,439.99999891037487,761.6721723099527,600.0000064938631,599.9999823321571,1586.2619662507705,1586.2619351076953,1,-0.0001008590226386356,950.0000011609432,-950.0001008590226,1.1609431567194406e-06,1173.2126564945415,-3.1263206073076707e-06
encodec_untrained,random-init-no-quant,24000,20260826,950.0,440.0,761.6721736854058,440Hz_ongrid,2,1499.9552519003598,1499.9550913664602,439.9999989169424,761.6721723088828,599.999993431848,600.0000024010061,1586.2620857569902,1586.2618745907644,1,-0.00018528670612643592,950.0000011326707,-950.0001852867061,1.132670718106965e-06,1173.2126538840694,-3.1287523924396394e-06
encodec_untrained,random-init-no-quant,24000,20260826,950.0,440.0,761.6721736854058,440Hz_ongrid,3,1499.9551841572834,1499.9550232027334,439.9999989108201,761.6721723093527,600.0000028631883,600.0000051890454,1586.2619803554799,1586.26178787225,1,-0.00018577222518760886,950.0000011578278,-950.0001857722252,1.1578277963053552e-06,1173.2125752101356,-3.127684113767217e-06
encodec_untrained,random-init-no-quant,24000,20260826,950.0,440.0,761.6721736854058,440Hz_ongrid,4,1499.9551011450164,1499.9552375700453,439.99999891335756,761.672172311315,599.9999819336884,600.0000043276,1586.2619449332778,1586.2620377785831,1,0.00015746047588470165,950.000001152304,-949.9998425395241,1.1523039802341373e-06,1173.2128226308628,-3.123224175243494e-06
encodec_untrained,random-init-no-quant,24000,20260826,950.0,452.8929,783.990726340198,452.9Hz_+50.0c,0,1499.9551077215967,1499.9550773482865,452.8929010478519,783.9907253400673,600.000009043691,599.999984831962,1586.261874300972,1586.2619091046663,1,-3.505658880631949e-05,949.9999937859467,-950.0000350565888,-6.21405331457936e-06,1123.2129592745462,-2.2085212296362847e-06
encodec_untrained,random-init-no-quant,24000,20260826,950.0,452.8929,783.990726340198,452.9Hz_+50.0c,1,1499.954928296234,1499.9553170535114,452.8929010499496,783.9907253416342,599.999996874331,600.0000131494862,1586.2617023232472,1586.2621040630577,1,0.0004486999812431332,949.999993781388,-949.9995513000188,-6.218612043085159e-06,1123.2132359400412,-2.205061336802164e-06
encodec_untrained,random-init-no-quant,24000,20260826,950.0,452.8929,783.990726340198,452.9Hz_+50.0c,2,1499.9553548203637,1499.955124058131,452.89290103435724,783.9907253410518,599.9999761806117,600.0000139285257,1586.2622543228208,1586.2618790617926,1,-0.0002663435707569495,949.9999938397054,-950.0002663435707,-6.160294560686452e-06,1123.2130131866088,-2.206347384408024e-06
encodec_untrained,random-init-no-quant,24000,20260826,950.0,452.8929,783.990726340198,452.9Hz_+50.0c,3,1499.955276566717,1499.9550648228985,452.8929010352218,783.9907253406769,599.9999866562523,599.9999901782428,1586.2621337769012,1586.2618792218755,1,-0.00024439270944302355,949.9999938355727,-950.0002443927094,-6.1644273046113085e-06,1123.212944817861,-2.207175213886195e-06
encodec_untrained,random-init-no-quant,24000,20260826,950.0,452.8929,783.990726340198,452.9Hz_+50.0c,4,1499.954990145281,1499.9551855146244,452.8929010465162,783.990725341569,600.0000038564068,599.9999921397548,1586.2617535628297,1586.2620128633991,1,0.00022549345797743514,949.9999937943687,-949.999774506542,-6.205631279954105e-06,1123.213084119112,-2.2052051065838384e-06
encodec_untrained,random-init-no-quant,24000,20260826,955.0,440.0,763.8751488737905,440Hz_ongrid,0,1499.9552406721145,1499.9551346957694,439.9999989112354,763.8751472922888,599.9999898418105,600.000003154848,1586.2620831561155,1586.2619224259165,1,-0.00012231689224952307,955.0000006995884,-955.0001223168922,6.995884405114339e-07,1168.2127038943495,-3.584289444650419e-06
encodec_untrained,random-init-no-quant,24000,20260826,955.0,440.0,763.8751488737905,440Hz_ongrid,1,1499.9551127769137,1499.9550407325912,439.99999891847574,763.8751472919856,599.9999991636164,600.0000033469099,1586.2619086436403,1586.2618134203267,1,-8.315287973542126e-05,955.0000006704132,-955.0000831528797,6.70413214720611e-07,1168.2125954429332,-3.58497657963691e-06
encodec_untrained,random-init-no-quant,24000,20260826,955.0,440.0,763.8751488737905,440Hz_ongrid,2,1499.9552576298254,1499.9551159795076,439.99999891642034,763.8751472914511,600.0000093708012,599.999998033118,1586.2620463797875,1586.2619156019728,1,-0.00016349145319432564,955.000000677289,-955.0001634914532,6.772889946660143e-07,1168.2126822922166,-3.586188051474632e-06
encodec_untrained,random-init-no-quant,24000,20260826,955.0,440.0,763.8751488737905,440Hz_ongrid,3,1499.955197921121,1499.9551625432987,439.9999989114165,763.875147292503,599.9999938514901,600.0000106162903,1586.2620222438352,1586.2619330381003,1,-4.083274710195536e-05,955.0000006993613,-955.0000408327471,6.993612942096661e-07,1168.2127360357044,-3.583803933328496e-06
encodec_untrained,random-init-no-quant,24000,20260826,955.0,440.0,763.8751488737905,440Hz_ongrid,4,1499.9552889726363,1499.9550262448693,439.9999989173794,763.8751472940135,600.0000121791081,599.9999949115595,1586.2620744522997,1586.2618210380106,1,-0.00030323790250941696,955.0000006793229,-955.0003032379025,6.79322852192854e-07,1168.2125787213404,-3.5803807517594364e-06
encodec_untrained,random-init-no-quant,24000,20260826,955.0,452.8929,786.258253207688,452.9Hz_+50.0c,0,1499.9550467559452,1499.9551317614064,452.8929010424197,786.2582546819559,599.9999873592878,600.0000111363445,1586.2618665029522,1586.261896009372,1,9.811250321163305e-05,954.9999992613713,-954.9999018874968,-7.386287279587123e-07,1118.2130220776564,3.2461379144840186e-06
encodec_untrained,random-init-no-quant,24000,20260826,955.0,452.8929,786.258253207688,452.9Hz_+50.0c,1,1499.9551669398868,1499.9550934000263,452.89290104489896,786.2582546832823,600.0000068418789,600.0000148538834,1586.2619490032496,1586.2618410064792,1,-8.48790126829291e-05,954.9999992548146,-955.0000848790127,-7.45185388950631e-07,1118.2129778013132,3.2490586706276575e-06
encodec_untrained,random-init-no-quant,24000,20260826,955.0,452.8929,786.258253207688,452.9Hz_+50.0c,2,1499.9548998876664,1499.9551416578329,452.8929010459711,786.2582546818892,600.0000033773018,600.000015703183,1586.2616507707348,1586.261894254624,1,0.00027904886354217196,954.9999992476488,-954.9997209511365,-7.523511840190622e-07,1118.2130335000184,3.245991069413359e-06
encodec_untrained,random-init-no-quant,24000,20260826,955.0,452.8929,786.258253207688,452.9Hz_+50.0c,3,1499.9552727395214,1499.955186118591,452.89290105274137,786.2582546838639,599.9999943745682,600.0000044131365,1586.2621070892365,1586.2619781469973,1,-9.997705340852894e-05,954.9999992261168,-955.0000999770534,-7.738832437098608e-07,1118.2130848162046,3.2503391442673593e-06
encodec_untrained,random-init-no-quant,24000,20260826,955.0,452.8929,786.258253207688,452.9Hz_+50.0c,4,1499.9552820336944,1499.9551460426335,452.8929010498973,786.2582546833756,599.9999976317754,600.0000147706454,1586.2621084181685,1586.2619020062539,1,-0.000156959589706973,954.9999992359133,-955.0001569595897,-7.640867352165515e-07,1118.213038560914,3.249263946197637e-06
encodec_untrained,random-init-no-quant,24000,20260826,960.0,440.0,766.0844957005893,440Hz_ongrid,0,1499.9551245152127,1499.9552044510187,439.99999891377115,766.0844935672189,599.9999942884532,599.9999886824153,1586.261936258622,1586.2620446953788,1,9.226115069330739e-05,959.9999994528094,-959.9999077388493,-5.471905524245813e-07,1163.2127844051972,-4.821091480985062e-06
encodec_untrained,random-init-no-quant,24000,20260826,960.0,440.0,766.0844957005893,440Hz_ongrid,1,1499.9554346344457,1499.9551718547225,439.9999989111603,766.0844935686979,599.9999912237256,599.9999971359384,1586.2623030382115,1586.2619826813304,1,-0.0003032978404877903,959.9999994664245,-960.0003032978404,-5.335755304258782e-07,1163.2127467828614,-4.817749217967268e-06
encodec_untrained,random-init-no-quant,24000,20260826,960.0,440.0,766.0844957005893,440Hz_ongrid,2,1499.9553615772386,1499.9551499211973,439.99999891466484,766.084493567015,600.0000043383193,599.9999992765014,1586.2621808755691,1586.2619511895045,1,-0.00024429138402331054,959.9999994488322,-960.000244291384,-5.511677727554343e-07,1163.2127214673942,-4.821552389991715e-06
encodec_untrained,random-init-no-quant,24000,20260826,960.0,440.0,766.0844957005893,440Hz_ongrid,3,1499.955327246422,1499.9551316578352,439.99999890612514,766.0844935669045,599.9999957192822,600.0000105309107,1586.2621661205546,1586.2618976367437,1,-0.00022574648529291363,959.9999994821832,-960.0002257464853,-5.178168294150964e-07,1163.2127003879941,-4.821802065054118e-06
encodec_untrained,random-init-no-quant,24000,20260826,960.0,440.0,766.0844957005893,440Hz_ongrid,4,1499.955365187265,1499.955212620194,439.9999989088654,766.0844935678957,599.9999915256391,600.0000185325613,1586.2622220118076,1586.2619679948486,1,-0.0001760914542252351,959.9999994736411,-960.0001760914543,-5.263589173409855e-07,1163.2127938339818,-4.819561908893763e-06
encodec_untrained,random-init-no-quant,24000,20260826,960.0,452.8929,788.5323384156304,452.9Hz_+50.0c,0,1499.9552150203062,1499.9551491192483,452.89290104118487,788.5323391785689,599.9999996170689,600.0000059297416,1586.2620253436087,1586.2619310667092,1,-7.606237616809871e-05,959.999997694996,-960.0000760623761,-2.3050040454108967e-06,1113.2130421119134,1.6750425027847683e-06
encodec_untrained,random-init-no-quant,24000,20260826,960.0,452.8929,788.5323384156304,452.9Hz_+50.0c,1,1499.9551435830635,1499.9552462684828,452.89290105155806,788.532339176939,600.0000126991202,599.999994317191,1586.2619051445993,1586.2620767021717,1,0.00011851853621812082,959.9999976517649,-959.9998814814638,-2.3482350570702692e-06,1113.2131542406376,1.6714640191093454e-06
encodec_untrained,random-init-no-quant,24000,20260826,960.0,452.8929,788.5323384156304,452.9Hz_+50.0c,2,1499.9552235118865,1499.9550103287918,452.8929010468916,788.5323391769222,599.9999964455102,599.9999934537401,1586.2620442956938,1586.2618068742004,1,-0.00024605391722353826,959.999997669566,-960.0002460539172,-2.3304339720198186e-06,1113.2128819212735,1.671427115636057e-06
encodec_untrained,random-init-no-quant,24000,20260826,960.0,452.8929,788.5323384156304,452.9Hz_+50.0c,3,1499.9550306155697,1499.9549881005735,452.892901047523,788.5323391770978,599.9999981833183,600.0000080516812,1586.2618166423315,1586.2617390978442,1,-4.907041117066998e-05,959.999997667538,-960.0000490704111,-2.3324620315179345e-06,1113.2128562656715,1.671812680049684e-06
encodec_untrained,random-init-no-quant,24000,20260826,960.0,452.8929,788.5323384156304,452.9Hz_+50.0c,4,1499.9551884180144,1499.955159127015,452.89290104861936,788.5323391777636,599.9999976125213,599.9999861336021,1586.262000423398,1586.261999737164,1,-3.3807394100506817e-05,959.9999976648088,-960.0000338073941,-2.3351911977442796e-06,1113.2130536627828,1.6732742113563725e-06
encodec_untrained,random-init-no-quant,24000,20260826,965.0,440.0,768.3002325944143,440Hz_ongrid,0,1499.9551636271658,1499.95518879502,439.9999989094881,768.3002294307712,600.0000029884233,600.0000020370488,1586.2619562984607,1586.261988092046,1,2.9048498820407296e-05,964.9999971620208,-964.9999709515012,-2.837979195646767e-06,1158.212766335192,-7.128732371235564e-06
encodec_untrained,random-init-no-quant,24000,20260826,965.0,440.0,768.3002325944143,440Hz_ongrid,1,1499.9553891286052,1499.9550648301602,439.9999989154493,768.3002294302967,600.0000054697557,599.9999818496592,1586.2622094104559,1586.2619032614698,1,-0.00037430217924290765,964.9999971374966,-965.0003743021792,-2.862503379219561e-06,1158.212623256121,-7.129801610938411e-06
encodec_untrained,random-init-no-quant,24000,20260826,965.0,440.0,768.3002325944143,440Hz_ongrid,2,1499.9551685842582,1499.955306961504,439.99999891847307,768.3002294305167,600.0000102725676,600.0000103258113,1586.2619410022924,1586.2621005623628,1,0.00015971369912167358,964.9999971260947,-964.9998402863009,-2.873905259548337e-06,1158.2129027218216,-7.129305912719168e-06
encodec_untrained,random-init-no-quant,24000,20260826,965.0,440.0,768.3002325944143,440Hz_ongrid,3,1499.9551575733742,1499.9551643654083,439.9999989148327,768.3002294309093,600.000003502164,599.9999996268408,1586.2619478288898,1586.26196685001,1,7.8393014138499e-06,964.9999971413032,-964.9999921606986,-2.858696802832128e-06,1158.2127381387659,-7.128420998178111e-06
encodec_untrained,random-init-no-quant,24000,20260826,965.0,440.0,768.3002325944143,440Hz_ongrid,4,1499.955167703203,1499.9552125211953,439.9999989060839,768.3002294313161,599.9999750520799,599.9999863710918,1586.262041610234,1586.2620606789699,1,5.172850153605067e-05,964.9999971766432,-964.9999482714985,-2.8233567945790128e-06,1158.2127937197183,-7.127504369714535e-06
encodec_untrained,random-init-no-quant,24000,20260826,965.0,452.8929,790.8130009326336,452.9Hz_+50.0c,0,1499.9552739593732,1499.9549991372937,452.892901039712,790.8129988929223,599.999994656179,600.0000016065728,1586.262107684621,1586.261770432975,1,-0.00031719704800387656,964.9999915602835,-965.000317197048,-8.439716452812718e-06,1108.2128690041511,-4.4653002885748885e-06
encodec_untrained,random-init-no-quant,24000,20260826,965.0,452.8929,790.8130009326336,452.9Hz_+50.0c,1,1499.9551858550417,1499.955038777482,452.89290104067715,790.8129988904873,599.999981567083,600.0000034759446,1586.2620437625885,1586.261810791443,1,-0.00016975553277644815,964.9999915512633,-965.0001697555327,-8.448736707578064e-06,1108.2129147564856,-4.470631110633645e-06
encodec_untrained,random-init-no-quant,24000,20260826,965.0,452.8929,790.8130009326336,452.9Hz_+50.0c,2,1499.9551921193015,1499.9549944114674,452.8929010511644,790.812998891105,599.9999941398295,600.0000015986332,1586.2620147154587,1586.2617650013794,1,-0.00022819252105583672,964.9999915125272,-965.000228192521,-8.4874727690476e-06,1108.2128635496465,-4.469278752097303e-06
encodec_untrained,random-init-no-quant,24000,20260826,965.0,452.8929,790.8130009326336,452.9Hz_+50.0c,3,1499.9549261675875,1499.9551909518434,452.89290105164594,790.8129988930914,599.9999996863228,600.0000157848502,1586.2616917526902,1586.261950913662,1,0.0003056115028700214,964.9999915150349,-964.9996943884971,-8.484965064781136e-06,1108.2130903946984,-4.464930292812743e-06
encodec_untrained,random-init-no-quant,24000,20260826,965.0,452.8929,790.8130009326336,452.9Hz_+50.0c,4,1499.9552993663442,1499.955078059925,452.8929010429117,790.8129988934677,599.9999884152901,599.9999839468246,1586.262155016503,1586.2619124799994,1,-0.0002554297695474587,964.999991549246,-965.0002554297696,-8.450753966826596e-06,1108.2129600959124,-4.4641064996508975e-06
encodec_untrained,random-init-no-quant,24000,20260826,970.0,440.0,770.522378037179,440Hz_ongrid,0,1499.9550547733147,1499.9551660276143,439.99999891447203,770.5223807274918,599.9999894000722,600.0000097047626,1586.2618698680658,1586.2619396897771,1,0.00012840866367274244,970.0000103158233,-969.9998715913363,1.0315823260498291e-05,1153.212740057268,6.044680131545954e-06
encodec_untrained,random-init-no-quant,24000,20260826,970.0,440.0,770.522378037179,440Hz_ongrid,1,1499.9552569303294,1499.9553451869256,439.99999890382435,770.5223807277587,600.0000028295538,600.0000074698723,1586.2620644464862,1586.2621529222756,1,0.00010186491850973455,970.0000103583172,-969.9998981350815,1.0358317240388715e-05,1153.2129468412365,6.045279428574196e-06
encodec_untrained,random-init-no-quant,24000,20260826,970.0,440.0,770.522378037179,440Hz_ongrid,2,1499.9553426838052,1499.9550719543106,439.99999891213844,770.5223807273179,600.0000117111827,599.9999892543639,1586.2621377953633,1586.2618901186354,1,-0.00031247341043981887,970.0000103246141,-970.0003124734104,1.0324614095225115e-05,1153.2126314787483,6.044289185376794e-06
encodec_untrained,random-init-no-quant,24000,20260826,970.0,440.0,770.522378037179,440Hz_ongrid,3,1499.9551625452902,1499.9550080061804,439.9999989149288,770.5223807269114,599.9999980687679,600.0000026247716,1586.261969244895,1586.2617777314606,1,-0.0001783675868859213,970.0000103127218,-970.0001783675868,1.0312721769878408e-05,1153.212557670416,6.043375824415215e-06
encodec_untrained,random-init-no-quant,24000,20260826,970.0,440.0,770.522378037179,440Hz_ongrid,4,1499.9553389219968,1499.9551504520377,439.99999891557144,770.5223807278126,599.9999882855016,599.9999946386913,1586.2622010457485,1586.2619651840869,1,-0.00021753023074353052,970.0000103122179,-970.0002175302308,1.0312217909813626e-05,1153.2127220800853,6.0454005180956175e-06
encodec_untrained,random-init-no-quant,24000,20260826,970.0,452.8929,793.1002597821689,452.9Hz_+50.0c,0,1499.9548422846242,1499.955161557803,452.89290103976396,793.1002607648585,600.000006142024,600.0000014641398,1586.2615763085341,1586.2619583081741,1,0.00036850212000776554,969.9999981704683,-969.99963149788,-1.8295316976946197e-06,1103.2130564683755,2.1450828108156594e-06
encodec_untrained,random-init-no-quant,24000,20260826,970.0,452.8929,793.1002597821689,452.9Hz_+50.0c,1,1499.955263476351,1499.9549990953433,452.8929010416289,793.1002607610692,599.9999835476965,600.0000004248338,1586.2621276375223,1586.2617737943342,1,-0.00030514606285942855,969.9999981550678,-970.0003051460628,-1.8449321714797406e-06,1103.2128689557321,2.1368110510447983e-06
encodec_untrained,random-init-no-quant,24000,20260826,970.0,452.8929,793.1002597821689,452.9Hz_+50.0c,2,1499.9553023530086,1499.9550131852125,452.89290104023667,793.1002607617581,599.9999937061154,599.9999972393471,1586.2621431975872,1586.2617992481014,1,-0.0003337547339244727,969.9999981618936,-970.0003337547339,-1.8381064137429348e-06,1103.2128852181274,2.1383152519920724e-06
encodec_untrained,random-init-no-quant,24000,20260826,970.0,452.8929,793.1002597821689,452.9Hz_+50.0c,3,1499.9552370302863,1499.955123940874,452.8929010495258,793.1002607613892,599.9999769861204,600.0000176750569,1586.2621160464337,1586.261868116252,1,-0.00013052672744865847,969.9999981255795,-970.0001305267275,-1.8744204908216489e-06,1103.2130130512714,2.137509910570008e-06
encodec_untrained,random-init-no-quant,24000,20260826,970.0,452.8929,793.1002597821689,452.9Hz_+50.0c,4,1499.9550900293802,1499.9550956491373,452.892901048472,793.1002607609242,599.999992611788,599.9999945377498,1586.261901293232,1586.2619022223519,1,6.486270551442788e-06,969.9999981285928,-969.9999935137295,-1.8714072211878374e-06,1103.2129803972157,2.1364946806436717e-06
encodec_untrained,random-init-no-quant,24000,20260826,975.0,440.0,772.7509505642518,440Hz_ongrid,0,1499.955305599697,1499.9551341919935,439.9999989123063,772.7509519673574,599.999995546558,599.9999980499392,1586.262141634489,1586.2619365741161,1,-0.00019783714133269915,975.0000074231148,-975.0001978371413,7.4231147664249875e-06,1148.2127033128959,3.1434505404490073e-06
encodec_untrained,random-init-no-quant,24000,20260826,975.0,440.0,772.7509505642518,440Hz_ongrid,1,1499.9552638719172,1499.955205536645,439.9999989137542,772.7509519676838,599.999996334229,599.9999977939349,1586.2620911999463,1586.2620196581097,1,-6.733001550997512e-05,975.000007418149,-975.0000673300156,7.418149039040145e-06,1148.212785658217,3.14418169051291e-06
encodec_untrained,random-init-no-quant,24000,20260826,975.0,440.0,772.7509505642518,440Hz_ongrid,2,1499.9552583835678,1499.9552198715617,439.9999989119203,772.7509519685717,600.000004766943,600.0000240101563,1586.2620605336765,1586.2619605593106,1,-4.445019055866523e-05,975.0000074273541,-975.0000444501906,7.4273541486036265e-06,1148.2128022034415,3.146171018368165e-06
encodec_untrained,random-init-no-quant,24000,20260826,975.0,440.0,772.7509505642518,440Hz_ongrid,3,1499.955222451947,1499.955197468555,439.99999891200184,772.7509519684045,600.0000103715151,599.9999929768734,1586.2620028903655,1586.2620242450985,1,-2.8835593556369488e-05,975.0000074266585,-975.0000288355935,7.426658498843608e-06,1148.2127763461042,3.1457962174679003e-06
encodec_untrained,random-init-no-quant,24000,20260826,975.0,440.0,772.7509505642518,440Hz_ongrid,4,1499.955238159375,1499.9553596148928,439.99999891817765,772.7509519687794,600.000002762392,600.0000045846933,1586.2620429750177,1586.2621778997636,1,0.0001401827958809275,975.000007403199,-974.9998598172041,7.403198992506077e-06,1148.2129634938576,3.146636155895674e-06
encodec_untrained,random-init-no-quant,24000,20260826,975.0,452.8929,795.3941340427286,452.9Hz_+50.0c,0,1499.9550739377737,1499.9551895160002,452.8929010491032,795.3941315909108,600.0000042787916,600.0000065268803,1586.2618490565947,1586.26197596928,1,0.00013339929759094792,974.9999906531224,-974.9998666007024,-9.346877618554572e-06,1098.213088737462,-5.3365626575868e-06
encodec_untrained,random-init-no-quant,24000,20260826,975.0,452.8929,795.3941340427286,452.9Hz_+50.0c,1,1499.9551039768091,1499.9551518057474,452.89290104249324,795.3941315894646,600.0000056882864,599.9999944054646,1586.2618796604247,1586.261967419476,1,5.5203709199864796e-05,974.999990675242,-974.9999447962908,-9.324758025286428e-06,1098.2130452126453,-5.339710408547684e-06
encodec_untrained,random-init-no-quant,24000,20260826,975.0,452.8929,795.3941340427286,452.9Hz_+50.0c,2,1499.9551200568956,1499.955019375689,452.89290104962583,795.3941315883226,599.9999857032747,599.9999935640675,1586.261955884464,1586.261816997707,1,-0.00011620530261398407,974.9999906454913,-975.0001162053026,-9.354508733849798e-06,1098.2128923631178,-5.342196011248194e-06
encodec_untrained,random-init-no-quant,24000,20260826,975.0,452.8929,795.3941340427286,452.9Hz_+50.0c,3,1499.9549250492953,1499.9550902768506,452.8929010423293,795.3941315898649,600.0000068207116,599.9999846329978,1586.2616698764728,1586.2619246007828,1,0.000190704100023004,974.9999906767398,-974.9998092958999,-9.323260201199446e-06,1098.2129741965732,-5.338839140604489e-06
encodec_untrained,random-init-no-quant,24000,20260826,975.0,452.8929,795.3941340427286,452.9Hz_+50.0c,4,1499.9549629502567,1499.9552519736942,452.8929010519972,795.3941315900564,599.999996894743,600.0000032786671,1586.2617422617016,1586.262057429718,1,0.00033358812769850266,974.9999906402,-974.9996664118723,-9.359799946651037e-06,1098.2131608255381,-5.338422246677998e-06
encodec_untrained,random-init-no-quant,24000,20260826,980.0,440.0,774.9859687646107,440Hz_ongrid,0,1499.9553050059922,1499.955266599989,439.99999891639345,774.9859693804844,599.9999983030868,599.999992587077,1586.2621329955796,1586.262105160656,1,-4.432784151045122e-05,980.0000056393781,-980.0000443278415,5.639378059640876e-06,1143.2128561369468,1.3757949287428103e-06
encodec_untrained,random-init-no-quant,24000,20260826,980.0,440.0,774.9859687646107,440Hz_ongrid,1,1499.955339452554,1499.955071670843,439.9999989112345,774.9859693801127,600.0000027880792,600.000001397968,1586.2621598125181,1586.2618547524244,1,-0.0003090711069837477,980.0000056588459,-980.000309071107,5.658845907419163e-06,1143.2126311515726,1.374964216182501e-06
encodec_untrained,random-init-no-quant,24000,20260826,980.0,440.0,774.9859687646107,440Hz_ongrid,2,1499.955267751351,1499.9551464018216,439.99999891398164,774.985969379485,600.0000129408061,599.9999989673593,1586.2620477610992,1586.2619480194699,1,-0.0001400604737455905,980.0000056466349,-980.0001400604738,5.646634917866322e-06,1143.212717405364,1.3735622686084843e-06
encodec_untrained,random-init-no-quant,24000,20260826,980.0,440.0,774.9859687646107,440Hz_ongrid,3,1499.9553655434981,1499.9551608695458,439.99999891560435,774.9859693804008,599.9999968198448,600.0000071379503,1586.2622071471196,1586.261941142638,1,-0.00023623272242274712,980.0000056422958,-980.0002362327224,5.642295832331001e-06,1143.2127341038745,1.3756077204980762e-06
encodec_untrained,random-init-no-quant,24000,20260826,980.0,440.0,774.9859687646107,440Hz_ongrid,4,1499.9553068721088,1499.955088330857,439.99999891256493,774.9859693794851,599.999988354177,599.9999937302051,1586.2621638559194,1586.261896105743,1,-0.00025223823811561133,980.0000056522093,-980.0002522382381,5.652209324580326e-06,1143.2126503804045,1.3735622686084843e-06
encodec_untrained,random-init-no-quant,24000,20260826,980.0,452.8929,797.6946428479862,452.9Hz_+50.0c,0,1499.9551066390104,1499.9550018832779,452.8929010514657,797.6946433842928,599.9999989795188,600.0000097871618,1586.2619020905238,1586.2617499981743,1,-0.00012090808360468134,979.9999971445986,-980.0001209080837,-2.8554013624670915e-06,1093.2128721735403,1.163944389703194e-06
encodec_untrained,random-init-no-quant,24000,20260826,980.0,452.8929,797.6946428479862,452.9Hz_+50.0c,1,1499.955317072489,1499.9551288934374,452.8929010453926,797.6946433838078,599.9999923348876,599.9999976765627,1586.2621641431974,1586.2619315359098,1,-0.00021719447117653248,979.999997166761,-980.0002171944711,-2.8332390229479643e-06,1093.2130187674736,1.1628918718918077e-06
encodec_untrained,random-init-no-quant,24000,20260826,980.0,452.8929,797.6946428479862,452.9Hz_+50.0c,2,1499.9550425441073,1499.9550608134539,452.8929010527563,797.6946433848478,599.9999853592494,600.0000129430686,1586.2618674125795,1586.2618089088096,1,2.1086308553517207e-05,979.9999971408696,-979.9999789136914,-2.8591304044311983e-06,1093.2129401901975,1.1651491343419383e-06
encodec_untrained,random-init-no-quant,24000,20260826,980.0,452.8929,797.6946428479862,452.9Hz_+50.0c,3,1499.955123985392,1499.9550581783346,452.89290104613974,797.6946433841903,600.0000008400825,600.0000120238307,1586.2619167431012,1586.2618085197396,1,-7.595388629454762e-05,979.9999971647351,-980.0000759538863,-2.8352649223961635e-06,1093.2129371487677,1.1637218156298584e-06
encodec_untrained,random-init-no-quant,24000,20260826,980.0,452.8929,797.6946428479862,452.9Hz_+50.0c,4,1499.9550782762897,1499.955122314193,452.89290104691617,797.6946433835982,600.0000052540146,599.9999928483596,1586.2618512501701,1586.2619378734573,1,5.082813331143973e-05,979.9999971604822,-979.9999491718667,-2.8395178333084914e-06,1093.2130111737717,1.1624371134656317e-06
encodec_untrained,random-init-no-quant,24000,20260826,985.0,440.0,777.2274512809981,440Hz_ongrid,0,1499.955260026606,1499.9550523307835,439.9999989161922,777.2274499130215,599.9999955998688,600.000002772842,1586.2620888806407,1586.2618284632615,1,-0.00023972055319884802,985.0000012172773,-985.0002397205532,1.2172772585472558e-06,1138.212608829458,-3.047097499191464e-06
encodec_untrained,random-init-no-quant,24000,20260826,985.0,440.0,777.2274512809981,440Hz_ongrid,1,1499.9550981575949,1499.9551420741936,439.99999890694846,777.2274499135976,599.9999943842266,600.0000089059698,1586.261905560564,1586.2619143477943,1,5.068812384422069e-05,985.0000012549314,-984.9999493118762,1.2549313623821945e-06,1138.212712410457,-3.0458141424632474e-06
encodec_untrained,random-init-no-quant,24000,20260826,985.0,440.0,777.2274512809981,440Hz_ongrid,2,1499.9550992465604,1499.955110112428,439.99999891477984,777.227449913446,600.0000066880866,600.0000201831971,1586.2618713160023,1586.261844918627,1,1.2541282095152815e-05,985.0000012237799,-984.9999874587179,1.2237799182912568e-06,1138.2126755204886,-3.0461518476858736e-06
encodec_untrained,random-init-no-quant,24000,20260826,985.0,440.0,777.2274512809981,440Hz_ongrid,3,1499.9551903718861,1499.9552612794243,439.99999891268595,777.227449913745,599.9999884535995,599.9999918863077,1586.2620291056005,1586.2621010417038,1,8.184080586935796e-05,985.0000012326846,-984.9999181591942,1.23268455354264e-06,1138.2128499960022,-3.0454858553145587e-06
encodec_untrained,random-init-no-quant,24000,20260826,985.0,440.0,777.2274512809981,440Hz_ongrid,4,1499.955277259896,1499.9548800929658,439.9999989108046,777.2274499143327,600.0000179325749,599.9999852513893,1586.2620443325713,1586.2616802242032,1,-0.00045840633669448535,985.0000012413961,-985.0004584063367,1.241396148543572e-06,1138.2124100341734,-3.0441767430372072e-06
encodec_untrained,random-init-no-quant,24000,20260826,985.0,452.8929,800.0018053869545,452.9Hz_+50.0c,0,1499.9550499798868,1499.9550015102286,452.8929010508159,800.0018081662199,599.9999968105094,600.0000017394867,1586.261842953534,1586.261772788286,1,-5.594322564419139e-05,985.000001997573,-985.0000559432257,1.9975730083388044e-06,1088.2128717429703,6.014435044384054e-06
encodec_untrained,random-init-no-quant,24000,20260826,985.0,452.8929,800.0018053869545,452.9Hz_+50.0c,1,1499.954983194298,1499.9552381103367,452.89290104445223,800.0018081644617,600.0000248466483,599.9999950537633,1586.2616849750364,1586.2620651608188,1,0.0002942216891057759,985.0000020180942,-984.9997057783108,2.0180941646685824e-06,1088.213144824583,6.010630142533097e-06
encodec_untrained,random-init-no-quant,24000,20260826,985.0,452.8929,800.0018053869545,452.9Hz_+50.0c,2,1499.9548956549934,1499.9549993023115,452.8929010382631,800.0018081676221,599.9999985791723,599.9999963001637,1586.2616597298984,1586.2617859344973,1,0.0001196287706017202,985.0000020485918,-984.9998803712294,2.048591795755783e-06,1088.212869194613,6.017469586232043e-06
encodec_untrained,random-init-no-quant,24000,20260826,985.0,452.8929,800.0018053869545,452.9Hz_+50.0c,3,1499.9550266645551,1499.9554785066723,452.8929010510935,800.0018081661051,600.0000081345189,599.9999882333134,1586.2617833690122,1586.2623623036163,1,0.0005215118629920388,985.0000019962637,-984.999478488137,1.9962636770287645e-06,1088.2134222877216,6.014186714762341e-06
encodec_untrained,random-init-no-quant,24000,20260826,985.0,452.8929,800.0018053869545,452.9Hz_+50.0c,4,1499.9552849504673,1499.9551373953514,452.8929010439682,800.0018081668301,599.9999992572449,599.9999955413233,1586.2621070945663,1586.2619475097372,1,-0.00017030671253684065,985.0000020250694,-985.0001703067126,2.025069420596992e-06,1088.2130285803023,6.015755496784339e-06
encodec_untrained,random-init-no-quant,24000,20260826,990.0,440.0,779.4754168100773,440Hz_ongrid,0,1499.9553125928915,1499.955003199673,439.9999989078003,779.4754148716713,599.9999875188278,599.999993090813,1586.2621728691006,1586.2617996930246,1,-0.0003570987248798676,989.9999999921464,-990.0003570987249,-7.853600436646957e-09,1133.2125521227904,-4.305247233485244e-06
encodec_untrained,random-init-no-quant,24000,20260826,990.0,440.0,779.4754168100773,440Hz_ongrid,1,1499.955245372411,1499.9550901432797,439.9999989081407,779.4754148724165,599.9999833456114,599.9999957586995,1586.2621073252215,1586.2618923446266,1,-0.00017916399313773807,989.9999999924623,-990.0001791639932,-7.537664714618586e-09,1133.2126524722858,-4.3035921511436676e-06
encodec_untrained,random-init-no-quant,24000,20260826,990.0,440.0,779.4754168100773,440Hz_ongrid,2,1499.9552307206814,1499.9551900709525,439.99999891625004,779.4754148724893,600.000001395752,600.0000029312874,1586.2620383326375,1586.2619869844882,1,-4.691753071025237e-05,989.9999999607167,-990.0000469175307,-3.92833499063272e-08,1133.2127678078616,-4.3034305062418835e-06
encodec_untrained,random-init-no-quant,24000,20260826,990.0,440.0,779.4754168100773,440Hz_ongrid,3,1499.9551839590288,1499.9550485274444,439.999998912541,779.4754148719943,599.999983086194,600.000005563417,1586.2620371910002,1586.2618160215861,1,-0.00015631385747746644,989.9999999742112,-990.0001563138575,-2.5788835955609102e-08,1133.2126044396798,-4.304529922220726e-06
encodec_untrained,random-init-no-quant,24000,20260826,990.0,440.0,779.4754168100773,440Hz_ongrid,4,1499.955294094418,1499.9552003112508,439.99999891031905,779.4754148707115,599.9999920120345,599.9999927378965,1586.2621385536852,1586.2620282156524,1,-0.00010824363759019818,989.9999999801043,-990.0001082436376,-1.9895651348633692e-08,1133.2127796271166,-4.307379177897366e-06
encodec_untrained,random-init-no-quant,24000,20260826,990.0,452.8929,802.3156409041469,452.9Hz_+50.0c,0,1499.955216644398,1499.9552114576436,452.89290104985605,802.3156394539469,600.0000064123652,600.0000029305911,1586.2620076110393,1586.262011670813,1,-5.986502595576228e-06,989.9999928575702,-990.0000059865026,-7.14242980848212e-06,1083.2131140622982,-3.1292367505278923e-06
encodec_untrained,random-init-no-quant,24000,20260826,990.0,452.8929,802.3156409041469,452.9Hz_+50.0c,1,1499.9553682259739,1499.9550103061372,452.8929010345091,802.3156394560107,600.0000010996489,600.0000235950477,1586.2621978943027,1586.261719878624,1,-0.00041310767986123297,989.9999929206888,-990.0004131076798,-7.079311217239592e-06,1083.212881895126,-3.1247835391998352e-06
encodec_untrained,random-init-no-quant,24000,20260826,990.0,452.8929,802.3156409041469,452.9Hz_+50.0c,2,1499.9553152966841,1499.9550213429927,452.8929010445552,802.3156394544324,599.9999784383731,600.0000056878605,1586.2622021904467,1586.2617842864786,1,-0.00033927856662940446,989.9999928788809,-990.0003392785667,-7.121119097064366e-06,1083.2128946337614,-3.1281892300592513e-06
encodec_untrained,random-init-no-quant,24000,20260826,990.0,452.8929,802.3156409041469,452.9Hz_+50.0c,3,1499.955078158233,1499.9549300319939,452.89290103866284,802.3156394573055,599.9999901839548,600.0000176401318,1586.2618945969118,1586.2616444092102,1,-0.00017096592088344488,989.9999929076045,-990.0001709659209,-7.092395549079811e-06,1083.2127892434576,-3.1219896387352274e-06
encodec_untrained,random-init-no-quant,24000,20260826,990.0,452.8929,802.3156409041469,452.9Hz_+50.0c,4,1499.9551064235052,1499.9550432134351,452.8929010420823,802.3156394578332,600.0000038277697,599.9999964120724,1586.2618878526946,1586.2618362934054,1,-7.295646862465103e-05,989.999992895672,-990.0000729564687,-7.104328005880234e-06,1083.2129198764212,-3.1208510128166586e-06
encodec_untrained,random-init-no-quant,24000,20260826,995.0,440.0,781.729884102587,440Hz_ongrid,0,1499.955074330265,1499.9549931797064,439.9999989145685,781.7298855503261,599.9999960989157,599.9999925934173,1586.261873111737,1586.261789563253,1,-9.366321454755367e-05,995.0000074769547,-995.0000936632146,7.476954692720028e-06,1128.212540557838,3.2061910579188274e-06
encodec_untrained,random-init-no-quant,24000,20260826,995.0,440.0,781.729884102587,440Hz_ongrid,1,1499.9554198094775,1499.9551618514574,439.9999989148135,781.7298855520584,599.9999973224064,599.9999983439659,1586.2622683303032,1586.2619676500262,1,-0.00029773267926792613,995.000007479827,-995.0002977326793,7.479826990675065e-06,1128.2127352371874,3.210027097081507e-06
encodec_untrained,random-init-no-quant,24000,20260826,995.0,440.0,781.729884102587,440Hz_ongrid,2,1499.9551682379888,1499.9549690581991,439.99999891142846,781.7298855517469,599.9999924800029,599.9999959432586,1586.261991941121,1586.2617520568358,1,-0.00022989144206128967,995.0000074924559,-995.000229891442,7.4924558930433705e-06,1128.2125127170195,3.209337463425045e-06
encodec_untrained,random-init-no-quant,24000,20260826,995.0,440.0,781.729884102587,440Hz_ongrid,3,1499.9551775746081,1499.9552333116071,439.9999989149118,781.729885550415,599.9999977542262,599.999987187997,1586.2619874991672,1586.2620823179755,1,6.433111490480613e-05,995.0000074758005,-994.9999356688851,7.475800543943478e-06,1128.2128177158138,3.206387876442857e-06
encodec_untrained,random-init-no-quant,24000,20260826,995.0,440.0,781.729884102587,440Hz_ongrid,4,1499.9553324420167,1499.9551411731466,439.99999891537976,781.7298855503394,600.0000040543978,600.0000073046202,1586.2621480672003,1586.2619179283327,1,-0.00022076070835069637,995.000007473792,-995.0002207607083,7.4737920385814505e-06,1128.2127113704769,3.2062202731684885e-06
encodec_untrained,random-init-no-quant,24000,20260826,995.0,452.8929,804.6361686997375,452.9Hz_+50.0c,0,1499.9549664704732,1499.954955930113,452.89290103892466,804.6361696887275,600.0000039093553,600.0000000021676,1586.2617260848097,1586.261725192985,1,-1.2165585412120243e-05,994.9999981564785,-995.0000121655854,-1.8435215451972908e-06,1078.212819134826,2.1278850234455626e-06
encodec_untrained,random-init-no-quant,24000,20260826,995.0,452.8929,804.6361686997375,452.9Hz_+50.0c,1,1499.9550970383534,1499.9550237515652,452.8929010398351,804.6361696857465,599.9999852229153,600.0000037060271,1586.2619307027035,1586.2617927847925,1,-8.458692283050763e-05,994.9999981465844,-995.0000845869229,-1.8534155969973654e-06,1078.212897413713,2.121471122907496e-06
encodec_untrained,random-init-no-quant,24000,20260826,995.0,452.8929,804.6361686997375,452.9Hz_+50.0c,2,1499.9550978535742,1499.9552230456852,452.8929010439842,804.636169684909,599.9999849206757,600.0000137991011,1586.261932515703,1586.2619936857297,1,0.00014449554953600412,994.9999981289221,-994.9998555044505,-1.871077870418958e-06,1078.2131274371056,2.119669003295717e-06
encodec_untrained,random-init-no-quant,24000,20260826,995.0,452.8929,804.6361686997375,452.9Hz_+50.0c,3,1499.9552430289104,1499.9550817837614,452.89290104500196,804.636169688088,599.9999922808067,599.9999927587033,1586.2620788388513,1586.2618913523083,1,-0.00018610762455519798,994.9999981318714,-995.0001861076246,-1.8681286064747837e-06,1078.2129643939295,2.1265088314212145e-06
encodec_untrained,random-init-no-quant,24000,20260826,995.0,452.8929,804.6361686997375,452.9Hz_+50.0c,4,1499.9551575751598,1499.9550727172098,452.89290104892024,804.636169687336,599.9999975455282,600.0000000237555,1586.2619650181682,1586.2618599252703,1,-9.79422457465876e-05,994.9999981152753,-995.0000979422457,-1.884724724732223e-06,1078.2129539294008,2.1248908447646543e-06
encodec_untrained,random-init-no-quant,24000,20260826,1000.0,440.0,783.9908719634985,440Hz_ongrid,0,1499.9552788346568,1499.9550890000544,439.9999989050814,783.9908709611234,600.0000025520358,600.0000069997352,1586.2620905289998,1586.2618585903538,1,-0.00021910529790019793,1000.0000020946144,-1000.0002191052979,2.09461438771541e-06,1123.2126511527858,-2.213477250786666e-06
encodec_untrained,random-init-no-quant,24000,20260826,1000.0,440.0,783.9908719634985,440Hz_ongrid,1,1499.955148209451,1499.9553108123457,439.9999989060438,783.9908709602186,599.9999780661436,600.0000058571281,1586.2620104139799,1586.2621179008613,1,0.00018767471344945179,1000.0000020888295,-999.9998123252866,2.0888295466647833e-06,1123.2129071664265,-2.2154754201052417e-06
encodec_untrained,random-init-no-quant,24000,20260826,1000.0,440.0,783.9908719634985,440Hz_ongrid,2,1499.9550854574904,1499.9551720811562,439.9999989177733,783.9908709617822,599.9999812540332,599.9999815790044,1586.2619287879538,1586.2620278305023,1,9.998021710495318e-05,1000.0000020461312,-999.9999000197829,2.0461311578401364e-06,1123.2127470442092,-2.2120224466723642e-06
encodec_untrained,random-init-no-quant,24000,20260826,1000.0,440.0,783.9908719634985,440Hz_ongrid,3,1499.9551923841836,1499.9554144939673,439.99999891419895,783.990870960945,599.9999963883158,600.0000151035206,1586.262008533423,1586.262210889743,1,0.00025635698550081784,1000.0000020583464,-999.9997436430145,2.058346353805973e-06,1123.2130268347566,-2.213871080041549e-06
encodec_untrained,random-init-no-quant,24000,20260826,1000.0,440.0,783.9908719634985,440Hz_ongrid,4,1499.9552745246447,1499.9552117316086,439.9999989035076,783.9908709612845,600.000012483231,599.9999936210072,1586.2620568990526,1586.2620388488024,1,-7.247512391630024e-05,1000.0000021011624,-1000.0000724751239,2.101162408507662e-06,1123.2127928083853,-2.2131214782386975e-06
encodec_untrained,random-init-no-quant,24000,20260826,1000.0,452.8929,806.9634081297218,452.9Hz_+50.0c,0,1499.9549491758326,1499.955232820409,452.89290103736874,806.9634103713003,599.9999944283098,600.0000102868116,1586.2617334800111,1586.2620151019482,1,0.000327379900620387,1000.0000008435537,-999.9996726200994,8.435537210971233e-07,1073.2131387189988,4.809012307275084e-06
encodec_untrained,random-init-no-quant,24000,20260826,1000.0,452.8929,806.9634081297218,452.9Hz_+50.0c,1,1499.955031586597,1499.9552132281142,452.8929010372641,806.9634103685503,599.9999842588993,599.9999943524707,1586.2618579404634,1586.2620384654972,1,0.00020964892525061747,1000.0000008380539,-999.9997903510747,8.380538929486647e-07,1073.2131161057584,4.803112748904976e-06
encodec_untrained,random-init-no-quant,24000,20260826,1000.0,452.8929,806.9634081297218,452.9Hz_+50.0c,2,1499.9550611848522,1499.9552163564035,452.89290103615923,806.9634103686569,600.0000101661896,600.0000211135309,1586.2618173498531,1586.261964860042,1,0.0001790975383564055,1000.0000008425062,-999.9998209024617,8.425062105743564e-07,1073.2131197164003,4.803341473556714e-06
encodec_untrained,random-init-no-quant,24000,20260826,1000.0,452.8929,806.9634081297218,452.9Hz_+50.0c,3,1499.9551268940572,1499.9550699760264,452.8929010451564,806.9634103690885,600.0000027714518,600.0000051907099,1586.2619145275016,1586.2618418527434,1,-6.56942551532445e-05,1000.0000008090395,-1000.0000656942551,8.090395340332179e-07,1073.2129507655527,4.8042671356766885e-06
encodec_untrained,random-init-no-quant,24000,20260826,1000.0,452.8929,806.9634081297218,452.9Hz_+50.0c,4,1499.955075962579,1499.9552538171672,452.8929010382483,806.9634103710183,599.9999804267787,600.0000008113424,1586.261920215968,1586.262066676631,1,0.00020527808185361247,1000.0000008395866,-999.9997947219182,8.395866188948276e-07,1073.213162953257,4.808407628489904e-06
encodec_untrained,random-init-no-quant,24000,20260826,1005.0,440.0,786.2583992521731,440Hz_ongrid,0,1499.9551810201065,1499.955184854797,439.99999890788877,786.2584007876718,599.9999945067462,600.0000046131738,1586.2620008461754,1586.2619761111528,1,4.425963481062491e-06,1005.0000076780051,-1004.9999955740366,7.678005090383522e-06,1118.2127617874241,3.3809589878473102e-06
encodec_untrained,random-init-no-quant,24000,20260826,1005.0,440.0,786.2583992521731,440Hz_ongrid,1,1499.955245396459,1499.9549924545674,439.9999989106603,786.258400786269,600.0000095807457,600.0000091987152,1586.2620316543812,1586.2617408135427,1,-0.00029194314529470185,1005.0000076640115,-1005.0002919431453,7.664011491215206e-06,1118.2125397208895,3.3778706284295406e-06
encodec_untrained,random-init-no-quant,24000,20260826,1005.0,440.0,786.2583992521731,440Hz_ongrid,2,1499.9550951011856,1499.9553279189458,439.999998905288,786.2584007880342,600.000003485343,599.9999932622499,1586.2618757726145,1586.262173986272,1,0.0002687160460261867,1005.0000076890361,-1004.999731283954,7.68903612424765e-06,1118.2129269107002,3.381757025456382e-06
encodec_untrained,random-init-no-quant,24000,20260826,1005.0,440.0,786.2583992521731,440Hz_ongrid,3,1499.9552316963404,1499.9552999376522,439.9999989106527,786.258400785172,599.9999952405137,600.0000123411047,1586.2620572189976,1586.2620866405928,1,7.876347073213339e-05,1005.0000076616255,-1004.9999212365293,7.661625545551942e-06,1118.212894614959,3.375454988576256e-06
encodec_untrained,random-init-no-quant,24000,20260826,1005.0,440.0,786.2583992521731,440Hz_ongrid,4,1499.9552161477975,1499.9550321020706,439.9999989086803,786.258400787348,599.9999954439314,600.0000091070724,1586.2620386860774,1586.2617868387454,1,-0.00021242384115039686,1005.0000076741777,-1005.0002124238412,7.674177709304786e-06,1118.212585481667,3.3802462895201332e-06
