codec,rate_label,sample_rate,seed,theta_cents,f1_nominal,f2_nominal,reference_label,rep,f1_hat_coded,f2_hat_coded,f1_hat_uncoded,f2_hat_uncoded,f1_crosscheck_coded,f2_crosscheck_coded,disagreement_f1_cents,disagreement_f2_cents,octave_flag,interval_coded_cents,interval_uncoded_cents,residual_coded_cents,residual_uncoded_cents,abs_residual_f2_coded_cents,abs_residual_f2_uncoded_cents
encodec,12.0kbps,24000,20260826,0.0,440.0,440.0,440Hz_ongrid,0,440.1791417179327,440.1990160381604,439.99999890643517,439.9999989203443,440.1791417179327,440.1990160381604,0.0,0.0,0,0.07816436512638249,5.472708211618874e-08,0.07816436512638249,5.472708211618874e-08,0.782876011372347,-4.248038008234651e-06
encodec,12.0kbps,24000,20260826,0.0,440.0,440.0,440Hz_ongrid,1,440.2771543889961,440.241468514392,439.99999890817907,439.99999891358925,440.2771543889961,440.241468514392,0.0,0.0,0,-0.140327755966021,2.1287153528899714e-08,-0.140327755966021,2.1287153528899714e-08,0.9498269266606036,-4.274616581728104e-06
encodec,12.0kbps,24000,20260826,0.0,440.0,440.0,440Hz_ongrid,2,440.31696632675175,440.11386031381966,439.99999891806067,439.9999989143099,440.31696632675175,440.11386031381966,0.0,0.0,0,-0.7987545205282855,-1.4757737423427693e-08,-0.7987545205282855,-1.4757737423427693e-08,0.44793943627131433,-4.271780972648458e-06
encodec,12.0kbps,24000,20260826,0.0,440.0,440.0,440Hz_ongrid,3,440.1215478702257,440.39995416082706,439.9999989132737,439.9999989089345,440.1215478702257,440.39995416082706,0.0,0.0,0,1.0947750048429243,-1.7073045963346246e-08,1.0947750048429243,-1.7073045963346246e-08,1.5729539867650308,-4.292931275849563e-06
encodec,12.0kbps,24000,20260826,0.0,440.0,440.0,440Hz_ongrid,4,440.15702280721007,440.1866512580628,439.9999989199129,439.9999989139952,440.15702280721007,440.1866512580628,0.0,0.0,0,0.1165312694752227,-2.3283785200484923e-08,0.1165312694752227,-2.3283785200484923e-08,0.7342465774531394,-4.273019161063769e-06
encodec,12.0kbps,24000,20260826,0.0,452.8929,452.8929,452.9Hz_+50c,0,451.7506904095361,451.1339451159362,452.8929010465134,452.8929010391853,451.7506904095361,451.1339451159362,0.0,0.0,0,-2.3651540317308455,-2.8012427131366254e-08,-2.3651540317308455,-2.8012427131366254e-08,-6.736893810663872,3.972402496508183e-06
encodec,12.0kbps,24000,20260826,0.0,452.8929,452.8929,452.9Hz_+50c,1,450.63740092225214,451.14358406915807,452.8929010416567,452.8929010401568,450.63740092225214,451.14358406915807,0.0,0.0,0,1.943535305373781,-5.733684962127663e-09,1.943535305373781,-5.733684962127663e-09,-6.699904561844273,3.9761162929140605e-06
encodec,12.0kbps,24000,20260826,0.0,452.8929,452.8929,452.9Hz_+50c,2,450.9446487185368,451.60338278941055,452.8929010469178,452.8929010376845,450.9446487185368,451.60338278941055,0.0,0.0,0,2.527118813546912,-3.529528915086247e-08,2.527118813546912,-3.529528915086247e-08,-4.93635553143802,3.966665928475366e-06
encodec,12.0kbps,24000,20260826,0.0,452.8929,452.8929,452.9Hz_+50c,3,451.5365644391264,451.1942610172262,452.89290104897003,452.8929010538118,451.5365644391264,451.1942610172262,0.0,0.0,0,-1.3129215283154383,1.8508245105402287e-08,-1.3129215283154383,1.8508245105402287e-08,-6.505446003847776,4.028313949343033e-06
encodec,12.0kbps,24000,20260826,0.0,452.8929,452.8929,452.9Hz_+50c,4,451.412106651643,451.19085964478836,452.8929010417582,452.89290105219743,451.412106651643,451.19085964478836,0.0,0.0,0,-0.84872390961427,3.990534023168282e-08,-0.84872390961427,3.990534023168282e-08,-6.518497131671446,4.022142996677492e-06
encodec,12.0kbps,24000,20260826,5.0,440.0,441.2726066625215,440Hz_ongrid,0,440.155429095899,441.15600505692146,439.9999989194952,441.2726035505878,440.155429095899,441.15600505692146,0.0,0.0,0,3.9310324353785746,4.999992042405136,-1.0689675646214254,-7.957594863938766e-06,-0.45752068390485096,-1.2208973710158361e-05
encodec,12.0kbps,24000,20260826,5.0,440.0,441.2726066625215,440Hz_ongrid,1,440.2414274154795,441.20535836797524,439.99999891724445,441.2726035387518,440.2414274154795,441.20535836797524,0.0,0.0,0,3.7864809948109888,4.999992004825387,-1.2135190051890112,-7.995174613029121e-06,-0.26385369856019175,-1.2255409620057808e-05
encodec,12.0kbps,24000,20260826,5.0,440.0,441.2726066625215,440Hz_ongrid,2,440.3121140532404,441.20882530027063,439.99999891499056,441.2726035591435,440.3121140532404,441.20882530027063,0.0,0.0,0,3.5221343230685767,4.999992093695618,-1.4778656769314233,-7.906304381855023e-06,-0.2502499479705978,-1.2175407502261169e-05
encodec,12.0kbps,24000,20260826,5.0,440.0,441.2726066625215,440Hz_ongrid,3,440.3632287267198,441.24207126285575,439.9999989041002,441.2726035445015,440.3632287267198,441.24207126285575,0.0,0.0,0,3.4516186015034758,4.999992079100606,-1.5483813984965242,-7.920899394164849e-06,-0.11980293347326806,-1.2232851795212234e-05
encodec,12.0kbps,24000,20260826,5.0,440.0,441.2726066625215,440Hz_ongrid,4,440.2691490769279,441.12382862076777,439.9999989117146,441.27260353212836,440.2691490769279,441.12382862076777,0.0,0.0,0,3.35752797798439,4.999992000597559,-1.64247202201561,-7.999402440894698e-06,-0.5837956813495682,-1.2281395239424132e-05
encodec,12.0kbps,24000,20260826,5.0,452.8929,454.2027966407925,452.9Hz_+50c,0,451.2402242600743,452.99761635648986,452.89290104729764,454.20279597260856,451.2402242600743,452.99761635648986,0.0,0.0,0,6.729337634186021,4.999993449744951,1.7293376341860212,-6.550255048587417e-06,-4.599756219137767,-2.5468420866386073e-06
encodec,12.0kbps,24000,20260826,5.0,452.8929,454.2027966407925,452.9Hz_+50c,1,451.74157914324104,452.9334764089339,452.89290103877096,454.20279599500236,451.74157914324104,452.9334764089339,0.0,0.0,0,4.561757971745708,4.999993567695198,-0.43824202825429204,-6.432304801684552e-06,-4.844899060986304,-2.4614860825671637e-06
encodec,12.0kbps,24000,20260826,5.0,452.8929,454.2027966407925,452.9Hz_+50c,2,451.5181003868144,452.3253068259028,452.8929010336284,454.202795977194,451.5181003868144,452.3253068259028,0.0,0.0,0,3.0922693740110825,4.99999351947497,-1.9077306259889175,-6.480525030383433e-06,-7.171049478197948,-2.5293642556766996e-06
encodec,12.0kbps,24000,20260826,5.0,452.8929,454.2027966407925,452.9Hz_+50c,3,451.1395994346382,452.8113455772204,452.8929010486558,454.20279596911234,451.1395994346382,452.8113455772204,0.0,0.0,0,6.403416377779652,4.999993431227221,1.403416377779652,-6.568772779047549e-06,-5.311779026407638,-2.560168084640012e-06
encodec,12.0kbps,24000,20260826,5.0,452.8929,454.2027966407925,452.9Hz_+50c,4,451.0267936101406,452.95033960977446,452.89290104124984,454.20279597391317,451.0267936101406,452.95033960977446,0.0,0.0,0,7.367693790485107,4.999993477836045,2.3676937904851068,-6.522163954691962e-06,-4.780444553777923,-2.5418693436008966e-06
encodec,12.0kbps,24000,20260826,10.0,440.0,442.5488940698555,440Hz_ongrid,0,440.25667602941473,441.99845912295984,439.9999989138072,442.5488917551582,440.25667602941473,441.99845912295984,0.0,0.0,0,6.835750782673749,9.999995218753218,-3.164249217326251,-4.781246781604409e-06,-2.1546203070392806,-9.0550058497944e-06
encodec,12.0kbps,24000,20260826,10.0,440.0,442.5488940698555,440Hz_ongrid,1,440.1705036094951,442.0004288179383,439.9999989165796,442.5488917577972,440.1705036094951,442.0004288179383,0.0,0.0,0,7.1823571953338465,9.999995218168456,-2.8176428046661535,-4.781831544065085e-06,-2.146905358390571,-9.044682103078059e-06
encodec,12.0kbps,24000,20260826,10.0,440.0,442.5488940698555,440Hz_ongrid,2,440.1472513061116,442.33182071962705,439.99999891257096,442.5488917574984,440.1472513061116,442.33182071962705,0.0,0.0,0,8.571327743817838,9.99999523277221,-1.4286722561821623,-4.767227789415074e-06,-0.8493908304656874,-9.04585109748394e-06
encodec,12.0kbps,24000,20260826,10.0,440.0,442.5488940698555,440Hz_ongrid,3,440.3030346328692,442.2789962633161,439.99999890971145,442.548891755722,440.3030346328692,442.2789962633161,0.0,0.0,0,7.7519316054901095,9.999995237074222,-2.2480683945098905,-4.762925778223348e-06,-1.056151805443295,-9.052800098429398e-06
encodec,12.0kbps,24000,20260826,10.0,440.0,442.5488940698555,440Hz_ongrid,4,440.25318132290056,442.2019590511471,439.9999989072217,442.5488917616802,440.25318132290056,442.2019590511471,0.0,0.0,0,7.646384926215045,9.999995270178227,-2.3536150737849546,-4.729821773352683e-06,-1.3577285534514074,-9.029492095202977e-06
encodec,12.0kbps,24000,20260826,10.0,452.8929,455.5164818797492,452.9Hz_+50c,0,451.25682207177937,454.7548591521559,452.89290104225273,455.51648048738895,451.25682207177937,454.7548591521559,0.0,0.0,0,13.368372870820908,9.99999072407285,3.3683728708209077,-9.275927149943186e-06,-2.8970427757231225,-5.2917987443074446e-06
encodec,12.0kbps,24000,20260826,10.0,452.8929,455.5164818797492,452.9Hz_+50c,1,451.1640315962806,454.49195251985964,452.89290103715007,455.5164804833719,451.1640315962806,454.49195251985964,0.0,0.0,0,12.723232768779463,9.999990728311035,2.7232327687794626,-9.271688965029057e-06,-3.8982075208693483,-5.307066018797241e-06
encodec,12.0kbps,24000,20260826,10.0,452.8929,455.5164818797492,452.9Hz_+50c,2,450.8007616044445,454.66870082185955,452.89290103918273,455.51648048177447,450.8007616044445,454.66870082185955,0.0,0.0,0,14.790888223846945,9.99999071447015,4.790888223846945,-9.28552985079989e-06,-3.2250752614227336,-5.3131370245888315e-06
encodec,12.0kbps,24000,20260826,10.0,452.8929,455.5164818797492,452.9Hz_+50c,3,450.50150947953534,454.4573537261772,452.8929010418669,455.516480482971,450.50150947953534,454.4573537261772,0.0,0.0,0,15.135573897159176,9.999990708757064,5.135573897159176,-9.291242935915989e-06,-4.030004991414889,-5.308589440310065e-06
encodec,12.0kbps,24000,20260826,10.0,452.8929,455.5164818797492,452.9Hz_+50c,4,451.3792617348216,454.7080262489187,452.89290103859065,455.51648048812365,451.3792617348216,454.7080262489187,0.0,0.0,0,12.720400056932354,9.999990740863916,2.7204000569323536,-9.25913608362805e-06,-3.075342996818538,-5.289006381484066e-06
encodec,12.0kbps,24000,20260826,15.0,440.0,443.82887286777554,440Hz_ongrid,0,440.2736989788955,442.9071350940812,439.9999989129592,443.82887074885815,440.2736989788955,442.9071350940812,0.0,0.0,0,10.324290574105863,14.999996011878428,-4.675709425894137,-3.988121571651959e-06,-3.5991419735718013,-8.265216930323547e-06
encodec,12.0kbps,24000,20260826,15.0,440.0,443.82887286777554,440Hz_ongrid,1,440.1938247781707,442.96442807580377,439.9999989162026,443.82887077318014,440.1938247781707,442.96442807580377,0.0,0.0,0,10.862330698739392,14.999996093989136,-4.137669301260608,-3.906010864085374e-06,-3.3752098258594136,-8.17034463494741e-06
encodec,12.0kbps,24000,20260826,15.0,440.0,443.82887286777554,440Hz_ongrid,2,440.15255518641567,442.99449823834647,439.9999989125316,443.8288707489059,440.15255518641567,442.99449823834647,0.0,0.0,0,11.14216605500631,14.999996013746937,-3.85783394499369,-3.986253062748801e-06,-3.2576908580412374,-8.265030683105728e-06
encodec,12.0kbps,24000,20260826,15.0,440.0,443.82887286777554,440Hz_ongrid,3,440.21939834376263,443.1066286668724,439.99999891108916,443.828870770215,440.21939834376263,443.1066286668724,0.0,0.0,0,11.317427746543098,14.999996102542811,-3.682572253456902,-3.897457188983822e-06,-2.8195376700078283,-8.181910798599647e-06
encodec,12.0kbps,24000,20260826,15.0,440.0,443.82887286777554,440Hz_ongrid,4,440.398309210855,443.01730402898136,439.99999890444565,443.82887075755264,440.398309210855,443.01730402898136,0.0,0.0,0,10.264944877490747,14.999996079290307,-4.735055122509253,-3.9207096929061436e-06,-3.1685675276957728,-8.23130263817726e-06
encodec,12.0kbps,24000,20260826,15.0,452.8929,456.8339666745868,452.9Hz_+50c,0,451.2408455972266,458.3309004385069,452.8929010403328,456.8339639188895,451.2408455972266,457.3033341042178,0.0,3.885740627232138,0,26.9902688122601,14.999985580123502,11.990268812260101,-1.4419876498195094e-05,5.663558787406734,-1.044308733705033e-05
encodec,12.0kbps,24000,20260826,15.0,452.8929,456.8339666745868,452.9Hz_+50c,1,450.9301465468492,456.8322003458365,452.89290104809555,456.8339639312671,450.9301465468492,456.8322003458365,0.0,0.0,0,22.51245717348416,14.99998559735623,7.512457173484162,-1.4402643769173551e-05,-0.006693754425246756,-1.0396180907911786e-05
encodec,12.0kbps,24000,20260826,15.0,452.8929,456.8339666745868,452.9Hz_+50c,2,450.8626226313274,457.01432678448225,452.8929010517624,456.8339639239499,450.8626226313274,456.65588418658115,0.0,1.3583633449063752,0,23.461775724761477,14.999985555609571,8.461775724761477,-1.4444390428636211e-05,0.6833641199170004,-1.0423910216375257e-05
encodec,12.0kbps,24000,20260826,15.0,452.8929,456.8339666745868,452.9Hz_+50c,3,450.8852503563033,456.9242872970184,452.89290103951015,456.83396392937635,450.8852503563033,456.9242872970184,0.0,0.0,0,23.033775628949527,14.999985623009634,8.033775628949527,-1.4376990366216091e-05,0.34224837196510793,-1.0403345947947383e-05
encodec,12.0kbps,24000,20260826,15.0,452.8929,456.8339666745868,452.9Hz_+50c,4,451.1700748148364,458.6534165143579,452.89290104192395,456.8339639344538,451.1700748148364,457.5271293278863,0.0,4.256514105962812,0,28.47960782957666,14.999985633024046,13.479607829576661,-1.436697595380565e-05,6.8813567902411314,-1.0384104438399637e-05
encodec,12.0kbps,24000,20260826,20.0,440.0,445.1125537328459,440Hz_ongrid,0,440.2814576136704,443.914542268967,439.9999989207328,445.1125513912131,440.2814576136704,443.914542268967,0.0,0.0,0,14.22706109591981,19.999995138893,-5.77293890408019,-4.861107001374876e-06,-4.66586339647864,-9.107616556433415e-06
encodec,12.0kbps,24000,20260826,20.0,440.0,445.1125537328459,440Hz_ongrid,1,440.1532825735985,443.9133799955098,439.99999890821977,445.1125513904952,440.1532825735985,443.9133799955098,0.0,0.0,0,14.726599729776392,19.99999518533457,-5.273400270223608,-4.814665430785681e-06,-4.670396183369065,-9.110408919262954e-06
encodec,12.0kbps,24000,20260826,20.0,440.0,445.1125537328459,440Hz_ongrid,2,440.1565945350998,443.8064119242111,439.9999989098952,445.1125513886626,440.1565945350998,443.8064119242111,0.0,0.0,0,14.296354028738497,19.99999517161482,-5.703645971261503,-4.828385179678207e-06,-5.087615152186005,-9.117536479202936e-06
encodec,12.0kbps,24000,20260826,20.0,440.0,445.1125537328459,440Hz_ongrid,3,440.28320029318877,443.9313335299819,439.99999890529404,445.1125513986276,440.28320029318877,443.9313335299819,0.0,0.0,0,14.285692150066678,19.999995228476635,-5.714307849933322,-4.7715233648659705e-06,-4.600379952580051,-9.078778413935183e-06
encodec,12.0kbps,24000,20260826,20.0,440.0,445.1125537328459,440Hz_ongrid,4,440.23972068486637,443.9206507417892,439.99999891251605,445.1125513971095,440.23972068486637,443.9206507417892,0.0,0.0,0,14.415005399080991,19.999995194156174,-5.584994600919009,-4.805843826005685e-06,-4.64204096587212,-9.084682969697989e-06
encodec,12.0kbps,24000,20260826,20.0,452.8929,458.15526201471454,452.9Hz_+50c,0,451.12784133518556,459.6120165656759,452.89290104441415,458.1552639768671,451.12784133518556,459.6120165656759,0.0,0.0,0,32.25623172244767,20.000003422007016,12.256231722447673,3.422007015529971e-06,5.495914392751352,7.414397899159297e-06
encodec,12.0kbps,24000,20260826,20.0,452.8929,458.15526201471454,452.9Hz_+50c,1,451.07952153759527,458.79228237236754,452.8929010450281,458.1552639724207,451.07952153759527,458.79228237236754,0.0,0.0,0,29.351198585270325,20.000003402858646,9.351198585270325,3.4028586455292498e-06,2.4054407851126727,7.397596055355724e-06
encodec,12.0kbps,24000,20260826,20.0,452.8929,458.15526201471454,452.9Hz_+50c,2,451.29548220139054,459.95676290399626,452.89290104683323,458.15526397104134,451.29548220139054,459.95676290399626,0.0,0.0,0,32.911097258991106,20.000003390745896,12.911097258991106,3.390745895615055e-06,6.793993754465236,7.392383824182161e-06
encodec,12.0kbps,24000,20260826,20.0,452.8929,458.15526201471454,452.9Hz_+50c,3,451.1816767598552,460.2189538852357,452.8929010392267,458.15526398040925,451.1816767598552,460.2189538852357,0.0,0.0,0,34.334307332350434,20.00000345522169,14.334307332350434,3.4552216909844446e-06,7.780574813022383,7.427782327583102e-06
encodec,12.0kbps,24000,20260826,20.0,452.8929,458.15526201471454,452.9Hz_+50c,4,451.3160487241223,459.70529095304096,452.8929010482023,458.15526397873447,451.3160487241223,459.70529095304096,0.0,0.0,0,31.88542729262985,20.000003414582654,11.88542729262985,3.4145826539599966e-06,5.8472181146452185,7.421453766346366e-06
encodec,12.0kbps,24000,20260826,25.0,440.0,446.39994737251044,440Hz_ongrid,0,440.1323603280431,444.9664526578795,439.99999891568217,446.39994423767087,440.1323603280431,444.9664526578795,0.0,0.0,0,18.91094718541901,24.999992108806556,-6.089052814580992,-7.891193444464761e-06,-5.568343160646943,-1.2157575436296775e-05
encodec,12.0kbps,24000,20260826,25.0,440.0,446.39994737251044,440Hz_ongrid,1,440.1805591774512,444.70769598002715,439.9999989191839,446.3999442246234,440.1805591774512,444.70769598002715,0.0,0.0,0,17.714331075603756,24.99999204442766,-7.285668924396244,-7.955572339568562e-06,-6.57538238829773,-1.2208176249158879e-05
encodec,12.0kbps,24000,20260826,25.0,440.0,446.39994737251044,440Hz_ongrid,2,440.22306170433984,444.6764489965541,439.9999989123743,446.39994423060483,440.22306170433984,444.6764489965541,0.0,0.0,0,17.425528463466392,24.999992094418204,-7.574471536533608,-7.90558179630807e-06,-6.697030254513919,-1.2184978956310727e-05
encodec,12.0kbps,24000,20260826,25.0,440.0,446.39994737251044,440Hz_ongrid,3,440.3179277685529,444.8750022651964,439.99999890651264,446.3999442252734,440.3179277685529,444.8750022651964,0.0,0.0,0,17.825339456800627,24.999992096804895,-7.174660543199373,-7.903195104574934e-06,-5.924186402822318,-1.220565547282525e-05
encodec,12.0kbps,24000,20260826,25.0,440.0,446.39994737251044,440Hz_ongrid,4,440.1863525489982,444.69228611268903,439.9999989154983,446.399944228535,440.1863525489982,444.69228611268903,0.0,0.0,0,17.631554641707954,24.999992074098937,-7.368445358292046,-7.925901062577623e-06,-6.635373590382694,-1.2193006230637564e-05
encodec,12.0kbps,24000,20260826,25.0,452.8929,459.48037892132646,452.9Hz_+50c,0,450.8921659706914,461.84693574449483,452.8929010419486,459.48037989074123,450.8921659706914,461.84693574449483,0.0,0.0,0,41.55882250273442,24.99999966960359,16.558822502734422,-3.3039641067489356e-07,8.893848465828935,3.652569319782188e-06
encodec,12.0kbps,24000,20260826,25.0,452.8929,459.48037892132646,452.9Hz_+50c,1,451.46319477980256,461.1802720274971,452.8929010487058,459.4803798901742,451.46319477980256,461.1802720274971,0.0,0.0,0,36.866906573418376,24.99999964163698,11.866906573418376,-3.583630210357569e-07,6.393053002562275,3.65043276244571e-06
encodec,12.0kbps,24000,20260826,25.0,452.8929,459.48037892132646,452.9Hz_+50c,2,451.3983300098842,462.05985977619946,452.8929010412493,459.4803798891545,451.3983300098842,462.05985977619946,0.0,0.0,0,40.41442018894873,24.99999966629844,15.414420188948732,-3.337015606064142e-07,9.691810645271461,3.646590572705132e-06
encodec,12.0kbps,24000,20260826,25.0,452.8929,459.48037892132646,452.9Hz_+50c,3,451.0969691261806,461.0449944758632,452.89290104340967,459.48037989946954,451.0969691261806,461.0449944758632,0.0,0.0,0,37.76395294697762,24.999999696905224,12.763952946977618,-3.03094775944146e-07,5.8851573426858454,3.6854556962006557e-06
encodec,12.0kbps,24000,20260826,25.0,452.8929,459.48037892132646,452.9Hz_+50c,4,451.3340764944431,461.9836568129236,452.89290104662945,459.4803798933436,451.3340764944431,461.9836568129236,0.0,0.0,0,40.3753283917974,24.999999661515588,15.375328391797403,-3.384844120546404e-07,9.406271787861545,3.6623741113302303e-06
encodec,12.0kbps,24000,20260826,30.0,440.0,447.69106452518196,440Hz_ongrid,0,440.1826658822237,445.30594061130944,439.99999891886023,447.69106371802536,440.1826658822237,445.30594061130944,0.0,0.0,0,20.033429142893397,30.000001132579378,-9.966570857106603,1.1325793778382831e-06,-9.24799865225254,-3.1212975064035648e-06
encodec,12.0kbps,24000,20260826,30.0,440.0,447.69106452518196,440Hz_ongrid,1,440.14827353093284,444.9779846707553,439.9999989122729,447.6910637038283,440.14827353093284,444.9779846707553,0.0,0.0,0,18.893221795467095,30.000001103597786,-11.106778204532905,1.1035977856010959e-06,-10.523476059941068,-3.1761977658572672e-06
encodec,12.0kbps,24000,20260826,30.0,440.0,447.69106452518196,440Hz_ongrid,2,440.1600463136091,445.6552472517859,439.99999891290906,447.6910637198586,440.1600463136091,445.6552472517859,0.0,0.0,0,21.479875277922098,30.00000116308429,-8.520124722077902,1.1630842884358117e-06,-7.890517341551565,-3.114208195400795e-06
encodec,12.0kbps,24000,20260826,30.0,440.0,447.69106452518196,440Hz_ongrid,3,440.0973153631717,445.70458796066515,439.9999989139614,447.69106370719226,440.0973153631717,445.70458796066515,0.0,0.0,0,21.918288666906673,30.000001109962707,-8.081711333093327,1.1099627066357698e-06,-7.698854419509042,-3.1631892914867583e-06
encodec,12.0kbps,24000,20260826,30.0,440.0,447.69106452518196,440Hz_ongrid,4,440.1262217175976,445.98409661419333,439.9999989104766,447.6910636964238,440.1262217175976,445.98409661419333,0.0,0.0,0,22.88992691723922,30.000001082031794,-7.110073082760781,1.082031793941951e-06,-6.613509450538896,-3.2048314015087954e-06
encodec,12.0kbps,24000,20260826,30.0,452.8929,460.8093284474927,452.9Hz_+50c,0,451.33256991008983,462.9396298792322,452.8929010497966,460.80932745747197,451.33256991008983,462.9396298792322,0.0,0.0,0,43.95981219955306,29.999992267583657,13.959812199553063,-7.732416342776105e-06,7.984976607016254,-3.71945072245157e-06
encodec,12.0kbps,24000,20260826,30.0,452.8929,460.8093284474927,452.9Hz_+50c,1,450.98729708983274,463.02799981431815,452.8929010522669,460.8093274584197,450.98729708983274,463.02799981431815,0.0,0.0,0,45.615167599983046,29.9999922617012,15.615167599983046,-7.738298801740484e-06,8.31541805246887,-3.715890113884934e-06
encodec,12.0kbps,24000,20260826,30.0,452.8929,460.8093284474927,452.9Hz_+50c,2,451.2742664413763,462.3874677341849,452.8929010404301,460.8093274445567,451.2742664413763,462.3874677341849,0.0,0.0,0,42.117340917405194,29.99999225486591,12.117340917405194,-7.74513409140809e-06,5.918848808451787,-3.7679726393986007e-06
encodec,12.0kbps,24000,20260826,30.0,452.8929,460.8093284474927,452.9Hz_+50c,3,451.21816017005494,463.37038439622484,452.89290104448145,460.8093274642273,451.21816017005494,463.37038439622484,0.0,0.0,0,46.00884778855091,29.999992313280575,16.00884778855091,-7.6867194245267e-06,9.59510049398373,-3.6940713196466366e-06
encodec,12.0kbps,24000,20260826,30.0,452.8929,460.8093284474927,452.9Hz_+50c,4,451.3172165178866,462.64989549366175,452.89290103262255,460.8093274543729,451.3172165178866,462.64989549366175,0.0,0.0,0,42.93486060849259,29.999992321590444,12.934860608492592,-7.678409556177712e-06,6.901131044554752,-3.7310937683103296e-06
encodec,12.0kbps,24000,20260826,35.0,440.0,448.9859159603322,440Hz_ongrid,0,440.18367755882554,447.0802627442779,439.99999891972504,448.98591909482354,440.18367755882554,447.0802627442779,0.0,0.0,0,26.913848326860432,35.00001633668464,-8.086151673139568,1.6336684637963117e-05,-7.363600558840105,1.2086209992384786e-05
encodec,12.0kbps,24000,20260826,35.0,440.0,448.9859159603322,440Hz_ongrid,1,440.2672568963812,446.5816084490121,439.9999989100407,448.9859190981038,440.2672568963812,446.5816084490121,0.0,0.0,0,24.653141164721532,35.000016387437164,-10.346858835278468,1.6387437163700724e-05,-9.295622976044557,1.2098858273367041e-05
encodec,12.0kbps,24000,20260826,35.0,440.0,448.9859159603322,440Hz_ongrid,2,440.1859369232013,446.22526499014276,439.9999989050588,448.9859190963403,440.1859369232013,446.22526499014276,0.0,0.0,0,23.590974813513682,35.00001640023916,-11.409025186486318,1.640023916138489e-05,-10.677588057785112,1.209205842404343e-05
encodec,12.0kbps,24000,20260826,35.0,440.0,448.9859159603322,440Hz_ongrid,3,440.2649041955142,447.1518983564124,439.9999989109429,448.9859190932479,440.2649041955142,447.1518983564124,0.0,0.0,0,26.87178816244055,35.00001636516336,-8.128211837559451,1.636516336134264e-05,-7.086227374306769,1.2080134758131233e-05
encodec,12.0kbps,24000,20260826,35.0,440.0,448.9859159603322,440Hz_ongrid,4,440.197048334194,446.21849222368184,439.9999989211693,448.98591909495013,440.197048334194,446.21849222368184,0.0,0.0,0,23.520997908581936,35.00001633149007,-11.479002091418064,1.6331490073184796e-05,-10.703864770034874,1.208669819458056e-05
encodec,12.0kbps,24000,20260826,35.0,452.8929,462.1421216782526,452.9Hz_+50c,0,451.1881663667629,464.55153899278537,452.8929010434381,462.14211923104574,451.1881663667629,464.55153899278537,0.0,0.0,0,50.53132024906548,34.99998684384066,15.53132024906548,-1.315615934061043e-05,9.002488890895135,-9.167499746030018e-06
encodec,12.0kbps,24000,20260826,35.0,452.8929,462.1421216782526,452.9Hz_+50c,1,450.9086481766193,464.55043928268196,452.89290103778274,462.142119231039,450.9086481766193,464.55043928268196,0.0,0.0,0,51.60008115694531,34.999986865433364,16.600081156945308,-1.3134566636097134e-05,8.998390620480158,-9.167525117168062e-06
encodec,12.0kbps,24000,20260826,35.0,452.8929,462.1421216782526,452.9Hz_+50c,2,451.5836195817912,463.77992312098786,452.8929010437473,462.14211923008514,451.5836195817912,463.77992312098786,0.0,0.0,0,46.136654117246714,34.999986839060114,11.136654117246714,-1.3160939886347478e-05,6.124534125370212,-9.171098411314934e-06
encodec,12.0kbps,24000,20260826,35.0,452.8929,462.1421216782526,452.9Hz_+50c,3,451.19129527495437,464.72280006111856,452.8929010515189,462.1421192349571,451.19129527495437,464.72280006111856,0.0,0.0,0,51.15743175324811,34.999986827602996,16.15743175324811,-1.3172397004268532e-05,9.640606147929764,-9.152847529398162e-06
encodec,12.0kbps,24000,20260826,35.0,452.8929,462.1421216782526,452.9Hz_+50c,4,451.3288673510206,464.6000843534543,452.89290104260317,462.1421192288381,451.3288673510206,464.6000843534543,0.0,0.0,0,50.17243040166735,34.999986838762126,15.172430401667349,-1.3161237873760001e-05,9.183392371616934,-9.17576977600461e-06
encodec,12.0kbps,24000,20260826,40.0,440.0,450.284512478581,440Hz_ongrid,0,440.18121299547255,446.6892466226908,439.99999891521117,450.28451457659605,440.18121299547255,446.6892466226908,0.0,0.0,0,25.408742687513755,40.0000123345907,-14.591257312486245,1.2334590699936143e-05,-13.878399306211925,8.06635579860017e-06
encodec,12.0kbps,24000,20260826,40.0,440.0,450.284512478581,440Hz_ongrid,1,440.237840114586,448.6258052181092,439.99999890522633,450.28451458040655,440.237840114586,448.95048643457113,0.0,-1.2524822831786737,0,32.67534215237491,40.000012388527956,-7.32465784762509,1.2388527956375128e-05,-6.389099534040161,8.081006093030275e-06
encodec,12.0kbps,24000,20260826,40.0,440.0,450.284512478581,440Hz_ongrid,2,440.1274127736353,449.0303346635374,439.9999989053124,450.2845145851303,440.1274127736353,449.0303346635374,0.0,0.0,0,34.67001590499021,40.000012406350905,-5.329984095009792,1.2406350904825558e-05,-4.828735456817415,8.099167983577313e-06
encodec,12.0kbps,24000,20260826,40.0,440.0,450.284512478581,440Hz_ongrid,3,440.15644262384745,446.5914054478031,439.9999989211383,450.2845145807951,440.15644262384745,446.5914054478031,0.0,0.0,0,25.126922681049315,40.00001232741426,-14.873077318950685,1.232741426093753e-05,-14.257644000812943,8.08249991487056e-06
encodec,12.0kbps,24000,20260826,40.0,440.0,450.284512478581,440Hz_ongrid,4,440.16033085506706,448.2350840551784,439.999998914879,450.2845145855892,440.16033085506706,448.2350840551784,0.0,0.0,0,31.471735258990087,40.000012370474366,-8.528264741009913,1.237047436575267e-05,-7.897538204610514,8.10093204647618e-06
encodec,12.0kbps,24000,20260826,40.0,452.8929,463.47876973070623,452.9Hz_+50c,0,450.8597291159317,465.2243047252509,452.8929010529952,463.4787714606095,450.8597291159317,465.2243047252509,0.0,0.0,0,54.297378747228215,40.00000243652186,14.297378747228215,2.4365218607158567e-06,6.507856510901894,6.461714365326972e-06
encodec,12.0kbps,24000,20260826,40.0,452.8929,463.47876973070623,452.9Hz_+50c,1,451.3018034086495,465.59667824545755,452.8929010368456,463.4787714632814,451.3018034086495,465.59667824545755,0.0,0.0,0,53.98586630629623,40.000002508235866,13.98586630629623,2.5082358661165927e-06,7.8930116875411915,6.471694832767918e-06
encodec,12.0kbps,24000,20260826,40.0,452.8929,463.47876973070623,452.9Hz_+50c,2,450.7134293805453,465.6363587202467,452.8929010489353,463.47877145731024,450.7134293805453,465.6363587202467,0.0,0.0,0,56.39193235726149,40.000002439717726,16.39193235726149,2.439717725621904e-06,8.040549814632348,6.449390527338631e-06
encodec,12.0kbps,24000,20260826,40.0,452.8929,463.47876973070623,452.9Hz_+50c,3,451.68071641407397,465.34476647089866,452.89290104126303,463.47877144188374,451.68071641407397,465.34476647089866,0.0,0.0,0,51.595991768065424,40.0000024114233,11.595991768065424,2.411423302817184e-06,6.956071443668411,6.3917680604240706e-06
encodec,12.0kbps,24000,20260826,40.0,452.8929,463.47876973070623,452.9Hz_+50c,4,451.2743324679267,465.5322385910227,452.89290103699005,463.4787714537215,451.2743324679267,465.5322385910227,0.0,0.0,0,53.851627128239095,40.00000247197468,13.851627128239095,2.4719746818391286e-06,7.653388318470305,6.435985725114772e-06
encodec,12.0kbps,24000,20260826,45.0,440.0,451.58686491178656,440Hz_ongrid,0,440.2380129893011,450.02030533770136,439.99999890405655,451.5868662787025,440.2380129893011,450.02030533770136,0.0,0.0,0,38.04765175234385,45.000009552425325,-6.952348247656147,9.552425325409786e-06,-6.01611010488081,5.240301661115586e-06
encodec,12.0kbps,24000,20260826,45.0,440.0,451.58686491178656,440Hz_ongrid,1,440.1841469094663,450.14743389235923,439.9999989132526,451.5868662880137,440.1841469094663,450.14743389235923,0.0,0.0,0,38.748488994588584,45.00000955193841,-6.251511005411416,9.551938411789251e-06,-5.52711394493433,5.275997698813299e-06
encodec,12.0kbps,24000,20260826,45.0,440.0,451.58686491178656,440Hz_ongrid,2,440.15997774390917,449.45572385769697,439.99999891522276,451.58686627926573,440.15997774390917,449.45572385769697,0.0,0.0,0,36.181236241139175,45.00000951065012,-8.818763758860825,9.51065012344543e-06,-8.18942607616258,5.24246089870968e-06
encodec,12.0kbps,24000,20260826,45.0,440.0,451.58686491178656,440Hz_ongrid,3,440.28065552101424,449.72048429865936,439.9999989110505,451.58686628396765,440.28065552101424,449.72048429865936,0.0,0.0,0,36.72616841816103,45.00000954509168,-8.27383158183897,9.545091678830886e-06,-7.169909991709231,5.260486707729029e-06
encodec,12.0kbps,24000,20260826,45.0,440.0,451.58686491178656,440Hz_ongrid,4,440.2294343380544,449.4137441392581,439.999998907672,451.58686627288205,440.2294343380544,449.4137441392581,0.0,0.0,0,35.746364672656014,45.000009515886305,-9.253635327343986,9.515886304711785e-06,-8.351133021546813,5.21798812980213e-06
encodec,12.0kbps,24000,20260826,45.0,452.8929,464.81928375410746,452.9Hz_+50c,0,451.1254109060503,466.6902585864677,452.8929010490555,464.81928317417135,451.1254109060503,466.6902585864677,0.0,0.0,0,58.72416175838341,44.99999382987688,13.72416175838341,-6.170123121762572e-06,6.954517464971468,-2.1599902790702094e-06
encodec,12.0kbps,24000,20260826,45.0,452.8929,464.81928375410746,452.9Hz_+50c,1,451.84826815366335,466.2404154727141,452.8929010408941,464.8192831682145,451.84826815366335,466.2404154727141,0.0,0.0,0,54.28280996994629,44.9999938388885,9.282809969946292,-6.161111500091465e-06,5.284974813456484,-2.1821767625837444e-06
encodec,12.0kbps,24000,20260826,45.0,452.8929,464.81928375410746,452.9Hz_+50c,2,450.8359154202537,466.249125302613,452.89290104050764,464.8192831782561,450.8359154202537,466.249125302613,0.0,0.0,0,58.198281354986406,44.99999387776583,13.198281354986406,-6.122234168515206e-06,5.3173156675330135,-2.1447764377623167e-06
encodec,12.0kbps,24000,20260826,45.0,452.8929,464.81928375410746,452.9Hz_+50c,3,451.34508974134155,466.4810599931487,452.8929010391532,464.8192831612467,451.34508974134155,466.4810599931487,0.0,0.0,0,57.10511277780799,44.999993819591424,12.105112777807989,-6.18040857602864e-06,6.178300436807611,-2.208128553614946e-06
encodec,12.0kbps,24000,20260826,45.0,452.8929,464.81928375410746,452.9Hz_+50c,4,451.14789271199817,466.2605690894057,452.8929010376544,464.8192831635011,451.14789271199817,466.2605690894057,0.0,0.0,0,57.04317768455148,44.9999938337175,12.04317768455148,-6.166282503272669e-06,5.359807179344452,-2.1997320523951075e-06
encodec,12.0kbps,24000,20260826,50.0,440.0,452.8929841231365,440Hz_ongrid,0,440.15657914565776,450.8624854275633,439.99999891302434,452.8929851731742,440.15657914565776,450.8624854275633,0.0,0.0,0,41.60476969739823,50.00000829072583,-8.395230302601767,8.290725830306656e-06,-7.779260013635011,4.013886613362782e-06
encodec,12.0kbps,24000,20260826,50.0,440.0,452.8929841231365,440Hz_ongrid,1,440.20918449996026,450.5945691742353,439.9999989175356,452.8929851719362,440.20918449996026,450.5945691742353,0.0,0.0,0,40.36881555881751,50.00000826824307,-9.63118444118249,8.268243071540837e-06,-8.808317917943773,4.009154127331132e-06
encodec,12.0kbps,24000,20260826,50.0,440.0,452.8929841231365,440Hz_ongrid,2,440.15290258358334,450.8842297167066,439.99999891221074,452.8929851657242,440.15290258358334,450.8842297167066,0.0,0.0,0,41.702722797125396,50.00000826544841,-8.297277202874604,8.26544840748511e-06,-7.695767713385425,3.985407895535541e-06
encodec,12.0kbps,24000,20260826,50.0,440.0,452.8929841231365,440Hz_ongrid,3,440.1665720219492,451.1893373140234,439.99999891142545,452.8929851701444,440.1665720219492,451.1893373140234,0.0,0.0,0,42.820066000310845,50.00000828543491,-7.179933999689155,8.285434908827938e-06,-6.524659944459716,4.0023046889335835e-06
encodec,12.0kbps,24000,20260826,50.0,440.0,452.8929841231365,440Hz_ongrid,4,440.1796797570622,450.95360172519634,439.9999989099569,452.8929851643632,440.1796797570622,450.95360172519634,0.0,0.0,0,41.86374771426125,50.000008269114,-8.136252285738749,8.269113997982913e-06,-7.429424521296483,3.980205659042374e-06
encodec,12.0kbps,24000,20260826,50.0,452.8929,466.1636749299574,452.9Hz_+50c,0,451.53394552728224,467.0560538406298,452.892901039149,466.16367300870894,451.53394552728224,467.0560538406298,0.0,0.0,0,58.513505578365134,49.999988892622405,8.513505578365134,-1.1107377595465096e-05,3.3109399171090144,-7.13511340465186e-06
encodec,12.0kbps,24000,20260826,50.0,452.8929,466.1636749299574,452.9Hz_+50c,1,451.23913894374596,467.1395235579777,452.8929010453578,466.16367300505334,451.23913894374596,467.1395235579777,0.0,0.0,0,59.953566802511865,49.9999888553126,9.953566802511865,-1.1144687398711994e-05,3.62030900559412,-7.148689654368095e-06
encodec,12.0kbps,24000,20260826,50.0,452.8929,466.1636749299574,452.9Hz_+50c,2,451.43618700332695,467.0890656814984,452.89290105197335,466.1636730092907,451.43618700332695,467.0890656814984,0.0,0.0,0,59.01072427384984,49.99998884576041,9.010724273849839,-1.1154239587085613e-05,3.433300397859993,-7.132953013808785e-06
encodec,12.0kbps,24000,20260826,50.0,452.8929,466.1636749299574,452.9Hz_+50c,3,451.1918774519335,467.21779816230895,452.89290104696363,466.1636730109462,451.1918774519335,467.21779816230895,0.0,0.0,0,60.42496467419915,49.99998887105912,10.424964674199153,-1.112894088350913e-05,3.910372897345713,-7.126804741363222e-06
encodec,12.0kbps,24000,20260826,50.0,452.8929,466.1636749299574,452.9Hz_+50c,4,451.28162483347376,467.11525064859876,452.892901042152,466.1636730144536,451.28162483347376,467.11525064859876,0.0,0.0,0,59.700613655131065,49.999988902477845,9.700613655131065,-1.1097522154557282e-05,3.530350488160907,-7.113778968459837e-06
encodec,12.0kbps,24000,20260826,55.0,440.0,454.2028810072373,440Hz_ongrid,0,440.3351123763319,452.7360182082065,439.9999989102189,454.20288035169943,440.3351123763319,452.7360182082065,0.0,0.0,0,48.08183729265871,55.00000178923788,-6.918162707341288,1.7892378778583407e-06,-5.600123755955988,-2.4986399998284046e-06
encodec,12.0kbps,24000,20260826,55.0,440.0,454.2028810072373,440Hz_ongrid,1,440.27362065663823,452.86319455978065,439.99999890849165,454.20288033401533,440.27362065663823,452.86319455978065,0.0,0.0,0,48.80986284407642,55.00000172862943,-6.19013715592358,1.7286294280438597e-06,-5.113877680596194,-2.56604438615878e-06
encodec,12.0kbps,24000,20260826,55.0,440.0,454.2028810072373,440Hz_ongrid,2,440.32872074474886,452.55158762082664,439.99999891618677,454.2028803534571,440.32872074474886,452.55158762082664,0.0,0.0,0,47.40157234542082,55.00000177245572,-7.598427654579183,1.7724557181963974e-06,-6.3055184060602,-2.4919404817657297e-06
encodec,12.0kbps,24000,20260826,55.0,440.0,454.2028810072373,440Hz_ongrid,3,440.1880052681461,452.93371244579043,439.9999989122351,454.20288034498,440.1880052681461,452.93371244579043,0.0,0.0,0,49.41610973601215,55.00000175569292,-5.583890263987847,1.7556929208240035e-06,-4.844318434741454,-2.5242517791747393e-06
encodec,12.0kbps,24000,20260826,55.0,440.0,454.2028810072373,440Hz_ongrid,4,440.2051462692035,452.9157694403682,439.9999989139783,454.2028803399006,440.2051462692035,452.9157694403682,0.0,0.0,0,49.28011214502545,55.000001729473645,-5.7198878549745515,1.7294736451844983e-06,-4.912902769235845,-2.5436122638956524e-06
encodec,12.0kbps,24000,20260826,55.0,452.8929,467.5119544720969,452.9Hz_+50c,0,451.31988858675624,467.9211127363578,452.8929010414164,467.51195596029334,451.31988858675624,467.9211127363578,0.0,0.0,0,62.537962702296454,55.00000152997874,7.537962702296454,1.5299787392564212e-06,1.5144830529306421,5.510910217225671e-06
encodec,12.0kbps,24000,20260826,55.0,452.8929,467.5119544720969,452.9Hz_+50c,1,451.26027296593554,468.0931515924125,452.89290103818513,467.51195596481807,451.26027296593554,468.0931515924125,0.0,0.0,0,63.403059043040805,55.00000155908629,8.403059043040805,1.5590862929570903e-06,2.1508826038108886,5.527665547294868e-06
encodec,12.0kbps,24000,20260826,55.0,452.8929,467.5119544720969,452.9Hz_+50c,2,451.1086507510951,467.87078682020046,452.89290103853,467.5119559487727,451.1086507510951,467.87078682020046,0.0,0.0,0,63.16223919512873,55.000001498350855,8.162239195128727,1.4983508549448743e-06,1.32827511561608,5.468248264553743e-06
encodec,12.0kbps,24000,20260826,55.0,452.8929,467.5119544720969,452.9Hz_+50c,3,451.33953332722155,467.78403393813704,452.8929010416437,467.51195594833615,451.33953332722155,467.78403393813704,0.0,0.0,0,61.95536422413505,55.000001484831586,6.955364224135053,1.4848315856852423e-06,1.007238895032847,5.466631815545022e-06
encodec,12.0kbps,24000,20260826,55.0,452.8929,467.5119544720969,452.9Hz_+50c,4,450.75870465797664,467.8888057382661,452.89290103679184,467.5119559636952,450.75870465797664,467.8888057382661,0.0,0.0,0,64.57243268693637,55.000001560254105,9.572432686936367,1.5602541054704488e-06,1.3949481473101306,5.523507371569128e-06
encodec,12.0kbps,24000,20260826,60.0,440.0,455.5165664902061,440Hz_ongrid,0,440.23404960706006,454.4736710176862,439.99999891512374,455.5165650967767,440.23404960706006,454.4736710176862,0.0,0.0,0,55.11118019255564,59.999998972717876,-4.8888198074443565,-1.02728212425518e-06,-3.968167718053046,-5.295861201674945e-06
encodec,12.0kbps,24000,20260826,60.0,440.0,455.5165664902061,440Hz_ongrid,1,440.2998471710925,454.7046186427171,439.99999891656654,455.51656510064055,440.2998471710925,454.7046186427171,0.0,0.0,0,55.73197770879757,59.99999898172602,-4.268022291202428,-1.0182739771380511e-06,-3.0886385758567996,-5.281176117919827e-06
encodec,12.0kbps,24000,20260826,60.0,440.0,455.5165664902061,440Hz_ongrid,2,440.2484992556863,455.0938915906879,439.9999989181925,455.51656509444973,440.2484992556863,454.7320914335437,0.0,1.3768804050631127,0,57.415363222712486,59.99999895179975,-2.584636777287514,-1.0482002466005724e-06,-1.607161929209286,-5.3047049653196325e-06
encodec,12.0kbps,24000,20260826,60.0,440.0,455.5165664902061,440Hz_ongrid,3,440.1639726864632,454.4148299918749,439.9999989062122,455.5165650955739,440.1639726864632,454.4148299918749,0.0,0.0,0,55.16262319013855,59.999999003210036,-4.837376809861453,-9.967899643470446e-07,-4.192326319235968,-5.300432427241349e-06
encodec,12.0kbps,24000,20260826,60.0,440.0,455.5165664902061,440Hz_ongrid,4,440.3237225343035,454.00921584913186,439.99999892093604,455.5165650940683,440.3237225343035,454.5480397279864,0.0,-2.0534321841801164,0,52.988413130636395,59.99999893955521,-7.0115868693636045,-1.060444787981396e-06,-5.738329123939883,-5.30615457988558e-06
encodec,12.0kbps,24000,20260826,60.0,452.8929,468.86413362680065,452.9Hz_+50c,0,451.3479110755256,468.56051854363307,452.89290103640246,468.8641326613622,451.3479110755256,468.56051854363307,0.0,0.0,0,64.79455897737651,59.999992473449836,4.794558977376511,-7.526550163561296e-06,-1.1214315453565094,-3.564785190136081e-06
encodec,12.0kbps,24000,20260826,60.0,452.8929,468.86413362680065,452.9Hz_+50c,1,451.15693090392926,468.70089973160333,452.8929010509163,468.8641326586523,451.15693090392926,468.70089973160333,0.0,0.0,0,66.04585789234928,59.99999240796331,6.045857892349275,-7.5920366882087365e-06,-0.6028298200723712,-3.574791220978439e-06
encodec,12.0kbps,24000,20260826,60.0,452.8929,468.86413362680065,452.9Hz_+50c,2,451.3064186436153,468.804482157579,452.89290105261193,468.8641326546633,451.3064186436153,468.804482157579,0.0,0.0,0,65.85487914267513,59.99999238675258,5.854879142675131,-7.613247419158142e-06,-0.22027111283086084,-3.5895201275937455e-06
encodec,12.0kbps,24000,20260826,60.0,452.8929,468.86413362680065,452.9Hz_+50c,3,451.3991328159071,468.78678730684055,452.89290104737563,468.8641326559009,451.3991328159071,468.78678730684055,0.0,0.0,0,65.43391343824905,59.99999241133858,5.43391343824905,-7.588661418367337e-06,-0.28561713106481246,-3.5849504396765852e-06
encodec,12.0kbps,24000,20260826,60.0,452.8929,468.86413362680065,452.9Hz_+50c,4,451.07369098599315,468.90126860591823,452.8929010395053,468.8641326547775,451.07369098599315,468.90126860591823,0.0,0.0,0,67.10524726037085,59.99999243727579,7.105247260370845,-7.562724206877647e-06,0.13711177686930776,-3.5890984285279094e-06
encodec,12.0kbps,24000,20260826,65.0,440.0,456.83405152976144,440Hz_ongrid,0,440.1194035279319,457.0593480420753,439.99999892094144,456.8340487494155,440.1194035279319,457.0593480420753,0.0,0.0,0,65.38383684338385,64.99999370919382,0.3838368433838468,-6.29080618352873e-06,0.8535809566803972,-1.0536494641533376e-05
encodec,12.0kbps,24000,20260826,65.0,440.0,456.83405152976144,440Hz_ongrid,1,440.2066676924463,456.98406297769196,439.9999989098768,456.83404876143004,440.2066676924463,456.98406297769196,0.0,0.0,0,64.75542671780588,64.99999379825942,-0.24457328219412489,-6.201740575306758e-06,0.5683952301164629,-1.0490964020015499e-05
encodec,12.0kbps,24000,20260826,65.0,440.0,456.83405152976144,440Hz_ongrid,2,440.1139511296169,458.6108703970737,439.9999989114667,456.8340487502113,440.1139511296169,457.5691955042787,0.0,3.9367453771824885,0,71.27213644696401,64.99999374948878,6.272136446964012,-6.250511219718646e-06,6.720433116665774,-1.0533478935804333e-05
encodec,12.0kbps,24000,20260826,65.0,440.0,456.83405152976144,440Hz_ongrid,3,440.2119594453409,456.82161083564677,439.9999989130417,456.8340487708013,440.2119594453409,456.82161083564677,0.0,0.0,0,64.11907401135235,64.99999382132056,-0.8809259886476468,-6.178679441859458e-06,-0.047146324668735355,-1.0455450385099652e-05
encodec,12.0kbps,24000,20260826,65.0,440.0,456.83405152976144,440Hz_ongrid,4,440.1119783281452,456.3784959516732,439.99999890526465,456.8340487783149,440.1119783281452,456.3784959516732,0.0,0.0,0,62.832213114046155,64.99999388039402,-2.167786885953845,-6.119605984622467e-06,-1.727250453630791,-1.0426976472174645e-05
encodec,12.0kbps,24000,20260826,65.0,452.8929,470.22022367287065,452.9Hz_+50c,0,451.29823469001894,469.8388849837974,452.8929010470035,470.2202258920145,451.29823469001894,469.8388849837974,0.0,0.0,0,69.70198066451735,65.00000416804791,4.70198066451735,4.168047908592598e-06,-1.4045639319549421,8.170336331548139e-06
encodec,12.0kbps,24000,20260826,65.0,452.8929,470.22022367287065,452.9Hz_+50c,1,451.01215573530914,469.6348607575205,452.89290103703064,470.2202258943821,451.01215573530914,469.6348607575205,0.0,0.0,0,70.04782229331056,65.00000421488697,5.04782229331056,4.214886970999032e-06,-2.1565033970414524,8.179053239435039e-06
encodec,12.0kbps,24000,20260826,65.0,452.8929,470.22022367287065,452.9Hz_+50c,2,451.52874589579386,469.6767160608378,452.8929010371405,470.22022589983635,451.52874589579386,469.6767160608378,0.0,0.0,0,68.22028440366809,65.00000423454814,3.2202844036680887,4.234548143244865e-06,-2.0022173686923614,8.199134494995985e-06
encodec,12.0kbps,24000,20260826,65.0,452.8929,470.22022367287065,452.9Hz_+50c,3,451.12132311639795,469.6887991735251,452.89290104392467,470.2202258888726,451.12132311639795,469.6887991735251,0.0,0.0,0,69.82765218004681,65.00000416824895,4.827652180046812,4.168248949554254e-06,-1.9576794422625297,8.158768630360355e-06
encodec,12.0kbps,24000,20260826,65.0,452.8929,470.22022367287065,452.9Hz_+50c,4,451.6512004949095,469.7756343342851,452.8929010485716,470.22022590262117,451.6512004949095,469.7756343342851,0.0,0.0,0,68.11541293202752,65.0000042011042,3.1154129320275246,4.201104204071271e-06,-1.6376418079889683,8.209387509952566e-06
encodec,12.0kbps,24000,20260826,70.0,440.0,458.15534711531484,440Hz_ongrid,0,440.1887199289851,459.10650389563955,439.9999989085183,458.1553490904212,440.1887199289851,459.10650389563955,0.0,0.0,0,72.84803297624863,70.00001175791385,2.848032976248632,1.175791385321645e-05,3.590415523094371,7.463344974556668e-06
encodec,12.0kbps,24000,20260826,70.0,440.0,458.15534711531484,440Hz_ongrid,1,440.16042159742966,459.9987847920158,439.9999989095976,458.1553490890538,440.16042159742966,459.9987847920158,0.0,0.0,0,76.32074795555486,70.00001174850017,6.3207479555548645,1.1748500170938314e-05,6.95183139883723,7.458177719491223e-06
encodec,12.0kbps,24000,20260826,70.0,440.0,458.15534711531484,440Hz_ongrid,2,440.1964174577894,459.8329176283021,439.9999989137873,458.1553490865279,440.1964174577894,459.8329176283021,0.0,0.0,0,75.55481126351377,70.0000117224709,5.55481126351377,1.1722470901531779e-05,6.327467433559226,7.4486331743327285e-06
encodec,12.0kbps,24000,20260826,70.0,440.0,458.15534711531484,440Hz_ongrid,3,440.29102681864214,460.38452507431265,439.99999890910294,458.15534909189086,440.29102681864214,460.38452507431265,0.0,0.0,0,77.25827835256187,70.00001176116704,7.258278352561874,1.1761167044710419e-05,8.402980594505456,7.468898178445613e-06
encodec,12.0kbps,24000,20260826,70.0,440.0,458.15534711531484,440Hz_ongrid,4,440.1355675168063,460.170180535068,439.9999989169992,458.1553490917712,440.1355675168063,460.170180535068,0.0,0.0,0,77.06344490665832,70.00001172964626,7.063444906658319,1.1729646260505433e-05,7.596769797869701,7.468446110899345e-06
encodec,12.0kbps,24000,20260826,70.0,452.8929,471.58023592173083,452.9Hz_+50c,0,451.2596371692581,470.4487385329902,452.8929010410076,471.5802365249688,451.2596371692581,470.4487385329902,0.0,0.0,0,72.09574621712613,69.9999982351989,2.095746217126134,-1.7648010981474727e-06,-4.158869421159422,2.2145674380629987e-06
encodec,12.0kbps,24000,20260826,70.0,452.8929,471.58023592173083,452.9Hz_+50c,1,450.876057793176,470.6337815400091,452.8929010367737,471.58023653801456,450.876057793176,470.6337815400091,0.0,0.0,0,74.24877184019235,69.99999829927604,4.248771840192347,-1.7007239563326948e-06,-3.4780518486545797,2.2624600737407674e-06
encodec,12.0kbps,24000,20260826,70.0,452.8929,471.58023592173083,452.9Hz_+50c,2,451.45989895429443,470.6117016228233,452.8929010464789,471.58023653672507,451.45989895429443,470.6117016228233,0.0,0.0,0,71.92721708863625,69.99999825744263,1.9272170886362545,-1.7425573730633914e-06,-3.5592750898248156,2.25772605005961e-06
encodec,12.0kbps,24000,20260826,70.0,452.8929,471.58023592173083,452.9Hz_+50c,3,450.8392033617681,471.13630527820305,452.89290103995273,471.58023653468575,450.8392033617681,471.13630527820305,0.0,0.0,0,76.2378435915152,69.99999827490326,6.237843591515201,-1.7250967374593529e-06,-1.6304962705549506,2.2502392579187615e-06
encodec,12.0kbps,24000,20260826,70.0,452.8929,471.58023592173083,452.9Hz_+50c,4,451.3009926333448,470.514944263596,452.89290104106726,471.58023652933275,451.3009926333448,470.514944263596,0.0,0.0,0,72.18071291809495,69.99999825099124,2.1807129180949545,-1.74900876004358e-06,-3.915251909978455,2.23058777398801e-06
encodec,12.0kbps,24000,20260826,75.0,440.0,459.48046426806206,440Hz_ongrid,0,440.314984374988,461.56101772191863,439.9999989042178,459.4804652328972,440.314984374988,461.56101772191863,0.0,0.0,0,81.58252947779853,75.00000794680263,6.582529477798531,7.946802625724558e-06,7.821430798016264,3.635313101927759e-06
encodec,12.0kbps,24000,20260826,75.0,440.0,459.48046426806206,440Hz_ongrid,1,440.26392355689615,462.0438124656189,439.9999989067901,459.480465235062,440.26392355689615,462.0438124656189,0.0,0.0,0,83.59323404128914,75.00000794483839,8.593234041289136,7.944838387174968e-06,9.631362378741436,3.643469922748746e-06
encodec,12.0kbps,24000,20260826,75.0,440.0,459.48046426806206,440Hz_ongrid,2,440.0472935015745,461.6172178375113,439.99999890995576,459.4804652410171,440.0472935015745,461.6172178375113,0.0,0.0,0,82.84614260501434,75.00000795482052,7.846142605014336,7.954820517852568e-06,8.032214696613668,3.6659076188935196e-06
encodec,12.0kbps,24000,20260826,75.0,440.0,459.48046426806206,440Hz_ongrid,3,440.2040091502126,461.4673251796053,439.999998908162,459.4804652433641,440.2040091502126,461.4673251796053,0.0,0.0,0,81.66745787730302,75.00000797072117,6.667457877303022,7.9707211710911e-06,7.469970907968669,3.6747506136700232e-06
encodec,12.0kbps,24000,20260826,75.0,440.0,459.48046426806206,440Hz_ongrid,4,440.1002918348916,461.90079624173677,439.99999891990836,459.4804652324481,440.1002918348916,461.90079624173677,0.0,0.0,0,83.70084571453238,75.00000788337448,8.700845714532377,7.883374479433769e-06,9.095411292501582,3.633621308326116e-06
encodec,12.0kbps,24000,20260826,75.0,452.8929,472.94418171752045,452.9Hz_+50c,0,450.7457691928796,472.9366715087499,452.8929010431757,472.9441794333139,450.7457691928796,472.9366715087499,0.0,0.0,0,83.19967495461765,74.9999876508997,8.199674954617649,-1.2349100302344596e-05,-0.02749168480379887,-8.361443890711362e-06
encodec,12.0kbps,24000,20260826,75.0,452.8929,472.94418171752045,452.9Hz_+50c,1,451.2966880304578,472.55562163232486,452.89290103834855,472.9441794321435,451.2966880304578,472.55562163232486,0.0,0.0,0,79.68955101449406,74.99998766506765,4.689551014494057,-1.2334932350199779e-05,-1.4229267633579223,-8.36572796113267e-06
encodec,12.0kbps,24000,20260826,75.0,452.8929,472.94418171752045,452.9Hz_+50c,2,451.2087685358398,472.5334370403564,452.89290103837,472.94417943140047,451.2087685358398,472.5334370403564,0.0,0.0,0,79.9455783268572,74.99998766226594,4.945578326857202,-1.2337734062839445e-05,-1.5042031692905162,-8.368447862453144e-06
encodec,12.0kbps,24000,20260826,75.0,452.8929,472.94418171752045,452.9Hz_+50c,3,451.7250555289779,472.62983014850244,452.89290104829934,472.94417943057624,451.7250555289779,472.62983014850244,0.0,0.0,0,78.31890150219316,74.9999876212927,3.3189015021931567,-1.237870729653423e-05,-1.151081042585902,-8.371465105823145e-06
encodec,12.0kbps,24000,20260826,75.0,452.8929,472.94418171752045,452.9Hz_+50c,4,451.85130513040207,472.8059684745701,452.89290105042875,472.94417943145686,451.85130513040207,472.8059684745701,0.0,0.0,0,78.48018926160323,74.99998761637619,3.480189261603229,-1.2383623811729194e-05,-0.5060099094511361,-8.36824143364824e-06
encodec,12.0kbps,24000,20260826,80.0,440.0,460.80941404107574,440Hz_ongrid,0,440.293232738992,463.3509692619235,439.99999891234376,460.8094130311464,440.293232738992,463.3509692619235,0.0,0.0,0,88.3688630665501,80.00000048527147,8.368863066550105,4.85271471006854e-07,9.522239014337572,-3.7942456059955506e-06
encodec,12.0kbps,24000,20260826,80.0,440.0,460.80941404107574,440Hz_ongrid,1,440.16077111377274,463.6436017617815,439.99999891144535,460.8094130484216,440.16077111377274,463.6436017617815,0.0,0.0,0,89.98280854166195,80.00000055370828,9.982808541661953,5.537082756745804e-07,10.615266698171475,-3.729343544201934e-06
encodec,12.0kbps,24000,20260826,80.0,440.0,460.80941404107574,440Hz_ongrid,2,440.13479977207726,463.3481224197726,439.99999890466086,460.80941303519364,440.13479977207726,463.3481224197726,0.0,0.0,0,88.98129719504419,80.00000053070625,8.981297195044192,5.307062451720412e-07,9.511602228118228,-3.7790402217192845e-06
encodec,12.0kbps,24000,20260826,80.0,440.0,460.80941404107574,440Hz_ongrid,3,440.30505001399314,463.38154616552526,439.999998916025,460.80941303265735,440.30505001399314,463.38154616552526,0.0,0.0,0,88.43663989606007,80.0000004764637,8.436639896060072,4.764636969412095e-07,9.636480774000386,-3.7885690060812987e-06
encodec,12.0kbps,24000,20260826,80.0,440.0,460.80941404107574,440Hz_ongrid,4,440.13202661204605,462.6587412452153,439.99999891111634,460.80941304663213,440.13202661204605,462.6587412452153,0.0,0.0,0,86.41451292302814,80.00000054827996,6.414512923028141,5.482799565470486e-07,6.933909924751319,-3.7360665113514554e-06
encodec,12.0kbps,24000,20260826,80.0,452.8929,474.31207243718984,452.9Hz_+50c,0,451.4277678184334,473.878989566796,452.8929010412678,474.3120734113835,451.4277678184334,473.878989566796,0.0,0.0,0,84.02824130013592,79.99999957543342,4.028241300135917,-4.2456657922684826e-07,-1.5814700084747175,3.55579649618167e-06
encodec,12.0kbps,24000,20260826,80.0,452.8929,474.31207243718984,452.9Hz_+50c,1,451.29320603804683,473.6855212171362,452.8929010504083,474.3120734086876,451.29320603804683,473.6855212171362,0.0,0.0,0,83.83741809049636,79.99999953065274,3.8374180904963566,-4.693472561712042e-07,-2.288417124349475,3.545956338804494e-06
encodec,12.0kbps,24000,20260826,80.0,452.8929,474.31207243718984,452.9Hz_+50c,2,451.38566558167213,473.8072030721131,452.89290104674126,474.31207341546,451.38566558167213,473.8072030721131,0.0,0.0,0,83.92743243057163,79.99999956938953,3.9274324305716277,-4.306104699480784e-07,-1.8437492841699332,3.570675899713025e-06
encodec,12.0kbps,24000,20260826,80.0,452.8929,474.31207243718984,452.9Hz_+50c,3,451.52473801564327,474.1732688402753,452.89290104288943,474.31207340722005,451.52473801564327,474.1732688402753,0.0,0.0,0,84.73116289324031,79.99999955403797,4.73116289324031,-4.4596202997126966e-07,-0.5067058063400024,3.5405999534269577e-06
encodec,12.0kbps,24000,20260826,80.0,452.8929,474.31207243718984,452.9Hz_+50c,4,451.43567071448996,473.93276176924655,452.89290104171005,474.3120734093409,451.43567071448996,473.93276176924655,0.0,0.0,0,84.19437000603878,79.99999956628722,4.194370006038781,-4.337127847975353e-07,-1.3850338116364136,3.548340841351988e-06
encodec,12.0kbps,24000,20260826,85.0,440.0,462.1422075193969,440Hz_ongrid,0,440.17093182022455,464.82382092308075,439.9999989081214,462.1422050597509,440.17093182022455,464.82382092308075,0.0,0.0,0,94.34415553548519,84.99999508203395,9.344155535485186,-4.9179660521758706e-06,10.016577176018064,-9.214096531927763e-06
encodec,12.0kbps,24000,20260826,85.0,440.0,462.1422075193969,440Hz_ongrid,1,440.28174513475267,464.0698805958273,439.99999891837274,462.14220506233,440.28174513475267,464.0698805958273,0.0,0.0,0,91.09804426133013,84.99999505136041,6.098044261330131,-4.948639585222736e-06,7.206250332384458,-9.204434933472333e-06
encodec,12.0kbps,24000,20260826,85.0,440.0,462.1422075193969,440Hz_ongrid,2,440.17079353143095,464.58811569642955,439.9999989112716,462.14220506223194,440.17079353143095,464.58811569642955,0.0,0.0,0,93.46659381798304,84.99999507893324,8.46659381798304,-4.921066761198745e-06,9.138471555481184,-9.204802238357212e-06
encodec,12.0kbps,24000,20260826,85.0,440.0,462.1422075193969,440Hz_ongrid,3,440.1305188778578,464.49693230927784,439.9999989185399,462.1422050585048,440.1305188778578,464.49693230927784,0.0,0.0,0,93.28518742178105,84.999995036373,8.285187421781046,-4.963627006304705e-06,8.798653827509037,-9.218764436916913e-06
encodec,12.0kbps,24000,20260826,85.0,440.0,462.1422075193969,440Hz_ongrid,4,440.1450996341412,464.4675239722182,439.99999891593495,462.1422050630953,440.1450996341412,464.4675239722182,0.0,0.0,0,93.11822384796446,84.99999506381883,8.118223847964458,-4.936181170478449e-06,8.68904206762539,-9.20156818707883e-06
encodec,12.0kbps,24000,20260826,85.0,452.8929,475.68391949059423,452.9Hz_+50c,0,451.28675382325025,475.83781323932715,452.8929010377867,475.6839175633489,451.28675382325025,475.83781323932715,0.0,0.0,0,91.7105871672085,84.99998901880524,6.710587167208502,-1.0981194762393898e-05,0.5600000313257595,-7.014138052433891e-06
encodec,12.0kbps,24000,20260826,85.0,452.8929,475.68391949059423,452.9Hz_+50c,1,451.19317769330246,476.23293200615205,452.8929010419712,475.683917578798,451.19317769330246,476.23293200615205,0.0,0.0,0,93.50656131443618,84.99998905903594,8.506561314436183,-1.0940964060068836e-05,1.996958587694127,-6.957911766486163e-06
encodec,12.0kbps,24000,20260826,85.0,452.8929,475.68391949059423,452.9Hz_+50c,2,451.5997186904195,474.8767563226925,452.8929010427462,475.683917575623,451.5997186904195,474.8767563226925,0.0,0.0,0,87.0102662999198,84.99998904451846,2.010266299919806,-1.0955481542396228e-05,-2.9401357132497434,-6.969466974411614e-06
encodec,12.0kbps,24000,20260826,85.0,452.8929,475.68391949059423,452.9Hz_+50c,3,451.2418718834274,474.851402833928,452.89290104882576,475.6839175768367,451.2418718834274,474.851402833928,0.0,0.0,0,88.29020446609054,84.99998902569543,3.290204466090543,-1.0974304572641813e-05,-3.032568105822198,-6.965049897724786e-06
encodec,12.0kbps,24000,20260826,85.0,452.8929,475.68391949059423,452.9Hz_+50c,4,450.6785398325907,476.22784616111505,452.892901042735,475.6839175605759,450.6785398325907,476.22784616111505,0.0,0.0,0,95.46387195389686,84.99998898979771,10.463871953896856,-1.1010202285888226e-05,1.9784700823439618,-7.0242305758121395e-06
encodec,12.0kbps,24000,20260826,90.0,440.0,463.47885582012776,440Hz_ongrid,0,440.2887840320981,465.47779258198966,439.9999989104474,463.4788575392798,440.2887840320981,465.47779258198966,0.0,0.0,0,96.31469606327296,90.00001070853244,6.314696063272962,1.0708532443004515e-05,7.450579596492512,6.421554160631616e-06
encodec,12.0kbps,24000,20260826,90.0,440.0,463.47885582012776,440Hz_ongrid,1,440.1363785288416,465.4833760774377,439.9999989193779,463.4788575329385,440.1363785288416,465.4833760774377,0.0,0.0,0,96.9348310247192,90.00001064970776,6.934831024719202,1.0649707760990168e-05,7.471345956590242,6.397867512601865e-06
encodec,12.0kbps,24000,20260826,90.0,440.0,463.47885582012776,440Hz_ongrid,2,440.36202460986067,465.22664646116584,439.9999989154066,463.4788575244299,440.36202460986067,465.22664646116584,0.0,0.0,0,95.09240457402245,90.00001063355124,5.092404574022453,1.0633551241312489e-05,6.516249194756214,6.366085165141137e-06
encodec,12.0kbps,24000,20260826,90.0,440.0,463.47885582012776,440Hz_ongrid,3,440.0724821396816,465.2965337977641,439.99999891343725,463.4788575337146,440.0724821396816,465.2965337977641,0.0,0.0,0,96.49113292983817,90.00001067598073,6.491132929838173,1.0675980732344215e-05,6.776299324643911,6.400766357302982e-06
encodec,12.0kbps,24000,20260826,90.0,440.0,463.47885582012776,440Hz_ongrid,4,440.2545825655224,465.4048568100341,439.99999891064067,463.4788575394547,440.2545825655224,465.4048568100341,0.0,0.0,0,96.17789436587223,90.0000107084255,6.177894365872234,1.0708425506322783e-05,7.1792910680292,6.422207275224791e-06
encodec,12.0kbps,24000,20260826,90.0,452.8929,477.0597343205898,452.9Hz_+50c,0,451.56080642009607,476.93086571142555,452.8929010487754,477.05973529545145,451.56080642009607,476.93086571142555,0.0,0.0,0,94.63185780386684,89.9999995286784,4.631857803866836,-4.7132159863849665e-07,-0.46772311045949316,3.537740703072558e-06
encodec,12.0kbps,24000,20260826,90.0,452.8929,477.0597343205898,452.9Hz_+50c,1,450.769242410045,477.0062320575664,452.8929010537951,477.0597352937913,450.769242410045,477.0062320575664,0.0,0.0,0,97.94284371230972,89.99999950346559,7.942843712309724,-4.965344118090798e-07,-0.19416883697676074,3.5317158266535444e-06
encodec,12.0kbps,24000,20260826,90.0,452.8929,477.0597343205898,452.9Hz_+50c,2,452.0494630213609,477.1025757404991,452.89290104964334,477.059735292361,452.0494630213609,477.1025757404991,0.0,0.0,0,93.38260177146593,89.99999951414547,3.3826017714659287,-4.85854528164964e-07,0.15546312011075594,3.5265255069055837e-06
encodec,12.0kbps,24000,20260826,90.0,452.8929,477.0597343205898,452.9Hz_+50c,3,451.35560143551123,477.269766856715,452.8929010469114,477.0597352926805,451.35560143551123,477.269766856715,0.0,0.0,0,96.64852629331882,89.99999952574831,6.648526293318824,-4.7425169213966e-07,0.7620334137717016,3.5276848910234823e-06
encodec,12.0kbps,24000,20260826,90.0,452.8929,477.0597343205898,452.9Hz_+50c,4,451.11341162919814,477.0368816056937,452.89290104885697,477.05973529567285,451.11341162919814,477.0368816056937,0.0,0.0,0,96.73275946685814,89.99999952917032,6.732759466858141,-4.708296756916752e-07,-0.08293373540779839,3.538544122438073e-06
encodec,12.0kbps,24000,20260826,95.0,440.0,464.8193700925245,440Hz_ongrid,0,440.3056096253695,466.41699272363155,439.9999989180704,464.81936951209076,440.3056096253695,466.41699272363155,0.0,0.0,0,99.7381508189374,95.00000209514181,4.738150818937399,2.09514180937731e-06,5.94019202969989,-2.1618433331679194e-06
encodec,12.0kbps,24000,20260826,95.0,440.0,464.8193700925245,440Hz_ongrid,1,440.1772617988443,466.12631411942607,439.99999890859516,464.8193694972836,440.1772617988443,466.12631411942607,0.0,0.0,0,99.16360479238949,95.00000207727359,4.163604792389492,2.0772735922491847e-06,4.860922660564747,-2.216992883242041e-06
encodec,12.0kbps,24000,20260826,95.0,440.0,464.8193700925245,440Hz_ongrid,2,440.1763630910806,466.3955745702266,439.9999989139943,464.81936949384516,440.1763630910806,466.3955745702266,0.0,0.0,0,100.16690766608708,95.00000204322339,5.166907666087084,2.0432233895917307e-06,5.860690878558742,-2.22979954173544e-06
encodec,12.0kbps,24000,20260826,95.0,440.0,464.8193700925245,440Hz_ongrid,3,440.3144121975723,466.3442745605108,439.9999989134301,464.81936949743255,440.3144121975723,466.3442745605108,0.0,0.0,0,99.43360603768066,95.00000205880458,4.433606037680661,2.058804582816265e-06,5.670257664603796,-2.2164381779079303e-06
encodec,12.0kbps,24000,20260826,95.0,440.0,464.8193700925245,440Hz_ongrid,4,440.18820030079104,466.6299003692674,439.99999891283386,464.8193695116147,440.18820030079104,466.6299003692674,0.0,0.0,0,100.98993770811923,95.00000211397251,5.989937708119228,2.113972513484441e-06,6.730276589345102,-2.163616429739996e-06
encodec,12.0kbps,24000,20260826,95.0,452.8929,478.4395284031288,452.9Hz_+50c,0,451.81466552508385,477.9459956326918,452.8929010511163,478.4395257805296,451.81466552508385,477.9459956326918,0.0,0.0,0,97.33981604329801,94.99998649211098,2.339816043298015,-1.3507889022434938e-05,-1.7867706921127187,-9.489878688240052e-06
encodec,12.0kbps,24000,20260826,95.0,452.8929,478.4395284031288,452.9Hz_+50c,1,450.8477357091728,478.0866610939131,452.8929010465389,478.43952580333547,450.8477357091728,478.0866610939131,0.0,0.0,0,101.5582538332817,94.99998659213175,6.558253833281697,-1.3407868252102162e-05,-1.2773219069943977,-9.407355602036066e-06
encodec,12.0kbps,24000,20260826,95.0,452.8929,478.4395284031288,452.9Hz_+50c,2,451.0767884762181,477.95322005914545,452.89290104948805,478.43952578083616,451.0767884762181,477.95322005914545,0.0,0.0,0,100.19564496668994,94.9999864994447,5.19564496668994,-1.3500555297696337e-05,-1.760602299343783,-9.488769277567169e-06
encodec,12.0kbps,24000,20260826,95.0,452.8929,478.4395284031288,452.9Hz_+50c,3,450.69175060336556,478.56828718490783,452.89290104933906,478.43952578699225,450.69175060336556,478.56828718490783,0.0,0.0,0,103.90050596842528,94.9999865222898,8.900505968425279,-1.3477710197662418e-05,0.46585113485258206,-9.466493610565642e-06
encodec,12.0kbps,24000,20260826,95.0,452.8929,478.4395284031288,452.9Hz_+50c,4,451.21298122214495,478.06747960273515,452.8929010497138,478.43952579750794,451.21298122214495,478.06747960273515,0.0,0.0,0,100.08683521843467,94.99998655890829,5.086835218434672,-1.344109170986485e-05,-1.3467827799441623,-9.42844247745479e-06
encodec,12.0kbps,24000,20260826,100.0,440.0,466.1637615180899,440Hz_ongrid,0,440.19801896038786,467.058785699351,439.9999989118038,466.1637596007308,440.19801896038786,467.058785699351,0.0,0.0,0,102.54178982711893,99.99999716097363,2.541789827118933,-2.839026365109021e-06,3.320744482737499,-7.120668001253142e-06
encodec,12.0kbps,24000,20260826,100.0,440.0,466.1637615180899,440Hz_ongrid,1,440.1773782790448,467.2934492328988,439.99999891340855,466.1637596000296,440.1773782790448,467.2934492328988,0.0,0.0,0,103.49257096828124,99.9999971520555,3.4925709682812425,-2.8479445006723836e-06,4.190346957490811,-7.123272194805867e-06
encodec,12.0kbps,24000,20260826,100.0,440.0,466.1637615180899,440Hz_ongrid,2,440.12697563623885,467.1739568245362,439.9999989097564,466.16375959426574,440.12697563623885,467.1739568245362,0.0,0.0,0,103.24806435775041,99.99999714501938,3.2480643577504082,-2.8549806216915385e-06,3.74759352222104,-7.144677939272276e-06
encodec,12.0kbps,24000,20260826,100.0,440.0,466.1637615180899,440Hz_ongrid,3,440.1876620463795,467.16425883389576,439.99999890984526,466.16375959711627,440.1876620463795,467.16425883389576,0.0,0.0,0,102.9734327767554,99.99999715525607,2.973432776755402,-2.8447439319734258e-06,3.7116547340529884,-7.134091639729992e-06
encodec,12.0kbps,24000,20260826,100.0,440.0,466.1637615180899,440Hz_ongrid,4,440.219527890105,467.1727912712748,439.9999989108814,466.1637595942543,440.219527890105,467.1727912712748,0.0,0.0,0,102.87973021212207,99.9999971405507,2.8797302121220696,-2.8594492960110074e-06,3.7432742574589897,-7.1447204167078924e-06
encodec,12.0kbps,24000,20260826,100.0,452.8929,479.8233132473549,452.9Hz_+50c,0,451.12550078412283,478.5701882622234,452.8929010512554,479.82331378794197,451.12550078412283,478.5701882622234,0.0,0.0,0,102.24202769941392,99.99999793193157,2.2420276994139243,-2.0680684258422843e-06,-4.527271678903269,1.9504734977055544e-06
encodec,12.0kbps,24000,20260826,100.0,452.8929,479.8233132473549,452.9Hz_+50c,1,450.90500837933706,479.62157676894503,452.8929010454026,479.8233137875362,450.90500837933706,479.62157676894503,0.0,0.0,0,106.88763382496676,99.99999795284072,6.8876338249667555,-2.047159284757072e-06,-0.7280315297796373,1.9490096599320195e-06
encodec,12.0kbps,24000,20260826,100.0,452.8929,479.8233132473549,452.9Hz_+50c,2,450.65802172727376,478.8704729121097,452.8929010374926,479.823313791636,450.65802172727376,478.8704729121097,0.0,0.0,0,105.12289319702242,99.99999799786973,5.122893197022421,-2.0021302731265678e-06,-3.4413286049939122,1.9638018021393193e-06
encodec,12.0kbps,24000,20260826,100.0,452.8929,479.8233132473549,452.9Hz_+50c,3,451.1329629855823,478.1259019003875,452.8929010443689,479.8233137914517,451.1329629855823,478.1259019003875,0.0,0.0,0,100.60543272928632,99.99999797091974,0.6054327292863206,-2.0290802638101013e-06,-6.135230027116693,1.9631371552090614e-06
encodec,12.0kbps,24000,20260826,100.0,452.8929,479.8233132473549,452.9Hz_+50c,4,451.2967042910093,478.51471030054887,452.89290104592874,479.82331379083536,451.2967042910093,478.51471030054887,0.0,0.0,0,101.3844398203846,99.99999796273308,1.3844398203845998,-2.0372669240487085e-06,-4.727975579833127,1.9609129521214536e-06
encodec,12.0kbps,24000,20260826,105.0,440.0,467.5120413106672,440Hz_ongrid,0,440.1605155718557,467.81998702772654,439.99999890860715,467.51204280721424,440.1605155718557,467.81998702772654,0.0,0.0,0,105.50851887001714,105.0000098360511,0.5085188700171415,9.836051106049126e-06,1.139971932422018,5.541831868071809e-06
encodec,12.0kbps,24000,20260826,105.0,440.0,467.5120413106672,440Hz_ongrid,1,440.21014271073426,467.8948300676165,439.9999989197956,467.51204280354483,440.21014271073426,467.8948300676165,0.0,0.0,0,105.59028211214881,105.00000977844083,0.5902821121488131,9.778440826835322e-06,1.4169170377087401,5.52824370170843e-06
encodec,12.0kbps,24000,20260826,105.0,440.0,467.5120413106672,440Hz_ongrid,2,440.16194715649766,467.83267593581934,439.9999989111525,467.51204280482426,440.16194715649766,467.83267593581934,0.0,0.0,0,105.54984465048055,105.00000981718595,0.5498446504805514,9.817185954830165e-06,1.1869283952344933,5.532981569492437e-06
encodec,12.0kbps,24000,20260826,105.0,440.0,467.5120413106672,440Hz_ongrid,3,440.1410777856043,467.92351493434467,439.9999989179724,467.5120428047651,440.1410777856043,467.92351493434467,0.0,0.0,0,105.96805030527968,105.00000979013315,0.9680503052796752,9.790133148612767e-06,1.52304921229885,5.532762455120277e-06
encodec,12.0kbps,24000,20260826,105.0,440.0,467.5120413106672,440Hz_ongrid,4,440.21578772517006,467.9565716077223,439.99999891053665,467.5120428018893,440.21578772517006,467.9565716077223,0.0,0.0,0,105.79651354031908,105.00000980874071,0.7965135403190828,9.80874071387916e-06,1.6453487234157715,5.522113496633234e-06
encodec,12.0kbps,24000,20260826,105.0,452.8929,481.2111003956997,452.9Hz_+50c,0,451.37873597283664,480.39723078589066,452.8929010510815,481.2111035513809,451.37873597283664,480.39723078589066,0.0,0.0,0,107.86725436007913,105.00000733519175,2.86725436007913,7.335191753554682e-06,-2.930505218703799,1.135306868220232e-05
encodec,12.0kbps,24000,20260826,105.0,452.8929,481.2111003956997,452.9Hz_+50c,1,451.18730481855187,480.2650814712474,452.89290103959365,481.211103549468,451.18730481855187,480.2650814712474,0.0,0.0,0,108.12533264869805,105.00000737222308,3.1253326486980484,7.3722230808925815e-06,-3.4068045209564333,1.1346186953294879e-05
encodec,12.0kbps,24000,20260826,105.0,452.8929,481.2111003956997,452.9Hz_+50c,2,451.5608580740712,480.37435180422585,452.89290103453874,481.2111035458867,451.5608580740712,480.37435180422585,0.0,0.0,0,107.0864254460076,105.00000737866185,2.0864254460075955,7.378661848633783e-06,-3.012957432718691,1.133330264384387e-05
encodec,12.0kbps,24000,20260826,105.0,452.8929,481.2111003956997,452.9Hz_+50c,3,450.98165970988515,480.0872073951244,452.89290104676905,481.2111035456435,450.98165970988515,480.0872073951244,0.0,0.0,0,108.27327594986106,105.00000733103515,3.273275949861059,7.331035149604759e-06,-4.048114307212872,1.1332427339591696e-05
encodec,12.0kbps,24000,20260826,105.0,452.8929,481.2111003956997,452.9Hz_+50c,4,451.0820731271361,480.7447531097727,452.89290104907343,481.2111035516525,451.0820731271361,480.7447531097727,0.0,0.0,0,110.25739229086646,105.00000734384466,5.257392290866463,7.34384465772564e-06,-1.6785725881149305,1.1354045855416635e-05
encodec,12.0kbps,24000,20260826,110.0,440.0,468.86422071653305,440Hz_ongrid,0,440.4306786493394,468.9581558771651,439.9999989086111,468.864219743824,440.4306786493394,468.9581558771651,0.0,0.0,0,108.65308214600275,110.00000070257296,-1.3469178539972546,7.025729615861565e-07,0.3468114071349883,-3.591630544978836e-06
encodec,12.0kbps,24000,20260826,110.0,440.0,468.86422071653305,440Hz_ongrid,1,440.1813426373455,469.0241525709632,439.9999989063576,468.8642197492277,440.1813426373455,469.0241525709632,0.0,0.0,0,109.87706372934815,110.00000073139223,-0.12293627065184864,7.31392233888073e-07,0.5904316174281042,-3.5716778748214856e-06
encodec,12.0kbps,24000,20260826,110.0,440.0,468.86422071653305,440Hz_ongrid,2,440.35169650796036,468.54260474141347,439.9999989147658,468.86421974407745,440.35169650796036,468.54260474141347,0.0,0.0,0,107.42881746401882,110.00000067929258,-2.5711825359811797,6.792925830723107e-07,-1.1879421689207752,-3.5906946959580698e-06
encodec,12.0kbps,24000,20260826,110.0,440.0,468.86422071653305,440Hz_ongrid,3,440.30937173672044,468.6310359363533,439.9999989133366,468.8642197454651,440.30937173672044,468.6310359363533,0.0,0.0,0,107.92194107568704,110.00000069003957,-2.0780589243129555,6.900395703723916e-07,-0.8612255616904444,-3.5855708793231286e-06
encodec,12.0kbps,24000,20260826,110.0,440.0,468.86422071653305,440Hz_ongrid,4,440.1687807163116,468.6957793504097,439.99999891437204,468.8642197517445,440.1687807163116,468.6957793504097,0.0,0.0,0,108.71397430108115,110.00000070915154,-1.2860256989188485,7.091515357160461e-07,-0.6220645748982224,-3.5623849267203614e-06
encodec,12.0kbps,24000,20260826,110.0,452.8929,482.60290142397895,452.9Hz_+50c,0,451.2089447536257,482.03012836500193,452.892901046527,482.602900338071,451.2089447536257,481.7497130777144,0.0,1.0074178480494793,0,114.39318501866174,109.99999210407161,4.39318501866174,-7.895928391121743e-06,-2.055920351061338,-3.895461070034874e-06
encodec,12.0kbps,24000,20260826,110.0,452.8929,482.60290142397895,452.9Hz_+50c,1,451.267666086152,481.51786277952533,452.8929010529226,482.6029003238784,451.267666086152,481.51786277952533,0.0,0.0,0,112.32708860643957,109.99999202871066,2.327088606439574,-7.971289335273468e-06,-3.896724785190227,-3.946374024534733e-06
encodec,12.0kbps,24000,20260826,110.0,452.8929,482.60290142397895,452.9Hz_+50c,2,450.9510094221078,481.5089790695062,452.89290104877165,482.6029003292748,450.9510094221078,481.5089790695062,0.0,0.0,0,113.51038967551601,109.9999920639368,3.5103896755160093,-7.936063198599186e-06,-3.9286652890250933,-3.9270154618540395e-06
encodec,12.0kbps,24000,20260826,110.0,452.8929,482.60290142397895,452.9Hz_+50c,3,450.98044861080257,481.58121181794377,452.892901049403,482.6029003288719,450.98044861080257,481.58121181794377,0.0,0.0,0,113.65706280255698,109.9999920600779,3.657062802556979,-7.93992209935368e-06,-3.6689766431008883,-3.92846084789584e-06
encodec,12.0kbps,24000,20260826,110.0,452.8929,482.60290142397895,452.9Hz_+50c,4,450.8286055681919,481.6267376969226,452.89290103954085,482.6029003212756,450.8286055681919,481.6267376969226,0.0,0.0,0,114.40371252956957,109.99999207052728,4.4037125295695745,-7.929472715773045e-06,-3.505323608675185,-3.955710795512591e-06
encodec,12.0kbps,24000,20260826,115.0,440.0,470.2203110144918,440Hz_ongrid,0,440.28871047651,469.5974876530615,439.99999891535344,470.22031327517993,440.28871047651,469.5974876530615,0.0,0.0,0,111.56980524932607,115.00001259096562,-3.430194750673934,1.2590965624781347e-05,-2.294600441149784,8.323290464234245e-06
encodec,12.0kbps,24000,20260826,115.0,440.0,470.2203110144918,440Hz_ongrid,1,440.16428645974423,469.5930718398995,439.99999891185706,470.2203132627787,440.16428645974423,469.5930718398995,0.0,0.0,0,112.04283538572142,115.00001255906442,-2.9571646142785823,1.2559064415995635e-05,-2.3108800044889035,8.277632026494282e-06
encodec,12.0kbps,24000,20260826,115.0,440.0,470.2203110144918,440Hz_ongrid,2,440.304985729375,469.6684972237841,439.9999989062739,470.2203132718006,440.304985729375,469.6684972237841,0.0,0.0,0,111.76757794602472,115.0000126142483,-3.2324220539752844,1.2614248305453657e-05,-2.03283393654255,8.31084861202732e-06
encodec,12.0kbps,24000,20260826,115.0,440.0,470.2203110144918,440Hz_ongrid,3,440.3120724107901,469.7380882020429,439.9999989158583,470.2203132722086,440.3120724107901,469.7380882020429,0.0,0.0,0,111.99621273870899,115.0000125780396,-3.0037872612910093,1.2578039601862656e-05,-1.7763352635313412,8.312350890913338e-06
encodec,12.0kbps,24000,20260826,115.0,440.0,470.2203110144918,440Hz_ongrid,4,440.20031861130826,469.5435185277746,439.99999892129995,470.2203132630054,440.20031861130826,469.5435185277746,0.0,0.0,0,111.71842489361218,115.00001252274494,-3.2815751063878196,1.252274493879213e-05,-2.493576285635059,8.278466967574244e-06
encodec,12.0kbps,24000,20260826,115.0,452.8929,483.99872794148894,452.9Hz_+50c,0,451.1324580211301,483.2424017699983,452.89290104881565,483.9987293554969,451.1324580211301,483.2424017699983,0.0,0.0,0,119.03515183496023,115.00000104860482,4.0351518349602316,1.0486048154234595e-06,-2.707448736265051,5.0578205210614695e-06
encodec,12.0kbps,24000,20260826,115.0,452.8929,483.99872794148894,452.9Hz_+50c,1,451.08064726641754,483.5149458979387,452.89290103974935,483.9987293620117,451.08064726641754,483.5149458979387,0.0,0.0,0,120.21011288014698,115.00000110656491,5.21011288014698,1.1065649090369334e-06,-1.7313244010286721,5.081123526752584e-06
encodec,12.0kbps,24000,20260826,115.0,452.8929,483.99872794148894,452.9Hz_+50c,2,451.43675159353654,483.3476411133624,452.89290104857685,483.99872937049537,451.43675159353654,483.3476411133624,0.0,0.0,0,118.2447928187062,115.00000110316641,3.244792818706202,1.1031664115535023e-06,-2.3304658848593416,5.111469329659773e-06
encodec,12.0kbps,24000,20260826,115.0,452.8929,483.99872794148894,452.9Hz_+50c,3,450.9429148938406,483.3025202990617,452.89290104007796,483.99872936362135,450.9429148938406,483.3025202990617,0.0,0.0,0,119.97804548742292,115.00000111106627,4.978045487422918,1.1110662683222472e-06,-2.4920852446110673,5.086881237396573e-06
encodec,12.0kbps,24000,20260826,115.0,452.8929,483.99872794148894,452.9Hz_+50c,4,451.8728842327901,483.39359786736065,452.89290104711404,483.9987293602845,451.8728842327901,483.39359786736065,0.0,0.0,0,116.73765468855628,115.0000010722346,1.737654688556276,1.072234596222188e-06,-2.165867760442447,5.074945654689568e-06
encodec,12.0kbps,24000,20260826,120.0,440.0,471.580323515969,440Hz_ongrid,0,440.1199311516726,470.9090380695325,439.99999891620723,471.5803241175376,440.1199311516726,470.9090380695325,0.0,0.0,0,117.06204668754015,120.00000647275392,-2.937953312459854,6.4727539239584075e-06,-2.4661337632019014,2.208438386209609e-06
encodec,12.0kbps,24000,20260826,120.0,440.0,471.580323515969,440Hz_ongrid,1,440.1439160947426,470.5457081506974,439.99999892094957,471.58032412635174,440.1439160947426,470.5457081506974,0.0,0.0,0,115.63145389512745,120.00000648645255,-4.36854610487255,6.4864525484154e-06,-3.802383137449524,2.240796197283064e-06
encodec,12.0kbps,24000,20260826,120.0,440.0,471.580323515969,440Hz_ongrid,2,440.3642833759872,470.77138455264964,439.9999989168366,471.58032412264424,440.3642833759872,470.77138455264964,0.0,0.0,0,115.59500284258496,120.00000648902491,-4.404997157415039,6.489024912070818e-06,-2.972272473052716,2.227185350634159e-06
encodec,12.0kbps,24000,20260826,120.0,440.0,471.580323515969,440Hz_ongrid,3,440.2708192737167,469.9566346306692,439.99999891552443,471.5803241378988,440.2708192737167,469.9566346306692,0.0,0.0,0,112.96369304606621,120.00000655018933,-7.036306953933789,6.550189326048894e-06,-5.971063048697462,2.2831871401526603e-06
encodec,12.0kbps,24000,20260826,120.0,440.0,471.580323515969,440Hz_ongrid,4,440.1211642356862,470.53743939629805,439.9999989085598,471.58032412764686,440.1211642356862,470.53743939629805,0.0,0.0,0,115.6905242130914,120.00000653995616,-4.309475786908607,6.539956160622751e-06,-3.8328058460002152,2.2455505947568056e-06
encodec,12.0kbps,24000,20260826,120.0,452.8929,485.3985915911031,452.9Hz_+50c,0,451.5637000114803,484.8862176335067,452.89290103526474,485.3985888116436,451.5637000114803,484.8862176335067,0.0,0.0,0,123.2600770359666,119.99998612929802,3.260077035966603,-1.3870701977225508e-05,-1.828410205465709,-9.913285886655323e-06
encodec,12.0kbps,24000,20260826,120.0,452.8929,485.3985915911031,452.9Hz_+50c,1,451.337372369738,484.8545399493311,452.892901040248,485.39858880831383,451.337372369738,484.8545399493311,0.0,0.0,0,124.01489862018651,119.99998609837293,4.014898620186514,-1.3901627070822542e-05,-1.9415156618075216,-9.92516188573243e-06
encodec,12.0kbps,24000,20260826,120.0,452.8929,485.3985915911031,452.9Hz_+50c,2,451.02692173357934,485.0296211296732,452.8929010370845,485.39858880934975,451.02692173357934,485.0296211296732,0.0,0.0,0,125.83116739674401,119.99998611416044,5.831167396744007,-1.3885839564409252e-05,-1.316479154944156,-9.921467117650282e-06
encodec,12.0kbps,24000,20260826,120.0,452.8929,485.3985915911031,452.9Hz_+50c,3,450.7188453573803,486.4165978299292,452.89290104899936,485.398588816707,450.7188453573803,486.4165978299292,0.0,0.0,0,131.95762230762094,119.9999860948551,11.957622307620937,-1.3905144896853017e-05,3.6270429329476106,-9.895226633705281e-06
encodec,12.0kbps,24000,20260826,120.0,452.8929,485.3985915911031,452.9Hz_+50c,4,451.1128529789246,486.56567660986127,452.8929010447079,485.39858881868594,451.1128529789246,486.56567660986127,0.0,0.0,0,130.9753938637924,119.99998611831775,10.975393863792391,-1.3881682249916594e-05,4.157556732862416,-9.888168459980568e-06
encodec,12.0kbps,24000,20260826,125.0,440.0,472.9442695651064,440Hz_ongrid,0,440.2067746231301,472.83809244163973,439.9999989136744,472.94426726901577,440.2067746231301,472.83809244163973,0.0,0.0,0,123.7979011200273,124.99999586933703,-1.202098879972695,-4.13066297255682e-06,-0.3887098333272488,-8.404944436719381e-06
encodec,12.0kbps,24000,20260826,125.0,440.0,472.9442695651064,440Hz_ongrid,1,440.1183317137179,472.155534942256,439.99999891078176,472.9442672701186,440.1183317137179,472.155534942256,0.0,0.0,0,121.64486271811464,124.99999588475535,-3.355137281885362,-4.115244649938177e-06,-2.889609214293789,-8.400907542688209e-06
encodec,12.0kbps,24000,20260826,125.0,440.0,472.9442695651064,440Hz_ongrid,2,440.2384328501306,472.52707921428487,439.9999989137521,472.9442672655624,440.2384328501306,472.52707921428487,0.0,0.0,0,122.53429251476125,124.99999585638997,-2.4657074852387524,-4.14361002754049e-06,-1.5278182423861393,-8.417585606244563e-06
encodec,12.0kbps,24000,20260826,125.0,440.0,472.9442695651064,440Hz_ongrid,3,440.18639814862405,472.0836128208117,439.99999891875336,472.9442672661184,440.18639814862405,472.0836128208117,0.0,0.0,0,121.11340558732788,124.99999583874718,-3.8865944126721246,-4.161252817880268e-06,-3.1533433033986396,-8.415550341239733e-06
encodec,12.0kbps,24000,20260826,125.0,440.0,472.9442695651064,440Hz_ongrid,4,440.14508580861525,472.058185194979,439.9999989141404,472.94426726663886,440.14508580861525,472.058185194979,0.0,0.0,0,121.18264167032649,124.99999585880258,-3.8173583296735103,-4.14119742231378e-06,-3.2465944903107644,-8.413645199420124e-06
encodec,12.0kbps,24000,20260826,125.0,452.8929,486.80250404937,452.9Hz_+50c,0,451.29393046175056,488.3137741986108,452.89290105051583,486.8025030031114,451.29393046175056,488.3137741986108,0.0,0.0,0,136.48931763528958,124.99999226343638,11.48931763528958,-7.736563617299907e-06,5.366261425220497,-3.7208488259178995e-06
encodec,12.0kbps,24000,20260826,125.0,452.8929,486.80250404937,452.9Hz_+50c,1,451.7989382729009,488.61216290846295,452.8929010342822,486.8025030054369,451.7989382729009,488.61216290846295,0.0,0.0,0,135.61067558395305,124.99999233376153,10.610675583953054,-7.666238474257625e-06,6.423825137669097,-3.7125784115581854e-06
encodec,12.0kbps,24000,20260826,125.0,452.8929,486.80250404937,452.9Hz_+50c,2,450.80580863264044,489.3841391551208,452.8929010452621,486.8025030020969,450.80580863264044,489.3841391551208,0.0,0.0,0,142.15348794495955,124.99999227991151,17.15348794495955,-7.720088490259513e-06,9.15690672097307,-3.7244567170598442e-06
encodec,12.0kbps,24000,20260826,125.0,452.8929,486.80250404937,452.9Hz_+50c,3,450.8368550743747,489.29476250598447,452.892901043527,486.8025029893939,450.8368550743747,489.29476250598447,0.0,0.0,0,141.7180584411117,124.99999224136786,16.718058441111708,-7.758632136756205e-06,8.840701072023348,-3.7696329112906127e-06
encodec,12.0kbps,24000,20260826,125.0,452.8929,486.80250404937,452.9Hz_+50c,4,451.25404282294284,488.3417790913444,452.8929010431407,486.8025029922038,451.25404282294284,488.3417790913444,0.0,0.0,0,136.74162338668532,124.99999225283754,11.741623386685319,-7.747162456439582e-06,5.465545197663509,-3.759639758221701e-06
encodec,12.0kbps,24000,20260826,130.0,440.0,474.31216053885623,440Hz_ongrid,0,440.15109166531755,473.72723962719766,439.999998914524,474.31216150576006,440.15109166531755,473.72723962719766,0.0,0.0,0,127.26934108975537,130.0000078001266,-2.730658910244628,7.80012661039109e-06,-2.1362722405594705,3.529187938736009e-06
encodec,12.0kbps,24000,20260826,130.0,440.0,474.31216053885623,440Hz_ongrid,1,440.1492548670675,474.1596240626847,439.9999989165178,474.31216150275145,440.1492548670675,474.1596240626847,0.0,0.0,0,128.8559920068905,130.00000778130047,-1.1440079931095113,7.781300467968322e-06,-0.5568459659776109,3.5182068489774022e-06
encodec,12.0kbps,24000,20260826,130.0,440.0,474.31216053885623,440Hz_ongrid,2,440.1091053180976,473.8728225870404,439.9999989184344,474.31216150392606,440.1091053180976,473.8728225870404,0.0,0.0,0,127.96644323168896,130.00000777804647,-2.033556768311044,7.778046466455635e-06,-1.6043217076780278,3.5224941868643302e-06
encodec,12.0kbps,24000,20260826,130.0,440.0,474.31216053885623,440Hz_ongrid,3,440.2641646944663,473.87855462701606,439.9999989126561,474.3121615051907,440.2641646944663,473.87855462701606,0.0,0.0,0,127.37754289040339,130.0000078053979,-2.62245710959661,7.805397899574018e-06,-1.5833805557785883,3.5271098118986894e-06
encodec,12.0kbps,24000,20260826,130.0,440.0,474.31216053885623,440Hz_ongrid,4,440.297367260208,473.4672805320462,439.99999891179567,474.31216151022755,440.297367260208,473.4672805320462,0.0,0.0,0,125.74381484796895,130.00000782716776,-4.256185152031051,7.827167763707621e-06,-3.0865523332165834,3.5454942765665305e-06
encodec,12.0kbps,24000,20260826,130.0,452.8929,488.21047702660945,452.9Hz_+50c,0,450.83389663508007,491.0956719502761,452.89290104700115,488.21047845244635,450.83389663508007,491.0956719502761,0.0,0.0,0,148.08974067648964,130.00000105385385,18.08974067648964,1.0538538504079042e-06,10.201022728544164,5.056133724806548e-06
encodec,12.0kbps,24000,20260826,130.0,452.8929,488.21047702660945,452.9Hz_+50c,1,450.9118182139458,491.1628804203905,452.89290105194704,488.2104784545232,450.9118182139458,491.1628804203905,0.0,0.0,0,148.0274524743412,130.00000104231208,18.027452474341203,1.0423120784253115e-06,10.437933044567453,5.063498274180234e-06
encodec,12.0kbps,24000,20260826,130.0,452.8929,488.21047702660945,452.9Hz_+50c,2,451.20805751330926,490.41476476606596,452.8929010359631,488.2104784546958,451.20805751330926,490.41476476606596,0.0,0.0,0,144.25150002547136,130.00000110402462,14.251500025471358,1.104024619280608e-06,7.79899041881171,5.064110256777732e-06
encodec,12.0kbps,24000,20260826,130.0,452.8929,488.21047702660945,452.9Hz_+50c,3,451.27835437310415,491.04278839222513,452.89290104492744,488.21047845961675,451.27835437310415,491.04278839222513,0.0,0.0,0,146.19739458302848,130.0000010872076,16.197394583028483,1.0872076074974757e-06,10.014585031378681,5.081560217852302e-06
encodec,12.0kbps,24000,20260826,130.0,452.8929,488.21047702660945,452.9Hz_+50c,4,451.3477838891097,490.6043913207196,452.89290104141423,488.2104784536287,451.3477838891097,490.6043913207196,0.0,0.0,0,144.38474818212586,130.000001079403,14.384748182125861,1.0794030060878868e-06,8.46826981070833,5.060326113128372e-06
encodec,12.0kbps,24000,20260826,135.0,440.0,475.6840078470761,440Hz_ongrid,0,440.1268687654333,476.3626429248242,439.9999989225055,475.6840059189494,440.1268687654333,476.3626429248242,0.0,0.0,0,136.9689978974203,134.99999722219027,1.9689978974203086,-2.777809726239866e-06,2.4681066868397186,-7.017344426103083e-06
encodec,12.0kbps,24000,20260826,135.0,440.0,475.6840078470761,440Hz_ongrid,1,440.0877450643123,476.2694043464199,439.9999989189088,475.6840059333125,440.0877450643123,476.2694043464199,0.0,0.0,0,136.7840093358087,134.9999972886158,1.7840093358086904,-2.7113842122616916e-06,2.1292186500620205,-6.9650706559286145e-06
encodec,12.0kbps,24000,20260826,135.0,440.0,475.6840078470761,440Hz_ongrid,2,440.1247976124915,475.04753978994995,439.9999989086082,475.6840059303196,440.1247976124915,475.04753978994995,0.0,0.0,0,132.19108547611552,134.99999731825218,-2.808914523884482,-2.681747815813651e-06,-2.317952610252311,-6.975963138976333e-06
encodec,12.0kbps,24000,20260826,135.0,440.0,475.6840078470761,440Hz_ongrid,3,440.14236416174543,474.90612174400866,439.9999989120503,475.68400591154807,440.14236416174543,474.90612174400866,0.0,0.0,0,131.60653674809012,134.99999723639047,-3.3934632519098784,-2.7636095296657004e-06,-2.833404569665438,-7.044281463066288e-06
encodec,12.0kbps,24000,20260826,135.0,440.0,475.6840078470761,440Hz_ongrid,4,440.16423617065516,475.657733236397,439.9999989183555,475.6840059223204,440.16423617065516,475.657733236397,0.0,0.0,0,134.25828508692277,134.99999725078732,-0.7417149130772316,-2.749212683283986e-06,-0.09562809804472804,-7.005075943229087e-06
encodec,12.0kbps,24000,20260826,135.0,452.8929,489.62252226701145,452.9Hz_+50c,0,450.9160007573888,491.72424687622436,452.8929010395724,489.62252158948706,450.9160007573888,491.72424687622436,0.0,0.0,0,149.9889493699977,134.99999363048994,14.988949369997698,-6.36951006072195e-06,7.41548835285655,-2.3956277980107986e-06
encodec,12.0kbps,24000,20260826,135.0,452.8929,489.62252226701145,452.9Hz_+50c,1,451.2882896774701,492.31439218084626,452.8929010524654,489.6225215995034,451.2882896774701,492.31439218084626,0.0,0.0,0,150.63668698328502,134.9999936166211,15.636686983285017,-6.383378888585867e-06,9.491991707894355,-2.360211419289806e-06
encodec,12.0kbps,24000,20260826,135.0,452.8929,489.62252226701145,452.9Hz_+50c,2,451.75513910174146,491.97673621593657,452.89290104877205,489.62252158456386,451.75513910174146,491.97673621593657,0.0,0.0,0,147.65890118358513,134.99999357791543,12.65890118358513,-6.422084567248021e-06,8.304209944170324,-2.413035473930825e-06
encodec,12.0kbps,24000,20260826,135.0,452.8929,489.62252226701145,452.9Hz_+50c,3,451.20808691752376,492.0956120755282,452.892901048227,489.62252159830905,451.20808691752376,492.0956120755282,0.0,0.0,0,150.17487259672353,134.99999362860004,15.174872596723532,-6.371399962290525e-06,8.722475810690419,-2.3644343683184873e-06
encodec,12.0kbps,24000,20260826,135.0,452.8929,489.62252226701145,452.9Hz_+50c,4,451.42260468325253,491.64246909932103,452.89290104055243,489.6225215950678,451.42260468325253,491.64246909932103,0.0,0.0,0,147.75705812445239,134.99999364647618,12.757058124452385,-6.3535238155054685e-06,7.127545981290606,-2.3758952032683464e-06
encodec,12.0kbps,24000,20260826,140.0,440.0,477.0598229326241,440Hz_ongrid,0,440.36507356800433,476.6888677762749,439.99999891618506,477.05982390716105,440.36507356800433,476.6888677762749,0.0,0.0,0,137.21746134093559,140.000007800965,-2.7825386590644143,7.800964993975867e-06,-1.3467074418845333,3.536561713984503e-06
encodec,12.0kbps,24000,20260826,140.0,440.0,477.0598229326241,440Hz_ongrid,1,440.12208641061744,476.92495354665493,439.99999892229323,477.05982390416256,440.12208641061744,476.92495354665493,0.0,0.0,0,139.03019698934722,140.00000776605012,-0.9698030106527824,7.766050117652412e-06,-0.4895056618908859,3.525680186721479e-06
encodec,12.0kbps,24000,20260826,140.0,440.0,477.0598229326241,440Hz_ongrid,2,440.3249419134686,477.01414375259367,439.9999989197588,477.0598239081182,440.3249419134686,477.01414375259367,0.0,0.0,0,138.5561718469471,140.00000779037674,-1.4438281530528911,7.790376741922955e-06,-0.16577614445827307,3.5400352534040206e-06
encodec,12.0kbps,24000,20260826,140.0,440.0,477.0598229326241,440Hz_ongrid,3,440.25862529698026,477.12503752834493,439.99999891724883,477.0598239094,440.25862529698026,477.12503752834493,0.0,0.0,0,139.21935134507714,140.00000780490439,-0.7806486549228566,7.804904385011469e-06,0.236645399569988,3.5446866286780426e-06
encodec,12.0kbps,24000,20260826,140.0,440.0,477.0598229326241,440Hz_ongrid,4,440.2861849140359,477.2253921396806,439.9999989189964,477.05982390599013,440.2861849140359,477.2253921396806,0.0,0.0,0,139.47507718026117,140.00000778565382,-0.5249228197388334,7.785653821201777e-06,0.6007408415893931,3.532312432804398e-06
encodec,12.0kbps,24000,20260826,140.0,452.8929,491.03865154873324,452.9Hz_+50c,0,451.96023415602457,492.9292387821905,452.8929010335223,491.0386501476105,451.96023415602457,492.9292387821905,0.0,0.0,0,150.2216600368398,139.9999911093659,10.221660036839808,-8.890634092040273e-06,6.65276387820618,-4.939878764604376e-06
encodec,12.0kbps,24000,20260826,140.0,452.8929,491.03865154873324,452.9Hz_+50c,1,451.2289568653149,492.48643269304057,452.89290104873464,491.0386501416928,451.2289568653149,492.48643269304057,0.0,0.0,0,151.469193177136,139.99999103035154,11.469193177135992,-8.969648462198165e-06,5.096870152422146,-4.96074248927779e-06
encodec,12.0kbps,24000,20260826,140.0,452.8929,491.03865154873324,452.9Hz_+50c,2,451.07891464367896,493.1529639307154,452.89290104793804,491.03865015541356,451.07891464367896,493.1529639307154,0.0,0.0,0,154.3864255983106,139.99999108177104,14.386425598310609,-8.918228957099927e-06,7.438338550052185,-4.912367801779862e-06
encodec,12.0kbps,24000,20260826,140.0,452.8929,491.03865154873324,452.9Hz_+50c,3,451.4097990327515,492.92827819202546,452.8929010390247,491.03865015396536,451.4097990327515,492.92827819202546,0.0,0.0,0,152.3280134664592,139.99999111073765,12.328013466459197,-8.889262346656324e-06,6.6493901525462595,-4.917473743298788e-06
encodec,12.0kbps,24000,20260826,140.0,452.8929,491.03865154873324,452.9Hz_+50c,4,451.730180373995,492.595613536191,452.8929010400905,491.03865015073427,451.730180373995,492.595613536191,0.0,0.0,0,149.93097196870778,139.99999109527153,9.93097196870778,-8.904728474590229e-06,5.480630255786919,-4.928865384252869e-06
encodec,12.0kbps,24000,20260826,145.0,440.0,478.43961727145455,440Hz_ongrid,0,440.16618060890875,478.7054865068137,439.9999989146408,478.4396146559674,440.16618060890875,478.7054865068137,0.0,0.0,0,145.30804621045488,144.99999480633736,0.3080462104548758,-5.193662644842334e-06,0.9617807851166015,-9.464141975156335e-06
encodec,12.0kbps,24000,20260826,145.0,440.0,478.43961727145455,440Hz_ongrid,1,440.3040983743847,478.0745767623372,439.9999989165011,478.43961464648805,440.3040983743847,478.0745767623372,0.0,0.0,0,142.48249740113198,144.99999476471675,-2.5175025988680204,-5.2352832540236705e-06,-1.3214034737714653,-9.498442984976437e-06
encodec,12.0kbps,24000,20260826,145.0,440.0,478.43961727145455,440Hz_ongrid,2,440.16156650214367,478.4950685907037,439.9999989107276,478.43961465072124,440.16156650214367,478.4950685907037,0.0,0.0,0,144.56505244208694,144.9999948027512,-0.4349475579130626,-5.197248810873134e-06,0.20063900593323203,-9.48312516037917e-06
encodec,12.0kbps,24000,20260826,145.0,440.0,478.43961727145455,440Hz_ongrid,3,440.36169881357125,478.0478127308591,439.99999890910505,478.43961464584663,440.36169881357125,478.0478127308591,0.0,0.0,0,142.15911041241253,144.99999479149633,-2.840889587587469,-5.208503665699027e-06,-1.4183257990019913,-9.500763867491188e-06
encodec,12.0kbps,24000,20260826,145.0,440.0,478.43961727145455,440Hz_ongrid,4,440.17905629019475,478.2904324979174,439.9999989100026,478.4396146575928,440.17905629019475,478.2904324979174,0.0,0.0,0,143.75571496784596,144.99999483046835,-1.244285032154039,-5.1695316471978e-06,-0.5399093750748039,-9.458260291857599e-06
encodec,12.0kbps,24000,20260826,145.0,452.8929,492.458876683998,452.9Hz_+50c,0,451.42576156341386,494.10104162246733,452.8929010410912,492.45887715660695,451.42576156341386,494.10104162246733,0.0,0.0,0,156.38081501104776,144.9999976817636,11.380815011047758,-2.3182363975138287e-06,5.763409659299408,1.6614516455127797e-06
encodec,12.0kbps,24000,20260826,145.0,452.8929,492.458876683998,452.9Hz_+50c,1,451.71306904801844,493.8079659909458,452.8929010424253,492.4588771552252,451.71306904801844,493.8079659909458,0.0,0.0,0,154.25214620568667,144.99999767180617,9.252146205686671,-2.328193829725933e-06,4.73622492221061,1.6565942258411696e-06
encodec,12.0kbps,24000,20260826,145.0,452.8929,492.458876683998,452.9Hz_+50c,2,451.31944914236806,493.9432120921247,452.8929010424066,492.4588771538695,451.31944914236806,493.9432120921247,0.0,0.0,0,156.23548263966543,144.9999976671117,11.235482639665435,-2.3328883003159717e-06,5.210317309085228,1.6518282960304078e-06
encodec,12.0kbps,24000,20260826,145.0,452.8929,492.458876683998,452.9Hz_+50c,3,451.5821115338858,494.0024743863425,452.8929010388659,492.4588771541031,451.5821115338858,494.0024743863425,0.0,0.0,0,155.43591616056733,144.99999768146805,10.43591616056733,-2.3185319548701955e-06,5.418014762705984,1.652649398311082e-06
encodec,12.0kbps,24000,20260826,145.0,452.8929,492.458876683998,452.9Hz_+50c,4,450.6946141071637,494.07792280688693,452.8929010365149,492.4588771551283,450.6946141071637,494.07792280688693,0.0,0.0,0,159.10605926951968,144.9999976940589,14.106059269519676,-2.305941109170817e-06,5.682403926218884,1.6562536375356098e-06
encodec,12.0kbps,24000,20260826,150.0,440.0,479.82340237271336,440Hz_ongrid,0,440.1217092571672,479.5257094088395,439.9999989088406,479.82340290938026,440.1217092571672,479.5257094088395,0.0,0.0,0,148.4467572836303,150.0000062296297,-1.5532427163697093,6.2296296903241455e-06,-1.074428913184677,1.9363290883364877e-06
encodec,12.0kbps,24000,20260826,150.0,440.0,479.82340237271336,440Hz_ongrid,1,440.18151676273004,478.7311007723396,439.99999891390456,479.8234029117772,440.18151676273004,478.7311007723396,0.0,0.0,0,145.3403593424001,150.00000621835338,-4.659640657599908,6.218353377107633e-06,-3.945587934190574,1.9449771866535525e-06
encodec,12.0kbps,24000,20260826,150.0,440.0,479.82340237271336,440Hz_ongrid,2,440.2126347393767,478.73703445041224,439.99999891770983,479.82340291240854,440.2126347393767,478.73703445041224,0.0,0.0,0,145.23943446765475,150.00000620565888,-4.760565532345254,6.205658877433962e-06,-3.924130122410046,1.9472552073063843e-06
encodec,12.0kbps,24000,20260826,150.0,440.0,479.82340237271336,440Hz_ongrid,3,440.2042791340306,479.7434311651795,439.99999891074685,479.8234029087018,440.2042791340306,479.7434311651795,0.0,0.0,0,148.90785981045488,150.00000621968124,-1.0921401895451197,6.219681239372221e-06,-0.28856536701590363,1.9338811579420687e-06
encodec,12.0kbps,24000,20260826,150.0,440.0,479.82340237271336,440Hz_ongrid,4,440.16528013813365,479.3741566173308,439.999998911047,479.82340291328927,440.16528013813365,479.3741566173308,0.0,0.0,0,147.72813991438596,150.0000062350523,-2.271860085614037,6.235052296688082e-06,-1.621667189821125,1.9504331345316518e-06
encodec,12.0kbps,24000,20260826,150.0,452.8929,493.88320951919326,452.9Hz_+50c,0,451.4371628717437,494.95562236579656,452.89290105124485,493.8832108862394,451.4371628717437,494.95562236579656,0.0,0.0,0,159.32878959413256,150.000000773475,9.328789594132559,7.734749942756025e-07,3.755108118183329,4.791976741449155e-06
encodec,12.0kbps,24000,20260826,150.0,452.8929,493.88320951919326,452.9Hz_+50c,1,451.49634690595144,494.8842885853384,452.89290104464214,493.8832108753021,451.49634690595144,494.8842885853384,0.0,0.0,0,158.85231115346525,150.00000076037549,8.852311153465251,7.603754852425482e-07,3.50558197072173,4.753637492471894e-06
encodec,12.0kbps,24000,20260826,150.0,452.8929,493.88320951919326,452.9Hz_+50c,2,451.5271131815107,495.27046040604057,452.892901039064,493.8832108794747,451.5271131815107,495.27046040604057,0.0,0.0,0,160.08474657556636,150.00000079632517,10.084746575566356,7.96325167584655e-07,4.8559847019481985,4.768263953436909e-06
encodec,12.0kbps,24000,20260826,150.0,452.8929,493.88320951919326,452.9Hz_+50c,3,451.15034230996156,494.9119792972839,452.89290103962776,493.8832108667121,451.15034230996156,494.9119792972839,0.0,0.0,0,160.2764190266386,150.00000074943262,10.276419026638592,7.494326155210729e-07,3.60244857838843,4.723526564789053e-06
encodec,12.0kbps,24000,20260826,150.0,452.8929,493.88320951919326,452.9Hz_+50c,4,451.91575235566677,495.0696035438934,452.8929010512698,493.88321088737894,451.91575235566677,495.0696035438934,0.0,0.0,0,157.8930326984713,150.00000077737405,7.893032698471302,7.773740549055219e-07,4.1537405816429676,4.79597115801423e-06
encodec,12.0kbps,24000,20260826,155.0,440.0,481.21118977883435,440Hz_ongrid,0,440.1932032650086,480.64621578638895,439.99999891753396,481.2111929363851,440.1932032650086,480.64621578638895,0.0,0.0,0,152.20620664122845,155.00001561888803,-2.793793358771552,1.561888802825706e-05,-2.0337782282186603,1.1359792802526777e-05
encodec,12.0kbps,24000,20260826,155.0,440.0,481.21118977883435,440Hz_ongrid,1,440.1472749368656,480.3328150627764,439.99999891415297,481.21119292905047,440.1472749368656,480.3328150627764,0.0,0.0,0,151.25764477229274,155.00001560580347,-3.7423552277072645,1.5605803469043167e-05,-3.1629808549948843,1.1333405281628378e-05
encodec,12.0kbps,24000,20260826,155.0,440.0,481.21118977883435,440Hz_ongrid,2,440.11784753266454,480.2324196986643,439.99999891267476,481.21119293643926,440.11784753266454,480.2324196986643,0.0,0.0,0,151.011508973814,155.00001563820206,-3.9884910261860114,1.563820205774391e-05,-3.524867517268964,1.1359987698993993e-05
encodec,12.0kbps,24000,20260826,155.0,440.0,481.21118977883435,440Hz_ongrid,3,440.25423689791944,480.60889393248675,439.99999892090483,481.2111929317378,440.25423689791944,480.60889393248675,0.0,0.0,0,151.83174998170492,155.00001558890557,-3.1682500182950832,1.5588905569074996e-05,-2.1682126018390613,1.1343073222753576e-05
encodec,12.0kbps,24000,20260826,155.0,440.0,481.21118977883435,440Hz_ongrid,4,440.35754634758626,480.1862293515631,439.9999989159571,481.21119293416217,440.35754634758626,480.1862293515631,0.0,0.0,0,149.9023698967596,155.0000156170951,-5.097630103240391,1.5617095101561063e-05,-3.691391359304932,1.1351795512380992e-05
encodec,12.0kbps,24000,20260826,155.0,452.8929,495.31166193496966,452.9Hz_+50c,0,451.29205524752996,496.00215346121445,452.89290104311146,495.31166507453764,451.29205524752996,496.00215346121445,0.0,0.0,0,163.54200405043403,155.00000698613843,8.54200405043403,6.986138430420397e-06,2.4117542105957384,1.0973549520874242e-05
encodec,12.0kbps,24000,20260826,155.0,452.8929,495.31166193496966,452.9Hz_+50c,1,451.4467956202265,495.6785494168755,452.8929010463543,495.311665061951,451.4467956202265,495.6785494168755,0.0,0.0,0,161.81862664548964,155.00000692974854,6.818626645489644,6.9297485367769696e-06,1.2818857796890428,1.092955596801623e-05
encodec,12.0kbps,24000,20260826,155.0,452.8929,495.31166193496966,452.9Hz_+50c,2,451.41822473151666,495.6189344015989,452.8929010381285,495.31166506206665,451.41822473151666,495.6189344015989,0.0,0.0,0,161.7199682051142,155.00000696159705,6.719968205114213,6.961597051713397e-06,1.0736585903909277,1.0929960368575517e-05
encodec,12.0kbps,24000,20260826,155.0,452.8929,495.31166193496966,452.9Hz_+50c,3,451.1658267012842,496.0230354267411,452.8929010419211,495.31166505774206,451.1658267012842,496.0230354267411,0.0,0.0,0,164.09919060652638,155.000006931984,9.099190606526378,6.931983989488799e-06,2.4846385892214986,1.0914844552232921e-05
encodec,12.0kbps,24000,20260826,155.0,452.8929,495.31166193496966,452.9Hz_+50c,4,450.6651579537554,496.18047946305893,452.8929010446158,495.3116650562685,450.6651579537554,496.18047946305893,0.0,0.0,0,166.570874868503,155.0000069165325,11.570874868503012,6.9165324987352506e-06,3.0340671584478174,1.0909694211269612e-05
encodec,12.0kbps,24000,20260826,160.0,440.0,482.60299106563536,440Hz_ongrid,0,440.19024535285934,481.5992553191725,439.9999989101485,482.6029899808853,440.19024535285934,481.5992553191725,0.0,0.0,0,155.64718313908372,160.00000039684772,-4.352816860916278,3.9684772445980343e-07,-3.604434930044679,-3.891306738398324e-06
encodec,12.0kbps,24000,20260826,160.0,440.0,482.60299106563536,440Hz_ongrid,1,440.14937247579496,481.64305754814427,439.99999890517626,482.60298997245025,440.14937247579496,481.64305754814427,0.0,0.0,0,155.96539182251306,160.0000003861526,-4.034608177486945,3.8615260677943297e-07,-3.4469835613492594,-3.921565664536336e-06
encodec,12.0kbps,24000,20260826,160.0,440.0,482.60299106563536,440Hz_ongrid,2,440.14972688384415,481.272141797172,439.9999989107839,482.60298997705377,440.14972688384415,481.272141797172,0.0,0.0,0,154.63025212208618,160.0000003806028,-5.369747877913824,3.806028132657957e-07,-4.780729273568201,-3.905051552392131e-06
encodec,12.0kbps,24000,20260826,160.0,440.0,482.60299106563536,440Hz_ongrid,3,440.22396776484686,481.50263427112685,439.99999891468855,482.6029899795196,440.22396776484686,481.50263427112685,0.0,0.0,0,155.16719620453586,160.000000374085,-4.8328037954641445,3.740850047506683e-07,-3.9517993171410097,-3.896205866698686e-06
encodec,12.0kbps,24000,20260826,160.0,440.0,482.60299106563536,440Hz_ongrid,4,440.145755996411,482.08464950344,439.9999989176018,482.60298997306796,440.145755996411,481.83345849017314,0.0,0.9022974902635863,0,157.56616235365323,160.000000339479,-2.433837646346774,3.3947898714359326e-07,-1.860437742001228,-3.919349726281569e-06
encodec,12.0kbps,24000,20260826,160.0,452.8929,496.7442458463402,452.9Hz_+50c,0,450.8021680958181,497.1065855427742,452.89290105126435,496.7442438815887,450.8021680958181,497.1065855427742,0.0,0.0,0,169.27291418150975,159.9999891339467,9.272914181509748,-1.0866053287372779e-05,1.2623521111542912,-6.847476776684796e-06
encodec,12.0kbps,24000,20260826,160.0,452.8929,496.7442458463402,452.9Hz_+50c,1,451.0412764261865,496.7154154156016,452.8929010365464,496.7442438834195,451.0412764261865,496.7154154156016,0.0,0.0,0,166.9920663538934,159.99998919658836,6.992066353893392,-1.0803411640836202e-05,-0.10048163061713013,-6.841096319886333e-06
encodec,12.0kbps,24000,20260826,160.0,452.8929,496.7442458463402,452.9Hz_+50c,2,451.3857580829504,496.9837379477207,452.89290103715854,496.74424388113215,451.3857580829504,496.9837379477207,0.0,0.0,0,166.60529450850134,159.99998918627665,6.605294508501345,-1.0813723349656357e-05,0.8344675709682704,-6.849068046772595e-06
encodec,12.0kbps,24000,20260826,160.0,452.8929,496.7442458463402,452.9Hz_+50c,3,451.94744787556345,497.18386802589475,452.89290105008115,496.74424387989654,451.94744787556345,497.18386802589475,0.0,0.0,0,165.14935153337723,159.99998913257215,5.149351533377228,-1.0867427846505961e-05,1.531476824087096,-6.853374220833125e-06
encodec,12.0kbps,24000,20260826,160.0,452.8929,496.7442458463402,452.9Hz_+50c,4,451.30415498095914,496.7774491011189,452.89290103803074,496.74424388240107,451.30415498095914,496.7774491011189,0.0,0.0,0,166.19954864726856,159.99998918736492,6.199548647268557,-1.0812635082402267e-05,0.11571484654308994,-6.844645588329528e-06
encodec,12.0kbps,24000,20260826,165.0,440.0,483.99881784241484,440Hz_ongrid,0,440.0884884141523,483.3363654203482,439.99999892078904,483.99881926815596,440.0884884141523,483.3363654203482,0.0,0.0,0,162.28069174577777,165.00000934607655,-2.719308254222227,9.346076552674276e-06,-2.3711747243299097,5.099788227153651e-06
encodec,12.0kbps,24000,20260826,165.0,440.0,483.99881784241484,440Hz_ongrid,1,440.25894216277317,483.39027414193157,439.9999989074116,483.9988192711849,440.25894216277317,483.39027414193157,0.0,0.0,0,161.80336691271583,165.00000940954612,-3.1966330872841695,9.40954612360656e-06,-2.1780930182422953,5.110622856242903e-06
encodec,12.0kbps,24000,20260826,165.0,440.0,483.99881784241484,440Hz_ongrid,2,440.2643370936895,483.2880962763746,439.99999891675895,483.99881927122925,440.2643370936895,482.8365355180236,0.0,1.6183365815949504,0,161.41616976663278,165.00000937292634,-3.583830233367223,9.372926342621213e-06,-2.544075760765964,5.110781233648784e-06
encodec,12.0kbps,24000,20260826,165.0,440.0,483.99881784241484,440Hz_ongrid,3,440.2009614095625,483.4061320133456,439.99999891771995,483.99881926515354,440.2009614095625,483.4061320133456,0.0,0.0,0,162.08817325430013,165.00000934741288,-2.9118267456998694,9.347412884608275e-06,-2.1212999090304825,5.0890489320368035e-06
encodec,12.0kbps,24000,20260826,165.0,440.0,483.99881784241484,440Hz_ongrid,4,440.1833373087792,483.5198044980338,439.99999891361296,483.9988192711146,440.1833373087792,483.5198044980338,0.0,0.0,0,162.56453733055923,165.00000938489447,-2.435462669440767,9.384894468666971e-06,-1.714249752632994,5.110371451331626e-06
encodec,12.0kbps,24000,20260826,165.0,452.8929,498.1809732027795,452.9Hz_+50c,0,451.511446046559,498.2117315872507,452.8929010525089,498.18097183149473,451.511446046559,498.2117315872507,0.0,0.0,0,170.395718948275,164.9999912112999,5.395718948275004,-8.78870008591548e-06,0.1068854925408355,-4.7653664672892556e-06
encodec,12.0kbps,24000,20260826,165.0,452.8929,498.1809732027795,452.9Hz_+50c,1,451.26549815443065,498.32534606931193,452.89290104445223,498.1809718206958,451.26549815443065,498.32534606931193,0.0,0.0,0,171.73376943520506,164.99999120456994,6.733769435205062,-8.795430062491505e-06,0.5016390146600095,-4.802894032268382e-06
encodec,12.0kbps,24000,20260826,165.0,452.8929,498.1809732027795,452.9Hz_+50c,2,451.7730451783699,498.1742072962384,452.89290103553265,498.1809718322137,451.7730451783699,498.1742072962384,0.0,0.0,0,169.26255978467444,164.9999912786919,4.262559784674437,-8.721308091708124e-06,-0.023512434132283412,-4.762867986814995e-06
encodec,12.0kbps,24000,20260826,165.0,452.8929,498.1809732027795,452.9Hz_+50c,3,451.0516036851348,497.85428710922275,452.8929010449741,498.180971823811,451.0516036851348,497.85428710922275,0.0,0.0,0,170.91726652174341,164.99999121340056,5.917266521743414,-8.786599437371478e-06,-1.1356427454693279,-4.79206843677992e-06
encodec,12.0kbps,24000,20260826,165.0,452.8929,498.1809732027795,452.9Hz_+50c,4,451.3552296424736,498.32912884101603,452.8929010483415,498.18097183429126,451.3552296424736,498.32912884101603,0.0,0.0,0,171.40269964832646,164.99999123694826,6.402699648326461,-8.763051738469585e-06,0.5147807068690208,-4.755648168209379e-06
encodec,12.0kbps,24000,20260826,170.0,440.0,485.39868175204845,440Hz_ongrid,0,440.15348939304545,486.37361186008246,439.9999989115938,485.3986789526063,440.15348939304545,486.37361186008246,0.0,0.0,0,172.8699031376519,169.99999429791333,2.869903137651903,-5.7020866677248705e-06,3.4737206974454624,-9.984554374482626e-06
encodec,12.0kbps,24000,20260826,170.0,440.0,485.39868175204845,440Hz_ongrid,1,440.21466783135514,486.1830807245682,439.99999890934555,485.3986789608738,440.21466783135514,486.1830807245682,0.0,0.0,0,171.95096629465272,169.99999433624646,1.9509662946527158,-5.66375354082993e-06,2.7953972723030884,-9.955067538099032e-06
encodec,12.0kbps,24000,20260826,170.0,440.0,485.39868175204845,440Hz_ongrid,2,440.13057469578274,486.1221525969635,439.999998917317,485.3986789622789,440.13057469578274,486.1221525969635,0.0,0.0,0,172.0647406593233,169.9999943098933,2.0647406593232915,-5.69010668982628e-06,2.5784266223912238,-9.950055969510593e-06
encodec,12.0kbps,24000,20260826,170.0,440.0,485.39868175204845,440Hz_ongrid,3,440.19464320122347,486.32304874221836,439.9999989136101,485.39867896418644,440.19464320122347,486.32304874221836,0.0,0.0,0,172.5280550160138,169.999994331282,2.528055016013809,-5.668717989237848e-06,3.2937332565552833,-9.943252468194172e-06
encodec,12.0kbps,24000,20260826,170.0,440.0,485.39868175204845,440Hz_ongrid,4,440.2847280663397,486.33665781503606,439.99999891183614,485.3986789581866,440.2847280663397,486.33665781503606,0.0,0.0,0,172.22224351955734,169.9999943168628,2.2222435195573382,-5.683137203504884e-06,3.3421787510709366,-9.964651485499752e-06
encodec,12.0kbps,24000,20260826,170.0,452.8929,499.6218559883234,452.9Hz_+50c,0,451.1185054203382,499.17847636608377,452.89290103888015,499.62185494526426,451.1185054203382,499.17847636608377,0.0,0.0,0,175.25911308874717,169.99999241447114,5.259113088747171,-7.5855288628190465e-06,-1.5370318255589437,-3.6142923529363463e-06
encodec,12.0kbps,24000,20260826,170.0,452.8929,499.6218559883234,452.9Hz_+50c,1,450.8860000542541,499.23848514164325,452.892901049501,499.6218549524944,450.8860000542541,499.23848514164325,0.0,0.0,0,176.3597247826277,169.99999239892503,6.359724782627694,-7.601074969443289e-06,-1.3289239114874072,-3.589239315225839e-06
encodec,12.0kbps,24000,20260826,170.0,452.8929,499.6218559883234,452.9Hz_+50c,2,451.60199861303016,499.2850683380026,452.89290104639446,499.62185494200827,451.60199861303016,499.2850683380026,0.0,0.0,0,173.7742692302728,169.99999237446468,3.7742692302728074,-7.625535317856702e-06,-1.167392587706204,-3.625574628900783e-06
encodec,12.0kbps,24000,20260826,170.0,452.8929,499.6218559883234,452.9Hz_+50c,3,451.0817754862312,499.3358827132655,452.89290104659034,499.6218549396575,451.0817754862312,499.3358827132655,0.0,0.0,0,175.94590074765657,169.9999923655703,5.945900747656566,-7.634429692870981e-06,-0.9912064649925808,-3.6337203018317617e-06
encodec,12.0kbps,24000,20260826,170.0,452.8929,499.6218559883234,452.9Hz_+50c,4,451.2233749542333,499.42892277102175,452.8929010387435,499.6218549408622,451.2233749542333,499.42892277102175,0.0,0.0,0,175.72507949940783,169.99999239974008,5.725079499407826,-7.600259920081953e-06,-0.6686598243896679,-3.6295459808144138e-06
encodec,12.0kbps,24000,20260826,175.0,440.0,486.8025944710867,440Hz_ongrid,0,440.26413648127726,488.0906111313951,439.99999890700957,486.8025934106562,440.26413648127726,488.0906111313951,0.0,0.0,0,178.53560641831365,175.00000052925694,3.535606418313648,5.292569369430566e-07,4.574572030476732,-3.771248207074414e-06
encodec,12.0kbps,24000,20260826,175.0,440.0,486.8025944710867,440Hz_ongrid,1,440.1674783594493,488.68172580970577,439.99999891508617,486.8025934243036,440.1674783594493,488.68172580970577,0.0,0.0,0,181.0111201391042,175.00000054601355,6.011120139104207,5.460135525936494e-07,6.669958937375071,-3.7227134123527184e-06
encodec,12.0kbps,24000,20260826,175.0,440.0,486.8025944710867,440Hz_ongrid,2,440.0962258679982,489.6153119698141,439.99999892041956,486.8025934045336,440.0962258679982,489.6153119698141,0.0,0.0,0,184.59561257604022,175.00000045471964,9.595612576040224,4.547196397197695e-07,9.97418367962353,-3.793022217411063e-06
encodec,12.0kbps,24000,20260826,175.0,440.0,486.8025944710867,440Hz_ongrid,3,440.1148108674935,487.9883272618385,439.99999890853314,486.80259341982435,440.1148108674935,487.9883272618385,0.0,0.0,0,178.7600594843016,175.00000055586733,3.7600594843015926,5.55867330831461e-07,4.2117380191486005,-3.738643219499627e-06
encodec,12.0kbps,24000,20260826,175.0,440.0,486.8025944710867,440Hz_ongrid,4,440.29236605239294,488.919825108823,439.9999989048599,486.80259341543234,440.29236605239294,488.919825108823,0.0,0.0,0,181.3632906592203,175.00000055470056,6.363290659220297,5.547005628159241e-07,7.513258789863833,-3.754262614617789e-06
encodec,12.0kbps,24000,20260826,175.0,452.8929,501.06690622166917,452.9Hz_+50c,0,451.78871500004317,500.54458369708544,452.89290105285835,501.06690645528,451.78871500004317,500.54458369708544,0.0,0.0,0,177.42040961408077,174.9999967824786,2.420409614080768,-3.2175213959817484e-06,-1.805615511053593,8.071477710078844e-07
encodec,12.0kbps,24000,20260826,175.0,452.8929,501.06690622166917,452.9Hz_+50c,1,451.0089694346796,500.3292877261844,452.8929010382745,501.0669064494609,451.0089694346796,500.3292877261844,0.0,0.0,0,179.66613642728012,174.99999681812136,4.666136427280122,-3.1818786396797805e-06,-2.5504200900152414,7.870419130456579e-07
encodec,12.0kbps,24000,20260826,175.0,452.8929,501.06690622166917,452.9Hz_+50c,2,450.57692074392685,500.2040201173158,452.89290104035564,501.0669064552824,450.57692074392685,500.2040201173158,0.0,0.0,0,180.89188089148107,174.99999683027977,5.891880891481065,-3.1697202302893857e-06,-2.983924000682944,8.071558436426703e-07
encodec,12.0kbps,24000,20260826,175.0,452.8929,501.06690622166917,452.9Hz_+50c,3,451.41683674471136,500.23793404543574,452.89290103618265,501.06690645273466,451.41683674471136,500.23793404543574,0.0,0.0,0,177.7850827107745,174.99999683742894,2.7850827107745033,-3.1625710619209713e-06,-2.866549980377166,7.983532120254491e-07
encodec,12.0kbps,24000,20260826,175.0,452.8929,501.06690622166917,452.9Hz_+50c,4,451.33530948011924,500.2496029110298,452.89290104060433,501.0669064568332,451.33530948011924,500.2496029110298,0.0,0.0,0,178.1381605114595,174.9999968346872,3.138160511459489,-3.1653127905428846e-06,-2.826166593907843,8.125141510845651e-07
encodec,12.0kbps,24000,20260826,180.0,440.0,488.21056770985183,440Hz_ongrid,0,440.2071426450622,490.4245718528956,439.9999989031122,488.2105691423718,440.2071426450622,490.4245718528956,0.0,0.0,0,187.01845252408899,180.00000939567107,7.0184525240889855,9.395671071388279e-06,7.833288917458933,5.079831520778858e-06
encodec,12.0kbps,24000,20260826,180.0,440.0,488.21056770985183,440Hz_ongrid,1,440.22205540236627,491.43313987707563,439.99999891078625,488.2105691392392,440.22205540236627,491.43313987707563,0.0,0.0,0,190.51646687323955,180.00000935436825,10.516466873239551,9.354368245340083e-06,11.38995073825166,5.068722806518548e-06
encodec,12.0kbps,24000,20260826,180.0,440.0,488.21056770985183,440Hz_ongrid,2,440.2130839449602,490.4111464355767,439.99999891197734,488.2105691397648,440.2130839449602,490.4111464355767,0.0,0.0,0,186.94769356914253,180.00000935154569,6.94769356914253,9.35154568537655e-06,7.785895578995604,5.070586816327129e-06
encodec,12.0kbps,24000,20260826,180.0,440.0,488.21056770985183,440Hz_ongrid,3,440.18793001744945,490.898211407284,439.9999989155849,488.2105691385327,440.18793001744945,490.898211407284,0.0,0.0,0,188.765187914571,180.0000093329822,8.765187914570987,9.332982187970629e-06,9.504463787139795,5.066217598862837e-06
encodec,12.0kbps,24000,20260826,180.0,440.0,488.21056770985183,440Hz_ongrid,4,440.1261335375026,491.0782524151469,439.99999890940546,488.21056913778784,440.1261335375026,491.0782524151469,0.0,0.0,0,189.64307511116573,180.00000935465442,9.643075111165729,9.354654423532338e-06,10.139291887438443,5.063576309649639e-06
encodec,12.0kbps,24000,20260826,180.0,452.8929,502.5161359562753,452.9Hz_+50c,0,451.40297661218403,500.8882381370275,452.8929010434881,502.51613700371126,451.40297661218403,500.8882381370275,0.0,0.0,0,180.08736327135455,179.99999961970354,0.08736327135454758,-3.802964556598454e-07,-5.617425394007188,3.608554239712075e-06
encodec,12.0kbps,24000,20260826,180.0,452.8929,502.5161359562753,452.9Hz_+50c,1,451.3085467589284,501.1764388610299,452.8929010433204,502.51613700722515,451.3085467589284,501.1764388610299,0.0,0.0,0,181.445391097112,179.99999963245048,1.445391097112008,-3.675495179322752e-07,-4.621595620602727,3.620660116581776e-06
encodec,12.0kbps,24000,20260826,180.0,452.8929,502.5161359562753,452.9Hz_+50c,2,451.87764404958654,501.1833069248441,452.8929010471792,502.51613700638165,451.87764404958654,501.1833069248441,0.0,0.0,0,179.28741538596583,179.99999961479395,-0.7125846140341707,-3.852060501685628e-07,-4.59787115246355,3.6177539680635904e-06
encodec,12.0kbps,24000,20260826,180.0,452.8929,502.5161359562753,452.9Hz_+50c,3,450.85626587830575,501.2229379727302,452.8929010429827,502.5161370137721,450.85626587830575,501.2229379727302,0.0,0.0,0,183.34184129415257,179.99999965629632,3.341841294152573,-3.437036752984568e-07,-4.4609793086913,3.6432150581366386e-06
encodec,12.0kbps,24000,20260826,180.0,452.8929,502.5161359562753,452.9Hz_+50c,4,450.971572260872,501.5554471787454,452.89290104875573,502.5161370225291,450.971572260872,501.5554471787454,0.0,0.0,0,184.04724786839418,179.99999966439742,4.04724786839418,-3.356025786160899e-07,-3.312866647502619,3.6733844163375757e-06
encodec,12.0kbps,24000,20260826,185.0,440.0,489.62261321253584,440Hz_ongrid,0,440.17555840731825,491.8986916899092,439.99999891121064,489.6226125714489,440.17555840731825,491.8986916899092,0.0,0.0,0,192.33861464033484,185.00000201718555,7.338614640334839,2.017185551039802e-06,8.029232991359322,-2.2667898920342093e-06
encodec,12.0kbps,24000,20260826,185.0,440.0,489.62261321253584,440Hz_ongrid,1,440.16193263227285,491.92984123499093,439.9999989213694,489.62261257920875,440.16193263227285,491.92984123499093,0.0,0.0,0,192.5018335107295,185.00000200465254,7.5018335107295115,2.0046525435191143e-06,8.138860129162067,-2.2393521595821457e-06
encodec,12.0kbps,24000,20260826,185.0,440.0,489.62261321253584,440Hz_ongrid,2,440.14504327071177,491.9034320655413,439.9999989160628,489.6226125707705,440.14504327071177,491.9034320655413,0.0,0.0,0,192.4753201063587,185.0000019956957,7.4753201063587085,1.9956956975875073e-06,8.04591663027743,-2.269188425597818e-06
encodec,12.0kbps,24000,20260826,185.0,440.0,489.62261321253584,440Hz_ongrid,3,440.1600810812871,491.93645757545164,439.9999989053059,489.6226125655835,440.1600810812871,491.93645757545164,0.0,0.0,0,192.5324005341599,185.00000201967936,7.532400534159905,2.0196793570903537e-06,8.16214466263957,-2.2875290674527766e-06
encodec,12.0kbps,24000,20260826,185.0,440.0,489.62261321253584,440Hz_ongrid,4,440.2254320058002,491.58038090177945,439.99999891252645,489.6226125689561,440.2254320058002,491.58038090177945,0.0,0.0,0,191.02181496605598,185.00000200319442,6.0218149660559845,2.0031944245602062e-06,6.908577739620068,-2.2756040560024896e-06
encodec,12.0kbps,24000,20260826,185.0,452.8929,503.9695572804629,452.9Hz_+50c,0,451.55804459936354,502.2015891884945,452.89290103593805,503.9695583685553,451.55804459936354,502.2015891884945,0.0,0.0,0,184.0261752633705,184.99999977782073,-0.9738247366294956,-2.2217926698431256e-07,-6.083994197710962,3.73781019239968e-06
encodec,12.0kbps,24000,20260826,185.0,452.8929,503.9695572804629,452.9Hz_+50c,1,451.41232042132873,502.4661008575744,452.89290104666765,503.96955838131726,451.41232042132873,502.4661008575744,0.0,0.0,0,185.49656731802813,184.99999978064548,0.49656731802812715,-2.19354518549153e-07,-5.172386064982898,3.7816503653797808e-06
encodec,12.0kbps,24000,20260826,185.0,452.8929,503.9695572804629,452.9Hz_+50c,2,451.1062780761558,502.2743484017732,452.89290103498905,503.9695583697798,451.1062780761558,502.2743484017732,0.0,0.0,0,186.0098794687787,184.99999978565486,1.0098794687787063,-2.1434513541862543e-07,-5.833190324929551,3.7420168039383422e-06
encodec,12.0kbps,24000,20260826,185.0,452.8929,503.9695572804629,452.9Hz_+50c,3,450.9622768798409,502.3629910757304,452.8929010508908,503.9695583817026,450.9622768798409,502.3629910757304,0.0,0.0,0,186.8681142800096,184.9999997658256,1.8681142800095927,-2.341743936540297e-07,-5.527684627056398,3.7829738930712055e-06
encodec,12.0kbps,24000,20260826,185.0,452.8929,503.9695572804629,452.9Hz_+50c,4,450.68228443989955,502.37506112188237,452.892901052041,503.9695583704444,450.68228443989955,502.37506112188237,0.0,0.0,0,187.98492786059262,184.9999997227547,2.98492786059262,-2.7724530582418083e-07,-5.486089556923589,3.7442998219341448e-06
encodec,12.0kbps,24000,20260826,190.0,440.0,491.0387427572983,440Hz_ongrid,0,440.2348971318228,492.82052024702614,439.999998910606,491.038741355838,440.2348971318228,492.82052024702614,0.0,0.0,0,195.34658101412842,189.9999993452869,5.346581014128418,-6.547130908529653e-07,6.270566017717635,-4.941067940594516e-06
encodec,12.0kbps,24000,20260826,190.0,440.0,491.0387427572983,440Hz_ongrid,1,440.11180008279007,492.6549149648378,439.9999989162845,491.03874135107515,440.11180008279007,492.6549149648378,0.0,0.0,0,195.24887654459414,189.99999930615195,5.24887654459414,-6.938480510143563e-07,5.688711826969688,-4.9578599820328694e-06
encodec,12.0kbps,24000,20260826,190.0,440.0,491.0387427572983,440Hz_ongrid,2,440.2441317707206,493.1699591544707,439.9999989092795,491.03874135750306,440.2441317707206,493.1699591544707,0.0,0.0,0,196.53737833718634,189.99999935637663,6.53737833718634,-6.436233661588631e-07,7.497678393755928,-4.935197405235409e-06
encodec,12.0kbps,24000,20260826,190.0,440.0,491.0387427572983,440Hz_ongrid,3,440.1268214105236,493.2689192423013,439.99999891650634,491.03874136508455,440.1268214105236,493.2689192423013,0.0,0.0,0,197.34611256897443,189.99999935467125,7.3461125689744335,-6.453287539898156e-07,7.84503508838298,-4.908467758137466e-06
encodec,12.0kbps,24000,20260826,190.0,440.0,491.0387427572983,440Hz_ongrid,4,440.1447408948644,493.2061350384508,439.9999989148006,491.03874134923143,440.1447408948644,493.2061350384508,0.0,0.0,0,197.05525912876186,189.99999930549023,7.055259128761861,-6.94509765253315e-07,7.624666309416411,-4.964360375113039e-06
encodec,12.0kbps,24000,20260826,190.0,452.8929,505.4271823175155,452.9Hz_+50c,0,451.6421677379214,503.61112015835323,452.8929010422854,505.4271836279685,451.6421677379214,503.61112015835323,0.0,0.0,0,188.5559390124486,190.00000050442665,-1.4440609875514099,5.044266515596973e-07,-6.231739731253567,4.488679780581528e-06
encodec,12.0kbps,24000,20260826,190.0,452.8929,505.4271823175155,452.9Hz_+50c,1,451.43472621961735,503.39843287761545,452.89290104739194,505.4271836298211,451.43472621961735,503.39843287761545,0.0,0.0,0,188.61998931136554,190.0000004912523,-1.3800106886344565,4.912523081657127e-07,-6.963036602433524,4.495025640332059e-06
encodec,12.0kbps,24000,20260826,190.0,452.8929,505.4271823175155,452.9Hz_+50c,2,450.9219898832983,503.1417973484914,452.892901044679,505.4271836296685,450.9219898832983,503.3516779556893,0.0,-0.7220165209248769,0,189.70461157263975,190.00000050110026,-0.29538842736025117,5.011002599530912e-07,-7.84585511779017,4.494502841127994e-06
encodec,12.0kbps,24000,20260826,190.0,452.8929,505.4271823175155,452.9Hz_+50c,3,451.2012181088454,503.281270951959,452.8929010470566,505.42718362869624,451.2012181088454,503.281270951959,0.0,0.0,0,189.11273756061811,190.00000048868125,-0.8872624393818853,4.88681251908929e-07,-7.36601426274556,4.49117268708033e-06
encodec,12.0kbps,24000,20260826,190.0,452.8929,505.4271823175155,452.9Hz_+50c,4,450.83920794300855,503.35857098289665,452.8929010503518,505.42718363164744,450.83920794300855,503.35857098289665,0.0,0.0,0,190.7681914746802,190.0000004861936,0.7681914746802079,4.861936133693234e-07,-7.100130795310126,4.501281547866575e-06
encodec,12.0kbps,24000,20260826,195.0,440.0,492.45896815636445,440Hz_ongrid,0,440.21049536702895,494.0315823365779,439.9999989181151,492.45896862239994,440.21049536702895,494.0315823365779,0.0,0.0,0,199.69167730694335,195.00000589515145,4.6916773069433475,5.895151446111413e-06,5.519699139075979,1.6383427674215826e-06
encodec,12.0kbps,24000,20260826,195.0,440.0,492.45896815636445,440Hz_ongrid,1,440.159237753075,494.08198446955595,439.9999989211416,492.45896861614006,440.159237753075,494.08198446955595,0.0,0.0,0,200.0698870867032,195.00000586123696,5.069887086703204,5.861236957116489e-06,5.696314240344069,1.6163359961834212e-06
encodec,12.0kbps,24000,20260826,195.0,440.0,492.45896815636445,440Hz_ongrid,2,440.23999338544456,494.12143468604813,439.99999891596684,492.45896862376503,440.23999338544456,494.12143468604813,0.0,0.0,0,199.89051392283193,195.00000590840324,4.8905139228319285,5.908403238663595e-06,5.8345399472109465,1.6431417565938697e-06
encodec,12.0kbps,24000,20260826,195.0,440.0,492.45896815636445,440Hz_ongrid,3,440.2571379773653,494.05232347420156,439.99999891528205,492.45896862160157,440.2571379773653,494.05232347420156,0.0,0.0,0,199.58093530670843,195.00000590349208,4.580935306708426,5.903492080960859e-06,5.5923807473170335,1.6355357969845338e-06
encodec,12.0kbps,24000,20260826,195.0,440.0,492.45896815636445,440Hz_ongrid,4,440.14637126758487,493.6026666807248,439.99999891206926,492.4589686209112,440.14637126758487,493.6026666807248,0.0,0.0,0,198.4401779141574,195.0000059137063,3.4401779141574025,5.913706303317667e-06,4.015997875146544,1.633109009204595e-06
encodec,12.0kbps,24000,20260826,195.0,452.8929,506.88902322578076,452.9Hz_+50c,0,451.6475108085539,503.95083495212225,452.89290105090146,506.88902467339113,451.6475108085539,504.254713430568,0.0,-1.0436062079574482,0,189.70288175866315,195.00000092699455,-5.297118241336847,9.26994545125126e-07,-10.064316056217542,4.944183579101063e-06
encodec,12.0kbps,24000,20260826,195.0,452.8929,506.88902322578076,452.9Hz_+50c,1,451.43222174062277,503.6159446162337,452.892901032207,506.8890246796509,451.43222174062277,503.79352336565574,0.0,-0.6103384777395473,0,189.37747545856828,195.00000101983576,-5.622524541431716,1.0198357642821065e-06,-11.215155058257364,4.965563375663394e-06
encodec,12.0kbps,24000,20260826,195.0,452.8929,506.88902322578076,452.9Hz_+50c,2,451.3300306809918,503.7117057431087,452.8929010413489,506.8890246783527,451.3300306809918,504.0957790782235,0.0,-1.319539450329025,0,190.09857850129978,195.00000098045578,-4.901421498700216,9.80455780563716e-07,-10.885997164371988,4.961129192709526e-06
encodec,12.0kbps,24000,20260826,195.0,452.8929,506.88902322578076,452.9Hz_+50c,3,451.28000346709564,503.66902240943375,452.89290104782543,506.889024669738,451.28000346709564,504.0546554507927,0.0,-1.3250082317262077,0,190.1437791205235,195.00000092627602,-4.856220879476496,9.26276015889016e-07,-11.032704042049751,4.931706361041353e-06
encodec,12.0kbps,24000,20260826,195.0,452.8929,506.88902322578076,452.9Hz_+50c,4,451.50691165193695,503.7379038762054,452.8929010445784,506.8890246833514,451.50691165193695,504.0464021986851,0.0,-1.059914931041762,0,189.51026208664786,195.00000098518353,-5.489737913352144,9.851835329754977e-07,-10.79595772296238,4.978202046418189e-06
encodec,12.0kbps,24000,20260826,200.0,440.0,493.8833012561241,440Hz_ongrid,0,440.14610794461225,494.9547043123571,439.9999989165058,493.88330261057143,440.14610794461225,494.9547043123571,0.0,0.0,0,203.17679118941666,200.00000901095376,3.1767911894166616,9.010953760935081e-06,3.751575418062953,4.747812509870401e-06
encodec,12.0kbps,24000,20260826,200.0,440.0,493.8833012561241,440Hz_ongrid,1,440.20348875692196,494.94412436468417,439.9999989166226,493.88330261790276,440.20348875692196,494.94412436468417,0.0,0.0,0,202.91410245030517,200.00000903619292,2.9141024503051653,9.036192921030306e-06,3.7145688773563643,4.7735111660356975e-06
encodec,12.0kbps,24000,20260826,200.0,440.0,493.8833012561241,440Hz_ongrid,2,440.1717528321243,494.9664761784118,439.999998912901,493.883302606748,440.1717528321243,494.9664761784118,0.0,0.0,0,203.11709936589472,200.00000901173462,3.117099365894717,9.011734618979972e-06,3.7927501211352053,4.734410014100445e-06
encodec,12.0kbps,24000,20260826,200.0,440.0,493.8833012561241,440Hz_ongrid,3,440.2221701109258,494.7394264982698,439.9999989139172,493.88330260812137,440.2221701109258,494.7394264982698,0.0,0.0,0,202.12448595896169,200.0000090125504,2.124485958961685,9.012550407305753e-06,2.998420931172405,4.7392239953001455e-06
encodec,12.0kbps,24000,20260826,200.0,440.0,493.8833012561241,440Hz_ongrid,4,440.17732598945173,494.84446963108337,439.99999890840303,493.88330261222166,440.17732598945173,494.84446963108337,0.0,0.0,0,202.668387398032,200.0000090486195,2.668387398031996,9.048619489249177e-06,3.3659577303094386,4.753597129298056e-06
encodec,12.0kbps,24000,20260826,200.0,452.8929,508.355092198772,452.9Hz_+50c,0,450.45994401355557,504.5887070847308,452.8929010524248,508.35509361390496,450.45994401355557,504.5887070847308,0.0,0.0,0,196.45091366096347,200.0000007963088,-3.549086339036535,7.963087966800231e-07,-12.874404692027404,4.819321061872755e-06
encodec,12.0kbps,24000,20260826,200.0,452.8929,508.355092198772,452.9Hz_+50c,1,451.19450247703816,505.596578323321,452.892901037313,508.35509361973254,451.19450247703816,505.596578323321,0.0,0.0,0,197.08465254584956,200.00000087392138,-2.915347454150435,8.739213797070988e-07,-9.419866976054257,4.839167057830889e-06
encodec,12.0kbps,24000,20260826,200.0,452.8929,508.355092198772,452.9Hz_+50c,2,451.58596302055673,503.94704786285996,452.89290105006313,508.35509362312825,451.58596302055673,504.62745330302874,0.0,-2.335853707441062,0,189.92581000364027,200.0000008367468,-10.074189996359735,8.367468069536699e-07,-15.07732598111079,4.850731299340237e-06
encodec,12.0kbps,24000,20260826,200.0,452.8929,508.355092198772,452.9Hz_+50c,3,451.5389593121149,504.97791210399913,452.8929010402784,508.3550936245427,451.5389593121149,505.6470621191784,0.0,-2.2925526066479236,0,193.64377775997207,200.00000087896703,-6.3562222400279325,8.789670289388596e-07,-11.539564569544837,4.85554835582905e-06
encodec,12.0kbps,24000,20260826,200.0,452.8929,508.355092198772,452.9Hz_+50c,4,451.85485166472404,504.79925706627193,452.8929010364527,508.3550936264489,451.85485166472404,505.5215115208183,0.0,-2.4752370844618294,0,191.82044847538555,200.00000090008277,-8.179551524614453,9.000827674299217e-07,-12.152162471380837,4.8620399074152226e-06
encodec,12.0kbps,24000,20260826,205.0,440.0,495.31175393723015,440Hz_ongrid,0,440.1904203463195,495.97995745976806,439.99999891141135,495.3117570606876,440.1904203463195,495.97995745976806,0.0,0.0,0,206.5848883481764,205.00001520042275,1.5848883481764062,1.5200422751604492e-05,2.3339585145997765,1.0917237127405006e-05
encodec,12.0kbps,24000,20260826,205.0,440.0,495.31175393723015,440Hz_ongrid,1,440.23154463345577,495.71355986148353,439.999998915701,495.3117570505941,440.23154463345577,495.71355986148353,0.0,0.0,0,205.4930381126834,205.00001514826553,0.4930381126833936,1.5148265532616279e-05,1.4038392876854457,1.0881957791540606e-05
encodec,12.0kbps,24000,20260826,205.0,440.0,495.31175393723015,440Hz_ongrid,2,440.125945130375,495.8486441027493,439.99999891698354,495.31175706023083,440.125945130375,495.8486441027493,0.0,0.0,0,206.3800686397763,205.0000151769017,1.3800686397763116,1.5176901712266044e-05,1.8755443173518278,1.0915640667782631e-05
encodec,12.0kbps,24000,20260826,205.0,440.0,495.31175393723015,440Hz_ongrid,3,440.15623567508135,495.6316782906565,439.99999891469736,495.31175704843713,440.15623567508135,495.6316782906565,0.0,0.0,0,205.50323246467238,205.0000151446752,0.5032324646723794,1.5144675188594192e-05,1.1178518066876153,1.0874418719516838e-05
encodec,12.0kbps,24000,20260826,205.0,440.0,495.31175393723015,440Hz_ongrid,4,440.3747178898729,496.2393317020042,439.9999989144154,495.31175705853025,440.3747178898729,496.2393317020042,0.0,0.0,0,206.76532991967838,205.00001518106268,1.7653299196783792,1.5181062678948365e-05,3.2390760319536827,1.090969651773668e-05
encodec,12.0kbps,24000,20260826,205.0,452.8929,509.8254014652695,452.9Hz_+50c,0,451.5018827010395,508.2406216195022,452.892901051648,509.825402565931,451.5018827010395,508.2406216195022,0.0,0.0,0,204.93562227117187,204.99999971751643,-0.0643777288281342,-2.8248356898075144e-07,-5.389880387241849,3.7375591718993828e-06
encodec,12.0kbps,24000,20260826,205.0,452.8929,509.8254014652695,452.9Hz_+50c,1,450.87304791681544,505.91354788913475,452.89290104228166,509.8254025654446,450.87304791681544,506.87827063652236,0.0,-3.2981336198914994,0,199.4035222699778,204.99999975166858,-5.596477730022201,-2.483314176515705e-07,-13.334858514752856,3.735907741471701e-06
encodec,12.0kbps,24000,20260826,205.0,452.8929,509.8254014652695,452.9Hz_+50c,2,450.9795437359912,507.67602996687606,452.89290104659915,509.82540256476705,450.9795437359912,507.67602996687606,0.0,0.0,0,205.01537959553377,204.99999973286373,0.015379595533772772,-2.6713627221397473e-07,-7.314133507707147,3.7336066561504446e-06
encodec,12.0kbps,24000,20260826,205.0,452.8929,509.8254014652695,452.9Hz_+50c,3,451.22045399800373,508.31976551147494,452.8929010371406,509.82540256600697,451.22045399800373,508.31976551147494,0.0,0.0,0,206.28463500365208,204.99999977323085,1.2846350036520846,-2.2676914568364737e-07,-5.120311353133639,3.7378171118009132e-06
encodec,12.0kbps,24000,20260826,205.0,452.8929,509.8254014652695,452.9Hz_+50c,4,450.7768855936196,506.6964464075916,452.8929010466879,509.8254025661634,450.7768855936196,507.61978548572216,0.0,-3.1519095173136003,0,202.4498043788758,204.99999973726614,-2.550195621124203,-2.627338631100429e-07,-10.657853844022151,3.738348368051159e-06
encodec,12.0kbps,24000,20260826,210.0,440.0,496.7443381146977,440Hz_ongrid,0,440.13714905163005,496.9892169360178,439.9999989130342,496.74433614468575,440.13714905163005,496.9892169360178,0.0,0.0,0,210.31368614794943,209.99999741099134,0.31368614794942573,-2.589008659015235e-06,0.8532318543358164,-6.865809153747845e-06
encodec,12.0kbps,24000,20260826,210.0,440.0,496.7443381146977,440Hz_ongrid,1,440.20318295389245,496.92574474094533,439.9999989133028,496.744336144059,440.20318295389245,496.92574474094533,0.0,0.0,0,209.8328521412006,209.9999974077501,-0.1671478587994102,-2.5922498991803877e-06,0.6321159044514735,-6.867993378083869e-06
encodec,12.0kbps,24000,20260826,210.0,440.0,496.7443381146977,440Hz_ongrid,2,440.10742496171315,497.35107815114657,439.99999891235313,496.74433614488794,440.10742496171315,497.35107815114657,0.0,0.0,0,211.69067129812782,209.99999741437554,1.6906712981278247,-2.5856244576516474e-06,2.113296416576784,-6.86510433584568e-06
encodec,12.0kbps,24000,20260826,210.0,440.0,496.7443381146977,440Hz_ongrid,3,440.3824976684247,497.10358886935774,439.99999890997003,496.744336147476,440.3824976684247,497.10358886935774,0.0,0.0,0,209.74726394069907,209.99999743277203,-0.25273605930092913,-2.5672279662103392e-06,1.251594230510563,-6.856084511871674e-06
encodec,12.0kbps,24000,20260826,210.0,440.0,496.7443381146977,440Hz_ongrid,4,440.1419020905034,496.7673860165206,439.99999891148946,496.7443361445406,440.1419020905034,496.7673860165206,0.0,0.0,0,209.5220825944129,209.9999974165636,-0.4779174055871067,-2.5834364123511477e-06,0.08032378769843711,-6.866314846657742e-06
encodec,12.0kbps,24000,20260826,210.0,452.8929,511.2999632894227,452.9Hz_+50c,0,451.4923894843868,510.4359609705087,452.89290104088116,511.2999642528386,451.4923894843868,510.4359609705087,0.0,0.0,0,212.43396402734496,209.99999928318897,2.433964027344956,-7.168110300881381e-07,-2.927939703392459,3.2620740643511223e-06
encodec,12.0kbps,24000,20260826,210.0,452.8929,511.2999632894227,452.9Hz_+50c,1,451.11110922207274,511.50714450116004,452.89290104714786,511.29996426183243,451.11110922207274,510.9759184103972,0.0,1.7989085828200868,0,217.52589145318117,209.99999928968637,7.525891453181174,-7.103136283603817e-07,0.7013623003992019,3.2925267335981595e-06
encodec,12.0kbps,24000,20260826,210.0,452.8929,511.2999632894227,452.9Hz_+50c,2,451.2177671865465,510.423609261068,452.8929010407596,511.2999642516496,451.2177671865465,510.423609261068,0.0,0.0,0,213.44542187204775,209.99999927962773,3.4454218720477456,-7.203722702797677e-07,-2.9698332224865935,3.2580485104769486e-06
encodec,12.0kbps,24000,20260826,210.0,452.8929,511.2999632894227,452.9Hz_+50c,3,450.9009678425572,510.9871997340164,452.89290105111274,511.29996425295724,450.9009678425572,513.9553231261762,0.0,-10.026963518439276,0,216.57185439607255,209.99999924447903,6.571854396072553,-7.555209720067069e-07,-1.0593245281870558,3.2624757740339437e-06
encodec,12.0kbps,24000,20260826,210.0,452.8929,511.2999632894227,452.9Hz_+50c,4,451.3737983093389,510.06309910643415,452.89290104297004,511.29996425722885,451.3737983093389,510.06309910643415,0.0,0.0,0,211.6236688423158,209.9999992900691,1.6236688423157943,-7.099309016211919e-07,-4.193028930148185,3.2769392446713515e-06
encodec,12.0kbps,24000,20260826,215.0,440.0,498.18106573800367,440Hz_ongrid,0,440.13548650495096,498.179324289351,439.99999891528523,498.1810643570462,440.13548650495096,498.179324289351,0.0,0.0,0,214.46094202537003,214.99999946896435,-0.5390579746299693,-5.310356527843396e-07,-0.0060517363645189925,-4.798979381001334e-06
encodec,12.0kbps,24000,20260826,215.0,440.0,498.18106573800367,440Hz_ongrid,1,440.2281703613336,498.0949728843336,439.999998916269,498.1810643635366,440.2281703613336,498.0949728843336,0.0,0.0,0,213.80326038200826,214.99999948764835,-1.1967396179917387,-5.123516473304335e-07,-0.2992079990844002,-4.776424247131187e-06
encodec,12.0kbps,24000,20260826,215.0,440.0,498.18106573800367,440Hz_ongrid,2,440.15179793082626,498.2566309896789,439.9999989096605,498.1810643548103,440.15179793082626,498.2566309896789,0.0,0.0,0,214.66541305305202,214.9999994833256,-0.3345869469479794,-5.166743903828319e-07,0.2625776549941417,-4.806749292007893e-06
encodec,12.0kbps,24000,20260826,215.0,440.0,498.18106573800367,440Hz_ongrid,3,440.1901907349822,498.60144416594846,439.9999989117589,498.18106437085254,440.1901907349822,498.60144416594846,0.0,0.0,0,215.7120781840215,214.99999953081758,0.7120781840214931,-4.691824244673626e-07,1.460245307010533,-4.751000637024884e-06
encodec,12.0kbps,24000,20260826,215.0,440.0,498.18106573800367,440Hz_ongrid,4,440.1687048452208,498.0610541695657,439.9999989122472,498.18106436276753,440.1687048452208,498.0610541695657,0.0,0.0,0,213.91923363101023,214.9999995008002,-1.0807663689897709,-4.991998139303178e-07,-0.4171036546538615,-4.779097058076286e-06
encodec,12.0kbps,24000,20260826,215.0,452.8929,512.7787899708526,452.9Hz_+50c,0,451.2729021378175,516.3323864365498,452.89290103922474,512.7787905945816,451.2729021378175,515.3210890515618,0.0,3.3941494290793877,0,233.15993015937644,214.99999813326866,18.159930159376444,-1.8667313383957662e-06,11.956204132780622,2.1058217437701656e-06
encodec,12.0kbps,24000,20260826,215.0,452.8929,512.7787899708526,452.9Hz_+50c,1,450.90845911985724,516.1477415905845,452.8929010445901,512.7787905839136,450.90845911985724,514.8073173916366,0.0,4.501824402170607,0,233.93940581837327,214.99999807674214,18.939405818373274,-1.9232578551964252e-06,11.336989410772384,2.0698051070829686e-06
encodec,12.0kbps,24000,20260826,215.0,452.8929,512.7787899708526,452.9Hz_+50c,2,451.36387587938776,517.0674876866394,452.8929010392109,512.7787905779695,451.36387587938776,515.7176696634654,0.0,4.525340504191232,0,235.27396070937863,214.99999807723614,20.273960709378628,-1.9227638574648154e-06,14.41920526174959,2.0497365370198662e-06
encodec,12.0kbps,24000,20260826,215.0,452.8929,512.7787899708526,452.9Hz_+50c,3,450.92731332038335,516.3667933752436,452.89290105404666,512.7787905985336,450.92731332038335,515.4112934960547,0.0,3.206492594993037,0,234.6015932890991,214.9999980899531,19.6015932890991,-1.9100469046406943e-06,12.071564859267859,2.119165040238754e-06
encodec,12.0kbps,24000,20260826,215.0,452.8929,512.7787899708526,452.9Hz_+50c,4,451.4832143210729,516.5020340888713,452.8929010394503,512.7787905838877,451.4832143210729,515.4210709314439,0.0,3.627016197853459,0,232.9220159170682,214.99999809630208,17.922015917068194,-1.9036979210795835e-06,12.524929939837095,2.0697174613339287e-06
encodec,12.0kbps,24000,20260826,220.0,440.0,499.621948791186,440Hz_ongrid,0,440.18055808376266,499.3252969104138,439.9999989198962,499.6219477595452,440.18055808376266,499.3252969104138,0.0,0.0,0,218.26148758802967,220.0000006750748,-1.7385124119703335,6.750748013928387e-07,-1.0282301773581917,-3.5747262554888078e-06
encodec,12.0kbps,24000,20260826,220.0,440.0,499.621948791186,440Hz_ongrid,1,440.2378381364801,499.19937465524026,439.9999989103446,499.6219477521134,440.2378381364801,499.19937465524026,0.0,0.0,0,217.59957329801304,220.00000068690503,-2.4004267019869587,6.869050253044406e-07,-1.4648761672974788,-3.6004781527266306e-06
encodec,12.0kbps,24000,20260826,220.0,440.0,499.621948791186,440Hz_ongrid,2,440.272677509569,499.032993095848,439.99999891731795,499.62194775187334,440.272677509569,499.032993095848,0.0,0.0,0,216.88546201627904,220.0000006586354,-3.1145379837209646,6.586354004411987e-07,-2.0419871341018605,-3.601310018522871e-06
encodec,12.0kbps,24000,20260826,220.0,440.0,499.621948791186,440Hz_ongrid,3,440.17724540625966,499.47616032306325,439.99999891848876,499.6219477600259,440.17724540625966,499.47616032306325,0.0,0.0,0,218.79750300635988,220.00000068227823,-1.2024969936401249,6.822782268045557e-07,-0.5052435981297383,-3.5730606018404454e-06
encodec,12.0kbps,24000,20260826,220.0,440.0,499.621948791186,440Hz_ongrid,4,440.2203009773543,499.1426519375791,439.9999989184046,499.62194775175396,440.2203009773543,499.1426519375791,0.0,0.0,0,217.47181273186735,220.0000006539463,-2.5281872681326547,6.539463015542424e-07,-1.6616029356002389,-3.6017236449539043e-06
encodec,12.0kbps,24000,20260826,220.0,452.8929,514.2618938447539,452.9Hz_+50c,0,451.6418901138649,518.4985172894495,452.8929010461537,514.2618931640327,451.6418901138649,518.4985172894495,0.0,0.0,0,238.9926721780161,219.99999370934964,18.992672178016107,-6.290650361506778e-06,14.203929245889253,-2.2916099765499137e-06
encodec,12.0kbps,24000,20260826,220.0,452.8929,514.2618938447539,452.9Hz_+50c,1,451.7809646857361,517.9780047804298,452.8929010481949,514.2618931621746,451.7809646857361,517.9780047804298,0.0,0.0,0,236.72082190167106,219.99999369529152,16.72082190167106,-6.304708477955501e-06,12.465097665729473,-2.297865307492204e-06
encodec,12.0kbps,24000,20260826,220.0,452.8929,514.2618938447539,452.9Hz_+50c,2,451.42015938194044,518.4259111867141,452.8929010454539,514.261893161998,451.42015938194044,518.4259111867141,0.0,0.0,0,239.60037509731336,219.99999370517511,19.60037509731336,-6.294824885344497e-06,13.96148504459706,-2.298459607177981e-06
encodec,12.0kbps,24000,20260826,220.0,452.8929,514.2618938447539,452.9Hz_+50c,3,451.1637863859964,518.2285960523595,452.8929010382245,514.2618931642559,451.1637863859964,518.2285960523595,0.0,0.0,0,239.92482571102985,219.99999374041118,19.924825711029854,-6.259588815282768e-06,13.302444485316208,-2.2908588371023047e-06
encodec,12.0kbps,24000,20260826,220.0,452.8929,514.2618938447539,452.9Hz_+50c,4,451.8662335934661,518.4809121930413,452.892901048953,514.2618931623463,451.8662335934661,518.4809121930413,0.0,0.0,0,238.07414877497212,219.99999369297186,18.074148774972116,-6.3070281441923726e-06,14.145145934522866,-2.297287345281619e-06
encodec,12.0kbps,24000,20260826,225.0,440.0,501.0669992929443,440Hz_ongrid,0,440.1757850284918,500.33754284213586,439.9999989136402,501.0669995106373,440.1757850284918,500.33754284213586,0.0,0.0,0,221.78631270411577,225.00000502656613,-3.2136872958842275,5.026566128663035e-06,-2.5221776318742184,7.521500634445563e-07
encodec,12.0kbps,24000,20260826,225.0,440.0,501.0669992929443,440Hz_ongrid,1,440.14620186621056,500.5280724431059,439.99999890905974,501.066999510245,440.14620186621056,500.5280724431059,0.0,0.0,0,222.56180083436652,225.0000050432329,-2.4381991656334776,5.043232903290118e-06,-1.8630455136330102,7.507946296228505e-07
encodec,12.0kbps,24000,20260826,225.0,440.0,501.0669992929443,440Hz_ongrid,2,440.1600820041244,500.2133949079769,439.9999989157364,501.0669995087164,440.1600820041244,500.2133949079769,0.0,0.0,0,221.41845304101,225.00000501168137,-3.5815469589900033,5.0116813667955284e-06,-2.9517992008140355,7.455132044168233e-07
encodec,12.0kbps,24000,20260826,225.0,440.0,501.0669992929443,440Hz_ongrid,3,440.2653933108429,500.2409600518786,439.99999891318237,501.0669995065584,440.2653933108429,500.2409600518786,0.0,0.0,0,221.09969309650822,225.00000501427417,-3.9003069034917814,5.0142741656600265e-06,-2.8563991149121954,7.380571651638586e-07
encodec,12.0kbps,24000,20260826,225.0,440.0,501.0669992929443,440Hz_ongrid,4,440.1427552243585,500.21072787597575,439.9999989093937,501.06699951294746,440.1427552243585,500.21072787597575,0.0,0.0,0,221.47737333310977,225.00000505125604,-3.5226266668902326,5.051256039223517e-06,-2.961029799127852,7.601319771920956e-07
encodec,12.0kbps,24000,20260826,225.0,452.8929,515.7492872819988,452.9Hz_+50c,0,451.361337924834,519.6459537113711,452.8929010459431,515.7492861607616,451.361337924834,519.6459537113711,0.0,0.0,0,243.89540449628979,224.99999223806756,18.895404496289785,-7.761932437233554e-06,13.030914539707336,-3.763697026034659e-06
encodec,12.0kbps,24000,20260826,225.0,452.8929,515.7492872819988,452.9Hz_+50c,1,451.3809900340233,519.1260994879286,452.89290104078066,515.7492861582725,451.3809900340233,519.1260994879286,0.0,0.0,0,242.08723403131788,224.99999224944642,17.087234031317877,-7.750553578489416e-06,11.29811973734931,-3.772052203060093e-06
encodec,12.0kbps,24000,20260826,225.0,452.8929,515.7492872819988,452.9Hz_+50c,2,451.55543214235064,519.8505814408111,452.8929010410944,515.7492861527587,451.55543214235064,519.8505814408111,0.0,0.0,0,243.83269626348843,224.9999922297389,18.83269626348843,-7.77026110654333e-06,13.712510841735565,-3.7905606404116103e-06
encodec,12.0kbps,24000,20260826,225.0,452.8929,515.7492872819988,452.9Hz_+50c,3,451.0679355240852,519.545508449117,452.892901044419,515.7492861507686,451.0679355240852,519.545508449117,0.0,0.0,0,244.68646757219295,224.99999221035003,19.686467572192953,-7.78964997039111e-06,12.696242316242857,-3.7972407457146545e-06
encodec,12.0kbps,24000,20260826,225.0,452.8929,515.7492872819988,452.9Hz_+50c,4,450.8798356375623,519.6180477628625,452.8929010490264,515.7492861501638,450.8798356375623,519.6180477628625,0.0,0.0,0,245.65025949043053,224.99999219070736,20.65025949043053,-7.809292640104104e-06,12.937941573891244,-3.7992710133686965e-06
encodec,12.0kbps,24000,20260826,230.0,440.0,502.5162292967395,440Hz_ongrid,0,440.1009910712442,501.22148456195185,439.99999891088555,502.5162303569206,440.1009910712442,501.22148456195185,0.0,0.0,0,225.1363628238768,230.0000079377168,-4.863637176123206,7.937716787864701e-06,-4.46632099597837,3.6524624534742464e-06
encodec,12.0kbps,24000,20260826,230.0,440.0,502.5162292967395,440Hz_ongrid,1,440.25952189670426,501.3000195354129,439.9999989152548,502.5162303560026,440.25952189670426,501.3000195354129,0.0,0.0,0,224.78410014942324,230.00000791736298,-5.215899850576761,7.91736297856005e-06,-4.195080090280722,3.6492999026992894e-06
encodec,12.0kbps,24000,20260826,230.0,440.0,502.5162292967395,440Hz_ongrid,2,440.13410308943713,501.58979500643045,439.99999891472845,502.5162303534304,440.13410308943713,501.58979500643045,0.0,0.0,0,226.27780246764618,230.00000791057235,-3.7221975323538175,7.9105723500561e-06,-3.194632845335798,3.640438071774853e-06
encodec,12.0kbps,24000,20260826,230.0,440.0,502.5162292967395,440Hz_ongrid,3,440.1553914460958,501.0841344329659,439.99999890866223,502.51623036244087,440.1553914460958,501.0841344329659,0.0,0.0,0,224.44790372789802,230.00000796548295,-5.552096272101977,7.965482950567093e-06,-4.940797476856673,3.671480427764807e-06
encodec,12.0kbps,24000,20260826,230.0,440.0,502.5162292967395,440Hz_ongrid,4,440.2330901316701,501.19593792944477,439.99999891221927,502.5162303480226,440.2330901316701,501.19593792944477,0.0,0.0,0,224.5285590013521,230.00000790181466,-5.471440998647893,7.901814655042472e-06,-4.554562080086771,3.6218075839530424e-06
encodec,12.0kbps,24000,20260826,230.0,452.8929,517.2409826892393,452.9Hz_+50c,0,451.2410303852964,520.6509264779509,452.8929010385773,517.2409805401152,451.2410303852964,520.6509264779509,0.0,0.0,0,247.70181386713534,229.9999888366845,17.701813867135343,-1.1163315491558023e-05,11.375812801446452,-7.193236951994375e-06
encodec,12.0kbps,24000,20260826,230.0,452.8929,517.2409826892393,452.9Hz_+50c,1,450.9468305842307,520.4729748449306,452.8929010505684,517.2409805362024,450.9468305842307,520.4729748449306,0.0,0.0,0,248.2390965543076,229.99998877775099,18.239096554307594,-1.1222249014508634e-05,10.783998649873716,-7.2063330721446745e-06
encodec,12.0kbps,24000,20260826,230.0,452.8929,517.2409826892393,452.9Hz_+50c,2,450.7079039773042,520.9774676193911,452.89290104588065,517.2409805212151,450.7079039773042,520.9774676193911,0.0,0.0,0,250.8338717550289,229.9999887455072,20.833871755028895,-1.125449279015811e-05,12.461265471909607,-7.256496617142459e-06
encodec,12.0kbps,24000,20260826,230.0,452.8929,517.2409826892393,452.9Hz_+50c,3,450.9630561144323,521.3624262155656,452.89290104145425,517.240980527185,450.9630561144323,521.3624262155656,0.0,0.0,0,251.1328370968354,229.99998878240902,21.132837096835402,-1.1217590980550085e-05,13.740029651274307,-7.236514923898624e-06
encodec,12.0kbps,24000,20260826,230.0,452.8929,517.2409826892393,452.9Hz_+50c,4,451.37388357115935,520.843366760724,452.8929010394063,517.2409805217724,451.37388357115935,520.843366760724,0.0,0.0,0,247.83195503614803,229.9999887721212,17.83195503614803,-1.1227878786712608e-05,12.015584283447566,-7.25463126188147e-06
encodec,12.0kbps,24000,20260826,235.0,440.0,503.9696508908945,440Hz_ongrid,0,440.33128484558887,502.0797190465741,439.99999891115414,503.9696519888321,440.33128484558887,502.0797190465741,0.0,0.0,0,227.19252118268705,235.0000080558275,-7.807478817312955,8.05582749308087e-06,-6.504488360038476,3.7716295347494673e-06
encodec,12.0kbps,24000,20260826,235.0,440.0,503.9696508908945,440Hz_ongrid,1,440.1748462074699,502.420120836798,439.9999989076134,503.9696519868992,440.1748462074699,502.420120836798,0.0,0.0,0,228.9810449063155,235.0000080631191,-6.018955093684497,8.063119111056949e-06,-5.331137865078159,3.7649899848550523e-06
encodec,12.0kbps,24000,20260826,235.0,440.0,503.9696508908945,440Hz_ongrid,2,440.2650703172116,502.51731607812997,439.99999891358203,503.9696519808975,440.2650703172116,502.51731607812997,0.0,0.0,0,228.96110640372592,235.00000801901768,-6.038893596274079,8.01901768454627e-06,-4.996255900202023,3.744372860058274e-06
encodec,12.0kbps,24000,20260826,235.0,440.0,503.9696508908945,440Hz_ongrid,3,440.16499713809657,502.06922210031087,439.9999989073315,503.96965197941427,440.16499713809657,502.06922210031087,0.0,0.0,0,227.81023665488607,235.00000803851634,-7.189763345113931,8.03851634145758e-06,-6.540683529974301,3.739277489872319e-06
encodec,12.0kbps,24000,20260826,235.0,440.0,503.9696508908945,440Hz_ongrid,4,440.22183654672193,501.902074721468,439.99999891428155,503.96965197733203,440.22183654672193,501.902074721468,0.0,0.0,0,227.01024007978933,235.0000080040176,-7.989759920210673,8.004017587381895e-06,-7.117136735468511,3.7321247510529755e-06
encodec,12.0kbps,24000,20260826,235.0,452.8929,518.736992509011,452.9Hz_+50c,0,451.5889918378851,521.5979326917118,452.89290105201457,518.7369921497294,451.5889918378851,521.5979326917118,0.0,0.0,0,249.51339949104403,234.9999947794892,14.513399491044026,-5.220510786330124e-06,9.521874970182548,-1.199067079040185e-06
encodec,12.0kbps,24000,20260826,235.0,452.8929,518.736992509011,452.9Hz_+50c,1,451.24714730382175,521.608638103668,452.8929010398011,518.7369921462914,451.24714730382175,521.608638103668,0.0,0.0,0,250.85993992289988,234.99999481470252,15.859939922899883,-5.185297482057649e-06,9.557406904523415,-1.2105411761680642e-06
encodec,12.0kbps,24000,20260826,235.0,452.8929,518.736992509011,452.9Hz_+50c,2,451.1771939861091,521.5214925422141,452.89290105136837,518.7369921463485,451.1771939861091,521.5214925422141,0.0,0.0,0,250.8390776231,234.9999947706759,15.839077623099996,-5.229324102629107e-06,9.268144119118755,-1.2103507004280142e-06
encodec,12.0kbps,24000,20260826,235.0,452.8929,518.736992509011,452.9Hz_+50c,3,451.1468543355735,521.4638566257688,452.8929010380081,518.7369921490485,451.1468543355735,521.4638566257688,0.0,0.0,0,250.76416149253416,234.99999483075808,15.764161492534157,-5.169241916291867e-06,9.076806319061603,-1.2013395257350363e-06
encodec,12.0kbps,24000,20260826,235.0,452.8929,518.736992509011,452.9Hz_+50c,4,450.8822821355102,521.361700141833,452.89290104196994,518.7369921419286,450.8822821355102,521.361700141833,0.0,0.0,0,251.4405428260533,234.99999479185132,16.440542826053303,-5.208148678548241e-06,8.737618651976359,-1.2251017106660965e-06
encodec,12.0kbps,24000,20260826,240.0,440.0,505.42727619869544,440Hz_ongrid,0,440.12893378169775,503.33915258938845,439.9999989069392,505.427277504523,440.12893378169775,503.4085072441773,0.0,-0.2385287690493854,0,232.3255279072517,240.00000877361774,-7.674472092748289,8.773617736324013e-06,-7.167240604316804,4.472835504997606e-06
encodec,12.0kbps,24000,20260826,240.0,440.0,505.42727619869544,440Hz_ongrid,1,440.1514321408188,502.8632325149117,439.99999890868054,505.42727750247417,440.1514321408188,503.12960465729617,0.0,-0.916810769135254,0,230.5993329951611,240.00000875974854,-9.400667004838908,8.759748538977874e-06,-8.80494115285042,4.465817694505286e-06
encodec,12.0kbps,24000,20260826,240.0,440.0,505.42727619869544,440Hz_ongrid,2,440.1806642289171,502.78194545565884,439.9999989207708,505.4272775044556,440.1806642289171,502.78194545565884,0.0,0.0,0,230.20448523072713,240.00000871896484,-9.79551476927287,8.718964835452425e-06,-9.084815064874862,4.472604858289927e-06
encodec,12.0kbps,24000,20260826,240.0,440.0,505.42727619869544,440Hz_ongrid,3,440.10940735284026,503.0868086901813,439.99999891080245,505.4272775043165,440.10940735284026,503.0868086901813,0.0,0.0,0,231.53418224215434,240.0000087577102,-8.465817757845656,8.757710190820944e-06,-8.035394599432509,4.47212857283857e-06
encodec,12.0kbps,24000,20260826,240.0,440.0,505.42727619869544,440Hz_ongrid,4,440.31308834968365,502.899471205025,439.9999989110701,505.4272775022099,440.31308834968365,502.899471205025,0.0,0.0,0,230.0883687252146,240.000008749441,-9.911631274785407,8.749441008149006e-06,-8.680184778384046,4.464912790588822e-06
encodec,12.0kbps,24000,20260826,240.0,452.8929,520.2373292198367,452.9Hz_+50c,0,451.60403094744873,522.2469997098538,452.8929010459429,520.2373312330569,451.60403094744873,522.2469997098538,0.0,0.0,0,251.60872277402885,240.00000270131463,11.608722774028848,2.701314627984175e-06,6.67485197256058,6.6995487929498085e-06
encodec,12.0kbps,24000,20260826,240.0,452.8929,520.2373292198367,452.9Hz_+50c,1,451.83938553646294,522.0297429617392,452.89290105099326,520.2373312325778,451.83938553646294,522.0297429617392,0.0,0.0,0,249.98637094088107,240.00000268041478,9.986370940881073,2.680414780797946e-06,5.954502146153845,6.697954255379439e-06
encodec,12.0kbps,24000,20260826,240.0,452.8929,520.2373292198367,452.9Hz_+50c,2,451.1344947647001,522.265332559874,452.8929010374938,520.2373312262699,451.1344947647001,522.265332559874,0.0,0.0,0,253.47040831140544,240.0000027110265,13.470408311405436,2.7110264966268005e-06,6.735623785767614,6.676963098540446e-06
encodec,12.0kbps,24000,20260826,240.0,452.8929,520.2373292198367,452.9Hz_+50c,3,450.9018166261508,522.1811639755535,452.89290104659796,520.2373312266915,450.9018166261508,522.1811639755535,0.0,0.0,0,254.08451463921364,240.0000026776278,14.084514639213637,2.6776278048146196e-06,6.456594616085906,6.678365814932527e-06
encodec,12.0kbps,24000,20260826,240.0,452.8929,520.2373292198367,452.9Hz_+50c,4,451.47791848344576,522.4846852146171,452.89290105265525,520.2373312365186,451.47791848344576,522.4846852146171,0.0,0.0,0,252.87998670018382,240.00000268717534,12.87998670018382,2.6871753391333186e-06,7.462593460357619,6.71106844274997e-06
encodec,12.0kbps,24000,20260826,245.0,440.0,506.88911737849213,440Hz_ongrid,0,440.2146468117986,503.63361126266454,439.99999891611066,506.88911883069056,440.2146468117986,503.9378174818559,0.0,-1.045389270834426,0,233.00090499228972,245.00000922454853,-11.999095007710281,9.224548534803034e-06,-11.154746693759046,4.9598525631828834e-06
encodec,12.0kbps,24000,20260826,245.0,440.0,506.88911737849213,440Hz_ongrid,1,440.1253993955387,503.6539569588421,439.99999890954365,506.8891188343014,440.1253993955387,503.9321223136013,0.0,-0.9558872548376267,0,233.42186093210165,245.00000926271966,-11.578139067898348,9.262719657954221e-06,-11.0848100379507,4.972185242638954e-06
encodec,12.0kbps,24000,20260826,245.0,440.0,506.88911737849213,440Hz_ongrid,2,440.1020235170524,503.82543875809466,439.99999890982843,506.88911882079,440.1020235170524,504.0956421362985,0.0,-0.9282181087240784,0,234.10315477447332,245.00000921545194,-10.896845225526675,9.215451939326158e-06,-10.495467697471515,4.92603821820164e-06
encodec,12.0kbps,24000,20260826,245.0,440.0,506.88911737849213,440Hz_ongrid,3,440.29223440661576,503.9924372619928,439.99999891895345,506.8891188225739,440.29223440661576,504.2008410777737,0.0,-0.7157274199811028,0,233.92882336160773,245.00000918564123,-11.071176638392274,9.18564123253418e-06,-9.921726140357103,4.932131135394548e-06
encodec,12.0kbps,24000,20260826,245.0,440.0,506.88911737849213,440Hz_ongrid,4,440.1629376402667,503.85254695939665,439.9999989104644,506.88911882834105,440.1629376402667,504.1076137603506,0.0,-0.8761860978876901,0,233.95669892371708,245.00000923873978,-11.043301076282916,9.23873977853873e-06,-10.402321589727944,4.9518283642249785e-06
encodec,12.0kbps,24000,20260826,245.0,452.8929,521.7420053363311,452.9Hz_+50c,0,451.1623200094741,523.0171235060085,452.89290104187967,521.7420063990635,451.1623200094741,523.0171235060085,0.0,0.0,0,255.8539182275678,244.99999954363543,10.853918227567789,-4.5636457457476354e-07,4.225910120516763,3.5263375298387232e-06
encodec,12.0kbps,24000,20260826,245.0,452.8929,521.7420053363311,452.9Hz_+50c,1,450.8994117112001,523.0841015078987,452.89290104150984,521.742006399585,450.8994117112001,523.0841015078987,0.0,0.0,0,257.08475287867554,244.9999995467794,12.084752878675545,-4.532205934992817e-07,4.447599178509686,3.5280681489696183e-06
encodec,12.0kbps,24000,20260826,245.0,452.8929,521.7420053363311,452.9Hz_+50c,2,451.4670927843231,523.227317118291,452.89290104004226,521.7420064005128,451.4670927843231,523.227317118291,0.0,0.0,0,255.38043613098418,244.99999955546784,10.38043613098418,-4.4453216219153546e-07,4.921530243780716,3.531146513696448e-06
encodec,12.0kbps,24000,20260826,245.0,452.8929,521.7420053363311,452.9Hz_+50c,3,451.5838671162,523.0275964955698,452.8929010365828,521.7420063976601,451.5838671162,523.0275964955698,0.0,0.0,0,254.27174733804526,244.99999955922647,9.271747338045259,-4.407735332279117e-07,4.260576317435584,3.521681157219316e-06
encodec,12.0kbps,24000,20260826,245.0,452.8929,521.7420053363311,452.9Hz_+50c,4,451.01093083315624,523.1727619324233,452.89290103912845,521.7420063933496,451.01093083315624,523.1727619324233,0.0,0.0,0,256.9500383193043,244.99999953519253,11.950038319304326,-4.648074707347405e-07,4.741010770772577,3.5073779860458787e-06
encodec,12.0kbps,24000,20260826,250.0,440.0,508.3551866238001,440Hz_ongrid,0,440.234456398056,505.12285486856086,439.99999891540875,508.3551880434996,440.234456398056,505.4124740505699,0.0,-0.9923425505993386,0,238.0347032778431,250.00000910232896,-11.965296722156893,9.102328959897932e-06,-11.043044915300637,4.834871647312455e-06
encodec,12.0kbps,24000,20260826,250.0,440.0,508.3551866238001,440Hz_ongrid,1,440.1916192298418,504.97318469035935,439.99999891576357,508.3551880322659,440.1916192298418,505.5991915924163,0.0,-2.1448530117194693,0,237.69012134731074,250.00000906267616,-12.309878652689264,9.062676156190719e-06,-11.55609337877513,4.7966146623285336e-06
encodec,12.0kbps,24000,20260826,250.0,440.0,508.3551866238001,440Hz_ongrid,2,440.0881227902692,504.53736262320143,439.99999891563505,508.3551880474015,440.0881227902692,504.53736262320143,0.0,0.0,0,236.60240769828656,250.00000911472685,-13.397592301713445,9.114726850611987e-06,-13.050897075242165,4.848159972961358e-06
encodec,12.0kbps,24000,20260826,250.0,440.0,508.3551866238001,440Hz_ongrid,3,440.2458366536715,504.9145975475221,439.9999989140183,508.3551880467043,440.2458366536715,505.43543707974015,0.0,-1.784916476955579,0,237.2760322712254,250.00000911871385,-12.723967728774596,9.118713848010884e-06,-11.756963333665489,4.845785465106318e-06
encodec,12.0kbps,24000,20260826,250.0,440.0,508.3551866238001,440Hz_ongrid,4,440.26779317278687,505.0447098698327,439.99999891515307,508.3551880374948,440.26779317278687,504.60190479583486,0.0,1.5185496771255302,0,237.63575929068563,250.00000908288536,-12.364240709314373,9.082885355837789e-06,-11.31089608683869,4.814422125802631e-06
encodec,12.0kbps,24000,20260826,250.0,452.8929,523.2510334093046,452.9Hz_+50c,0,451.3599607038246,523.9728408507214,452.89290104409463,523.2510323290207,451.3599607038246,523.9728408507214,0.0,0.0,0,258.2563066523937,249.9999924345919,8.256306652393675,-7.565408111531724e-06,2.386534241728448,-3.574238822110981e-06
encodec,12.0kbps,24000,20260826,250.0,452.8929,523.2510334093046,452.9Hz_+50c,1,451.4109835871419,524.0076038323313,452.8929010396298,523.2510323291682,451.4109835871419,524.0076038323313,0.0,0.0,0,258.1754695167367,249.99999245214696,8.175469516736712,-7.547853044798103e-06,2.501389166240661,-3.573751004321973e-06
encodec,12.0kbps,24000,20260826,250.0,452.8929,523.2510334093046,452.9Hz_+50c,2,451.2968286404915,523.971512908363,452.8929010445808,523.2510323308951,451.2968286404915,523.971512908363,0.0,0.0,0,258.49408502337155,249.9999924389349,8.494085023371554,-7.561065103800502e-06,2.382146644204577,-3.568037308729453e-06
encodec,12.0kbps,24000,20260826,250.0,452.8929,523.2510334093046,452.9Hz_+50c,3,451.48471890321713,524.0905816257302,452.89290104463186,523.2510323247359,451.48471890321713,524.0905816257302,0.0,0.0,0,258.16682889824546,249.9999924183614,8.166828898245456,-7.5816386129190505e-06,2.7755123038283886,-3.588415714270001e-06
encodec,12.0kbps,24000,20260826,250.0,452.8929,523.2510334093046,452.9Hz_+50c,4,450.7913687947916,524.053027623745,452.89290104749915,523.2510323242534,450.7913687947916,524.053027623745,0.0,0.0,0,260.70349088648055,249.99999240580445,10.703490886480552,-7.5941955515190784e-06,2.6514553208550034,-3.5900119817001613e-06
encodec,12.0kbps,24000,20260826,255.0,440.0,509.82549616340197,440Hz_ongrid,0,440.1875043411806,507.44486975234355,439.99999891058474,509.82549725879255,440.1875043411806,507.67464654348566,0.0,-0.7837449776474478,0,246.15948059289317,255.00000800609806,-8.840519407106825,8.006098056512201e-06,-8.10291769585983,3.7196598341422773e-06
encodec,12.0kbps,24000,20260826,255.0,440.0,509.82549616340197,440Hz_ongrid,1,440.1211709564184,508.26139395644134,439.999998909331,509.8254972643078,440.1211709564184,508.26139395644134,0.0,0.0,0,249.20385760385045,255.00000802975936,-5.796142396149548,8.029759356986688e-06,-5.319446018974757,3.73838834681384e-06
encodec,12.0kbps,24000,20260826,255.0,440.0,509.82549616340197,440Hz_ongrid,2,440.127852631331,507.18829364757386,439.9999989080354,509.82549726287675,440.127852631331,507.5416903823477,0.0,-1.2058626322942134,0,245.51852931723894,255.00000802999756,-9.481470682761056,8.029997559333424e-06,-8.978491872311642,3.7335290050921597e-06
encodec,12.0kbps,24000,20260826,255.0,440.0,509.82549616340197,440Hz_ongrid,3,440.19180721929087,508.3360759942505,439.9999989096932,509.8254972594008,440.19180721929087,508.3360759942505,0.0,0.0,0,249.18039176323992,255.00000801167133,-5.819608236760075,8.011671326357828e-06,-5.065083617408254,3.7217252754104385e-06
encodec,12.0kbps,24000,20260826,255.0,440.0,509.82549616340197,440Hz_ongrid,4,440.1664672563434,508.1748108845881,439.99999890920907,509.82549726186295,440.1664672563434,508.1748108845881,0.0,0.0,0,248.73074860787102,255.00000802193705,-6.269251392128979,8.021937048852124e-06,-5.614389394100002,3.730086218567401e-06
encodec,12.0kbps,24000,20260826,255.0,452.8929,524.7644260258681,452.9Hz_+50c,0,451.57878184442995,524.8679577811454,452.8929010465391,524.7644235438333,451.57878184442995,524.8679577811454,0.0,0.0,0,260.37219121793873,254.99998781108238,5.3721912179387346,-1.2188917622779627e-05,0.3415247152088964,-8.18840408008505e-06
encodec,12.0kbps,24000,20260826,255.0,452.8929,524.7644260258681,452.9Hz_+50c,1,451.7660672563196,524.8643871002561,452.8929010455589,524.764423547916,451.7660672563196,524.8643871002561,0.0,0.0,0,259.6425595125712,254.9999878282982,4.642559512571211,-1.2171701797569767e-05,0.32974707614870674,-8.174935273286106e-06
encodec,12.0kbps,24000,20260826,255.0,452.8929,524.7644260258681,452.9Hz_+50c,2,451.193124466066,524.8748349062674,452.8929010375854,524.7644235445782,451.193124466066,524.8748349062674,0.0,0.0,0,261.8740151619381,254.99998784776633,6.874015161938075,-1.2152233665574386e-05,0.3642082015906699,-8.185946731602351e-06
encodec,12.0kbps,24000,20260826,255.0,452.8929,524.7644260258681,452.9Hz_+50c,3,451.2337548663953,524.8368535584641,452.89290104928904,524.7644235447702,451.2337548663953,524.8368535584641,0.0,0.0,0,261.5928415297713,254.99998780366118,6.592841529771306,-1.2196338815329e-05,0.23892693951106506,-8.18531322197396e-06
encodec,12.0kbps,24000,20260826,255.0,452.8929,524.7644260258681,452.9Hz_+50c,4,451.3130890831391,524.8540597586784,452.8929010497818,524.764423547474,451.3130890831391,524.8540597586784,0.0,0.0,0,261.3452449215342,254.9999878106979,6.345244921534174,-1.2189302111664801e-05,0.2956826173796063,-8.176393152694878e-06
encodec,12.0kbps,24000,20260826,260.0,440.0,511.30005826144946,440Hz_ongrid,0,440.36518878138907,513.9922554427618,439.99999891915746,511.30005923447953,440.36518878138907,511.5045028709802,0.0,8.399617788527904,0,267.65543353899506,260.00000754733463,7.655433538995055,7.547334632818092e-06,9.091717701516027,3.2946267718730055e-06
encodec,12.0kbps,24000,20260826,260.0,440.0,511.30005826144946,440Hz_ongrid,1,440.14954815475744,510.6145554356333,439.9999989185494,511.3000592322494,440.14954815475744,510.6145554356333,0.0,0.0,0,257.0890519589889,260.00000754217575,-2.9109480410111246,7.542175751495961e-06,-2.3226324291348464,3.2870753986584467e-06
encodec,12.0kbps,24000,20260826,260.0,440.0,511.30005826144946,440Hz_ongrid,2,440.15450761943805,511.6316773978853,439.99999891044064,511.30005923041114,440.15450761943805,511.21022106864467,0.0,1.4266908498037298,0,260.5146578044571,260.00000756785647,0.5146578044571015,7.567856471268897e-06,1.1224802993566507,3.280851397247461e-06
encodec,12.0kbps,24000,20260826,260.0,440.0,511.30005826144946,440Hz_ongrid,3,440.186294629021,510.200070325883,439.9999989075698,511.3000592383624,440.186294629021,510.200070325883,0.0,0.0,0,255.5386448904287,260.0000076060748,-4.4613551095712864,7.606074802879448e-06,-3.728511138463145,3.3077736342195926e-06
encodec,12.0kbps,24000,20260826,260.0,440.0,511.30005826144946,440Hz_ongrid,4,440.1189502691287,510.23962586205806,439.99999891682626,511.3000592297467,440.1189502691287,510.23962586205806,0.0,0.0,0,255.9377441067078,260.0000075404817,-4.062255893292189,7.540481703927071e-06,-3.594294699519464,3.278601438612504e-06
encodec,12.0kbps,24000,20260826,260.0,452.8929,526.2821958095382,452.9Hz_+50c,0,451.6995335873522,525.8121947078963,452.89290103438515,526.2821976461044,451.6995335873522,525.8121947078963,0.0,0.0,0,263.02101292188905,260.0000020874313,3.021012921889053,2.087431312247645e-06,-1.5467851016467014,6.041484905825143e-06
encodec,12.0kbps,24000,20260826,260.0,452.8929,526.2821958095382,452.9Hz_+50c,1,451.22328800831104,525.7642590110123,452.8929010463204,526.2821976555442,451.22328800831104,525.7642590110123,0.0,0.0,0,264.6894525730663,260.0000020728603,4.689452573066319,2.072860297630541e-06,-1.7046203410633247,6.07253764087388e-06
encodec,12.0kbps,24000,20260826,260.0,452.8929,526.2821958095382,452.9Hz_+50c,2,451.81626227875415,525.7296992024408,452.8929010524058,526.2821976548255,451.81626227875415,525.7296992024408,0.0,0.0,0,262.3020459548725,260.0000020472338,2.302045954872483,2.0472338064791984e-06,-1.818422454489618,6.070173512122356e-06
encodec,12.0kbps,24000,20260826,260.0,452.8929,526.2821958095382,452.9Hz_+50c,3,451.01332850191574,525.7483471191696,452.8929010478179,526.2821976523501,451.01332850191574,525.7483471191696,0.0,0.0,0,265.4428082338358,260.0000020566287,5.4428082338358195,2.056628716218256e-06,-1.757015735630606,6.062030530115251e-06
encodec,12.0kbps,24000,20260826,260.0,452.8929,526.2821958095382,452.9Hz_+50c,4,451.2257214092011,525.7683436836627,452.8929010408412,526.2821976593846,451.2257214092011,525.7683436836627,0.0,0.0,0,264.6935661690756,260.00000210643844,4.693566169075609,2.1064384441160655e-06,-1.6911704026523495,6.085170929864086e-06
encodec,12.0kbps,24000,20260826,265.0,440.0,512.7788852175657,440Hz_ongrid,0,440.1797916053553,516.25940681558,439.99999891338217,512.77888583885,440.1797916053553,515.0721703836176,0.0,3.985885991801635,0,276.0039009534766,265.0000063729991,11.003900953476602,6.3729991097716265e-06,11.711168619072453,2.097567666913396e-06
encodec,12.0kbps,24000,20260826,265.0,440.0,512.7788852175657,440Hz_ongrid,1,440.25237772472536,517.1234819461936,439.99999890987215,512.7788858411382,440.25237772472536,516.267172011953,0.0,2.869143916378043,0,278.61362581580926,265.00000639453515,13.613625815809257,6.3945351485017454e-06,14.606352295848934,2.105293178397679e-06
encodec,12.0kbps,24000,20260826,265.0,440.0,512.7788852175657,440Hz_ongrid,2,440.1916050042347,517.2625795478272,439.9999989085975,512.778885829029,440.1916050042347,516.2708400568936,0.0,3.3224541536857606,0,279.31823346977706,265.0000063586677,14.318233469777056,6.358667690165021e-06,15.071962795656438,2.0644102805828655e-06
encodec,12.0kbps,24000,20260826,265.0,440.0,512.7788852175657,440Hz_ongrid,3,440.29571003396677,517.3334724718006,439.9999989139312,512.7788858273658,440.29571003396677,516.1534738764448,0.0,3.9533245021733614,0,279.14610250031086,265.0000063320662,14.14610250031086,6.3320662206933775e-06,15.309219150488651,2.0587951864766053e-06
encodec,12.0kbps,24000,20260826,265.0,440.0,512.7788852175657,440Hz_ongrid,4,440.1937158805833,517.0767568537324,439.9999989124321,512.7788858309693,440.1937158805833,517.0767568537324,0.0,0.0,0,278.6878870428397,265.00000635013083,13.68788704283969,6.350130831833667e-06,14.449918235915707,2.070961031501223e-06
encodec,12.0kbps,24000,20260826,265.0,452.8929,527.804355420342,452.9Hz_+50c,0,451.05859685591,526.6292423705701,452.89290105140174,527.8043549921931,451.05859685591,526.6292423705701,0.0,0.0,0,268.16732055119246,264.99999457654127,3.1673205511924607,-5.423458731002029e-06,-3.858747615343243,-1.4043572571838594e-06
encodec,12.0kbps,24000,20260826,265.0,452.8929,527.804355420342,452.9Hz_+50c,1,451.8627444249029,526.6523746017652,452.8929010489299,527.8043549881345,451.8627444249029,526.6523746017652,0.0,0.0,0,265.15966624279883,264.9999945726777,0.1596662427988349,-5.427322321338579e-06,-3.7827046926582524,-1.4176698007851434e-06
encodec,12.0kbps,24000,20260826,265.0,452.8929,527.804355420342,452.9Hz_+50c,2,451.2606298988174,526.6410306854839,452.89290104801586,527.8043549876993,451.2606298988174,526.6410306854839,0.0,0.0,0,267.43081178975496,264.9999945747442,2.430811789754955,-5.425255778845894e-06,-3.8199952975709497,-1.4190971194993525e-06
encodec,12.0kbps,24000,20260826,265.0,452.8929,527.804355420342,452.9Hz_+50c,3,451.0586767162049,526.6613586409628,452.8929010531325,527.8043549831751,451.0586767162049,526.6613586409628,0.0,0.0,0,268.272589420742,264.99999454034565,3.2725894207420083,-5.459654346395837e-06,-3.753172229411199,-1.4339367365163824e-06
encodec,12.0kbps,24000,20260826,265.0,452.8929,527.804355420342,452.9Hz_+50c,4,450.6199154198581,526.5150018085981,452.89290104922094,527.8043549784757,450.6199154198581,526.5150018085981,0.0,0.0,0,269.47627473753596,264.9999945398835,4.4762747375359595,-5.460116483391175e-06,-4.23434127697001,-1.4493514326599859e-06
encodec,12.0kbps,24000,20260826,270.0,440.0,514.261989366948,440Hz_ongrid,0,440.1968383218842,518.1097108834666,439.99999890695756,514.2619886799139,440.1968383218842,518.1097108834666,0.0,0.0,0,282.1306091011698,270.00000198784807,12.130609101169796,1.9878480657098407e-06,12.904920473015936,-2.312861764278603e-06
encodec,12.0kbps,24000,20260826,270.0,440.0,514.261989366948,440Hz_ongrid,1,440.1442927861931,518.5366461777758,439.99999891019604,514.2619886810527,440.1442927861931,518.5366461777758,0.0,0.0,0,283.7632683421957,270.0000019789395,13.763268342195715,1.978939508262556e-06,14.330912963146067,-2.30902803157078e-06
encodec,12.0kbps,24000,20260826,270.0,440.0,514.261989366948,440Hz_ongrid,2,440.15974662980045,517.8631009708926,439.9999989142273,514.2619886796164,440.15974662980045,517.8631009708926,0.0,0.0,0,281.4522626752788,270.00000195824276,11.452262675278803,1.958242762611917e-06,12.080691341392921,-2.3138633476106245e-06
encodec,12.0kbps,24000,20260826,270.0,440.0,514.261989366948,440Hz_ongrid,3,440.1407939359463,517.9092208204788,439.999998914243,514.2619886818051,440.1407939359463,517.9092208204788,0.0,0.0,0,281.6809822867355,270.00000196554896,11.680982286735514,1.9655489609249344e-06,12.234864710027056,-2.306495146299367e-06
encodec,12.0kbps,24000,20260826,270.0,440.0,514.261989366948,440Hz_ongrid,4,440.1720642544287,518.0465302520915,439.99999890853553,514.2619886755957,440.1720642544287,518.0465302520915,0.0,0.0,0,282.01691751754504,270.0000019671024,12.01691751754504,1.9671023778755625e-06,12.69379312354645,-2.327398657498277e-06
encodec,12.0kbps,24000,20260826,270.0,452.8929,529.3309175549233,452.9Hz_+50c,0,450.91523895821,527.5063326028007,452.8929010470443,529.3309155093905,450.91523895821,527.5063326028007,0.0,0.0,0,271.5985747297929,269.99998930741884,1.5985747297929152,-1.0692581156490633e-05,-5.977811119886388,-6.6901365110858905e-06
encodec,12.0kbps,24000,20260826,270.0,452.8929,529.3309175549233,452.9Hz_+50c,1,450.940744185761,527.628319262134,452.892901046312,529.3309155072632,450.940744185761,527.628319262134,0.0,0.0,0,271.9009575706032,269.9999893032606,1.9009575706032251,-1.0696739423110557e-05,-5.577506838840689,-6.6970941612734876e-06
encodec,12.0kbps,24000,20260826,270.0,452.8929,529.3309175549233,452.9Hz_+50c,2,451.71083314137155,527.5817336463532,452.89290104787256,529.3309155069227,451.71083314137155,527.5817336463532,0.0,0.0,0,268.7941220887175,269.9999892961817,-1.2058779112825277,-1.070381830459155e-05,-5.7303685445581785,-6.69820760826199e-06
encodec,12.0kbps,24000,20260826,270.0,452.8929,529.3309175549233,452.9Hz_+50c,3,450.63359231551357,527.5536741267321,452.89290104281463,529.3309155089521,450.63359231551357,527.5536741267321,0.0,0.0,0,272.83562467012257,269.9999893221536,2.83562467012257,-1.067784637598379e-05,-5.822446955389816,-6.691570172588948e-06
encodec,12.0kbps,24000,20260826,270.0,452.8929,529.3309175549233,452.9Hz_+50c,4,451.79516463265463,527.4930400141035,452.8929010527283,529.330915506401,451.79516463265463,527.4930400141035,0.0,0.0,0,268.1798737052821,269.99998927591383,-1.8201262947179089,-1.0724086166646885e-05,-6.02143689398916,-6.699914009498646e-06
encodec,12.0kbps,24000,20260826,275.0,440.0,515.7493830804707,440Hz_ongrid,0,440.1539127090926,519.8129111409415,439.9999989129069,515.749381947374,440.1539127090926,519.8129111409415,0.0,0.0,0,287.98125052316817,275.000000473796,12.981250523168171,4.737959784506529e-07,13.586733090327439,-3.8035054947363273e-06
encodec,12.0kbps,24000,20260826,275.0,440.0,515.7493830804707,440Hz_ongrid,1,440.26152854181186,520.0408139665585,439.99999891802725,515.749381958223,440.26152854181186,520.0408139665585,0.0,0.0,0,288.31688537814983,275.00000049006667,13.316885378149834,4.90066668135114e-07,14.34559585799858,-3.7670881092704427e-06
encodec,12.0kbps,24000,20260826,275.0,440.0,515.7493830804707,440Hz_ongrid,2,440.22690203436633,519.546816979276,439.99999891005274,515.749381952274,440.22690203436633,519.546816979276,0.0,0.0,0,286.8077372261854,275.0000005014741,11.807737226185395,5.014741191189387e-07,12.700281036174006,-3.787057309110841e-06
encodec,12.0kbps,24000,20260826,275.0,440.0,515.7493830804707,440Hz_ongrid,3,440.18462772839877,520.2229155207765,439.9999989168515,515.7493819583865,440.18462772839877,520.2229155207765,0.0,0.0,0,289.22542407363665,275.00000049524175,14.225424073636646,4.952417498316208e-07,14.951712182799726,-3.766539362309145e-06
encodec,12.0kbps,24000,20260826,275.0,440.0,515.7493830804707,440Hz_ongrid,4,440.22266013710475,519.6191501731889,439.9999989096775,515.7493819588309,440.22266013710475,519.6191501731889,0.0,0.0,0,287.0654308820235,275.0000005249604,12.06543088202352,5.24960398706753e-07,12.941292948304618,-3.7650476547201337e-06
encodec,12.0kbps,24000,20260826,275.0,452.8929,530.8618949466484,452.9Hz_+50c,0,451.5393921502652,528.2816258096942,452.89290104875505,530.8618966379281,451.5393921502652,528.2816258096942,0.0,0.0,0,271.7464546420237,275.0000015065768,-3.253545357976293,1.5065767797750595e-06,-8.435228154536238,5.515560823672039e-06
encodec,12.0kbps,24000,20260826,275.0,452.8929,530.8618949466484,452.9Hz_+50c,1,451.172305882522,528.3306806907782,452.8929010364266,530.8618966353591,451.172305882522,528.3306806907782,0.0,0.0,0,273.31521233621015,275.0000015453256,-1.684787663789848,1.5453255741704197e-06,-8.274477650412686,5.507182966431813e-06
encodec,12.0kbps,24000,20260826,275.0,452.8929,530.8618949466484,452.9Hz_+50c,2,451.8278468469315,528.4585716337859,452.89290103898384,530.8618966438863,451.8278468469315,528.4585716337859,0.0,0.0,0,271.2206248365998,275.000001563359,-3.779375163400175,1.5633589782737545e-06,-7.855455303816944,5.534991655548625e-06
encodec,12.0kbps,24000,20260826,275.0,452.8929,530.8618949466484,452.9Hz_+50c,3,450.9679665147052,528.4460935177151,452.8929010460944,530.8618966499579,450.9679665147052,528.4460935177151,0.0,0.0,0,274.4776224807706,275.0000015559787,-0.5223775192293942,1.5559787129859615e-06,-7.896334183669145,5.5547919065682285e-06
encodec,12.0kbps,24000,20260826,275.0,452.8929,530.8618949466484,452.9Hz_+50c,4,451.11646213107025,528.640776430077,452.892901041641,530.8618966361688,451.11646213107025,528.640776430077,0.0,0.0,0,274.54533238696337,275.00000152803364,-0.4546676130366336,1.5280336356227053e-06,-7.258653970159912,5.509823486821976e-06
encodec,12.0kbps,24000,20260826,280.0,440.0,517.2410787647879,440Hz_ongrid,0,440.13356173594417,521.0027968842998,439.99999891113026,517.2410766020398,440.13356173594417,521.0027968842998,0.0,0.0,0,292.01967695053605,279.99999704545627,12.019676950536052,-2.9545437314482115e-06,12.545112263417217,-7.238835421999159e-06
encodec,12.0kbps,24000,20260826,280.0,440.0,517.2410787647879,440Hz_ongrid,1,440.3896441614514,521.0327333021194,439.99999891771904,517.2410766029187,440.3896441614514,521.0327333021194,0.0,0.0,0,291.1121603815681,279.9999970224737,11.112160381568117,-2.9775263215015e-06,12.644584775340869,-7.235893715428408e-06
encodec,12.0kbps,24000,20260826,280.0,440.0,517.2410787647879,440Hz_ongrid,2,440.1791447437513,520.8697350374816,439.9999989155331,517.241076594277,440.1791447437513,520.8697350374816,0.0,0.0,0,291.398182603937,279.9999970021502,11.398182603937016,-2.9978497764204803e-06,12.102906150792702,-7.2648177737951355e-06
encodec,12.0kbps,24000,20260826,280.0,440.0,517.2410787647879,440Hz_ongrid,3,440.15944827966626,520.6362023960548,439.99999891926166,517.2410766091434,440.15944827966626,520.6362023960548,0.0,0.0,0,290.6992757985621,279.99999703723864,10.699275798562098,-2.962761357139243e-06,11.326530995066792,-7.2150592059774115e-06
encodec,12.0kbps,24000,20260826,280.0,440.0,517.2410787647879,440Hz_ongrid,4,440.1786746311005,521.3068121726193,439.9999989114682,517.2410766137094,440.1786746311005,521.3068121726193,0.0,0.0,0,292.8521518730646,279.99999708318563,12.8521518730646,-2.916814366926701e-06,13.555026455760299,-7.1997765550235076e-06
encodec,12.0kbps,24000,20260826,280.0,452.8929,532.3973003657118,452.9Hz_+50c,0,451.5168277928521,529.6909310124138,452.89290103865625,532.397299315168,451.5168277928521,529.6909310124138,0.0,0.0,0,276.4452610453085,279.99999261349177,-3.5547389546915156,-7.3865082299562346e-06,-8.822937259354386,-3.4161278123912186e-06
encodec,12.0kbps,24000,20260826,280.0,452.8929,532.3973003657118,452.9Hz_+50c,1,451.44322640718343,529.3060753633164,452.89290104575576,532.3972993230982,451.44322640718343,529.3060753633164,0.0,0.0,0,275.4691773600272,279.9999926121406,-4.5308226399728255,-7.387859398022556e-06,-10.08125098264842,-3.3903405493274667e-06
encodec,12.0kbps,24000,20260826,280.0,452.8929,532.3973003657118,452.9Hz_+50c,2,450.91885021581504,529.3613473584928,452.892901039551,532.3972993126313,450.91885021581504,529.3613473584928,0.0,0.0,0,277.6620420272508,279.9999926018229,-2.337957972749223,-7.3981771038234e-06,-9.900478894941703,-3.424376507517778e-06
encodec,12.0kbps,24000,20260826,280.0,452.8929,532.3973003657118,452.9Hz_+50c,3,451.4025435882435,529.4790791682112,452.89290103947883,532.3972993253976,451.4025435882435,529.4790791682112,0.0,0.0,0,276.19096019742955,279.99999264361196,-3.809039802570453,-7.35638803917027e-06,-9.515489214954991,-3.382863175236165e-06
encodec,12.0kbps,24000,20260826,280.0,452.8929,532.3973003657118,452.9Hz_+50c,4,451.4685444769584,529.79489069837,452.8929010403943,532.3972993154873,451.4685444769584,529.79489069837,0.0,0.0,0,276.9701488225629,279.99999260788655,-3.029851177437081,-7.392113445803261e-06,-8.48319028974501,-3.4150893255851632e-06
encodec,12.0kbps,24000,20260826,285.0,440.0,518.7370888624375,440Hz_ongrid,0,440.16671034001575,521.480410842091,439.9999989155644,518.7370885451948,440.16671034001575,521.480410842091,0.0,0.0,0,293.47562497221935,285.0000032080784,8.47562497221935,3.2080783967103343e-06,9.131443050834948,-1.0587666083611146e-06
encodec,12.0kbps,24000,20260826,285.0,440.0,518.7370888624375,440Hz_ongrid,1,440.30866556778983,521.7846067358995,439.99999891534213,518.73708854667,440.30866556778983,521.7846067358995,0.0,0.0,0,293.9269749800411,285.00000321387614,8.92697498004111,3.2138761412170425e-06,10.141031784280207,-1.0538432621643974e-06
encodec,12.0kbps,24000,20260826,285.0,440.0,518.7370888624375,440Hz_ongrid,2,440.0708725454013,521.720600991462,439.99999891900165,518.7370885465084,440.0708725454013,521.720600991462,0.0,0.0,0,294.6498192173726,285.00000319893826,9.649819217372624,3.1989382591746107e-06,9.928653497282548,-1.0543823988453178e-06
encodec,12.0kbps,24000,20260826,285.0,440.0,518.7370888624375,440Hz_ongrid,3,440.1491600255225,521.5915873938048,439.99999891484094,518.7370885480015,440.1491600255225,521.5915873938048,0.0,0.0,0,293.91370362581625,285.0000032202921,8.913703625816254,3.2202921147472807e-06,9.500492613739766,-1.049399468915606e-06
encodec,12.0kbps,24000,20260826,285.0,440.0,518.7370888624375,440Hz_ongrid,4,440.1493995255737,521.8681556464668,439.99999891343106,518.7370885439196,440.1493995255737,521.8681556464668,0.0,0.0,0,294.83048629785213,285.0000032122168,9.830486297852133,3.2122168249770766e-06,10.418217308544616,-1.0630222323369804e-06
encodec,12.0kbps,24000,20260826,285.0,452.8929,533.9371466192433,452.9Hz_+50c,0,450.83890480346514,530.7493100899785,452.89290104508433,533.9371473390812,450.83890480346514,530.7493100899785,0.0,0.0,0,282.5022883671615,284.9999983390451,-2.4977116328385023,-1.6609549220447661e-06,-10.367197966792752,2.333997456684274e-06
encodec,12.0kbps,24000,20260826,285.0,452.8929,533.9371466192433,452.9Hz_+50c,1,451.0332291952595,530.9047681202863,452.8929010491197,533.937147338269,451.0332291952595,530.9047681202863,0.0,0.0,0,282.2632473053997,284.99999832098604,-2.736752694600284,-1.6790139625300071e-06,-9.860188682474632,2.3313638556905064e-06
encodec,12.0kbps,24000,20260826,285.0,452.8929,533.9371466192433,452.9Hz_+50c,2,451.34760499200405,530.7357269805761,452.89290105061673,533.937147337686,451.34760499200405,530.7357269805761,0.0,0.0,0,280.5056597268949,284.99999831337317,-4.494340273105081,-1.6866268310877786e-06,-10.411504840030952,2.3294737059187395e-06
encodec,12.0kbps,24000,20260826,285.0,452.8929,533.9371466192433,452.9Hz_+50c,3,451.88105481910765,530.2860952602985,452.89290104713535,533.9371473385062,451.88105481910765,530.2860952602985,0.0,0.0,0,276.99341604354476,284.99999832934014,-8.006583956455245,-1.6706598557902907e-06,-11.878803200847042,2.332132678050386e-06
encodec,12.0kbps,24000,20260826,285.0,452.8929,533.9371466192433,452.9Hz_+50c,4,451.47726675257354,531.0903372745043,452.89290104652036,533.9371473385098,451.47726675257354,531.0903372745043,0.0,0.0,0,281.16472274424444,284.9999983317028,-3.835277255755557,-1.6682972159287601e-06,-9.25516962000163,2.3321445947969643e-06
encodec,12.0kbps,24000,20260826,290.0,440.0,520.2374258519452,440Hz_ongrid,0,440.1425068345978,522.1940453788278,439.9999989136785,520.2374278574658,440.1425068345978,522.1940453788278,0.0,0.0,0,295.9383595264243,290.00001094819044,5.938359526424279,1.0948190436010918e-05,6.498979390867565,6.673925096993002e-06
encodec,12.0kbps,24000,20260826,290.0,440.0,520.2374258519452,440Hz_ongrid,1,440.1682533767511,522.2731404879119,439.9999989113256,520.237427854792,440.1682533767511,522.2731404879119,0.0,0.0,0,296.09929713836186,290.00001094855065,6.099297138361862,1.094855065275624e-05,6.761184174465846,6.665027131433225e-06
encodec,12.0kbps,24000,20260826,290.0,440.0,520.2374258519452,440Hz_ongrid,2,440.34832887375865,522.3622026624488,439.9999989189117,520.2374278564303,440.34832887375865,522.3622026624488,0.0,0.0,0,295.68638229174803,290.0000109241538,5.686382291748032,1.0924153798441694e-05,7.056382820436903,6.670478850773481e-06
encodec,12.0kbps,24000,20260826,290.0,440.0,520.2374258519452,440Hz_ongrid,3,440.20919046683235,522.3516128609933,439.99999891192033,520.2374278472821,440.20919046683235,522.3516128609933,0.0,0.0,0,296.1983953246785,290.00001092121926,6.198395324678472,1.0921219256943004e-05,7.0212853141518075,6.640035791865336e-06
encodec,12.0kbps,24000,20260826,290.0,440.0,520.2374258519452,440Hz_ongrid,4,440.1784149463177,522.3188639861618,439.99999891635974,520.2374278483223,440.1784149463177,522.3188639861618,0.0,0.0,0,296.2108888232742,290.00001090721327,6.210888823274217,1.0907213265909377e-05,6.9127420587387975,6.643497414532079e-06
encodec,12.0kbps,24000,20260826,290.0,452.8929,535.4814465514146,452.9Hz_+50c,0,451.4919220405694,531.6393100506363,452.89290104541044,535.4814472551251,451.4919220405694,531.6393100506363,0.0,0.0,0,282.897129000769,289.99999827892674,-7.1028709992310155,-1.7210732607964019e-06,-12.46656713021812,2.2751256532978924e-06
encodec,12.0kbps,24000,20260826,290.0,452.8929,535.4814465514146,452.9Hz_+50c,1,451.4097587968109,531.6281857351058,452.89290103967386,535.4814472558234,451.4097587968109,531.6281857351058,0.0,0.0,0,283.1759848158317,289.99999830311293,-6.824015184168275,-1.6968870681921544e-06,-12.502792809825289,2.2773833001577527e-06
encodec,12.0kbps,24000,20260826,290.0,452.8929,535.4814465514146,452.9Hz_+50c,2,451.8950357205412,531.4482544761155,452.8929010486054,535.4814472555669,451.8950357205412,531.4482544761155,0.0,0.0,0,280.72982314723026,289.99999826814206,-9.270176852769737,-1.7318579352831875e-06,-13.088833687503337,2.2765541252425956e-06
encodec,12.0kbps,24000,20260826,290.0,452.8929,535.4814465514146,452.9Hz_+50c,3,451.00346284981583,532.1436913229734,452.8929010507144,535.4814472507005,451.00346284981583,532.1436913229734,0.0,0.0,0,286.4128191265161,289.99999824434695,-3.5871808734838737,-1.7556530451656727e-06,-10.82487498682351,2.260820944469437e-06
encodec,12.0kbps,24000,20260826,290.0,452.8929,535.4814465514146,452.9Hz_+50c,4,451.03423096206626,531.8214083863036,452.8929010382165,535.4814472554475,451.03423096206626,531.8214083863036,0.0,0.0,0,285.24590849608586,289.99999830746856,-4.75409150391414,-1.692531441221945e-06,-11.873682340773142,2.2761681764179236e-06
encodec,12.0kbps,24000,20260826,295.0,440.0,521.7421022479275,440Hz_ongrid,0,440.0976821619785,523.163843685342,439.9999989150567,521.7421032984007,440.0976821619785,523.163843685342,0.0,0.0,0,299.32687771667526,295.00000775450144,4.326877716675256,7.754501439194428e-06,4.711177525493586,3.4856587543938797e-06
encodec,12.0kbps,24000,20260826,295.0,440.0,521.7421022479275,440Hz_ongrid,1,440.2014551800913,523.1357392259022,439.9999989119542,521.7421033093491,440.2014551800913,523.1357392259022,0.0,0.0,0,298.8257040612972,295.0000078030374,3.8257040612971878,7.803037419762404e-06,4.618172810745622,3.521987532929518e-06
encodec,12.0kbps,24000,20260826,295.0,440.0,521.7421022479275,440Hz_ongrid,2,440.1803782743547,523.0542031962539,439.99999891362853,521.7421033050983,440.1803782743547,523.0542031962539,0.0,0.0,0,298.63874629042584,295.0000077823447,3.6387462904258427,7.782344709994504e-06,4.348321332893095,3.5078827179247976e-06
encodec,12.0kbps,24000,20260826,295.0,440.0,521.7421022479275,440Hz_ongrid,3,440.13852904522315,523.0948571263823,439.9999989072303,521.7421033120825,440.13852904522315,523.0948571263823,0.0,0.0,0,298.93790099485346,295.00000783069396,3.9379009948534645,7.830693959931523e-06,4.482874755099195,3.5310573303027634e-06
encodec,12.0kbps,24000,20260826,295.0,440.0,521.7421022479275,440Hz_ongrid,4,440.26248858323754,523.0221423482103,439.9999989155763,521.742103294899,440.26248858323754,523.0221423482103,0.0,0.0,0,298.20971566017516,295.0000077408377,3.2097156601751635,7.740837702385761e-06,4.242201292938428,3.4740395420767172e-06
encodec,12.0kbps,24000,20260826,295.0,452.8929,537.0302130435464,452.9Hz_+50c,0,451.2951584907799,533.8100144268968,452.8929010383103,537.0302108649704,451.2951584907799,533.8100144268968,0.0,0.0,0,290.70608369646993,294.99998900782725,-4.293916303530068,-1.0992172747137374e-05,-10.412261608725968,-7.023115014561925e-06
encodec,12.0kbps,24000,20260826,295.0,452.8929,537.0302130435464,452.9Hz_+50c,1,451.44062681415596,534.7559643532584,452.8929010424194,537.0302108669442,451.44062681415596,534.7559643532584,0.0,0.0,0,293.2132927303579,294.9999889984826,-1.7867072696420792,-1.1001517407294159e-05,-7.347104788190623,-7.016751856266006e-06
encodec,12.0kbps,24000,20260826,295.0,452.8929,537.0302130435464,452.9Hz_+50c,2,451.70768593062076,533.2626175697048,452.89290104726604,537.030210873053,451.70768593062076,533.2626175697048,0.0,0.0,0,287.3480818267362,294.9999889996487,-7.651918173263823,-1.1000351321399648e-05,-12.188470898020483,-6.997059048028221e-06
encodec,12.0kbps,24000,20260826,295.0,452.8929,537.0302130435464,452.9Hz_+50c,3,451.2362981060446,534.4495645254245,452.8929010414184,537.030210872094,451.2362981060446,533.6224185206657,0.0,2.6814365248621677,0,293.0048205275991,294.9999890189108,-1.9951794724008778,-1.0981089189954218e-05,-8.339336524311198,-7.000150482753959e-06
encodec,12.0kbps,24000,20260826,295.0,452.8929,537.0302130435464,452.9Hz_+50c,4,451.5262768482365,532.9062089929492,452.8929010365289,537.0302108559703,451.5262768482365,532.9269292699378,0.0,-0.06731194170159957,0,286.8860323716826,294.99998898562285,-8.113967628317425,-1.1014377150786459e-05,-13.345936153184732,-7.0521288329361e-06
encodec,12.0kbps,24000,20260826,300.0,440.0,523.2511306011972,440Hz_ongrid,0,440.12783491750355,524.0208612507513,439.99999891651936,523.251129519562,440.12783491750355,524.0208612507513,0.0,0.0,0,302.041958216073,300.00000068437834,2.0419582160729988,6.843783353360777e-07,2.544867349537277,-3.57870933194335e-06
encodec,12.0kbps,24000,20260826,300.0,440.0,523.2511306011972,440Hz_ongrid,1,440.1651603670235,523.9183024206045,439.99999891980485,523.251129518261,440.1651603670235,523.9183024206045,0.0,0.0,0,301.55628360942166,300.00000066714654,1.556283609421655,6.671465371255181e-07,2.206005427959007,-3.58301396835102e-06
encodec,12.0kbps,24000,20260826,300.0,440.0,523.2511306011972,440Hz_ongrid,2,440.13877221436456,524.1557524539288,439.99999891258705,523.2511295226047,440.13877221436456,524.1557524539288,0.0,0.0,0,302.44452660905534,300.0000007099177,2.4445266090553446,7.099176855263067e-07,2.9904568467582737,-3.56864217972315e-06
encodec,12.0kbps,24000,20260826,300.0,440.0,523.2511306011972,440Hz_ongrid,3,440.1404426920243,524.080680933905,439.9999989170602,523.2511295123135,440.1404426920243,524.080680933905,0.0,0.0,0,302.1899845106398,300.0000006582675,2.1899845106398175,6.582674814126221e-07,2.742485363106254,-3.602691976719492e-06
encodec,12.0kbps,24000,20260826,300.0,440.0,523.2511306011972,440Hz_ongrid,4,440.1275738981928,524.0625265653022,439.99999890577715,523.2511295223386,440.1275738981928,524.0625265653022,0.0,0.0,0,302.18063125169306,300.00000073583135,2.1806312516930575,7.358313496297342e-07,2.682513670606791,-3.569522673533804e-06
encodec,12.0kbps,24000,20260826,300.0,452.8929,538.5834590142158,452.9Hz_+50c,0,451.4070976354345,536.0795228491725,452.8929010430526,538.5834599897552,451.4070976354345,536.0795228491725,0.0,0.0,0,297.62151049062294,299.9999991486083,-2.3784895093770615,-8.513916895935836e-07,-8.067473176607287,3.1357942229817143e-06
encodec,12.0kbps,24000,20260826,300.0,452.8929,538.5834590142158,452.9Hz_+50c,1,451.52635496203254,537.3279867309324,452.8929010380458,538.5834599929026,451.52635496203254,536.1139531635428,0.0,3.9159586868928877,0,301.19134142925014,299.99999917786437,1.1913414292501443,-8.221356324611406e-07,-4.040327593110589,3.1459115408218275e-06
encodec,12.0kbps,24000,20260826,300.0,452.8929,538.5834590142158,452.9Hz_+50c,2,451.8052770366618,535.9917015589946,452.89290104857105,538.5834599951777,451.8052770366618,534.5433541231755,0.0,4.684442442718632,0,295.81145173782244,299.9999991449436,-4.188548262177562,-8.550563848075399e-07,-8.351109570659364,3.1532245791055526e-06
encodec,12.0kbps,24000,20260826,300.0,452.8929,538.5834590142158,452.9Hz_+50c,3,450.9959581367938,536.0862440010764,452.89290104324226,538.583459994849,450.9959581367938,536.0862440010764,0.0,0.0,0,299.22073435818345,299.99999916425713,-0.7792656418165507,-8.357428669114597e-07,-8.045767788532206,3.152168217183578e-06
encodec,12.0kbps,24000,20260826,300.0,452.8929,538.5834590142158,452.9Hz_+50c,4,451.56095080431754,535.8123926177233,452.89290104710636,538.5834599902074,451.56095080431754,535.8123926177233,0.0,0.0,0,296.16865941870304,299.999999134566,-3.8313405812969563,-8.654340035718633e-07,-8.930367942620428,3.1372480660635714e-06
encodec,12.0kbps,24000,20260826,305.0,440.0,524.7645234988678,440Hz_ongrid,0,440.14325317405354,524.8805352593328,439.9999989177118,524.764521004969,440.14325317405354,524.8805352593328,0.0,0.0,0,304.8191329561433,304.9999960308533,-0.18086704385672192,-3.969146689541958e-06,0.3826884315821108,-8.227542712403329e-06
encodec,12.0kbps,24000,20260826,305.0,440.0,524.7645234988678,440Hz_ongrid,1,440.15005906645047,524.852242793751,439.9999989056232,524.7645210004881,440.15005906645047,524.852242793751,0.0,0.0,0,304.699042595406,304.9999960636346,-0.3009574045939871,-3.936365374102024e-06,0.28936776791762253,-8.24232543662374e-06
encodec,12.0kbps,24000,20260826,305.0,440.0,524.7645234988678,440Hz_ongrid,2,440.10032575126854,524.8701738082783,439.99999891481025,524.7645210037032,440.10032575126854,524.8701738082783,0.0,0.0,0,304.9538135182835,304.99999603809385,-0.046186481716517847,-3.961906145377725e-06,0.3485125139878738,-8.231718763282084e-06
encodec,12.0kbps,24000,20260826,305.0,440.0,524.7645234988678,440Hz_ongrid,3,440.25610631099727,524.884391039261,439.99999891072054,524.76452100584,440.25610631099727,524.884391039261,0.0,0.0,0,304.3880174663441,304.999996061235,-0.6119825336559188,-3.938765019029233e-06,0.39540605498576614,-8.224669046610163e-06
encodec,12.0kbps,24000,20260826,305.0,440.0,524.7645234988678,440Hz_ongrid,4,440.37009151625506,524.9073188572611,439.9999989152865,524.7645210073534,440.37009151625506,524.9073188572611,0.0,0.0,0,304.0154690983705,304.99999604826263,-0.9845309016295118,-3.951737369334296e-06,0.471027568900411,-8.219676314174664e-06
encodec,12.0kbps,24000,20260826,305.0,452.8929,540.1411974193644,452.9Hz_+50c,0,451.56036465562465,541.4848090105885,452.89290104434906,540.1411954056321,451.56036465562465,541.4848090105885,0.0,0.0,0,314.40240514475335,304.99998955354226,9.402405144753345,-1.0446457736179582e-05,4.301130553611236,-6.454316011838197e-06
encodec,12.0kbps,24000,20260826,305.0,452.8929,540.1411974193644,452.9Hz_+50c,1,451.1485219313777,542.3867355984113,452.89290103637074,540.1411954086745,451.1485219313777,542.3867355984113,0.0,0.0,0,318.86332530400716,304.9999895937918,13.863325304007162,-1.0406208218682877e-05,7.182369362343555,-6.444564461181606e-06
encodec,12.0kbps,24000,20260826,305.0,452.8929,540.1411974193644,452.9Hz_+50c,2,451.0603082896954,541.4359088671705,452.89290103862317,540.1411954085542,451.0603082896954,541.4359088671705,0.0,0.0,0,316.1642794880793,304.9999895847958,11.164279488079274,-1.041520420130837e-05,4.1447800619279365,-6.444950217802632e-06
encodec,12.0kbps,24000,20260826,305.0,452.8929,540.1411974193644,452.9Hz_+50c,3,451.0051512968369,541.2244702846632,452.8929010402117,540.1411954071839,451.0051512968369,541.2244702846632,0.0,0.0,0,315.69978879809764,304.99998957433144,10.699788798097643,-1.0425668563129875e-05,3.4685759908721203,-6.449342307761309e-06
encodec,12.0kbps,24000,20260826,305.0,452.8929,540.1411974193644,452.9Hz_+50c,4,451.9185917980884,544.2313848198077,452.89290105347715,540.141195404355,451.9185917980884,544.2313848198077,0.0,0.0,0,321.7886955213604,304.999989514556,16.78869552136041,-1.0485444022378942e-05,13.060280927460052,-6.458409222102976e-06
encodec,12.0kbps,24000,20260826,310.0,440.0,526.2822935644576,440Hz_ongrid,0,440.18145563047585,525.7131225969405,439.99999891154,526.2822954051521,440.18145563047585,525.7131225969405,0.0,0.0,0,307.4128558687596,310.0000103377435,-2.587144131240393,1.033774350389649e-05,-1.8733318410233193,6.055063846316194e-06
encodec,12.0kbps,24000,20260826,310.0,440.0,526.2822935644576,440Hz_ongrid,1,440.25646378311177,525.8229384362454,439.999998915629,526.2822954110017,440.25646378311177,525.8229384362454,0.0,0.0,0,307.47947235145637,310.00001034089695,-2.5205276485436343,1.0340896949401213e-05,-1.5117333607279089,6.074306316708962e-06
encodec,12.0kbps,24000,20260826,310.0,440.0,526.2822935644576,440Hz_ongrid,2,440.24056984843463,525.6130462223982,439.9999989172285,526.2822954080666,440.24056984843463,525.6130462223982,0.0,0.0,0,306.85078077247647,310.00001032494873,-3.149219227523531,1.0324948732431949e-05,-2.202926276654152,6.0646514455344326e-06
encodec,12.0kbps,24000,20260826,310.0,440.0,526.2822935644576,440Hz_ongrid,3,440.3605224644911,525.6654920419992,439.99999891288877,526.2822954037122,440.3605224644911,525.6654920419992,0.0,0.0,0,306.5518690385814,310.0000103276998,-3.448130961418599,1.0327699783374555e-05,-2.030191867275692,6.050327131767153e-06
encodec,12.0kbps,24000,20260826,310.0,440.0,526.2822935644576,440Hz_ongrid,4,440.3496836113612,525.7076568572047,439.9999989069149,526.282295399778,440.3496836113612,525.7076568572047,0.0,0.0,0,306.73334206747955,310.0000103382629,-3.2666579325204452,1.0338262882214622e-05,-1.8913312470058623,6.0373855450110415e-06
encodec,12.0kbps,24000,20260826,310.0,452.8929,541.7034412524058,452.9Hz_+50c,0,451.1622358749131,545.9191748175762,452.89290105002493,541.7034422014718,451.1622358749131,545.9191748175762,0.0,0.0,0,330.0492693079236,309.9999990192887,20.049269307923623,-9.807113201532047e-07,13.420938353365772,3.0331272227326866e-06
encodec,12.0kbps,24000,20260826,310.0,452.8929,541.7034412524058,452.9Hz_+50c,1,451.21496181411766,545.2467224404731,452.89290104793,541.7034421923695,451.21496181411766,545.2467224404731,0.0,0.0,0,327.71314302575786,309.99999899820654,17.71314302575786,-1.00179346418372e-06,11.28712423413462,3.0040369067022655e-06
encodec,12.0kbps,24000,20260826,310.0,452.8929,541.7034412524058,452.9Hz_+50c,2,451.5731067448732,544.5989188067603,452.89290104002004,541.703442196928,451.5731067448732,544.339655225705,0.0,0.8243733088173083,0,324.2814583851406,309.9999990430119,14.281458385140581,-9.569881171955785e-07,9.229034909505634,3.0186053215939144e-06
encodec,12.0kbps,24000,20260826,310.0,452.8929,541.7034412524058,452.9Hz_+50c,3,451.8201303973633,545.4713809012901,452.89290104364824,541.7034421981864,451.8201303973633,545.4713809012901,0.0,0.0,0,326.10594604510555,309.9999990331642,16.105946045105554,-9.668357847658626e-07,12.00029912521927,3.022627031356847e-06
encodec,12.0kbps,24000,20260826,310.0,452.8929,541.7034412524058,452.9Hz_+50c,4,451.8843567034945,546.0962171987193,452.89290103503106,541.7034421930565,451.8843567034945,545.9886795595097,0.0,0.34094935972501195,0,327.8418582545292,309.99999904970963,17.8418582545292,-9.502903708380472e-07,13.982289050964084,3.0062326633612288e-06
encodec,12.0kbps,24000,20260826,315.0,440.0,527.8044534579969,440Hz_ongrid,0,440.251714876924,526.7418422436349,439.9999989147244,527.8044530123047,440.251714876924,526.7418422436349,0.0,0.0,0,310.52093067341605,315.00000280825026,-4.479069326583954,2.808250258112821e-06,-3.4889494095182028,-1.4619003434509915e-06
encodec,12.0kbps,24000,20260826,315.0,440.0,527.8044534579969,440Hz_ongrid,1,440.13745822821096,526.6110193644622,439.99999891237974,527.8044530121575,440.13745822821096,526.6110193644622,0.0,0.0,0,310.54026188716784,315.0000028169927,-4.459738112832156,2.8169927190901944e-06,-3.9189762927024363,-1.462383163894054e-06
encodec,12.0kbps,24000,20260826,315.0,440.0,527.8044534579969,440Hz_ongrid,2,440.13717775987794,526.6045307312877,439.99999891816935,527.8044530154978,440.13717775987794,526.6045307312877,0.0,0.0,0,310.52003356302697,315.000002805169,-4.479966436973029,2.805169003750052e-06,-3.9403078096605717,-1.4514270608306068e-06
encodec,12.0kbps,24000,20260826,315.0,440.0,527.8044534579969,440Hz_ongrid,3,440.3299286182811,526.6000676108835,439.9999989113337,527.8044530114672,440.3299286182811,526.6000676108835,0.0,0.0,0,309.74736121544197,315.00000281884405,-5.25263878455803,2.818844052399072e-06,-3.954980563693654,-1.464647537954455e-06
encodec,12.0kbps,24000,20260826,315.0,440.0,527.8044534579969,440Hz_ongrid,4,440.3562366403292,526.7269676477625,439.9999989172256,527.8044530086809,440.3562366403292,526.7269676477625,0.0,0.0,0,310.06107208581494,315.0000027865223,-4.938927914185058,2.786522316000628e-06,-3.5378381978721136,-1.4737869137775951e-06
encodec,12.0kbps,24000,20260826,315.0,452.8929,543.2702035443347,452.9Hz_+50c,0,451.3184152978593,548.1426350308474,452.892901039037,543.2702019352146,451.3184152978593,548.0341949073303,0.0,0.34252728137067623,0,336.48684798427786,314.99999090039665,21.48684798427786,-9.099603346385265e-06,15.457716884288615,-5.127767802234225e-06
encodec,12.0kbps,24000,20260826,315.0,452.8929,543.2702035443347,452.9Hz_+50c,1,451.39596797532863,547.6974798576309,452.89290104507546,543.2702019292933,451.39596797532863,547.5467794389205,0.0,0.4764192014923842,0,334.78285213706783,314.9999908584448,19.782852137067835,-9.141555210590013e-06,14.051183531637989,-5.14663720169976e-06
encodec,12.0kbps,24000,20260826,315.0,452.8929,543.2702035443347,452.9Hz_+50c,2,451.28873665856895,547.4781073108433,452.8929010416578,543.2702019197537,451.28873665856895,547.3176811143983,0.0,0.5073737012362889,0,334.50060366357263,314.9999908411094,19.500603663572633,-9.158890577509737e-06,13.357623098117696,-5.177036822352181e-06
encodec,12.0kbps,24000,20260826,315.0,452.8929,543.2702035443347,452.9Hz_+50c,3,451.5015278377786,547.7178569058477,452.8929010468735,543.2702019331758,451.5015278377786,547.528148839581,0.0,0.5997357036958723,0,334.44245612371583,314.9999908639439,19.44245612371583,-9.136056121406e-06,14.115592780828772,-5.1342647356143985e-06
encodec,12.0kbps,24000,20260826,315.0,452.8929,543.2702035443347,452.9Hz_+50c,4,450.80225973728267,547.2660384606147,452.89290104609444,543.2702019214006,450.80225973728267,547.2660384606147,0.0,0.0,0,335.697099674468,314.99999082939786,20.697099674468006,-9.170602140784467e-06,12.686889538550265,-5.171788648695295e-06
encodec,12.0kbps,24000,20260826,320.0,440.0,529.3310158761313,440Hz_ongrid,0,440.29716128506533,527.690885244994,439.9999989097583,529.3310138319645,440.29716128506533,527.690885244994,0.0,0.0,0,313.45862562127354,319.9999976040223,-6.541374378726459,-2.3959776740412053e-06,-5.372551447252463,-6.685667731095805e-06
encodec,12.0kbps,24000,20260826,320.0,440.0,529.3310158761313,440Hz_ongrid,1,440.1146556681829,527.6950387140761,439.9999989185205,529.3310138361708,440.1146556681829,527.6950387140761,0.0,0.0,0,314.19000704537376,319.99999758330347,-5.809992954626239,-2.4166965317817812e-06,-5.358924911340911,-6.671910615922099e-06
encodec,12.0kbps,24000,20260826,320.0,440.0,529.3310158761313,440Hz_ongrid,2,440.1550577508848,527.3207926654878,439.99999891748536,529.3310138333205,440.1550577508848,527.3207926654878,0.0,0.0,0,312.8028465073431,319.99999757805415,-7.197153492656923,-2.4219458509833203e-06,-6.58716719918138,-6.681232587084151e-06
encodec,12.0kbps,24000,20260826,320.0,440.0,529.3310158761313,440Hz_ongrid,3,440.13068140571204,527.6559649347055,439.9999989070322,529.3310138321402,440.13068140571204,527.6559649347055,0.0,0.0,0,313.9987734462504,319.9999976153234,-6.001226553749575,-2.3846765770940692e-06,-5.48712085196937,-6.68509284417321e-06
encodec,12.0kbps,24000,20260826,320.0,440.0,529.3310158761313,440Hz_ongrid,4,440.4337198942705,527.5876525684554,439.99999891971083,529.3310138352958,440.4337198942705,527.5876525684554,0.0,0.0,0,312.58304876375036,319.99999757575824,-7.416951236249645,-2.4242417566711083e-06,-5.711267565823967,-6.674772172760457e-06
encodec,12.0kbps,24000,20260826,320.0,452.8929,544.8414973638345,452.9Hz_+50c,0,450.8400116249535,549.139825993383,452.89290104538316,544.8414966182066,450.8400116249535,548.5228916633704,0.0,1.9460583172584704,0,341.469583850637,319.9999936346728,21.46958385063698,-6.365327180901659e-06,13.604347737048181,-2.3692327808851118e-06
encodec,12.0kbps,24000,20260826,320.0,452.8929,544.8414973638345,452.9Hz_+50c,1,451.0778458269177,549.3558501720477,452.8929010538587,544.8414966158355,451.0778458269177,548.740271084009,0.0,1.9410169439871343,0,341.23744702548373,319.99999359473964,21.237447025483732,-6.405260364772403e-06,14.285257869807854,-2.3767672400324117e-06
encodec,12.0kbps,24000,20260826,320.0,452.8929,544.8414973638345,452.9Hz_+50c,2,451.0996016779712,549.1285320190775,452.89290104756094,544.8414966176193,451.0996016779712,548.5832018026001,0.0,1.7201133728084532,0,340.4374340060758,319.9999936244818,20.43743400607582,-6.375518182721862e-06,13.568741661856805,-2.371098904963199e-06
encodec,12.0kbps,24000,20260826,320.0,452.8929,544.8414973638345,452.9Hz_+50c,3,451.6301893168662,549.4870771514661,452.892901052416,544.8414966152608,451.6301893168662,548.7443929485204,0.0,2.341510712178328,0,339.53235077732006,319.9999935984284,19.53235077732006,-6.401571624792268e-06,14.698755759918198,-2.378593193142094e-06
encodec,12.0kbps,24000,20260826,320.0,452.8929,544.8414973638345,452.9Hz_+50c,4,451.25471511907944,549.6832943709454,452.8929010453196,544.8414966165581,451.25471511907944,549.0216753253451,0.0,2.085032086497294,0,341.5903534737699,319.9999936296772,21.59035347376988,-6.370322807924822e-06,15.316854543846826,-2.3744711520483866e-06
encodec,12.0kbps,24000,20260826,325.0,440.0,530.8619935522296,440Hz_ongrid,0,440.1380865664664,528.3895608758324,439.9999989132213,530.861995246089,440.1380865664664,528.3895608758324,0.0,0.0,0,316.3748953075664,325.0000098000369,-8.625104692433581,9.800036878004903e-06,-8.081871372126681,5.523972509095997e-06
encodec,12.0kbps,24000,20260826,325.0,440.0,530.8619935522296,440Hz_ongrid,1,440.1847857063071,528.4238133191492,439.99999890885715,530.8619952365996,440.1847857063071,528.4238133191492,0.0,0.0,0,316.30344146272665,325.0000097862613,-8.696558537273347,9.786261273347918e-06,-7.969649105447645,5.4930258715228905e-06
encodec,12.0kbps,24000,20260826,325.0,440.0,530.8619935522296,440Hz_ongrid,2,440.1453362504602,528.5368223041238,439.9999989152484,530.8619952321566,440.1453362504602,528.5368223041238,0.0,0.0,0,316.8288049942001,325.0000097466248,-8.171195005799916,9.746624812123628e-06,-7.599446097331667,5.478536645354988e-06
encodec,12.0kbps,24000,20260826,325.0,440.0,530.8619935522296,440Hz_ongrid,3,440.1464651030983,528.3076206511847,439.9999989079595,530.8619952400265,440.1464651030983,528.3076206511847,0.0,0.0,0,316.0734469438479,325.0000098009695,-8.926553056152102,9.800969507978152e-06,-8.350364010628281,5.504201857736844e-06
encodec,12.0kbps,24000,20260826,325.0,440.0,530.8619935522296,440Hz_ongrid,4,440.54181847805916,528.5347827514001,439.9999989074544,530.8619952443203,440.54181847805916,528.5347827514001,0.0,0.0,0,315.2633334418099,325.0000098169592,-9.736666558190109,9.816959220643184e-06,-7.606126710268619,5.518204419351624e-06
encodec,12.0kbps,24000,20260826,325.0,452.8929,546.4173358173877,452.9Hz_+50c,0,451.5675444968743,550.2917861693018,452.8929010379552,546.4173379918622,451.5675444968743,549.663550893733,0.0,1.9775756005822798,0,342.3059947802594,325.00000292176657,17.305994780259425,2.9217665655778546e-06,12.232246712243327,6.889467135909615e-06
encodec,12.0kbps,24000,20260826,325.0,452.8929,546.4173358173877,452.9Hz_+50c,1,451.37425866140484,550.1086585827812,452.89290104888414,546.4173379879421,451.37425866140484,549.0522004791368,0.0,3.327951115746699,0,342.4709581905752,325.00000286756944,17.470958190575175,2.8675694352386927e-06,11.656026087203465,6.877047195129585e-06
encodec,12.0kbps,24000,20260826,325.0,452.8929,546.4173358173877,452.9Hz_+50c,2,450.9490613886766,550.3963499401722,452.8929010463569,546.4173379896525,450.9490613886766,549.5801522245677,0.0,2.569199492125448,0,345.007709767033,325.0000028826495,20.00770976703302,2.8826494826716953e-06,12.56117614290675,6.882466239518963e-06
encodec,12.0kbps,24000,20260826,325.0,452.8929,546.4173358173877,452.9Hz_+50c,3,451.29406162505325,550.4783963255925,452.8929010451153,546.4173379864706,451.29406162505325,549.7939259086771,0.0,2.153973375969385,0,343.9417812469732,325.000002877314,18.94178124697322,2.8773139888471633e-06,12.819228199759438,6.8723846719403265e-06
encodec,12.0kbps,24000,20260826,325.0,452.8929,546.4173358173877,452.9Hz_+50c,4,451.48252028189273,550.7426348144468,452.8929010421087,546.4173379892428,451.48252028189273,549.9145944889377,0.0,2.6048652347062156,0,344.04979632141846,325.00000289759066,19.049796321418455,2.897590661632421e-06,13.650049015603015,6.881168082967718e-06
encodec,12.0kbps,24000,20260826,330.0,440.0,532.3973992564887,440Hz_ongrid,0,440.18914615346324,529.3959415767454,439.9999989214599,532.3973982150516,440.18914615346324,529.3959415767454,0.0,0.0,0,319.4682746092032,330.0000008571341,-10.531725390796794,8.571341254537401e-07,-9.787666531182023,-3.386514312635291e-06
encodec,12.0kbps,24000,20260826,330.0,440.0,532.3973992564887,440Hz_ongrid,1,440.15491466754986,529.3319448999595,439.9999989104641,532.3973982125823,440.15491466754986,529.3319448999595,0.0,0.0,0,319.3936149569837,330.00000089236886,-10.606385043016303,8.923688596951251e-07,-9.996961530263516,-3.394543893388419e-06
encodec,12.0kbps,24000,20260826,330.0,440.0,532.3973992564887,440Hz_ongrid,2,440.1330886960262,529.4443376417803,439.9999989151529,532.3973982003265,440.1330886960262,529.4443376417803,0.0,0.0,0,319.84701671857243,330.0000008340671,-10.152983281427566,8.340671229234431e-07,-9.629408638406149,-3.434396953778621e-06
encodec,12.0kbps,24000,20260826,330.0,440.0,532.3973992564887,440Hz_ongrid,3,440.16832930735484,528.7417451891115,439.99999891417366,532.3973981966204,440.16832930735484,528.7417451891115,0.0,0.0,0,317.4094675737498,330.00000082586894,-12.590532426250206,8.258689376816619e-07,-11.928346746084346,-3.4464482443099216e-06
encodec,12.0kbps,24000,20260826,330.0,440.0,532.3973992564887,440Hz_ongrid,4,440.1248264956911,529.6398949223892,439.99999891243135,532.397398214859,440.1248264956911,529.6398949223892,0.0,0.0,0,320.51885200211046,330.00000089203184,-9.481147997889536,8.920318350646994e-07,-8.990072471988233,-3.3871407106550726e-06
encodec,12.0kbps,24000,20260826,330.0,452.8929,547.9977320493841,452.9Hz_+50c,0,450.9313614642828,550.5317990483782,452.89290104068806,547.9977301984995,450.9313614642828,549.6681151958785,0.0,2.7181227354619537,0,345.50165618861,329.9999901745395,15.501656188610013,-9.825460494994331e-06,7.98716962747785,-5.847313265030045e-06
encodec,12.0kbps,24000,20260826,330.0,452.8929,547.9977320493841,452.9Hz_+50c,1,450.66383726671836,550.6344467223571,452.89290104729054,547.9977301893613,450.66383726671836,549.9739177912198,0.0,2.0779967700422453,0,346.85181248280827,329.9999901204313,16.85181248280827,-9.879568722226395e-06,8.309931334798978,-5.876182929191355e-06
encodec,12.0kbps,24000,20260826,330.0,452.8929,547.9977320493841,452.9Hz_+50c,2,451.2485071367478,550.4773928026319,452.8929010499397,547.9977301876011,451.2485071367478,550.3965153055321,0.0,0.25437586630611175,0,344.11338810833877,329.9999901047434,14.113388108338768,-9.895256596337276e-06,7.816072154556715,-5.881743821346742e-06
encodec,12.0kbps,24000,20260826,330.0,452.8929,547.9977320493841,452.9Hz_+50c,3,451.250999522715,550.528993705513,452.8929010409127,547.9977301920766,451.250999522715,549.761489406413,0.0,2.415234542711925,0,344.2661015976667,329.99999015338915,14.266101597666704,-9.84661085112748e-06,7.978347762019857,-5.867604793670345e-06
encodec,12.0kbps,24000,20260826,330.0,452.8929,547.9977320493841,452.9Hz_+50c,4,451.72955221139205,550.6752647264025,452.892901036462,547.9977302007683,451.72955221139205,549.8902569385933,0.0,2.4696983773527332,0,342.89101041732243,329.9999901978616,12.891010417322434,-9.802138379200187e-06,8.438261299959636,-5.840145918546217e-06
encodec,12.0kbps,24000,20260826,335.0,440.0,533.9372457960409,440Hz_ongrid,0,440.1968521675661,530.1587104608471,439.999998917626,533.9372465580966,440.1968521675661,530.1587104608471,0.0,0.0,0,321.93058412055507,335.0000067296173,-13.069415879444932,6.729617325618165e-06,-12.295050054423724,2.4708835869770723e-06
encodec,12.0kbps,24000,20260826,335.0,440.0,533.9372457960409,440Hz_ongrid,1,440.1619717370078,530.4150354174855,439.99999891999016,533.9372465607827,440.1619717370078,530.4150354174855,0.0,0.0,0,322.9045967630848,335.00000672902434,-12.095403236915217,6.729024335072609e-06,-11.458222812711366,2.479592806669072e-06
encodec,12.0kbps,24000,20260826,335.0,440.0,533.9372457960409,440Hz_ongrid,2,440.1186209195809,530.3292059968155,439.9999989073909,533.937246559937,440.1186209195809,530.3292059968155,0.0,0.0,0,322.79494818695366,335.00000677585564,-12.205051813046339,6.775855638352368e-06,-11.738386135778915,2.4768508017227915e-06
encodec,12.0kbps,24000,20260826,335.0,440.0,533.9372457960409,440Hz_ongrid,3,440.1270636023462,530.3714109358119,439.99999892179034,533.9372465603486,440.1270636023462,530.3714109358119,0.0,0.0,0,322.89950918674026,335.00000672053403,-12.10049081325974,6.720534031501302e-06,-11.60061563522204,2.478185477339431e-06
encodec,12.0kbps,24000,20260826,335.0,440.0,533.9372457960409,440Hz_ongrid,4,440.3175027007773,530.3783939431197,439.99999891924244,533.9372465629566,440.3175027007773,530.3783939431197,0.0,0.0,0,322.1733752246316,335.00000673901496,-12.826624775368373,6.739014963841328e-06,-11.57782190957495,2.486641754475016e-06
encodec,12.0kbps,24000,20260826,335.0,452.8929,549.5826992422312,452.9Hz_+50c,0,451.1400474182976,552.4197121279612,452.8929010481606,549.5826998711156,451.1400474182976,552.4197121279612,0.0,0.0,0,350.62733001820044,334.9999979743293,15.627330018200439,-2.0256707102817018e-06,8.913853736387974,1.9810411059184883e-06
encodec,12.0kbps,24000,20260826,335.0,452.8929,549.5826992422312,452.9Hz_+50c,1,451.15643937483304,552.2349077786433,452.8929010376819,549.5826998639118,451.15643937483304,552.2349077786433,0.0,0.0,0,349.9851703796984,334.9999979916927,14.985170379698388,-2.0083073195564793e-06,8.334596511235288,1.958348545139522e-06
encodec,12.0kbps,24000,20260826,335.0,452.8929,549.5826992422312,452.9Hz_+50c,2,451.8733188532339,551.4647850502356,452.89290105368326,549.5826998635688,451.8733188532339,551.4647850502356,0.0,0.0,0,344.8204652834003,334.99999792944527,9.820465283400324,-2.0705547285615467e-06,5.918607969388223,1.9572683497236572e-06
encodec,12.0kbps,24000,20260826,335.0,452.8929,549.5826992422312,452.9Hz_+50c,3,450.9000474066755,552.0676676969482,452.8929010371959,549.5826998641156,450.9000474066755,552.0676676969482,0.0,0.0,0,350.4449391710325,334.9999979941927,15.444939171032502,-2.005807289151562e-06,7.810226230041144,1.9589908962213405e-06
encodec,12.0kbps,24000,20260826,335.0,452.8929,549.5826992422312,452.9Hz_+50c,4,450.7724408751841,552.2476419189821,452.89290104156765,549.5826998707861,450.7724408751841,552.2476419189821,0.0,0.0,0,351.49924556355666,334.99999799849365,16.499245563556656,-2.001506345550297e-06,8.374517064705657,1.9800031957324395e-06
encodec,12.0kbps,24000,20260826,340.0,440.0,535.4815460150601,440Hz_ongrid,0,440.1326210762063,531.6699603616306,439.9999989133026,535.4815467060027,440.1326210762063,531.6699603616306,0.0,0.0,0,327.111183023642,340.00000650959106,-12.888816976357987,6.509591059966624e-06,-12.36708168558063,2.233846427560549e-06
encodec,12.0kbps,24000,20260826,340.0,440.0,535.4815460150601,440Hz_ongrid,1,440.21793763433743,531.5009870233476,439.999998915158,535.4815467156571,440.21793763433743,531.5009870233476,0.0,0.0,0,326.2253264994485,340.0000065335037,-13.7746735005515,6.533503722039313e-06,-12.91738340291518,2.2650594621396243e-06
encodec,12.0kbps,24000,20260826,340.0,440.0,535.4815460150601,440Hz_ongrid,2,440.27966867400903,531.1194226638095,439.9999989084617,535.4815467047048,440.27966867400903,531.1194226638095,0.0,0.0,0,324.73927679624325,340.00000652444186,-15.260723203756754,6.524441857891361e-06,-14.160682013617343,2.229649810708901e-06
encodec,12.0kbps,24000,20260826,340.0,440.0,535.4815460150601,440Hz_ongrid,3,440.1427592332338,531.8157930461725,439.9999989114893,535.4815467090609,440.1427592332338,531.8157930461725,0.0,0.0,0,327.5461037839666,340.00000652661276,-12.4538962160334,6.526612764901074e-06,-11.892283579975027,2.2437334831091375e-06
encodec,12.0kbps,24000,20260826,340.0,440.0,535.4815460150601,440Hz_ongrid,4,440.1138039166544,531.4727730929069,439.99999891122184,535.4815467082445,440.1138039166544,531.4727730929069,0.0,0.0,0,326.54299661025846,340.0000065250259,-13.457003389741544,6.525025924020156e-06,-13.009285797651843,2.2410941159475334e-06
encodec,12.0kbps,24000,20260826,340.0,452.8929,551.1722506164637,452.9Hz_+50c,0,450.76886410856184,552.6996228397234,452.8929010480522,551.1722525588685,450.76886410856184,552.6996228397234,0.0,0.0,0,352.9293122077817,340.00000209480373,12.92931220778172,2.0948037331436353e-06,4.790846745071232,6.10110092912619e-06
encodec,12.0kbps,24000,20260826,340.0,452.8929,551.1722506164637,452.9Hz_+50c,1,451.6911014714656,552.5161466505277,452.89290104202684,551.1722525606058,451.6911014714656,552.5161466505277,0.0,0.0,0,348.81616073702696,340.0000021232931,8.816160737026962,2.1232930862424837e-06,4.2160445433381835,6.106557645813549e-06
encodec,12.0kbps,24000,20260826,340.0,452.8929,551.1722506164637,452.9Hz_+50c,2,451.3756973955065,552.6863019804988,452.89290104184215,551.1722525608285,451.3756973955065,552.6863019804988,0.0,0.0,0,350.5585348865974,340.00000212469837,10.558534886597386,2.1246983692435606e-06,4.749121001083346,6.1072568897483356e-06
encodec,12.0kbps,24000,20260826,340.0,452.8929,551.1722506164637,452.9Hz_+50c,3,451.48592886687055,552.5466422936199,452.892901036475,551.1722525599996,451.48592886687055,552.5466422936199,0.0,0.0,0,349.6982728005434,340.0000021426115,9.698272800543407,2.142611492672586e-06,4.3115958481349015,6.104653657243457e-06
encodec,12.0kbps,24000,20260826,340.0,452.8929,551.1722506164637,452.9Hz_+50c,4,451.2455084069648,552.6187401972479,452.89290103933234,551.1722525561794,451.2455084069648,552.6187401972479,0.0,0.0,0,350.8462983451051,340.0000021196896,10.846298345105083,2.1196896113906405e-06,4.537477599014331,6.092654262287738e-06
encodec,12.0kbps,24000,20260826,345.0,440.0,537.0303127948694,440Hz_ongrid,0,440.10187996176245,534.3015700724743,439.9999989070528,537.0303106025141,440.10187996176245,534.3015700724743,0.0,0.0,0,335.7800665971433,344.99999723280104,-9.219933402856725,-2.767198964193085e-06,-8.819120579877167,-7.06753430326136e-06
encodec,12.0kbps,24000,20260826,345.0,440.0,537.0303127948694,440Hz_ongrid,1,440.1779679385655,532.0454808160881,439.9999989178837,537.0303106007167,440.1779679385655,532.0454808160881,0.0,0.0,0,328.15516854692686,344.999997184391,-16.84483145307314,-2.815608979744866e-06,-16.144736312525705,-7.0733285330080635e-06
encodec,12.0kbps,24000,20260826,345.0,440.0,537.0303127948694,440Hz_ongrid,2,440.20515046569415,533.709691049185,439.9999989073607,537.0303106100473,440.20515046569415,533.709691049185,0.0,0.0,0,333.45501936848837,344.9999972558747,-11.544980631511635,-2.7441253109827812e-06,-10.737979041860234,-7.043249319042559e-06
encodec,12.0kbps,24000,20260826,345.0,440.0,537.0303127948694,440Hz_ongrid,3,440.2536046151021,532.754968315583,439.9999989173085,537.0303105986558,440.2536046151021,532.754968315583,0.0,0.0,0,330.16479110577166,344.9999971800106,-14.835208894228344,-2.8199893904456985e-06,-13.837657837326462,-7.0799723114670735e-06
encodec,12.0kbps,24000,20260826,345.0,440.0,537.0303127948694,440Hz_ongrid,4,440.1159414831275,533.6111024691746,439.9999989171971,537.030310604618,440.1159414831275,533.6111024691746,0.0,0.0,0,333.48606635066903,344.9999971996692,-11.513933649330966,-2.8003307761537144e-06,-11.057807734574045,-7.0607519445712775e-06
encodec,12.0kbps,24000,20260826,345.0,452.8929,552.7663994308533,452.9Hz_+50c,0,451.2445810220658,553.7767865852376,452.8929010455363,552.76639728961,451.2445810220658,553.7767865852376,0.0,0.0,0,354.47396726959295,344.99998929706345,9.473967269592947,-1.0702936549478181e-05,3.161588544677587,-6.706256601795167e-06
encodec,12.0kbps,24000,20260826,345.0,452.8929,552.7663994308533,452.9Hz_+50c,1,451.2393503651267,553.6735279421941,452.8929010475311,552.7663972899711,451.2393503651267,553.6735279421941,0.0,0.0,0,354.1711947473616,344.99998929056875,9.171194747361596,-1.0709431251143542e-05,2.8387480941939147,-6.705125664097879e-06
encodec,12.0kbps,24000,20260826,345.0,452.8929,552.7663994308533,452.9Hz_+50c,2,451.36847286056644,553.8866905013653,452.8929010378741,552.766397290983,451.36847286056644,553.8866905013653,0.0,0.0,0,354.34226299488165,344.9999893306532,9.34226299488165,-1.066934680693521e-05,3.5051394629598818,-6.701956386108323e-06
encodec,12.0kbps,24000,20260826,345.0,452.8929,552.7663994308533,452.9Hz_+50c,3,450.8712961852693,553.7463289159335,452.89290104039736,552.7663972851676,450.8712961852693,553.7463289159335,0.0,0.0,0,355.81147520879983,344.99998930279406,10.811475208799834,-1.0697205937049148e-05,3.0663682220865924,-6.720169980114607e-06
encodec,12.0kbps,24000,20260826,345.0,452.8929,552.7663994308533,452.9Hz_+50c,4,451.3948165160163,553.7522391985184,452.8929010426156,552.7663972875173,451.3948165160163,553.7522391985184,0.0,0.0,0,353.8209308376873,344.9999893016735,8.820930837687285,-1.0698326491365151e-05,3.0848460472415606,-6.712810812447373e-06
encodec,12.0kbps,24000,20260826,350.0,440.0,538.5835590540484,440Hz_ongrid,0,440.1565095257186,536.7003231629212,439.99999891526875,538.5835600313981,440.1565095257186,536.7003231629212,0.0,0.0,0,343.3201832019011,350.0000074096214,-6.679816798098898,7.409621389342647e-06,-6.064120339910866,3.1416130550097546e-06
encodec,12.0kbps,24000,20260826,350.0,440.0,538.5835590540484,440Hz_ongrid,1,440.22308438159234,536.826654863007,439.99999891359096,538.5835600358727,440.22308438159234,536.826654863007,0.0,0.0,0,343.4658093653413,350.00000743060633,-6.534190634658728,7.43060633112691e-06,-5.6566601714169495,3.1559961837116027e-06
encodec,12.0kbps,24000,20260826,350.0,440.0,538.5835590540484,440Hz_ongrid,2,440.2023117204816,535.9081721335785,439.99999891066716,538.5835600314593,440.2023117204816,535.9081721335785,0.0,0.0,0,340.5829134068933,350.0000074279241,-9.417086593106717,7.427924117564544e-06,-8.62124922588555,3.1418098735337915e-06
encodec,12.0kbps,24000,20260826,350.0,440.0,538.5835590540484,440Hz_ongrid,3,440.2329868623258,536.4416400801595,439.9999989156393,538.5835600350389,440.2329868623258,536.4416400801595,0.0,0.0,0,342.1847717624862,350.00000741986656,-7.815228237513793,7.419866562941024e-06,-6.898755429783591,3.1533160689663348e-06
encodec,12.0kbps,24000,20260826,350.0,440.0,538.5835590540484,440Hz_ongrid,4,440.12470067528096,537.6107567605438,439.99999891291776,538.5835600326815,440.12470067528096,537.6107567605438,0.0,0.0,0,346.3795962945275,350.0000074229973,-3.6204037054724836,7.422997327921621e-06,-3.1298230950955914,3.145738555790936e-06
encodec,12.0kbps,24000,20260826,350.0,452.8929,554.3651589825209,452.9Hz_+50c,0,451.6547158786942,554.9939632531832,452.892901037194,554.3651580814002,451.6547158786942,554.9939632531832,0.0,0.0,0,356.7021679518094,349.9999932210877,6.702167951809372,-6.7789122795147705e-06,1.9625880534675486,-2.814121450974427e-06
encodec,12.0kbps,24000,20260826,350.0,452.8929,554.3651589825209,452.9Hz_+50c,1,451.6161703313757,554.9879805040188,452.8929010475915,554.3651580694549,451.6161703313757,554.9879805040188,0.0,0.0,0,356.83126034727326,349.99999314403794,6.831260347273258,-6.855962055851705e-06,1.943925517344707,-2.8514256730150422e-06
encodec,12.0kbps,24000,20260826,350.0,452.8929,554.3651589825209,452.9Hz_+50c,2,450.73112799683884,555.0199272132706,452.8929010387165,554.3651580860459,450.73112799683884,555.0199272132706,0.0,0.0,0,360.3269792491111,349.9999932297762,10.326979249111105,-6.770223819785315e-06,2.043577475575266,-2.7996133885892475e-06
encodec,12.0kbps,24000,20260826,350.0,452.8929,554.3651589825209,452.9Hz_+50c,3,451.83211056006,554.892919030472,452.8929010373173,554.3651580792585,451.83211056006,554.892919030472,0.0,0.0,0,355.7071078550897,349.9999932139284,5.707107855089703,-6.7860715944334515e-06,1.6473645796256495,-2.8208096289085063e-06
encodec,12.0kbps,24000,20260826,350.0,452.8929,554.3651589825209,452.9Hz_+50c,4,451.4552930520506,554.7998862889331,452.89290103971024,554.3651580867838,451.4552930520506,554.7998862889331,0.0,0.0,0,356.86123816640446,349.9999932282819,6.861238166404462,-6.771718119580328e-06,1.357083432563311,-2.797308843558678e-06
encodec,12.0kbps,24000,20260826,355.0,440.0,540.1412977485409,440Hz_ongrid,0,440.1260566475421,540.0166397062053,439.99999891938995,540.1412957304767,440.1260566475421,540.0166397062053,0.0,0.0,0,354.1044917942697,354.99999778359415,-0.895508205730323,-2.2164058464113623e-06,-0.39959387577712324,-6.468199021672244e-06
encodec,12.0kbps,24000,20260826,355.0,440.0,540.1412977485409,440Hz_ongrid,1,440.1578073067455,542.5843657334552,439.9999989164338,540.1412957313772,440.1578073067455,542.5843657334552,0.0,0.0,0,362.1919439029666,354.99999779811174,7.191943902966614,-2.2018882646079874e-06,7.812744816822826,-6.465312670312995e-06
encodec,12.0kbps,24000,20260826,355.0,440.0,540.1412977485409,440Hz_ongrid,2,440.1409442297663,540.7003708632554,439.9999989137307,540.1412957326362,440.1409442297663,540.7003708632554,0.0,0.0,0,356.23651306427166,354.99999781278274,1.2365130642716622,-2.187217262417107e-06,1.7909866477958634,-6.461277506136664e-06
encodec,12.0kbps,24000,20260826,355.0,440.0,540.1412977485409,440Hz_ongrid,3,440.1594193923908,541.6794080508474,439.99999891103886,540.1412957328427,440.1594193923908,541.6794080508474,0.0,0.0,0,359.2957272615955,354.99999782403546,4.295727261595516,-2.1759645392194216e-06,4.922868838736567,-6.460615742287037e-06
encodec,12.0kbps,24000,20260826,355.0,440.0,540.1412977485409,440Hz_ongrid,4,440.2434384133792,541.6029190246006,439.99999891714515,540.1412957295819,440.2434384133792,541.6029190246006,0.0,0.0,0,358.7208154169418,354.9999977895582,3.7208154169417753,-2.2104417780610675e-06,4.678388884565957,-6.471067113500358e-06
encodec,12.0kbps,24000,20260826,355.0,452.8929,555.9685426070457,452.9Hz_+50c,0,450.67876859439,556.0971648386743,452.8929010505329,555.9685436988325,450.67876859439,556.0971648386743,0.0,0.0,0,363.8849943860321,354.99999938394166,8.884994386032076,-6.160583438941103e-07,0.40047127856627307,3.39972171311753e-06
encodec,12.0kbps,24000,20260826,355.0,452.8929,555.9685426070457,452.9Hz_+50c,1,451.00646282793906,556.1637710879519,452.89290105081375,555.9685437055865,451.00646282793906,556.1637710879519,0.0,0.0,0,362.8339948758665,354.99999940389944,7.833994875866495,-5.961005626886617e-07,0.6078165211137141,3.4207532331701283e-06
encodec,12.0kbps,24000,20260826,355.0,452.8929,555.9685426070457,452.9Hz_+50c,2,450.9963089778948,556.2044678973064,452.89290104693083,555.9685437002494,450.9963089778948,556.2044678973064,0.0,0.0,0,362.99964883736914,354.99999940212297,7.999648837369136,-5.978770332148997e-07,0.734493460646913,3.404133984638155e-06
encodec,12.0kbps,24000,20260826,355.0,452.8929,555.9685426070457,452.9Hz_+50c,3,451.50335284555786,556.1333467839503,452.8929010471425,555.9685437006383,451.50335284555786,556.1333467839503,0.0,0.0,0,360.8329743099117,354.99999940252474,5.8329743099117195,-5.974752639303915e-07,0.5131087489303731,3.4053448798542155e-06
encodec,12.0kbps,24000,20260826,355.0,452.8929,555.9685426070457,452.9Hz_+50c,4,451.09637809735335,556.2187418731767,452.8929010371614,555.9685436999011,451.09637809735335,556.2187418731767,0.0,0.0,0,362.6599857378083,354.99999943838327,7.659985737808313,-5.61616730010428e-07,0.7789218631226865,3.403049560700215e-06
encodec,12.0kbps,24000,20260826,360.0,440.0,541.7035418717632,440Hz_ongrid,0,440.3067345619468,545.5029003481357,439.99999891943116,541.703542809212,440.3067345619468,545.4071080290065,0.0,0.3040377733603756,0,370.893547732424,360.0000072476298,10.893547732423997,7.24762981008098e-06,12.100012066524904,2.9959992533440016e-06
encodec,12.0kbps,24000,20260826,360.0,440.0,541.7035418717632,440Hz_ongrid,1,440.29166602112934,546.6196174079499,439.9999989088855,541.7035428069181,440.29166602112934,546.4427039280547,0.0,0.5604047213585146,0,374.493240400857,360.00000728179214,14.493240400857019,7.281792136382137e-06,15.640455999283873,2.9886681477341625e-06
encodec,12.0kbps,24000,20260826,360.0,440.0,541.7035418717632,440Hz_ongrid,2,440.3123086040902,545.6794189549643,439.9999989062418,541.7035428165452,440.3123086040902,545.6794189549643,0.0,0.0,0,371.4317486555352,360.0000073229615,11.431748655535216,7.322961494082847e-06,12.660129325932676,3.019435649742255e-06
encodec,12.0kbps,24000,20260826,360.0,440.0,541.7035418717632,440Hz_ongrid,3,440.16806048268484,545.4572324152857,439.9999989229992,541.7035428151395,440.16806048268484,545.3963579272141,0.0,0.1932211389529039,0,371.29394370674356,360.0000072525348,11.293943706743562,7.25253477185106e-06,11.95507206739545,3.0149430362840745e-06
encodec,12.0kbps,24000,20260826,360.0,440.0,541.7035418717632,440Hz_ongrid,4,440.08056627319354,546.5805551008573,439.9999989150229,541.7035428183451,440.08056627319354,546.5805551008573,0.0,0.0,0,375.19976596031773,360.00000729416337,15.199765960317734,7.294163367532747e-06,15.51673484042707,3.025187594225403e-06
encodec,12.0kbps,24000,20260826,360.0,452.8929,557.5765636785778,452.9Hz_+50c,0,451.0281039791212,557.4144591960677,452.89290104855985,557.5765656647931,451.0281039791212,557.4144591960677,0.0,0.0,0,366.63971296873154,360.0000021588136,6.639712968731544,2.158813572350482e-06,-0.5033956253417827,6.1670516642453945e-06
encodec,12.0kbps,24000,20260826,360.0,452.8929,557.5765636785778,452.9Hz_+50c,1,451.2760144073015,557.463615425602,452.89290104945997,557.576565664417,451.2760144073015,557.463615425602,0.0,0.0,0,365.84105485082216,360.0000021542052,5.841054850822161,2.1542052195400174e-06,-0.35073150845589895,6.1658838230833235e-06
encodec,12.0kbps,24000,20260826,360.0,452.8929,557.5765636785778,452.9Hz_+50c,2,451.3757301985359,557.357483119669,452.89290103962327,557.5765656653408,451.3757301985359,557.357483119669,0.0,0.0,0,365.1289254447583,360.0000021946754,5.128925444758295,2.1946754031887394e-06,-0.6803626260083648,6.168752299301681e-06
encodec,12.0kbps,24000,20260826,360.0,452.8929,557.5765636785778,452.9Hz_+50c,3,451.4564865699578,557.2507925256336,452.8929010429904,557.5765656655892,451.4564865699578,557.2507925256336,0.0,0.0,0,364.48778688125344,360.0000021825756,4.487786881253442,2.18257559936319e-06,-1.0117909739028452,6.169523428126932e-06
encodec,12.0kbps,24000,20260826,360.0,452.8929,557.5765636785778,452.9Hz_+50c,4,451.45213832004305,557.3788039157486,452.8929010443585,557.5765656671782,451.45213832004305,557.3788039157486,0.0,0.0,0,364.90211412105333,360.00000218227956,4.90211412105333,2.182279558837763e-06,-0.6141383744793105,6.174457345610518e-06
encodec,12.0kbps,24000,20260826,365.0,440.0,543.270304454712,440Hz_ongrid,0,440.1344019991752,548.6883646094014,439.9999989121647,543.2703028752481,440.1344019991752,547.8154075382284,0.0,2.756567487814304,0,381.65141018337636,364.9999992469599,16.651410183376356,-7.530401262556552e-07,17.180150608736344,-5.03326165868047e-06
encodec,12.0kbps,24000,20260826,365.0,440.0,543.270304454712,440Hz_ongrid,1,440.2727023039213,547.6544743804758,439.9999989190646,543.2703028747803,440.2727023039213,547.5666855280087,0.0,0.27753855825371704,0,377.8422709244221,364.99999921832045,12.84227092442211,-7.816795459802961e-07,13.914919270042825,-5.0347524052426196e-06
encodec,12.0kbps,24000,20260826,365.0,440.0,543.270304454712,440Hz_ongrid,2,440.2083477538943,547.7515866085073,439.99999891496327,543.2703028832278,440.2083477538943,547.609636229506,0.0,0.44870920324157265,0,378.4023054264659,364.99999926137735,13.402305426465887,-7.386226457128942e-07,14.221881230865696,-5.007832859019444e-06
encodec,12.0kbps,24000,20260826,365.0,440.0,543.270304454712,440Hz_ongrid,3,440.2998240058482,548.5832533238768,439.99999891305936,543.2703028715258,440.2998240058482,547.9505501011697,0.0,1.9978544760651464,0,380.669176680275,364.9999992315778,15.669176680274973,-7.684221827730653e-07,16.848469311190595,-5.045123626715974e-06
encodec,12.0kbps,24000,20260826,365.0,440.0,543.270304454712,440Hz_ongrid,4,440.2562567702837,547.4007178697334,439.99999891764924,543.2703028802254,440.2562567702837,547.2649779462993,0.0,0.429350402354876,0,377.10458326730316,364.9999992412412,12.104583267303155,-7.587588015667279e-07,13.112563512009597,-5.017400853328742e-06
encodec,12.0kbps,24000,20260826,365.0,452.8929,559.1892356099488,452.9Hz_+50c,0,451.9957035914821,558.5175419811554,452.8929010413874,559.189232961129,451.9957035914821,558.5175419811554,0.0,0.0,0,366.35224135417417,364.99998781850877,1.3522413541741685,-1.2181491229057428e-05,-2.0807944337655666,-8.2006710253227e-06
encodec,12.0kbps,24000,20260826,365.0,452.8929,559.1892356099488,452.9Hz_+50c,1,451.1890684972074,558.5311223816283,452.89290104458087,559.1892329674912,451.1890684972074,558.5311223816283,0.0,0.0,0,369.4866699913409,364.9999878259983,4.486669991340875,-1.2174001710718585e-05,-2.0386998456787073,-8.180973988548444e-06
encodec,12.0kbps,24000,20260826,365.0,452.8929,559.1892356099488,452.9Hz_+50c,2,451.1998290727137,558.5870146138551,452.8929010488754,559.1892329734636,451.1998290727137,558.5870146138551,0.0,0.0,0,369.61861763475747,364.99998782807245,4.61861763475747,-1.2171927551207773e-05,-1.865463851407898,-8.162483618475555e-06
encodec,12.0kbps,24000,20260826,365.0,452.8929,559.1892356099488,452.9Hz_+50c,3,451.2942158484401,558.3616063717536,452.89290104392154,559.1892329744312,451.2942158484401,558.3616063717536,0.0,0.0,0,368.55774666769724,364.99998785000463,3.557746667697245,-1.2149995370691613e-05,-2.5642147547747354,-8.159487902132125e-06
encodec,12.0kbps,24000,20260826,365.0,452.8929,559.1892356099488,452.9Hz_+50c,4,451.50804398378455,558.5206389909717,452.8929010443523,559.1892329706175,451.50804398378455,558.5206389909717,0.0,0.0,0,368.230683387695,364.9999878365508,3.2306833876950236,-1.2163449184754427e-05,-2.071194674445644,-8.171295091595577e-06
encodec,12.0kbps,24000,20260826,370.0,440.0,544.8415985660738,440Hz_ongrid,0,440.2830296580631,549.3889382998751,439.9999989211902,544.8415978144944,440.2830296580631,548.6990807039759,0.0,2.1752447808947317,0,383.2759497813894,370.00000185656654,13.275949781389386,1.8565665413916577e-06,14.389206725600229,-2.3881433123169445e-06
encodec,12.0kbps,24000,20260826,370.0,440.0,544.8415985660738,440Hz_ongrid,1,440.1961872664102,549.5097027488208,439.9999989099133,544.8415978124289,440.1961872664102,548.8001197716744,0.0,2.2369906130410664,0,383.9979668977102,370.00000189437355,13.997966897710228,1.894373554023332e-06,14.769717755395803,-2.394706556615557e-06
encodec,12.0kbps,24000,20260826,370.0,440.0,544.8415985660738,440Hz_ongrid,2,440.1765930228751,549.6743142346526,439.999998911229,544.8415978130743,440.1765930228751,548.9903844829256,0.0,2.1554212630802474,0,384.5935621523836,370.0000018912474,14.593562152383583,1.891247393359663e-06,15.288249697030084,-2.3926559151705694e-06
encodec,12.0kbps,24000,20260826,370.0,440.0,544.8415985660738,440Hz_ongrid,3,440.1406700747311,549.562358294793,439.99999890847477,544.841597811203,440.1406700747311,548.8649968361976,0.0,2.198226506637965,0,384.38220623091047,370.0000018961384,14.38220623091047,1.8961383716487035e-06,14.935601462861598,-2.3986017951125284e-06
encodec,12.0kbps,24000,20260826,370.0,440.0,544.8415985660738,440Hz_ongrid,4,440.15281375839027,549.059230240663,439.9999989146057,544.8415978146791,440.15281375839027,548.3129108680024,0.0,2.354814124091602,0,382.7487589080508,370.0000018830608,12.748758908050775,1.8830608041753294e-06,13.349919025280174,-2.387556508649167e-06
encodec,12.0kbps,24000,20260826,370.0,452.8929,560.8065718527841,452.9Hz_+50c,0,451.14444940611435,559.4711892023269,452.89290104455006,560.806570423055,451.14444940611435,559.4711892023269,0.0,0.0,0,372.5692842366398,369.9999915934544,2.5692842366398168,-8.406545589423331e-06,-4.127299654316746,-4.413635617994466e-06
encodec,12.0kbps,24000,20260826,370.0,452.8929,560.8065718527841,452.9Hz_+50c,1,451.04015776981856,559.2503459826471,452.89290104262034,560.8065704287095,451.04015776981856,559.2503459826471,0.0,0.0,0,372.2860273815619,369.9999916182869,2.286027381561894,-8.381713087146636e-06,-4.810814352759192,-4.396179698451054e-06
encodec,12.0kbps,24000,20260826,370.0,452.8929,560.8065718527841,452.9Hz_+50c,2,451.0686300952879,559.8743132161046,452.8929010455671,560.8065704255123,451.0686300952879,559.8743132161046,0.0,0.0,0,374.1072421462699,369.99999159715276,4.107242146269925,-8.402847242905409e-06,-2.880317293081789,-4.406049647739989e-06
encodec,12.0kbps,24000,20260826,370.0,452.8929,560.8065718527841,452.9Hz_+50c,3,451.4868626174934,559.6299890687478,452.89290105158017,560.8065704311315,451.4868626174934,559.6299890687478,0.0,0.0,0,371.74711921033344,369.9999915915139,1.7471192103334374,-8.408486110056401e-06,-3.6359772557375063,-4.38870309317777e-06
encodec,12.0kbps,24000,20260826,370.0,452.8929,560.8065718527841,452.9Hz_+50c,4,451.29288590559145,559.5447305930795,452.89290104839375,560.8065704228223,451.29288590559145,559.5447305930795,0.0,0.0,0,372.22731600670954,369.99999157804353,2.227316006709543,-8.421956465554103e-06,-3.899747288675086,-4.414353698081392e-06
encodec,12.0kbps,24000,20260826,375.0,440.0,546.4174373123329,440Hz_ongrid,0,440.1030409422081,550.2179974109378,439.9999989146315,546.4174394834187,440.1030409422081,549.4584141921223,0.0,2.3916427173937844,0,386.5943882058006,375.0000111492448,11.594388205800612,1.1149244812713732e-05,11.999767985474476,6.8787289940374065e-06
encodec,12.0kbps,24000,20260826,375.0,440.0,546.4174373123329,440Hz_ongrid,1,440.1587306347894,550.4662537363874,439.99999891429684,546.4174394850116,440.1587306347894,549.7801716284181,0.0,2.1590960576479348,0,387.156285662603,375.00001115560843,12.156285662603011,1.11556084334552e-05,12.780718217758995,6.883776312816755e-06
encodec,12.0kbps,24000,20260826,375.0,440.0,546.4174373123329,440Hz_ongrid,2,440.28904519126115,549.6398856439347,439.99999891535504,546.4174394853171,440.28904519126115,549.0915458788962,0.0,1.72800108064543,0,384.04290085333156,375.00001115241264,9.04290085333156,1.1152412639603426e-05,10.179811275079269,6.88474387575412e-06
encodec,12.0kbps,24000,20260826,375.0,440.0,546.4174373123329,440Hz_ongrid,3,440.17560037197484,550.7861885836322,439.99999891127413,546.4174394779174,440.17560037197484,549.7766453198342,0.0,3.176113364289382,0,388.0958478948846,375.00001114502476,13.095847894884628,1.1145024757297506e-05,13.786631295144089,6.8612990223622556e-06
encodec,12.0kbps,24000,20260826,375.0,440.0,546.4174373123329,440Hz_ongrid,4,440.17134070021916,550.3797772936018,439.9999989086268,546.4174394848131,440.17134070021916,549.6891139603597,0.0,2.1738639199119842,0,386.83469585882267,375.00001117728897,11.83469585882267,1.1177288968156063e-05,12.508725662432196,6.883147416128026e-06
encodec,12.0kbps,24000,20260826,375.0,452.8929,562.4285858976152,452.9Hz_+50c,0,451.286157553133,560.2812142653675,452.89290105082137,562.4285848942066,451.286157553133,560.2812142653675,0.0,0.0,0,374.53031293441086,374.9999928944845,-0.46968706558914164,-7.105515521743655e-06,-6.622561624717872,-3.08863255069676e-06
encodec,12.0kbps,24000,20260826,375.0,452.8929,562.4285858976152,452.9Hz_+50c,1,450.9820587525081,559.905079496257,452.89290104054413,562.4285848984089,450.9820587525081,559.905079496257,0.0,0.0,0,374.5346734813162,374.99999294670573,-0.4653265186838098,-7.053294268644095e-06,-7.785184926611707,-3.075697306656917e-06
encodec,12.0kbps,24000,20260826,375.0,452.8929,562.4285858976152,452.9Hz_+50c,2,451.12843116865196,558.7681372420627,452.8929010343792,562.4285848941352,451.12843116865196,558.7681372420627,0.0,0.0,0,370.45385404783866,374.99999295711694,-4.546145952161339,-7.0428830554192245e-06,-11.304199756934295,-3.0888524338923745e-06
encodec,12.0kbps,24000,20260826,375.0,452.8929,562.4285858976152,452.9Hz_+50c,3,451.90120283416644,559.767247220155,452.8929010390319,562.4285848984314,451.90120283416644,559.767247220155,0.0,0.0,0,370.58361380753377,374.9999929525558,-4.416386192466234,-7.047444228192035e-06,-8.211416646302993,-3.075627920438721e-06
encodec,12.0kbps,24000,20260826,375.0,452.8929,562.4285858976152,452.9Hz_+50c,4,451.68613796574425,559.0277048229849,452.89290104962583,562.4285848972253,451.68613796574425,559.0277048229849,0.0,0.0,0,369.1189733499538,374.9999929083469,-5.881026650046181,-7.09165311718607e-06,-10.500166989423855,-3.079340563626182e-06
encodec,12.0kbps,24000,20260826,380.0,440.0,547.9978338378821,440Hz_ongrid,0,440.1591365313328,550.7081507942698,439.99999891662065,547.9978319802691,440.1591365313328,549.9041854612433,0.0,2.5292327925355447,0,387.91529609784413,379.99999839412044,7.915296097844134,-1.6058795608842047e-06,8.541325126143423,-5.868568704708611e-06
encodec,12.0kbps,24000,20260826,380.0,440.0,547.9978338378821,440Hz_ongrid,1,440.13524214302134,550.6902536476135,439.99999890673047,547.9978319809744,440.13524214302134,550.5789461538978,0.0,0.3499586181612341,0,387.95301677282896,379.9999984352629,7.95301677282896,-1.564737090120616e-06,8.485061834767322,-5.866340465293535e-06
encodec,12.0kbps,24000,20260826,380.0,440.0,547.9978338378821,440Hz_ongrid,2,440.29763632685217,550.7426972157803,439.9999989111755,547.9978319808305,440.29763632685217,549.8473695091315,0.0,2.8167111436134764,0,387.47923282193415,379.99999841731875,7.479232821934147,-1.5826812500563392e-06,8.649923601182069,-5.866795223721557e-06
encodec,12.0kbps,24000,20260826,380.0,440.0,547.9978338378821,440Hz_ongrid,3,440.2842305362265,550.6288220433519,439.99999891217084,547.9978319763425,440.2842305362265,549.9542487454441,0.0,2.122228551699378,0,387.17394637860116,379.999998399224,7.173946378601158,-1.6007759882086248e-06,8.291925281620584,-5.880973653544077e-06
encodec,12.0kbps,24000,20260826,380.0,440.0,547.9978338378821,440Hz_ongrid,4,440.17094241703194,550.5744770695472,439.9999989150183,547.9978319795082,440.17094241703194,550.4764853087677,0.0,0.30815408011824524,0,387.4485873038213,379.9999983980215,7.448587303821284,-1.6019785107346252e-06,8.121050622602617,-5.870972620033754e-06
encodec,12.0kbps,24000,20260826,380.0,452.8929,564.0552912739921,452.9Hz_+50c,0,450.72098371476517,561.0587824692553,452.89290103853784,564.055291490187,450.72098371476517,561.0587824692553,0.0,0.0,0,379.1007758703564,379.9999966936311,-0.899224129643585,-3.3063689102164062e-06,-9.221589984136532,6.635586628324765e-07
encodec,12.0kbps,24000,20260826,380.0,452.8929,564.0552912739921,452.9Hz_+50c,1,451.0314752525257,561.0529417344846,452.8929010447675,564.0552914872908,451.0314752525257,561.0529417344846,0.0,0.0,0,377.890555715888,379.99999666092845,-2.109444284111987,-3.3390715543646365e-06,-9.239612572598228,6.546699231101352e-07
encodec,12.0kbps,24000,20260826,380.0,452.8929,564.0552912739921,452.9Hz_+50c,2,451.2885939593278,561.3974193191311,452.89290104040094,564.0552914890999,451.2885939593278,561.3974193191311,0.0,0.0,0,377.96653940901257,379.9999966831727,-2.0334605909874313,-3.316827303478931e-06,-8.176988579419879,6.60222358198559e-07
encodec,12.0kbps,24000,20260826,380.0,452.8929,564.0552912739921,452.9Hz_+50c,3,451.69623306501313,561.6012740707446,452.89290104841365,564.0552914902245,451.69623306501313,561.6012740707446,0.0,0.0,0,377.03199141135394,379.9999966559949,-2.9680085886460574,-3.344005108374404e-06,-7.5484566087041935,6.636739861865698e-07
encodec,12.0kbps,24000,20260826,380.0,452.8929,564.0552912739921,452.9Hz_+50c,4,451.11185944365366,561.5904965495118,452.8929010478649,564.055291489204,451.11185944365366,561.5904965495118,0.0,0.0,0,379.23996950186597,379.9999966549606,-0.7600304981340287,-3.345039374380576e-06,-7.581680519725139,6.605418038893975e-07
encodec,12.0kbps,24000,20260826,385.0,440.0,549.5828013251308,440Hz_ongrid,0,440.2408674976544,552.4563435374749,439.999998913714,549.5828019428335,440.2408674976544,552.4563435374749,0.0,0.0,0,393.0808644786714,385.0000062199432,8.080864478671401,6.219943202268041e-06,9.028327926593649,1.945817509493089e-06
encodec,12.0kbps,24000,20260826,385.0,440.0,549.5828013251308,440Hz_ongrid,1,439.9156079086011,551.5130416966183,439.9999989087299,549.5828019471064,439.9156079086011,551.5130416966183,0.0,0.0,0,391.40185656628995,385.00000625301413,6.4018565662899505,6.253014134927071e-06,6.069773668256286,1.9592776669616375e-06
encodec,12.0kbps,24000,20260826,385.0,440.0,549.5828013251308,440Hz_ongrid,2,440.15004514451414,552.1418861496888,439.9999989155823,549.5828019415612,440.15004514451414,552.1418861496888,0.0,0.0,0,392.4523609279354,385.00000620858464,7.452360927935388,6.208584636624437e-06,8.04263134155274,1.941809638530136e-06
encodec,12.0kbps,24000,20260826,385.0,440.0,549.5828013251308,440Hz_ongrid,3,440.1481623483409,552.272487953908,439.99999891501017,549.5828019423539,440.1481623483409,552.272487953908,0.0,0.0,0,392.8692184283369,385.0000062133325,7.8692184283369215,6.213332483184786e-06,8.45208325867636,1.9443067735555868e-06
encodec,12.0kbps,24000,20260826,385.0,440.0,549.5828013251308,440Hz_ongrid,4,440.30934608983375,551.9848913534288,439.99999891423687,549.582801945369,440.30934608983375,551.9848913534288,0.0,0.0,0,391.33357358197105,385.00000622587316,6.333573581971052,6.2258731645670196e-06,7.550306104666576,1.953804804991645e-06
encodec,12.0kbps,24000,20260826,385.0,452.8929,565.6867015505962,452.9Hz_+50c,0,451.04383384131023,562.6026098263774,452.892901048012,565.6867026068081,451.04383384131023,562.6026098263774,0.0,0.0,0,382.61831907132944,384.99999922629917,-2.381680928670562,-7.737008331787365e-07,-9.464412801398893,3.232442881794654e-06
encodec,12.0kbps,24000,20260826,385.0,452.8929,565.6867015505962,452.9Hz_+50c,1,451.28385624978245,563.5476764622457,452.89290104650627,565.6867026079176,451.28385624978245,563.5476764622457,0.0,0.0,0,384.60299804668796,384.99999923545045,-0.39700195331204213,-7.645495543329162e-07,-6.558704846324817,3.2358383857452944e-06
encodec,12.0kbps,24000,20260826,385.0,452.8929,565.6867015505962,452.9Hz_+50c,2,451.33867476146133,562.6433321724076,452.8929010399957,565.6867026009321,451.33867476146133,562.6433321724076,0.0,0.0,0,381.6123115737094,384.9999992389593,-3.3876884262905946,-7.610407237734762e-07,-9.339107018183507,3.214459742395141e-06
encodec,12.0kbps,24000,20260826,385.0,452.8929,565.6867015505962,452.9Hz_+50c,3,451.1636270597991,563.201149793798,452.8929010453268,565.6867026069506,451.1636270597991,563.201149793798,0.0,0.0,0,383.999420818025,384.99999923699943,-1.000579181975013,-7.630005711689591e-07,-7.62357178429898,3.2328788040724787e-06
encodec,12.0kbps,24000,20260826,385.0,452.8929,565.6867015505962,452.9Hz_+50c,4,451.0579614951666,562.4326668348164,452.8929010471694,565.686702603609,451.0579614951666,562.4326668348164,0.0,0.0,0,382.0410684343606,384.9999992197294,-2.958931565639375,-7.802706250004121e-07,-9.987438348653919,3.222652313457827e-06
encodec,12.0kbps,24000,20260826,390.0,440.0,551.1723529946163,440Hz_ongrid,0,440.18482539401674,552.5693086228489,439.9999989162896,551.1723549396044,440.18482539401674,552.5693086228489,0.0,0.0,0,393.655225232903,390.0000103732053,3.6552252329029784,1.0373205327596224e-05,4.38229075533735,6.109213542649963e-06
encodec,12.0kbps,24000,20260826,390.0,440.0,551.1723529946163,440Hz_ongrid,1,440.1575217136809,552.7177370789808,439.9999989123485,551.1723549421671,440.1575217136809,552.7177370789808,0.0,0.0,0,394.2275862881628,390.00001039676164,4.227586288162797,1.0396761638276075e-05,4.847263903534465,6.1172631127403245e-06
encodec,12.0kbps,24000,20260826,390.0,440.0,551.1723529946163,440Hz_ongrid,2,440.0979906366121,552.7698786611727,439.9999989065521,551.1723549404193,440.0979906366121,552.7698786611727,0.0,0.0,0,394.6250618838067,390.0000104140783,4.625061883806723,1.0414078303710994e-05,5.010575154143689,6.111772952280418e-06
encodec,12.0kbps,24000,20260826,390.0,440.0,551.1723529946163,440Hz_ongrid,3,440.13815577903614,552.5902144381092,439.9999989102731,551.1723549390574,440.13815577903614,552.5902144381092,0.0,0.0,0,393.90428317701,390.00001039515973,3.9042831770099724,1.0395159733889159e-05,4.447788737214626,6.107495609090559e-06
encodec,12.0kbps,24000,20260826,390.0,440.0,551.1723529946163,440Hz_ongrid,4,440.2103128278299,552.6004454533241,439.9999989157428,551.1723549398137,440.2103128278299,552.6004454533241,0.0,0.0,0,393.65253768297316,390.00001037601413,3.6525376829731613,1.0376014131452393e-05,4.479841635488085,6.109870885766225e-06
encodec,12.0kbps,24000,20260826,390.0,452.8929,567.3228303353533,452.9Hz_+50c,0,451.350420328182,564.3573353823642,452.8929010420914,567.3228314330823,451.350420328182,564.3573353823642,0.0,0.0,0,386.8331705052004,389.99999936630223,-3.166829494799572,-6.336977662613208e-07,-9.07319531017358,3.3498139940671636e-06
encodec,12.0kbps,24000,20260826,390.0,452.8929,567.3228303353533,452.9Hz_+50c,1,451.36162501390476,564.6266899230524,452.892901049734,567.3228314254785,451.36162501390476,564.6266899230524,0.0,0.0,0,387.6162738454766,389.9999993138838,-2.3837261545234014,-6.861162091809092e-07,-8.247114957386284,3.3266101664371125e-06
encodec,12.0kbps,24000,20260826,390.0,452.8929,567.3228303353533,452.9Hz_+50c,2,451.4989696230769,564.9141007055144,452.8929010350727,567.3228314323503,451.4989696230769,564.9141007055144,0.0,0.0,0,387.9705799668793,389.9999993908983,-2.0294200331206866,-6.09101675763668e-07,-7.366092602932334,3.347580180701844e-06
encodec,12.0kbps,24000,20260826,390.0,452.8929,567.3228303353533,452.9Hz_+50c,3,451.6222742743111,565.1048677846591,452.89290104547,567.3228314345164,451.6222742743111,565.1048677846591,0.0,0.0,0,388.0823689397806,389.99999935776316,-1.917631060219378,-6.422368414860102e-07,-6.781567076896506,3.3541901309370217e-06
encodec,12.0kbps,24000,20260826,390.0,452.8929,567.3228303353533,452.9Hz_+50c,4,450.91791481939543,563.3332096433422,452.8929010408556,567.3228314294537,450.91791481939543,563.3332096433422,0.0,0.0,0,385.348433992496,389.99999935995334,-4.651566007504016,-6.400466645573033e-07,-12.217678245095838,3.338740645624287e-06
encodec,12.0kbps,24000,20260826,395.0,440.0,552.7665021051131,440Hz_ongrid,0,440.3991190881433,553.790672627413,439.99999891135275,552.7664999615195,440.3991190881433,553.790672627413,0.0,0.0,0,396.6350061315583,394.9999975697999,1.6350061315583275,-2.430200083836098e-06,3.204677403099109,-6.713616538284737e-06
encodec,12.0kbps,24000,20260826,395.0,440.0,552.7665021051131,440Hz_ongrid,1,440.1923781181277,553.8234251775904,439.9999989106747,552.7664999658513,440.1923781181277,553.8234251775904,0.0,0.0,0,397.5502939285778,394.9999975860345,2.550293928577787,-2.4139654897226137e-06,3.307063839295393,-6.700049514440281e-06
encodec,12.0kbps,24000,20260826,395.0,440.0,552.7665021051131,440Hz_ongrid,2,440.25852684472153,553.6391264805716,439.9999989091275,552.7664999689304,440.25852684472153,553.6391264805716,0.0,0.0,0,396.7139493064379,394.9999976017657,1.7139493064378826,-2.3982343009265605e-06,2.7308562159401553,-6.690405983324432e-06
encodec,12.0kbps,24000,20260826,395.0,440.0,552.7665021051131,440Hz_ongrid,3,440.2807613732269,553.819432866889,439.9999989137769,552.7664999696616,440.2807613732269,553.819432866889,0.0,0.0,0,397.1902461475346,394.99999758576246,2.1902461475345945,-2.4142375423252815e-06,3.294583960658435,-6.688115661502415e-06
encodec,12.0kbps,24000,20260826,395.0,440.0,552.7665021051131,440Hz_ongrid,4,440.25465726836615,553.7103630825662,439.9999989096941,552.7664999618665,440.25465726836615,553.7103630825662,0.0,0.0,0,396.9519088599421,394.99999757741296,1.9519088599420797,-2.42258704474807e-06,2.9535993196220156,-6.712529423462186e-06
encodec,12.0kbps,24000,20260826,395.0,452.8929,568.9636912755473,452.9Hz_+50c,0,450.8286043130006,567.1737356359818,452.89290104345434,568.9636926593846,450.8286043130006,567.1737356359818,0.0,0.0,0,397.45400595986746,395.0000002219978,2.454005959867459,2.2199782279130886e-07,-5.455034998457582,4.2107193605032995e-06
encodec,12.0kbps,24000,20260826,395.0,452.8929,568.9636912755473,452.9Hz_+50c,1,451.57653694239093,565.6524614865658,452.89290105296965,568.9636926592223,451.57653694239093,565.6524614865658,0.0,0.0,0,389.9344810320574,395.0000001851304,-5.06551896794258,1.8513037502998486e-07,-10.104791854903507,4.210225007726433e-06
encodec,12.0kbps,24000,20260826,395.0,452.8929,568.9636912755473,452.9Hz_+50c,2,451.8685694577047,566.9093210651919,452.89290104654066,568.9636926626358,451.8685694577047,566.9093210651919,0.0,0.0,0,392.6577345389023,395.0000002200927,-2.3422654610977247,2.2009271560818888e-07,-6.262318933458055,4.220611797797112e-06
encodec,12.0kbps,24000,20260826,395.0,452.8929,568.9636912755473,452.9Hz_+50c,3,451.1305449525539,566.060467203985,452.8929010517814,568.9636926585131,451.1305449525539,566.060467203985,0.0,0.0,0,392.89344099267674,395.0000001875146,-2.1065590073232556,1.875146153906826e-07,-8.856501050927246,4.208067307775769e-06
encodec,12.0kbps,24000,20260826,395.0,452.8929,568.9636912755473,452.9Hz_+50c,4,451.3838794077341,567.042127499816,452.8929010366193,568.9636926636358,451.3838794077341,567.042127499816,0.0,0.0,0,394.9212317283759,395.00000026106085,-0.07876827162408517,2.610608476061316e-07,-5.856800649762986,4.223654796694194e-06
encodec,12.0kbps,24000,20260826,400.0,440.0,554.3652619537442,440Hz_ongrid,0,440.2638596231002,555.0815381674618,439.99999891287354,554.3652610502409,440.2638596231002,555.0815381674618,0.0,0.0,0,401.1975469592647,400.0000014558711,1.1975469592646846,1.4558710859091661e-06,2.235423892124128,-2.8215615371787074e-06
encodec,12.0kbps,24000,20260826,400.0,440.0,554.3652619537442,440Hz_ongrid,1,440.15750058310414,555.042132685035,439.99999891509157,554.3652610325148,440.15750058310414,555.042132685035,0.0,0.0,0,401.49292395899244,400.00000139178695,1.492923958992435,1.3917869523538684e-06,2.1125184632659564,-2.8769182849004564e-06
encodec,12.0kbps,24000,20260826,400.0,440.0,554.3652619537442,440Hz_ongrid,2,440.24911601354955,555.0268861592668,439.99999891478313,554.3652610499691,440.24911601354955,555.0268861592668,0.0,0.0,0,401.0850621267918,400.00000144750896,1.0850621267917973,1.4475089642473904e-06,2.0649623129848065,-2.8224099326553603e-06
encodec,12.0kbps,24000,20260826,400.0,440.0,554.3652619537442,440Hz_ongrid,3,440.19679574432456,554.9892973056255,439.9999989060765,554.3652610432445,440.19679574432456,554.9892973056255,0.0,0.0,0,401.1735676639505,400.00000146076553,1.1735676639505073,1.4607655316467572e-06,1.9477115840610453,-2.843410699889315e-06
encodec,12.0kbps,24000,20260826,400.0,440.0,554.3652619537442,440Hz_ongrid,4,440.2211760156113,554.9571925676614,439.9999989060156,554.3652610423615,440.2211760156113,554.9571925676614,0.0,0.0,0,400.97753559087755,400.0000014582478,0.9775355908775509,1.4582478229385742e-06,1.8475611425356167,-2.8461680812912698e-06
encodec,12.0kbps,24000,20260826,400.0,452.8929,570.6092980579338,452.9Hz_+50c,0,451.46912931196704,569.1208803054772,452.89290105306316,570.6092995079144,451.46912931196704,569.1208803054772,0.0,0.0,0,400.929322790416,400.0000003738026,0.9293227904159949,3.738026066457678e-07,-4.5217736725716575,4.3992553611347195e-06
encodec,12.0kbps,24000,20260826,400.0,452.8929,570.6092980579338,452.9Hz_+50c,1,451.018817414816,570.025044396393,452.89290103944865,570.6092995056358,451.018817414816,570.025044396393,0.0,0.0,0,405.40521536258666,400.00000041893225,5.4052153625866595,4.1893224533851026e-07,-1.773539306969512,4.3923417260717405e-06
encodec,12.0kbps,24000,20260826,400.0,452.8929,570.6092980579338,452.9Hz_+50c,2,451.7592542571694,569.2884461210407,452.8929010386269,570.6092995061659,451.7592542571694,569.2884461210407,0.0,0.0,0,400.3267982383731,400.00000042368185,0.32679823837310096,4.2368185404484393e-07,-4.012122810225342,4.393950102446695e-06
encodec,12.0kbps,24000,20260826,400.0,452.8929,570.6092980579338,452.9Hz_+50c,3,451.6483920284429,567.9441592663519,452.8929010505365,570.6092995081333,451.6483920284429,567.9441592663519,0.0,0.0,0,396.65882073513177,400.00000038412503,-3.341179264868231,3.841250304503774e-07,-8.10499923230874,4.399919239241683e-06
encodec,12.0kbps,24000,20260826,400.0,452.8929,570.6092980579338,452.9Hz_+50c,4,451.8518103061002,569.7761953294139,452.89290105373817,570.6092995076725,451.8518103061002,569.7761953294139,0.0,0.0,0,401.45477500515784,400.0000003704886,1.4547750051578419,3.7048857848276384e-07,-2.529488624556871,4.39852113578191e-06
encodec,12.0kbps,24000,20260826,405.0,440.0,555.9686458760915,440Hz_ongrid,0,440.21456578592637,556.2293015760033,439.9999989134761,555.9686469670164,440.21456578592637,556.2293015760033,0.0,0.0,0,404.9674374539783,405.00000767209946,-0.03256254602172248,7.672099457067816e-06,0.8114671171012026,3.397037369849663e-06
encodec,12.0kbps,24000,20260826,405.0,440.0,555.9686458760915,440Hz_ongrid,1,440.1694165619496,556.225037732789,439.9999989153439,555.9686469646322,440.1694165619496,556.225037732789,0.0,0.0,0,405.1317341058581,405.00000765732585,0.13173410585807233,7.657325852505892e-06,0.7981960815331017,3.389613236736034e-06
encodec,12.0kbps,24000,20260826,405.0,440.0,555.9686458760915,440Hz_ongrid,2,440.12119483254156,556.2506596544906,439.99999890600424,555.9686469661374,440.12119483254156,556.2506596544906,0.0,0.0,0,405.401151426728,405.000007698761,0.4011514267280063,7.698761010033195e-06,0.8779417215756985,3.394300362250172e-06
encodec,12.0kbps,24000,20260826,405.0,440.0,555.9686458760915,440Hz_ongrid,3,440.16904939510744,556.1550439725766,439.99999891458845,555.9686469680556,440.16904939510744,556.1550439725766,0.0,0.0,0,404.9153109879486,405.00000767095855,-0.084689012051399,7.67095855280786e-06,0.5803288560139108,3.400273343160404e-06
encodec,12.0kbps,24000,20260826,405.0,440.0,555.9686458760915,440Hz_ongrid,4,440.300328937826,556.1818851397702,439.9999989133349,555.9686469658587,440.300328937826,556.1818851397702,0.0,0.0,0,404.48260170252456,405.00000766905015,-0.5173982974754381,7.669050148706447e-06,0.6638796963307446,3.39343274621758e-06
encodec,12.0kbps,24000,20260826,405.0,452.8929,572.2596644088547,452.9Hz_+50c,0,451.71316362019616,573.2734620478626,452.89290104642623,572.2596657814759,451.71316362019616,572.729297189713,0.0,1.644109133148391,0,412.57984637819516,405.00000015245314,7.579846378195157,1.5245313988998532e-07,3.064287551704198,4.152535268780926e-06
encodec,12.0kbps,24000,20260826,405.0,452.8929,572.2596644088547,452.9Hz_+50c,1,451.86315453226354,572.127835591265,452.8929010479191,572.2596657892909,451.86315453226354,571.3608035051832,0.0,2.322563107168391,0,408.5419373395936,405.0000001703889,3.5419373395935736,1.7038888699971722e-07,-0.3988623410672087,4.176177709555752e-06
encodec,12.0kbps,24000,20260826,405.0,452.8929,572.2596644088547,452.9Hz_+50c,2,451.84933703746754,573.1559849415836,452.8929010493325,572.2596657836743,451.84933703746754,572.674322355825,0.0,1.4554872784079391,0,411.7032207382253,405.0000001479944,6.703220738225298,1.479943989579624e-07,2.709480951748005,4.159186351009241e-06
encodec,12.0kbps,24000,20260826,405.0,452.8929,572.2596644088547,452.9Hz_+50c,3,451.44369734852177,572.6787857637268,452.8929010499907,572.2596657884926,451.44369734852177,571.9524002190167,0.0,2.197290397054702,0,411.81610914777207,405.00000016005487,6.8161091477720674,1.6005486713766004e-07,1.2674868112722917,4.1737628385259395e-06
encodec,12.0kbps,24000,20260826,405.0,452.8929,572.2596644088547,452.9Hz_+50c,4,451.11526594495757,573.1561387628806,452.89290104610296,572.2596657839568,451.11526594495757,572.6687993897065,0.0,1.472648288705983,0,414.5185224986086,405.00000016119424,9.518522498608604,1.6119423662530608e-07,2.7099455733137248,4.160040897061346e-06
encodec,12.0kbps,24000,20260826,410.0,440.0,557.5766672463074,440Hz_ongrid,0,440.1390639248615,557.1465708650945,439.999998912521,557.576669228162,440.1390639248615,557.1465708650945,0.0,0.0,0,408.1169897903792,410.0000104323308,-1.8830102096208066,1.0432330782350618e-05,-1.3359325633978019,6.153511164873131e-06
encodec,12.0kbps,24000,20260826,410.0,440.0,557.5766672463074,440Hz_ongrid,1,440.2064090735289,557.3392481882719,439.9999989121403,557.5766692272355,440.2064090735289,557.3392481882719,0.0,0.0,0,408.45072308537465,410.00001043095176,-1.5492769146253522,1.0430951761009055e-05,-0.7373254927858617,6.150634231608808e-06
encodec,12.0kbps,24000,20260826,410.0,440.0,557.5766672463074,440Hz_ongrid,2,440.2504588851655,557.277187437923,439.99999890890683,557.5766692250569,440.2504588851655,557.277187437923,0.0,0.0,0,408.08470679628874,410.0000104369102,-1.9152932037112578,1.0436910201860883e-05,-0.9301123220332671,6.143870132501491e-06
encodec,12.0kbps,24000,20260826,410.0,440.0,557.5766672463074,440Hz_ongrid,3,440.191534980714,557.271344131131,439.99999891374915,557.5766692280649,440.191534980714,557.271344131131,0.0,0.0,0,408.298280870474,410.00001042719725,-1.7017191295259977,1.0427197253193299e-05,-0.9482651998865844,6.153209786508723e-06
encodec,12.0kbps,24000,20260826,410.0,440.0,557.5766672463074,440Hz_ongrid,4,440.13578161991586,557.4418039079623,439.99999891509435,557.5766692276518,440.13578161991586,557.4418039079623,0.0,0.0,0,409.0470416769394,410.0000104206215,-0.9529583230606136,1.0420621492812643e-05,-0.41879127654403064,6.151927006404094e-06
encodec,12.0kbps,24000,20260826,410.0,452.8929,573.9148040943527,452.9Hz_+50c,0,450.8178900732502,576.2647491438543,452.89290105161837,573.9148051850685,450.8178900732502,576.2647491438543,0.0,0.0,0,425.02440353306514,409.999999270253,15.02440353306514,-7.297470006051299e-07,7.074218164415103,3.2901825942241847e-06
encodec,12.0kbps,24000,20260826,410.0,452.8929,573.9148040943527,452.9Hz_+50c,1,451.4330563398977,576.5186247800572,452.89290104800364,573.9148051829653,451.4330563398977,576.5186247800572,0.0,0.0,0,423.4261818280102,409.9999992777263,13.426181828010215,-7.222736826406617e-07,7.8367519806907415,3.2838378877027753e-06
encodec,12.0kbps,24000,20260826,410.0,452.8929,573.9148040943527,452.9Hz_+50c,2,451.1581610640106,575.756175186756,452.89290104934753,573.9148051894693,451.1581610640106,573.9198167943036,0.0,5.5305475649933555,0,422.1896356829317,409.9999992922088,12.18963568293168,-7.077911732267239e-07,5.545668483416843,3.303457465493654e-06
encodec,12.0kbps,24000,20260826,410.0,452.8929,573.9148040943527,452.9Hz_+50c,3,451.87552350129357,576.896662017541,452.8929010526681,573.9148051821094,451.87552350129357,576.896662017541,0.0,0.0,0,422.86500288663683,409.9999992573139,12.86500288663683,-7.42686097510159e-07,8.971592082557825,3.2812561822197156e-06
encodec,12.0kbps,24000,20260826,410.0,452.8929,573.9148040943527,452.9Hz_+50c,4,450.81305157327546,575.5225778437848,452.89290104694845,573.9148051930144,450.81305157327546,573.7204123598082,0.0,5.429613809942219,0,422.8118913332746,409.99999931207344,12.811891333274616,-6.879265583847882e-07,4.843125023097368,3.3141514001023706e-06
encodec,12.0kbps,24000,20260826,415.0,440.0,559.189339477226,440Hz_ongrid,0,440.1572347162909,558.5445466951659,439.9999989186287,559.1893368140182,440.1572347162909,558.5445466951659,0.0,0.0,0,412.3840395577128,414.999996009574,-2.6159604422871894,-3.9904260233925015e-06,-1.9974116496465748,-8.245214286658637e-06
encodec,12.0kbps,24000,20260826,415.0,440.0,559.189339477226,440Hz_ongrid,1,440.16384682223537,558.575040683,439.9999989106442,559.1893368217109,440.16384682223537,558.575040683,0.0,0.0,0,412.45254781610856,414.9999960648063,-2.547452183891437,-3.935193717552465e-06,-1.9028967371165795,-8.22139809186011e-06
encodec,12.0kbps,24000,20260826,415.0,440.0,559.189339477226,440Hz_ongrid,2,440.1776806154916,558.5175017368401,439.9999989083136,559.1893368250642,440.1776806154916,558.5175017368401,0.0,0.0,0,412.2197941616797,414.999996084358,-2.780205838320285,-3.9156420257313584e-06,-2.0812407489953175,-8.211016491265808e-06
encodec,12.0kbps,24000,20260826,415.0,440.0,559.189339477226,440Hz_ongrid,3,440.1195512967613,558.5774554792388,439.9999989117605,559.1893368244623,440.1195512967613,558.5774554792388,0.0,0.0,0,412.6342622380264,414.9999960689323,-2.3657377619736053,-3.931067681151035e-06,-1.895412391900472,-8.212879732266325e-06
encodec,12.0kbps,24000,20260826,415.0,440.0,559.189339477226,440Hz_ongrid,4,440.18577272313416,558.437855102799,439.9999989146494,559.1893368137729,440.18577272313416,558.437855102799,0.0,0.0,0,411.9410700166822,414.9999960244715,-3.058929983317796,-3.975528500177461e-06,-2.3281386471700536,-8.24597388315484e-06
encodec,12.0kbps,24000,20260826,415.0,452.8929,575.574730920285,452.9Hz_+50c,0,451.4156627108628,579.1440156602787,452.89290105279093,575.574731981259,451.4156627108628,579.1440156602787,0.0,0.0,0,431.35880543706395,414.99999916682367,16.35880543706395,-8.331763297064754e-07,10.702670188960909,3.19123515655957e-06
encodec,12.0kbps,24000,20260826,415.0,452.8929,575.574730920285,452.9Hz_+50c,1,451.6199115315852,578.2769538352113,452.8929010509406,575.574731975062,451.6199115315852,578.2769538352113,0.0,0.0,0,427.98181514168846,414.99999915525734,12.981815141688458,-8.44742658046016e-07,8.108821840662515,3.1725958272757907e-06
encodec,12.0kbps,24000,20260826,415.0,452.8929,575.574730920285,452.9Hz_+50c,2,451.42918014052105,577.357683525675,452.89290104549684,575.574731982251,451.42918014052105,577.357683525675,0.0,0.0,0,425.95883391401424,414.99999919769004,10.958833914014235,-8.023099553611246e-07,5.354538878915762,3.1942189561367806e-06
encodec,12.0kbps,24000,20260826,415.0,452.8929,575.574730920285,452.9Hz_+50c,3,450.6811204110834,578.7736474669131,452.89290105184136,575.5747319797641,450.6811204110834,578.7736474669131,0.0,0.0,0,433.0706640037493,414.9999991659571,18.0706640037493,-8.340429076270084e-07,9.595175123757702,3.186738698990038e-06
encodec,12.0kbps,24000,20260826,415.0,452.8929,575.574730920285,452.9Hz_+50c,4,451.2244995555498,578.8954775253243,452.8929010505166,575.5747319771258,451.2244995555498,578.8954775253243,0.0,0.0,0,431.34898068270184,414.99999916308536,16.348980682701836,-8.369146371478564e-07,9.959556174519912,3.1788032990064364e-06
encodec,12.0kbps,24000,20260826,420.0,440.0,560.8066760204754,440Hz_ongrid,0,440.2113057959598,559.58845016959,439.99999890708284,560.8066745826004,440.2113057959598,559.58845016959,0.0,0.0,0,415.4039853972877,419.99999986143587,-4.596014602712273,-1.3856413261237321e-07,-3.7648055660882402,-4.43878110660604e-06
encodec,12.0kbps,24000,20260826,420.0,440.0,560.8066760204754,440Hz_ongrid,1,440.28014455160894,559.7920541231792,439.9999989092885,560.8066745860731,440.28014455160894,559.7920541231792,0.0,0.0,0,415.7630698500736,419.9999998634778,-4.2369301499264225,-1.3652220332005527e-07,-3.1350177512857567,-4.428060839783571e-06
encodec,12.0kbps,24000,20260826,420.0,440.0,560.8066760204754,440Hz_ongrid,2,440.20123546122903,559.5406430988528,439.99999891934,560.8066745924334,440.20123546122903,559.5406430988528,0.0,0.0,0,415.2956797344795,419.9999998435635,-4.704320265520494,-1.564364993100753e-07,-3.912715631503525,-4.40842626986922e-06
encodec,12.0kbps,24000,20260826,420.0,440.0,560.8066760204754,440Hz_ongrid,3,440.1723220710658,559.6749444204526,439.9999989191136,560.806674596946,440.1723220710658,559.6749444204526,0.0,0.0,0,415.8248768491293,419.9999998583849,-4.175123150870718,-1.4161508943288936e-07,-3.497233530473278,-4.394495785270783e-06
encodec,12.0kbps,24000,20260826,420.0,440.0,560.8066760204754,440Hz_ongrid,4,440.1473733739375,559.5668008558009,439.99999891536487,560.8066745914513,440.1473733739375,559.5668008558009,0.0,0.0,0,415.5884537362022,419.999999856172,-4.4115462637977885,-1.4382800372914062e-07,-3.831784707973953,-4.411458120857213e-06
encodec,12.0kbps,24000,20260826,420.0,452.8929,577.2394587324399,452.9Hz_+50c,0,451.5062099866018,580.0617560374286,452.8929010351563,577.2394588421017,451.5062099866018,580.0617560374286,0.0,0.0,0,433.75280853496076,419.99999637189217,13.752808534960764,-3.628107833719696e-06,8.44389829507844,3.288937489224741e-07
encodec,12.0kbps,24000,20260826,420.0,452.8929,577.2394587324399,452.9Hz_+50c,1,451.04102077606154,580.3255999907128,452.89290105013936,577.2394588442412,451.04102077606154,580.3255999907128,0.0,0.0,0,436.32470886091,419.99999632103436,16.324708860909993,-3.678965640574461e-06,9.231179612932788,3.3531034034544467e-07
encodec,12.0kbps,24000,20260826,420.0,452.8929,577.2394587324399,452.9Hz_+50c,2,450.9864982962394,580.5980544510583,452.89290104154077,577.2394588455115,450.9864982962394,580.5980544510583,0.0,0.0,0,437.346594107647,419.9999963577135,17.34659410764698,-3.6422865150598227e-06,10.04377817688738,3.3912023955421975e-07
encodec,12.0kbps,24000,20260826,420.0,452.8929,577.2394587324399,452.9Hz_+50c,3,451.4641087756458,580.2941018277235,452.8929010366355,577.239458844186,451.4641087756458,580.2941018277235,0.0,0.0,0,434.6075600363146,419.99999637248874,14.607560036314624,-3.6275112620387517e-06,9.137211378242284,3.3514465912669943e-07
encodec,12.0kbps,24000,20260826,420.0,452.8929,577.2394587324399,452.9Hz_+50c,4,451.0244330183892,580.2162210985763,452.89290104450555,577.2394588461007,451.0244330183892,580.2162210985763,0.0,0.0,0,436.06204781169566,419.99999634814696,16.062047811695663,-3.6518530350804213e-06,8.904848481326084,3.408869933392567e-07
encodec,12.0kbps,24000,20260826,425.0,440.0,562.4286903665894,440Hz_ongrid,0,440.08718212893206,560.3815160311084,439.9999989135311,562.4286893699356,440.08718212893206,560.3815160311084,0.0,0.0,0,418.3440204586536,425.00000120700565,-6.655979541346426,1.2070056527591078e-06,-6.3129847252967854,-3.0678397499088276e-06
encodec,12.0kbps,24000,20260826,425.0,440.0,562.4286903665894,440Hz_ongrid,1,440.2607715434431,559.2951229151187,439.9999989136231,562.4286893632791,440.2607715434431,559.2951229151187,0.0,0.0,0,414.30173775241946,425.000001186154,-10.698262247580544,1.186154008792073e-06,-9.672528504040967,-3.088329250274838e-06
encodec,12.0kbps,24000,20260826,425.0,440.0,562.4286903665894,440Hz_ongrid,2,440.28451588145975,559.6002232084392,439.9999989185473,562.4286893642378,440.28451588145975,559.6002232084392,0.0,0.0,0,415.15251613916155,425.00000116973007,-9.847483860838452,1.1697300692503632e-06,-8.728382957099676,-3.0853783178427924e-06
encodec,12.0kbps,24000,20260826,425.0,440.0,562.4286903665894,440Hz_ongrid,3,440.1760435016626,560.2404987003628,439.99999891348835,562.4286893659796,440.1760435016626,560.2404987003628,0.0,0.0,0,417.5587774222128,425.0000011949968,-7.441222577787187,1.1949967984037357e-06,-6.748696325773292,-3.08001674289381e-06
encodec,12.0kbps,24000,20260826,425.0,440.0,562.4286903665894,440Hz_ongrid,4,440.31494474434095,560.0200236557155,439.9999989099108,562.4286893694546,440.31494474434095,560.0200236557155,0.0,0.0,0,416.3311204164284,425.0000012197694,-8.668879583571595,1.2197693877169513e-06,-7.430134083462482,-3.069320309572985e-06
encodec,12.0kbps,24000,20260826,425.0,452.8929,578.9090014166518,452.9Hz_+50c,0,451.28008525625773,582.0683196129163,452.8929010539744,578.9090004318741,451.28008525625773,582.0683196129163,0.0,0.0,0,440.59845979868516,424.9999930260755,15.598459798685155,-6.973924485009775e-06,9.422290401774534,-2.944989048028017e-06
encodec,12.0kbps,24000,20260826,425.0,452.8929,578.9090014166518,452.9Hz_+50c,1,451.3219950380519,581.2990760154619,452.8929010359291,578.9090004377508,451.3219950380519,581.2990760154619,0.0,0.0,0,438.14823098747127,424.9999931126301,13.148230987471266,-6.887369920605124e-06,7.132831530863719,-2.9274147298556317e-06
encodec,12.0kbps,24000,20260826,425.0,452.8929,578.9090014166518,452.9Hz_+50c,2,450.6847098301121,582.1166114110727,452.89290104099297,578.9090004367105,450.6847098301121,582.1166114110727,0.0,0.0,0,443.02761840330874,424.9999930901617,18.027618403308736,-6.909838305091398e-06,9.565917763852564,-2.9305257695443397e-06
encodec,12.0kbps,24000,20260826,425.0,452.8929,578.9090014166518,452.9Hz_+50c,3,451.4100112213264,581.7855348587221,452.8929010403613,578.9090004374283,451.4100112213264,581.7855348587221,0.0,0.0,0,439.2588145759721,424.9999930947229,14.25881457597211,-6.905277075475169e-06,8.581005041467563,-2.9283792175090317e-06
encodec,12.0kbps,24000,20260826,425.0,452.8929,578.9090014166518,452.9Hz_+50c,4,451.04598450259203,581.8197279005055,452.8929010385436,578.9090004390039,451.04598450259203,581.8197279005055,0.0,0.0,0,440.7572282027282,424.9999931063833,15.757228202728186,-6.893616728120833e-06,8.682751157763462,-2.9236672974566066e-06
encodec,12.0kbps,24000,20260826,430.0,440.0,564.0553960451207,440Hz_ongrid,0,440.1774725964179,561.2618726492327,439.99999891247455,564.0553962442372,440.1774725964179,561.2618726492327,0.0,0.0,0,420.7064944168115,430.00000489014315,-9.293505583188505,4.890143145530601e-06,-8.595358640271472,6.111407386957303e-07
encodec,12.0kbps,24000,20260826,430.0,440.0,564.0553960451207,440Hz_ongrid,1,440.25280454341214,561.669923119359,439.9999989057487,564.055396244715,440.25280454341214,561.669923119359,0.0,0.0,0,421.66842668755226,430.0000049180733,-8.331573312447745,4.918073273074697e-06,-7.337168425379004,6.126072673486585e-07
encodec,12.0kbps,24000,20260826,430.0,440.0,564.0553960451207,440Hz_ongrid,2,440.11832238362695,561.4545608934261,439.9999989210771,564.0553962446,440.11832238362695,561.4545608934261,0.0,0.0,0,421.5334023657604,430.00000485740895,-8.466597634239577,4.857408953284903e-06,-8.001106267167321,6.122543778851231e-07
encodec,12.0kbps,24000,20260826,430.0,440.0,564.0553960451207,440Hz_ongrid,3,440.2590262205542,561.04028577078,439.99999890933225,564.0553962432724,440.2590262205542,561.04028577078,0.0,0.0,0,419.70214245765976,430.0000048995458,-10.297857542340239,4.899545785974624e-06,-9.278986932190156,6.081796193737067e-07
encodec,12.0kbps,24000,20260826,430.0,440.0,564.0553960451207,440Hz_ongrid,4,440.32283915790276,561.3397507958008,439.99999890627214,564.0553962435158,440.32283915790276,561.3397507958008,0.0,0.0,0,420.3750583195128,430.0000049123333,-9.624941680487211,4.912333281481551e-06,-8.355157136162934,6.089265302970736e-07
encodec,12.0kbps,24000,20260826,430.0,452.8929,580.5833728989164,452.9Hz_+50c,0,451.39914126248044,583.4626069245705,452.8929010417291,580.5833714102416,451.39914126248044,583.4626069245705,0.0,0.0,0,444.2838302237327,429.99999157881297,14.283830223732707,-8.421187033036404e-06,8.564332049242749,-4.439060189123768e-06
encodec,12.0kbps,24000,20260826,430.0,452.8929,580.5833728989164,452.9Hz_+50c,1,451.3861776048583,583.3479057133499,452.8929010430802,580.5833714227023,451.3861776048583,583.3479057133499,0.0,0.0,0,443.9931782563037,429.99999161080444,13.993178256303679,-8.38919555690154e-06,8.223960342229015,-4.4019039653537955e-06
encodec,12.0kbps,24000,20260826,430.0,452.8929,580.5833728989164,452.9Hz_+50c,2,451.23847386868215,583.3328435326301,452.89290103818894,580.5833714120233,451.23847386868215,583.3328435326301,0.0,0.0,0,444.5150683335194,429.99999159765866,14.515068333519423,-8.402341336477548e-06,8.179258893039167,-4.433747242185046e-06
encodec,12.0kbps,24000,20260826,430.0,452.8929,580.5833728989164,452.9Hz_+50c,3,451.5095460623382,583.5351507253673,452.8929010513243,580.5833714101112,451.5095460623382,583.5351507253673,0.0,0.0,0,444.0756872169168,429.9999915417454,14.075687216916776,-8.458254626475536e-06,8.779568620738694,-4.439449021033798e-06
encodec,12.0kbps,24000,20260826,430.0,452.8929,580.5833728989164,452.9Hz_+50c,4,451.2019387478409,583.0082321107813,452.8929010478817,580.5833714153858,451.2019387478409,583.0082321107813,0.0,0.0,0,443.691585254775,429.99999157063354,13.69158525477502,-8.42936645994996e-06,7.2155984810605815,-4.423720645339516e-06
encodec,12.0kbps,24000,20260826,435.0,440.0,565.686806624753,440Hz_ongrid,0,440.14038237191653,562.8240721837536,439.99999891906845,565.6868076756547,440.14038237191653,562.8240721837536,0.0,0.0,0,425.6643492715219,435.0000074692487,-9.335650728478072,7.469248714642163e-06,-8.783387137170607,3.2161911303487074e-06
encodec,12.0kbps,24000,20260826,435.0,440.0,565.686806624753,440Hz_ongrid,1,440.1733148191339,563.1713432452677,439.99999890854986,565.6868076739122,440.1733148191339,563.1713432452677,0.0,0.0,0,426.60268716436565,435.00000750530256,-8.397312835634352,7.505302562549332e-06,-7.715518659603759,3.210858194052116e-06
encodec,12.0kbps,24000,20260826,435.0,440.0,565.686806624753,440Hz_ongrid,2,440.26471918768317,562.7490235569052,439.99999891552,565.6868076876741,440.26471918768317,562.7490235569052,0.0,0.0,0,424.9444926356354,435.0000075199949,-10.055507364364587,7.519994881022285e-06,-9.014250399307892,3.252975436137987e-06
encodec,12.0kbps,24000,20260826,435.0,440.0,565.686806624753,440Hz_ongrid,3,440.1512171063025,562.71222786535,439.99999890248887,565.6868076870429,440.1512171063025,562.71222786535,0.0,0.0,0,425.2776680318959,435.00000756933565,-9.722331968104072,7.569335650714493e-06,-9.127451904950963,3.251043769959815e-06
encodec,12.0kbps,24000,20260826,435.0,440.0,565.686806624753,440Hz_ongrid,4,440.18537216745136,563.0432988325649,439.9999989097219,565.6868076864712,440.18537216745136,563.0432988325649,0.0,0.0,0,426.1616017880929,435.0000075391267,-8.838398211907077,7.539126727351686e-06,-8.10918224687519,3.2492939302696565e-06
encodec,12.0kbps,24000,20260826,435.0,452.8929,582.2625871455082,452.9Hz_+50c,0,451.4134876461984,584.7167662830819,452.8929010456664,582.2625841812893,451.4134876461984,584.7167662830819,0.0,0.0,0,447.9461220126044,434.99998718934756,12.946122012604405,-1.2810652435746306e-05,7.281645106493551,-8.813474922109794e-06
encodec,12.0kbps,24000,20260826,435.0,452.8929,582.2625871455082,452.9Hz_+50c,1,451.46569248530176,584.5856272228951,452.8929010391742,582.2625841833934,451.46569248530176,584.5856272228951,0.0,0.0,0,447.35759958827686,434.9999872204209,12.357599588276855,-1.2779579094512883e-05,6.893323987216249,-8.807218630116006e-06
encodec,12.0kbps,24000,20260826,435.0,452.8929,582.2625871455082,452.9Hz_+50c,2,451.72090699723867,584.546610333909,452.8929010501156,582.2625841801537,451.72090699723867,584.546610333909,0.0,0.0,0,446.2636545465347,434.9999871689635,11.263654546534724,-1.2831036485749792e-05,6.777772701302698,-8.816851397730539e-06
encodec,12.0kbps,24000,20260826,435.0,452.8929,582.2625871455082,452.9Hz_+50c,3,451.4716213590409,584.6696710854642,452.89290103657817,582.2625841772656,451.4716213590409,584.6696710854642,0.0,0.0,0,447.58373997242296,434.99998721212455,12.583739972422961,-1.2787875448339037e-05,7.142199655268643,-8.82543856692895e-06
encodec,12.0kbps,24000,20260826,435.0,452.8929,582.2625871455082,452.9Hz_+50c,4,451.28825625219133,584.6319721358917,452.8929010529785,582.2625841811619,451.28825625219133,584.6319721358917,0.0,0.0,0,448.17539121737775,434.99998716101726,13.17539121737775,-1.2838982740959182e-05,7.030567715786191,-8.813853759330065e-06
encodec,12.0kbps,24000,20260826,440.0,440.0,567.3229357134148,440Hz_ongrid,0,440.0557287556161,564.9923407294594,439.99999891540347,567.3229368112545,440.0557287556161,564.9923407294594,0.0,0.0,0,432.65408561589504,440.0000076176293,-7.345914384104958,7.617629307787865e-06,-7.126656634371073,3.350150738260593e-06
encodec,12.0kbps,24000,20260826,440.0,440.0,567.3229357134148,440Hz_ongrid,1,440.13981153410646,564.963108504308,439.99999891600413,567.3229367999955,440.13981153410646,564.963108504308,0.0,0.0,0,432.23375019029334,440.0000075809081,-7.766249809706665,7.58090811814327e-06,-7.216231534970333,3.315793220250962e-06
encodec,12.0kbps,24000,20260826,440.0,440.0,567.3229357134148,440Hz_ongrid,2,440.1495726292959,564.6136470901554,439.9999989158665,567.3229368068372,440.1495726292959,564.6136470901554,0.0,0.0,0,431.1241597606282,440.0000076023276,-8.875840239371826,7.6023276278647245e-06,-8.287428362138836,3.3366709758326927e-06
encodec,12.0kbps,24000,20260826,440.0,440.0,567.3229357134148,440Hz_ongrid,3,440.25903262754554,564.1943044846771,439.99999891392747,567.3229368129316,440.25903262754554,564.1943044846771,0.0,0.0,0,429.4073981646702,440.00000762855456,-10.592601835329788,7.628554556049494e-06,-9.573706030916824,3.3552687887072964e-06
encodec,12.0kbps,24000,20260826,440.0,440.0,567.3229357134148,440Hz_ongrid,4,440.13552572522997,564.1758746446469,439.9999989118785,567.3229368114529,440.13552572522997,564.1758746446469,0.0,0.0,0,429.8365804485395,440.0000076321039,-10.163419551460493,7.632103915966582e-06,-9.630259043699704,3.350756185868642e-06
encodec,12.0kbps,24000,20260826,440.0,452.8929,583.9466581630954,452.9Hz_+50c,0,451.077998560432,586.0402633886924,452.89290104557364,583.9466600794661,451.077998560432,586.0402633886924,0.0,0.0,0,453.14744063463735,440.0000016846654,13.147440634637348,1.6846653920765675e-06,6.195837669168116,5.681488449479438e-06
encodec,12.0kbps,24000,20260826,440.0,452.8929,583.9466581630954,452.9Hz_+50c,1,451.18192314256794,585.8585327714217,452.89290104061826,583.9466600784738,451.18192314256794,585.8585327714217,0.0,0.0,0,452.21168723986267,440.0000017006659,12.21168723986267,1.7006659049911832e-06,5.658900118025031,5.678546550725046e-06
encodec,12.0kbps,24000,20260826,440.0,452.8929,583.9466581630954,452.9Hz_+50c,2,451.03395742122365,585.8120226656876,452.89290103511706,583.9466600783381,451.03395742122365,585.8120226656876,0.0,0.0,0,452.6420963333261,440.0000017212926,12.642096333326094,1.7212926195497857e-06,5.521455546526249,5.6781444566316064e-06
encodec,12.0kbps,24000,20260826,440.0,452.8929,583.9466581630954,452.9Hz_+50c,3,451.44039153104654,585.9305064715951,452.8929010466477,583.9466600797963,451.44039153104654,585.9305064715951,0.0,0.0,0,451.4328718601666,440.00000168153855,11.432871860166586,1.6815385492918722e-06,5.871572051899344,5.682467160341672e-06
encodec,12.0kbps,24000,20260826,440.0,452.8929,583.9466581630954,452.9Hz_+50c,4,451.34845191127727,586.0143442968568,452.89290104721164,583.9466600767181,451.34845191127727,586.0143442968568,0.0,0.0,0,452.0331838752064,440.00000167025695,12.033183875206419,1.6702569496374053e-06,6.119267833565493,5.673341238947534e-06
encodec,12.0kbps,24000,20260826,445.0,440.0,568.9637969583925,440Hz_ongrid,0,440.1140549683795,567.0255672381654,439.9999989111741,568.9637983392051,440.1140549683795,567.0255672381654,0.0,0.0,0,438.6436118430309,445.0000084856342,-6.356388156969103,8.485634225507965e-06,-5.907683026732182,4.201514634809601e-06
encodec,12.0kbps,24000,20260826,445.0,440.0,568.9637969583925,440Hz_ongrid,1,440.1102838952523,566.7325645901291,439.99999891285734,568.9637983364211,440.1102838952523,566.7325645901291,0.0,0.0,0,437.7636232605519,445.0000084705399,-7.236376739448076,8.470539910376829e-06,-6.80250557803282,4.19304336564639e-06
encodec,12.0kbps,24000,20260826,445.0,440.0,568.9637969583925,440Hz_ongrid,2,440.1701741183059,565.7417954190785,439.99999891003506,568.9637983313286,440.1701741183059,565.7417954190785,0.0,0.0,0,434.498838600301,445.00000846614904,-10.501161399699015,8.466149040486926e-06,-9.831719875286666,4.177548135410777e-06
encodec,12.0kbps,24000,20260826,445.0,440.0,568.9637969583925,440Hz_ongrid,3,440.380071011032,566.4095464161874,439.9999989094809,568.9637983360617,440.380071011032,566.4095464161874,0.0,0.0,0,435.71567835236107,445.0000084827316,-9.284321647638933,8.482731573167257e-06,-7.789531072736785,4.191950100251816e-06
encodec,12.0kbps,24000,20260826,445.0,440.0,568.9637969583925,440Hz_ongrid,4,440.240476517267,566.1403476652275,439.999998906721,568.9637983367724,440.240476517267,566.1403476652275,0.0,0.0,0,435.4415398712689,445.00000849575304,-9.558460128731099,8.495753036186215e-06,-8.612534200175583,4.194112413136654e-06
encodec,12.0kbps,24000,20260826,445.0,452.8929,585.6355999988581,452.9Hz_+50c,0,450.7551547692446,587.0671908643764,452.89290104126053,585.6356010804783,450.7551547692446,587.0671908643764,0.0,0.0,0,457.41796986118845,444.9999992171097,12.417969861188453,-7.828903108020313e-07,4.226851170120047,3.197445319168407e-06
encodec,12.0kbps,24000,20260826,445.0,452.8929,585.6355999988581,452.9Hz_+50c,1,451.38046398984653,587.2006725578519,452.8929010470849,585.6356010809898,451.38046398984653,587.2006725578519,0.0,0.0,0,455.4115696735014,444.9999991963575,10.41156967350139,-8.036424787860597e-07,4.6204377798973315,3.198957208338354e-06
encodec,12.0kbps,24000,20260826,445.0,452.8929,585.6355999988581,452.9Hz_+50c,2,450.813176928135,587.1714649641173,452.89290104310214,585.6356010837944,450.813176928135,587.1714649641173,0.0,0.0,0,457.5026082882237,444.9999992198732,12.502608288223712,-7.801268111506943e-07,4.534323371764478,3.207248188663128e-06
encodec,12.0kbps,24000,20260826,445.0,452.8929,585.6355999988581,452.9Hz_+50c,3,451.89504070819027,587.2993704959571,452.89290105140935,585.6356010802448,451.89504070819027,587.2993704959571,0.0,0.0,0,453.73004055590854,444.99999917762455,8.730040555908545,-8.223754548453144e-07,4.911402829124892,3.1967549166895797e-06
encodec,12.0kbps,24000,20260826,445.0,452.8929,585.6355999988581,452.9Hz_+50c,4,451.72185239667846,587.0402906636033,452.8929010509726,585.6356010791986,451.72185239667846,587.0402906636033,0.0,0.0,0,453.6297804792062,444.9999991762014,8.629780479206204,-8.237985866799136e-07,4.147521902151408,3.1936623287485045e-06
encodec,12.0kbps,24000,20260826,450.0,440.0,570.6094040464443,440Hz_ongrid,0,440.3689089500337,571.1966193959082,439.9999989151257,570.6094054963764,440.3689089500337,571.1966193959082,0.0,0.0,0,450.3297911094949,450.00000866767857,0.32979110949491997,8.667678571327997e-06,1.7807005321083413,4.399106978419439e-06
encodec,12.0kbps,24000,20260826,450.0,440.0,570.6094040464443,440Hz_ongrid,1,440.22204252708985,569.285192605502,439.9999989113294,570.6094054967531,440.22204252708985,569.285192605502,0.0,0.0,0,445.1042282600581,450.00000868375827,-4.8957717399418925,8.683758267125086e-06,-4.022338508733779,4.400249832856036e-06
encodec,12.0kbps,24000,20260826,450.0,440.0,570.6094040464443,440Hz_ongrid,2,440.1097304581387,568.0888324057053,439.99999891466115,570.6094054943854,440.1097304581387,568.0888324057053,0.0,0.0,0,441.9039283547541,450.00000866346556,-8.0960716452459,8.66346556449571e-06,-7.664377505846222,4.393066341145065e-06
encodec,12.0kbps,24000,20260826,450.0,440.0,570.6094040464443,440Hz_ongrid,3,440.14770405141996,570.2557751916844,439.99999890744937,570.6094054952539,440.14770405141996,570.2557751916844,0.0,0.0,0,448.34569207203634,450.00000869447626,-1.6543079279636572,8.694476264281548e-06,-1.0732457170944731,4.395701479780414e-06
encodec,12.0kbps,24000,20260826,450.0,440.0,570.6094040464443,440Hz_ongrid,4,440.29349800592234,569.1231671651814,439.9999989069737,570.6094054952662,440.29349800592234,569.1231671651814,0.0,0.0,0,444.33044226561736,450.0000086963849,-5.669557734382636,8.696384895756637e-06,-4.515138756701831,4.395738383253644e-06
encodec,12.0kbps,24000,20260826,450.0,452.8929,587.3294267406043,452.9Hz_+50c,0,451.2433202826609,587.926325362972,452.89290103844087,587.3294256986783,451.2433202826609,587.926325362972,0.0,0.0,0,458.07576277173405,449.9999929592232,8.075762771734048,-7.040776779376756e-06,1.7585471177441192,-3.071219877424586e-06
encodec,12.0kbps,24000,20260826,450.0,452.8929,587.3294267406043,452.9Hz_+50c,1,450.98509367574945,588.2198072978929,452.89290104255247,587.3294257043772,450.98509367574945,588.2198072978929,0.0,0.0,0,459.9307394290676,449.99999296030467,9.930739429067614,-7.039695333332929e-06,2.622531473015869,-3.054421493220042e-06
encodec,12.0kbps,24000,20260826,450.0,452.8929,587.3294267406043,452.9Hz_+50c,2,450.9993504066026,587.8463268312025,452.89290104244003,587.3294257037928,450.9993504066026,587.8463268312025,0.0,0.0,0,458.7764441697879,449.99999295901193,8.776444169787908,-7.040988066364662e-06,1.5229638491080235,-3.056144039722713e-06
encodec,12.0kbps,24000,20260826,450.0,452.8929,587.3294267406043,452.9Hz_+50c,3,451.0893456514303,588.2073819113239,452.89290105209614,587.3294256959049,451.0893456514303,588.2073819113239,0.0,0.0,0,459.49401445626825,449.9999928988496,9.494014456268246,-7.101150401922496e-06,2.5859609950479685,-3.079394765602723e-06
encodec,12.0kbps,24000,20260826,450.0,452.8929,587.3294267406043,452.9Hz_+50c,4,451.5491414294951,588.4164790750822,452.89290103926595,587.3294257039084,451.5491414294951,588.4164790750822,0.0,0.0,0,458.3455780296473,449.9999929714859,8.3455780296473,-7.028514119156171e-06,3.201274257467923,-3.055803259210636e-06
encodec,12.0kbps,24000,20260826,455.0,440.0,572.2597707039146,440Hz_ongrid,0,440.23617739359213,572.3200434305008,439.99999891706454,572.259772076842,440.23617739359213,571.6566119371547,0.0,2.0080048205128103,0,454.2533113540158,455.0000084144035,-0.746688645984193,8.414403509959811e-06,0.1823310096929842,4.153460930901248e-06
encodec,12.0kbps,24000,20260826,455.0,440.0,572.2597707039146,440Hz_ongrid,1,440.2143992561958,573.3550214515736,439.99999891464336,572.2597720737937,440.2143992561958,572.7787435265913,0.0,1.7409347495274863,0,457.4668757406513,455.00000841470825,2.4668757406512896,8.414708247528324e-06,3.3102504913366335,4.144239291115345e-06
encodec,12.0kbps,24000,20260826,455.0,440.0,572.2597707039146,440Hz_ongrid,2,440.16756360484237,573.1038887610163,439.9999989173117,572.2597720714225,440.16756360484237,572.6106062875198,0.0,1.490750916364493,0,456.8926201469456,455.00000839703597,1.8926201469456032,8.397035969665012e-06,2.5517942260355344,4.13706579409398e-06
encodec,12.0kbps,24000,20260826,455.0,440.0,572.2597707039146,440Hz_ongrid,3,440.1553827694954,570.9281823059792,439.9999989153732,572.25977207085,440.1553827694954,570.9281823059792,0.0,0.0,0,450.35564136797933,455.0000084029311,-4.644358632020669,8.402931086948229e-06,-4.033093963873257,4.135333637318976e-06
encodec,12.0kbps,24000,20260826,455.0,440.0,572.2597707039146,440Hz_ongrid,4,440.1741262050072,573.5384164139264,439.9999989156424,572.2597720797123,440.1741262050072,573.0113199379814,0.0,1.5917799318308132,0,458.1789339637178,455.0000084286829,3.178933963717782,8.42868291783816e-06,3.8639193771737967,4.162144779446934e-06
encodec,12.0kbps,24000,20260826,455.0,452.8929,589.0281525168884,452.9Hz_+50c,0,451.32437847976485,589.5721744917967,452.89290103996154,589.0281505826418,451.32437847976485,589.5721744917967,0.0,0.0,0,462.60447361430266,454.99999033961564,7.6044736143026626,-9.660384364451602e-06,1.5982168199128757,-5.6850144796890235e-06
encodec,12.0kbps,24000,20260826,455.0,452.8929,589.0281525168884,452.9Hz_+50c,1,451.61805837331207,589.4027127901903,452.89290105332384,589.028150586845,451.61805837331207,589.4027127901903,0.0,0.0,0,460.98063102518415,454.9999903008902,5.980631025184152,-9.69910979620181e-06,1.1005338361295898,-5.67266104195331e-06
encodec,12.0kbps,24000,20260826,455.0,452.8929,589.0281525168884,452.9Hz_+50c,2,450.9836556327206,589.2248114323024,452.8929010466714,589.0281505831455,450.9836556327206,589.2248114323024,0.0,0.0,0,462.8916391973145,454.99999031544684,7.8916391973144755,-9.684553162969678e-06,0.5779108968884579,-5.683534304433811e-06
encodec,12.0kbps,24000,20260826,455.0,452.8929,589.0281525168884,452.9Hz_+50c,3,450.84378439099515,589.4825118538641,452.8929010470178,589.0281505858412,450.84378439099515,589.4825118538641,0.0,0.0,0,464.18565793246387,454.9999903220457,9.185657932463869,-9.677954324160964e-06,1.3349092501880016,-5.675611013361811e-06
encodec,12.0kbps,24000,20260826,455.0,452.8929,589.0281525168884,452.9Hz_+50c,4,451.34907062365534,589.215522173225,452.8929010390082,589.0281505800255,451.34907062365534,589.215522173225,0.0,0.0,0,461.4621602478168,454.9999903355699,6.462160247816826,-9.664430081102182e-06,0.5506173952201814,-5.69270443317376e-06
encodec,12.0kbps,24000,20260826,460.0,440.0,573.9149106968482,440Hz_ongrid,0,440.2362373119885,576.477330634045,439.999998910867,573.9149117913183,440.2362373119885,574.862000834579,0.0,4.857848086608259,0,466.7831680437212,460.000007586834,6.7831680437212185,7.586833987716091e-06,7.712423329195031,3.3015065787565525e-06
encodec,12.0kbps,24000,20260826,460.0,440.0,573.9149106968482,440Hz_ongrid,1,440.18078362781074,576.5125263192425,439.999998916841,573.9149117945964,440.18078362781074,576.5125263192425,0.0,0.0,0,467.1069478782663,460.00000757321703,7.106947878266283,7.573217033041146e-06,7.818117179397864,3.311395171943762e-06
encodec,12.0kbps,24000,20260826,460.0,440.0,573.9149106968482,440Hz_ongrid,2,440.21668599490334,576.1392086788584,439.99999891843123,573.914911793991,440.21668599490334,576.1392086788584,0.0,0.0,0,465.84433479613796,460.0000075651339,5.844334796137957,7.5651338988791395e-06,6.696702595747549,3.3095688344288996e-06
encodec,12.0kbps,24000,20260826,460.0,440.0,573.9149106968482,440Hz_ongrid,3,440.15394434125153,576.3642701608575,439.99999891206267,573.9149117919081,440.15394434125153,576.3642701608575,0.0,0.0,0,466.76724820084326,460.00000758390894,6.767248200843255,7.583908939068351e-06,7.372855185092215,3.303286018107497e-06
encodec,12.0kbps,24000,20260826,460.0,440.0,573.9149106968482,440Hz_ongrid,4,440.29586208773975,575.8257902475029,439.99999891609207,573.9149117938755,440.29586208773975,575.8257902475029,0.0,0.0,0,464.59094439332915,460.00000757398914,4.590944393329153,7.573989137199533e-06,5.754658915840718,3.3092205579000707e-06
encodec,12.0kbps,24000,20260826,460.0,452.8929,590.7317914971287,452.9Hz_+50c,0,451.51070388545014,590.4897496798317,452.8929010475451,590.7317935919162,451.51070388545014,590.4897496798317,0.0,0.0,0,464.5821914933874,460.0000021347513,4.582191493387427,2.134751298399351e-06,-0.7094876391261605,6.139109968870769e-06
encodec,12.0kbps,24000,20260826,460.0,452.8929,590.7317914971287,452.9Hz_+50c,1,451.4650871435053,590.4594839521022,452.89290104382076,590.7317935964691,451.4650871435053,590.4594839521022,0.0,0.0,0,464.66837207555153,460.0000021623306,4.668372075551531,2.162330588362238e-06,-0.7982248293189328,6.152452880897092e-06
encodec,12.0kbps,24000,20260826,460.0,452.8929,590.7317914971287,452.9Hz_+50c,2,451.2220476073079,590.5141181643075,452.8929010514704,590.7317935970945,451.2220476073079,590.5141181643075,0.0,0.0,0,465.76078794118405,460.0000021349216,5.760787941184049,2.134921601282258e-06,-0.6380440965546088,6.154285753399001e-06
encodec,12.0kbps,24000,20260826,460.0,452.8929,590.7317914971287,452.9Hz_+50c,3,451.7721784211541,590.5583976951068,452.8929010371793,590.7317935982069,451.7721784211541,590.5583976951068,0.0,0.0,0,463.78116083420923,460.00000219281117,3.7811608342092313,2.1928111664237804e-06,-0.5082328776785336,6.15754594460887e-06
encodec,12.0kbps,24000,20260826,460.0,452.8929,590.7317914971287,452.9Hz_+50c,4,451.37540083365576,590.8775978622432,452.8929010509859,590.7317935937159,451.37540083365576,590.8775978622432,0.0,0.0,0,466.23780749737364,460.0000021268724,6.2378074973736375,2.126872402641311e-06,0.42725615996493416,6.144384090247939e-06
encodec,12.0kbps,24000,20260826,465.0,440.0,575.5748378311057,440Hz_ongrid,0,440.2468075915757,577.8289668263374,439.9999989082403,575.5748388870159,440.2468075915757,577.8289668263374,0.0,0.0,0,470.7959833690098,465.0000074716661,5.795983369009775,7.471666094716056e-06,6.76680590109046,3.1760032479731208e-06
encodec,12.0kbps,24000,20260826,465.0,440.0,575.5748378311057,440Hz_ongrid,1,440.2627088143468,578.8719694322831,439.9999989124412,575.574838890396,440.2627088143468,578.8719694322831,0.0,0.0,0,473.85557866878804,465.0000074653042,8.855578668788041,7.465304179277155e-06,9.888930311055605,3.1861701548551874e-06
encodec,12.0kbps,24000,20260826,465.0,440.0,575.5748378311057,440Hz_ongrid,2,440.1309381569339,578.0098973191533,439.999998910909,575.5748388905502,440.1309381569339,578.0098973191533,0.0,0.0,0,471.7936914916648,465.00000747179627,6.793691491664788,7.4717962661452475e-06,7.308807112422579,3.1866337547379656e-06
encodec,12.0kbps,24000,20260826,465.0,440.0,575.5748378311057,440Hz_ongrid,3,440.2036098878522,578.7279739558539,439.9999989163602,575.574838888643,440.2036098878522,578.7279739558539,0.0,0.0,0,473.6572862469535,465.00000744461147,8.657286246953504,7.444611469509255e-06,9.458229058148047,3.180897186702544e-06
encodec,12.0kbps,24000,20260826,465.0,440.0,575.5748378311057,440Hz_ongrid,4,440.29319747332636,578.0389196641162,439.99999890747284,575.5748388942255,440.29319747332636,578.0389196641162,0.0,0.0,0,471.24249431046195,465.00000749637127,6.24249431046195,7.496371267734503e-06,7.3957315935619725,3.197689035856367e-06
encodec,12.0kbps,24000,20260826,465.0,452.8929,592.4403578917254,452.9Hz_+50c,0,451.2803345816234,591.8186552964353,452.89290104677326,592.4403574796454,451.2803345816234,591.8186552964353,0.0,0.0,0,469.35751461216955,464.9999947944081,4.3575146121695525,-5.2055918899895914e-06,-1.81769830459217,-1.2041835918556294e-06
encodec,12.0kbps,24000,20260826,465.0,452.8929,592.4403578917254,452.9Hz_+50c,1,450.85114640742466,591.7256289795416,452.8929010439133,592.4403574783365,450.85114640742466,591.7256289795416,0.0,0.0,0,470.7326313435629,464.9999948015158,5.7326313435629,-5.198484188895236e-06,-2.0898475257692684,-1.2080082908982587e-06
encodec,12.0kbps,24000,20260826,465.0,452.8929,592.4403578917254,452.9Hz_+50c,2,451.19242951689404,591.841684381701,452.8929010404332,592.4403574787306,451.19242951689404,591.841684381701,0.0,0.0,0,469.76214035121336,464.9999948159704,4.762140351213361,-5.184029589599959e-06,-1.7503331404491602,-1.2068567872063943e-06
encodec,12.0kbps,24000,20260826,465.0,452.8929,592.4403578917254,452.9Hz_+50c,3,450.62642307296124,591.6270793568864,452.8929010344648,592.4403574786036,450.62642307296124,591.6270793568864,0.0,0.0,0,471.30741258389537,464.9999948384143,6.3074125838953705,-5.161585704627214e-06,-2.3782018962896365,-1.207227936201385e-06
encodec,12.0kbps,24000,20260826,465.0,452.8929,592.4403578917254,452.9Hz_+50c,4,450.97487906289376,591.7166575484731,452.89290105324926,592.440357479481,450.97487906289376,591.7166575484731,0.0,0.0,0,470.23132430554773,464.9999947691726,5.23132430554773,-5.2308274121060094e-06,-2.116095779886728,-1.2046639136259454e-06
encodec,12.0kbps,24000,20260826,470.0,440.0,577.2395659524775,440Hz_ongrid,0,440.1341747853433,580.5756047715578,439.9999989100832,577.2395660431197,440.1341747853433,580.5756047715578,0.0,0.0,0,479.44866789903966,470.0000045602619,9.448667899039663,4.56026191386627e-06,9.976514596433793,2.718505894530593e-07
encodec,12.0kbps,24000,20260826,470.0,440.0,577.2395659524775,440Hz_ongrid,1,440.31587738925896,580.2696683501723,439.99999890303116,577.2395660405392,440.31587738925896,580.2696683501723,0.0,0.0,0,477.8215816064202,470.00000458026994,7.821581606420182,4.580269944653992e-06,9.063994083875857,2.6411123915810055e-07
encodec,12.0kbps,24000,20260826,470.0,440.0,577.2395659524775,440Hz_ongrid,2,440.12809929279337,580.7691154383093,439.99999890550345,577.2395660432798,440.12809929279337,580.7691154383093,0.0,0.0,0,480.0495040790268,470.00000457876183,10.049504079026804,4.578761831908196e-06,10.553453127101289,2.723303346061952e-07
encodec,12.0kbps,24000,20260826,470.0,440.0,577.2395659524775,440Hz_ongrid,3,440.2997034464076,580.7703345207694,439.99999891569007,577.2395660426198,440.2997034464076,580.7703345207694,0.0,0.0,0,479.3782685289633,470.00000453670185,9.378268528963304,4.536701851520775e-06,10.55708712690015,2.7035138584950864e-07
encodec,12.0kbps,24000,20260826,470.0,440.0,577.2395659524775,440Hz_ongrid,4,440.2924573304534,580.1624951507497,439.99999890915086,577.2395660431457,440.2924573304534,580.1624951507497,0.0,0.0,0,477.5938863681368,470.0000045640084,7.593886368136793,4.564008406759967e-06,8.744213405002638,2.7192862492267994e-07
encodec,12.0kbps,24000,20260826,470.0,452.8929,594.153865952179,452.9Hz_+50c,0,451.2771246366173,593.2028706354423,452.8929010489734,594.1538640405918,451.2771246366173,593.2028706354423,0.0,0.0,0,473.41431543526323,469.99999042023506,3.4143154352632337,-9.579764935097046e-06,-2.7732117469962785,-5.569945989790292e-06
encodec,12.0kbps,24000,20260826,470.0,452.8929,594.153865952179,452.9Hz_+50c,1,451.12285791735405,592.982500872993,452.8929010506136,594.1538640367031,451.12285791735405,592.982500872993,0.0,0.0,0,473.36297185294984,469.9999904026344,3.3629718529498405,-9.597365590252593e-06,-3.4164697902836183,-5.5812765093707764e-06
encodec,12.0kbps,24000,20260826,470.0,452.8929,594.153865952179,452.9Hz_+50c,2,451.0732261480809,593.1027551528696,452.8929010350371,594.1538640395894,451.0732261480809,593.1027551528696,0.0,0.0,0,473.9045009191918,469.99999047058765,3.9045009191917757,-9.529412352549116e-06,-3.06541862676213,-5.5728665537432195e-06
encodec,12.0kbps,24000,20260826,470.0,452.8929,594.153865952179,452.9Hz_+50c,3,451.6478187065171,593.024614616341,452.8929010354486,594.1538640387236,451.6478187065171,593.024614616341,0.0,0.0,0,471.4724960495417,469.99999046649157,1.4724960495416894,-9.533508432468807e-06,-3.2935215457138347,-5.575389444328687e-06
encodec,12.0kbps,24000,20260826,470.0,452.8929,594.153865952179,452.9Hz_+50c,4,451.4480699628576,593.0757136969308,452.89290104455125,594.1538640365844,451.4480699628576,593.0757136969308,0.0,0.0,0,472.3875010141423,469.9999904254628,2.3875010141422877,-9.574537216394674e-06,-3.1443529363876594,-5.581622479434304e-06
encodec,12.0kbps,24000,20260826,475.0,440.0,578.9091089468005,440Hz_ongrid,0,440.2761737388003,581.5428699245567,439.9999989111601,578.9091079645309,440.2761737388003,581.5428699245567,0.0,0.0,0,481.77212998317873,475.00000134668625,6.772129983178729,1.346686246961326e-06,7.8584286017714655,-2.9374880326510003e-06
encodec,12.0kbps,24000,20260826,475.0,440.0,578.9091089468005,440Hz_ongrid,1,440.1244142199723,582.0848949173054,439.99999891324904,578.9091079688961,440.1244142199723,582.0848949173054,0.0,0.0,0,483.98181388710725,475.0000013515214,8.98181388710725,1.3515214050130453e-06,9.471267722857894,-2.924433813351734e-06
encodec,12.0kbps,24000,20260826,475.0,440.0,578.9091089468005,440Hz_ongrid,2,440.2722945328501,581.6258609208571,439.99999891288553,578.9091079656208,440.2722945328501,581.6258609208571,0.0,0.0,0,482.0344275351752,475.00000134315684,7.034427535175212,1.3431568390842585e-06,8.105472448455084,-2.934228610246372e-06
encodec,12.0kbps,24000,20260826,475.0,440.0,578.9091089468005,440Hz_ongrid,3,440.1565325990694,582.0952289704582,439.99999891248183,578.909107967976,440.1565325990694,582.0952289704582,0.0,0.0,0,483.8862157295629,475.00000135178817,8.886215729562878,1.351788171177759e-06,9.502002940400814,-2.9271856207916917e-06
encodec,12.0kbps,24000,20260826,475.0,440.0,578.9091089468005,440Hz_ongrid,4,440.16000576192545,582.1380598219345,439.9999989078032,578.9091079676218,440.16000576192545,582.1380598219345,0.0,0.0,0,483.9999354187088,475.0000013691376,8.999935418708787,1.3691375784219417e-06,9.629383301662497,-2.9282446735956437e-06
encodec,12.0kbps,24000,20260826,475.0,452.8929,595.8723299712101,452.9Hz_+50c,0,451.4263905858507,594.3954698369296,452.89290104742594,595.8723313365354,451.4263905858507,594.3954698369296,0.0,0.0,0,476.31883066580707,474.99999996288165,1.31883066580707,-3.711835461217561e-08,-4.296162363928392,3.966785095941034e-06
encodec,12.0kbps,24000,20260826,475.0,452.8929,595.8723299712101,452.9Hz_+50c,1,451.181099013633,594.3685239486992,452.89290103921246,595.8723313310392,451.181099013633,594.3685239486992,0.0,0.0,0,477.1813027595642,474.99999997831014,2.1813027595641756,-2.1689857021556236e-08,-4.374646637406639,3.950816655541332e-06
encodec,12.0kbps,24000,20260826,475.0,452.8929,595.8723299712101,452.9Hz_+50c,2,451.7380699028441,594.4345967242037,452.8929010403313,595.8723313292473,451.7380699028441,594.4345967242037,0.0,0.0,0,475.23790045227605,474.99999996882735,0.23790045227605106,-3.117264668617281e-08,-4.182205287281773,3.945610959347445e-06
encodec,12.0kbps,24000,20260826,475.0,452.8929,595.8723299712101,452.9Hz_+50c,3,450.776624172131,594.2866390144585,452.8929010506494,595.8723313367174,450.776624172131,594.2866390144585,0.0,0.0,0,478.4954905895586,474.9999999510885,3.4954905895585853,-4.8911488192970864e-08,-4.613171637599475,3.967314045724132e-06
encodec,12.0kbps,24000,20260826,475.0,452.8929,595.8723299712101,452.9Hz_+50c,4,451.0361146699601,594.0816061219311,452.8929010418806,595.8723313377249,451.0361146699601,594.0816061219311,0.0,0.0,0,476.90179839246565,474.9999999875355,1.9017983924656505,-1.246451120096026e-08,-5.210562100861658,3.9702413368566075e-06
encodec,12.0kbps,24000,20260826,480.0,440.0,580.5834807400735,440Hz_ongrid,0,440.18733785124215,583.7292686730899,439.9999989085106,580.5834792614521,440.18733785124215,583.7292686730899,0.0,0.0,0,488.6181141467662,479.999999885518,8.618114146766175,-1.1448202030805987e-07,9.355061061813677,-4.409081114316797e-06
encodec,12.0kbps,24000,20260826,480.0,440.0,580.5834807400735,440Hz_ongrid,1,440.26536588941906,583.2505364732042,439.99999891260666,580.5834792594071,440.26536588941906,583.2505364732042,0.0,0.0,0,486.89084657870706,479.9999998633036,6.890846578707055,-1.3669642839886365e-07,7.934646539360777,-4.415179028887939e-06
encodec,12.0kbps,24000,20260826,480.0,440.0,580.5834807400735,440Hz_ongrid,2,440.15185582816633,583.7533974399543,439.99999891281936,580.5834792622353,440.15185582816633,583.7533974399543,0.0,0.0,0,488.8292287564732,479.9999998709,8.829228756473185,-1.2909998758914298e-07,9.42662108403243,-4.406745624183979e-06
encodec,12.0kbps,24000,20260826,480.0,440.0,580.5834807400735,440Hz_ongrid,3,440.32744509121926,583.6737452777612,439.99999890736626,580.5834792625034,440.32744509121926,583.6737452777612,0.0,0.0,0,487.902487240369,479.99999989315523,7.902487240368998,-1.0684476592359715e-07,9.19038101313025,-4.405946433337773e-06
encodec,12.0kbps,24000,20260826,480.0,440.0,580.5834807400735,440Hz_ongrid,4,440.16100443652863,583.8232242811594,439.99999891463534,580.583479262814,440.16100443652863,583.8232242811594,0.0,0.0,0,489.00031789763744,479.99999986548045,9.000317897637444,-1.3451955283017014e-07,9.633693755629713,-4.405020194596103e-06
encodec,12.0kbps,24000,20260826,480.0,452.8929,597.5957642828773,452.9Hz_+50c,0,451.0963377958977,596.0621297896057,452.8929010496929,597.5957631916164,451.0963377958977,596.0621297896057,0.0,0.0,0,482.4325708584572,479.9999928260493,2.432570858457211,-7.173950677952234e-06,-4.44864768662477,-3.161381405701763e-06
encodec,12.0kbps,24000,20260826,480.0,452.8929,597.5957642828773,452.9Hz_+50c,1,450.9672461686912,595.9996923904439,452.8929010446538,597.5957631934452,450.9672461686912,595.9996923904439,0.0,0.0,0,482.7467183883835,479.99999285061006,2.746718388383499,-7.149389944061113e-06,-4.6300036355390395,-3.1560830663918463e-06
encodec,12.0kbps,24000,20260826,480.0,452.8929,597.5957642828773,452.9Hz_+50c,2,451.60041277213844,596.2520352039539,452.89290104030715,597.5957631962752,451.60041277213844,596.2520352039539,0.0,0.0,0,481.0505769044347,479.99999287542437,1.0505769044347062,-7.124575631678454e-06,-3.897164307739002,-3.147884729131297e-06
encodec,12.0kbps,24000,20260826,480.0,452.8929,597.5957642828773,452.9Hz_+50c,3,451.11099687371694,596.1263359255884,452.8929010412918,597.5957631890296,451.11099687371694,596.1263359255884,0.0,0.0,0,482.5627862457508,479.99999285066986,2.5627862457507717,-7.1493301447844715e-06,-4.26217406760171,-3.1688751172673076e-06
encodec,12.0kbps,24000,20260826,480.0,452.8929,597.5957642828773,452.9Hz_+50c,4,451.652012193719,596.5544360308338,452.89290103775267,597.5957631950653,451.652012193719,596.5544360308338,0.0,0.0,0,481.7305855650696,479.9999928816839,1.730585565069589,-7.11831609123692e-06,-3.0193578373658387,-3.1513899824866783e-06
encodec,12.0kbps,24000,20260826,485.0,440.0,582.2626952985729,440Hz_ongrid,0,440.1240553141919,584.7489913303943,439.999998916617,582.2626923165607,440.1240553141919,584.7489913303943,0.0,0.0,0,491.88869100801134,484.9999953963255,6.888691008011335,-4.603674483405484e-06,7.376733083493829,-8.866377973445707e-06
encodec,12.0kbps,24000,20260826,485.0,440.0,582.2626952985729,440Hz_ongrid,1,440.16523024765814,584.8490243634722,439.9999989077426,582.2626923204888,440.16523024765814,584.8490243634722,0.0,0.0,0,492.0228733621052,484.9999954429222,7.0228733621052015,-4.557077772915363e-06,7.67287003139269,-8.854698600695673e-06
encodec,12.0kbps,24000,20260826,485.0,440.0,582.2626952985729,440Hz_ongrid,2,440.1838036378779,584.6931469338386,439.99999891888626,582.2626923166398,440.1838036378779,584.6931469338386,0.0,0.0,0,491.488342786173,484.999995387632,6.488342786173007,-4.612368002199219e-06,7.211389766921138,-8.866142713802062e-06
encodec,12.0kbps,24000,20260826,485.0,440.0,582.2626952985729,440Hz_ongrid,3,440.1090752280583,584.713946202776,439.9999989075638,582.2626923161744,440.1090752280583,584.713946202776,0.0,0.0,0,491.84385710302917,484.9999954307978,6.8438571030291655,-4.569202189941279e-06,7.272973800052432,-8.867526594058798e-06
encodec,12.0kbps,24000,20260826,485.0,440.0,582.2626952985729,440Hz_ongrid,4,440.152371484528,584.6004480814121,439.99999891575425,582.2626923196638,440.152371484528,584.6004480814121,0.0,0.0,0,491.3374728806446,484.99999540894663,6.3374728806446115,-4.5910533685855626e-06,6.936893420322609,-8.857151528450721e-06
encodec,12.0kbps,24000,20260826,485.0,452.8929,599.3241832626978,452.9Hz_+50c,0,451.2059104397246,597.6471982713276,452.8929010471447,599.3241852753482,451.2059104397246,597.6471982713276,0.0,0.0,0,486.6097454805498,485.00000181100165,1.6097454805498046,1.811001652640698e-06,-4.851002223097476,5.813830070547451e-06
encodec,12.0kbps,24000,20260826,485.0,452.8929,599.3241832626978,452.9Hz_+50c,1,451.13434469710666,598.6741719267701,452.8929010459951,599.3241852708975,451.13434469710666,598.6741719267701,0.0,0.0,0,489.85669027420624,485.00000180253966,4.856690274206244,1.8025396570919838e-06,-1.8786701377213826,5.800973438660167e-06
encodec,12.0kbps,24000,20260826,485.0,452.8929,599.3241832626978,452.9Hz_+50c,2,451.2424063013837,598.4928832733679,452.8929010488492,599.3241852707687,451.2424063013837,598.4928832733679,0.0,0.0,0,488.91772577871234,485.0000017912574,3.917725778712338,1.7912573753164907e-06,-2.4029964470952154,5.800601328638731e-06
encodec,12.0kbps,24000,20260826,485.0,452.8929,599.3241832626978,452.9Hz_+50c,3,451.3602590675393,598.2049913002536,452.89290105037855,599.3241852707098,451.3602590675393,598.2049913002536,0.0,0.0,0,487.63265875109596,485.000001785241,2.63265875109596,1.7852410110208439e-06,-3.235969257548396,5.800431034486358e-06
encodec,12.0kbps,24000,20260826,485.0,452.8929,599.3241832626978,452.9Hz_+50c,4,451.6227239485714,597.6080484813765,452.89290103859804,599.3241852718758,451.6227239485714,597.6080484813765,0.0,0.0,0,484.8977991901389,485.0000018336414,-0.10220080986107405,1.8336414200348372e-06,-4.964413060800299,5.8037992452382415e-06
encodec,12.0kbps,24000,20260826,490.0,440.0,583.94676662897,440Hz_ongrid,0,440.1907907658593,585.8610462449021,439.9999989149176,583.9467685444935,440.1907907658593,585.8610462449021,0.0,0.0,0,494.9154789443408,490.00000994836563,4.915478944340805,9.948365629952605e-06,5.6660059408543395,5.67897555360103e-06
encodec,12.0kbps,24000,20260826,490.0,440.0,583.94676662897,440Hz_ongrid,1,440.08930951036683,586.0050551874763,439.999998908393,583.9467685464665,440.08930951036683,586.0050551874763,0.0,0.0,0,495.7401400947696,490.0000099798869,5.740140094769572,9.97988689732665e-06,6.091503675970746,5.6848251385148585e-06
encodec,12.0kbps,24000,20260826,490.0,440.0,583.94676662897,440Hz_ongrid,2,440.25306904097494,585.9632199163681,439.99999891485214,583.9467685446791,440.25306904097494,585.9632199163681,0.0,0.0,0,494.97246038422753,490.0000099491737,4.9724603842275314,9.94917371599513e-06,5.967905371538996,5.67952603040964e-06
encodec,12.0kbps,24000,20260826,490.0,440.0,583.94676662897,440Hz_ongrid,3,440.18364531971645,585.7781454254114,439.99999890767555,583.9467685456027,440.18364531971645,585.7781454254114,0.0,0.0,0,494.69859029285266,490.00000998014906,4.698590292852657,9.980149059174437e-06,5.421014611342983,5.682264191239056e-06
encodec,12.0kbps,24000,20260826,490.0,440.0,583.94676662897,440Hz_ongrid,4,440.22229542371855,585.9528916794264,439.99999891339826,583.9467685428434,440.22229542371855,585.9528916794264,0.0,0.0,0,495.0629624439341,490.0000099494518,5.062962443934111,9.949451794000197e-06,5.9373902258152595,5.6740839213457445e-06
encodec,12.0kbps,24000,20260826,490.0,452.8929,601.0576013277669,452.9Hz_+50c,0,450.90451983550724,599.5596752320611,452.8929010466731,601.0576003918692,450.90451983550724,599.5596752320611,0.0,0.0,0,493.2976598949081,489.9999933032962,3.297659894908122,-6.696703792385961e-06,-4.319881207845066,-2.695678215508017e-06
encodec,12.0kbps,24000,20260826,490.0,452.8929,601.0576013277669,452.9Hz_+50c,1,451.05979765053115,601.0886854121875,452.8929010460329,601.0576003932606,451.05979765053115,601.0886854121875,0.0,0.0,0,497.1109889122748,489.9999933097511,7.11098891227482,-6.690248881113803e-06,0.08952957878526725,-2.6916705367399187e-06
encodec,12.0kbps,24000,20260826,490.0,452.8929,601.0576013277669,452.9Hz_+50c,2,451.47305524223697,600.4861860542912,452.8929010377323,601.0576003918117,451.47305524223697,600.4861860542912,0.0,0.0,0,493.7894041859151,489.9999933373076,3.789404185915089,-6.662692385361879e-06,-1.6466377048666405,-2.695843896727052e-06
encodec,12.0kbps,24000,20260826,490.0,452.8929,601.0576013277669,452.9Hz_+50c,3,451.5534904712383,598.6328282257388,452.89290104699387,601.0576003933738,451.5534904712383,598.6328282257388,0.0,0.0,0,488.1293985205406,489.99999330640384,-1.870601479459424,-6.69359616267684e-06,-6.998231157508707,-2.691344363852793e-06
encodec,12.0kbps,24000,20260826,490.0,452.8929,601.0576013277669,452.9Hz_+50c,4,451.3085350181112,599.9914489114541,452.89290104039515,601.0576003937891,451.3085350181112,599.9914489114541,0.0,0.0,0,492.9934522895537,489.9999933328244,2.9934522895537157,-6.667175625807431e-06,-3.0735794663128946,-2.6901482684629396e-06
encodec,12.0kbps,24000,20260826,495.0,440.0,585.635708778447,440Hz_ongrid,0,440.1309865465607,587.0042245428082,439.9999989145695,585.6357098585015,440.1309865465607,587.0042245428082,0.0,0.0,0,498.52552890635485,495.0000074635755,3.5255289063548503,7.463575514066179e-06,4.040834865390574,3.1928162397418775e-06
encodec,12.0kbps,24000,20260826,495.0,440.0,585.635708778447,440Hz_ongrid,1,440.13124202621634,587.1175959084901,439.9999989103421,585.6357098597969,440.13124202621634,587.1175959084901,0.0,0.0,0,498.85885449214027,495.0000074840384,3.858854492140267,7.484038405891624e-06,4.375165367812113,3.1966453595033514e-06
encodec,12.0kbps,24000,20260826,495.0,440.0,585.635708778447,440Hz_ongrid,2,440.0960681655093,587.0779278004597,439.99999890873056,585.6357098617469,440.0960681655093,587.0779278004597,0.0,0.0,0,498.8802413000664,495.00000749614384,3.880241300066416,7.496143837215641e-06,4.258192039394926,3.202409989554843e-06
encodec,12.0kbps,24000,20260826,495.0,440.0,585.635708778447,440Hz_ongrid,3,440.1342970508793,587.2317400035844,439.9999989145797,585.6357098546176,440.1342970508793,587.2317400035844,0.0,0.0,0,499.1833818047345,495.0000074520541,4.183381804734495,7.452054092027538e-06,4.7117094241783875,3.181334646625101e-06
encodec,12.0kbps,24000,20260826,495.0,440.0,585.635708778447,440Hz_ongrid,4,440.1369375849616,587.0081064674141,439.99999891287683,585.635709858916,440.1369375849616,587.0081064674141,0.0,0.0,0,498.5135697481049,495.0000074714611,3.513569748104885,7.471461117347644e-06,4.052283671976618,3.1940413581717365e-06
encodec,12.0kbps,24000,20260826,495.0,452.8929,602.796032936878,452.9Hz_+50c,0,450.7554618272899,601.6243756800993,452.89290104107874,602.7960359002652,450.7554618272899,601.6243756800993,0.0,0.0,0,499.82165771750516,495.0000045312263,4.821657717505161,4.53122629551217e-06,-3.368281643373566,8.510866974116091e-06
encodec,12.0kbps,24000,20260826,495.0,452.8929,602.796032936878,452.9Hz_+50c,1,451.44584455889105,602.8233136335369,452.89290104319196,602.7960359025026,451.44584455889105,601.9828287355054,0.0,2.415453006206793,0,500.61873661597565,495.00000452957397,5.618736615975649,4.529573971012724e-06,0.07834856180870797,8.517292791377022e-06
encodec,12.0kbps,24000,20260826,495.0,452.8929,602.796032936878,452.9Hz_+50c,2,450.9110370632193,601.9273721667513,452.89290105353393,602.7960358974525,450.9110370632193,601.9273721667513,0.0,0.0,0,500.09592002179113,495.0000044755368,5.09592002179113,4.475536798054236e-06,-2.49659856624796,8.502788957609644e-06
encodec,12.0kbps,24000,20260826,495.0,452.8929,602.796032936878,452.9Hz_+50c,3,451.58992382076366,601.6904647466838,452.8929010369858,602.7960359020091,451.58992382076366,601.6904647466838,0.0,0.0,0,496.80983741040103,495.00000455188035,1.8098374104010304,4.551880351755244e-06,-3.1781142181690742,8.515875467361646e-06
encodec,12.0kbps,24000,20260826,495.0,452.8929,602.796032936878,452.9Hz_+50c,4,451.19700462108574,601.2897203552853,452.8929010497943,602.7960359036359,451.19700462108574,601.2897203552853,0.0,0.0,0,497.16336521686856,495.00000450759075,2.1633652168685558,4.507590745106427e-06,-4.331553600824425,8.52054760082594e-06
encodec,12.0kbps,24000,20260826,500.0,440.0,587.3295358348151,440Hz_ongrid,0,440.1869011162417,588.4555140184093,439.99999891079096,587.3295347993014,440.1869011162417,588.4555140184093,0.0,0.0,0,502.58056790420255,500.0000012333088,2.580567904202553,1.2333088079685695e-06,3.315797162213644,-3.052318187442458e-06
encodec,12.0kbps,24000,20260826,500.0,440.0,587.3295358348151,440Hz_ongrid,1,440.11078626201004,587.9616365078742,439.99999892035345,587.3295347953654,440.11078626201004,587.9616365078742,0.0,0.0,0,501.42635390688844,500.00000118408184,1.426353906888437,1.184081838800921e-06,1.8622011955876345,-3.063920293505939e-06
encodec,12.0kbps,24000,20260826,500.0,440.0,587.3295358348151,440Hz_ongrid,2,440.32158289064955,587.9312610802068,439.9999989102318,587.3295347978551,440.32158289064955,587.9312610802068,0.0,0.0,0,500.5079141959144,500.0000012312457,0.5079141959143953,1.2312456760810164e-06,1.7727594194660272,-3.056581307441256e-06
encodec,12.0kbps,24000,20260826,500.0,440.0,587.3295358348151,440Hz_ongrid,3,440.186258361951,587.9828646294817,439.99999891036225,587.3295347967218,440.186258361951,587.9828646294817,0.0,0.0,0,501.19200425145425,500.00000122739164,1.1920042514542502,1.2273916354388348e-06,1.9247055857063766,-3.059922032810926e-06
encodec,12.0kbps,24000,20260826,500.0,440.0,587.3295358348151,440Hz_ongrid,4,440.18506958852447,587.9157500627006,439.99999890421276,587.3295348010489,440.18506958852447,587.9157500627006,0.0,0.0,0,500.9990588352268,500.00000126434236,0.9990588352267764,1.2643423588087899e-06,1.7270847672541652,-3.0471672698208397e-06
encodec,12.0kbps,24000,20260826,500.0,452.8929,604.5394925906439,452.9Hz_+50c,0,451.30841356551787,604.2657382620795,452.89290104010354,604.5394915324176,451.30841356551787,603.218682379024,0.0,3.0024391526296195,0,505.2833633502826,499.99999299361934,5.283363350282627,-7.006380656093825e-06,-0.7841343016989498,-3.0304676792900798e-06
encodec,12.0kbps,24000,20260826,500.0,452.8929,604.5394925906439,452.9Hz_+50c,1,451.49631495212293,604.3567665121057,452.8929010379825,604.5394915374396,451.49631495212293,603.4482518934332,0.0,2.604479555221337,0,504.8234956151291,499.9999930161091,4.823495615129104,-6.983890898482059e-06,-0.5233560925430987,-3.016086088181678e-06
encodec,12.0kbps,24000,20260826,500.0,452.8929,604.5394925906439,452.9Hz_+50c,2,451.59056678074523,604.2995465298377,452.8929010403186,604.539491535662,451.59056678074523,603.6279135900442,0.0,1.9252049018827408,0,504.2982111389269,499.9999930020886,4.298211138926888,-6.997911384587496e-06,-0.6872756130791149,-3.0211766532477663e-06
encodec,12.0kbps,24000,20260826,500.0,452.8929,604.5394925906439,452.9Hz_+50c,3,451.70107267488817,603.2092435747983,452.8929010441221,604.5394915360622,451.70107267488817,603.2092435747983,0.0,0.0,0,500.74823617636326,499.99999298869517,0.7482361763632639,-7.01130483093948e-06,-3.813662978546189,-3.0200307235168223e-06
encodec,12.0kbps,24000,20260826,500.0,452.8929,604.5394925906439,452.9Hz_+50c,4,451.1344402841806,604.7887758922739,452.8929010340837,604.5394915365731,451.1344402841806,603.3305567296368,0.0,4.179255845299263,0,507.4487249402206,499.9999930285312,7.448724940220586,-6.971468792471569e-06,0.713731344921835,-3.018567462355858e-06
encodec,12.0kbps,24000,20260826,505.0,440.0,589.0282619266312,440Hz_ongrid,0,440.12190012862357,589.1870878958371,439.99999891777117,589.02825999151,440.12190012862357,589.1870878958371,0.0,0.0,0,504.9871835644671,504.99999857057844,-0.012816435532897685,-1.4294215588961379e-06,0.4667481670003359,-5.687583884027642e-06
encodec,12.0kbps,24000,20260826,505.0,440.0,589.0282619266312,440Hz_ongrid,1,440.2904648547256,589.094471155195,439.999998916299,589.0282599869143,440.2904648547256,589.094471155195,0.0,0.0,0,504.0520943916701,504.99999856286377,-0.9479056083299042,-1.437136234017089e-06,0.1945869776622979,-5.701091324130997e-06
encodec,12.0kbps,24000,20260826,505.0,440.0,589.0282619266312,440Hz_ongrid,2,440.17100073621856,589.1483894824216,439.9999989124167,589.0282599965484,440.17100073621856,589.1483894824216,0.0,0.0,0,504.68034250745296,504.99999860645494,-0.31965749254703724,-1.3935450624558143e-06,0.35303520110939823,-5.672775596485461e-06
encodec,12.0kbps,24000,20260826,505.0,440.0,589.0282619266312,440Hz_ongrid,3,440.173309127884,589.2398472679062,439.9999989051181,589.0282599974751,440.173309127884,589.2398472679062,0.0,0.0,0,504.93999459244446,504.9999986378956,-0.060005407555536294,-1.3621043990497128e-06,0.6217663843694949,-5.670051851057405e-06
encodec,12.0kbps,24000,20260826,505.0,440.0,589.0282619266312,440Hz_ongrid,4,440.16915384650883,589.3248752125976,439.9999989119763,589.0282599906066,440.16915384650883,589.3248752125976,0.0,0.0,0,505.20613861265485,504.9999985907236,0.20613861265485411,-1.409276421782124e-06,0.8715672997025307,-5.690239396470971e-06
encodec,12.0kbps,24000,20260826,505.0,452.8929,606.2879948316172,452.9Hz_+50c,0,451.0608855823015,608.4964975017451,452.89290103208725,606.2879968176163,451.0608855823015,605.8283340188962,0.0,7.607886759379517,0,518.3121273599616,505.00000172568105,13.31212735996155,1.7256810451726778e-06,6.294843664075436,5.670950585824099e-06
encodec,12.0kbps,24000,20260826,505.0,452.8929,606.2879948316172,452.9Hz_+50c,1,451.30315980460233,607.5030837347878,452.89290103670317,606.2879968095052,451.30315980460233,605.7567254516148,0.0,4.983857516407655,0,514.5538228091432,505.0000016848753,9.553822809143185,1.6848753148224205e-06,3.4661714386605165,5.647789812277229e-06
encodec,12.0kbps,24000,20260826,505.0,452.8929,606.2879948316172,452.9Hz_+50c,2,451.2503993694278,607.2617964733508,452.89290104478624,606.2879968159713,451.2503993694278,605.7547088067162,0.0,4.30187522520605,0,514.0684819669253,505.0000016724405,9.068481966925333,1.6724404758861056e-06,2.7784256289071267,5.6662530812142864e-06
encodec,12.0kbps,24000,20260826,505.0,452.8929,606.2879948316172,452.9Hz_+50c,3,450.9807525759916,607.668394907335,452.89290104755037,606.287996814018,450.9807525759916,605.88178921882,0.0,5.097498027362303,0,516.2620760267439,505.0000016562967,11.262076026743898,1.6562967175559606e-06,3.9372034492048007,5.6606756594152695e-06
encodec,12.0kbps,24000,20260826,505.0,452.8929,606.2879948316172,452.9Hz_+50c,4,451.12021851137524,607.5214843704563,452.8929010386094,606.2879968129557,451.12021851137524,605.6071423492189,0.0,5.463850686007727,0,515.3081786070651,505.0000016874413,10.308178607065088,1.6874412835932162e-06,3.5186079207407612,5.657642655211372e-06
encodec,12.0kbps,24000,20260826,510.0,440.0,590.731901223316,440Hz_ongrid,0,440.20097749079144,590.7827080642672,439.99999891182887,590.7319033105623,440.20097749079144,590.7827080642672,0.0,0.0,0,509.3583010662354,510.00001039855147,-0.6416989337645873,1.0398551467005746e-05,0.1488911475884983,6.117008248128582e-06
encodec,12.0kbps,24000,20260826,510.0,440.0,590.731901223316,440Hz_ongrid,1,440.2239330718575,590.9459077361059,439.9999989181952,590.7319033119377,440.2239330718575,590.9459077361059,0.0,0.0,0,509.7461985945422,510.00001037753304,-0.25380140545780705,1.0377533044447773e-05,0.6270666384790062,6.121039183752615e-06
encodec,12.0kbps,24000,20260826,510.0,440.0,590.731901223316,440Hz_ongrid,2,440.1178380724256,590.8626776778651,439.9999989133055,590.7319033183215,440.1178380724256,590.8626776778651,0.0,0.0,0,509.9196325434498,510.00001041548126,-0.0803674565502206,1.0415481256131898e-05,0.38321883986090677,6.139748091428066e-06
encodec,12.0kbps,24000,20260826,510.0,440.0,590.731901223316,440Hz_ongrid,3,440.08445854208844,590.4114516276164,439.9999989154785,590.7319033180858,440.08445854208844,590.4114516276164,0.0,0.0,0,508.72833592132446,510.00001040624016,-1.271664078675542,1.0406240164684277e-05,-0.9393834598607481,6.139056920128054e-06
encodec,12.0kbps,24000,20260826,510.0,440.0,590.731901223316,440Hz_ongrid,4,440.2835758783278,590.3390188654323,439.99999891100896,590.7319033183721,440.2835758783278,590.3390188654323,0.0,0.0,0,507.73280780326684,510.00001042466545,-2.2671921967331627,1.0424665447317238e-05,-1.151787464690003,6.139896089732018e-06
encodec,12.0kbps,24000,20260826,510.0,452.8929,608.0415542444116,452.9Hz_+50c,0,451.01246036615385,610.1332675008631,452.892901038976,608.0415528050077,451.01246036615385,610.1332675008631,0.0,0.0,0,523.148524295925,509.9999919300835,13.148524295924972,-8.069916475506034e-06,5.945367946811033,-4.098313889402823e-06
encodec,12.0kbps,24000,20260826,510.0,452.8929,608.0415542444116,452.9Hz_+50c,1,451.46406447994605,612.33550463789,452.8929010502838,608.0415528058602,451.46406447994605,612.33550463789,0.0,0.0,0,527.6534151898262,509.99999188928575,17.653415189826205,-8.11071424777765e-06,12.182896670570974,-4.095886524998078e-06
encodec,12.0kbps,24000,20260826,510.0,452.8929,608.0415542444116,452.9Hz_+50c,2,450.7899465201148,610.1034078951305,452.89290103951754,608.0415528088187,450.7899465201148,610.1034078951305,0.0,0.0,0,523.9181379017288,509.99999193886424,13.918137901728755,-8.061135758907767e-06,5.860640176881546,-4.0874631149863886e-06
encodec,12.0kbps,24000,20260826,510.0,452.8929,608.0415542444116,452.9Hz_+50c,3,450.97733692550815,610.719777066453,452.89290104359674,608.0415528040054,450.97733692550815,610.719777066453,0.0,0.0,0,524.9467558056386,509.9999919095667,14.946755805638645,-8.090433311735978e-06,7.608771110173976,-4.101167565807709e-06
encodec,12.0kbps,24000,20260826,510.0,452.8929,608.0415542444116,452.9Hz_+50c,4,451.1052905666857,610.9751077406511,452.89290103828563,608.0415528044853,451.1052905666857,610.9751077406511,0.0,0.0,0,525.1792764872807,509.9999919312351,15.179276487280731,-8.068764884683333e-06,8.332416872918762,-4.099801176263536e-06
encodec,12.0kbps,24000,20260826,515.0,440.0,592.4404679352722,440Hz_ongrid,0,440.16784260659824,591.4905605392729,439.9999989121755,592.4404675097052,440.16784260659824,591.4905605392729,0.0,0.0,0,511.56167420825847,515.0000030365837,-3.4383257917415335,3.036583734683518e-06,-2.7780543642175934,-1.2435951559543359e-06
encodec,12.0kbps,24000,20260826,515.0,440.0,592.4404679352722,440Hz_ongrid,1,440.28236289243785,591.8629282251343,439.9999989108225,592.4404675117959,440.28236289243785,591.8629282251343,0.0,0.0,0,512.2008507449488,515.0000030480168,-2.7991492550512476,3.04801676520583e-06,-1.688514097621456,-1.2374857090589424e-06
encodec,12.0kbps,24000,20260826,515.0,440.0,592.4404679352722,440Hz_ongrid,2,440.12907524559785,591.8507069459488,439.9999989106311,592.4404675112448,440.12907524559785,591.8507069459488,0.0,0.0,0,512.767949636921,515.0000030471595,-2.232050363078997,3.047159452762571e-06,-1.724262430699947,-1.2390960074950318e-06
encodec,12.0kbps,24000,20260826,515.0,440.0,592.4404679352722,440Hz_ongrid,3,440.14442435523597,591.7638577084732,439.9999989112698,592.4404675112852,440.14442435523597,591.7638577084732,0.0,0.0,0,512.4535124034387,515.0000030447643,-2.546487596561292,3.044764298465452e-06,-1.9783254708364986,-1.2389779932625468e-06
encodec,12.0kbps,24000,20260826,515.0,440.0,592.4404679352722,440Hz_ongrid,4,440.310605203809,591.7067720057843,439.9999989118155,592.4404675125388,440.310605203809,591.7067720057843,0.0,0.0,0,511.6329762901884,515.0000030462807,-3.3670237098115763,3.046280653506983e-06,-2.145340536196406,-1.2353147469157565e-06
encodec,12.0kbps,24000,20260826,515.0,452.8929,609.8001854558237,452.9Hz_+50c,0,450.5620182008316,613.7222841386097,452.89290104502356,609.800186573872,450.5620182008316,613.7222841386097,0.0,0.0,0,535.0323204553088,514.9999991794394,20.032320455308763,-8.205605581679265e-07,11.099255158757943,3.1741599963662064e-06
encodec,12.0kbps,24000,20260826,515.0,452.8929,609.8001854558237,452.9Hz_+50c,1,450.416389406146,612.6277713028354,452.8929010502425,609.8001865753247,450.416389406146,612.6277713028354,0.0,0.0,0,532.5017325814199,514.999999163614,17.5017325814199,-8.363859933524509e-07,8.009014516387333,3.1782839595025913e-06
encodec,12.0kbps,24000,20260826,515.0,452.8929,609.8001854558237,452.9Hz_+50c,2,451.0975654076318,611.4053524691504,452.8929010386889,609.8001865753347,451.0975654076318,611.4053524691504,0.0,0.0,0,526.4276188493776,514.9999992078072,11.427618849377609,-7.921928499854403e-07,4.551111671166427,3.178312405929893e-06
encodec,12.0kbps,24000,20260826,515.0,452.8929,609.8001854558237,452.9Hz_+50c,3,451.1062715951554,611.3682968228969,452.89290103820514,609.8001865757705,451.1062715951554,611.3682968228969,0.0,0.0,0,526.2892776834444,514.9999992108934,11.289277683444425,-7.891065934018116e-07,4.44618301726364,3.1795498255175143e-06
encodec,12.0kbps,24000,20260826,515.0,452.8929,609.8001854558237,452.9Hz_+50c,4,451.06804216680104,614.3439551475261,452.89290104639736,609.8001865762582,451.06804216680104,614.3439551475261,0.0,0.0,0,534.8418399370868,514.9999991809623,19.841839937086775,-8.190377229766455e-07,12.852023984180386,3.18093447458698e-06
encodec,12.0kbps,24000,20260826,520.0,440.0,594.1539763140037,440Hz_ongrid,0,440.182486651709,592.9858475062081,439.99999890983884,594.1539743981338,440.182486651709,592.9858475062081,0.0,0.0,0,515.8751119369355,519.9999987069497,-4.124888063064532,-1.293050331696577e-06,-3.407020770187106,-5.5824237845425526e-06
encodec,12.0kbps,24000,20260826,520.0,440.0,594.1539763140037,440Hz_ongrid,1,440.14597422712535,592.9006935500588,439.9999989136615,594.1539743966252,440.14597422712535,592.9006935500588,0.0,0.0,0,515.7700944232716,519.9999986875134,-4.229905576728356,-1.3124865745339775e-06,-3.6556473013904855,-5.586819141994085e-06
encodec,12.0kbps,24000,20260826,520.0,440.0,594.1539763140037,440Hz_ongrid,2,440.2863506101866,593.0385555869923,439.99999890855963,594.1539744024882,440.2863506101866,593.0385555869923,0.0,0.0,0,515.6205394986202,519.9999987246707,-4.379460501379754,-1.2753292821798823e-06,-3.2531453120825016,-5.5697359090794965e-06
encodec,12.0kbps,24000,20260826,520.0,440.0,594.1539763140037,440Hz_ongrid,3,440.23530687168574,593.0125163701344,439.9999989171726,594.1539743964831,440.23530687168574,593.0125163701344,0.0,0.0,0,515.7452414465249,519.9999986732843,-4.254758553475085,-1.3267157328300527e-06,-3.329162239023367,-5.587233152836774e-06
encodec,12.0kbps,24000,20260826,520.0,440.0,594.1539763140037,440Hz_ongrid,4,440.3132317291921,592.9734948516652,439.99999891542336,594.1539743982121,440.3132317291921,592.9734948516652,0.0,0.0,0,515.3249047925726,519.9999986852048,-4.6750952074273755,-1.3147952131475904e-06,-3.4430849679685718,-5.582195444300624e-06
encodec,12.0kbps,24000,20260826,520.0,452.8929,611.5639031349555,452.9Hz_+50c,0,451.5182796153042,616.5938483135934,452.8929010367457,611.5639001502949,451.5182796153042,616.5938483135934,0.0,0.0,0,539.4433198112758,519.9999875878534,19.443319811275842,-1.2412146588758333e-05,14.180688166074185,-8.449069650899784e-06
encodec,12.0kbps,24000,20260826,520.0,452.8929,611.5639031349555,452.9Hz_+50c,1,451.2040556609965,616.5601018924402,452.89290104675354,611.5639001482634,451.2040556609965,616.5601018924402,0.0,0.0,0,540.5537987875709,519.9999875438466,20.55379878757094,-1.2456153399398318e-05,14.085934460197556,-8.454820442187508e-06
encodec,12.0kbps,24000,20260826,520.0,452.8929,611.5639031349555,452.9Hz_+50c,2,451.49830590418065,616.0793580962243,452.892901050964,611.5639001510497,451.49830590418065,616.0793580962243,0.0,0.0,0,538.0747489097126,519.9999875356389,18.07474890971264,-1.2464361134334467e-05,12.735531364886294,-8.446933093548374e-06
encodec,12.0kbps,24000,20260826,520.0,452.8929,611.5639031349555,452.9Hz_+50c,3,451.0489511556818,615.8058645010376,452.89290104581966,611.5639001523106,451.0489511556818,615.8058645010376,0.0,0.0,0,539.0299113423725,519.9999875588733,19.029911342372543,-1.2441126727935625e-05,11.96682106090221,-8.44336364351482e-06
encodec,12.0kbps,24000,20260826,520.0,452.8929,611.5639031349555,452.9Hz_+50c,4,451.39424122141065,615.461807131368,452.8929010480149,611.5639001472251,451.39424122141065,615.461807131368,0.0,0.0,0,536.7375828585424,519.9999875360855,16.737582858542396,-1.2463914458749059e-05,10.999291639914869,-8.457759650087645e-06
encodec,12.0kbps,24000,20260826,525.0,440.0,595.8724406522327,440Hz_ongrid,0,440.30832050589834,594.3956761056368,439.99999891728993,595.8724420167156,440.30832050589834,594.3956761056368,0.0,0.0,0,519.4914167762444,525.0000082243927,-5.508583223755636,8.224392672673275e-06,-4.29588315667926,3.964337165549486e-06
encodec,12.0kbps,24000,20260826,525.0,440.0,595.8724406522327,440Hz_ongrid,1,440.13473061022484,594.1599607206165,439.99999890876694,595.8724420161021,440.13473061022484,594.1599607206165,0.0,0.0,0,519.4874041666587,525.000008256145,-5.5125958333412655,8.256144951701572e-06,-4.98256284274887,3.962554650909784e-06
encodec,12.0kbps,24000,20260826,525.0,440.0,595.8724406522327,440Hz_ongrid,2,440.171722679147,594.2934843853772,439.9999989107914,595.8724420168534,440.171722679147,594.2934843853772,0.0,0.0,0,519.7309159697174,525.0000082503622,-5.269084030282556,8.250362157014024e-06,-4.593551869345786,3.964737337587426e-06
encodec,12.0kbps,24000,20260826,525.0,440.0,595.8724406522327,440Hz_ongrid,3,440.3104611175878,594.3189362714735,439.99999891599015,595.8724420146701,440.3104611175878,594.3189362714735,0.0,0.0,0,519.2594736853813,525.0000082235638,-5.740526314618705,8.223563781939447e-06,-4.519409666111323,3.958394168713207e-06
encodec,12.0kbps,24000,20260826,525.0,440.0,595.8724406522327,440Hz_ongrid,4,440.2567056922943,594.2984315837246,439.9999989134761,595.8724420106806,440.2567056922943,594.2984315837246,0.0,0.0,0,519.4111141805446,525.000008221865,-5.588885819455413,8.221864959523373e-06,-4.579140264973379,3.946803018415327e-06
encodec,12.0kbps,24000,20260826,525.0,452.8929,613.3327219933354,452.9Hz_+50c,0,451.0991634134047,618.2103829237681,452.89290104868417,613.3327210154425,451.0991634134047,618.2103829237681,0.0,0.0,0,545.5839289713779,524.9999932310207,20.583928971377873,-6.768979346816195e-06,13.713554650704948,-2.7602660211223572e-06
encodec,12.0kbps,24000,20260826,525.0,452.8929,613.3327219933354,452.9Hz_+50c,1,451.35770046740214,617.5464339235108,452.8929010449924,613.3327210071327,451.35770046740214,617.5464339235108,0.0,0.0,0,542.7316769754651,524.999993221677,17.73167697546512,-6.778323040634859e-06,11.853235191369395,-2.7837220225690877e-06
encodec,12.0kbps,24000,20260826,525.0,452.8929,613.3327219933354,452.9Hz_+50c,2,451.6786940969233,618.1903153923869,452.89290104489896,613.3327210123128,451.6786940969233,618.1903153923869,0.0,0.0,0,543.305028321694,524.999993236656,18.305028321693953,-6.763344003957172e-06,13.657356698603545,-2.7691001744745653e-06
encodec,12.0kbps,24000,20260826,525.0,452.8929,613.3327219933354,452.9Hz_+50c,3,451.1544160133208,617.6604290522614,452.89290103895235,613.3327210072397,451.1544160133208,617.6604290522614,0.0,0.0,0,543.8311186333588,524.9999932450677,18.831118633358756,-6.75493231483415e-06,12.172780451028341,-2.783420067586352e-06
encodec,12.0kbps,24000,20260826,525.0,452.8929,613.3327219933354,452.9Hz_+50c,4,451.5378075825536,618.2241987769628,452.89290104317155,613.3327210116612,451.5378075825536,618.2241987769628,0.0,0.0,0,543.9400022343023,524.9999932414199,18.940002234302256,-6.758580070709286e-06,13.752244082111055,-2.770939581975999e-06
encodec,12.0kbps,24000,20260826,530.0,440.0,597.5958752840213,440Hz_ongrid,0,440.27053231034245,596.1881487500987,439.99999891398966,597.5958741873862,440.27053231034245,596.1881487500987,0.0,0.0,0,524.8528926155379,530.0000010960913,-5.1471073844620605,1.0960912959490088e-06,-4.082991877712111,-3.1769494819220316e-06
encodec,12.0kbps,24000,20260826,530.0,440.0,597.5958752840213,440Hz_ongrid,1,440.2543304670902,596.1193649648064,439.9999989051992,597.5958741864273,440.2543304670902,596.1193649648064,0.0,0.0,0,524.7168542380231,530.0000011279002,-5.283145761976925,1.1279001910224906e-06,-4.282740398767264,-3.1797276215283003e-06
encodec,12.0kbps,24000,20260826,530.0,440.0,597.5958752840213,440Hz_ongrid,2,440.0859580374974,596.5978444280967,439.9999989105571,597.5958741955942,440.0859580374974,596.5978444280967,0.0,0.0,0,526.7681101597434,530.0000011333756,-3.231889840256599,1.133375576500839e-06,-2.8937104148931105,-3.1531711516945723e-06
encodec,12.0kbps,24000,20260826,530.0,440.0,597.5958752840213,440Hz_ongrid,3,440.1894540100783,596.432964375421,439.9999989073326,597.5958741923038,440.1894540100783,596.432964375421,0.0,0.0,0,525.882497580144,530.0000011365303,-4.1175024198560095,1.1365302725607762e-06,-3.3722327814825848,-3.162703587959363e-06
encodec,12.0kbps,24000,20260826,530.0,440.0,597.5958752840213,440Hz_ongrid,4,440.10669654097336,595.6738361827181,439.99999890667874,597.5958741904144,440.10669654097336,595.6738361827181,0.0,0.0,0,524.0031232170638,530.0000011336294,-5.9968767829361695,1.1336294392094715e-06,-5.577117028165836,-3.1681770265623184e-06
encodec,12.0kbps,24000,20260826,530.0,452.8929,615.1066567850427,452.9Hz_+50c,0,451.53228542982544,618.6519825290188,452.8929010442927,615.1066581445799,451.53228542982544,618.6519825290188,0.0,0.0,0,545.1586977455792,529.9999998345273,15.158697745579161,-1.654726702327025e-07,9.949767064475324,3.826453872774869e-06
encodec,12.0kbps,24000,20260826,530.0,452.8929,615.1066567850427,452.9Hz_+50c,1,451.26065257937233,619.7496434539007,452.89290104909685,615.1066581469596,451.26065257937233,619.7496434539007,0.0,0.0,0,549.2694567291531,529.9999998228606,19.26945672915315,-1.771394408933702e-07,13.0187366543989,3.833151468757169e-06
encodec,12.0kbps,24000,20260826,530.0,452.8929,615.1066567850427,452.9Hz_+50c,2,451.05102221465205,619.0715178768618,452.8929010444677,615.1066581407094,451.05102221465205,619.0715178768618,0.0,0.0,0,548.1785368357644,529.999999822965,18.178536835764362,-1.7703496268950403e-07,11.123395757071759,3.8155600443559205e-06
encodec,12.0kbps,24000,20260826,530.0,452.8929,615.1066567850427,452.9Hz_+50c,3,451.10228379671946,619.4233378345472,452.89290105120875,615.1066581365571,451.10228379671946,619.4233378345472,0.0,0.0,0,548.965380036041,529.9999997855098,18.965380036040983,-2.1449022824526764e-07,12.10698112032305,3.8038735600845397e-06
encodec,12.0kbps,24000,20260826,530.0,452.8929,615.1066567850427,452.9Hz_+50c,4,451.33252897347455,619.1178480988619,452.892901041636,615.1066581454787,451.33252897347455,619.1178480988619,0.0,0.0,0,547.2279460344865,529.9999998472127,17.227946034486536,-1.5278726550604915e-07,11.25295341613277,3.82898329833669e-06
encodec,12.0kbps,24000,20260826,535.0,440.0,599.3242945848891,440Hz_ongrid,0,440.15875646757803,598.2034998460191,439.9999989127576,599.3242965891641,440.15875646757803,598.2034998460191,0.0,0.0,0,531.134858665801,535.0000100675239,-3.865141334199052,1.0067523930956668e-05,-3.2406071734199173,5.78963523093052e-06
encodec,12.0kbps,24000,20260826,535.0,440.0,599.3242945848891,440Hz_ongrid,1,440.092652271584,598.3321160423171,439.9999989120711,599.3242965867989,440.092652271584,598.3321160423171,0.0,0.0,0,531.7670618439917,535.0000100633929,-3.2329381560083448,1.0063392892334377e-05,-2.868424789220984,5.782803091043078e-06
encodec,12.0kbps,24000,20260826,535.0,440.0,599.3242945848891,440Hz_ongrid,2,440.37239637687316,598.3295883649685,439.99999891781755,599.3242965902065,440.37239637687316,598.3295883649685,0.0,0.0,0,530.6596419470325,535.0000100506259,-4.340358052967531,1.005062586045824e-05,-2.8757384703975517,5.792646323696972e-06
encodec,12.0kbps,24000,20260826,535.0,440.0,599.3242945848891,440Hz_ongrid,3,440.15916346725504,596.9479366127422,439.9999989052999,599.3242965859731,440.15916346725504,596.9479366127422,0.0,0.0,0,527.4957696602683,535.0000100876496,-7.504230339731748,1.0087649570778012e-05,-6.878095367057993,5.7804178196763026e-06
encodec,12.0kbps,24000,20260826,535.0,440.0,599.3242945848891,440Hz_ongrid,4,440.22074251010855,599.1138372600988,439.9999989112825,599.3242965860513,440.22074251010855,599.1138372600988,0.0,0.0,0,533.5236363866843,535.0000100643364,-1.4763636133156979,1.0064336379400629e-05,-0.6080428861805014,5.780643469038478e-06
encodec,12.0kbps,24000,20260826,535.0,452.8929,616.8857223068289,452.9Hz_+50c,0,450.9886299862164,620.1864594198336,452.89290103692207,616.8857237908754,450.9886299862164,620.1864594198336,0.0,0.0,0,551.5331593328204,535.0000002010912,16.533159332820446,2.010912112382357e-07,9.23852645313317,4.164842577104898e-06
encodec,12.0kbps,24000,20260826,535.0,452.8929,616.8857223068289,452.9Hz_+50c,1,451.1879480523128,619.9881675221689,452.892901041454,616.8857237948557,451.1879480523128,619.9881675221689,0.0,0.0,0,550.2145804159122,535.0000001949373,15.214580415912224,1.9493734271236463e-07,8.684911372871133,4.176012797159733e-06
encodec,12.0kbps,24000,20260826,535.0,452.8929,616.8857223068289,452.9Hz_+50c,2,451.179757327036,619.9510599480047,452.89290104786426,616.8857237944793,451.179757327036,619.9510599480047,0.0,0.0,0,550.1423879445233,535.0000001693774,15.142387944523307,1.6937735836108914e-07,8.581290333279728,4.174956435238383e-06
encodec,12.0kbps,24000,20260826,535.0,452.8929,616.8857223068289,452.9Hz_+50c,3,451.03841698147403,620.7165787753133,452.892901035843,616.8857237944703,451.03841698147403,620.7165787753133,0.0,0.0,0,552.8212319182428,535.0000002153046,17.821231918242802,2.1530456706386758e-07,10.717708477608399,4.174931064100534e-06
encodec,12.0kbps,24000,20260826,535.0,452.8929,616.8857223068289,452.9Hz_+50c,4,451.3942956036902,620.4220047221095,452.892901050939,616.8857237909094,451.3942956036902,620.4220047221095,0.0,0.0,0,550.6340027315829,535.0000001476052,15.634002731582882,1.4760519206902245e-07,9.89592008550654,4.164937911077424e-06
encodec,12.0kbps,24000,20260826,540.0,440.0,601.057712971934,440Hz_ongrid,0,440.1707214391679,598.6826498780855,439.9999989118454,601.0577120305089,440.1707214391679,598.6826498780855,0.0,0.0,0,532.473930297689,540.0000015698793,-7.52606970231102,1.5698792594776023e-06,-6.854475510637949,-2.711598604571539e-06
encodec,12.0kbps,24000,20260826,540.0,440.0,601.057712971934,440Hz_ongrid,1,440.14344694549675,599.9381881374974,439.9999989090951,601.0577120315295,440.14344694549675,599.9381881374974,0.0,0.0,0,536.2080941983031,540.0000015836404,-3.7919058016968847,1.5836403690627776e-06,-3.227588157023645,-2.7086590122699765e-06
encodec,12.0kbps,24000,20260826,540.0,440.0,601.057712971934,440Hz_ongrid,2,440.2406440759558,599.4520412457541,439.99999891172547,601.057712030347,440.2406440759558,599.4520412457541,0.0,0.0,0,534.4223903525296,540.000001569885,-5.577609647470354,1.5698849438194884e-06,-4.631024798920765,-2.7120648953341643e-06
encodec,12.0kbps,24000,20260826,540.0,440.0,601.057712971934,440Hz_ongrid,3,440.14445611648273,600.2928091725857,439.99999891320135,601.0577120304957,440.14445611648273,600.2928091725857,0.0,0.0,0,537.227147907287,540.0000015645062,-2.7728520927130376,1.5645061921532033e-06,-2.2045650394721776,-2.7116364690728733e-06
encodec,12.0kbps,24000,20260826,540.0,440.0,601.057712971934,440Hz_ongrid,4,440.18552558937546,600.0127414376478,439.99999891041216,601.0577120325264,440.18552558937546,600.0127414376478,0.0,0.0,0,536.2577166248134,540.0000015813298,-3.7422833751866165,1.5813297977729235e-06,-3.0124640070677353,-2.705787652953057e-06
encodec,12.0kbps,24000,20260826,540.0,452.8929,618.6699333982427,452.9Hz_+50c,0,451.1758323887595,620.9245934897526,452.89290103487536,618.6699319008642,451.1758323887595,620.9245934897526,0.0,0.0,0,552.8739410906298,539.9999918539338,12.873941090629842,-8.146066193148727e-06,6.297782927066691,-4.190138572709766e-06
encodec,12.0kbps,24000,20260826,540.0,452.8929,618.6699333982427,452.9Hz_+50c,1,451.5479334992875,621.4744397329542,452.89290104647444,618.6699319027354,451.5479334992875,621.4744397329542,0.0,0.0,0,552.9790961003905,539.9999918148311,12.979096100390507,-8.185168894669914e-06,7.830161131937495,-4.184902315802495e-06
encodec,12.0kbps,24000,20260826,540.0,452.8929,618.6699333982427,452.9Hz_+50c,2,451.36082374664767,621.3099838551022,452.89290104774324,618.6699319022007,451.36082374664767,621.3099838551022,0.0,0.0,0,553.2384398297448,539.9999918084849,13.238439829744834,-8.19151512132521e-06,7.371977698729342,-4.186398636326044e-06
encodec,12.0kbps,24000,20260826,540.0,452.8929,618.6699333982427,452.9Hz_+50c,3,450.9269396973043,621.1242283770008,452.89290104356735,618.669931901748,450.9269396973043,621.1242283770008,0.0,0.0,0,554.3857693611515,539.9999918231811,14.38576936115146,-8.176818937499775e-06,6.854306488906366,-4.187665463374307e-06
encodec,12.0kbps,24000,20260826,540.0,452.8929,618.6699333982427,452.9Hz_+50c,4,451.56369180330466,620.9764389620219,452.8929010486894,618.6699319017464,451.56369180330466,620.9764389620219,0.0,0.0,0,551.5308488189735,539.9999918035969,11.530848818973482,-8.196403086913051e-06,6.442330108507447,-4.187669884102893e-06
encodec,12.0kbps,24000,20260826,545.0,440.0,602.7961449039523,440Hz_ongrid,0,440.1740912316141,601.6473568086973,439.9999989160326,602.796147847617,440.1740912316141,601.6473568086973,0.0,0.0,0,541.0126781486572,545.0000127192252,-3.987321851342813,1.2719225196633488e-05,-3.3024739905680685,8.454222449308455e-06
encodec,12.0kbps,24000,20260826,545.0,440.0,602.7961449039523,440Hz_ongrid,1,440.1825845258255,601.1663749730809,439.999998909019,602.7961478554096,440.1825845258255,601.1663749730809,0.0,0.0,0,539.5947000025685,545.0000127692015,-5.405299997431484,1.276920147574856e-05,-4.687047766512438,8.476602483714094e-06
encodec,12.0kbps,24000,20260826,545.0,440.0,602.7961449039523,440Hz_ongrid,2,440.1435271230012,600.8835068778975,439.99999891184024,602.7961478510783,440.1435271230012,600.8835068778975,0.0,0.0,0,538.9335262697977,545.0000127456614,-6.066473730202347,1.2745661365443084e-05,-5.501840720131905,8.464163322386521e-06
encodec,12.0kbps,24000,20260826,545.0,440.0,602.7961449039523,440Hz_ongrid,3,440.2669004755477,601.2247218353383,439.99999891805453,602.7961478481088,440.2669004755477,601.2247218353383,0.0,0.0,0,539.431136572124,545.0000127126821,-5.568863427875954,1.2712682064375258e-05,-4.519029099468614,8.455634775978559e-06
encodec,12.0kbps,24000,20260826,545.0,440.0,602.7961449039523,440Hz_ongrid,4,440.14920116978845,601.7048050361758,439.99999891349626,602.7961478509721,440.14920116978845,601.7048050361758,0.0,0.0,0,541.275873978206,545.0000127388407,-3.72412602179395,1.2738840723613976e-05,-3.137175201571188,8.463858099910728e-06
encodec,12.0kbps,24000,20260826,545.0,452.8929,620.4593049417526,452.9Hz_+50c,0,451.09824210490706,622.6071697767468,452.8929010460239,620.4593043474626,451.09824210490706,622.6071697767468,0.0,0.0,0,557.8566319129152,544.9999943432407,12.85663191291519,-5.656759299199621e-06,5.982721779278828,-1.6582152893758844e-06
encodec,12.0kbps,24000,20260826,545.0,452.8929,620.4593049417526,452.9Hz_+50c,1,451.17802075924936,622.0493907274561,452.89290104098467,620.4593043479312,451.17802075924936,622.0493907274561,0.0,0.0,0,555.9988160097191,544.999994363811,10.998816009719121,-5.636189030155947e-06,4.431054954432081,-1.6569079069498958e-06
encodec,12.0kbps,24000,20260826,545.0,452.8929,620.4593049417526,452.9Hz_+50c,2,450.89229059335156,621.9141448927639,452.89290104232515,620.459304348727,450.89229059335156,621.9141448927639,0.0,0.0,0,556.7191050619709,544.9999943609074,11.719105061970936,-5.639092591991357e-06,4.0546095229840455,-1.6546875479694479e-06
encodec,12.0kbps,24000,20260826,545.0,452.8929,620.4593049417526,452.9Hz_+50c,3,451.145576263972,622.112463285321,452.8929010510983,620.4593043500302,451.145576263972,622.112463285321,0.0,0.0,0,556.2988438033744,544.9999943310073,11.298843803374439,-5.668992685059493e-06,4.606584142180175,-1.6510512104044358e-06
encodec,12.0kbps,24000,20260826,545.0,452.8929,620.4593049417526,452.9Hz_+50c,4,451.0157213867067,622.2416961234226,452.89290103888425,620.4593043474507,451.0157213867067,622.2416961234226,0.0,0.0,0,557.1568187861313,544.9999943704995,12.156818786131339,-5.629500492432271e-06,4.966179983431099,-1.6582485409430259e-06
encodec,12.0kbps,24000,20260826,550.0,440.0,604.5396048815592,440Hz_ongrid,0,440.3304492968316,604.604128450181,439.9999989131431,604.5396038248867,440.3304492968316,603.8783677968225,0.0,2.079404061744492,0,548.8850624173785,550.0000012503547,-1.114937582621451,1.2503546713560354e-06,0.18476777572757272,-3.0260173510461356e-06
encodec,12.0kbps,24000,20260826,550.0,440.0,604.5396048815592,440Hz_ongrid,1,440.25142898962986,604.1165838564389,439.9999989167283,604.5396038275851,440.25142898962986,603.1730295592896,0.0,2.7060841753436153,0,547.7991651689217,550.0000012439756,-2.200834831078282,1.2439755892046378e-06,-1.211839129913455,-3.0182899174830834e-06
encodec,12.0kbps,24000,20260826,550.0,440.0,604.5396048815592,440Hz_ongrid,2,440.1427134670662,604.1554057325127,439.9999989183781,604.5396038241529,440.1427134670662,603.4135751480871,0.0,2.1270545174433075,0,548.337977626376,550.0000012276555,-1.6620223736240405,1.2276555025891867e-06,-1.10058975177696,-3.0281187347677827e-06
encodec,12.0kbps,24000,20260826,550.0,440.0,604.5396048815592,440Hz_ongrid,3,440.1234604949009,604.9346379315413,439.99999890736245,604.5396038204395,440.1234604949009,603.9796528869718,0.0,2.7351864097656007,0,550.6451934894814,550.0000012603638,0.6451934894813576,1.2603637742358842e-06,1.1308958334885637,-3.0387528934770097e-06
encodec,12.0kbps,24000,20260826,550.0,440.0,604.5396048815592,440Hz_ongrid,4,440.16604914639515,604.410199725127,439.9999989121756,604.5396038244915,440.16604914639515,603.3440717128543,0.0,3.056445567724734,0,548.9761622779137,550.0000012530294,-1.0238377220863413,1.2530293815871119e-06,-0.37062020762506265,-3.027149249768972e-06
encodec,12.0kbps,24000,20260826,550.0,452.8929,622.2538518628716,452.9Hz_+50c,0,451.42669745115086,623.1545768041028,452.8929010462011,622.2538529497125,451.42669745115086,623.1545768041028,0.0,0.0,0,558.118000238427,549.9999990245864,8.118000238427044,-9.754136272022151e-07,2.5041840461265803,3.023807942501151e-06
encodec,12.0kbps,24000,20260826,550.0,452.8929,622.2538518628716,452.9Hz_+50c,1,451.4526215638204,623.1563263683365,452.8929010339554,622.253852951784,451.4526215638204,623.1563263683365,0.0,0.0,0,558.0234439868802,549.9999990771602,8.023443986880238,-9.228398312188801e-07,2.509044639361821,3.0295710349084982e-06
encodec,12.0kbps,24000,20260826,550.0,452.8929,622.2538518628716,452.9Hz_+50c,2,451.86910724003445,623.1950668691044,452.8929010420613,622.253852957553,451.86910724003445,623.1950668691044,0.0,0.0,0,556.5346620609771,549.999999062225,6.534662060977098,-9.377749847772066e-07,2.616668980928269,3.0456217393091703e-06
encodec,12.0kbps,24000,20260826,550.0,452.8929,622.2538518628716,452.9Hz_+50c,3,450.98503375111,622.8650192904576,452.89290105144687,622.2538529517764,450.98503375111,622.8650192904576,0.0,0.0,0,559.0079929034378,549.9999990102757,9.007992903437753,-9.897242989609367e-07,1.6995549096653617,3.02954989229361e-06
encodec,12.0kbps,24000,20260826,550.0,452.8929,622.2538518628716,452.9Hz_+50c,4,451.38409036934013,623.2572029797778,452.8929010509691,622.2538529575994,451.38409036934013,623.2572029797778,0.0,0.0,0,558.5664975654321,549.999999028303,8.566497565432087,-9.7169697710342e-07,2.789274307526998,3.0457509014655774e-06
encodec,12.0kbps,24000,20260826,555.0,440.0,606.2881074473102,440Hz_ongrid,0,440.1489556123971,607.8833857699212,439.999998906478,606.2881094336982,440.1489556123971,605.8908742524309,0.0,5.683934804726656,0,558.963292876551,555.0000099746569,3.9632928765510087,9.974656904887524e-06,4.549277848296899,5.6720599964872655e-06
encodec,12.0kbps,24000,20260826,555.0,440.0,606.2881074473102,440Hz_ongrid,1,440.1243239342834,606.643120853818,439.9999989095112,606.2881094391992,440.1243239342834,605.6644415516031,0.0,2.7952037118690494,0,555.524332734294,555.0000099784304,0.5243327342940347,9.97843039840518e-06,1.0134314302934526,5.687767806091597e-06
encodec,12.0kbps,24000,20260826,555.0,440.0,606.2881074473102,440Hz_ongrid,2,440.1695678411856,607.060746100874,439.9999989139031,606.2881094369307,440.1695678411856,605.7558895272923,0.0,3.725234193864101,0,556.5377805251882,555.000009954672,1.5377805251881682,9.95467200937128e-06,2.2048374984007517,5.681290477722152e-06
encodec,12.0kbps,24000,20260826,555.0,440.0,606.2881074473102,440Hz_ongrid,3,440.2474474097428,607.6027331888282,439.99999891364564,606.2881094416949,440.2474474097428,605.8452886454123,0.0,5.014718233505517,0,557.7764644005314,555.0000099692894,2.776464400531381,9.969289408218174e-06,3.7498029626479488,5.694894404942676e-06
encodec,12.0kbps,24000,20260826,555.0,440.0,606.2881074473102,440Hz_ongrid,4,440.3870827454827,607.3641774931958,439.999998910727,606.2881094396109,440.3870827454827,605.5317148852031,0.0,5.231156431957617,0,556.547600979991,555.0000099748223,1.547600979990989,9.97482231923641e-06,3.0699560556187495,5.688943719888754e-06
encodec,12.0kbps,24000,20260826,555.0,452.8929,624.0535891302816,452.9Hz_+50c,0,451.2581468997908,624.3088038735866,452.89290104404165,624.0535912971836,451.2581468997908,624.3088038735866,0.0,0.0,0,561.9681986887688,555.0000020203996,6.96819868876878,2.020399620050739e-06,0.707865700000687,6.011366289941118e-06
encodec,12.0kbps,24000,20260826,555.0,452.8929,624.0535891302816,452.9Hz_+50c,1,451.2616604825679,624.3690598324924,452.89290103802824,624.0535913004214,451.2616604825679,624.3690598324924,0.0,0.0,0,562.1218032147009,555.0000020523688,7.12180321470089,2.0523688135654083e-06,0.8749498949400489,6.020348441552483e-06
encodec,12.0kbps,24000,20260826,555.0,452.8929,624.0535891302816,452.9Hz_+50c,2,450.6852940132844,624.4392303754006,452.8929010380168,624.0535912939804,450.6852940132844,624.4392303754006,0.0,0.0,0,564.5289625852946,555.0000020345439,9.528962585294607,2.034543854279036e-06,1.0695059916675949,6.002479856713309e-06
encodec,12.0kbps,24000,20260826,555.0,452.8929,624.0535891302816,452.9Hz_+50c,3,451.6247081972141,624.366211515914,452.89290104729616,624.0535912961432,451.6247081972141,624.366211515914,0.0,0.0,0,560.7216580612976,555.0000020050726,5.721658061297603,2.005072587962786e-06,0.8670521398973154,6.008479746397081e-06
encodec,12.0kbps,24000,20260826,555.0,452.8929,624.0535891302816,452.9Hz_+50c,4,451.32287981486115,624.399095627917,452.89290104661313,624.0535912962458,451.32287981486115,624.399095627917,0.0,0.0,0,561.970235881457,555.0000020079681,6.970235881457029,2.007968078032718e-06,0.9582303525852625,6.0087645950808116e-06
encodec,12.0kbps,24000,20260826,560.0,440.0,608.0416671858214,440Hz_ongrid,0,440.18737464221084,609.4949669967084,439.99999890671063,608.041665749722,440.18737464221084,607.5479879679203,0.0,5.539129492786065,0,563.395849016436,560.0000002127769,3.3958490164360455,2.1277685391396517e-07,4.132940628456023,-4.088904272505327e-06
encodec,12.0kbps,24000,20260826,560.0,440.0,608.0416671858214,440Hz_ongrid,1,440.103290075538,609.367142097986,439.999998915297,608.041665747083,440.103290075538,609.367142097986,0.0,0.0,0,563.3634637646727,560.000000171479,3.3634637646727015,1.7147897324321093e-07,3.7698235602548285,-4.096418165661909e-06
encodec,12.0kbps,24000,20260826,560.0,440.0,608.0416671858214,440Hz_ongrid,2,440.2869273819543,610.044005672112,439.9999989148841,608.0416657522995,440.2869273819543,610.044005672112,0.0,0.0,0,564.5631671113816,560.0000001879563,4.563167111381631,1.8795628875523107e-07,5.691750202619195,-4.08156547864189e-06
encodec,12.0kbps,24000,20260826,560.0,440.0,608.0416671858214,440Hz_ongrid,3,440.2059320503566,609.8387493464109,439.99999891090636,608.0416657494121,440.2059320503566,609.8387493464109,0.0,0.0,0,564.2990831749395,560.000000195386,4.299083174939483,1.9538595097401412e-07,5.10915856955982,-4.089786688372153e-06
encodec,12.0kbps,24000,20260826,560.0,440.0,608.0416671858214,440Hz_ongrid,4,440.1152955882689,609.8314440961343,439.9999989109016,608.0416657515148,440.1152955882689,609.8314440961343,0.0,0.0,0,564.6348347859627,560.0000002013915,4.634834785962653,2.013914581766585e-07,5.088420015672348,-4.083800060839161e-06
encodec,12.0kbps,24000,20260826,560.0,452.8929,625.858531755958,452.9Hz_+50c,0,451.14594067441,625.5034608683719,452.8929010464834,625.858533500653,451.14594067441,625.5034608683719,0.0,0.0,0,565.7083944336645,560.0000008258306,5.708394433664466,8.258306252173497e-07,-0.9824668330057988,4.826131290326774e-06
encodec,12.0kbps,24000,20260826,560.0,452.8929,625.858531755958,452.9Hz_+50c,1,451.34212221792313,625.556773198868,452.8929010406297,625.8585334968581,451.34212221792313,625.556773198868,0.0,0.0,0,565.1032767847619,560.0000008377098,5.103276784761874,8.377097628908814e-07,-0.8349181869334178,4.815633789840064e-06
encodec,12.0kbps,24000,20260826,560.0,452.8929,625.858531755958,452.9Hz_+50c,2,451.0389734412163,625.5823076468847,452.8929010466238,625.8585334997225,451.0389734412163,625.5823076468847,0.0,0.0,0,566.3371347536693,560.0000008227202,6.337134753669261,8.227201533372863e-07,-0.7642528124541157,4.823557273069602e-06
encodec,12.0kbps,24000,20260826,560.0,452.8929,625.858531755958,452.9Hz_+50c,3,451.65271850886506,625.3957681061469,452.892901046962,625.8585334938612,451.65271850886506,625.3957681061469,0.0,0.0,0,563.466677423028,560.0000008052137,3.4666774230280453,8.052137445702101e-07,-1.2805585944267928,4.8073439627565314e-06
encodec,12.0kbps,24000,20260826,560.0,452.8929,625.858531755958,452.9Hz_+50c,4,451.25797265420755,625.5416509482101,452.8929010498206,625.8585334918384,451.25797265420755,625.5416509482101,0.0,0.0,0,565.3842318164101,560.0000007886914,5.384231816410079,7.886914090704522e-07,-0.8767696587815607,4.801748473629317e-06
encodec,12.0kbps,24000,20260826,565.0,440.0,609.8002987238928,440Hz_ongrid,0,440.1163643857361,613.9652577660081,439.99999890905997,609.8002998390418,440.1163643857361,609.8089348942889,0.0,11.759678190040486,0,576.3264068221024,565.000007458366,11.326406822102399,7.458365985257842e-06,11.784196259978792,3.165928215362956e-06
encodec,12.0kbps,24000,20260826,565.0,440.0,609.8002987238928,440Hz_ongrid,1,440.1204093341576,613.1293535465026,439.9999989153679,609.8002998410267,440.1204093341576,613.1293535465026,0.0,0.0,0,573.9518413268538,565.0000074391816,8.95184132685381,7.439181558765995e-06,9.42554183012335,3.171563298846973e-06
encodec,12.0kbps,24000,20260826,565.0,440.0,609.8002987238928,440Hz_ongrid,2,440.0941272408073,614.5967291137421,439.9999989172288,609.8002998407987,440.0941272408073,614.5967291137421,0.0,0.0,0,578.1935626242285,565.0000074312125,13.193562624228548,7.431212452502223e-06,13.563878207091406,3.1709163348314473e-06
encodec,12.0kbps,24000,20260826,565.0,440.0,609.8002987238928,440Hz_ongrid,3,440.157679435172,611.2993777865278,439.99999890332896,609.8002998395841,440.157679435172,611.2993777865278,0.0,0.0,0,568.6303919131577,565.0000074824547,3.630391913157723,7.482454748242162e-06,4.250689880910283,3.1674677821378736e-06
encodec,12.0kbps,24000,20260826,565.0,440.0,609.8002987238928,440Hz_ongrid,4,440.1395275324526,611.0309658541145,439.99999890959066,609.8002998401123,440.1395275324526,611.0309658541145,0.0,0.0,0,567.9414641413,565.0000074593171,2.9414641413000027,7.459317089342221e-06,3.49036533123956,3.168967370150095e-06
encodec,12.0kbps,24000,20260826,565.0,452.8929,627.6686947952957,452.9Hz_+50c,0,451.5030598557289,626.5593096158804,452.8929010427299,627.6686924581252,451.5030598557289,626.5593096158804,0.0,0.0,0,567.2583785439763,564.9999895676707,2.258378543976278,-1.0432329304421728e-05,-3.0626104508165892,-6.446377152109804e-06
encodec,12.0kbps,24000,20260826,565.0,452.8929,627.6686947952957,452.9Hz_+50c,1,450.8704725531688,626.6245946118203,452.8929010470989,627.6686924605355,450.8704725531688,626.6245946118203,0.0,0.0,0,569.8660374088433,564.9999895576176,4.86603740884334,-1.0442382404107775e-05,-2.8822321239239796,-6.439729145130225e-06
encodec,12.0kbps,24000,20260826,565.0,452.8929,627.6686947952957,452.9Hz_+50c,2,451.2092612365755,626.6466890509771,452.89290103898236,627.6686924603163,451.2092612365755,626.6466890509771,0.0,0.0,0,568.6267002253929,564.9999895880394,3.6267002253929377,-1.0411960602141335e-05,-2.821190838025338,-6.4403336317137435e-06
encodec,12.0kbps,24000,20260826,565.0,452.8929,627.6686947952957,452.9Hz_+50c,3,451.6486735169424,626.6029491609626,452.8929010399298,627.6686924570911,451.6486735169424,626.6029491609626,0.0,0.0,0,566.820705924258,564.9999895755219,1.82070592425805,-1.0424478091408673e-05,-2.9420350571138796,-6.449229483079423e-06
encodec,12.0kbps,24000,20260826,565.0,452.8929,627.6686947952957,452.9Hz_+50c,4,450.7352210738798,626.6711153983847,452.89290104472497,627.6686924613008,450.7352210738798,626.6711153983847,0.0,0.0,0,570.5139709651254,564.9999895688031,5.513970965125395,-1.0431196869831183e-05,-2.7537095907605638,-6.437618151124889e-06
encodec,12.0kbps,24000,20260826,570.0,440.0,611.5640167306283,440Hz_ongrid,0,440.15147478696076,615.4573953021395,439.9999989138445,611.5640137634762,440.15147478696076,615.4573953021395,0.0,0.0,0,580.3906663891621,569.9999958741076,10.390666389162106,-4.125892360207217e-06,10.98655997989687,-8.399504634078321e-06
encodec,12.0kbps,24000,20260826,570.0,440.0,611.5640167306283,440Hz_ongrid,1,440.1459194397074,616.2011821763714,439.9999989133867,611.5640137638214,440.1459194397074,616.2011821763714,0.0,0.0,0,582.5034689337884,569.999995876886,12.50346893378844,-4.123113967580139e-06,13.077511712780604,-8.398527268647265e-06
encodec,12.0kbps,24000,20260826,570.0,440.0,611.5640167306283,440Hz_ongrid,2,440.3232439691035,615.5748475846881,439.99999891929457,611.5640137649258,440.3232439691035,615.5748475846881,0.0,0.0,0,580.0455364900984,569.9999958567671,10.045536490098357,-4.143232899878058e-06,11.316912645280727,-8.39540104470703e-06
encodec,12.0kbps,24000,20260826,570.0,440.0,611.5640167306283,440Hz_ongrid,3,440.3418334047269,615.4502848740934,439.99999891202987,611.564013761427,440.3418334047269,615.4502848740934,0.0,0.0,0,579.6220954441594,569.9999958754465,9.622095444159413,-4.12455347031937e-06,10.96655878023715,-8.405305591025173e-06
encodec,12.0kbps,24000,20260826,570.0,440.0,611.5640167306283,440Hz_ongrid,4,440.22402021482566,617.2056575459197,439.99999890793157,611.564013765115,440.22402021482566,617.2056575459197,0.0,0.0,0,585.0161042802782,569.9999959020121,15.016104280278228,-4.097987925888447e-06,15.89731502448028,-8.394865367724464e-06
encodec,12.0kbps,24000,20260826,570.0,452.8929,629.4840933472335,452.9Hz_+50c,0,451.01644561853465,627.855847437834,452.8929010420356,629.4840911996433,451.01644561853465,627.855847437834,0.0,0.0,0,572.7039857798047,569.9999901103074,2.703985779804725,-9.889692591968924e-06,-4.48387304487302,-5.9063941883775205e-06
encodec,12.0kbps,24000,20260826,570.0,452.8929,629.4840933472335,452.9Hz_+50c,1,451.1361293477093,627.8728552958275,452.89290104318286,629.4840912025916,451.1361293477093,627.8728552958275,0.0,0.0,0,572.2915351682866,569.9999901140301,2.2915351682866003,-9.88596991646773e-06,-4.436976636759005,-5.898285995526071e-06
encodec,12.0kbps,24000,20260826,570.0,452.8929,629.4840933472335,452.9Hz_+50c,2,451.3509199254991,628.0035648661645,452.8929010368256,629.4840912015572,451.3509199254991,628.0035648661645,0.0,0.0,0,571.8278409221977,569.9999901354868,1.8278409221976517,-9.86451323115034e-06,-4.076608600715782,-5.901130638271153e-06
encodec,12.0kbps,24000,20260826,570.0,452.8929,629.4840933472335,452.9Hz_+50c,3,451.5112260091715,627.5518142049777,452.89290104805303,629.4840912018893,451.5112260091715,627.5518142049777,0.0,0.0,0,569.9672674083089,569.999990093482,-0.032732591691114976,-9.906518016578048e-06,-5.322409738794565,-5.900217277303272e-06
encodec,12.0kbps,24000,20260826,570.0,452.8929,629.4840933472335,452.9Hz_+50c,4,451.15853940622355,627.9763768051656,452.8929010388891,629.48409120135,451.15853940622355,627.9763768051656,0.0,0.0,0,572.4909551129693,569.9999901270289,2.4909551129693455,-9.872971077129478e-06,-4.151560270523647,-5.9017005278481244e-06
encodec,12.0kbps,24000,20260826,575.0,440.0,613.3328359175597,440Hz_ongrid,0,440.1112136438608,618.8036126907315,439.9999989065998,613.3328349394708,440.1112136438608,618.8036126907315,0.0,0.0,0,589.9361864897302,575.0000015412986,14.936186489730176,1.5412986158480635e-06,15.37371494070915,-2.760818804400737e-06
encodec,12.0kbps,24000,20260826,575.0,440.0,613.3328359175597,440Hz_ongrid,1,440.1571198019547,617.8418370240895,439.9999989159739,613.3328349350791,440.1571198019547,617.8418370240895,0.0,0.0,0,587.0627539513163,575.0000014920187,12.062753951316267,1.4920186686140369e-06,12.680850760843313,-2.7732151039623622e-06
encodec,12.0kbps,24000,20260826,575.0,440.0,613.3328359175597,440Hz_ongrid,2,440.1219371183645,618.1815366033134,439.99999891723826,613.3328349405718,440.1219371183645,618.1815366033134,0.0,0.0,0,588.1527399648221,575.0000015025482,13.152739964822104,1.5025482298369752e-06,13.63245006771876,-2.757710840001782e-06
encodec,12.0kbps,24000,20260826,575.0,440.0,613.3328359175597,440Hz_ongrid,3,440.2077828714335,617.7285343363703,439.9999989170785,613.3328349332461,440.2077828714335,617.7285343363703,0.0,0.0,0,586.5459857007511,575.0000014824984,11.545985700751089,1.482498419136391e-06,12.363339956235539,-2.77838908625403e-06
encodec,12.0kbps,24000,20260826,575.0,440.0,613.3328359175597,440Hz_ongrid,4,440.19907172221497,617.6000295378234,439.9999989128813,613.3328349293326,440.19907172221497,617.6000295378234,0.0,0.0,0,586.2200624185722,575.0000014879668,11.220062418572184,1.4879667560308008e-06,12.00315742662959,-2.7894353337478374e-06
encodec,12.0kbps,24000,20260826,575.0,452.8929,631.3047425543814,452.9Hz_+50c,0,451.306867750942,629.1440692631131,452.8929010402489,631.3047410399803,451.306867750942,629.1440692631131,0.0,0.0,0,575.138026036593,574.999991870573,0.13802603659303259,-8.129426987579791e-06,-5.935401421547952,-4.152959092068662e-06
encodec,12.0kbps,24000,20260826,575.0,452.8929,631.3047425543814,452.9Hz_+50c,1,451.5718885700556,629.3976615084257,452.89290103705036,631.3047410418361,451.5718885700556,629.3976615084257,0.0,0.0,0,574.8193688449793,574.9999918878888,-0.1806311550207056,-8.112111231639574e-06,-5.23772485688318,-4.147869872438381e-06
encodec,12.0kbps,24000,20260826,575.0,452.8929,631.3047425543814,452.9Hz_+50c,2,451.5282101804706,629.2822910153394,452.8929010419331,631.3047410434173,451.5282101804706,629.2822910153394,0.0,0.0,0,574.6694614152425,574.9999918735599,-0.3305385847575053,-8.126440093292331e-06,-5.5550943773040995,-4.1435337143124335e-06
encodec,12.0kbps,24000,20260826,575.0,452.8929,631.3047425543814,452.9Hz_+50c,3,451.39604985822433,629.1912522581279,452.89290105396304,631.30474104124,451.39604985822433,629.1912522581279,0.0,0.0,0,574.9257830918839,574.9999918216035,-0.0742169081161137,-8.17839645606e-06,-5.805571468994462,-4.149504388781604e-06
encodec,12.0kbps,24000,20260826,575.0,452.8929,631.3047425543814,452.9Hz_+50c,4,451.53223015164536,629.2931302904952,452.8929010354093,631.3047410416823,451.53223015164536,629.2931302904952,0.0,0.0,0,574.6838681883152,574.9999918937401,-0.3161318116848406,-8.10625988378888e-06,-5.525274436599955,-4.148291571504354e-06
encodec,12.0kbps,24000,20260826,580.0,440.0,615.1067710387686,440Hz_ongrid,0,440.30613050149685,619.4673088553513,439.999998914683,615.1067723935889,440.30613050149685,619.4673088553513,0.0,0.0,0,591.0254611073208,580.0000080834906,11.02546110732078,8.083490570243157e-06,12.229550345484922,3.813177079453512e-06
encodec,12.0kbps,24000,20260826,580.0,440.0,615.1067710387686,440Hz_ongrid,1,440.0875801330586,619.8710067008077,439.9999989163796,615.1067723853913,440.0875801330586,619.8710067008077,0.0,0.0,0,593.0128424596842,580.0000080537426,13.01284245968418,8.053742590163893e-06,13.357402960924995,3.790104720453101e-06
encodec,12.0kbps,24000,20260826,580.0,440.0,615.1067710387686,440Hz_ongrid,2,440.10377853614705,619.883441771115,439.9999989147983,615.1067723899114,440.10377853614705,619.883441771115,0.0,0.0,0,592.9838511947817,580.0000080726861,12.983851194781664,8.072686114246608e-06,13.39213244650329,3.802826808442453e-06
encodec,12.0kbps,24000,20260826,580.0,440.0,615.1067710387686,440Hz_ongrid,3,440.1187932891065,618.5932789754455,439.99999891338314,615.106772388975,440.1187932891065,618.5932789754455,0.0,0.0,0,589.3178181295083,580.0000080756187,9.317818129508282,8.075618666225637e-06,9.785161832923837,3.8001909009838416e-06
encodec,12.0kbps,24000,20260826,580.0,440.0,615.1067710387686,440Hz_ongrid,4,440.1377288947414,619.5042188439944,439.9999989085959,615.1067723934597,440.1377288947414,619.5042188439944,0.0,0.0,0,591.7908736818614,580.0000081070771,11.790873681861399,8.107077064778423e-06,12.33270013977799,3.8128134264776007e-06
encodec,12.0kbps,24000,20260826,580.0,452.8929,633.1306576031452,452.9Hz_+50c,0,451.2187427507825,630.5759650474216,452.89290104602145,633.1306562406141,451.2187427507825,630.5759650474216,0.0,0.0,0,579.4118229083609,579.999992275757,-0.5881770916390678,-7.724243005213793e-06,-6.9996891416404186,-3.725708359866108e-06
encodec,12.0kbps,24000,20260826,580.0,452.8929,633.1306576031452,452.9Hz_+50c,1,450.84274320821004,630.5347263717833,452.8929010468671,633.1306562429373,450.84274320821004,630.5347263717833,0.0,0.0,0,580.741833988747,579.9999922788769,0.7418339887469756,-7.721123097326199e-06,-7.11291282599202,-3.7193557728897933e-06
encodec,12.0kbps,24000,20260826,580.0,452.8929,633.1306576031452,452.9Hz_+50c,2,451.71022888830316,630.7203804001074,452.89290103787476,633.130656241784,451.71022888830316,630.7203804001074,0.0,0.0,0,577.9235615099695,579.9999923100974,-2.076438490030455,-7.689902645324764e-06,-6.603244994675898,-3.7225094822210475e-06
encodec,12.0kbps,24000,20260826,580.0,452.8929,633.1306576031452,452.9Hz_+50c,3,451.58194904326854,630.443055709159,452.8929010501566,633.1306562417298,451.58194904326854,630.443055709159,0.0,0.0,0,577.6538967332542,579.9999922630005,-2.3461032667457857,-7.736999464214023e-06,-7.364627606332483,-3.7226578649370234e-06
encodec,12.0kbps,24000,20260826,580.0,452.8929,633.1306576031452,452.9Hz_+50c,4,451.1259573870314,630.8044577225872,452.89290104729287,633.130656240063,451.1259573870314,630.8044577225872,0.0,0.0,0,580.3950665502107,579.9999922693898,0.3950665502106858,-7.73061015024723e-06,-6.372480574906527,-3.727215443902337e-06
encodec,12.0kbps,24000,20260826,585.0,440.0,616.8858368910095,440Hz_ongrid,0,440.19468457622764,620.4944940591535,439.99999890865945,616.8858384272448,440.19468457622764,620.4944940591535,0.0,0.0,0,594.3320209736339,585.0000086053182,9.332020973633917,8.605318157606234e-06,10.097861937220284,4.311304774145498e-06
encodec,12.0kbps,24000,20260826,585.0,440.0,616.8858368910095,440Hz_ongrid,1,440.12105583264827,620.8936927227144,439.9999989202734,616.8858384255278,440.12105583264827,620.8936927227144,0.0,0.0,0,595.735059549787,585.0000085548031,10.735059549787024,8.5548031165672e-06,11.211303082995364,4.306486180010453e-06
encodec,12.0kbps,24000,20260826,585.0,440.0,616.8858368910095,440Hz_ongrid,2,440.19798648787895,620.8000600374465,439.9999989111155,616.8858384257192,440.19798648787895,620.8000600374465,0.0,0.0,0,595.1713810114113,585.0000085913731,10.171381011411313,8.591373102717625e-06,10.950207957425139,4.307023202428216e-06
encodec,12.0kbps,24000,20260826,585.0,440.0,616.8858368910095,440Hz_ongrid,3,440.2094350379353,620.9110009591061,439.99999892076096,616.8858384281127,440.2094350379353,620.9110009591061,0.0,0.0,0,595.435711032025,585.000008560139,10.435711032024983,8.560139008295664e-06,11.259562858989398,4.313740403378812e-06
encodec,12.0kbps,24000,20260826,585.0,440.0,616.8858368910095,440Hz_ongrid,4,440.1813594392388,620.4033536660082,439.99999891432435,616.885838425868,440.1813594392388,620.4033536660082,0.0,0.0,0,594.1301196010572,585.0000085791651,9.130119601057231,8.579165069022565e-06,9.843553571013773,4.3074410573803345e-06
encodec,12.0kbps,24000,20260826,585.0,452.8929,634.9618537238551,452.9Hz_+50c,0,451.0434720595376,632.123816970292,452.89290104549787,634.9618523665322,451.0434720595376,632.123816970292,0.0,0.0,0,584.3288215586831,584.9999923027032,-0.6711784413168971,-7.697296837250178e-06,-7.755298935565724,-3.7007635339015187e-06
encodec,12.0kbps,24000,20260826,585.0,452.8929,634.9618537238551,452.9Hz_+50c,1,450.79660921845726,632.1820466058555,452.8929010400865,634.9618523642454,450.79660921845726,632.1820466058555,0.0,0.0,0,585.4360807761569,584.9999923171534,0.43608077615692764,-7.682846558054734e-06,-7.595829410464423,-3.7069986832618838e-06
encodec,12.0kbps,24000,20260826,585.0,452.8929,634.9618537238551,452.9Hz_+50c,2,451.39863515029424,632.497092140261,452.8929010472806,634.9618523609096,451.39863515029424,632.497092140261,0.0,0.0,0,583.9881488817193,584.9999922805583,-1.0118511182806742,-7.719441668996296e-06,-6.733290366779208,-3.7160936596054234e-06
encodec,12.0kbps,24000,20260826,585.0,452.8929,634.9618537238551,452.9Hz_+50c,3,451.2438759319571,632.2159181131411,452.8929010420487,634.9618523594911,451.2438759319571,632.2159181131411,0.0,0.0,0,583.8120092744073,584.9999922966903,-1.1879907255927264,-7.703309734097274e-06,-7.5030745842840165,-3.719961220500315e-06
encodec,12.0kbps,24000,20260826,585.0,452.8929,634.9618537238551,452.9Hz_+50c,4,451.12453623076425,632.0895788499931,452.8929010413098,634.9618523632629,451.12453623076425,632.0895788499931,0.0,0.0,0,583.92392954624,584.9999923097985,-1.0760704537600532,-7.690201528021134e-06,-7.84907139494287,-3.7096774525786423e-06
encodec,12.0kbps,24000,20260826,590.0,440.0,618.6700483138337,440Hz_ongrid,0,440.16578936023757,621.4457392858224,439.99999891456514,618.6700468146186,440.16578936023757,621.4457392858224,0.0,0.0,0,597.0976914778821,590.0000000754995,7.097691477882108,7.549954261776293e-08,7.749887217094917,-4.19527718917698e-06
encodec,12.0kbps,24000,20260826,590.0,440.0,618.6700483138337,440Hz_ongrid,1,440.2834466127715,621.6735702524992,439.9999989177667,618.6700468140328,440.2834466127715,621.6735702524992,0.0,0.0,0,597.2695698125051,590.0000000612637,7.269569812505097,6.126367679826217e-08,8.38446626084797,-4.196916126248834e-06
encodec,12.0kbps,24000,20260826,590.0,440.0,618.6700483138337,440Hz_ongrid,2,440.2565359416411,621.6499888174094,439.9999989167695,618.6700468148065,440.2565359416411,621.6499888174094,0.0,0.0,0,597.3097174910718,590.000000067352,7.309717491071751,6.735194801876787e-08,8.318795530070885,-4.194751314680839e-06
encodec,12.0kbps,24000,20260826,590.0,440.0,618.6700483138337,440Hz_ongrid,3,440.178087389973,621.1225788690875,439.99999890894077,618.6700468135095,440.178087389973,621.1225788690875,0.0,0.0,0,596.1488223603308,590.000000094526,6.148822360330769,9.452594440517714e-08,6.84938730702709,-4.1983805406443384e-06
encodec,12.0kbps,24000,20260826,590.0,440.0,618.6700483138337,440Hz_ongrid,4,440.1103908244855,622.0596677471428,439.9999989105065,618.6700468138583,440.1103908244855,622.0596677471428,0.0,0.0,0,599.0250434780004,590.0000000893413,9.025043478000384,8.934125617088284e-08,9.459335260141495,-4.19740452065479e-06
encodec,12.0kbps,24000,20260826,590.0,452.8929,636.7983461908916,452.9Hz_+50c,0,450.89508275212506,632.3746594196228,452.8929010471312,636.7983446703583,450.89508275212506,632.3746594196228,0.0,0.0,0,585.5853363859331,589.9999918634202,-4.414663614066853,-8.136579822348722e-06,-12.068438487668752,-4.133803114078243e-06
encodec,12.0kbps,24000,20260826,590.0,452.8929,636.7983461908916,452.9Hz_+50c,1,451.38807637279075,633.6847867396083,452.8929010402869,636.7983446631295,451.38807637279075,633.6847867396083,0.0,0.0,0,587.2764848541233,589.9999918699306,-2.7235151458767177,-8.130069431899756e-06,-8.48545059330758,-4.153455943520596e-06
encodec,12.0kbps,24000,20260826,590.0,452.8929,636.7983461908916,452.9Hz_+50c,2,451.07191500634207,633.3644473494879,452.8929010420613,636.798344671548,451.07191500634207,633.3644473494879,0.0,0.0,0,587.6141090240088,589.9999918860349,-2.385890975991174,-8.1139651229023e-06,-9.360842734874133,-4.130568870603742e-06
encodec,12.0kbps,24000,20260826,590.0,452.8929,636.7983461908916,452.9Hz_+50c,3,451.09890121799316,633.8038727418847,452.89290104771516,636.798344664979,451.09890121799316,633.8038727418847,0.0,0.0,0,588.7112437314576,589.9999918465636,-1.2887562685424427,-8.153436397151381e-06,-8.16013684635996,-4.148427653062562e-06
encodec,12.0kbps,24000,20260826,590.0,452.8929,636.7983461908916,452.9Hz_+50c,4,451.2981656743824,634.0203373986622,452.8929010436155,636.7983446686551,451.2981656743824,634.0203373986622,0.0,0.0,0,588.5378443460382,589.9999918722291,-1.4621556539617586,-8.1277709114147e-06,-7.568965002697775,-4.1384335389635105e-06
encodec,12.0kbps,24000,20260826,595.0,440.0,620.4594201897127,440Hz_ongrid,0,440.24363755180417,622.3262495154065,439.99999890399863,620.459419594368,440.24363755180417,622.3262495154065,0.0,0.0,0,599.2427348214148,595.0000026511944,4.242734821414842,2.6511944497542572e-06,5.201091390191316,-1.6611577647595196e-06
encodec,12.0kbps,24000,20260826,595.0,440.0,620.4594201897127,440Hz_ongrid,1,440.1356289887207,622.3404507456555,439.9999989119195,620.4594195914228,440.1356289887207,622.3404507456555,0.0,0.0,0,599.7070303062236,595.0000026118113,4.707030306223601,2.6118112828044104e-06,5.240596991717354,-1.6693755147776605e-06
encodec,12.0kbps,24000,20260826,595.0,440.0,620.4594201897127,440Hz_ongrid,2,440.13998213084875,621.8370536287723,439.9999989155699,620.4594195930541,440.13998213084875,621.8370536287723,0.0,0.0,0,598.2889849608831,595.000002602,3.2889849608831128,2.6019999950221973e-06,3.839674256108083,-1.6648237019854767e-06
encodec,12.0kbps,24000,20260826,595.0,440.0,620.4594201897127,440Hz_ongrid,3,440.2413758821815,622.4924019562607,439.9999989084988,620.4594195916394,440.2413758821815,622.4924019562607,0.0,0.0,0,599.7137824233713,595.0000026258746,4.713782423371299,2.6258745720042498e-06,5.663245077092435,-1.6687712204013983e-06
encodec,12.0kbps,24000,20260826,595.0,440.0,620.4594201897127,440Hz_ongrid,4,440.1577793277534,622.2581044833273,439.9999989156392,620.4594195942017,440.1577793277534,622.2581044833273,0.0,0.0,0,599.3908191593201,595.0000026049291,4.390819159320131,2.6049291363960947e-06,5.01151002586025,-1.6616217490547775e-06
encodec,12.0kbps,24000,20260826,595.0,452.8929,638.6401503228125,452.9Hz_+50c,0,451.51696528286305,635.5477041764123,452.89290105121563,638.6401481566592,451.51696528286305,635.5477041764123,0.0,0.0,0,591.8642656899441,594.9999901095732,-3.135734310055909,-9.89042678156693e-06,-8.40340544200353,-5.872036670184869e-06
encodec,12.0kbps,24000,20260826,595.0,452.8929,638.6401503228125,452.9Hz_+50c,1,451.7768626495081,634.8262577780876,452.89290104281014,638.6401481582219,451.7768626495081,634.8262577780876,0.0,0.0,0,588.9016993144974,594.9999901459405,-6.098300685502636,-9.854059499048162e-06,-10.369744080912774,-5.867800266756271e-06
encodec,12.0kbps,24000,20260826,595.0,452.8929,638.6401503228125,452.9Hz_+50c,2,451.21109137552634,635.2962111780846,452.89290103962156,638.6401481573372,451.21109137552634,635.2962111780846,0.0,0.0,0,592.3522602795257,594.9999901557309,-2.6477397204743056,-9.84426912964409e-06,-9.088608781658182,-5.870198608119277e-06
encodec,12.0kbps,24000,20260826,595.0,452.8929,638.6401503228125,452.9Hz_+50c,3,450.9982960048246,635.9669334079148,452.8929010463601,638.6401481562655,450.9982960048246,635.9669334079148,0.0,0.0,0,594.9957277093656,594.9999901270669,-0.004272290634389719,-9.872933105725679e-06,-7.261800108037984,-5.873103795625441e-06
encodec,12.0kbps,24000,20260826,595.0,452.8929,638.6401503228125,452.9Hz_+50c,4,451.5200797052455,635.747009783098,452.8929010484266,638.6401481599488,451.5200797052455,635.747009783098,0.0,0.0,0,592.3951482443902,594.9999901291524,-2.604851755609843,-9.870847634374513e-06,-7.860581419371664,-5.863119099590386e-06
encodec,12.0kbps,24000,20260826,600.0,440.0,622.2539674441618,440Hz_ongrid,0,440.1691181413144,623.2143894517349,439.9999989173639,622.2539685383899,440.1691181413144,623.2143894517349,0.0,0.0,0,602.0047364013946,600.0000073041247,2.0047364013945526,7.3041246650973335e-06,2.670024655951252,3.0443597174059476e-06
encodec,12.0kbps,24000,20260826,600.0,440.0,622.2539674441618,440Hz_ongrid,1,440.1426383275363,623.1989144936749,439.9999989130672,622.2539685344982,440.1426383275363,623.1989144936749,0.0,0.0,0,602.0658989954937,600.0000073102028,2.0658989954937397,7.310202818189282e-06,2.6270360674662774,3.0335320077049995e-06
encodec,12.0kbps,24000,20260826,600.0,440.0,622.2539674441618,440Hz_ongrid,2,440.3142831524036,623.5965004658958,439.9999989122939,622.2539685380425,440.3142831524036,623.5965004658958,0.0,0.0,0,602.4950254877003,600.0000073231064,2.4950254877003317,7.323106387957523e-06,3.7311697330424103,3.043392923288796e-06
encodec,12.0kbps,24000,20260826,600.0,440.0,622.2539674441618,440Hz_ongrid,3,440.26564016614304,623.3873250767144,439.99999891851513,622.253968536219,440.26564016614304,623.3873250767144,0.0,0.0,0,602.1054792885702,600.0000072935547,2.1054792885702227,7.293554745047004e-06,3.1503577738869972,3.0383198489492052e-06
encodec,12.0kbps,24000,20260826,600.0,440.0,622.2539674441618,440Hz_ongrid,4,440.1051026067598,623.2398516875253,439.99999891533145,622.2539685306858,440.1051026067598,623.2398516875253,0.0,0.0,0,602.3272652996732,600.000007290687,2.327265299673172,7.290686994565476e-06,2.740755033556525,3.022925334432361e-06
encodec,12.0kbps,24000,20260826,600.0,452.8929,640.487281482482,452.9Hz_+50c,0,450.8076773974529,637.9875056479067,452.8929010475826,640.487278969799,450.8076773974529,637.9875056479067,0.0,0.0,0,601.2193022924552,599.9999892037281,1.2193022924551542,-1.0796271908475319e-05,-6.770102310234031,-6.791770022454907e-06
encodec,12.0kbps,24000,20260826,600.0,452.8929,640.487281482482,452.9Hz_+50c,1,451.0165393728663,638.981407066342,452.8929010490014,640.4872789708703,451.0165393728663,638.981407066342,0.0,0.0,0,603.1123351077765,599.9999892012002,3.1123351077765165,-1.0798799848998897e-05,-4.075163839394037,-6.788874253021161e-06
encodec,12.0kbps,24000,20260826,600.0,452.8929,640.487281482482,452.9Hz_+50c,2,451.3216429118239,638.3260267193488,452.8929010529594,640.4872789706511,451.3216429118239,638.3260267193488,0.0,0.0,0,600.1650103361709,599.9999891854775,0.16501033617089433,-1.081452251128212e-05,-5.851739848209495,-6.7894668228581605e-06
encodec,12.0kbps,24000,20260826,600.0,452.8929,640.487281482482,452.9Hz_+50c,3,450.85416526844045,637.1763470456212,452.8929010490438,640.4872789699635,450.85416526844045,637.1763470456212,0.0,0.0,0,598.8382351717113,599.9999891985868,-1.1617648282887103,-1.0801413168337604e-05,-8.97265154015618,-6.791325258717373e-06
encodec,12.0kbps,24000,20260826,600.0,452.8929,640.487281482482,452.9Hz_+50c,4,451.22811104848967,638.8445919034693,452.89290105038225,640.4872789705329,451.22811104848967,638.8445919034693,0.0,0.0,0,601.9296823969752,599.9999891950094,1.9296823969751813,-1.080499055206019e-05,-4.445885783523582,-6.789786460755964e-06
encodec,12.0kbps,24000,20260826,605.0,440.0,624.0537050458661,440Hz_ongrid,0,440.11783934008173,624.4556020231952,439.99999891205835,624.0537072115605,440.11783934008173,624.4556020231952,0.0,0.0,0,605.650982315405,605.0000102886548,0.6509823154050309,1.028865483476693e-05,1.1145735982293246,6.008014993281521e-06
encodec,12.0kbps,24000,20260826,605.0,440.0,624.0537050458661,440Hz_ongrid,1,440.3206856326741,624.4203342464223,439.9999989184232,624.0537072119512,440.3206856326741,624.4203342464223,0.0,0.0,0,604.7554774023802,605.0000102646953,-0.24452259761983441,1.02646953337171e-05,1.016794828974191,6.00909864839547e-06
encodec,12.0kbps,24000,20260826,605.0,440.0,624.0537050458661,440Hz_ongrid,2,440.29064714633796,624.4971324428066,439.9999989142333,624.0537072148177,440.29064714633796,624.4971324428066,0.0,0.0,0,605.0864989005212,605.0000102891332,0.08649890052117826,1.0289133228980063e-05,1.2297082619289126,6.01705096245798e-06
encodec,12.0kbps,24000,20260826,605.0,440.0,624.0537050458661,440Hz_ongrid,3,440.4030630108012,624.4377855612715,439.9999989087277,624.0537072191341,440.4030630108012,624.4377855612715,0.0,0.0,0,604.4800037376416,605.0000103227701,-0.5199962623584042,1.032277009471727e-05,1.065178724616103,6.02902537068758e-06
encodec,12.0kbps,24000,20260826,605.0,440.0,624.0537050458661,440Hz_ongrid,4,440.12356309755666,624.3573121217136,439.9999989129374,624.0537072140728,440.12356309755666,624.3573121217136,0.0,0.0,0,605.3559483425332,605.0000102921659,0.3559483425332246,1.0292165939063125e-05,0.8420542760020965,6.01498436795902e-06
encodec,12.0kbps,24000,20260826,605.0,452.8929,642.3397550771975,452.9Hz_+50c,0,451.42695828890027,641.0212312300396,452.8929010466451,642.3397574303522,451.42695828890027,641.0212312300396,0.0,0.0,0,607.055478215804,605.0000023413036,2.055478215803987,2.3413035705743823e-06,-3.557337656699056,6.342222072379443e-06
encodec,12.0kbps,24000,20260826,605.0,452.8929,642.3397550771975,452.9Hz_+50c,1,451.461836649151,641.3939866098716,452.89290103542464,642.3397574297529,451.461836649151,641.3939866098716,0.0,0.0,0,607.928148121528,605.0000023825799,2.928148121528011,2.3825798507459695e-06,-2.550913505246748,6.340607161016256e-06
encodec,12.0kbps,24000,20260826,605.0,452.8929,642.3397550771975,452.9Hz_+50c,2,451.2744921850361,640.7602493758664,452.89290105092414,642.3397574290166,451.2744921850361,640.7602493758664,0.0,0.0,0,606.9352998070881,605.0000023213466,1.9352998070880858,2.3213466420202167e-06,-4.26232627638681,6.33862244609882e-06
encodec,12.0kbps,24000,20260826,605.0,452.8929,642.3397550771975,452.9Hz_+50c,3,450.94793086309875,641.7481914746982,452.8929010341619,642.3397574284973,450.94793086309875,641.7481914746982,0.0,0.0,0,610.8557570265634,605.0000023840223,5.855757026563424,2.3840223093429813e-06,-1.5951167924867873,6.3372228049958975e-06
encodec,12.0kbps,24000,20260826,605.0,452.8929,642.3397550771975,452.9Hz_+50c,4,451.4163042982023,641.7724123809215,452.8929010429889,642.3397574272054,451.4163042982023,641.7724123809215,0.0,0.0,0,609.1238970182845,605.0000023467985,4.123897018284538,2.346798510188819e-06,-1.5297776659744786,6.333741192947233e-06
encodec,12.0kbps,24000,20260826,610.0,440.0,625.8586480068038,440Hz_ongrid,0,440.1219712499855,625.4524807543129,439.99999891391946,625.8586497948468,440.1219712499855,625.4524807543129,0.0,0.0,0,608.3962615322522,610.0000092193554,-1.603738467747803,9.219355433742749e-06,-1.1238941070075539,4.946038363041474e-06
encodec,12.0kbps,24000,20260826,610.0,440.0,625.8586480068038,440Hz_ongrid,1,440.12517882200365,625.4253571784168,439.99999891030706,625.8586497893358,440.12517882200365,625.4253571784168,0.0,0.0,0,608.3085656023251,610.0000092183246,-1.691434397674925,9.218324635185127e-06,-1.1989729943411431,4.930793768901545e-06
encodec,12.0kbps,24000,20260826,610.0,440.0,625.8586480068038,440Hz_ongrid,2,440.1289920976172,625.5969859798241,439.99999890351927,625.8586497940305,440.1289920976172,625.5969859798241,0.0,0.0,0,608.7685850301131,610.0000092580186,-1.2314149698869414,9.258018621949304e-06,-0.7239540975387968,4.9437803317739144e-06
encodec,12.0kbps,24000,20260826,610.0,440.0,625.8586480068038,440Hz_ongrid,3,440.32815749803825,625.583544203727,439.999998908748,625.8586497935441,440.32815749803825,625.583544203727,0.0,0.0,0,607.9481529184723,610.0000092360998,-2.0518470815277396,9.236099799636577e-06,-0.7611523433535884,4.942434892646153e-06
encodec,12.0kbps,24000,20260826,610.0,440.0,625.8586480068038,440Hz_ongrid,4,440.1350370601654,625.5484215650662,439.99999891031314,625.8586497884346,440.1350370601654,625.5484215650662,0.0,0.0,0,608.610408480278,610.0000092158078,-1.3895915197219892,9.215807835971646e-06,-0.858353133713404,4.928301246814555e-06
encodec,12.0kbps,24000,20260826,610.0,452.8929,644.1975865588196,452.9Hz_+50c,0,451.61300054300864,645.9684456710909,452.8929010489134,644.1975887035263,451.61300054300864,645.9684456710909,0.0,0.0,0,619.6520115507351,610.0000017541536,9.652011550735097,1.7541535726195434e-06,4.75252555092315,5.763742831546001e-06
encodec,12.0kbps,24000,20260826,610.0,452.8929,644.1975865588196,452.9Hz_+50c,1,451.26248421304615,645.2316612703049,452.8929010475968,644.1975887031191,451.26248421304615,645.2316612703049,0.0,0.0,0,619.0204654758269,610.0000017580919,9.020465475826882,1.7580919120518956e-06,2.776772338005848,5.7626487973300595e-06
encodec,12.0kbps,24000,20260826,610.0,452.8929,644.1975865588196,452.9Hz_+50c,2,451.01726725580437,646.3513160316786,452.89290104790126,644.1975887065388,451.01726725580437,646.3513160316786,0.0,0.0,0,622.9630419907998,610.0000017661185,12.963041990799752,1.7661185438555549e-06,5.778337031431406,5.771838915390649e-06
encodec,12.0kbps,24000,20260826,610.0,452.8929,644.1975865588196,452.9Hz_+50c,3,451.0333659417499,644.7199449836131,452.8929010384677,644.1975887017486,451.0333659417499,644.7199449836131,0.0,0.0,0,618.5261424482721,610.000001789306,8.52614244827214,1.789305997590418e-06,1.4032313444397537,5.75896536941117e-06
encodec,12.0kbps,24000,20260826,610.0,452.8929,644.1975865588196,452.9Hz_+50c,4,451.21386958485874,645.8794303585214,452.89290105309425,644.1975887018662,451.21386958485874,645.8794303585214,0.0,0.0,0,620.9441522453271,610.0000017337102,10.944152245327132,1.733710178086767e-06,4.513942753192921,5.7592813554004555e-06
encodec,12.0kbps,24000,20260826,615.0,440.0,627.6688113823724,440Hz_ongrid,0,440.2846841072795,626.5733481894707,439.9999989128412,627.6688090321825,440.2846841072795,626.5733481894707,0.0,0.0,0,610.8560948777565,614.9999977952738,-4.1439051222434955,-2.204726229138032e-06,-3.02414274120795,-6.4822861538439885e-06
encodec,12.0kbps,24000,20260826,615.0,440.0,627.6688113823724,440Hz_ongrid,1,440.1367572374516,626.5723895896775,439.99999890684325,627.6688090325342,440.1367572374516,626.5723895896775,0.0,0.0,0,611.4352040822811,614.9999978198438,-3.564795917718925,-2.1801562297696364e-06,-3.0267913726501083,-6.481315900020882e-06
encodec,12.0kbps,24000,20260826,615.0,440.0,627.6688113823724,440Hz_ongrid,2,440.3187938662364,626.5040640023522,439.9999989149187,627.6688090305693,440.3187938662364,626.5040640023522,0.0,0.0,0,610.5305337062557,614.9999977826501,-4.46946629374429,-2.2173499019118026e-06,-3.21558684953961,-6.486735713274454e-06
encodec,12.0kbps,24000,20260826,615.0,440.0,627.6688113823724,440Hz_ongrid,3,440.326198857043,626.7591607095153,439.99999891185865,627.6688090324614,440.326198857043,626.7591607095153,0.0,0.0,0,611.2061907155656,614.9999977999088,-3.79380928443436,-2.2000912167641218e-06,-2.5108153336495014,-6.481516947069013e-06
encodec,12.0kbps,24000,20260826,615.0,440.0,627.6688113823724,440Hz_ongrid,4,440.2845626363221,626.474354734404,439.999998916127,627.6688090339145,440.2845626363221,626.474354734404,0.0,0.0,0,610.5830301073348,614.9999977871224,-4.416969892665179,-2.212877575402672e-06,-3.297685145065281,-6.47750888388097e-06
encodec,12.0kbps,24000,20260826,615.0,452.8929,646.0607914238991,452.9Hz_+50c,0,451.633697175801,649.380774011724,452.89290103897935,646.0607924920706,451.633697175801,323.23863124428664,0.0,1207.7580510843054,0,628.693847733521,614.9999988907388,13.693847733521011,-1.1092612339780317e-06,8.873699339897831,2.8623544781609872e-06
encodec,12.0kbps,24000,20260826,615.0,452.8929,646.0607914238991,452.9Hz_+50c,1,450.701437957885,649.3512768334637,452.8929010422975,646.0607924946281,450.701437957885,323.3642344300583,0.0,1207.0068229690276,0,632.1925021364568,614.9999988849078,17.192502136456824,-1.1150922318847734e-06,8.795058762218318,2.8692077606748445e-06
encodec,12.0kbps,24000,20260826,615.0,452.8929,646.0607914238991,452.9Hz_+50c,2,450.5351813433153,650.2458125131211,452.89290104592715,646.0607924982869,450.5351813433153,650.0704227032667,0.0,0.4670261038003821,0,635.2145232011395,614.9999988808376,20.214523201139514,-1.1191624480488827e-06,11.178337216744081,2.8790117834049634e-06
encodec,12.0kbps,24000,20260826,615.0,452.8929,646.0607914238991,452.9Hz_+50c,3,451.0819793869864,649.5241016269641,452.89290104131965,646.0607924943541,451.0819793869864,323.47422569317035,0.0,1206.8787561311065,0,631.1920899181893,614.9999988879117,16.192089918189254,-1.112088284571655e-06,9.255765268413462,2.8684735353213867e-06
encodec,12.0kbps,24000,20260826,615.0,452.8929,646.0607914238991,452.9Hz_+50c,4,451.096189337557,649.5945653172876,452.892901042872,646.0607924989442,451.096189337557,649.34945841407,0.0,0.6533575177920743,0,631.325356493203,614.9999988942776,16.325356493203003,-1.1057223900934332e-06,9.44356818916947,2.880773539842071e-06
encodec,12.0kbps,24000,20260826,620.0,440.0,629.4842102715137,440Hz_ongrid,0,440.2142025423078,627.8414537136975,439.9999989103764,629.4842081226177,440.2142025423078,627.8414537136975,0.0,0.0,0,614.6335149017244,619.9999983772733,-5.366485098275575,-1.6227266996793333e-06,-4.523883965757434,-5.909984396609659e-06
encodec,12.0kbps,24000,20260826,620.0,440.0,629.4842102715137,440Hz_ongrid,1,440.26792284820056,627.7441654861328,439.99999890565505,629.4842081235433,440.26792284820056,627.7441654861328,0.0,0.0,0,614.1539744299096,619.9999983983959,-5.846025570090433,-1.6016041399780079e-06,-4.792171034189822,-5.907438825763979e-06
encodec,12.0kbps,24000,20260826,620.0,440.0,629.4842102715137,440Hz_ongrid,2,440.2534352399863,627.786297513105,439.9999989160085,629.4842081240326,440.2534352399863,627.786297513105,0.0,0.0,0,614.3271345217138,619.9999983590046,-5.672865478286212,-1.640995378693333e-06,-4.675980464821363,-5.906093002216604e-06
encodec,12.0kbps,24000,20260826,620.0,440.0,629.4842102715137,440Hz_ongrid,3,440.26172918880485,627.9355659478496,439.99999891690976,629.4842081233388,440.26172918880485,627.9355659478496,0.0,0.0,0,614.7061057810092,619.9999983535503,-5.293894218990772,-1.6464497321067029e-06,-4.264394738049339,-5.908001219322908e-06
encodec,12.0kbps,24000,20260826,620.0,440.0,629.4842102715137,440Hz_ongrid,4,440.33955824183647,627.8414570020009,439.9999989138503,629.4842081221138,440.33955824183647,627.8414570020009,0.0,0.0,0,614.1406067471519,619.9999983622193,-5.859393252848122,-1.6377806559830788e-06,-4.523874898464141,-5.911370198919941e-06
encodec,12.0kbps,24000,20260826,620.0,452.8929,647.9293852138082,452.9Hz_+50c,0,451.4589202828195,651.718318729228,452.89290103665525,647.9293845050112,451.4589202828195,651.718318729228,0.0,0.0,0,635.5845949779127,619.9999941433992,15.58459497791273,-5.856600751030783e-06,10.094349838844266,-1.893869337928955e-06
encodec,12.0kbps,24000,20260826,620.0,452.8929,647.9293852138082,452.9Hz_+50c,1,451.09048618874357,651.6718633467289,452.8929010392437,647.929384498373,451.09048618874357,651.6718633467289,0.0,0.0,0,636.8746168876731,619.9999941157678,16.87461688767314,-5.884232223252184e-06,9.970940684647385,-1.911606262020362e-06
encodec,12.0kbps,24000,20260826,620.0,452.8929,647.9293852138082,452.9Hz_+50c,2,451.4757056401679,652.2346207717787,452.892901051927,647.9293844998041,451.4757056401679,652.2346207717787,0.0,0.0,0,636.8911977497007,619.9999940711084,16.891197749700723,-5.928891596340691e-06,11.465319135818785,-1.90778252400413e-06
encodec,12.0kbps,24000,20260826,620.0,452.8929,647.9293852138082,452.9Hz_+50c,3,451.42609247068754,651.6594297144584,452.8929010382054,647.9293845031099,451.42609247068754,651.6594297144584,0.0,0.0,0,635.5540454437808,619.9999941323933,15.554045443780751,-5.867606660103775e-06,9.937909132876204,-1.89894952388986e-06
encodec,12.0kbps,24000,20260826,620.0,452.8929,647.9293852138082,452.9Hz_+50c,4,450.93507392886113,651.3865283709898,452.8929010417972,647.9293845001633,450.93507392886113,651.3865283709898,0.0,0.0,0,636.7129862356996,619.9999941107907,16.712986235699645,-5.889209319320798e-06,9.212752661111178,-1.9068226492854696e-06
encodec,12.0kbps,24000,20260826,625.0,440.0,631.3048598168401,440Hz_ongrid,0,440.33588862744523,629.1528516884692,439.9999989158531,631.3048583016133,440.33588862744523,629.1528516884692,0.0,0.0,0,617.7673528155094,625.0000001104864,-7.232647184490588,1.1048643955291482e-07,-5.911556304844856,-4.155222697310219e-06
encodec,12.0kbps,24000,20260826,625.0,440.0,631.3048598168401,440Hz_ongrid,1,440.1537238101258,629.129386548829,439.9999989124436,631.3048583026958,440.1537238101258,629.129386548829,0.0,0.0,0,618.4191341038689,625.0000001268705,-6.580865896131058,1.2687053185800323e-07,-5.976126315422182,-4.1522540819620115e-06
encodec,12.0kbps,24000,20260826,625.0,440.0,631.3048598168401,440Hz_ongrid,2,440.2985798361739,629.1507630485199,439.99999891548583,631.3048583023141,440.2985798361739,629.1507630485199,0.0,0.0,0,617.9082957754082,625.0000001138535,-7.091704224591808,1.1385350262571592e-07,-5.917303605502908,-4.1533010258145e-06
encodec,12.0kbps,24000,20260826,625.0,440.0,631.3048598168401,440Hz_ongrid,3,440.2169251428523,629.2614745391207,439.9999989176153,631.3048583027576,440.2169251428523,629.2614745391207,0.0,0.0,0,618.5340060904392,625.0000001066908,-6.46599390956078,1.0669077710190322e-07,-5.612685616388359,-4.152084748836613e-06
encodec,12.0kbps,24000,20260826,625.0,440.0,631.3048598168401,440Hz_ongrid,4,440.1612113848417,628.9573668415009,439.9999989105244,631.3048583042965,440.1612113848417,628.9573668415009,0.0,0.0,0,617.9162564515622,625.0000001388113,-7.0837435484378375,1.3881128779758e-07,-6.4495537249235335,-4.147864298476251e-06
encodec,12.0kbps,24000,20260826,625.0,452.8929,649.8033835148685,452.9Hz_+50c,0,451.4168799873391,653.3774113333345,452.8929010519896,649.8033817279788,451.4168799873391,653.3774113333345,0.0,0.0,0,640.1474541908752,624.9999912179431,15.147454190875237,-8.782056852396636e-06,9.495987340029018,-4.760708172591652e-06
encodec,12.0kbps,24000,20260826,625.0,452.8929,649.8033835148685,452.9Hz_+50c,1,451.3024497047782,653.513658818998,452.892901042575,649.8033817213214,451.3024497047782,653.513658818998,0.0,0.0,0,640.9473358516468,624.9999912361948,15.947335851646812,-8.763805226408294e-06,9.856960480824172,-4.77844509671243e-06
encodec,12.0kbps,24000,20260826,625.0,452.8929,649.8033835148685,452.9Hz_+50c,2,451.33655799786817,653.8876323987064,452.89290103915727,649.8033817221315,451.33655799786817,653.8876323987064,0.0,0.0,0,641.8069148801811,624.9999912514174,16.806914880181125,-8.74858255883737e-06,10.847376838295338,-4.776287012339385e-06
encodec,12.0kbps,24000,20260826,625.0,452.8929,649.8033835148685,452.9Hz_+50c,3,451.09410878576705,653.5066756176245,452.89290104942194,649.8033817281632,451.09410878576705,653.5066756176245,0.0,0.0,0,641.7282342084653,624.9999912282495,16.728234208465324,-8.771750458436145e-06,9.83846106551921,-4.760216895101676e-06
encodec,12.0kbps,24000,20260826,625.0,452.8929,649.8033835148685,452.9Hz_+50c,4,451.1799548797882,652.8769610052203,452.8929010468488,649.8033817289188,451.1799548797882,652.8769610052203,0.0,0.0,0,639.7297909696271,624.9999912400987,14.72979096962706,-8.759901334087772e-06,8.169451393226257,-4.758203925949676e-06
encodec,12.0kbps,24000,20260826,630.0,440.0,633.1307752047609,440Hz_ongrid,0,440.2326587277827,630.6622271291378,439.9999989176705,633.1307738437895,440.2326587277827,630.6622271291378,0.0,0.0,0,622.3216215535389,630.0000005371156,-7.678378446461124,5.371156248656916e-07,-6.763196041591259,-3.721442933398574e-06
encodec,12.0kbps,24000,20260826,630.0,440.0,633.1307752047609,440Hz_ongrid,1,440.2590057226477,630.7773238505591,439.9999989081205,633.1307738421319,440.2590057226477,630.7773238505591,0.0,0.0,0,622.5339377133461,630.0000005701589,-7.466062286653937,5.701589316231548e-07,-6.447272280585463,-3.7259753334315105e-06
encodec,12.0kbps,24000,20260826,630.0,440.0,633.1307752047609,440Hz_ongrid,2,440.1186466418149,630.3723134873029,439.99999891558895,633.1307738485301,440.1186466418149,630.3723134873029,0.0,0.0,0,621.9740107264213,630.0000005582685,-8.025989273578716,5.582685389526887e-07,-7.5592224163023705,-3.7084802039545414e-06
encodec,12.0kbps,24000,20260826,630.0,440.0,633.1307752047609,440Hz_ongrid,3,440.16182233342647,630.7198365459935,439.9999989180514,633.1307738476364,440.16182233342647,630.7198365459935,0.0,0.0,0,622.7583478418709,630.000000546136,-7.241652158129114,5.461359933178755e-07,-6.605059364451109,-3.7109239058339477e-06
encodec,12.0kbps,24000,20260826,630.0,440.0,633.1307752047609,440Hz_ongrid,4,440.2274881549873,630.4917017848173,439.9999989191959,633.1307738456088,440.2274881549873,630.4917017848173,0.0,0.0,0,621.8737818975967,630.0000005360887,-8.1262181024033,5.360886916605523e-07,-7.2313693190115,-3.716468076095993e-06
encodec,12.0kbps,24000,20260826,630.0,452.8929,651.6828019584823,452.9Hz_+50c,0,450.99856934717764,654.8908770061593,452.8929010330342,651.682805123715,450.99856934717764,654.8908770061593,0.0,0.0,0,645.7580119920352,630.0000044597389,15.758011992035222,4.45973887508444e-06,8.501533445658561,8.408628592649949e-06
encodec,12.0kbps,24000,20260826,630.0,452.8929,651.6828019584823,452.9Hz_+50c,1,451.2080565967659,654.3075730389498,452.8929010372828,651.6828051216523,451.2080565967659,654.3075730389498,0.0,0.0,0,643.4113686720314,630.0000044380188,13.411368672031358,4.43801877736405e-06,6.958855548699252,8.403148811299128e-06
encodec,12.0kbps,24000,20260826,630.0,452.8929,651.6828019584823,452.9Hz_+50c,2,451.2404476337592,654.9197992443417,452.89290103790205,651.6828051222099,451.2404476337592,654.9197992443417,0.0,0.0,0,644.9062258748148,630.0000044371327,14.906225874814822,4.437132702150848e-06,8.57798901963211,8.404629947570244e-06
encodec,12.0kbps,24000,20260826,630.0,452.8929,651.6828019584823,452.9Hz_+50c,3,450.93215765730605,654.3616210005373,452.89290104179605,651.6828051224804,450.93215765730605,654.3616210005373,0.0,0.0,0,644.6132850669662,630.0000044229662,14.613285066966228,4.422966185302357e-06,7.101855279818961,8.40534879647421e-06
encodec,12.0kbps,24000,20260826,630.0,452.8929,651.6828019584823,452.9Hz_+50c,4,451.7392621108593,654.6383681583861,452.89290104135785,651.6828051205947,451.7392621108593,654.6383681583861,0.0,0.0,0,642.2494227571826,630.0000044196319,12.249422757182629,4.41963186403882e-06,7.833886011303637,8.400339149994798e-06
encodec,12.0kbps,24000,20260826,635.0,440.0,634.9619716656085,440Hz_ongrid,0,440.26798253978313,631.9889950981901,439.99999891316236,634.9619703102557,440.26798253978313,631.9889950981901,0.0,0.0,0,625.8210063979488,635.0000005809048,-9.17899360205115,5.809048388982774e-07,-8.12490434522769,-3.6953913876431458e-06
encodec,12.0kbps,24000,20260826,635.0,440.0,634.9619716656085,440Hz_ongrid,1,440.1541013466,632.219130486754,439.9999989138882,634.9619703093836,440.1541013466,632.219130486754,0.0,0.0,0,626.8991759300238,635.0000005756713,-8.10082406997617,5.756712653237628e-07,-7.494599545068798,-3.6977691630049446e-06
encodec,12.0kbps,24000,20260826,635.0,440.0,634.9619716656085,440Hz_ongrid,2,440.1311770576846,632.308768437854,439.99999890861716,634.9619703065049,440.1311770576846,632.308768437854,0.0,0.0,0,627.2347873590708,635.0000005885619,-7.765212640929235,5.885618747925037e-07,-7.249157315720191,-3.705617878298723e-06
encodec,12.0kbps,24000,20260826,635.0,440.0,634.9619716656085,440Hz_ongrid,3,440.2681100764713,632.1970751963403,439.9999989186999,634.9619703081237,440.2681100764713,632.1970751963403,0.0,0.0,0,626.3904136487454,635.0000005533038,-8.60958635125462,5.533038347493857e-07,-7.554995591178582,-3.701204261320856e-06
encodec,12.0kbps,24000,20260826,635.0,440.0,634.9619716656085,440Hz_ongrid,4,440.17677844238295,632.0842604240221,439.99999891140385,634.9619703071245,440.17677844238295,632.0842604240221,0.0,0.0,0,626.440623496298,635.0000005792867,-8.55937650370197,5.792867341369856e-07,-7.863959696066649,-3.7039285833625867e-06
encodec,12.0kbps,24000,20260826,635.0,452.8929,653.567656221262,452.9Hz_+50c,0,452.0680551661335,656.0707302034467,452.89290104859043,653.5676573040065,452.0680551661335,656.0707302034467,0.0,0.0,0,644.7736601702304,634.9999988597249,9.773660170230414,-1.1402751169953262e-06,6.617723223150362,2.86807951386207e-06
encodec,12.0kbps,24000,20260826,635.0,452.8929,653.567656221262,452.9Hz_+50c,1,451.4797869004733,655.7135313780166,452.8929010379316,653.5676573066586,451.4797869004733,655.7135313780166,0.0,0.0,0,646.0851218491339,634.9999989074946,11.085121849133884,-1.0925053857135936e-06,5.674893213267873,2.875104628173284e-06
encodec,12.0kbps,24000,20260826,635.0,452.8929,653.567656221262,452.9Hz_+50c,2,451.33804878279113,656.1400879284408,452.8929010386867,653.5676573035776,451.33804878279113,656.1400879284408,0.0,0.0,0,647.7545538516598,634.9999988964468,12.754553851659807,-1.1035532452297048e-06,6.8007341441522176,2.8669435788256987e-06
encodec,12.0kbps,24000,20260826,635.0,452.8929,653.567656221262,452.9Hz_+50c,3,450.95593775503215,656.1329933243674,452.8929010429815,653.5676573024638,450.95593775503215,656.1329933243674,0.0,0.0,0,649.2021496748113,634.9999988770791,14.202149674811267,-1.1229209349039593e-06,6.782014838982901,2.8639932230205686e-06
encodec,12.0kbps,24000,20260826,635.0,452.8929,653.567656221262,452.9Hz_+50c,4,450.53991137900414,655.9624664949782,452.892901047216,653.5676573065452,450.53991137900414,655.9624664949782,0.0,0.0,0,650.3500246303448,634.9999988717037,15.35002463034482,-1.1282962759651127e-06,6.332014265060368,2.8748044030418447e-06
encodec,12.0kbps,24000,20260826,640.0,440.0,636.7984644737664,440Hz_ongrid,0,440.2558615876041,633.5884512239269,439.9999989139507,636.7984629505322,440.2558615876041,633.5884512239269,0.0,0.0,0,630.2445918494678,640.0000001320493,-9.755408150532162,1.32049308376736e-07,-8.7489818962741,-4.141145367642535e-06
encodec,12.0kbps,24000,20260826,640.0,440.0,636.7984644737664,440Hz_ongrid,1,440.2221802449474,633.488839972304,439.9999989155426,636.7984629512861,440.2221802449474,633.488839972304,0.0,0.0,0,630.1048414289442,640.0000001278352,-9.895158571055845,1.2783516467607114e-07,-9.02118374541631,-4.139095879429022e-06
encodec,12.0kbps,24000,20260826,640.0,440.0,636.7984644737664,440Hz_ongrid,2,440.26178974046906,633.8294165034498,439.9999989203481,636.7984629447283,440.26178974046906,633.8294165034498,0.0,0.0,0,630.8795753254752,640.000000091099,-9.12042467452477,9.109896836889675e-08,-8.090687087274185,-4.156924293404601e-06
encodec,12.0kbps,24000,20260826,640.0,440.0,636.7984644737664,440Hz_ongrid,3,440.21280691363296,634.0065553588793,439.9999989201714,636.7984629487721,440.21280691363296,634.0065553588793,0.0,0.0,0,631.5559677326906,640.0000001027882,-8.444032267309353,1.0278824902343331e-07,-7.606919743968305,-4.145930325822735e-06
encodec,12.0kbps,24000,20260826,640.0,440.0,636.7984644737664,440Hz_ongrid,4,440.30537199126803,634.479967897385,439.9999989113364,636.7984629478367,440.30537199126803,634.479967897385,0.0,0.0,0,632.4842030407763,640.0000001350074,-7.515796959223735,1.3500743989425246e-07,-6.314690100306558,-4.148473397993145e-06
encodec,12.0kbps,24000,20260826,640.0,452.8929,655.4579620251615,452.9Hz_+50c,0,450.9752035019603,657.4917654780165,452.89290104228746,655.4579609219729,450.9752035019603,657.4917654780165,0.0,0.0,0,652.7096588726313,639.9999931019328,12.70965887263128,-6.898067226757121e-06,5.363484266230914,-2.9138063818388783e-06
encodec,12.0kbps,24000,20260826,640.0,452.8929,655.4579620251615,452.9Hz_+50c,1,451.46486002019805,657.2018379765199,452.8929010454834,655.4579609226771,451.46486002019805,657.2018379765199,0.0,0.0,0,650.0673789677803,639.9999930915759,10.067378967780314,-6.90842409767356e-06,4.599911112501808,-2.911946408339104e-06
encodec,12.0kbps,24000,20260826,640.0,452.8929,655.4579620251615,452.9Hz_+50c,2,451.8171067657641,657.3907417470015,452.89290104829126,655.4579609222714,451.8171067657641,657.3907417470015,0.0,0.0,0,649.2146919708465,639.9999930797708,9.214691970846502,-6.920229225215735e-06,5.097459397423116,-2.913018146712023e-06
encodec,12.0kbps,24000,20260826,640.0,452.8929,655.4579620251615,452.9Hz_+50c,3,451.4267433735145,657.5421651482657,452.8929010461529,655.457960922528,451.4267433735145,657.5421651482657,0.0,0.0,0,651.1098260543624,639.9999930886228,11.10982605436243,-6.911377226970217e-06,5.496185975605693,-2.912340429799736e-06
encodec,12.0kbps,24000,20260826,640.0,452.8929,655.4579620251615,452.9Hz_+50c,4,451.34041062040745,657.1635367185631,452.8929010411329,655.4579609236267,451.34041062040745,657.1635367185631,0.0,0.0,0,650.4437733159508,639.9999931107142,10.443773315950807,-6.889285828037828e-06,4.499013077309794,-2.9094381253824e-06
encodec,12.0kbps,24000,20260826,645.0,440.0,638.6402689477954,440Hz_ongrid,0,440.1755039226968,635.7258862125805,439.9999989177229,638.6402667870468,440.1755039226968,635.7258862125805,0.0,0.0,0,636.391169357696,644.9999984009677,-8.608830642304042,-1.5990323163350695e-06,-7.918426582227459,-5.857384453580905e-06
encodec,12.0kbps,24000,20260826,645.0,440.0,638.6402689477954,440Hz_ongrid,1,440.1798854531714,635.4958672302708,439.9999989157255,638.6402667818701,440.1798854531714,635.4958672302708,0.0,0.0,0,635.747426445776,644.9999983947937,-9.252573554224,-1.6052063074312173e-06,-8.544936783730034,-5.871417575976642e-06
encodec,12.0kbps,24000,20260826,645.0,440.0,638.6402689477954,440Hz_ongrid,2,440.09029131410625,634.4811249877533,439.9999989121541,638.6402667863889,440.09029131410625,634.4811249877533,0.0,0.0,0,633.3332412986541,644.9999984210953,-11.666758701345884,-1.5789047438374837e-06,-11.311532880979838,-5.859167929258674e-06
encodec,12.0kbps,24000,20260826,645.0,440.0,638.6402689477954,440Hz_ongrid,3,440.23432199918267,635.5757415905425,439.9999989173042,638.6402667811542,440.23432199918267,635.5757415905425,0.0,0.0,0,635.7509220326247,644.9999983866414,-9.249077967375342,-1.613358563190559e-06,-8.327354687847858,-5.873358275827766e-06
encodec,12.0kbps,24000,20260826,645.0,440.0,638.6402689477954,440Hz_ongrid,4,440.1521393778737,635.0984653356568,439.99999890664066,638.6402667808873,440.1521393778737,635.0984653356568,0.0,0.0,0,634.7736045938906,644.9999984278747,-10.226395406109418,-1.5721252566436306e-06,-9.627887802666688,-5.874081929877434e-06
encodec,12.0kbps,24000,20260826,645.0,452.8929,657.3537351376068,452.9Hz_+50c,0,450.5585793562433,658.5179268667705,452.8929010361088,657.3537372690407,450.5585793562433,658.5179268667705,0.0,0.0,0,657.0096304836152,645.0000016527902,12.009630483615183,1.6527901607332751e-06,3.0633517617870325,5.6134326787243754e-06
encodec,12.0kbps,24000,20260826,645.0,452.8929,657.3537351376068,452.9Hz_+50c,1,451.1668235234935,658.5395654313223,452.8929010538359,657.353737266274,451.1668235234935,658.5395654313223,0.0,0.0,0,654.7309652685218,645.00000157774,9.7309652685218,1.5777400221850257e-06,3.120238298551884,5.6061461648224094e-06
encodec,12.0kbps,24000,20260826,645.0,452.8929,657.3537351376068,452.9Hz_+50c,2,451.2474441808676,658.4032769099886,452.89290103905034,657.3537372697067,451.2474441808676,658.4032769099886,0.0,0.0,0,654.0633064858549,645.0000016432996,9.063306485854923,1.6432995835202746e-06,2.7619124519222567,5.615186746935116e-06
encodec,12.0kbps,24000,20260826,645.0,452.8929,657.3537351376068,452.9Hz_+50c,3,451.4894673450468,658.4989205135277,452.89290103370604,657.3537372701255,451.4894673450468,658.4989205135277,0.0,0.0,0,653.3864922373333,645.0000016648321,8.3864922373333,1.6648320979584241e-06,3.0133836145303508,5.616289622608273e-06
encodec,12.0kbps,24000,20260826,645.0,452.8929,657.3537351376068,452.9Hz_+50c,4,451.4332289514822,658.5147536034306,452.89290104757447,657.3537372684782,451.4332289514822,658.5147536034306,0.0,0.0,0,653.6437771650347,645.0000016074798,8.643777165034749,1.6074798168119742e-06,3.0550092785335905,5.611951158039694e-06
encodec,12.0kbps,24000,20260826,650.0,440.0,640.4874004505624,440Hz_ongrid,0,440.18190531027966,636.4123255447631,439.9999989115025,640.4873979196307,440.18190531027966,637.248237035689,0.0,-2.2724400603991497,0,638.2343229575492,649.9999974417321,-11.765677042450761,-2.5582678517821478e-06,-11.05009616207622,-6.841095166652786e-06
encodec,12.0kbps,24000,20260826,650.0,440.0,640.4874004505624,440Hz_ongrid,1,440.1672055775638,638.029260919064,439.9999989083034,640.4873979227151,440.1672055775638,638.029260919064,0.0,0.0,0,642.6851130243025,649.9999974626566,-7.314886975697505,-2.537343448238971e-06,-6.657121063220481,-6.832757864732503e-06
encodec,12.0kbps,24000,20260826,650.0,440.0,640.4874004505624,440Hz_ongrid,2,440.1358412101998,638.6709034255341,439.99999891536254,640.4873979223021,440.1358412101998,637.8899291958625,0.0,2.1182685728405994,0,644.5486408952405,649.999997433765,-5.45135910475949,-2.5662350253696786e-06,-4.91695766529893,-6.833874194804958e-06
encodec,12.0kbps,24000,20260826,650.0,440.0,640.4874004505624,440Hz_ongrid,3,440.29381494501655,638.1661982647081,439.9999989147774,640.4873979200031,440.29381494501655,638.1717465152163,0.0,-0.015051374492007863,0,642.5587408507646,649.9999974298532,-7.441259149235407,-2.570146762082004e-06,-6.2855939674738925,-6.8400883937671904e-06
encodec,12.0kbps,24000,20260826,650.0,440.0,640.4874004505624,440Hz_ongrid,4,440.3546372553196,638.534915624674,439.9999989094901,640.4873979190476,440.3546372553196,638.534915624674,0.0,0.0,0,643.3195815126496,649.9999974480738,-6.68041848735038,-2.5519261726003606e-06,-5.285616668389706,-6.842671252498892e-06
encodec,12.0kbps,24000,20260826,650.0,452.8929,659.2549913716284,452.9Hz_+50c,0,451.42915099513726,659.6445592733039,452.8929010396605,659.2549924212974,451.42915099513726,659.6445592733039,0.0,0.0,0,656.6271279621469,649.9999987822598,6.627127962146915,-1.2177401913504582e-06,1.0227211542955406,2.7564791821887544e-06
encodec,12.0kbps,24000,20260826,650.0,452.8929,659.2549913716284,452.9Hz_+50c,1,451.13680573097395,659.6476972390824,452.89290104171494,659.2549924169454,451.13680573097395,659.6476972390824,0.0,0.0,0,657.7568728986452,649.9999987629778,7.756872898645156,-1.2370221611490706e-06,1.0309567111615505,2.745050637811903e-06
encodec,12.0kbps,24000,20260826,650.0,452.8929,659.2549913716284,452.9Hz_+50c,2,451.43500790912856,659.6672215293365,452.8929010353261,659.254992415475,451.43500790912856,659.6672215293365,0.0,0.0,0,656.6641427633845,649.999998783539,6.664142763384461,-1.2164609870524146e-06,1.0821971172138851,2.741189611921503e-06
encodec,12.0kbps,24000,20260826,650.0,452.8929,659.2549913716284,452.9Hz_+50c,3,451.2417745819946,659.593098884254,452.8929010474175,659.25499241723,451.2417745819946,659.593098884254,0.0,0.0,0,657.2108042149881,649.9999987419266,7.210804214988116,-1.2580734392031445e-06,0.8876583364696061,2.745797933145528e-06
encodec,12.0kbps,24000,20260826,650.0,452.8929,659.2549913716284,452.9Hz_+50c,4,451.75161530924447,659.6680564866451,452.89290104940017,659.2549924206904,451.75161530924447,659.6680564866451,0.0,0.0,0,655.4525836922143,649.9999987434351,5.452583692214262,-1.2565649285534164e-06,1.0843883820821325,2.7548854134371135e-06
encodec,12.0kbps,24000,20260826,655.0,440.0,642.339874389368,440Hz_ongrid,0,440.14087596842927,640.6575331761691,439.99999891195495,642.3398767786466,440.14087596842927,640.6575331761691,0.0,0.0,0,649.9056017022222,655.0000107206291,-5.094398297777843,1.0720629120442027e-05,-4.5401932108830385,6.439582276105761e-06
encodec,12.0kbps,24000,20260826,655.0,440.0,642.339874389368,440Hz_ongrid,1,440.3005856735051,641.0667851062693,439.9999989156478,642.3398767781889,440.3005856735051,641.0667851062693,0.0,0.0,0,650.3830782833693,655.0000107048654,-4.6169217166307135,1.0704865417210385e-05,-3.434634254081577,6.438348700632259e-06
encodec,12.0kbps,24000,20260826,655.0,440.0,642.339874389368,440Hz_ongrid,2,440.2812448191917,641.2197538559111,439.9999989144019,642.3398767770678,440.2812448191917,641.2197538559111,0.0,0.0,0,650.8721777204873,655.0000107067461,-4.127822279512657,1.0706746138566814e-05,-3.021583502892028,6.435327228765095e-06
encodec,12.0kbps,24000,20260826,655.0,440.0,642.339874389368,440Hz_ongrid,3,440.3663605742433,644.0763562285415,439.9999989089083,642.339876779673,440.3663605742433,643.6479152196093,0.0,1.1520038978764353,0,658.2329592001618,655.0000107353826,3.2329592001617584,1.0735382602433674e-05,4.673850096003865,6.442348498950044e-06
encodec,12.0kbps,24000,20260826,655.0,440.0,642.339874389368,440Hz_ongrid,4,440.2640659689374,641.4412337860591,439.9999989078756,642.339876778267,440.2640659689374,641.4412337860591,0.0,0.0,0,651.5376002438422,655.0000107356568,-3.4623997561577653,1.0735656815086259e-05,-2.423711417029514,6.4385593579583664e-06
encodec,12.0kbps,24000,20260826,655.0,452.8929,661.1617465859923,452.9Hz_+50c,0,451.6016522026682,660.7426245842535,452.892901043215,661.1617444250293,451.6016522026682,660.7426245842535,0.0,0.0,0,658.845182238822,654.9999903537705,3.8451822388219625,-9.646229500503978e-06,-1.0978075574331134,-5.658423028399329e-06
encodec,12.0kbps,24000,20260826,655.0,452.8929,661.1617465859923,452.9Hz_+50c,1,451.17288429399673,660.9259036020198,452.89290105290394,661.161744429467,451.17288429399673,660.9259036020198,0.0,0.0,0,660.9698119057076,654.9999903283535,5.9698119057076156,-9.6716464668134e-06,-0.6176586073692552,-5.64680285499292e-06
encodec,12.0kbps,24000,20260826,655.0,452.8929,661.1617465859923,452.9Hz_+50c,2,451.473184755455,660.6859692443252,452.89290105092647,661.1617444320751,451.473184755455,660.6859692443252,0.0,0.0,0,659.1892867649256,654.9999903427419,4.189286764925555,-9.657258146944514e-06,-1.2462584901032945,-5.639973598144236e-06
encodec,12.0kbps,24000,20260826,655.0,452.8929,661.1617465859923,452.9Hz_+50c,3,451.2519926642504,660.9845472397354,452.8929010489773,661.161744425614,451.2519926642504,660.9845472397354,0.0,0.0,0,660.8198897742872,654.9999903332741,5.819889774287162,-9.666725873103132e-06,-0.46405385694719414,-5.656891918662562e-06
encodec,12.0kbps,24000,20260826,655.0,452.8929,661.1617465859923,452.9Hz_+50c,4,450.55916351424236,660.8848356825021,452.8929010413397,661.1617444254941,450.55916351424236,660.8848356825021,0.0,0.0,0,663.2187985921279,654.9999903621563,8.218798592127882,-9.637843731979956e-06,-0.7252355523937344,-5.657205790392432e-06
encodec,12.0kbps,24000,20260826,660.0,440.0,644.1977062160752,440Hz_ongrid,0,440.2397175269989,644.7911004642542,439.9999989084786,644.1977083562491,440.2397175269989,644.7911004642542,0.0,0.0,0,660.6510282485954,660.0000100462853,0.6510282485953667,1.0046285296994029e-05,1.593969465390687,5.751560456866628e-06
encodec,12.0kbps,24000,20260826,660.0,440.0,644.1977062160752,440Hz_ongrid,1,440.23292900462667,648.3948673263845,439.99999891664794,644.1977083544115,440.23292900462667,648.3948673263845,0.0,0.0,0,670.3267309059747,660.0000100092036,10.326730905974728,1.0009203606387018e-05,11.242976185945167,5.746621926447687e-06
encodec,12.0kbps,24000,20260826,660.0,440.0,644.1977062160752,440Hz_ongrid,2,440.1404884768463,645.2827017008365,439.99999891156256,644.1977083567808,440.1404884768463,645.2827017008365,0.0,0.0,0,662.3607120164628,660.00001003558,2.3607120164627986,1.0035579975919973e-05,2.9133929574438953,5.752989313219643e-06
encodec,12.0kbps,24000,20260826,660.0,440.0,644.1977062160752,440Hz_ongrid,3,440.16809041550084,644.3195555943317,439.999998910191,644.1977083545368,440.16809041550084,644.1625095708043,0.0,0.4220212789886973,0,659.6661842042807,660.0000100349458,-0.3338157957192607,1.0034945830739161e-05,0.32743029430260534,5.74695867064065e-06
encodec,12.0kbps,24000,20260826,660.0,440.0,644.1977062160752,440Hz_ongrid,4,440.1585987336083,645.1445129886105,439.9999989077696,644.1977083551291,440.1585987336083,644.6262174760345,0.0,1.3913959527148616,0,661.918691906953,660.0000100460649,1.9186919069529722,1.0046064858215686e-05,2.54260566778736,5.748550132922462e-06
encodec,12.0kbps,24000,20260826,660.0,452.8929,663.0740166853326,452.9Hz_+50c,0,450.8928430025696,662.4763845847339,452.8929010403743,663.0740180587845,450.8928430025696,662.4763845847339,0.0,0.0,0,666.1013005578568,659.9999996090273,6.101300557856803,-3.909726729034446e-07,-1.5610739666852858,3.5859746958412624e-06
encodec,12.0kbps,24000,20260826,660.0,452.8929,663.0740166853326,452.9Hz_+50c,1,451.11049730463156,662.5254268188884,452.8929010375787,663.0740180546031,451.11049730463156,662.5254268188884,0.0,0.0,0,665.393959730457,659.9999996087963,5.393959730457027,-3.9120368455769494e-07,-1.432917786190139,3.57505741833884e-06
encodec,12.0kbps,24000,20260826,660.0,452.8929,663.0740166853326,452.9Hz_+50c,2,451.47314300824485,662.3256462041375,452.8929010516075,663.074018058039,451.47314300824485,662.3256462041375,0.0,0.0,0,663.480665464643,659.9999995641406,3.480665464643039,-4.3585941966739483e-07,-1.9550398756300775,3.584028422038635e-06
encodec,12.0kbps,24000,20260826,660.0,452.8929,663.0740166853326,452.9Hz_+50c,3,451.2409038433044,662.2863446330465,452.89290104286204,663.074018060579,451.2409038433044,662.2863446330465,0.0,0.0,0,664.2687143821037,659.9999996042028,4.268714382103667,-3.9579720123583684e-07,-2.0577721754208236,3.590659899298971e-06
encodec,12.0kbps,24000,20260826,660.0,452.8929,663.0740166853326,452.9Hz_+50c,4,451.09837960104755,662.1427865445655,452.8929010523849,663.0740180600068,451.09837960104755,662.1427865445655,0.0,0.0,0,664.4403049492903,659.9999995663067,4.440304949290294,-4.336933443482849e-07,-2.4330774989295056,3.5891660774548096e-06
encodec,12.0kbps,24000,20260826,665.0,440.0,646.060911427238,440Hz_ongrid,0,440.2321387330072,648.8136476717902,439.9999989170241,646.0609124958197,440.2321387330072,648.6515208541621,0.0,0.4326581941687748,0,671.4476340269354,665.0000071245548,6.447634026935361,7.124554826987151e-06,7.360771528560965,2.863453125312919e-06
encodec,12.0kbps,24000,20260826,665.0,440.0,646.060911427238,440Hz_ongrid,1,440.11618898315123,648.9596172214286,439.99999891250565,646.0609125006717,440.11618898315123,648.7920093918216,0.0,0.44718631388110736,0,672.29311982682,665.0000071553347,7.293119826819975,7.155334742492414e-06,7.750219304012417,2.8764546802368086e-06
encodec,12.0kbps,24000,20260826,665.0,440.0,646.060911427238,440Hz_ongrid,2,440.14845936441554,650.0379838462874,439.9999989108666,646.0609124964941,440.14845936441554,649.7974447870473,0.0,0.6407417509435548,0,675.040564812317,665.0000071505891,10.04056481231703,7.150589112825401e-06,10.62459789510451,2.865260242269261e-06
encodec,12.0kbps,24000,20260826,665.0,440.0,646.060911427238,440Hz_ongrid,3,440.13308732179286,648.7421140991511,439.99999890878536,646.060912495854,440.13308732179286,648.5833493588108,0.0,0.42373164388208656,0,671.6463182297795,665.000007157063,6.646318229779467,7.157063009799458e-06,7.169887467346197,2.8635449995848962e-06
encodec,12.0kbps,24000,20260826,665.0,440.0,646.060911427238,440Hz_ongrid,4,440.13768424835786,650.7342837228017,439.9999989180948,646.0609124981726,440.13768424835786,650.579625595239,0.0,0.41150627184550487,0,676.9363970336208,665.0000071266469,11.936397033620779,7.126646892174904e-06,12.478047879818611,2.8697578530731675e-06
encodec,12.0kbps,24000,20260826,665.0,452.8929,664.991817620284,452.9Hz_+50c,0,451.16680454538516,664.2588697515713,452.8929010421888,664.9918162582256,451.16680454538516,664.2588697515713,0.0,0.0,0,669.7015971920952,664.9999924701448,4.701597192095164,-7.529855224674975e-06,-1.9092026013767913,-3.5459711458978874e-06
encodec,12.0kbps,24000,20260826,665.0,452.8929,664.991817620284,452.9Hz_+50c,1,451.0679841971991,663.9967727524838,452.89290104279803,664.9918162538071,451.0679841971991,663.9967727524838,0.0,0.0,0,669.3976070425986,664.9999924563127,4.397607042598565,-7.543687274846889e-06,-2.5924314021402495,-3.5574744582910966e-06
encodec,12.0kbps,24000,20260826,665.0,452.8929,664.991817620284,452.9Hz_+50c,2,451.2384472181158,663.9468780006534,452.8929010433252,664.9918162576445,451.2384472181158,663.9468780006534,0.0,0.0,0,668.6133851681814,664.9999924642877,3.6133851681813667,-7.535712256867555e-06,-2.7225265206041227,-3.5474841883072694e-06
encodec,12.0kbps,24000,20260826,665.0,452.8929,664.991817620284,452.9Hz_+50c,3,451.38286656882735,663.9877356153385,452.8929010345546,664.9918162613919,451.38286656882735,663.9877356153385,0.0,0.0,0,668.1659229908777,664.9999925075707,3.165922990877675,-7.492429290323344e-06,-2.615994025700555,-3.5377280247328767e-06
encodec,12.0kbps,24000,20260826,665.0,452.8929,664.991817620284,452.9Hz_+50c,4,451.623457757252,663.857912553443,452.8929010389683,664.9918162596749,451.623457757252,663.857912553443,0.0,0.0,0,666.9048808267205,664.9999924862284,1.9048808267205004,-7.513771606681985e-06,-2.9545184711186248,-3.5421981501539703e-06
encodec,12.0kbps,24000,20260826,670.0,440.0,647.9295055642312,440Hz_ongrid,0,440.2427224590538,651.8733138216631,439.9999989093416,647.929504843725,440.2427224590538,651.8733138216631,0.0,0.0,0,679.5509525282349,670.000002366174,9.550952528234916,2.366174044254876e-06,10.505710541033093,-1.925155410707381e-06
encodec,12.0kbps,24000,20260826,670.0,440.0,647.9295055642312,440Hz_ongrid,1,440.1459282655901,652.0560336347633,439.9999989091472,647.9295048444485,440.1459282655901,652.0560336347633,0.0,0.0,0,680.4168292189986,670.0000023688721,10.4168292189986,2.3688720602876856e-06,10.990906712996935,-1.9232222068787102e-06
encodec,12.0kbps,24000,20260826,670.0,440.0,647.9295055642312,440Hz_ongrid,2,440.09202334844025,652.0416618368205,439.9999989155914,647.9295048456656,440.09202334844025,652.0416618368205,0.0,0.0,0,680.5907093011317,670.0000023467688,10.59070930113171,2.3467688379241736e-06,10.952748611756249,-1.9199700882884276e-06
encodec,12.0kbps,24000,20260826,670.0,440.0,647.9295055642312,440Hz_ongrid,3,440.2717807298891,651.3669552252059,439.99999891740043,647.9295048456786,440.2717807298891,651.3669552252059,0.0,0.0,0,678.0913848939939,670.0000023396856,8.091384893993904,2.3396855794999283e-06,9.160409435538703,-1.919935491282148e-06
encodec,12.0kbps,24000,20260826,670.0,440.0,647.9295055642312,440Hz_ongrid,4,440.2483670158227,651.5662531162591,439.9999989207397,647.9295048468531,440.2483670158227,651.5662531162591,0.0,0.0,0,678.7130769942771,670.000002329685,8.713076994277117,2.3296850031329086e-06,9.69003182198268,-1.916797158401413e-06
encodec,12.0kbps,24000,20260826,670.0,452.8929,666.9151653876156,452.9Hz_+50c,0,451.1013485087545,665.4398667667566,452.8929010516267,666.9151668309464,451.1013485087545,665.4398667667566,0.0,0.0,0,673.0280429163104,669.9999997267574,3.028042916310369,-2.732425627982593e-07,-3.8339454382280604,3.7467185370763527e-06
encodec,12.0kbps,24000,20260826,670.0,452.8929,666.9151653876156,452.9Hz_+50c,1,451.3958256108056,665.6025225617899,452.89290104950743,666.9151668338085,451.3958256108056,665.6025225617899,0.0,0.0,0,672.3213890624319,669.9999997422882,2.3213890624318765,-2.5771180389710935e-07,-3.410825552191415,3.7541480519449653e-06
encodec,12.0kbps,24000,20260826,670.0,452.8929,666.9151653876156,452.9Hz_+50c,2,451.3427365338847,665.8543417346549,452.8929010454736,666.9151668339856,451.3427365338847,665.8543417346549,0.0,0.0,0,673.1798715741926,669.9999997581677,3.179871574192589,-2.4183225377782946e-07,-2.755967038693504,3.754607807715796e-06
encodec,12.0kbps,24000,20260826,670.0,452.8929,666.9151653876156,452.9Hz_+50c,3,450.67662299416645,665.6210855144573,452.89290104051827,666.9151668348045,450.67662299416645,665.6210855144573,0.0,0.0,0,675.1302212868169,669.9999997792356,5.130221286816891,-2.207643774454482e-07,-3.362543932910977,3.756733601539116e-06
encodec,12.0kbps,24000,20260826,670.0,452.8929,666.9151653876156,452.9Hz_+50c,4,451.1568415470247,665.6497739573293,452.8929010401175,666.9151668313688,451.1568415470247,665.6497739573293,0.0,0.0,0,673.3611017030364,669.9999997718488,3.361101703036411,-2.281511797264102e-07,-3.287928900561861,3.7478148777606453e-06
encodec,12.0kbps,24000,20260826,675.0,440.0,649.8035042133797,440Hz_ongrid,0,440.2010446050611,652.9606470169471,439.9999989141971,649.8035024179393,440.2010446050611,652.9606470169471,0.0,0.0,0,682.6001717963593,674.9999994887364,7.600171796359291,-5.112635790283093e-07,8.391025826467526,-4.783488571413965e-06
encodec,12.0kbps,24000,20260826,675.0,440.0,649.8035042133797,440Hz_ongrid,1,440.2433604180298,653.0147008558641,439.9999989198891,649.8035024148277,440.2433604180298,653.0147008558641,0.0,0.0,0,682.5770693515827,674.9999994580505,7.577069351582736,-5.41949475518777e-07,8.534336106591486,-4.791778590749053e-06
encodec,12.0kbps,24000,20260826,675.0,440.0,649.8035042133797,440Hz_ongrid,2,440.2236619617268,653.460221914621,439.999998914286,649.8035024172553,440.2236619617268,653.460221914621,0.0,0.0,0,683.8352706485607,674.9999994865645,8.835270648560709,-5.134354523761431e-07,9.715072518673717,-4.78531068041437e-06
encodec,12.0kbps,24000,20260826,675.0,440.0,649.8035042133797,440Hz_ongrid,3,440.18181455207275,652.7014208079671,439.99999891980485,649.8035024184111,440.18181455207275,652.7014208079671,0.0,0.0,0,681.988363308129,674.999999467929,6.98836330812901,-5.320709988154704e-07,7.703587236724247,-4.782231546850394e-06
encodec,12.0kbps,24000,20260826,675.0,440.0,649.8035042133797,440Hz_ongrid,4,440.1640772753654,652.5393484296993,439.9999989195724,649.803502418272,440.1640772753654,652.5393484296993,0.0,0.0,0,681.6281890392057,674.999999468473,6.628189039205722,-5.315270072969724e-07,7.273650894364583,-4.7826019270237886e-06
encodec,12.0kbps,24000,20260826,675.0,452.8929,668.8440760303631,452.9Hz_+50c,0,450.42267092356235,666.9457785267643,452.8929010489235,668.8440744154335,450.42267092356235,666.9457785267643,0.0,0.0,0,679.5480407209996,674.9999918102932,4.548040720999552,-8.18970681848441e-06,-4.920533682173903,-4.180079108709638e-06
encodec,12.0kbps,24000,20260826,675.0,452.8929,668.8440760303631,452.9Hz_+50c,1,451.22531653629636,667.0357279361679,452.89290104372583,668.844074413531,451.22531653629636,667.0357279361679,0.0,0.0,0,676.6992280039319,674.999991825237,1.6992280039319212,-8.174763024726417e-06,-4.687061959013748,-4.18500360814879e-06
encodec,12.0kbps,24000,20260826,675.0,452.8929,668.8440760303631,452.9Hz_+50c,2,451.64677633591475,666.9447253827686,452.8929010407551,668.8440744115749,451.64677633591475,666.9447253827686,0.0,0.0,0,674.846745765302,674.99999183153,-0.1532542346980108,-8.168470003511175e-06,-4.9232673979302195,-4.190066687818846e-06
encodec,12.0kbps,24000,20260826,675.0,452.8929,668.8440760303631,452.9Hz_+50c,3,451.56675510650666,666.7757837965863,452.892901043789,668.844074411255,451.56675510650666,666.7757837965863,0.0,0.0,0,674.7149182791279,674.9999918191045,-0.2850817208720855,-8.180895520126796e-06,-5.361856181492396,-4.190894901709147e-06
encodec,12.0kbps,24000,20260826,675.0,452.8929,668.8440760303631,452.9Hz_+50c,4,451.20490406707427,666.8238562881651,452.89290104371383,668.8440744110341,451.20490406707427,666.8238562881651,0.0,0.0,0,676.2275650550256,674.99999181882,1.2275650550255932,-8.181179964594776e-06,-5.237044008814688,-4.191466521135872e-06
encodec,12.0kbps,24000,20260826,680.0,440.0,651.6829230060882,440Hz_ongrid,0,440.1889899585416,654.8376239852948,439.9999989227614,651.6829261720461,440.1889899585416,654.8376239852948,0.0,0.0,0,687.61698479465,680.0000126490809,7.616984794649966,1.2649080872506602e-05,8.360429350125358,8.41055333942115e-06
encodec,12.0kbps,24000,20260826,680.0,440.0,651.6829230060882,440Hz_ongrid,1,440.2589978729642,654.9630860231533,439.9999989118061,651.6829261734722,440.2589978729642,654.9630860231533,0.0,0.0,0,687.6733300598498,680.0000126959744,7.673330059849832,1.2695974419330014e-05,8.692089198544329,8.414342095997332e-06
encodec,12.0kbps,24000,20260826,680.0,440.0,651.6829230060882,440Hz_ongrid,2,440.29408386239265,654.4880577639714,439.9999989076727,651.6829261726617,440.29408386239265,654.4880577639714,0.0,0.0,0,686.2792905504267,680.0000127100849,6.279290550426708,1.2710084888567508e-05,7.436013114236362,8.412189008986051e-06
encodec,12.0kbps,24000,20260826,680.0,440.0,651.6829230060882,440Hz_ongrid,3,440.1946646039646,654.7046311209832,439.9999989162034,651.6829261723205,440.1946646039646,654.7046311209832,0.0,0.0,0,687.2430299033541,680.0000126756131,7.243029903354113,1.2675613106694072e-05,8.00879231837173,8.411282567426937e-06
encodec,12.0kbps,24000,20260826,680.0,440.0,651.6829230060882,440Hz_ongrid,4,440.1065059245408,654.8130089331594,439.9999989103962,651.6829261728967,440.1065059245408,654.8130089331594,0.0,0.0,0,687.8763418840937,680.0000126999931,7.8763418840936765,1.2699993135356635e-05,8.29535181675829,8.412813292740081e-06
encodec,12.0kbps,24000,20260826,680.0,452.8929,670.7785656379637,452.9Hz_+50c,0,450.73713641534556,667.6958863401218,452.89290104306946,670.7785667316984,450.73713641534556,667.6958863401218,0.0,0.0,0,680.2857991993337,679.999998835605,0.28579919933372366,-1.164395030173182e-06,-7.974524715311616,2.8228554606114438e-06
encodec,12.0kbps,24000,20260826,680.0,452.8929,670.7785656379637,452.9Hz_+50c,1,451.10052460947793,668.0090012526466,452.8929010400892,670.7785667329662,451.10052460947793,668.0090012526466,0.0,0.0,0,679.7022947214339,679.999998850269,-0.29770527856612716,-1.1497310197228217e-06,-7.162855591692506,2.826127184162982e-06
encodec,12.0kbps,24000,20260826,680.0,452.8929,670.7785656379637,452.9Hz_+50c,2,451.42097394010204,667.924359344711,452.89290104621875,670.7785667329769,451.42097394010204,667.924359344711,0.0,0.0,0,678.2535359204513,679.9999988268659,-1.746464079548673,-1.1731341373888426e-06,-7.38223023643784,2.8261548617679304e-06
encodec,12.0kbps,24000,20260826,680.0,452.8929,670.7785656379637,452.9Hz_+50c,3,451.60327250880704,667.8971197585352,452.892901037307,670.7785667311729,451.60327250880704,667.8971197585352,0.0,0.0,0,677.4839426675572,679.999998856276,-2.516057332442756,-1.143724034591287e-06,-7.452835627673639,2.82149887355782e-06
encodec,12.0kbps,24000,20260826,680.0,452.8929,670.7785656379637,452.9Hz_+50c,4,451.10979274167386,667.4050115594019,452.89290104742406,670.7785667317032,451.10979274167386,667.4050115594019,0.0,0.0,0,678.1006982505246,679.9999988189713,-1.8993017494753985,-1.1810286650870694e-06,-8.72888318088797,2.8228677617691986e-06
encodec,12.0kbps,24000,20260826,685.0,440.0,653.5677776189724,440Hz_ongrid,0,440.31133498876886,656.093269886373,439.99999891318134,653.56777870118,440.31133498876886,656.093269886373,0.0,0.0,0,690.4523255871242,685.0000071428785,5.4523255871241645,7.1428785304306075e-06,6.676878161359986,2.866657192496732e-06
encodec,12.0kbps,24000,20260826,685.0,440.0,653.5677776189724,440Hz_ongrid,1,440.1357627969774,656.1887794421784,439.9999989147065,653.567778699606,440.1357627969774,656.1887794421784,0.0,0.0,0,691.3947879834944,685.0000071327081,6.394787983494439,7.132708105928032e-06,6.928880991693737,2.8624878688403856e-06
encodec,12.0kbps,24000,20260826,685.0,440.0,653.5677776189724,440Hz_ongrid,2,440.1710671975108,655.9719555554923,439.99999891114976,653.567778698339,440.1710671975108,655.9719555554923,0.0,0.0,0,690.6837822091915,685.0000071433466,5.683782209191463,7.143346579141507e-06,6.356736301357059,2.8591315748293548e-06
encodec,12.0kbps,24000,20260826,685.0,440.0,653.5677776189724,440Hz_ongrid,3,440.1581713230832,656.0820815631735,439.9999989123939,653.5677786989697,440.1581713230832,656.0820815631735,0.0,0.0,0,691.0251226018669,685.000007140122,6.025122601866883,7.1401219656763715e-06,6.64735526862441,2.8608022258168643e-06
encodec,12.0kbps,24000,20260826,685.0,440.0,653.5677776189724,440Hz_ongrid,4,440.2892444919842,655.9324928375272,439.99999891731136,653.5677786991115,440.2892444919842,655.9324928375272,0.0,0.0,0,690.1148895125552,685.000007121149,5.114889512555237,7.121148996702686e-06,6.25258359250065,2.8611777955395514e-06
encodec,12.0kbps,24000,20260826,685.0,452.8929,672.7186503463898,452.9Hz_+50c,0,451.9050998955418,669.1662412312993,452.89290105284346,672.7186471874089,451.9050998955418,669.1662412312993,0.0,0.0,0,679.6137915670231,684.9999878457849,-5.3862084329769,-1.2154215141890745e-05,-9.166309304393156,-8.129602623589201e-06
encodec,12.0kbps,24000,20260826,685.0,452.8929,672.7186503463898,452.9Hz_+50c,1,451.6610573692133,668.3026839572918,452.8929010432236,672.7186471875253,451.6610573692133,668.3026839572918,0.0,0.0,0,678.3133674365522,684.9999878828573,-6.686632563447802,-1.211714265991759e-05,-11.40190511626585,-8.12930316727822e-06
encodec,12.0kbps,24000,20260826,685.0,452.8929,672.7186503463898,452.9Hz_+50c,2,451.6136571054032,668.9924970721713,452.8929010417881,672.7186471877699,451.6136571054032,668.9924970721713,0.0,0.0,0,680.2810990764817,684.999987888974,-4.718900923518277,-1.2111025966987654e-05,-9.61587002867674,-8.128673693967263e-06
encodec,12.0kbps,24000,20260826,685.0,452.8929,672.7186503463898,452.9Hz_+50c,3,451.4575893650529,668.7679770527023,452.89290103560967,672.7186471874437,451.4575893650529,668.7679770527023,0.0,0.0,0,680.2983633117683,684.9999879117524,-4.7016366882317016,-1.2088247558494913e-05,-10.196985577490759,-8.129513055783734e-06
encodec,12.0kbps,24000,20260826,685.0,452.8929,672.7186503463898,452.9Hz_+50c,4,451.07712544855696,668.6118186550974,452.8929010480412,672.7186471869796,451.07712544855696,668.6118186550974,0.0,0.0,0,681.3536752516013,684.9999878630372,-3.6463247483986834,-1.2136962823205977e-05,-10.601278714081504,-8.130707421327026e-06
encodec,12.0kbps,24000,20260826,690.0,440.0,655.4580837739891,440Hz_ongrid,0,440.2475858548824,657.3746794320152,439.9999989194444,655.4580826680682,440.2475858548824,657.3746794320152,0.0,0.0,0,694.0809543279448,690.0000013305564,4.0809543279448235,1.330556415268802e-06,5.054837313211265,-2.9210225485305926e-06
encodec,12.0kbps,24000,20260826,690.0,440.0,655.4580837739891,440Hz_ongrid,1,440.2455233117974,657.2458942957675,439.99999890972435,655.4580826688672,440.2455233117974,657.2458942957675,0.0,0.0,0,693.7498688177483,690.0000013709111,3.749868817748279,1.3709111499338178e-06,4.715641018774782,-2.9189123233519105e-06
encodec,12.0kbps,24000,20260826,690.0,440.0,655.4580837739891,440Hz_ongrid,2,440.2596219205231,657.2481215458969,439.9999989128117,655.4580826667615,440.2596219205231,657.2481215458969,0.0,0.0,0,693.7002946653057,690.000001353202,3.700294665305705,1.353202037535084e-06,4.721507749567784,-2.92447398432016e-06
encodec,12.0kbps,24000,20260826,690.0,440.0,655.4580837739891,440Hz_ongrid,3,440.20444625839383,657.4788132663999,439.9999989078012,655.4580826673633,440.20444625839383,657.4788132663999,0.0,0.0,0,694.5248259513016,690.0000013745062,4.5248259513016365,1.3745061551162507e-06,5.329058039892498,-2.9228842518806916e-06
encodec,12.0kbps,24000,20260826,690.0,440.0,655.4580837739891,440Hz_ongrid,4,440.1983310959724,657.2035125409225,439.99999891211985,655.4580826700334,440.1983310959724,657.2035125409225,0.0,0.0,0,693.8238185197946,690.0000013645663,3.8238185197945995,1.3645662875205744e-06,4.604000758311928,-2.9158320365577113e-06
encodec,12.0kbps,24000,20260826,690.0,452.8929,674.6643463382837,452.9Hz_+50c,0,451.0049666820478,668.2655868304192,452.89290104018835,674.6643455049125,451.0049666820478,668.2655868304192,0.0,0.0,0,680.7339138062887,689.9999938852766,-9.266086193711317,-6.114723419159418e-06,-16.498007665734665,-2.1384867020198856e-06
encodec,12.0kbps,24000,20260826,690.0,452.8929,674.6643463382837,452.9Hz_+50c,1,450.78094543691174,668.8826380697604,452.8929010402632,674.6643455035099,450.78094543691174,668.8826380697604,0.0,0.0,0,683.1918772286729,689.9999938813912,-6.808122771327135,-6.118608780525392e-06,-14.90018900733472,-2.142085751701371e-06
encodec,12.0kbps,24000,20260826,690.0,452.8929,674.6643463382837,452.9Hz_+50c,2,450.7167455910374,668.8107131788912,452.89290103737,674.664345505898,450.7167455910374,668.8107131788912,0.0,0.0,0,683.2522862419942,689.999993898579,-6.74771375800583,-6.101421035964449e-06,-15.086358460972212,-2.1359576608605314e-06
encodec,12.0kbps,24000,20260826,690.0,452.8929,674.6643463382837,452.9Hz_+50c,3,451.37217958427374,670.0697117525323,452.8929010517916,674.6643455058651,451.37217958427374,670.0697117525323,0.0,0.0,0,683.9924351389297,689.999993843366,-6.00756486107025,-6.156633958198654e-06,-11.830471228238736,-2.1360422313203364e-06
encodec,12.0kbps,24000,20260826,690.0,452.8929,674.6643463382837,452.9Hz_+50c,4,451.870782975533,669.5665743393689,452.89290103973116,674.6643455041028,451.870782975533,669.5665743393689,0.0,0.0,0,680.7806760609049,689.9999938849464,-9.219323939095148,-6.1150535657361615e-06,-13.130896830362566,-2.1405642522472373e-06
encodec,12.0kbps,24000,20260826,695.0,440.0,657.3538572385671,440Hz_ongrid,0,440.205649619632,658.531860073536,439.999998907143,657.3538594106773,440.205649619632,658.531860073536,0.0,0.0,0,697.290695346287,695.0000100205384,2.2906953462869524,1.0020538411481539e-05,3.099660002027168,5.7205584640877865e-06
encodec,12.0kbps,24000,20260826,695.0,440.0,657.3538572385671,440Hz_ongrid,1,440.1956438326931,658.4444547626202,439.99999891072594,657.3538594084642,440.1956438326931,658.4444547626202,0.0,0.0,0,697.1002487199228,695.0000100006127,2.1002487199227744,1.0000612746807747e-05,2.8698623225334674,5.714730021788935e-06
encodec,12.0kbps,24000,20260826,695.0,440.0,657.3538572385671,440Hz_ongrid,2,440.2257884316859,658.6978264944979,439.9999989160868,657.3538594084359,440.2257884316859,658.6978264944979,0.0,0.0,0,697.6477546483486,695.0000099794452,2.6477546483486094,9.979445167118683e-06,3.5359191046293077,5.714655446020172e-06
encodec,12.0kbps,24000,20260826,695.0,440.0,657.3538572385671,440Hz_ongrid,3,440.24860529984926,658.4562261226461,439.99999891234467,657.3538594100706,440.24860529984926,658.4562261226461,0.0,0.0,0,696.9229203770009,695.0000099984743,1.922920377000878,9.998474297390203e-06,2.9008122333003095,5.718960466815903e-06
encodec,12.0kbps,24000,20260826,695.0,440.0,657.3538572385671,440Hz_ongrid,4,440.31285853896475,658.4449494325421,439.99999891186815,657.3538594088603,440.31285853896475,658.4449494325421,0.0,0.0,0,696.640620026571,695.0000099971616,1.640620026571014,9.997161555475031e-06,2.8711629471857374,5.715772929318074e-06
encodec,12.0kbps,24000,20260826,695.0,452.8929,676.6156698430924,452.9Hz_+50c,0,451.3921969052149,670.5401753534422,452.8929010420501,676.6156714213539,451.3921969052149,670.5401753534422,0.0,0.0,0,685.1307532736023,695.0000000548918,-9.869246726397705,5.489175691764103e-08,-15.615378536455427,4.038245212167023e-06
encodec,12.0kbps,24000,20260826,695.0,452.8929,676.6156698430924,452.9Hz_+50c,1,450.9110454707406,671.1961669412207,452.89290103746663,676.6156714202881,450.9110454707406,671.1961669412207,0.0,0.0,0,688.6699516297768,695.0000000696855,-6.330048370223153,6.968548404984176e-08,-13.922534678309825,4.035518199259214e-06
encodec,12.0kbps,24000,20260826,695.0,452.8929,676.6156698430924,452.9Hz_+50c,2,451.16855245455116,671.2680657246884,452.89290104577594,676.6156714196183,451.16855245455116,671.2680657246884,0.0,0.0,0,687.8669984903527,695.0000000362083,-7.133001509647329,3.620834831963293e-08,-13.73709417402495,4.033804494220727e-06
encodec,12.0kbps,24000,20260826,695.0,452.8929,676.6156698430924,452.9Hz_+50c,3,451.52607310495046,671.1420349779524,452.89290104455347,676.6156714217354,451.52607310495046,671.1420349779524,0.0,0.0,0,686.1705853985248,695.0000000462985,-8.82941460147515,4.629850991477724e-08,-14.062164315415568,4.039221616563108e-06
encodec,12.0kbps,24000,20260826,695.0,452.8929,676.6156698430924,452.9Hz_+50c,4,450.966173051357,670.6591086398143,452.89290104944325,676.6156714235467,450.966173051357,671.0077583466237,0.0,-0.8997677024968646,0,687.0725037785201,695.000000032241,-7.927496221479942,3.22410187436617e-08,-15.308337878244767,4.043856077743888e-06
encodec,12.0kbps,24000,20260826,700.0,440.0,659.2551138257398,440Hz_ongrid,0,440.1310514574792,659.7127667693378,439.9999989174668,659.2551148694203,440.1310514574792,659.7127667693378,0.0,0.0,0,700.6858393000944,700.0000070001123,0.6858393000943579,7.000112304922368e-06,1.201400583084895,2.740752536410014e-06
encodec,12.0kbps,24000,20260826,700.0,440.0,659.2551138257398,440Hz_ongrid,1,440.1818065644892,659.7140553117191,439.99999892042115,659.2551148692152,440.1818065644892,659.7140553117191,0.0,0.0,0,700.4895894901254,700.0000069879493,0.48958949012535413,6.987949291215045e-06,1.204782003572856,2.7402139763470454e-06
encodec,12.0kbps,24000,20260826,700.0,440.0,659.2551138257398,440Hz_ongrid,2,440.31211039119086,659.6687679157842,439.99999891244806,659.2551148726826,440.31211039119086,659.6687679157842,0.0,0.0,0,699.858332556492,700.0000070284261,-0.14166744350802674,7.028426125543774e-06,1.0859338868827917,2.749319523964113e-06
encodec,12.0kbps,24000,20260826,700.0,440.0,659.2551138257398,440Hz_ongrid,3,440.31040434808966,659.7184851978644,439.9999989056475,659.2551148658248,440.31040434808966,659.7184851978644,0.0,0.0,0,699.9955135157744,700.0000070371749,-0.004486484225594722,7.037174896140641e-06,1.2164069551982661,2.7313106290105323e-06
encodec,12.0kbps,24000,20260826,700.0,440.0,659.2551138257398,440Hz_ongrid,4,440.1576973208557,659.6708199367096,439.9999989145762,659.2551148662503,440.1576973208557,659.6708199367096,0.0,0.0,0,700.4709508841925,700.0000070031613,0.47095088419246167,7.003161272223224e-06,1.0913192001531782,2.7324281123103594e-06
encodec,12.0kbps,24000,20260826,700.0,452.8929,678.5726371372033,452.9Hz_+50c,0,451.14311508792997,671.7819178724388,452.8929010447549,678.572634712343,451.14311508792997,672.9274116955519,0.0,-2.949512352816154,0,689.2893535882014,699.9999898197905,-10.71064641179862,-1.018020952869847e-05,-17.41235065942202,-6.186516346405771e-06
encodec,12.0kbps,24000,20260826,700.0,452.8929,678.5726371372033,452.9Hz_+50c,1,451.1783588721655,674.0928102434858,452.8929010449861,678.5726347156173,451.1783588721655,674.0928102434858,0.0,0.0,0,695.0992420831515,699.9999898272605,-4.900757916848534,-1.0172739507652295e-05,-11.467221585413515,-6.178162707013411e-06
encodec,12.0kbps,24000,20260826,700.0,452.8929,678.5726371372033,452.9Hz_+50c,2,451.38435940788503,673.3467781385923,452.8929010409308,678.5726347160486,451.38435940788503,673.3467781385923,0.0,0.0,0,692.3919171597146,699.9999898438627,-7.6080828402854195,-1.0156137250305619e-05,-13.384274230739884,-6.177062330005424e-06
encodec,12.0kbps,24000,20260826,700.0,452.8929,678.5726371372033,452.9Hz_+50c,3,451.66193153544265,673.4878855816335,452.89290104857486,678.5726347165978,451.66193153544265,672.5577841529227,0.0,2.3925243473531443,0,691.6904093050443,699.9999898160438,-8.30959069495566,-1.0183956192122423e-05,-13.021512538538222,-6.1756611512476566e-06
encodec,12.0kbps,24000,20260826,700.0,452.8929,678.5726371372033,452.9Hz_+50c,4,451.38042061635934,673.3222151290491,452.89290104181936,678.5726347114552,451.38042061635934,673.3222151290491,0.0,0.0,0,692.3438691991348,699.999989828747,-7.656130800865185,-1.0171253052249085e-05,-13.447429050054797,-6.188781489294714e-06
encodec,12.0kbps,24000,20260826,705.0,440.0,661.1618693942762,440Hz_ongrid,0,440.160940953064,660.8023474630014,439.999998905558,661.1618672390259,440.160940953064,660.8023474630014,0.0,0.0,0,703.425219565118,704.999998662753,-1.5747804348819727,-1.337246999355557e-06,-0.9416542690301541,-5.643463282851803e-06
encodec,12.0kbps,24000,20260826,705.0,440.0,661.1618693942762,440Hz_ongrid,1,440.3137536210538,660.9783940200892,439.9999989178879,661.1618672381624,440.3137536210538,660.9783940200892,0.0,0.0,0,703.2854459151769,704.9999986119784,-1.7145540848231349,-1.3880215874451096e-06,-0.48049185973126995,-5.645724389422628e-06
encodec,12.0kbps,24000,20260826,705.0,440.0,661.1618693942762,440Hz_ongrid,2,440.23063999016574,660.9415011180444,439.99999892151686,661.1618672331839,440.23063999016574,660.9415011180444,0.0,0.0,0,703.5156319723749,704.9999985846639,-1.4843680276251234,-1.4153361007629428e-06,-0.5771244143065832,-5.658760349211284e-06
encodec,12.0kbps,24000,20260826,705.0,440.0,661.1618693942762,440Hz_ongrid,3,440.1845066298885,660.9400683086919,439.9999989164448,661.1618672338786,440.1845066298885,660.9400683086919,0.0,0.0,0,703.6933107271241,704.9999986064398,-1.3066892728759285,-1.3935601828052313e-06,-0.5808774408923426,-5.656941315499412e-06
encodec,12.0kbps,24000,20260826,705.0,440.0,661.1618693942762,440Hz_ongrid,4,440.1531997830253,660.8183681905857,439.9999989154447,661.1618672323373,440.1531997830253,660.8183681905857,0.0,0.0,0,703.4976394267917,704.9999986063389,-1.502360573208307,-1.393661136717128e-06,-0.8996821226228249,-5.660977248496232e-06
encodec,12.0kbps,24000,20260826,705.0,452.8929,680.5352645440795,452.9Hz_+50c,0,451.551918743055,678.0414916310045,452.89290105326745,680.5352635607852,451.551918743055,678.0414916310045,0.0,0.0,0,703.7780199762509,704.9999934723347,-1.2219800237490972,-6.527665277644701e-06,-6.355635641448189,-2.5014317860305103e-06
encodec,12.0kbps,24000,20260826,705.0,452.8929,680.5352645440795,452.9Hz_+50c,1,451.422333823854,674.7576850669159,452.8929010470808,680.5352635616966,451.422333823854,673.1979565005205,0.0,4.006446982820772,0,695.8700477895438,704.9999934983026,-9.129952210456167,-6.50169738491968e-06,-14.76050311673915,-2.499113209992231e-06
encodec,12.0kbps,24000,20260826,705.0,452.8929,680.5352645440795,452.9Hz_+50c,2,450.740114851289,675.5575673322184,452.89290104948503,680.5352635602758,450.740114851289,675.5575673322184,0.0,0.0,0,700.539433235503,704.9999934854976,-4.460566764497003,-6.514502388199617e-06,-12.709450856981556,-2.5027278283272973e-06
encodec,12.0kbps,24000,20260826,705.0,452.8929,680.5352645440795,452.9Hz_+50c,3,451.3928544758266,677.4504338505166,452.8929010406619,680.5352635579527,451.3928544758266,673.9706524235322,0.0,8.915547441076024,0,702.8781762934865,704.9999935133151,-2.12182370651351,-6.486684924311703e-06,-7.865433523919833,-2.5086375736186185e-06
encodec,12.0kbps,24000,20260826,705.0,452.8929,680.5352645440795,452.9Hz_+50c,4,451.26927492059065,675.2083814493707,452.8929010390666,680.5352635646444,451.26927492059065,676.8719977541205,0.0,-4.260265423681864,0,697.6131093939731,704.9999935364367,-7.3868906060268955,-6.463563295255881e-06,-13.604531909107356,-2.491614308878642e-06
encodec,12.0kbps,24000,20260826,710.0,440.0,663.0741398488134,440Hz_ongrid,0,440.1361713048171,662.4286052737294,439.9999989107898,663.0741412223547,440.1361713048171,662.4286052737294,0.0,0.0,0,707.7780395679166,710.0000078718389,-2.2219604320833923,7.871838874962123e-06,-1.6862605961437773,3.5862076490161374e-06
encodec,12.0kbps,24000,20260826,710.0,440.0,663.0741398488134,440Hz_ongrid,1,440.3144778255264,662.3895831024007,439.99999891096445,663.0741412236445,440.3144778255264,662.3895831024007,0.0,0.0,0,706.9748436528153,710.0000078745193,-3.0251563471847476,7.874519269535085e-06,-1.7882466834199386,3.5895750909499686e-06
encodec,12.0kbps,24000,20260826,710.0,440.0,663.0741398488134,440Hz_ongrid,2,440.30869365320575,662.275843451984,439.99999891338126,663.0741412247753,440.30869365320575,662.275843451984,0.0,0.0,0,706.7002884390653,710.0000078679626,-3.2997115609347247,7.867962608543166e-06,-2.0855443286472015,3.5925273688097606e-06
encodec,12.0kbps,24000,20260826,710.0,440.0,663.0741398488134,440Hz_ongrid,3,440.1483269262574,662.5816955773839,439.9999989202464,663.0741412244689,440.1483269262574,662.5816955773839,0.0,0.0,0,708.1302771822595,710.0000078401508,-1.8697228177404668,7.840150828997139e-06,-1.2862106534714721,3.5917274091448876e-06
encodec,12.0kbps,24000,20260826,710.0,440.0,663.0741398488134,440Hz_ongrid,4,440.09534735823723,662.1220395040771,439.99999891617074,663.0741412312402,440.09534735823723,662.1220395040771,0.0,0.0,0,707.1372397580856,710.0000078738663,-2.8627602419144296,7.873866252339212e-06,-2.487644990572317,3.609406863708553e-06
encodec,12.0kbps,24000,20260826,710.0,452.8929,682.5035684343969,452.9Hz_+50c,0,451.74286660911804,681.6370673705035,452.89290103889005,682.5035694019174,451.74286660911804,681.6370673705035,0.0,0.0,0,712.2023656926095,709.9999984829319,2.2023656926095327,-1.5170680853771046e-06,-2.1993573210058686,2.4542059079366334e-06
encodec,12.0kbps,24000,20260826,710.0,452.8929,682.5035684343969,452.9Hz_+50c,1,451.13757625722354,682.267884740209,452.89290104304274,682.5035694071931,451.13757625722354,682.267884740209,0.0,0.0,0,716.1250223511647,709.9999984804402,6.125022351164716,-1.5195597597994492e-06,-0.5979369502416976,2.467588414342888e-06
encodec,12.0kbps,24000,20260826,710.0,452.8929,682.5035684343969,452.9Hz_+50c,2,451.262663250678,684.6524628240644,452.89290105187246,682.5035694063471,451.262663250678,680.503522115631,0.0,10.523060538272265,0,721.6853144139678,709.9999984445415,11.68531441396783,-1.5554585388599662e-06,5.442308140208777,2.4654422467254497e-06
encodec,12.0kbps,24000,20260826,710.0,452.8929,682.5035684343969,452.9Hz_+50c,3,451.42241966778323,681.7467865947406,452.8929010372195,682.5035693989503,451.42241966778323,681.7467865947406,0.0,0.0,0,713.7095087965137,709.9999984817914,3.70950879651366,-1.5182085917331278e-06,-1.9207128927416253,2.446679521445104e-06
encodec,12.0kbps,24000,20260826,710.0,452.8929,682.5035684343969,452.9Hz_+50c,4,451.1980391960977,680.8289623042912,452.89290104073126,682.5035694030462,451.1980391960977,680.8289623042912,0.0,0.0,0,712.2379345337669,709.9999984787569,2.237934533766861,-1.5212431208055932e-06,-4.253014644466671,2.4570693868158023e-06
encodec,12.0kbps,24000,20260826,715.0,440.0,664.9919411399891,440Hz_ongrid,0,440.20740754928346,664.2510275745209,439.9999989177385,664.99193977397,440.20740754928346,664.2510275745209,0.0,0.0,0,712.2541587225011,715.000000702009,-2.7458412774989256,7.020089469733648e-07,-1.9299630767042208,-3.5562818226012757e-06
encodec,12.0kbps,24000,20260826,715.0,440.0,664.9919411399891,440Hz_ongrid,1,440.20193669778826,664.1694799018752,439.99999891472066,664.9919397793519,440.20193669778826,664.1694799018752,0.0,0.0,0,712.0631241228133,715.0000007278943,-2.936875877186708,7.278943030541996e-07,-2.142513405292401,-3.542270611661635e-06
encodec,12.0kbps,24000,20260826,715.0,440.0,664.9919411399891,440Hz_ongrid,2,440.1329414343365,664.2860206574347,439.999998914605,664.9919397774265,440.1329414343365,664.2860206574347,0.0,0.0,0,712.6382414148338,715.0000007233368,-2.3617585851661715,7.233368251036154e-07,-1.8387631862428808,-3.547283141259478e-06
encodec,12.0kbps,24000,20260826,715.0,440.0,664.9919411399891,440Hz_ongrid,3,440.19697929400616,663.8023545085462,439.99999890945867,664.9919397738034,440.19697929400616,663.8023545085462,0.0,0.0,0,711.1254017058942,715.0000007341532,-3.8745982941057946,7.341532182181254e-07,-3.09973249824478,-3.5567154384137227e-06
encodec,12.0kbps,24000,20260826,715.0,440.0,664.9919411399891,440Hz_ongrid,4,440.20933824832036,663.9681178563312,439.9999989177401,664.9919397737186,440.20933824832036,663.9681178563312,0.0,0.0,0,711.5090625317832,715.0000007013484,-3.490937468216771,7.013484264462022e-07,-2.6674662907388162,-3.55693628263735e-06
encodec,12.0kbps,24000,20260826,715.0,452.8929,684.4775652261795,452.9Hz_+50c,0,451.29035600044324,689.1743009329496,452.8929010391954,684.4775673777879,451.29035600044324,689.1743009329496,0.0,0.0,0,732.9755474976619,715.0000014695745,17.975547497661864,1.4695744994241977e-06,11.838779041068594,5.442015661270782e-06
encodec,12.0kbps,24000,20260826,715.0,452.8929,684.4775652261795,452.9Hz_+50c,1,450.9764696961165,689.6854497781017,452.89290104326284,684.4775673757429,450.9764696961165,689.6854497781017,0.0,0.0,0,735.463643785887,715.0000014488538,20.46364378588703,1.4488538226942183e-06,13.122329924249716,5.436843408853973e-06
encodec,12.0kbps,24000,20260826,715.0,452.8929,684.4775652261795,452.9Hz_+50c,2,451.3140547631739,689.4818941453689,452.8929010349036,684.4775673794477,451.3140547631739,689.4818941453689,0.0,0.0,0,733.6571513630461,715.0000014901784,18.65715136304607,1.490178419771837e-06,12.611293397206342,5.44621381575936e-06
encodec,12.0kbps,24000,20260826,715.0,452.8929,684.4775652261795,452.9Hz_+50c,3,451.54410741857794,689.6010297033936,452.89290104086604,684.477567376814,451.54410741857794,689.6010297033936,0.0,0.0,0,733.0740116588454,715.0000014607251,18.074011658845393,1.4607251159759471e-06,12.910407440971353,5.4395523544341494e-06
encodec,12.0kbps,24000,20260826,715.0,452.8929,684.4775652261795,452.9Hz_+50c,4,451.3911121843902,687.9449048372873,452.8929010521399,684.477567376908,451.3911121843902,683.8426138897124,0.0,10.354441692642725,0,729.4980199680566,715.0000014178672,14.49801996805661,1.4178672245179769e-06,8.747727900256452,5.439790304954105e-06
encodec,12.0kbps,24000,20260826,720.0,440.0,666.9152892645751,440Hz_ongrid,0,440.16573806173636,665.6140442293906,439.99999890917354,666.9152907030947,440.16573806173636,665.6140442293906,0.0,0.0,0,715.9668265334558,720.000008026219,-4.033173466544213,8.02621900675149e-06,-3.3811794915741444,3.734228633439084e-06
encodec,12.0kbps,24000,20260826,720.0,440.0,666.9152892645751,440Hz_ongrid,1,440.16710943729237,665.0015865270551,439.9999989143498,666.9152907054945,440.16710943729237,665.0015865270551,0.0,0.0,0,714.3677227515577,720.0000080120819,-5.6322772484422785,8.012081934793969e-06,-4.974889468018973,3.7404580166049545e-06
encodec,12.0kbps,24000,20260826,720.0,440.0,666.9152892645751,440Hz_ongrid,2,440.12379810949767,665.488458955059,439.9999989138572,666.9152907022965,440.12379810949767,665.488458955059,0.0,0.0,0,715.8051173323303,720.0000080057185,-4.194882667669731,8.005718541426177e-06,-3.7078523106986054,3.732156272769705e-06
encodec,12.0kbps,24000,20260826,720.0,440.0,666.9152892645751,440Hz_ongrid,3,440.1185445699982,665.7095786996862,439.99999891131785,666.915290701481,440.1185445699982,665.7095786996862,0.0,0.0,0,716.4009184536633,720.0000080135932,-3.59908154633672,8.013593173927802e-06,-3.13271619494126,3.7300397048146656e-06
encodec,12.0kbps,24000,20260826,720.0,440.0,666.9152892645751,440Hz_ongrid,4,440.122049978431,665.823479131126,439.9999989156018,666.9152907001876,440.122049978431,665.823479131126,0.0,0.0,0,716.6833121292345,720.0000079933799,-3.3166878707654632,7.993379881554574e-06,-2.8365338291589097,3.7266818731605983e-06
encodec,12.0kbps,24000,20260826,720.0,452.8929,686.457271384937,452.9Hz_+50c,0,451.13584279956876,693.0291414561738,452.8929010478436,686.4572692438875,451.13584279956876,693.0291414561738,0.0,0.0,0,743.2249262136289,719.9999905948076,23.22492621362892,-9.405192372469173e-06,16.49531478028292,-5.3996920072764585e-06
encodec,12.0kbps,24000,20260826,720.0,452.8929,686.457271384937,452.9Hz_+50c,1,451.2362816227577,692.1803516648067,452.89290104203883,686.4572692478804,451.2362816227577,692.1803516648067,0.0,0.0,0,740.7179007950008,719.9999906270672,20.717900795000787,-9.372932822770963e-06,14.373680502548488,-5.389621971961808e-06
encodec,12.0kbps,24000,20260826,720.0,452.8929,686.457271384937,452.9Hz_+50c,2,450.6375384985679,693.6126061695984,452.89290104579027,686.4572692451503,450.6375384985679,693.6126061695984,0.0,0.0,0,746.5951475429954,719.9999906058417,26.59514754299539,-9.394158269060426e-06,17.95223620884027,-5.396507160636435e-06
encodec,12.0kbps,24000,20260826,720.0,452.8929,686.457271384937,452.9Hz_+50c,3,451.4264966912614,693.5468631794533,452.89290105031046,686.4572692445298,451.4264966912614,693.5468631794533,0.0,0.0,0,743.4027222221386,719.999990586998,23.40272222213855,-9.413001976099622e-06,17.78813610985849,-5.3980720985569575e-06
encodec,12.0kbps,24000,20260826,720.0,452.8929,686.457271384937,452.9Hz_+50c,4,451.40112605501787,692.5998993781099,452.8929010364435,686.457269246542,451.40112605501787,692.5998993781099,0.0,0.0,0,741.1345925877586,719.9999906450806,21.13459258775856,-9.354919370707648e-06,15.422706596263016,-5.392997486547919e-06
encodec,12.0kbps,24000,20260826,725.0,440.0,668.8442002656105,440Hz_ongrid,0,440.1655255324211,666.9193752776837,439.9999989042315,668.8441986420415,440.1655255324211,666.9193752776837,0.0,0.0,0,719.3594487124575,725.0000001089952,-5.6405512875425075,1.0899520930252038e-07,-4.989393220604612,-4.202440499336594e-06
encodec,12.0kbps,24000,20260826,725.0,440.0,668.8442002656105,440Hz_ongrid,1,440.1636953763131,666.8698157115965,439.9999989128608,668.8441986398008,440.1636953763131,666.8698157115965,0.0,0.0,0,719.2379921672516,725.0000000692423,-5.762007832748395,6.92423327564029e-08,-5.118048046848752,-4.20824049524143e-06
encodec,12.0kbps,24000,20260826,725.0,440.0,668.8442002656105,440Hz_ongrid,2,440.1468571518767,666.7648609927124,439.9999989181221,668.8441986402709,440.1468571518767,666.7648609927124,0.0,0.0,0,719.0317306674057,725.0000000497578,-5.968269332594332,4.9757773012970574e-08,-5.390538236990638,-4.207023641646734e-06
encodec,12.0kbps,24000,20260826,725.0,440.0,668.8442002656105,440Hz_ongrid,3,440.2077485348789,666.5714760777682,439.99999890914086,668.8441986395693,440.2077485348789,666.5714760777682,0.0,0.0,0,718.2900518489771,725.0000000832797,-6.7099481510229,8.327970135724172e-08,-5.892728933166366,-4.2088396000676296e-06
encodec,12.0kbps,24000,20260826,725.0,440.0,668.8442002656105,440Hz_ongrid,4,440.17766792551237,666.7749262246518,439.9999989222627,668.8441986413826,440.17766792551237,666.7749262246518,0.0,0.0,0,718.936680445603,725.0000000363436,-6.063319554397026,3.6343635656521656e-08,-5.364404375200197,-4.204146131748426e-06
encodec,12.0kbps,24000,20260826,725.0,452.8929,688.4427034238025,452.9Hz_+50c,0,451.2035433890819,694.8986809944217,452.89290104821833,688.4427013447447,451.2035433890819,694.8986809944217,0.0,0.0,0,747.6290939037799,724.9999907648391,22.629093903779903,-9.235160860043834e-06,16.159264028727474,-5.228228474996404e-06
encodec,12.0kbps,24000,20260826,725.0,452.8929,688.4427034238025,452.9Hz_+50c,1,451.0597960013525,695.1632569826181,452.892901041506,688.4427013467129,451.0597960013525,695.1632569826181,0.0,0.0,0,748.8397549517445,724.999990795447,23.839754951744453,-9.204552952724043e-06,16.81828928846378,-5.22327918103307e-06
encodec,12.0kbps,24000,20260826,725.0,452.8929,688.4427034238025,452.9Hz_+50c,2,451.6008407537107,694.9366083983806,452.8929010532741,688.4427013442966,451.6008407537107,694.9366083983806,0.0,0.0,0,746.199852313877,724.9999907443859,21.199852313877045,-9.255614145331492e-06,16.25375179090166,-5.22935537637532e-06
encodec,12.0kbps,24000,20260826,725.0,452.8929,688.4427034238025,452.9Hz_+50c,3,451.59956135489244,695.4601231040313,452.89290104158397,688.4427013460003,451.59956135489244,695.4601231040313,0.0,0.0,0,747.5084518052499,724.999990793357,22.508451805249933,-9.206642971548717e-06,17.55744663699049,-5.225071113756181e-06
encodec,12.0kbps,24000,20260826,725.0,452.8929,688.4427034238025,452.9Hz_+50c,4,451.2085072745315,695.0808106910063,452.89290104263574,688.4427013455646,451.2085072745315,695.0808106910063,0.0,0.0,0,748.0637368543685,724.9999907882409,23.06373685436847,-9.211759106619866e-06,16.61295292955534,-5.226166493418202e-06
encodec,12.0kbps,24000,20260826,730.0,440.0,670.7786902325353,440Hz_ongrid,0,440.33196087432407,667.5465752109285,439.99999891650174,670.7786913255767,440.33196087432407,667.5465752109285,0.0,0.0,0,720.3323209631369,730.0000070842225,-9.667679036863092,7.084222488629166e-06,-8.362030664726895,2.8210652577469705e-06
encodec,12.0kbps,24000,20260826,730.0,440.0,670.7786902325353,440Hz_ongrid,1,440.1613101492134,667.9383954943942,439.999998911886,670.7786913246199,440.1613101492134,667.9383954943942,0.0,0.0,0,722.0192506853865,730.0000070999141,-7.98074931461349,7.099914114405692e-06,-7.3461710329171375,2.8185958003277315e-06
encodec,12.0kbps,24000,20260826,730.0,440.0,670.7786902325353,440Hz_ongrid,2,440.273205430977,667.8487367073845,439.9999989149924,670.7786913268353,440.273205430977,667.8487367073845,0.0,0.0,0,721.3467994182212,730.0000070934095,-8.653200581778833,7.09340952198545e-06,-7.578573848246469,2.824313916627722e-06
encodec,12.0kbps,24000,20260826,730.0,440.0,670.7786902325353,440Hz_ongrid,3,440.2409812271938,667.4658825216434,439.9999989150465,670.7786913259562,440.2409812271938,667.4658825216434,0.0,0.0,0,720.4807753119069,730.0000070909275,-9.519224688093118,7.0909275109443115e-06,-8.571314002215185,2.82204473743318e-06
encodec,12.0kbps,24000,20260826,730.0,440.0,670.7786902325353,440Hz_ongrid,4,440.1482666159554,667.0125421754902,439.99999891339723,670.7786913240358,440.1482666159554,667.0125421754902,0.0,0.0,0,719.6691638248608,730.0000070924605,-10.330836175139211,7.09246046426415e-06,-9.747561229210378,2.8170885240916096e-06
encodec,12.0kbps,24000,20260826,730.0,452.8929,690.4338779036694,452.9Hz_+50c,0,451.4611438781073,695.562188221505,452.89290104071335,690.4338766491634,451.4611438781073,695.562188221505,0.0,0.0,0,748.2932206034235,729.9999928761346,18.293220603423492,-7.123865430003207e-06,12.811502385012856,-3.1456215083022375e-06
encodec,12.0kbps,24000,20260826,730.0,452.8929,690.4338779036694,452.9Hz_+50c,1,451.7796494080135,696.196169786115,452.89290104412265,690.4338766504568,451.7796494080135,696.196169786115,0.0,0.0,0,748.6495097756119,729.9999928663453,18.649509775611932,-7.133654662538902e-06,14.388745360756095,-3.1423782311668254e-06
encodec,12.0kbps,24000,20260826,730.0,452.8929,690.4338779036694,452.9Hz_+50c,2,451.2099042047061,696.01242270248,452.89290103682544,690.4338766493776,451.2099042047061,696.01242270248,0.0,0.0,0,750.3771844546173,729.9999928915337,20.37718445461735,-7.108466320460138e-06,13.931760378521608,-3.1450842936765716e-06
encodec,12.0kbps,24000,20260826,730.0,452.8929,690.4338779036694,452.9Hz_+50c,3,451.42945259556325,695.9839493445178,452.89290105287955,690.4338766490614,451.42945259556325,695.9839493445178,0.0,0.0,0,749.4641855824722,729.9999928293722,19.46418558247217,-7.170627782215888e-06,13.86093541404304,-3.1458771417377066e-06
encodec,12.0kbps,24000,20260826,730.0,452.8929,690.4338779036694,452.9Hz_+50c,4,451.7711419923857,696.0860974821113,452.89290104600633,690.4338766502367,451.7711419923857,696.0860974821113,0.0,0.0,0,748.4083718526682,729.9999928585929,18.40837185266821,-7.141407081689977e-06,14.115006442395657,-3.1429300534173743e-06
encodec,12.0kbps,24000,20260826,735.0,440.0,672.7187753013249,440Hz_ongrid,0,440.1755207720273,668.7195900610722,439.99999891383465,672.7187721387774,440.1755207720273,668.7195900610722,0.0,0.0,0,723.9869589922602,734.9999961348717,-11.013041007739844,-3.865128292090958e-06,-10.322570678336945,-8.138779671743389e-06
encodec,12.0kbps,24000,20260826,735.0,440.0,672.7187753013249,440Hz_ongrid,1,440.2986662301337,668.1677248960169,439.9999989165909,672.7187721381063,440.2986662301337,668.1677248960169,0.0,0.0,0,722.0733870623478,734.9999961222995,-12.92661293765218,-3.877700464727241e-06,-11.75187262146469,-8.140506831185307e-06
encodec,12.0kbps,24000,20260826,735.0,440.0,672.7187753013249,440Hz_ongrid,2,440.1838909287863,668.2536657635778,439.99999892065296,672.7187721396218,440.1838909287863,668.1633710576482,0.0,0.2339408512264229,0,722.7473970289285,734.9999961102172,-12.252602971071497,-3.889782760779781e-06,-11.529212676969959,-8.136606403124456e-06
encodec,12.0kbps,24000,20260826,735.0,440.0,672.7187753013249,440Hz_ongrid,3,440.1913838538845,668.5983804308471,439.99999891022736,672.7187721411361,440.1913838538845,668.5983804308471,0.0,0.0,0,723.6107442617835,734.9999961551351,-11.389255738216548,-3.844864863822295e-06,-10.636396177021942,-8.132709434764253e-06
encodec,12.0kbps,24000,20260826,735.0,440.0,672.7187753013249,440Hz_ongrid,4,440.21724546053065,668.7940487450245,439.99999891281834,672.7187721392886,440.21724546053065,668.7940487450245,0.0,0.0,0,724.0156151070266,734.9999961401861,-10.984384892973367,-3.859813887174823e-06,-10.129816892057468,-8.137464024472087e-06
encodec,12.0kbps,24000,20260826,735.0,452.8929,692.4308114333304,452.9Hz_+50c,0,451.54782082014214,696.5362081463359,452.89290103924765,692.4308103767852,451.54782082014214,696.5362081463359,0.0,0.0,0,750.383480781019,734.9999933857565,15.383480781018989,-6.6142434889115975e-06,10.234113800849853,-2.6416027102584832e-06
encodec,12.0kbps,24000,20260826,735.0,452.8929,692.4308114333304,452.9Hz_+50c,1,451.4669669781189,696.9384958141889,452.8929010432468,692.4308103771932,451.4669669781189,696.9384958141889,0.0,0.0,0,751.6930956141381,734.9999933714894,16.693095614138088,-6.628510618611472e-06,11.23370729971383,-2.6405824829839918e-06
encodec,12.0kbps,24000,20260826,735.0,452.8929,692.4308114333304,452.9Hz_+50c,2,450.9379040545271,696.803029419397,452.89290104849783,692.4308103764314,450.9379040545271,696.803029419397,0.0,0.0,0,753.3865366846464,734.999993349512,18.386536684646444,-6.650487989645626e-06,10.897168520233603,-2.6424872403860666e-06
encodec,12.0kbps,24000,20260826,735.0,452.8929,692.4308114333304,452.9Hz_+50c,3,451.751251377952,696.8295222054766,452.89290104831116,692.4308103760743,451.751251377952,696.8295222054766,0.0,0.0,0,750.3325796131634,734.999993349333,15.332579613163375,-6.6506670464150375e-06,10.962989619586573,-2.643380035354043e-06
encodec,12.0kbps,24000,20260826,735.0,452.8929,692.4308114333304,452.9Hz_+50c,4,450.86182632359754,697.0084604600947,452.8929010496308,692.4308103757824,450.86182632359754,697.0084604600947,0.0,0.0,0,754.1889639455115,734.9999933435587,19.188963945511546,-6.656441314589756e-06,11.40749465479164,-2.644110032186847e-06
encodec,12.0kbps,24000,20260826,740.0,440.0,674.6644716546243,440Hz_ongrid,0,440.1515295135721,668.4756976039113,439.9999989147765,674.66447081159,440.1515295135721,668.4756976039113,0.0,0.0,0,723.4497972655764,740.0000021066633,-16.55020273442358,2.10666325983766e-06,-15.954093889231265,-2.16328218421817e-06
encodec,12.0kbps,24000,20260826,740.0,440.0,674.6644716546243,440Hz_ongrid,1,440.3209394007256,671.9462208412334,439.9999989117518,674.6644708133371,440.3209394007256,671.9462208412334,0.0,0.0,0,731.7483822985153,740.0000021230472,-8.251617701484747,2.1230472384559107e-06,-6.989302520801461,-2.1587991810260754e-06
encodec,12.0kbps,24000,20260826,740.0,440.0,674.6644716546243,440Hz_ongrid,2,440.2233688257242,668.2323057674594,439.9999989183396,674.6644708111571,440.2233688257242,668.2323057674594,0.0,0.0,0,722.5368003633077,740.0000020915329,-17.463199636692252,2.0915329059789656e-06,-16.584550560582734,-2.1643931325310817e-06
encodec,12.0kbps,24000,20260826,740.0,440.0,674.6644716546243,440Hz_ongrid,3,440.2476871345037,669.6511931938849,439.99999891118546,674.664470811623,440.2476871345037,670.0190802886117,0.0,-0.9508290110182694,0,726.1132773705054,740.0000021208773,-13.886722629494557,2.1208772977843182e-06,-12.912441371269376,-2.163197613758364e-06
encodec,12.0kbps,24000,20260826,740.0,440.0,674.6644716546243,440Hz_ongrid,4,440.14493536781623,670.1113303311064,439.9999989135214,674.6644708103892,440.14493536781623,670.1113303311064,0.0,0.0,0,727.7065601205076,740.0000021085201,-12.293439879492439,2.108520106958167e-06,-11.72326777291648,-2.1663638164501634e-06
encodec,12.0kbps,24000,20260826,740.0,452.8929,694.433520669615,452.9Hz_+50c,0,450.8125017068283,697.3971184246186,452.8929010421093,694.43352008111,450.8125017068283,697.3971184246186,0.0,0.0,0,755.3434546711319,739.9999945492676,15.343454671131894,-5.450732373901701e-06,7.372576735985608,-1.4671523612084387e-06
encodec,12.0kbps,24000,20260826,740.0,452.8929,694.433520669615,452.9Hz_+50c,1,451.3527903557138,697.6886357300245,452.8929010377221,694.4335200828435,451.3527903557138,697.6886357300245,0.0,0.0,0,753.9933697236054,739.9999945703598,13.993369723605383,-5.429640168586047e-06,8.096094542476925,-1.4628306185084852e-06
encodec,12.0kbps,24000,20260826,740.0,452.8929,694.433520669615,452.9Hz_+50c,2,451.50146284096013,697.6142910451747,452.89290104054976,694.4335200809551,451.50146284096013,697.6142910451747,0.0,0.0,0,753.2387195004007,739.9999945548428,13.238719500400748,-5.445157171379833e-06,7.9116069341861115,-1.4675386944451263e-06
encodec,12.0kbps,24000,20260826,740.0,452.8929,694.433520669615,452.9Hz_+50c,3,451.13762470561784,697.3910520027874,452.89290104856883,694.4335200820676,451.13762470561784,697.3910520027874,0.0,0.0,0,754.0802906319966,739.9999945269628,14.080290631996604,-5.4730371630284935e-06,7.357517250605888,-1.4647649755701843e-06
encodec,12.0kbps,24000,20260826,740.0,452.8929,694.433520669615,452.9Hz_+50c,4,451.07496790101385,697.5798754056633,452.8929010520385,694.4335200833056,451.07496790101385,697.5798754056633,0.0,0.0,0,754.7894319312708,739.9999945167857,14.78943193127077,-5.483214295054495e-06,7.826197278114804,-1.4616789226108608e-06
encodec,12.0kbps,24000,20260826,745.0,440.0,676.6157955218839,440Hz_ongrid,0,440.25182609772264,670.035220977645,439.99999892187014,676.615797095069,440.25182609772264,670.5132789835916,0.0,-1.234763729073183,0,727.0895351045136,745.0000082672899,-17.91046489548637,8.267289899777097e-06,-16.919907616786745,4.025255573998425e-06
encodec,12.0kbps,24000,20260826,745.0,440.0,676.6157955218839,440Hz_ongrid,1,440.1301111851306,670.8598402445946,439.9999989119652,676.6157970924907,440.1301111851306,670.8598402445946,0.0,0.0,0,729.6975672146893,745.0000082996653,-15.302432785310657,8.299665296362946e-06,-14.790570021747044,4.018658693745914e-06
encodec,12.0kbps,24000,20260826,745.0,440.0,676.6157955218839,440Hz_ongrid,2,440.2720239350331,670.4312460015148,439.99999890867446,676.615797089677,440.2720239350331,670.5778328964595,0.0,-0.37848546841264213,0,728.0330569455908,745.000008305414,-16.96694305440917,8.305413984999177e-06,-15.896962183323657,4.011459441174997e-06
encodec,12.0kbps,24000,20260826,745.0,440.0,676.6157955218839,440Hz_ongrid,3,440.1658919152531,670.811328738671,439.9999989168761,676.615797093332,440.1658919152531,671.0987924775286,0.0,-0.7417292892073847,0,729.431636606403,745.0000082824955,-15.568363393596997,8.282495514322363e-06,-14.915764291109955,4.02081139635148e-06
encodec,12.0kbps,24000,20260826,745.0,440.0,676.6157955218839,440Hz_ongrid,4,440.17675881763006,672.0303683192267,439.99999891223655,676.6157970952139,440.17675881763006,672.3218891877387,0.0,-0.7508312775525814,0,732.5321458280284,745.0000083055656,-12.467854171971567,8.305565643240698e-06,-11.772514549328768,4.025626530786704e-06
encodec,12.0kbps,24000,20260826,745.0,452.8929,696.4420223175296,452.9Hz_+50c,0,451.15903708130054,698.4619234562451,452.89290103432177,696.4420222368915,451.15903708130054,698.4619234562451,0.0,0.0,0,756.6544621000438,744.9999958457365,11.654462100043816,-4.154263478994835e-06,5.0138564478053675,-2.0045217108927056e-07
encodec,12.0kbps,24000,20260826,745.0,452.8929,696.4420223175296,452.9Hz_+50c,1,451.64599128428796,698.296000088405,452.8929010430063,696.4420222384563,451.64599128428796,698.296000088405,0.0,0.0,0,754.3755660715885,744.9999958164286,9.375566071588537,-4.183571377325279e-06,4.602543677783173,-1.9656250655936242e-07
encodec,12.0kbps,24000,20260826,745.0,452.8929,696.4420223175296,452.9Hz_+50c,2,451.0832100640258,698.4042822452992,452.8929010376168,696.4420222376547,451.0832100640258,698.4042822452992,0.0,0.0,0,756.8025802426338,744.9999958350379,11.80258024263378,-4.1649620925454656e-06,4.870978874179191,-1.9855510191349273e-07
encodec,12.0kbps,24000,20260826,745.0,452.8929,696.4420223175296,452.9Hz_+50c,3,451.1073214347236,698.4031407685433,452.89290104058574,696.4420222357803,451.1073214347236,698.4031407685433,0.0,0.0,0,756.7072149778893,744.9999958190297,11.707214977889294,-4.180970336165046e-06,4.868149331045739,-2.0321435762677202e-07
encodec,12.0kbps,24000,20260826,745.0,452.8929,696.4420223175296,452.9Hz_+50c,4,450.82281610431266,698.5291383952427,452.892901040233,696.442022236923,450.82281610431266,698.5291383952427,0.0,0.0,0,758.1117184059256,744.9999958232183,13.111718405925558,-4.176781658316031e-06,5.180449913241368,-2.0037394341403833e-07
encodec,12.0kbps,24000,20260826,750.0,440.0,678.5727631794939,440Hz_ongrid,0,440.2804352538724,672.7779362036223,439.999998916834,678.5727607374763,440.2804352538724,672.7779362036223,0.0,0.0,0,734.0491877347114,749.9999980315613,-15.950812265288619,-1.9684387098095613e-06,-14.84775679104769,-6.23028847885911e-06
encodec,12.0kbps,24000,20260826,750.0,440.0,678.5727631794939,440Hz_ongrid,1,440.26452602523153,672.108889334194,439.9999989114681,678.5727607417034,440.26452602523153,671.381008268672,0.0,1.8759093162465315,0,732.3892561620137,749.9999980634585,-17.61074383798632,-1.9365414800631697e-06,-16.570246437509923,-6.21950382315259e-06
encodec,12.0kbps,24000,20260826,750.0,440.0,678.5727631794939,440Hz_ongrid,2,440.17656990546453,674.7737213847211,439.9999989133449,678.5727607358981,440.17656990546453,674.7737213847211,0.0,0.0,0,739.5857227781985,749.999998041263,-10.414277221801512,-1.9587370161389117e-06,-9.719680598957643,-6.23431480157772e-06
encodec,12.0kbps,24000,20260826,750.0,440.0,678.5727631794939,440Hz_ongrid,3,440.18715632534065,671.5567673095961,439.99999890579016,678.5727607399364,440.18715632534065,672.8245149455947,0.0,-3.265098305957213,0,731.2707670883442,749.9999980812908,-18.7292329116558,-1.9187092448191834e-06,-17.992999928743796,-6.22401200528761e-06
encodec,12.0kbps,24000,20260826,750.0,440.0,678.5727631794939,440Hz_ongrid,4,440.23518474840097,671.5671120413297,439.99999891251383,678.5727607398658,440.23518474840097,673.2680680151701,0.0,-4.379353710881624,0,731.1085519167785,749.9999980546557,-18.891448083221462,-1.9453442519079545e-06,-17.966332021067892,-6.224192294131892e-06
encodec,12.0kbps,24000,20260826,750.0,452.8929,698.4563331303959,452.9Hz_+50c,0,451.2506841188968,699.346909001915,452.8929010484969,698.4563330217615,451.2506841188968,699.346909001915,0.0,0.0,0,758.494990366207,749.9999957227346,8.494990366207048,-4.2772653614520095e-06,2.2060264766862234,-2.692677307738476e-07
encodec,12.0kbps,24000,20260826,750.0,452.8929,698.4563331303959,452.9Hz_+50c,1,451.7824086569378,699.3273711216265,452.8929010398614,698.4563330179736,451.7824086569378,699.3273711216265,0.0,0.0,0,756.4078506738555,749.9999957463563,6.407850673855478,-4.253643737683888e-06,2.1576597567356335,-2.786563972412442e-07
encodec,12.0kbps,24000,20260826,750.0,452.8929,698.4563331303959,452.9Hz_+50c,2,451.0859491888299,699.2964735296795,452.89290104662405,698.4563330196868,451.0859491888299,699.2964735296795,0.0,0.0,0,759.0022576878525,749.9999957247517,9.002257687852534,-4.275248329577153e-06,2.0811689069249075,-2.744099991356389e-07
encodec,12.0kbps,24000,20260826,750.0,452.8929,698.4563331303959,452.9Hz_+50c,3,451.24235206538305,699.3005255968313,452.89290105249046,698.4563330167506,451.24235206538305,699.3005255968313,0.0,0.0,0,758.4121308054022,749.9999956950489,8.412130805402171,-4.304951062295004e-06,2.0912004980507426,-2.816878638108249e-07
encodec,12.0kbps,24000,20260826,750.0,452.8929,698.4563331303959,452.9Hz_+50c,4,451.2325617032393,699.3076431600256,452.89290105158545,698.4563330186195,451.2325617032393,699.3076431600256,0.0,0.0,0,758.4673134796919,749.9999957031406,8.467313479691938,-4.296859401620168e-06,2.108821112635231,-2.770555168799708e-07
encodec,12.0kbps,24000,20260826,755.0,440.0,680.5353909509209,440Hz_ongrid,0,440.18679345218936,673.5561972723858,439.9999989162408,680.5353899586978,440.18679345218936,671.9549781888676,0.0,4.120495402156556,0,736.4189497589042,755.000001740038,-18.581050241095795,1.7400379874743521e-06,-17.846244420709958,-2.5241456816887785e-06
encodec,12.0kbps,24000,20260826,755.0,440.0,680.5353909509209,440Hz_ongrid,1,440.08049912349304,673.7832903722364,439.9999989127006,680.5353899628035,440.08049912349304,675.334108379525,0.0,-3.9801282277636645,0,737.420647368249,755.0000017644119,-17.57935263175102,1.764411877047678e-06,-17.262647912038346,-2.513701037694953e-06
encodec,12.0kbps,24000,20260826,755.0,440.0,680.5353909509209,440Hz_ongrid,2,440.31011415414514,676.0595816456037,439.9999989152552,680.5353899648326,440.31011415414514,673.8394410646919,0.0,5.694628069642743,0,742.3564965671438,755.0000017595223,-12.643503432856164,1.759522319844109e-06,-11.423750992596387,-2.508539356561869e-06
encodec,12.0kbps,24000,20260826,755.0,440.0,680.5353909509209,440Hz_ongrid,3,440.2698294074426,673.1373769800529,439.99999891369544,680.5353899579776,440.2698294074426,675.0687368995979,0.0,-4.9601293252400716,0,735.0155800432352,755.0000017482209,-19.984419956764782,1.7482209386798786e-06,-18.92306841061562,-2.5259777853775122e-06
encodec,12.0kbps,24000,20260826,755.0,440.0,680.5353909509209,440Hz_ongrid,4,440.22033451513346,676.8079473054646,439.9999989105039,680.535389967471,440.22033451513346,676.8079473054646,0.0,0.0,0,744.6248662735637,755.0000017849289,-10.375133726436275,1.784928940651298e-06,-9.508417501433705,-2.5018273451357734e-06
encodec,12.0kbps,24000,20260826,755.0,452.8929,700.4764699099917,452.9Hz_+50c,0,451.3446934682455,700.2556499948246,452.8929010436915,700.4764693132406,451.3446934682455,700.2556499948246,0.0,0.0,0,760.3824878388799,754.9999945354962,5.382487838879911,-5.464503828989109e-06,-0.5458444960086283,-1.474875758447169e-06
encodec,12.0kbps,24000,20260826,755.0,452.8929,700.4764699099917,452.9Hz_+50c,1,450.7988160355184,700.2310720839472,452.8929010473003,700.4764693118044,450.7988160355184,700.2310720839472,0.0,0.0,0,762.4168259219595,754.9999945181514,7.4168259219594574,-5.481848575072945e-06,-0.6066092508604245,-1.478425411290544e-06
encodec,12.0kbps,24000,20260826,755.0,452.8929,700.4764699099917,452.9Hz_+50c,2,451.2808524772365,700.2223660333052,452.8929010336978,700.4764693155649,451.2808524772365,700.2223660333052,0.0,0.0,0,760.5450921197713,754.999994579443,5.5450921197713114,-5.420557044999441e-06,-0.6281340097624953,-1.4691311177615234e-06
encodec,12.0kbps,24000,20260826,755.0,452.8929,700.4764699099917,452.9Hz_+50c,3,451.4264653113119,700.2361566266023,452.8929010354449,700.4764693128002,451.4264653113119,700.2361566266023,0.0,0.0,0,760.0206680568024,754.9999945659312,5.0206680568023785,-5.434068839349493e-06,-0.5940383985220357,-1.4759642187055627e-06
encodec,12.0kbps,24000,20260826,755.0,452.8929,700.4764699099917,452.9Hz_+50c,4,451.1335334553956,700.2277748647575,452.892901046489,700.4764693167598,451.1335334553956,700.2277748647575,0.0,0.0,0,761.1237123320494,754.9999945335001,6.123712332049422,-5.466499942485825e-06,-0.614761233535055,-1.4661780710707431e-06
encodec,12.0kbps,24000,20260826,760.0,440.0,682.5036952068432,440Hz_ongrid,0,440.18972190932897,680.4801417801752,439.9999989106839,682.5036961774302,440.18972190932897,680.4801417801752,0.0,0.0,0,754.1131210328516,760.0000067480321,-5.886878967148391,6.7480320922186365e-06,-5.140555700254331,2.461984083750973e-06
encodec,12.0kbps,24000,20260826,760.0,440.0,682.5036952068432,440Hz_ongrid,1,440.16613144427214,680.192721621286,439.9999989097689,682.503696178543,440.16613144427214,680.192721621286,0.0,0.0,0,753.474512640594,760.000006754455,-6.525487359406043,6.754454943802557e-06,-5.87194615602384,2.464806815045058e-06
encodec,12.0kbps,24000,20260826,760.0,440.0,682.5036952068432,440Hz_ongrid,2,440.36425926032274,680.4520739811844,439.99999891552847,682.5036961758682,440.36425926032274,680.4520739811844,0.0,0.0,0,753.3554046514007,760.0000067250082,-6.644595348599296,6.725008233843255e-06,-5.211965471791039,2.4580219577196243e-06
encodec,12.0kbps,24000,20260826,760.0,440.0,682.5036952068432,440Hz_ongrid,3,440.1684175449043,680.9812854591438,439.9999989127601,682.5036961757033,440.1684175449043,680.9812854591438,0.0,0.0,0,755.4714200106326,760.0000067354828,-4.528579989367358,6.735482770636736e-06,-3.8660472605281444,2.4576037183558798e-06
encodec,12.0kbps,24000,20260826,760.0,440.0,682.5036952068432,440Hz_ongrid,4,440.1593207952534,684.9933134603885,439.9999989037377,682.5036961740507,440.1593207952534,681.0339352091363,0.0,10.035860769041637,0,765.6769041112941,760.0000067667902,5.676904111294107,6.766790193069028e-06,6.303657886350348,2.4534117144389333e-06
encodec,12.0kbps,24000,20260826,760.0,452.8929,702.5024495066893,452.9Hz_+50c,0,451.2646422308536,701.1947334558373,452.8929010402277,702.5024484567389,451.2646422308536,701.1947334558373,0.0,0.0,0,763.0096995438611,759.999993436134,3.0096995438610747,-6.563866008946206e-06,-3.225714543286937,-2.5874785769962386e-06
encodec,12.0kbps,24000,20260826,760.0,452.8929,702.5024495066893,452.9Hz_+50c,1,451.2894477356441,701.1945895296113,452.89290104905473,702.5024484577376,451.2894477356441,701.1945895296113,0.0,0.0,0,762.9141828394738,759.9999934048531,2.914182839473824,-6.595146942345309e-06,-3.2260698939428463,-2.5850171922040904e-06
encodec,12.0kbps,24000,20260826,760.0,452.8929,702.5024495066893,452.9Hz_+50c,2,451.4806405136499,701.1947191752904,452.8929010389658,702.5024484555934,451.4806405136499,701.1947191752904,0.0,0.0,0,762.1812055917894,759.9999934381347,2.1812055917894213,-6.561865347975981e-06,-3.2257498016368564,-2.590301500504152e-06
encodec,12.0kbps,24000,20260826,760.0,452.8929,702.5024495066893,452.9Hz_+50c,3,451.14862939210684,701.21522775283,452.8929010450874,702.5024484567725,451.14862939210684,701.21522775283,0.0,0.0,0,763.5054282489638,759.9999934176401,3.505428248963767,-6.582359901585733e-06,-3.175115323730036,-2.587395544181136e-06
encodec,12.0kbps,24000,20260826,760.0,452.8929,702.5024495066893,452.9Hz_+50c,4,451.0763432050012,701.1690679557693,452.8929010392729,702.5024484635542,451.0763432050012,701.1690679557693,0.0,0.0,0,763.6688729728465,759.9999934565793,3.6688729728465432,-6.543420681737189e-06,-3.2890832462787465,-2.5706830758802463e-06
encodec,12.0kbps,24000,20260826,765.0,440.0,684.4776923652882,440Hz_ongrid,0,440.2024066408911,690.345940878744,439.9999989101843,684.4776945210748,440.2024066408911,690.345940878744,0.0,0.0,0,778.982955306079,765.0000097405964,13.98295530607902,9.740596397023182e-06,14.779165977625944,5.452582355765957e-06
encodec,12.0kbps,24000,20260826,765.0,440.0,684.4776923652882,440Hz_ongrid,1,440.20176448315635,690.1324654798304,439.9999989116041,684.4776945165944,440.20176448315635,690.1324654798304,0.0,0.0,0,778.4500491928487,765.0000097236779,13.450049192848724,9.723677862893965e-06,14.243734375826373,5.441250298612897e-06
encodec,12.0kbps,24000,20260826,765.0,440.0,684.4776923652882,440Hz_ongrid,2,440.12373029550844,688.5988407911342,439.99999891659,684.4776945236746,440.12373029550844,688.5988407911342,0.0,0.0,0,774.9055105687476,765.0000097219679,9.905510568747559,9.721967899167794e-06,10.392274178279095,5.459158093398145e-06
encodec,12.0kbps,24000,20260826,765.0,440.0,684.4776923652882,440Hz_ongrid,3,440.2092822485038,689.0076859056243,439.99999891612185,684.4776945229901,440.2092822485038,689.0076859056243,0.0,0.0,0,775.596612157537,765.0000097220785,10.596612157537038,9.722078516460897e-06,11.419863101623813,5.457426705446822e-06
encodec,12.0kbps,24000,20260826,765.0,440.0,684.4776923652882,440Hz_ongrid,4,440.3566058298627,690.0881036380927,439.9999989202063,684.4776945203831,440.3566058298627,690.0881036380927,0.0,0.0,0,777.7299055939505,765.0000096994141,12.729905593950548,9.699414135866391e-06,14.132446756092985,5.450832900489204e-06
encodec,12.0kbps,24000,20260826,765.0,452.8929,704.5342888195983,452.9Hz_+50c,0,451.53802839248925,702.2986317330435,452.89290105105664,704.5342874686115,451.53802839248925,702.2986317330435,0.0,0.0,0,764.684553916881,764.9999926624728,-0.31544608311901357,-7.337527222261997e-06,-5.5023576315947595,-3.3197451657498956e-06
encodec,12.0kbps,24000,20260826,765.0,452.8929,704.5342888195983,452.9Hz_+50c,1,451.13836586825306,702.0470650427861,452.8929010421331,704.5342874716546,451.13836586825306,702.0470650427861,0.0,0.0,0,765.5973242355352,764.9999927040616,0.5973242355352113,-7.295938416973513e-06,-6.1226049473987745,-3.312267407247717e-06
encodec,12.0kbps,24000,20260826,765.0,452.8929,704.5342888195983,452.9Hz_+50c,2,451.1378393406176,702.0432069835281,452.8929010414733,704.5342874691098,451.1378393406176,702.0432069835281,0.0,0.0,0,765.5898308522471,764.9999927003305,0.5898308522471325,-7.299669505300699e-06,-6.132118870661341,-3.318520623932199e-06
encodec,12.0kbps,24000,20260826,765.0,452.8929,704.5342888195983,452.9Hz_+50c,3,451.03990497347894,702.023023956119,452.8929010399767,704.5342874714547,451.03990497347894,702.023023956119,0.0,0.0,0,765.9159212441388,764.9999927118133,0.9159212441387581,-7.288186679943465e-06,-6.181890802349892,-3.312758492531692e-06
encodec,12.0kbps,24000,20260826,765.0,452.8929,704.5342888195983,452.9Hz_+50c,4,451.4225989882131,701.92757246609,452.8929010462493,704.5342874711457,451.4225989882131,701.92757246609,0.0,0.0,0,764.212237647793,764.9999926870764,-0.7877623522069825,-7.312923571589636e-06,-6.417296336202783,-3.313517896820139e-06
encodec,12.0kbps,24000,20260826,770.0,440.0,686.4573988917687,440Hz_ongrid,0,440.30353636610744,692.5627071336166,439.99999890971105,686.4573967982814,440.30353636610744,692.5627071336166,0.0,0.0,0,784.1355268262898,769.999999010136,14.135526826289833,-9.898640200844966e-07,15.329416186612674,-5.2797399577452565e-06
encodec,12.0kbps,24000,20260826,770.0,440.0,686.4573988917687,440Hz_ongrid,1,440.2306893464911,692.8752694840464,439.99999891390934,686.4573967944212,440.2306893464911,692.8752694840464,0.0,0.0,0,785.2031301438407,769.999998983882,15.203130143840667,-1.0161179488932248e-06,16.11056785393149,-5.289474978714476e-06
encodec,12.0kbps,24000,20260826,770.0,440.0,686.4573988917687,440Hz_ongrid,2,440.26464056654646,693.4335319435439,439.9999989157698,686.4573967986412,440.26464056654646,693.4335319435439,0.0,0.0,0,786.4639457985767,769.9999989872043,16.463945798576674,-1.012795678434486e-06,17.504893605085694,-5.278832362945427e-06
encodec,12.0kbps,24000,20260826,770.0,440.0,686.4573988917687,440Hz_ongrid,3,440.13836816703315,693.7092319579957,439.99999891566364,686.457396796067,440.13836816703315,693.7092319579957,0.0,0.0,0,787.6487316386696,769.9999989811301,17.648731638669574,-1.0188698524871143e-06,18.193072603027602,-5.285324491186396e-06
encodec,12.0kbps,24000,20260826,770.0,440.0,686.4573988917687,440Hz_ongrid,4,440.17258243940546,694.401386577006,439.99999891831715,686.457396793282,440.17258243940546,694.401386577006,0.0,0.0,0,789.2406520911175,769.9999989636657,19.240652091117454,-1.0363343108110712e-06,19.919565761367647,-5.292348260091588e-06
encodec,12.0kbps,24000,20260826,770.0,452.8929,706.5720047967043,452.9Hz_+50c,0,451.16397855309725,703.0257879420454,452.89290103765836,706.5720026372513,451.16397855309725,703.0257879420454,0.0,0.0,0,767.9108692419645,769.999990742369,-2.0891307580354805,-9.257630949832674e-06,-8.710774588224082,-5.291065095567299e-06
encodec,12.0kbps,24000,20260826,770.0,452.8929,706.5720047967043,452.9Hz_+50c,1,451.3152187159464,703.0421578708077,452.8929010476625,706.5720026383411,451.3152187159464,703.0421578708077,0.0,0.0,0,767.3709297274638,769.9999907067972,-2.6290702725361825,-9.293202765547903e-06,-8.670463338487085,-5.28839497549968e-06
encodec,12.0kbps,24000,20260826,770.0,452.8929,706.5720047967043,452.9Hz_+50c,2,450.95183762962216,702.9677553271283,452.89290104102304,706.5720026399941,450.95183762962216,702.9677553271283,0.0,0.0,0,768.5821868890199,769.9999907362277,-1.4178131109800916,-9.263772312806395e-06,-8.853688528958548,-5.284344627084419e-06
encodec,12.0kbps,24000,20260826,770.0,452.8929,706.5720047967043,452.9Hz_+50c,3,451.40160701671107,703.1159628418662,452.8929010479112,706.5720026362857,451.40160701671107,703.1159628418662,0.0,0.0,0,767.2213124874814,769.9999907008103,-2.778687512518559,-9.299189741795999e-06,-8.488728898921439,-5.2934311463902485e-06
encodec,12.0kbps,24000,20260826,770.0,452.8929,706.5720047967043,452.9Hz_+50c,4,450.7719478806709,703.1632963797475,452.892901051771,706.5720026385213,450.7719478806709,703.1632963797475,0.0,0.0,0,769.7544351830948,769.9999906915336,-0.2455648169052438,-9.308466360380407e-06,-8.372186708689268,-5.287953287051985e-06
encodec,12.0kbps,24000,20260826,775.0,440.0,688.4428312994206,440Hz_ongrid,0,440.1202457706406,695.1456017517222,439.9999989177555,688.4428292147354,440.1202457706406,695.1456017517222,0.0,0.0,0,791.300941467864,774.9999990158454,16.30094146786405,-9.841545534072793e-07,16.77399858633154,-5.242378650591845e-06
encodec,12.0kbps,24000,20260826,775.0,440.0,688.4428312994206,440Hz_ongrid,1,440.1719512765953,694.9897131281282,439.99999890725525,688.4428292110896,440.1719512765953,694.9897131281282,0.0,0.0,0,790.7092890235215,774.9999990479915,15.709289023521478,-9.520084631731152e-07,16.38572027806825,-5.251546857273551e-06
encodec,12.0kbps,24000,20260826,775.0,440.0,688.4428312994206,440Hz_ongrid,2,440.0951373536754,694.7602841248099,439.9999989197476,688.4428292128244,440.0951373536754,694.7602841248099,0.0,0.0,0,790.4398242911307,774.9999990032014,15.439824291130662,-9.96798576125002e-07,15.814113432547297,-5.247184174773307e-06
encodec,12.0kbps,24000,20260826,775.0,440.0,688.4428312994206,440Hz_ongrid,3,440.15678546734864,694.8215245572238,439.9999989183874,688.4428292125883,440.15678546734864,694.8215245572238,0.0,0.0,0,790.3499264960528,774.9999990079597,15.34992649605283,-9.920403272190015e-07,15.966708294081378,-5.2477778978433235e-06
encodec,12.0kbps,24000,20260826,775.0,440.0,688.4428312994206,440Hz_ongrid,4,440.2141140445955,694.8806782639484,439.99999891065715,688.4428292124792,440.2141140445955,694.8806782639484,0.0,0.0,0,790.2718377243691,774.9999990381009,15.271837724369107,-9.61899104368058e-07,16.114090821163874,-5.2480523674270015e-06
encodec,12.0kbps,24000,20260826,775.0,452.8929,708.6156144350123,452.9Hz_+50c,0,451.14589322599204,704.2582718859718,452.8929010406889,708.6156133045496,451.14589322599204,704.2582718859718,0.0,0.0,0,771.0126611155684,774.9999932599922,-3.9873388844315514,-6.7400078478385694e-06,-10.678382230366342,-2.761857675617581e-06
encodec,12.0kbps,24000,20260826,775.0,452.8929,708.6156144350123,452.9Hz_+50c,1,451.68592958998977,704.3201153600933,452.8929010491691,708.6156133041653,451.68592958998977,704.3201153600933,0.0,0.0,0,769.0935760457731,774.9999932266369,-5.906423954226852,-6.773363111278741e-06,-10.526362961648529,-2.7627965999273474e-06
encodec,12.0kbps,24000,20260826,775.0,452.8929,708.6156144350123,452.9Hz_+50c,2,451.5930309469114,704.416562156397,452.89290104306616,708.6156132974689,451.5930309469114,704.416562156397,0.0,0.0,0,769.6867291763253,774.9999932336059,-5.313270823674657,-6.766394108126406e-06,-10.28931088426574,-2.7791565631770456e-06
encodec,12.0kbps,24000,20260826,775.0,452.8929,708.6156144350123,452.9Hz_+50c,3,451.22568946959615,703.939301188036,452.89290104996724,708.6156133044185,451.22568946959615,703.939301188036,0.0,0.0,0,769.9221935532003,774.9999932242042,-5.077806446799741,-6.775795782232308e-06,-11.46266556237042,-2.762177890131413e-06
encodec,12.0kbps,24000,20260826,775.0,452.8929,708.6156144350123,452.9Hz_+50c,4,451.48436908656635,704.1481457460183,452.8929010402379,708.6156132998315,451.48436908656635,704.1481457460183,0.0,0.0,0,769.4435383804406,774.9999932501889,-5.5564616195594,-6.749811063855304e-06,-10.949119598758985,-2.7733846292932157e-06
encodec,12.0kbps,24000,20260826,780.0,440.0,690.4340061491407,440Hz_ongrid,0,440.19760597330315,696.3033451029912,439.99999891858045,690.4340048838859,440.19760597330315,696.3033451029912,0.0,0.0,0,793.8775861687395,780.0000010824052,13.877586168739526,1.0824052196767298e-06,14.654916606148634,-3.1725729606244938e-06
encodec,12.0kbps,24000,20260826,780.0,440.0,690.4340061491407,440Hz_ongrid,1,440.1228586437313,695.8581968013057,439.9999989114804,690.4340048851768,440.1228586437313,695.8581968013057,0.0,0.0,0,793.0644458829722,780.0000011135782,13.064445882972223,1.1135781505799969e-06,13.54778083227452,-3.1693360262735204e-06
encodec,12.0kbps,24000,20260826,780.0,440.0,690.4340061491407,440Hz_ongrid,2,440.3251816145297,696.1535014695776,439.9999989175792,690.4340048848554,440.3251816145297,696.1535014695776,0.0,0.0,0,793.0033226048054,780.0000010887759,13.003322604805362,1.088775889002136e-06,14.282317050418676,-3.1701419443148253e-06
encodec,12.0kbps,24000,20260826,780.0,440.0,690.4340061491407,440Hz_ongrid,3,440.1356352364269,696.1116661897647,439.99999891480576,690.4340048858444,440.1356352364269,696.1116661897647,0.0,0.0,0,793.6446843150337,780.0000011021681,13.644684315033714,1.1021680847989046e-06,14.178275575319908,-3.1676621077851534e-06
encodec,12.0kbps,24000,20260826,780.0,440.0,690.4340061491407,440Hz_ongrid,4,440.342148496225,695.7821614010797,439.9999989218468,690.4340048834475,440.342148496225,695.7821614010797,0.0,0.0,0,792.0128989623872,780.0000010684543,12.012898962387226,1.0684542530725594e-06,13.358601101806908,-3.1736721843970273e-06
encodec,12.0kbps,24000,20260826,780.0,452.8929,710.6651347806867,452.9Hz_+50c,0,451.10321437429616,704.9249183304257,452.892901042458,710.6651369132956,451.10321437429616,704.9249183304257,0.0,0.0,0,772.8144454401677,780.0000012102836,-7.185554559832326,1.2102835853511351e-06,-14.040382121597679,5.195196775392512e-06
encodec,12.0kbps,24000,20260826,780.0,452.8929,710.6651347806867,452.9Hz_+50c,1,451.0714797084846,704.7689667295509,452.89290104118015,710.6651369118105,451.0714797084846,704.7689667295509,0.0,0.0,0,772.5531944432636,780.0000012115506,-7.446805556736422,1.2115506251575425e-06,-14.423428008940748,5.1915786973728975e-06
encodec,12.0kbps,24000,20260826,780.0,452.8929,710.6651347806867,452.9Hz_+50c,2,451.16213869951184,705.6560158272443,452.89290104219356,710.6651369168012,451.16213869951184,705.6560158272443,0.0,0.0,0,774.3829028938479,780.0000012198345,-5.617097106152073,1.2198345302749658e-06,-12.245800949591821,5.2037364697407344e-06
encodec,12.0kbps,24000,20260826,780.0,452.8929,710.6651347806867,452.9Hz_+50c,3,451.2414062251592,704.8947352858852,452.89290104662393,710.6651369179166,451.2414062251592,704.8947352858852,0.0,0.0,0,772.2100484862434,780.0000012056161,-7.789951513756591,1.2056160585416364e-06,-14.114510630569768,5.206453872367221e-06
encodec,12.0kbps,24000,20260826,780.0,452.8929,710.6651347806867,452.9Hz_+50c,4,451.07961281353965,705.0238407245025,452.8929010432135,710.6651369157285,451.07961281353965,705.0238407245025,0.0,0.0,0,773.1479530811673,780.0000012133223,-6.852046918832684,1.2133223208365962e-06,-13.797454403803682,5.201123242543836e-06
encodec,12.0kbps,24000,20260826,785.0,440.0,692.4309400497243,440Hz_ongrid,0,440.16520604915695,696.8831377158338,439.99999891091994,692.430938994519,440.16520604915695,696.8831377158338,0.0,0.0,0,795.4459661746776,785.0000016468672,10.445966174677551,1.6468671901748166e-06,11.095867667727983,-2.6382519901989133e-06
encodec,12.0kbps,24000,20260826,785.0,440.0,692.4309400497243,440Hz_ongrid,1,440.1851464398981,696.9909444307435,439.99999890583314,692.4309389927962,440.1851464398981,696.9909444307435,0.0,0.0,0,795.6353379268029,785.0000016625745,10.63533792680289,1.6625745047349483e-06,11.363666112842248,-2.642559509688103e-06
encodec,12.0kbps,24000,20260826,785.0,440.0,692.4309400497243,440Hz_ongrid,2,440.13268947771337,696.9377239943651,439.99999891088527,692.4309389943064,440.13268947771337,696.9377239943651,0.0,0.0,0,795.7094641412995,785.0000016464721,10.709464141299463,1.646472128413734e-06,11.231468485091971,-2.638783630862297e-06
encodec,12.0kbps,24000,20260826,785.0,440.0,692.4309400497243,440Hz_ongrid,3,440.2761058995587,697.0426077250745,439.9999989078213,692.4309389920875,440.2761058995587,697.0426077250745,0.0,0.0,0,795.4059543369962,785.0000016529798,10.40595433699616,1.6529797903785948e-06,11.49198620117196,-2.6443314530271287e-06
encodec,12.0kbps,24000,20260826,785.0,440.0,692.4309400497243,440Hz_ongrid,4,440.1461890915106,697.1758772589708,439.9999989142153,692.430938993114,440.1461890915106,697.1758772589708,0.0,0.0,0,796.2478506579864,785.000001630388,11.247850657986419,1.630388055673393e-06,11.82295406305592,-2.6417649317768844e-06
encodec,12.0kbps,24000,20260826,785.0,452.8929,712.720582929195,452.9Hz_+50c,0,450.91279441109293,705.3385606394987,452.8929010424683,712.7205839882614,450.91279441109293,705.3385606394987,0.0,0.0,0,774.5609607539145,784.9999985875731,-10.439039246085486,-1.4124268545856467e-06,-18.02481066163131,2.5725253626426852e-06
encodec,12.0kbps,24000,20260826,785.0,452.8929,712.720582929195,452.9Hz_+50c,1,451.1571151299148,704.4494854482786,452.8929010388464,712.7205839859452,451.1571151299148,704.4494854482786,0.0,0.0,0,771.439583085195,784.9999985957919,-13.560416914805046,-1.4042080920262379e-06,-20.208397693093218,2.566899120613856e-06
encodec,12.0kbps,24000,20260826,785.0,452.8929,712.720582929195,452.9Hz_+50c,2,450.9017201713793,705.0093526097615,452.8929010422591,712.7205839849933,450.9017201713793,705.0093526097615,0.0,0.0,0,773.7952590388585,784.9999985804343,-11.20474096114151,-1.4195657058735378e-06,-18.833031321660165,2.564586887366829e-06
encodec,12.0kbps,24000,20260826,785.0,452.8929,712.720582929195,452.9Hz_+50c,3,451.4264799779773,705.3417064339332,452.8929010521673,712.7205839850922,451.4264799779773,705.3417064339332,0.0,0.0,0,772.5975607950752,784.9999985427993,-12.402439204924804,-1.4572007103197393e-06,-18.01708941314802,2.56482714435426e-06
encodec,12.0kbps,24000,20260826,785.0,452.8929,712.720582929195,452.9Hz_+50c,4,451.01681825641043,704.7797575594735,452.8929010400007,712.7205839881346,451.01681825641043,704.7797575594735,0.0,0.0,0,772.789507437102,784.999998596698,-12.210492562898025,-1.4033020079295966e-06,-19.396921011547594,2.5722174492875963e-06
encodec,12.0kbps,24000,20260826,790.0,440.0,694.4336496580046,440Hz_ongrid,0,440.2140718371362,697.6284795976308,439.99999891571935,694.4336490688112,440.2140718371362,697.6284795976308,0.0,0.0,0,797.1044089107909,790.0000027973668,7.10440891079088,2.797366846607474e-06,7.946496017918877,-1.4688683727194576e-06
encodec,12.0kbps,24000,20260826,790.0,440.0,694.4336496580046,440Hz_ongrid,1,440.12148570663476,697.5244202951876,439.9999989111428,694.4336490679364,440.12148570663476,697.5244202951876,0.0,0.0,0,797.210308849876,790.0000028131929,7.210308849876014,2.813192850226187e-06,7.688243309044294,-1.4710493295536367e-06
encodec,12.0kbps,24000,20260826,790.0,440.0,694.4336496580046,440Hz_ongrid,2,440.17578209382935,697.5337181947625,439.9999989102663,694.4336490662014,440.17578209382935,697.5337181947625,0.0,0.0,0,797.0198221327324,790.0000028123166,7.019822132732429,2.812316552081029e-06,7.711320254563582,-1.4753747241598284e-06
encodec,12.0kbps,24000,20260826,790.0,440.0,694.4336496580046,440Hz_ongrid,3,440.1148942102249,697.7628916686189,439.999998916953,694.4336490673406,440.1148942102249,697.7628916686189,0.0,0.0,0,797.8280143613063,790.0000027888469,7.828014361306259,2.788846927614941e-06,8.280020732793314,-1.472534502150598e-06
encodec,12.0kbps,24000,20260826,790.0,440.0,694.4336496580046,440Hz_ongrid,4,440.29267893139166,697.6798863079005,439.9999989143363,694.433649068598,440.29267893139166,697.6798863079005,0.0,0.0,0,796.9228637786335,790.0000028022774,6.922863778633541,2.8022774358760216e-06,8.074062152236218,-1.4693998211768913e-06
encodec,12.0kbps,24000,20260826,790.0,452.8929,714.7819760254494,452.9Hz_+50c,0,450.88949222228376,708.2940068017025,452.8929010423702,714.7819749350826,450.88949222228376,708.2940068017025,0.0,0.0,0,781.8893352408387,789.9999933745055,-8.110664759161295,-6.625494506806717e-06,-15.78590488262934,-2.6409171129170913e-06
encodec,12.0kbps,24000,20260826,790.0,452.8929,714.7819760254494,452.9Hz_+50c,1,451.4005836780514,707.6396142288532,452.89290104223875,714.7819749312264,451.4005836780514,707.6396142288532,0.0,0.0,0,778.3278354185685,789.9999933656682,-11.672164581431502,-6.634331839450169e-06,-17.38613072289076,-2.6502571513829465e-06
encodec,12.0kbps,24000,20260826,790.0,452.8929,714.7819760254494,452.9Hz_+50c,2,451.27671997803714,708.199728209991,452.892901049764,714.7819749336046,451.27671997803714,708.199728209991,0.0,0.0,0,780.1727207132878,789.9999933426622,-9.827279286712155,-6.657337848992029e-06,-16.016358861034806,-2.644496942040569e-06
encodec,12.0kbps,24000,20260826,790.0,452.8929,714.7819760254494,452.9Hz_+50c,3,451.3554273531249,707.0196256477913,452.89290104089105,714.7819749348341,451.3554273531249,707.0196256477913,0.0,0.0,0,776.9835684516394,789.9999933795581,-13.016431548360629,-6.6204419226778555e-06,-18.903592144032107,-2.641519100826606e-06
encodec,12.0kbps,24000,20260826,790.0,452.8929,714.7819760254494,452.9Hz_+50c,4,451.1612361811497,707.2184298397796,452.89290103853347,714.7819749321026,451.1612361811497,707.2184298397796,0.0,0.0,0,778.2153056852727,789.999993381954,-11.78469431472729,-6.618045972572872e-06,-18.41686137448589,-2.6481350094579826e-06
encodec,12.0kbps,24000,20260826,795.0,440.0,696.4421516789907,440Hz_ongrid,0,440.10007221594816,698.378477021203,439.9999989100279,696.442151572753,440.10007221594816,698.378477021203,0.0,0.0,0,799.4129873853066,795.0000040245408,4.412987385306565,4.024540771752072e-06,4.80668904226799,-2.6408855893874204e-07
encodec,12.0kbps,24000,20260826,795.0,440.0,696.4421516789907,440Hz_ongrid,1,440.2082964606261,698.4564640139542,439.9999989200739,696.4421515747877,440.2082964606261,698.4564640139542,0.0,0.0,0,799.1806287651223,795.0000039900713,4.180628765122265,3.990071263615391e-06,5.000002845365765,-2.590306688311045e-07
encodec,12.0kbps,24000,20260826,795.0,440.0,696.4421516789907,440Hz_ongrid,2,440.0984769216059,698.3788512503758,439.9999989125147,696.442151571318,440.0984769216059,698.3788512503758,0.0,0.0,0,799.4201905400813,795.000004011189,4.4201905400813075,4.011189048469532e-06,4.807616731384805,-2.676555102827576e-07
encodec,12.0kbps,24000,20260826,795.0,440.0,696.4421516789907,440Hz_ongrid,3,440.1445127784438,698.3246611788942,439.99999891836893,696.4421515739052,440.1445127784438,698.3246611788942,0.0,0.0,0,799.1047680651461,795.0000039945861,4.104768065146118,3.99458610900183e-06,4.673277988648798,-2.612243112327165e-07
encodec,12.0kbps,24000,20260826,795.0,440.0,696.4421516789907,440Hz_ongrid,4,440.23315301412464,698.3902315285793,439.9999989181046,696.4421515748234,440.23315301412464,698.3902315285793,0.0,0.0,0,798.9187012370313,795.0000039979083,3.918701237031314,3.997908265773731e-06,4.835827443315682,-2.589420620539957e-07
encodec,12.0kbps,24000,20260826,795.0,452.8929,716.8493312639499,452.9Hz_+50c,0,451.3464906625826,708.4214473213603,452.89290104841365,716.8493282438327,451.3464906625826,708.4214473213603,0.0,0.0,0,780.4469999507619,794.999988698557,-14.553000049238108,-1.1301443009870127e-05,-20.474438854902125,-7.293763935805317e-06
encodec,12.0kbps,24000,20260826,795.0,452.8929,716.8493312639499,452.9Hz_+50c,1,451.54903589595307,711.230592977689,452.89290103776887,716.8493282418061,451.54903589595307,712.6466447175958,0.0,-3.4434398284928673,0,786.521659616498,794.9999887343536,-8.478340383501973,-1.1265646435276722e-05,-13.623048770075943,-7.298658258975533e-06
encodec,12.0kbps,24000,20260826,795.0,452.8929,716.8493312639499,452.9Hz_+50c,2,451.3865832884495,708.8582092729097,452.8929010462422,716.8493282447486,451.3865832884495,708.8582092729097,0.0,0.0,0,781.3602492030888,794.9999887090694,-13.639750796911244,-1.1290930615359684e-05,-19.407412764070617,-7.2915520338636455e-06
encodec,12.0kbps,24000,20260826,795.0,452.8929,716.8493312639499,452.9Hz_+50c,3,451.7224923329013,707.7490258106444,452.8929010432268,716.8493282430394,451.7224923329013,707.7490258106444,0.0,0.0,0,777.3613290608599,794.9999887164682,-17.63867093914007,-1.1283531762273924e-05,-22.1184769481208,-7.295679841136791e-06
encodec,12.0kbps,24000,20260826,795.0,452.8929,716.8493312639499,452.9Hz_+50c,4,451.2717457602468,708.8937832003319,452.89290104467574,716.8493282456326,451.2717457602468,708.8937832003319,0.0,0.0,0,781.8876290232668,794.9999887171925,-13.112370976733246,-1.12828074634308e-05,-19.32053326081176,-7.289417014158392e-06
encodec,12.0kbps,24000,20260826,800.0,440.0,698.4564628660078,440Hz_ongrid,0,440.12869525031925,699.2884002665371,439.9999989117306,698.456462731335,440.12869525031925,699.2884002665371,0.0,0.0,0,801.5545671760513,800.0000039481222,1.5545671760512505,3.9481221847381676e-06,2.06086040815725,-3.3380748490009837e-07
encodec,12.0kbps,24000,20260826,800.0,440.0,698.4564628660078,440Hz_ongrid,1,440.1477246158837,699.3760795442638,439.9999989118205,698.4564627311687,440.1477246158837,699.3760795442638,0.0,0.0,0,801.6967720134131,800.000003947356,1.6967720134131241,3.947356049138762e-06,2.277915110536461,-3.342197658912189e-07
encodec,12.0kbps,24000,20260826,800.0,440.0,698.4564628660078,440Hz_ongrid,2,440.1673096428588,699.3326707364071,439.99999890526624,698.4564627314969,440.1673096428588,699.3326707364071,0.0,0.0,0,801.5122824911227,800.0000039739582,1.5122824911227326,3.973958200731431e-06,2.1704577056976744,-3.3340635183321336e-07
encodec,12.0kbps,24000,20260826,800.0,440.0,698.4564628660078,440Hz_ongrid,3,440.2974880818209,699.2906377931305,439.99999891859585,698.4564627315676,440.2974880818209,699.2906377931305,0.0,0.0,0,800.8962919771411,800.0000039216866,0.896291977141118,3.92168658436276e-06,2.0663998623012936,-3.332310603348909e-07
encodec,12.0kbps,24000,20260826,800.0,440.0,698.4564628660078,440Hz_ongrid,4,440.2859225671056,699.3129328418757,439.9999989180152,698.4564627283333,440.2859225671056,699.3129328418757,0.0,0.0,0,800.996962745784,800.0000039159546,0.9969627457840033,3.915954607691674e-06,2.121594841532384,-3.4124776329930947e-07
encodec,12.0kbps,24000,20260826,800.0,452.8929,718.9226658889285,452.9Hz_+50c,0,450.85840956269624,711.2203901664202,452.89290104114264,718.922667300156,450.85840956269624,712.1419341725291,0.0,-2.2417462605686542,0,789.1467051232139,799.999999418485,-10.853294876786094,-5.815149961563293e-07,-18.647884007949294,3.3983701234096947e-06
encodec,12.0kbps,24000,20260826,800.0,452.8929,718.9226658889285,452.9Hz_+50c,1,451.40526826964646,712.5533453272751,452.892901036668,718.9226673033639,451.40526826964646,714.0685388601352,0.0,-3.6774363977113484,0,790.2897234631919,799.9999994433148,-9.710276536808124,-5.566852223637397e-07,-15.406276191988741,3.4060948660658133e-06
encodec,12.0kbps,24000,20260826,800.0,452.8929,718.9226658889285,452.9Hz_+50c,2,451.3783190871511,712.7866460172285,452.89290103858497,718.9226672994027,451.3783190871511,713.9798699978962,0.0,-2.895709202475133,0,790.9598216358778,799.9999994264479,-9.040178364122198,-5.735521426686319e-07,-14.839536881820385,3.3965560870526743e-06
encodec,12.0kbps,24000,20260826,800.0,452.8929,718.9226658889285,452.9Hz_+50c,3,451.33625996382835,710.9261992228714,452.89290104128276,718.9226673019923,451.33625996382835,711.9059805242778,0.0,-2.3843022977538464,0,786.5965371926651,799.9999994223712,-13.403462807334904,-5.776288389824913e-07,-19.364144046771973,3.402792005209815e-06
encodec,12.0kbps,24000,20260826,800.0,452.8929,718.9226658889285,452.9Hz_+50c,4,450.9833505247853,712.2292839764718,452.8929010408749,718.9226673029962,450.9833505247853,713.0506788827473,0.0,-1.9954353165149166,0,791.1210982377631,799.9999994263476,-8.878901762236865,-5.736524144595023e-07,-16.193801310042367,3.405209182707781e-06
encodec,12.0kbps,24000,20260826,805.0,440.0,700.4766000208361,440Hz_ongrid,0,440.12308974928493,700.1996875279876,439.99999891180937,700.4765994247547,440.12308974928493,700.1996875279876,0.0,0.0,0,803.8312290287976,805.000002808399,-1.1687709712024343,2.8083990173399798e-06,-0.6845269627802396,-1.4732204839027084e-06
encodec,12.0kbps,24000,20260826,805.0,440.0,700.4766000208361,440Hz_ongrid,1,440.2770420442839,700.1968104676346,439.99999891524345,700.4765994232496,440.2770420442839,700.1968104676346,0.0,0.0,0,803.2186466038896,805.0000027911674,-1.7813533961103758,2.7911673896596767e-06,-0.6916404693501041,-1.476940430899168e-06
encodec,12.0kbps,24000,20260826,805.0,440.0,700.4766000208361,440Hz_ongrid,2,440.1568780823119,700.2326900986747,439.9999989105622,700.4765994199494,440.1568780823119,700.2326900986747,0.0,0.0,0,803.7799234410039,805.0000028014298,-1.2200765589960838,2.8014297868139693e-06,-0.6029304858585796,-1.4850968673330988e-06
encodec,12.0kbps,24000,20260826,805.0,440.0,700.4766000208361,440Hz_ongrid,3,440.15455462901696,700.2660981783888,439.999998918684,700.4765994234168,440.15455462901696,700.2660981783888,0.0,0.0,0,803.8716572711877,805.0000027780435,-1.1283427288122994,2.778043494799931e-06,-0.5203353338882032,-1.4765271888798234e-06
encodec,12.0kbps,24000,20260826,805.0,440.0,700.4766000208361,440Hz_ongrid,4,440.12762769367816,700.2396696970162,439.999998917408,700.4765994242989,440.12762769367816,700.2396696970162,0.0,0.0,0,803.9122315527378,805.0000027852442,-1.0877684472621922,2.7852441917275428e-06,-0.5856744247684871,-1.474347000867999e-06
encodec,12.0kbps,24000,20260826,805.0,452.8929,721.0019971944921,452.9Hz_+50c,0,450.6349026548192,720.5855922448302,452.8929010455948,721.0019962046593,450.6349026548192,720.5855922448302,0.0,0.0,0,812.6528979595894,804.9999936263592,7.652897959589382,-6.373640758283727e-06,-1.0001396410250933,-2.3767370637547046e-06
encodec,12.0kbps,24000,20260826,805.0,452.8929,721.0019971944921,452.9Hz_+50c,1,451.5985421486282,718.653691714899,452.89290103787323,721.0019962052241,451.5985421486282,718.6499230599187,0.0,0.009078699523166084,0,804.3070758112556,804.9999936572318,-0.6929241887444277,-6.342768188005721e-06,-5.647836549857404,-2.375380861108188e-06
encodec,12.0kbps,24000,20260826,805.0,452.8929,721.0019971944921,452.9Hz_+50c,2,451.1201836725946,720.9740224627413,452.8929010427256,721.0019962023349,451.1201836725946,720.2085305193561,0.0,1.8391089158849863,0,811.7225315504863,804.9999936317456,6.722531550486337,-6.368254389599315e-06,-0.06717283431393385,-2.3823183296914422e-06
encodec,12.0kbps,24000,20260826,805.0,452.8929,721.0019971944921,452.9Hz_+50c,3,451.19683617438113,721.441686925415,452.8929010332318,721.0019962029304,451.19683617438113,721.441686925415,0.0,0.0,0,812.5510044176781,804.9999936694667,7.551004417678087,-6.330533324216958e-06,1.0554392731654672,-2.380888512303763e-06
encodec,12.0kbps,24000,20260826,805.0,452.8929,721.0019971944921,452.9Hz_+50c,4,451.50226816055937,721.5877824644414,452.8929010343301,721.0019962028549,451.50226816055937,721.5794661927407,0.0,0.0199525214322325,0,811.7300119652614,804.9999936650869,6.730011965261383,-6.334913109640183e-06,1.4059873081275804,-2.3810697621755977e-06
encodec,12.0kbps,24000,20260826,810.0,440.0,702.502579993852,440Hz_ongrid,0,440.16527186169196,701.2278906055374,439.9999989142713,702.5025789455176,440.16527186169196,701.2278906055374,0.0,0.0,0,806.2056658657128,810.0000016884376,-3.794334134287169,1.6884375781955896e-06,-3.144173790943381,-2.5834955005439765e-06
encodec,12.0kbps,24000,20260826,810.0,440.0,702.502579993852,440Hz_ongrid,1,440.2452814716382,701.1079232850907,439.9999989167683,702.5025789514546,440.2452814716382,701.1079232850907,0.0,0.0,0,805.5947970744095,810.000001693244,-4.405202925590515,1.693244030320784e-06,-3.440381743962919,-2.5688646187883914e-06
encodec,12.0kbps,24000,20260826,810.0,440.0,702.502579993852,440Hz_ongrid,2,440.1135837075648,701.252199097776,439.9999989038384,702.5025789469299,440.1135837075648,701.252199097776,0.0,0.0,0,806.4689880761911,810.0000017329678,-3.531011923808933,1.7329678030364448e-06,-3.084160547606522,-2.580014849505331e-06
encodec,12.0kbps,24000,20260826,810.0,440.0,702.502579993852,440Hz_ongrid,3,440.20185090685186,701.1981690935145,439.99999891542996,702.5025789476705,440.20185090685186,701.1981690935145,0.0,0.0,0,805.9884213063441,810.0000016891845,-4.011578693655906,1.6891845007194206e-06,-3.2175536219235688,-2.5781898574233887e-06
encodec,12.0kbps,24000,20260826,810.0,440.0,702.502579993852,440Hz_ongrid,4,440.1612203911039,701.2260293964903,439.9999989126432,702.5025789507299,440.1612203911039,701.2260293964903,0.0,0.0,0,806.2170058901265,810.0000017076887,-3.7829941098734707,1.7076887388611794e-06,-3.1487688630934416,-2.5706504009298587e-06
encodec,12.0kbps,24000,20260826,810.0,452.8929,723.0873425247672,452.9Hz_+50c,0,451.08016296186116,728.9636666119288,452.8929010379703,723.0873441895978,451.08016296186116,724.4689203533869,0.0,10.707730982274478,0,830.9556796394885,810.0000000182215,20.955679639488494,1.8221498976345174e-08,14.012383610895291,3.985979514959566e-06
encodec,12.0kbps,24000,20260826,810.0,452.8929,723.0873425247672,452.9Hz_+50c,1,450.57126562853927,729.7271485146188,452.892901048925,723.0873441898574,450.57126562853927,724.9457281577508,0.0,11.380960858647722,0,834.7221804655051,809.9999999769672,24.722180465505062,-2.3032839635561686e-08,15.824647008697678,3.986601107836935e-06
encodec,12.0kbps,24000,20260826,810.0,452.8929,723.0873425247672,452.9Hz_+50c,2,451.1504922144606,727.6029025537614,452.89290104395695,723.0873441906241,451.1504922144606,723.8577147785044,0.0,8.934187960426131,0,827.4510461189819,809.9999999977939,17.451046118981935,-2.206093085987959e-09,10.777650910746761,3.988436671219393e-06
encodec,12.0kbps,24000,20260826,810.0,452.8929,723.0873425247672,452.9Hz_+50c,3,451.3367831314094,728.2472119529833,452.8929010415623,723.0873441908707,451.3367831314094,723.8555502085401,0.0,10.471734815062085,0,828.2686952810627,810.0000000075381,18.26869528106272,7.538119461969472e-09,12.31002080484187,3.989027126791216e-06
encodec,12.0kbps,24000,20260826,810.0,452.8929,723.0873425247672,452.9Hz_+50c,4,451.36265652475294,723.4410296338808,452.89290103613695,723.0873441893656,451.36265652475294,723.1681054804742,0.0,0.6532456920494932,0,816.7060319745171,810.0000000246737,6.7060319745171455,2.467368176439777e-08,0.8465996104892739,3.985423656393904e-06
encodec,12.0kbps,24000,20260826,815.0,440.0,704.5344196841672,440Hz_ongrid,0,440.13307108392536,702.2418027952685,439.99999891283164,704.5344183279723,440.13307108392536,702.2418027952685,0.0,0.0,0,808.8337209353434,815.000000945055,-6.166279064656578,9.45055035117548e-07,-5.642773697656763,-3.332542406177512e-06
encodec,12.0kbps,24000,20260826,815.0,440.0,704.5344196841672,440Hz_ongrid,1,440.25346521241335,702.2512084604701,439.9999989067777,704.5344183290233,440.25346521241335,702.2512084604701,0.0,0.0,0,808.3834110219846,815.0000009714577,-6.616588978015443,9.71457666310016e-07,-5.619586102245725,-3.329959739656637e-06
encodec,12.0kbps,24000,20260826,815.0,440.0,704.5344196841672,440Hz_ongrid,2,440.1265023251511,701.969291070225,439.9999989206458,704.5344183296583,440.1265023251511,701.969291070225,0.0,0.0,0,808.1876063942972,815.0000009184523,-6.812393605702823,9.184523150906898e-07,-6.314726205579643,-3.3283996068777487e-06
encodec,12.0kbps,24000,20260826,815.0,440.0,704.5344196841672,440Hz_ongrid,3,440.11807220285476,702.1884425870975,439.99999891593154,704.5344183254813,440.11807220285476,702.1884425870975,0.0,0.0,0,808.7611653212164,815.000000926737,-6.238834678783633,9.267370160159771e-07,-5.774327414331873,-3.338663577621325e-06
encodec,12.0kbps,24000,20260826,815.0,440.0,704.5344196841672,440Hz_ongrid,4,440.1259395852084,702.1997627291763,439.9999989138578,704.5344183257129,440.1259395852084,702.1997627291763,0.0,0.0,0,808.7581281190184,815.0000009354656,-6.241871880981648,9.354655503557296e-07,-5.746418015302033,-3.3380944568675604e-06
encodec,12.0kbps,24000,20260826,815.0,452.8929,725.1787192740445,452.9Hz_+50c,0,451.1967634155179,731.575436028589,452.8929010493575,725.1787199729243,451.1967634155179,731.575436028589,0.0,0.0,0,836.699899147549,814.9999976571635,21.69989914754899,-2.3428365238942206e-06,15.204054828579773,1.6684502354574632e-06
encodec,12.0kbps,24000,20260826,815.0,452.8929,725.1787192740445,452.9Hz_+50c,1,451.4574139460895,730.8671072278763,452.89290103960036,725.1787199735536,451.4574139460895,730.8671072278763,0.0,0.0,0,834.0230422724034,814.9999976959633,19.02304227240336,-2.3040366841087234e-06,13.52702069240111,1.6699525143492442e-06
encodec,12.0kbps,24000,20260826,815.0,452.8929,725.1787192740445,452.9Hz_+50c,2,451.3264736628673,730.4341343274571,452.892901047004,725.1787199727726,451.3264736628673,730.4341343274571,0.0,0.0,0,833.4993365225662,814.9999976657974,18.499336522566182,-2.3342025770034525e-06,12.501116617118022,1.668087735714641e-06
encodec,12.0kbps,24000,20260826,815.0,452.8929,725.1787192740445,452.9Hz_+50c,3,451.560345059319,730.6697988948233,452.89290104523565,725.1787199726961,451.560345059319,730.6697988948233,0.0,0.0,0,833.1609352021716,814.9999976723744,18.160935202171572,-2.3276255660675815e-06,13.059585480891972,1.6679051404040995e-06
encodec,12.0kbps,24000,20260826,815.0,452.8929,725.1787192740445,452.9Hz_+50c,4,450.8612145156941,732.9870210624146,452.89290103995285,725.1787199743127,450.8612145156941,732.9870210624146,0.0,0.0,0,841.3250950937987,814.999997696428,26.325095093798723,-2.303572046002955e-06,18.541276561402597,1.671764628652173e-06
encodec,12.0kbps,24000,20260826,820.0,440.0,706.5721360397713,440Hz_ongrid,0,440.1557330976733,703.2803281756782,439.9999989044242,706.5721338782605,440.1557330976733,703.2803281756782,0.0,0.0,0,811.3029650950234,819.9999990145715,-8.69703490497659,-9.854285281107877e-07,-8.084392314730954,-5.296106263803237e-06
encodec,12.0kbps,24000,20260826,820.0,440.0,706.5721360397713,440Hz_ongrid,1,440.2473764145528,702.7894318213278,439.9999989189582,706.5721338751976,440.2473764145528,702.7894318213278,0.0,0.0,0,809.733708542428,819.9999989498807,-10.266291457572038,-1.050119294632168e-06,-9.293232077767353,-5.303610931096698e-06
encodec,12.0kbps,24000,20260826,820.0,440.0,706.5721360397713,440Hz_ongrid,2,440.24538568150774,703.1292826408176,439.99999891466655,706.5721338815041,440.24538568150774,703.1292826408176,0.0,0.0,0,810.5785146649785,819.999998982219,-9.421485335021544,-1.0177809599554166e-06,-8.456254355354721,-5.288158754828567e-06
encodec,12.0kbps,24000,20260826,820.0,440.0,706.5721360397713,440Hz_ongrid,3,440.10072874956467,702.997408088791,439.9999989138763,706.5721338766998,440.10072874956467,702.997408088791,0.0,0.0,0,810.8227314285492,819.9999989735568,-9.177268571450782,-1.0264432148687774e-06,-8.780984291637768,-5.299930194032542e-06
encodec,12.0kbps,24000,20260826,820.0,440.0,706.5721360397713,440Hz_ongrid,4,440.2043013277633,702.9929110328218,439.9999989121282,706.5721338791025,440.2043013277633,702.9929110328218,0.0,0.0,0,810.4042789081938,819.999998986322,-9.59572109180624,-1.0136780019820435e-06,-8.79205898583526,-5.294043321196999e-06
encodec,12.0kbps,24000,20260826,820.0,452.8929,727.2761448869239,452.9Hz_+50c,0,451.4951947136918,732.6043781851612,452.8929010449853,727.2761427819751,451.4951947136918,732.6043781851612,0.0,0.0,0,837.9884277420747,819.9999909947306,17.98842774207469,-9.005269362205581e-06,12.637280545697495,-5.010695376883006e-06
encodec,12.0kbps,24000,20260826,820.0,452.8929,727.2761448869239,452.9Hz_+50c,1,451.3124874545047,734.0121718159803,452.89290104590077,727.2761427822985,451.3124874545047,734.0121718159803,0.0,0.0,0,842.012747467713,819.9999909920012,22.012747467712984,-9.007998755805602e-06,15.960877318524965,-5.00992540128632e-06
encodec,12.0kbps,24000,20260826,820.0,452.8929,727.2761448869239,452.9Hz_+50c,2,450.9679486777538,735.2625786868218,452.8929010446145,727.2761427815178,450.9679486777538,735.2625786868218,0.0,0.0,0,846.2815909132197,819.9999909950599,26.281590913219702,-9.00494012512354e-06,18.907565773986583,-5.011783644938031e-06
encodec,12.0kbps,24000,20260826,820.0,452.8929,727.2761448869239,452.9Hz_+50c,3,451.2802048944099,734.2450986146373,452.89290103682697,727.276142781503,451.2802048944099,734.2450986146373,0.0,0.0,0,842.6858795081152,819.9999910247933,22.68587950811525,-8.975206696959503e-06,16.51016907587465,-5.011818818561145e-06
encodec,12.0kbps,24000,20260826,820.0,452.8929,727.2761448869239,452.9Hz_+50c,4,451.3498569359616,732.2655644344893,452.89290103883513,727.2761427813848,451.3498569359616,732.2655644344893,0.0,0.0,0,837.7449636805452,819.9999910168356,17.744963680545197,-8.983164434539503e-06,11.836436873711415,-5.012100399751645e-06
encodec,12.0kbps,24000,20260826,825.0,440.0,708.6157460576719,440Hz_ongrid,0,440.4073156725059,703.8999478627813,439.99999890754395,708.6157449784045,440.4073156725059,703.8999478627813,0.0,0.0,0,811.8383342975039,825.0000016616215,-13.161665702496066,1.661621467974328e-06,-11.55977349029252,-2.6367810408146506e-06
encodec,12.0kbps,24000,20260826,825.0,440.0,708.6157460576719,440Hz_ongrid,1,440.26753118075163,704.4138276085001,439.99999891978956,708.6157449838091,440.26753118075163,704.4138276085001,0.0,0.0,0,813.6513324657694,825.0000016266438,-11.348667534230572,1.6266437796730315e-06,-10.296353124897927,-2.6235767089514556e-06
encodec,12.0kbps,24000,20260826,825.0,440.0,708.6157460576719,440Hz_ongrid,2,440.2483069866721,703.9650405376088,439.9999989103227,708.6157449835888,440.2483069866721,703.9650405376088,0.0,0.0,0,812.6235950446837,825.0000016633542,-12.376404955316275,1.6633541690680431e-06,-11.399686186445875,-2.6241150768105026e-06
encodec,12.0kbps,24000,20260826,825.0,440.0,708.6157460576719,440Hz_ongrid,3,440.1623941534997,704.1804427234297,439.9999989167408,708.6157449836868,440.1623941534997,704.1804427234297,0.0,0.0,0,813.491121204583,825.0000016383407,-11.50887879541699,1.6383406773456954e-06,-10.870036934038481,-2.6238755886447144e-06
encodec,12.0kbps,24000,20260826,825.0,440.0,708.6157460576719,440Hz_ongrid,4,440.1764737392637,704.0871060916108,439.9999989100995,708.6157449807403,440.1764737392637,704.0871060916108,0.0,0.0,0,813.2062604984305,825.000001657273,-11.793739501569462,1.6572729464314762e-06,-11.099521104716775,-2.6310744568320733e-06
encodec,12.0kbps,24000,20260826,825.0,452.8929,729.3796368584605,452.9Hz_+50c,0,451.4306633679558,734.4275879749401,452.892901050847,729.3796378405251,451.4306633679558,734.4275879749401,0.0,0.0,0,842.5390035779967,824.9999983140191,17.53900357799671,-1.6859809193192632e-06,11.940396721093627,2.3309998183031025e-06
encodec,12.0kbps,24000,20260826,825.0,452.8929,729.3796368584605,452.9Hz_+50c,1,451.21051199465666,734.5566927855509,452.8929010488755,729.3796378415186,451.21051199465666,734.5566927855509,0.0,0.0,0,843.6877951676306,824.9999983239136,18.68779516763061,-1.6760864127718378e-06,12.24470310140101,2.3333577964808544e-06
encodec,12.0kbps,24000,20260826,825.0,452.8929,729.3796368584605,452.9Hz_+50c,2,450.9810377907833,735.0216953921713,452.89290104937186,729.3796378397032,450.9810377907833,735.0216953921713,0.0,0.0,0,845.6640717153139,824.9999983177067,20.664071715313867,-1.6822932593640871e-06,13.340294025748959,2.3290489315649047e-06
encodec,12.0kbps,24000,20260826,825.0,452.8929,729.3796368584605,452.9Hz_+50c,3,450.86599657908937,734.38153031967,452.89290103752717,729.3796378417235,450.86599657908937,734.38153031967,0.0,0.0,0,844.597279899943,824.9999983677798,19.597279899943032,-1.6322202327501145e-06,11.831823619174601,2.3338440766234783e-06
encodec,12.0kbps,24000,20260826,825.0,452.8929,729.3796368584605,452.9Hz_+50c,4,450.9839742206799,735.8843772053573,452.8929010474769,729.379637840929,450.9839742206799,735.8843772053573,0.0,0.0,0,847.6835262804891,824.9999983278602,22.683526280489104,-1.6721397742003319e-06,15.371020973670406,2.3319585397858737e-06
encodec,12.0kbps,24000,20260826,830.0,440.0,710.6652667840369,440Hz_ongrid,0,440.13278992922864,704.7966712121338,439.99999890852195,710.6652689163739,440.13278992922864,704.7966712121338,0.0,0.0,0,815.1219044660251,830.0000094890873,-14.878095533974943,9.489087346992164e-06,-14.355696070556109,5.1945332816970335e-06
encodec,12.0kbps,24000,20260826,830.0,440.0,710.6652667840369,440Hz_ongrid,1,440.16658169787434,704.8801397951073,439.99999892007224,710.6652689163095,440.16658169787434,704.8801397951073,0.0,0.0,0,815.1940085304313,830.0000094434848,-14.805991469568653,9.443484827897919e-06,-14.1506793576305,5.1943764419358776e-06
encodec,12.0kbps,24000,20260826,830.0,440.0,710.6652667840369,440Hz_ongrid,2,440.19179239094996,704.7402986688908,439.9999989103123,710.6652689124357,440.19179239094996,704.7402986688908,0.0,0.0,0,814.751360854407,830.0000094724495,-15.24863914559296,9.472449505665281e-06,-14.494172844748213,5.184939531895108e-06
encodec,12.0kbps,24000,20260826,830.0,440.0,710.6652667840369,440Hz_ongrid,3,440.16618490139354,704.6791306554762,439.9999989218183,710.6652689105827,440.16618490139354,704.6791306554762,0.0,0.0,0,814.7018065224211,830.0000094226634,-15.298193477578934,9.422663424629718e-06,-14.644442019984687,5.180425391416505e-06
encodec,12.0kbps,24000,20260826,830.0,440.0,710.6652667840369,440Hz_ongrid,4,440.15691004907933,705.0902889835365,439.9999989110011,710.6652689122296,440.15691004907933,705.0902889835365,0.0,0.0,0,815.7481127566176,830.0000094692373,-14.251887243382384,9.469237284065457e-06,-13.63461543790478,5.184437490894934e-06
encodec,12.0kbps,24000,20260826,830.0,452.8929,731.4892127343095,452.9Hz_+50c,0,450.8716223323245,735.8819932375574,452.89290104220663,731.4892104350699,450.8716223323245,735.8819932375574,0.0,0.0,0,848.1092671296512,829.9999905743795,18.109267129651244,-9.425620532965695e-06,10.36541246635592,-5.4416685550803405e-06
encodec,12.0kbps,24000,20260826,830.0,452.8929,731.4892127343095,452.9Hz_+50c,1,451.2541231471517,737.232154709488,452.892901051993,731.4892104352075,451.2541231471517,737.232154709488,0.0,0.0,0,849.8146584506396,829.9999905372954,19.814658450639627,-9.462704610996298e-06,13.538888425046604,-5.44134295880947e-06
encodec,12.0kbps,24000,20260826,830.0,452.8929,731.4892127343095,452.9Hz_+50c,2,451.4377743776491,737.3941278628592,452.8929010440807,731.4892104342621,451.4377743776491,737.3941278628592,0.0,0.0,0,849.4905427875377,829.9999905653036,19.49054278753772,-9.434696380594687e-06,13.919206397936357,-5.443580424092358e-06
encodec,12.0kbps,24000,20260826,830.0,452.8929,731.4892127343095,452.9Hz_+50c,3,451.52820081226963,737.0653131469222,452.8929010487349,731.4892104351493,451.52820081226963,737.0653131469222,0.0,0.0,0,848.3716436161221,829.999990549612,18.371643616122128,-9.450388006371213e-06,13.147051904339262,-5.441480770218097e-06
encodec,12.0kbps,24000,20260826,830.0,452.8929,731.4892127343095,452.9Hz_+50c,4,451.37868574811085,736.1399741734687,452.89290104555016,731.4892104346694,451.37868574811085,736.1399741734687,0.0,0.0,0,846.7701835915007,829.9999905606504,16.770183591500654,-9.439349582862633e-06,10.972231379008361,-5.442616513054329e-06
encodec,12.0kbps,24000,20260826,835.0,440.0,712.720715314337,440Hz_ongrid,0,440.24493773744325,704.8915139515186,439.9999989122719,712.7207163747929,440.24493773744325,704.8915139515186,0.0,0.0,0,814.9137866563324,835.0000068557,-20.086213343667623,6.855700007690757e-06,-19.12274387345957,2.5759001083909063e-06
encodec,12.0kbps,24000,20260826,835.0,440.0,712.720715314337,440Hz_ongrid,1,440.10056727768955,706.0123180506583,439.9999989215312,712.7207163741122,440.10056727768955,706.0123180506583,0.0,0.0,0,818.2321483278201,835.0000068176146,-16.76785167217986,6.8176145759935025e-06,-16.372202577998753,2.5742467559062166e-06
encodec,12.0kbps,24000,20260826,835.0,440.0,712.720715314337,440Hz_ongrid,2,440.43501544252183,705.8841218588062,439.99999891502887,712.7207163718174,440.43501544252183,705.8841218588062,0.0,0.0,0,816.6026390023486,835.0000068376247,-18.39736099765139,6.837624709987722e-06,-16.68658486076612,2.568672409386678e-06
encodec,12.0kbps,24000,20260826,835.0,440.0,712.720715314337,440Hz_ongrid,3,440.1303557080545,705.3740815170573,439.99999890917184,712.7207163718792,440.1303557080545,705.3740815170573,0.0,0.0,0,816.5492260032055,835.00000686082,-18.45077399679451,6.860820008114388e-06,-17.937949412434577,2.568822714158014e-06
encodec,12.0kbps,24000,20260826,835.0,440.0,712.720715314337,440Hz_ongrid,4,440.159048559253,704.8099965036045,439.99999891608206,712.7207163727634,440.159048559253,704.8099965036045,0.0,0.0,0,815.0513523108142,835.0000068357785,-19.948647689185805,6.8357785494299605e-06,-19.322964672731807,2.570970419420043e-06
encodec,12.0kbps,24000,20260826,835.0,452.8929,733.6048901108738,452.9Hz_+50c,0,451.0540797415741,737.3823359300285,452.89290103967187,733.6048907156814,451.0540797415741,737.3823359300285,0.0,0.0,0,850.9349270453957,834.9999974530228,15.934927045395739,-2.546977157180663e-06,8.891521394652479,1.427285268678725e-06
encodec,12.0kbps,24000,20260826,835.0,452.8929,733.6048901108738,452.9Hz_+50c,1,451.2454492048056,738.1386168601723,452.89290104386606,733.6048907154557,451.2454492048056,738.1386168601723,0.0,0.0,0,851.9752637085367,834.9999974364571,16.97526370853666,-2.5635429210524308e-06,10.666215829325212,1.4267524747830496e-06
encodec,12.0kbps,24000,20260826,835.0,452.8929,733.6048901108738,452.9Hz_+50c,2,451.13148679777373,738.0071911823175,452.89290103653195,733.6048907149308,451.13148679777373,738.0071911823175,0.0,0.0,0,852.1042696075522,834.999997463254,17.10426960755217,-2.536746023906744e-06,10.35794193417806,1.4255139019606348e-06
encodec,12.0kbps,24000,20260826,835.0,452.8929,733.6048901108738,452.9Hz_+50c,3,451.2059056473232,738.1195977067094,452.892901038671,733.6048907164846,451.2059056473232,738.1195977067094,0.0,0.0,0,852.082373727439,834.9999974587439,17.08237372743895,-2.5412560944459983e-06,10.621607635804242,1.4291808002079983e-06
encodec,12.0kbps,24000,20260826,835.0,452.8929,733.6048901108738,452.9Hz_+50c,4,451.1617600230932,738.0559244709711,452.89290103754814,733.6048907147884,451.1617600230932,738.0559244709711,0.0,0.0,0,852.1024147467613,834.9999974590335,17.10241474676127,-2.5409665340703214e-06,10.472257816441193,1.4251779265891911e-06
encodec,12.0kbps,24000,20260826,840.0,440.0,714.7821087934872,440Hz_ongrid,0,440.21063490253465,706.9660517526148,439.99999891037436,714.782107704367,440.21063490253465,706.9660517526148,0.0,0.0,0,820.1363277321111,840.0000016493684,-19.863672267888887,1.64936841429153e-06,-19.035101678779792,-2.637897370884401e-06
encodec,12.0kbps,24000,20260826,840.0,440.0,714.7821087934872,440Hz_ongrid,1,440.14477891844814,707.5358961984291,439.99999891989546,714.7821077004434,440.14477891844814,707.5358961984291,0.0,0.0,0,821.7902271268034,840.0000016024032,-18.209772873196584,1.6024032447603531e-06,-17.640216133285698,-2.647400784102185e-06
encodec,12.0kbps,24000,20260826,840.0,440.0,714.7821087934872,440Hz_ongrid,2,440.24182002806873,707.5163868863866,439.99999891352076,714.7821076984891,440.24182002806873,707.5163868863866,0.0,0.0,0,821.3608376115253,840.0000016227517,-18.639162388474688,1.622751710783632e-06,-17.687953147228693,-2.652134038974406e-06
encodec,12.0kbps,24000,20260826,840.0,440.0,714.7821087934872,440Hz_ongrid,3,440.2396508931755,706.6216769602478,439.99999891353474,714.7821076996347,440.2396508931755,706.6216769602478,0.0,0.0,0,819.1787010966366,840.0000016254716,-20.821298903363413,1.625471554689284e-06,-19.878619722790486,-2.649359359069614e-06
encodec,12.0kbps,24000,20260826,840.0,440.0,714.7821087934872,440Hz_ongrid,4,440.29269762867204,707.9476902337425,439.999998910391,714.7821076994798,440.29269762867204,707.9476902337425,0.0,0.0,0,822.2158170151621,840.0000016374656,-17.784182984837912,1.6374656297557522e-06,-16.63291109339252,-2.6497345443823144e-06
encodec,12.0kbps,24000,20260826,840.0,452.8929,735.7266866354498,452.9Hz_+50c,0,451.6430380619563,739.0103265246788,452.8929010446972,735.7266896996442,451.6430380619563,739.0103265246788,0.0,0.0,0,852.4938644214924,840.0000032168646,12.49386442149239,3.2168645702768117e-06,7.709521799301488,7.210337453398172e-06
encodec,12.0kbps,24000,20260826,840.0,452.8929,735.7266866354498,452.9Hz_+50c,1,451.1477279294405,739.5333967714719,452.8929010323032,735.726689699881,451.1477279294405,739.5333967714719,0.0,0.0,0,855.6184556927266,840.0000032647995,15.61845569272657,3.264799488533754e-06,8.934452851136562,7.210894849607514e-06
encodec,12.0kbps,24000,20260826,840.0,452.8929,735.7266866354498,452.9Hz_+50c,2,450.51268601140083,739.3419827999097,452.89290104078594,735.726689699859,450.51268601140083,739.3419827999097,0.0,0.0,0,857.6089273541239,840.0000032323214,17.60892735412392,3.2323214327334426e-06,8.48629827169918,7.210842954098369e-06
encodec,12.0kbps,24000,20260826,840.0,452.8929,735.7266866354498,452.9Hz_+50c,3,450.6552831674708,739.5435276970097,452.8929010482802,735.7266897005441,450.6552831674708,739.5435276970097,0.0,0.0,0,857.5329112000364,840.0000032052858,17.532911200036438,3.2052857932285406e-06,8.95816899862004,7.212454790171315e-06
encodec,12.0kbps,24000,20260826,840.0,452.8929,735.7266866354498,452.9Hz_+50c,4,451.11144643028894,739.3481316915975,452.89290104061814,735.7266897002581,451.11144643028894,739.3481316915975,0.0,0.0,0,855.3239314262039,840.0000032339021,15.323931426203899,3.233902134525124e-06,8.50069638060605,7.211782070608315e-06
encodec,12.0kbps,24000,20260826,845.0,440.0,716.8494644159914,440Hz_ongrid,0,440.1366439332429,709.1929825947233,439.9999989093662,716.849461419154,440.1366439332429,709.1929825947233,0.0,0.0,0,825.872125778357,844.9999970536925,-19.12787422164297,-2.9463075179592124e-06,-18.59031534743919,-7.237540532932373e-06
encodec,12.0kbps,24000,20260826,845.0,440.0,716.8494644159914,440Hz_ongrid,1,440.23538009006427,709.2742652606795,439.99999891576846,716.8494614158918,440.23538009006427,710.2174910044581,0.0,-2.3007456812805893,0,825.6822107941875,844.9999970206237,-19.31778920581246,-2.979376290568325e-06,-18.39190495866343,-7.245418847903219e-06
encodec,12.0kbps,24000,20260826,845.0,440.0,716.8494644159914,440Hz_ongrid,2,440.22937814929793,708.6963729643016,439.9999989093974,716.8494614148176,440.22937814929793,708.6963729643016,0.0,0.0,0,824.2946887482435,844.9999970430971,-20.705311251756484,-2.9569029038611916e-06,-19.80302991231742,-7.248013046765397e-06
encodec,12.0kbps,24000,20260826,845.0,440.0,716.8494644159914,440Hz_ongrid,3,440.2922762967695,709.5226925040686,439.99999890404644,716.8494614185056,440.2922762967695,709.5226925040686,0.0,0.0,0,826.0647479856302,844.9999970730579,-18.93525201436978,-2.9269421020217123e-06,-17.78563680378404,-7.239106431882515e-06
encodec,12.0kbps,24000,20260826,845.0,440.0,716.8494644159914,440Hz_ongrid,4,440.1902725505265,708.4059719577235,439.9999989089151,716.8494614181132,440.1902725505265,708.4059719577235,0.0,0.0,0,823.7389317083345,844.999997052954,-21.261068291665538,-2.947046027657052e-06,-20.512579394484856,-7.240054197651897e-06
encodec,12.0kbps,24000,20260826,845.0,452.8929,737.8546200063753,452.9Hz_+50c,0,451.0051707950953,740.4454616381792,452.8929010439311,737.8546189142569,451.0051707950953,740.4454616381792,0.0,0.0,0,858.299402309644,844.9999934470103,13.299402309644051,-6.552989702868217e-06,6.068264348676537,-2.562445913093185e-06
encodec,12.0kbps,24000,20260826,845.0,452.8929,737.8546200063753,452.9Hz_+50c,1,451.0090861461652,740.2721171769635,452.89290104886595,737.8546189138085,451.0090861461652,740.2721171769635,0.0,0.0,0,857.8790290734458,844.9999934270943,12.87902907344585,-6.572905704160803e-06,5.662920562477212,-2.5634978542900653e-06
encodec,12.0kbps,24000,20260826,845.0,452.8929,737.8546200063753,452.9Hz_+50c,2,451.24689783205383,740.4359963473079,452.8929010376968,737.8546189146257,451.24689783205383,740.4359963473079,0.0,0.0,0,857.3496235601689,844.999993471707,12.34962356016888,-6.5282930563626e-06,6.046133429618402,-2.5615806035246935e-06
encodec,12.0kbps,24000,20260826,845.0,452.8929,737.8546200063753,452.9Hz_+50c,3,451.5360853013061,740.3607431520408,452.8929010495812,737.854618911685,451.5360853013061,740.3607431520408,0.0,0.0,0,856.0645344299215,844.9999934193775,11.064534429921537,-6.580622539331671e-06,5.870172893530496,-2.5684803998129536e-06
encodec,12.0kbps,24000,20260826,845.0,452.8929,737.8546200063753,452.9Hz_+50c,4,451.2352683426458,740.236665521083,452.8929010366223,737.85461891435,451.2352683426458,740.236665521083,0.0,0.0,0,856.9281176162773,844.9999934751673,11.92811761627729,-6.524832656396029e-06,5.580009721980834,-2.5622273753367715e-06
encodec,12.0kbps,24000,20260826,850.0,440.0,718.922799426084,440Hz_ongrid,0,440.1784787187432,711.3609432192035,439.9999989076768,718.9228008409559,440.1784787187432,712.814587282272,0.0,-3.534113481450768,0,830.9917871263065,850.0000077050254,-19.008212873693537,7.705025382165331e-06,-18.306108819509674,3.407145461819937e-06
encodec,12.0kbps,24000,20260826,850.0,440.0,718.922799426084,440Hz_ongrid,1,440.1682482939024,712.229270968496,439.99999890656085,718.9228008416156,440.1682482939024,712.9961268605406,0.0,-1.8630136133903206,0,833.1439784563588,850.000007711005,-16.85602154364119,7.711004968768975e-06,-16.194154498985476,3.408733848814462e-06
encodec,12.0kbps,24000,20260826,850.0,440.0,718.922799426084,440Hz_ongrid,2,440.2536231859494,710.8772375786555,439.9999989091788,718.9228008434858,440.2536231859494,712.2984634136532,0.0,-3.4577253857814436,0,829.518675722135,850.0000077052076,-20.481324277865042,7.705207622166199e-06,-19.48370019377573,3.413237610195832e-06
encodec,12.0kbps,24000,20260826,850.0,440.0,718.922799426084,440Hz_ongrid,3,440.3404859801905,712.2714557995921,439.99999891779373,718.9228008422804,440.3404859801905,713.730791677925,0.0,-3.5434065381687465,0,832.5692163846502,850.0000076684083,-17.43078361534981,7.66840832966409e-06,-16.09161777914174,3.4103345369667358e-06
encodec,12.0kbps,24000,20260826,850.0,440.0,718.922799426084,440Hz_ongrid,4,440.1833117663643,714.1855011683961,439.99999891313706,718.9228008418179,440.1833117663643,714.1855011683961,0.0,0.0,0,837.8332739564385,850.000007685617,-12.166726043561539,7.685616992603173e-06,-11.44561358466748,3.4092208977791426e-06
encodec,12.0kbps,24000,20260826,850.0,452.8929,739.9887079731761,452.9Hz_+50c,0,451.2764325751361,742.0865290118436,452.8929010450029,739.9887090785517,451.2764325751361,742.0865290118436,0.0,0.0,0,861.0911771033229,849.9999985914307,11.091177103322934,-1.4085693464949145e-06,4.900994964155705,2.5860716282106555e-06
encodec,12.0kbps,24000,20260826,850.0,452.8929,739.9887079731761,452.9Hz_+50c,1,451.90571911865663,742.1306858054643,452.8929010429171,739.9887090785232,451.90571911865663,742.1306858054643,0.0,0.0,0,858.7817351452641,849.9999985993371,8.781735145264065,-1.400662881678727e-06,5.0040064962593505,2.5860051250765355e-06
encodec,12.0kbps,24000,20260826,850.0,452.8929,739.9887079731761,452.9Hz_+50c,2,451.3062985134387,741.5772859866508,452.89290105089043,739.9887090771123,451.3062985134387,741.5772859866508,0.0,0.0,0,859.788171185168,849.9999985655572,9.78817118516804,-1.4344427654577885e-06,3.712560104220571,2.5827041862748724e-06
encodec,12.0kbps,24000,20260826,850.0,452.8929,739.9887079731761,452.9Hz_+50c,3,451.4648259571325,741.5158924261476,452.8929010434945,739.9887090775569,451.4648259571325,741.5158924261476,0.0,0.0,0,859.0368275701886,849.9999985948692,9.03682757018862,-1.4051307744011865e-06,3.569229093135979,2.5837444029276386e-06
encodec,12.0kbps,24000,20260826,850.0,452.8929,739.9887079731761,452.9Hz_+50c,4,451.2222196936441,741.7414613129649,452.892901051541,739.9887090779586,451.2222196936441,741.7414613129649,0.0,0.0,0,860.493961609525,849.9999985650503,10.493961609524945,-1.4349496950671892e-06,4.095789826907567,2.584683903851275e-06
encodec,12.0kbps,24000,20260826,855.0,440.0,721.0021311178755,440Hz_ongrid,0,440.15754108956963,715.6321271010231,439.9999989153508,721.0021301245841,440.15754108956963,716.0900423381441,0.0,-1.1074194338034777,0,841.4378051291811,855.0000018826446,-13.562194870818871,1.8826445966624306e-06,-12.942441045918478,-2.3850411140863735e-06
encodec,12.0kbps,24000,20260826,855.0,440.0,721.0021311178755,440Hz_ongrid,1,440.19469894488185,718.792200911098,439.99999891052227,721.0021301261677,440.19469894488185,719.9993272306122,0.0,-2.904963832955573,0,848.9195803900575,855.0000019054452,-6.08041960994251,1.905445174088527e-06,-5.314522136125892,-2.381238903095232e-06
encodec,12.0kbps,24000,20260826,855.0,440.0,721.0021311178755,440Hz_ongrid,2,440.1098130405485,721.5126475846472,439.99999892084355,721.0021301245914,440.1098130405485,721.5126475846472,0.0,0.0,0,855.7933736930568,855.00000186105,0.7933736930567648,1.861050009210885e-06,1.2253926820481131,-2.3850238155832293e-06
encodec,12.0kbps,24000,20260826,855.0,440.0,721.0021311178755,440Hz_ongrid,3,440.2409459084995,720.191589967735,439.99999891431514,721.0021301243302,440.2409459084995,720.191589967735,0.0,0.0,0,852.1049027822249,855.0000018861094,-2.89509721777506,1.8861094304156723e-06,-1.9473254215760467,-2.3856509824250104e-06
encodec,12.0kbps,24000,20260826,855.0,440.0,721.0021311178755,440Hz_ongrid,4,440.27712539630625,718.0458203826599,439.9999989179067,721.0021301239549,440.27712539630625,718.0458203826599,0.0,0.0,0,846.796821778595,855.0000018710771,-8.203178221404983,1.8710770746110938e-06,-7.113137542271785,-2.3865520422332454e-06
encodec,12.0kbps,24000,20260826,855.0,452.8929,742.1289683367155,452.9Hz_+50c,0,451.3388786564165,742.9617953817504,452.8929010407992,742.1289694515473,451.3388786564165,742.9617953817504,0.0,0.0,0,862.8923611693131,854.999998622101,7.892361169313062,-1.3778990251012146e-06,1.9417246726157604,2.600673102467291e-06
encodec,12.0kbps,24000,20260826,855.0,452.8929,742.1289683367155,452.9Hz_+50c,1,451.19075925262433,742.9487593222793,452.8929010513441,742.1289694497704,451.19075925262433,742.9487593222793,0.0,0.0,0,863.4302303924926,854.9999985776466,8.430230392492604,-1.4223534208213096e-06,1.9113480527696913,2.5965276123034566e-06
encodec,12.0kbps,24000,20260826,855.0,452.8929,742.1289683367155,452.9Hz_+50c,2,451.31578854813176,743.0094192038156,452.89290103676393,742.128969450586,451.31578854813176,743.0094192038156,0.0,0.0,0,863.0919003561626,854.9999986352839,8.091900356162569,-1.3647161267726915e-06,2.052693151042042,2.5984304476438683e-06
encodec,12.0kbps,24000,20260826,855.0,452.8929,742.1289683367155,452.9Hz_+50c,3,451.54826631748773,742.755695302264,452.8929010375047,742.1289694494583,451.54826631748773,742.755695302264,0.0,0.0,0,861.609066895178,854.9999986298211,6.609066895177989,-1.3701788930120529e-06,1.4614079506975248,2.5957999219399417e-06
encodec,12.0kbps,24000,20260826,855.0,452.8929,742.1289683367155,452.9Hz_+50c,4,450.8135118377519,742.9412921829625,452.8929010475343,742.1289694502116,450.8135118377519,742.9412921829625,0.0,0.0,0,864.86094666925,854.9999985932392,9.860946669249984,-1.406760816280439e-06,1.8939478880380234,2.5975570654431786e-06
encodec,12.0kbps,24000,20260826,860.0,440.0,723.0874768354955,440Hz_ongrid,0,440.2108215780773,722.687883065355,439.9999989155169,723.087478554988,440.2108215780773,723.4799733722081,0.0,-1.8964518401954409,0,858.2137134575573,860.0000083838838,-1.7862865424426673,8.383883823626093e-06,-0.9569818070836504,4.116851916628974e-06
encodec,12.0kbps,24000,20260826,860.0,440.0,723.0874768354955,440Hz_ongrid,1,440.1291392708131,725.0968718495691,439.99999891669734,723.087478554599,440.1291392708131,724.3956847087485,0.0,1.6749574078927496,0,864.2962315914891,860.000008378308,4.296231591489118,8.378308052670036e-06,4.804271365045049,4.115920488340939e-06
encodec,12.0kbps,24000,20260826,860.0,440.0,723.0874768354955,440Hz_ongrid,2,440.239528128754,729.2702489513374,439.9999989199251,723.0874785519756,440.239528128754,725.3799569520612,0.0,9.259988414643457,0,873.7978226282124,860.000008359327,13.79782262821243,8.359327011930873e-06,14.740019039966558,4.1096392096671814e-06
encodec,12.0kbps,24000,20260826,860.0,440.0,723.0874768354955,440Hz_ongrid,3,440.23528043012936,728.5262960903117,439.99999891671655,723.0874785534401,440.23528043012936,724.6070741938862,0.0,9.33858788729423,0,872.0475357784482,860.0000083754576,12.04753577844815,8.375457582587842e-06,12.973028110953441,4.11314542403581e-06
encodec,12.0kbps,24000,20260826,860.0,440.0,723.0874768354955,440Hz_ongrid,4,440.2193232912994,728.2020434766122,439.9999989113481,723.0874785534265,440.2193232912994,723.7053903395182,0.0,10.723526481930971,0,871.3395791979144,860.000008396548,11.339579197914418,8.396547968914092e-06,12.202318625376764,4.113113133496728e-06
encodec,12.0kbps,24000,20260826,860.0,452.8929,744.2754189493418,452.9Hz_+50c,0,450.97857911051517,743.7389117433556,452.89290103982194,744.2754175866211,450.97857911051517,743.7389117433556,0.0,0.0,0,866.0848147463323,859.999992855385,6.084814746332313,-7.1446149831899675e-06,-1.2484013946139503,-3.1697788679542184e-06
encodec,12.0kbps,24000,20260826,860.0,452.8929,744.2754189493418,452.9Hz_+50c,1,451.3810741105039,743.9407537695326,452.89290103362526,744.2754175889924,451.3810741105039,743.9407537695326,0.0,0.0,0,865.0101633243846,859.9999928845883,5.010163324384621,-7.115411676750227e-06,-0.7786285013023161,-3.16426314412133e-06
encodec,12.0kbps,24000,20260826,860.0,452.8929,744.2754189493418,452.9Hz_+50c,2,451.26252620799414,744.140820395237,452.89290103556107,744.2754175884048,451.26252620799414,744.140820395237,0.0,0.0,0,865.9304185390048,859.9999928758217,5.9304185390047905,-7.124178296180617e-06,-0.3131134884137614,-3.1656297258703555e-06
encodec,12.0kbps,24000,20260826,860.0,452.8929,744.2754189493418,452.9Hz_+50c,3,451.25166882763557,743.8346562826648,452.89290103630213,744.275417586823,451.25166882763557,743.8346562826648,0.0,0.0,0,865.2596391065532,859.9999928693094,5.259639106553209,-7.130690619305824e-06,-1.0255469284471028,-3.1693091174908393e-06
encodec,12.0kbps,24000,20260826,860.0,452.8929,744.2754189493418,452.9Hz_+50c,4,450.9181198335657,744.2891099997256,452.8929010372259,744.2754175878673,450.9181198335657,744.2891099997256,0.0,0.0,0,867.5971711150066,859.9999928682075,7.597171115006631,-7.131792472137022e-06,0.03184599946007326,-3.166880023237081e-06
encodec,12.0kbps,24000,20260826,865.0,440.0,725.178853973238,440Hz_ongrid,0,440.2632744836312,732.3031200664642,439.99999890692607,725.1788546661578,440.2632744836312,732.3031200664642,0.0,0.0,0,880.8893266491481,865.000005955055,15.889326649148074,5.9550550304265926e-06,16.92490265717988,1.6542212556264727e-06
encodec,12.0kbps,24000,20260826,865.0,440.0,725.178853973238,440Hz_ongrid,1,440.2077854426045,732.9166535551266,439.9999989100623,725.1788546643551,440.2077854426045,732.9166535551266,0.0,0.0,0,882.5573823979349,865.0000059384114,17.55738239793493,5.938411391070986e-06,18.37474676523259,1.6499177724653546e-06
encodec,12.0kbps,24000,20260826,865.0,440.0,725.178853973238,440Hz_ongrid,2,440.13253393887913,730.987973431913,439.9999989167067,725.1788546656699,440.13253393887913,730.987973431913,0.0,0.0,0,878.2915835052578,865.000005915407,13.29158350525779,5.915406973144854e-06,13.812976046791963,1.6530564897507983e-06
encodec,12.0kbps,24000,20260826,865.0,440.0,725.178853973238,440Hz_ongrid,3,440.197780268402,729.7348432055179,439.99999891393537,725.1788546655343,440.197780268402,729.7348432055179,0.0,0.0,0,875.0645646217308,865.0000059259877,10.064564621730824,5.9259876934447675e-06,10.842580536629676,1.6527328155371616e-06
encodec,12.0kbps,24000,20260826,865.0,440.0,725.178853973238,440Hz_ongrid,4,440.3098484561576,729.6262153341215,439.999998918457,725.1788546659265,440.3098484561576,729.6262153341215,0.0,0.0,0,874.3661431830577,865.000005909133,9.366143183057716,5.909133051318349e-06,10.584850937931874,1.6536688567606826e-06
encodec,12.0kbps,24000,20260826,865.0,452.8929,746.428077715037,452.9Hz_+50c,0,451.7713326757867,745.0949837706494,452.8929010408707,746.4280779732137,451.7713326757867,745.0949837706494,0.0,0.0,0,866.1979480573309,864.9999966199589,1.1979480573309047,-3.3800411074480508e-06,-3.094686634452138,5.988042150967899e-07
encodec,12.0kbps,24000,20260826,865.0,452.8929,746.428077715037,452.9Hz_+50c,1,451.01327841385586,745.0856048181387,452.8929010393466,746.4280779723501,451.01327841385586,745.0856048181387,0.0,0.0,0,869.0835373931903,864.9999966237818,4.0835373931903405,-3.376218160155986e-06,-3.1164788414579965,5.968014328472964e-07
encodec,12.0kbps,24000,20260826,865.0,452.8929,746.428077715037,452.9Hz_+50c,2,451.56215763314,745.4472085459917,452.8929010516559,746.4280779700262,451.56215763314,745.4472085459917,0.0,0.0,0,867.817917542356,864.9999965713383,2.8179175423559855,-3.428661671023292e-06,-2.2764829787743577,5.914112192767669e-07
encodec,12.0kbps,24000,20260826,865.0,452.8929,746.428077715037,452.9Hz_+50c,3,451.2433937452302,745.0936317005842,452.8929010490583,746.4280779727073,451.2433937452302,745.0936317005842,0.0,0.0,0,868.2191056257863,864.9999965874865,3.2191056257862556,-3.412513478906476e-06,-3.097828182722233,5.976298389408971e-07
encodec,12.0kbps,24000,20260826,865.0,452.8929,746.428077715037,452.9Hz_+50c,4,451.42153794187465,745.2232128527837,452.89290103660664,746.428077970326,451.42153794187465,745.2232128527837,0.0,0.0,0,867.8368321790372,864.9999966295609,2.8368321790371738,-3.370439117134083e-06,-2.7967709891592083,5.921062346907971e-07
encodec,12.0kbps,24000,20260826,870.0,440.0,727.2762799757063,440Hz_ongrid,0,440.16339105643095,733.7979977986163,439.9999989179415,727.2762778576149,440.16339105643095,733.7979977986163,0.0,0.0,0,884.8125704121903,869.9999992155128,14.812570412190325,-7.844871561246691e-07,15.455333259020593,-5.041979335456258e-06
encodec,12.0kbps,24000,20260826,870.0,440.0,727.2762799757063,440Hz_ongrid,1,440.1112384478186,732.8483069285114,439.9999989138805,727.2762778573707,440.1112384478186,732.8483069285114,0.0,0.0,0,882.775670566245,869.9999992309098,12.775670566245026,-7.690902066315175e-07,13.213296586778725,-5.042560565162804e-06
encodec,12.0kbps,24000,20260826,870.0,440.0,727.2762799757063,440Hz_ongrid,2,440.2859465629167,733.7436771284681,439.999998908394,727.2762778583758,440.2859465629167,733.7436771284681,0.0,0.0,0,884.2024444616467,869.99999925489,14.202444461646678,-7.451100145772216e-07,15.327170910545766,-5.040167989968667e-06
encodec,12.0kbps,24000,20260826,870.0,440.0,727.2762799757063,440Hz_ongrid,3,440.1605128253824,734.7546177675674,439.99999891017137,727.2762778578845,440.1605128253824,734.7546177675674,0.0,0.0,0,887.0793543429298,869.9999992467268,17.079354342929832,-7.532731842729845e-07,17.710796602938846,-5.0413377531942056e-06
encodec,12.0kbps,24000,20260826,870.0,440.0,727.2762799757063,440Hz_ongrid,4,440.24226371830247,733.7346587401669,439.99999890700116,727.2762778572369,440.24226371830247,733.7346587401669,0.0,0.0,0,884.3529382772347,869.9999992576592,14.35293827723467,-7.423408305839985e-07,15.305892312404541,-5.042879049826741e-06
encodec,12.0kbps,24000,20260826,870.0,452.8929,748.5869625895672,452.9Hz_+50c,0,451.0422283304113,745.5718611980224,452.89290104921184,748.5869640310988,451.0422283304113,745.5718611980224,0.0,0.0,0,870.1018816741508,869.9999993230555,0.10188167415083171,-6.769445235477178e-07,-6.987012615337617,3.3337859699289148e-06
encodec,12.0kbps,24000,20260826,870.0,452.8929,748.5869625895672,452.9Hz_+50c,1,450.93157655311154,746.8798778521619,452.8929010402861,748.5869640299077,450.93157655311154,746.8798778521619,0.0,0.0,0,873.5612301100296,869.9999993544205,3.5612301100295554,-6.455794618887012e-07,-3.9524306735078523,3.3310312794150568e-06
encodec,12.0kbps,24000,20260826,870.0,452.8929,748.5869625895672,452.9Hz_+50c,2,450.75005580144864,746.375866518818,452.89290103565656,748.5869640295932,450.75005580144864,746.375866518818,0.0,0.0,0,873.0896019201264,869.9999993713902,3.08960192012637,-6.286097686825087e-07,-5.12110069915444,3.3303039734630297e-06
encodec,12.0kbps,24000,20260826,870.0,452.8929,748.5869625895672,452.9Hz_+50c,3,451.2014462992314,746.6806079683752,452.8929010509227,748.586964027166,451.2014462992314,746.6806079683752,0.0,0.0,0,872.0634853166255,869.9999993074202,2.0634853166254743,-6.92579760652734e-07,-4.414390953104707,3.324690417005594e-06
encodec,12.0kbps,24000,20260826,870.0,452.8929,748.5869625895672,452.9Hz_+50c,4,450.8355940861562,746.499214936839,452.8929010402572,748.5869640288613,450.8355940861562,746.499214936839,0.0,0.0,0,873.0471844618373,869.9999993521112,3.0471844618373325,-6.478887826233404e-07,-4.835015166191882,3.328611411038729e-06
encodec,12.0kbps,24000,20260826,875.0,440.0,729.3797723379585,440Hz_ongrid,0,440.1196369721159,734.1314019804742,439.999998915484,729.3797733234643,440.1196369721159,734.1314019804742,0.0,0.0,0,885.7710856517128,875.0000066063286,10.771085651712838,6.606328611269419e-06,11.241748030392609,2.339167402643273e-06
encodec,12.0kbps,24000,20260826,875.0,440.0,729.3797723379585,440Hz_ongrid,1,440.16385456929925,736.0565528985409,439.99999891341383,729.3797733240849,440.16385456929925,736.0565528985409,0.0,0.0,0,890.1311248801121,875.000006615947,15.131124880112111,6.615946972488018e-06,15.775710797314387,2.3406404662847963e-06
encodec,12.0kbps,24000,20260826,875.0,440.0,729.3797723379585,440Hz_ongrid,2,440.1798925222252,736.5667601449994,439.9999989128788,729.3797733229954,440.1798925222252,736.5667601449994,0.0,0.0,0,891.2676580796065,875.0000066154663,16.267658079606463,6.615466304538131e-06,16.975322652794688,2.338054532277351e-06
encodec,12.0kbps,24000,20260826,875.0,440.0,729.3797723379585,440Hz_ongrid,3,440.31984721749393,735.2267964726337,439.999998911498,729.3797733232218,440.31984721749393,735.2267964726337,0.0,0.0,0,887.5649691143122,875.0000066214365,12.564969114312248,6.621436455134244e-06,13.822990092802796,2.338591554695725e-06
encodec,12.0kbps,24000,20260826,875.0,440.0,729.3797723379585,440Hz_ongrid,4,440.1137244039149,735.3326058048623,439.9999989105193,729.3797733234087,440.1137244039149,735.3326058048623,0.0,0.0,0,888.6247159348651,875.000006625731,13.624715934865094,6.625730975429178e-06,14.072120755182587,2.339035165197374e-06
encodec,12.0kbps,24000,20260826,875.0,452.8929,750.7520915806313,452.9Hz_+50c,0,451.0721712302597,747.8012054453582,452.8929010436477,750.7520936119134,451.0721712302597,747.8012054453582,0.0,0.0,0,875.1558175938379,875.0000006946749,0.1558175938379236,6.946748953851056e-07,-6.818150766545433,4.684135951234568e-06
encodec,12.0kbps,24000,20260826,875.0,452.8929,750.7520915806313,452.9Hz_+50c,1,451.5251366912688,747.3699651194939,452.89290103986934,750.7520936104834,451.5251366912688,747.3699651194939,0.0,0.0,0,872.4195371779739,875.0000007058205,-2.5804628220261066,7.058205255816574e-07,-7.8168029220531094,4.680838087726341e-06
encodec,12.0kbps,24000,20260826,875.0,452.8929,750.7520915806313,452.9Hz_+50c,2,451.1466743642991,747.6534944747855,452.89290104631544,750.7520936101175,451.1466743642991,747.6534944747855,0.0,0.0,0,874.5278956869689,875.000000680336,-0.4721043130310818,6.803360292906291e-07,-7.160150109650117,4.679994689598696e-06
encodec,12.0kbps,24000,20260826,875.0,452.8929,750.7520915806313,452.9Hz_+50c,3,450.9868923370285,747.6834113264679,452.89290104181964,750.75209361048,450.9868923370285,747.6834113264679,0.0,0.0,0,875.2104259693177,875.0000006983574,0.2104259693177255,6.983574394325842e-07,-7.090877329610517,4.680830399502752e-06
encodec,12.0kbps,24000,20260826,875.0,452.8929,750.7520915806313,452.9Hz_+50c,4,451.69795350179277,747.6451970864822,452.89290103619976,750.7520936111556,451.69795350179277,747.6451970864822,0.0,0.0,0,872.3944907571673,875.0000007213981,-2.6055092428326816,7.213981234599487e-07,-7.179363289237885,4.682388418012935e-06
encodec,12.0kbps,24000,20260826,880.0,440.0,731.4893486056533,440Hz_ongrid,0,440.12495937294966,735.8381852757689,439.99999891739304,731.4893462889927,440.12495937294966,735.8381852757689,0.0,0.0,0,889.7704271328422,879.9999987767518,9.770427132842201,-1.2232482049512328e-06,10.26202533228038,-5.482898191959246e-06
encodec,12.0kbps,24000,20260826,880.0,440.0,731.4893486056533,440Hz_ongrid,1,440.1413226693889,736.854535318874,439.99999891659684,731.4893462883481,440.1413226693889,736.854535318874,0.0,0.0,0,892.095618144878,879.999998778359,12.095618144878017,-1.2216410141263623e-06,12.651580268123377,-5.484423919939316e-06
encodec,12.0kbps,24000,20260826,880.0,440.0,731.4893486056533,440Hz_ongrid,2,440.1372174344645,736.9249544348355,439.9999989183516,731.4893462876571,440.1372174344645,736.9249544348355,0.0,0.0,0,892.277206849655,879.9999987698193,12.277206849655045,-1.2301807146286592e-06,12.817021532841956,-5.486059205106165e-06
encodec,12.0kbps,24000,20260826,880.0,440.0,731.4893486056533,440Hz_ongrid,3,440.1663736348406,737.2934545073326,439.99999891824405,731.4893462884445,440.1663736348406,737.2934545073326,0.0,0.0,0,893.0280167304661,879.9999987721059,13.028016730466106,-1.2278941312615643e-06,13.682510502465313,-5.484195771902991e-06
encodec,12.0kbps,24000,20260826,880.0,440.0,731.4893486056533,440Hz_ongrid,4,440.15754886264125,736.5683684021502,439.99999891331777,731.4893462880992,440.15754886264125,736.5683684021502,0.0,0.0,0,891.3593183146708,879.999998790672,11.359318314670759,-1.209328047480085e-06,11.979102712729501,-5.485012837869643e-06
encodec,12.0kbps,24000,20260826,880.0,452.8929,752.9234827480119,452.9Hz_+50c,0,451.20969817973,748.5352641152101,452.89290104535786,752.9234802653082,451.20969817973,748.5352641152101,0.0,0.0,0,876.326648966834,879.9999902953989,-3.673351033166,-9.70460109783744e-06,-10.119565600631438,-5.708602910827485e-06
encodec,12.0kbps,24000,20260826,880.0,452.8929,752.9234827480119,452.9Hz_+50c,1,451.35299458056426,748.365835990719,452.89290103912646,752.9234802639932,451.35299458056426,748.365835990719,0.0,0.0,0,875.3850236140619,879.9999903161956,-4.614976385938121,-9.683804364613025e-06,-10.511468230965857,-5.711626689182939e-06
encodec,12.0kbps,24000,20260826,880.0,452.8929,752.9234827480119,452.9Hz_+50c,2,451.0489122323055,749.157876838122,452.89290105202355,752.9234802645643,451.0489122323055,749.157876838122,0.0,0.0,0,878.3830722804486,879.9999902682082,-1.616927719551427,-9.731791806188994e-06,-8.680167398281217,-5.710313348380573e-06
encodec,12.0kbps,24000,20260826,880.0,452.8929,752.9234827480119,452.9Hz_+50c,3,451.4795478597334,749.5573851261486,452.8929010420374,752.9234802616248,451.4795478597334,749.5573851261486,0.0,0.0,0,877.6539582066107,879.9999902996225,-2.346041793389304,-9.700377518129244e-06,-7.7571870496434805,-5.7170722579832785e-06
encodec,12.0kbps,24000,20260826,880.0,452.8929,752.9234827480119,452.9Hz_+50c,4,451.5615668619876,749.150085550464,452.89290104465346,752.9234802651031,451.5615668619876,749.150085550464,0.0,0.0,0,876.3984930351935,879.9999902976201,-3.6015069648065037,-9.702379884402035e-06,-8.698172431716458,-5.709074583347461e-06
encodec,12.0kbps,24000,20260826,885.0,440.0,733.6050263751966,440Hz_ongrid,0,440.16564980882794,737.8989516276935,439.99999891133564,733.6050269777536,440.16564980882794,737.8989516276935,0.0,0.0,0,894.4520440703252,885.0000057054575,9.4520440703252,5.705457510885026e-06,10.10369093409993,1.4219738594027104e-06
encodec,12.0kbps,24000,20260826,885.0,440.0,733.6050263751966,440Hz_ongrid,1,440.1767905385718,737.8133019255755,439.99999891645047,733.6050269772613,440.1767905385718,737.8133019255755,0.0,0.0,0,894.2072663977763,885.0000056841709,9.207266397776266,5.684170901076868e-06,9.90273078023752,1.4208121688163207e-06
encodec,12.0kbps,24000,20260826,885.0,440.0,733.6050263751966,440Hz_ongrid,2,440.2086044313271,737.3689619237847,439.9999989183681,733.605026977789,440.2086044313271,737.3689619237847,0.0,0.0,0,893.0392146514337,885.0000056778711,8.039214651433667,5.6778710586513625e-06,8.859799906435166,1.4220572766288012e-06
encodec,12.0kbps,24000,20260826,885.0,440.0,733.6050263751966,440Hz_ongrid,3,440.1257379717213,738.1409587013279,439.99999890602976,733.6050269783459,440.1257379717213,738.1409587013279,0.0,0.0,0,895.1767259971363,885.0000057277321,10.17672599713626,5.727732059312984e-06,10.671386816593856,1.4233715784537062e-06
encodec,12.0kbps,24000,20260826,885.0,440.0,733.6050263751966,440Hz_ongrid,4,440.1858133962395,738.2864477371558,439.99999891515296,733.6050269767302,440.1858133962395,738.2864477371558,0.0,0.0,0,895.281631529189,885.0000056880226,10.281631529188985,5.6880226111388765e-06,11.012582831119357,1.4195586039578763e-06
encodec,12.0kbps,24000,20260826,885.0,452.8929,755.1011542037256,452.9Hz_+50c,0,451.0400329095307,750.354210262367,452.89290104561707,755.1011522198033,451.0400329095307,750.354210262367,0.0,0.0,0,881.1795635961917,884.9999914544366,-3.820436403808344,-8.545563446205051e-06,-10.917757391268587,-4.548574513991887e-06
encodec,12.0kbps,24000,20260826,885.0,452.8929,755.1011542037256,452.9Hz_+50c,1,451.6465763576103,750.423445338222,452.8929010421481,755.1011522184644,451.6465763576103,750.423445338222,0.0,0.0,0,879.012755670205,884.9999914646277,-5.987244329794976,-8.53537233069801e-06,-10.758024041897933,-4.551644229481501e-06
encodec,12.0kbps,24000,20260826,885.0,452.8929,755.1011542037256,452.9Hz_+50c,2,451.31630189795305,750.8215529271461,452.89290104458814,755.1011522200101,451.31630189795305,750.8215529271461,0.0,0.0,0,881.1974084416149,884.999991458844,-3.8025915583850747,-8.54115603488026e-06,-9.839829569856999,-4.548100342799546e-06
encodec,12.0kbps,24000,20260826,885.0,452.8929,755.1011542037256,452.9Hz_+50c,3,450.8695943003076,750.9098761341039,452.8929010498503,755.1011522178803,450.8695943003076,750.9098761341039,0.0,0.0,0,883.1154547085669,884.9999914338457,-1.8845452914331418,-8.566154292566353e-06,-9.636187106996495,-4.552983325832146e-06
encodec,12.0kbps,24000,20260826,885.0,452.8929,755.1011542037256,452.9Hz_+50c,4,451.45248364813267,750.4090348670993,452.8929010482,755.1011522202581,451.45248364813267,750.4090348670993,0.0,0.0,0,879.7236587722649,884.9999914456059,-5.276341227735088,-8.554394071325078e-06,-10.79126945549403,-4.547531798662156e-06
encodec,12.0kbps,24000,20260826,890.0,440.0,735.7268232938884,440Hz_ongrid,0,440.1688177863973,739.3289890671111,439.9999989069894,735.7268263764395,440.1688177863973,739.3289890671111,0.0,0.0,0,897.791443545193,890.0000115541159,7.791443545193033,1.1554115872058901e-05,8.45555047008482,7.2535310466875174e-06
encodec,12.0kbps,24000,20260826,890.0,440.0,735.7268232938884,440Hz_ongrid,1,440.13985414108276,739.2008575863794,439.9999989114356,735.7268263753417,440.13985414108276,739.2008575863794,0.0,0.0,0,897.6053022391973,890.0000115340384,7.605302239197272,1.153403843545675e-05,8.155488103055186,7.2509478035656615e-06
encodec,12.0kbps,24000,20260826,890.0,440.0,735.7268232938884,440Hz_ongrid,2,440.15343996470114,739.4895794428294,439.9999989077237,735.7268263753858,440.15343996470114,739.4895794428294,0.0,0.0,0,898.2279295377759,890.0000115487472,8.227929537775935,1.1548747238521173e-05,8.831552683485404,7.251051594583951e-06
encodec,12.0kbps,24000,20260826,890.0,440.0,735.7268232938884,440Hz_ongrid,3,440.23689441264014,739.5508633498861,439.9999989131645,735.726826375359,440.23689441264014,739.5508633498861,0.0,0.0,0,898.0431803968521,890.0000115272765,8.043180396852108,1.1527276456035906e-05,8.975019736240924,7.2509885511506204e-06
encodec,12.0kbps,24000,20260826,890.0,440.0,735.7268232938884,440Hz_ongrid,4,440.1298858105895,738.9927788872378,439.9999989116048,735.7268263748286,440.1298858105895,738.9927788872378,0.0,0.0,0,897.1571157082585,890.0000115321656,7.157115708258516,1.1532165558492125e-05,7.668091969923061,7.249740752464079e-06
encodec,12.0kbps,24000,20260826,890.0,452.8929,757.2851241121742,452.9Hz_+50c,0,451.3404357947171,751.6126819071824,452.8929010417835,757.2851224095019,451.3404357947171,751.6126819071824,0.0,0.0,0,882.9280480908552,889.9999921251764,-7.071951909144786,-7.874823609199666e-06,-13.016615585147568,-3.892489379397661e-06
encodec,12.0kbps,24000,20260826,890.0,452.8929,757.2851241121742,452.9Hz_+50c,1,450.8350982124826,751.5920583881549,452.8929010456889,757.2851224110831,450.8350982124826,751.5920583881549,0.0,0.0,0,884.819984200976,889.999992113862,-5.180015799023977,-7.886137950663397e-06,-13.064119610909323,-3.888874568854102e-06
encodec,12.0kbps,24000,20260826,890.0,452.8929,757.2851241121742,452.9Hz_+50c,2,451.8263002492909,752.1379568969797,452.89290103375146,757.2851224112695,451.8263002492909,752.1379568969797,0.0,0.0,0,882.2748649895126,889.9999921599207,-7.725135010487406,-7.840079319976212e-06,-11.807141140408401,-3.888448449059607e-06
encodec,12.0kbps,24000,20260826,890.0,452.8929,757.2851241121742,452.9Hz_+50c,3,451.33405385195044,752.6785917570535,452.8929010362921,757.2851224105482,451.33405385195044,752.6785917570535,0.0,0.0,0,885.405961945414,889.9999921485598,-4.594038054586008,-7.85144015935657e-06,-10.563181510938563,-3.890097573027476e-06
encodec,12.0kbps,24000,20260826,890.0,452.8929,757.2851241121742,452.9Hz_+50c,4,450.95629496538015,751.3837919533904,452.8929010512116,757.2851224100218,450.95629496538015,751.3837919533904,0.0,0.0,0,883.8748518160108,889.9999920903247,-6.125148183989154,-7.909675332484767e-06,-13.543911678583353,-3.891300780025013e-06
encodec,12.0kbps,24000,20260826,895.0,440.0,737.8547570600691,440Hz_ongrid,0,440.1777032832977,740.2752332830273,439.9999989171883,737.854755967329,440.1777032832977,740.2752332830273,0.0,0.0,0,899.9708322018258,895.0000016965512,4.970832201825829,1.6965511804301059e-06,5.66988644441438,-2.5639041769084103e-06
encodec,12.0kbps,24000,20260826,895.0,440.0,737.8547570600691,440Hz_ongrid,1,440.17829251203506,740.58741081402,439.99999890726343,737.8547559646735,440.17829251203506,740.58741081402,0.0,0.0,0,900.6984303550222,895.0000017293712,5.698430355022197,1.7293712062382838e-06,6.399802052953182,-2.5701349055360995e-06
encodec,12.0kbps,24000,20260826,895.0,440.0,737.8547570600691,440Hz_ongrid,2,440.2226552186116,740.3200420367012,439.9999989151015,737.8547559664481,440.2226552186116,740.3200420367012,0.0,0.0,0,899.8988318980207,895.0000017026954,4.898831898020717,1.7026953855747706e-06,5.774674621674321,-2.565970963623204e-06
encodec,12.0kbps,24000,20260826,895.0,440.0,737.8547570600691,440Hz_ongrid,3,440.1757870936742,740.4976406627394,439.99999891160604,737.8547559666841,440.1757870936742,740.4976406627394,0.0,0.0,0,900.4984203663258,895.0000017170023,5.498420366325831,1.7170023056678474e-06,6.189938152804497,-2.5654172193169342e-06
encodec,12.0kbps,24000,20260826,895.0,440.0,737.8547570600691,440Hz_ongrid,4,440.21719922108986,740.1111871755733,439.99999891269,737.8547559649054,440.21719922108986,740.1111871755733,0.0,0.0,0,899.4318136995241,895.000001708564,4.4318136995241275,1.7085640138247982e-06,5.286199855455165,-2.569590771509354e-06
encodec,12.0kbps,24000,20260826,895.0,452.8929,759.4754106902959,452.9Hz_+50c,0,451.8016141898957,753.3990351758665,452.8929010472488,759.4754092958718,451.8016141898957,753.3990351758665,0.0,0.0,0,885.269712661678,894.9999928181659,-9.730287338322,-7.181834121183783e-06,-13.906884053349753,-3.1786078317575707e-06
encodec,12.0kbps,24000,20260826,895.0,452.8929,759.4754106902959,452.9Hz_+50c,1,451.3881027429705,752.7181107160523,452.89290104125485,759.4754092966314,451.3881027429705,753.0206396653418,0.0,-0.6956697166137187,0,885.2895478649305,894.9999928428097,-9.710452135069545,-7.157190339057706e-06,-15.472286443471228,-3.1768764437976105e-06
encodec,12.0kbps,24000,20260826,895.0,452.8929,759.4754106902959,452.9Hz_+50c,2,451.0092689898928,754.6168027198431,452.8929010373876,759.4754092976046,451.0092689898928,754.6168027198431,0.0,0.0,0,891.1045689537516,894.9999928598113,-3.8954310462484045,-7.140188699850114e-06,-11.110837697249309,-3.1746578146655285e-06
encodec,12.0kbps,24000,20260826,895.0,452.8929,759.4754106902959,452.9Hz_+50c,3,451.10924055992115,753.7987749260518,452.89290104518665,759.4754092958777,451.10924055992115,753.7987749260518,0.0,0.0,0,888.8431340260804,894.9999928260622,-6.156865973919594,-7.173937774496153e-06,-12.988566526778968,-3.1785943773662297e-06
encodec,12.0kbps,24000,20260826,895.0,452.8929,759.4754106902959,452.9Hz_+50c,4,451.5071432046977,753.6929981034142,452.89290103552,759.475409295498,451.5071432046977,753.6929981034142,0.0,0.0,0,887.0738129430749,894.9999928621484,-7.926187056925073,-7.137851639527071e-06,-13.231519013192857,-3.17945987914062e-06
encodec,12.0kbps,24000,20260826,900.0,440.0,739.9888454232688,440Hz_ongrid,0,440.210104757287,741.8305568828952,439.99999891789923,739.9888465236951,440.210104757287,741.8305568828952,0.0,0.0,0,903.4769203030238,900.0000068321506,3.476920303023803,6.832150575064588e-06,4.303405967363357,2.574492010238984e-06
encodec,12.0kbps,24000,20260826,900.0,440.0,739.9888454232688,440Hz_ongrid,1,440.2899117997941,741.8435625122406,439.9999989107442,739.9888465247024,440.2899117997941,741.8435625122406,0.0,0.0,0,903.193439403013,900.0000068626595,3.1934394030130306,6.8626594611487235e-06,4.33375736064958,2.576848835182864e-06
encodec,12.0kbps,24000,20260826,900.0,440.0,739.9888454232688,440Hz_ongrid,2,440.2409614735903,742.1505153013059,439.99999891160866,739.9888465259431,440.2409614735903,742.1505153013059,0.0,0.0,0,904.1021093257671,900.000006862161,4.10210932576706,6.862160944365314e-06,5.049942331208435,2.5797515240021783e-06
encodec,12.0kbps,24000,20260826,900.0,440.0,739.9888454232688,440Hz_ongrid,3,440.1231082763891,741.4595444326559,439.99999891423874,739.9888465249669,440.1231082763891,741.4595444326559,0.0,0.0,0,902.9530286947748,900.0000068495286,2.9530286947748436,6.849528631391877e-06,3.4373455799755646,2.5774677371824798e-06
encodec,12.0kbps,24000,20260826,900.0,440.0,739.9888454232688,440Hz_ongrid,4,440.3225098081276,741.8243787886493,439.99999891455076,739.9888465236833,440.3225098081276,741.8243787886493,0.0,0.0,0,903.0204982614478,900.0000068452978,3.020498261447756,6.845297775726067e-06,4.288987888253892,2.574464332634032e-06
encodec,12.0kbps,24000,20260826,900.0,452.8929,761.672032207718,452.9Hz_+50c,0,451.7704845652756,755.3962110202824,452.89290103527594,761.6720308355974,451.7704845652756,756.6321375898665,0.0,-2.8302096821265508,0,889.9722346978651,899.9999929237949,-10.027765302134867,-7.076205065459362e-06,-14.323650043369971,-3.1187463615998597e-06
encodec,12.0kbps,24000,20260826,900.0,452.8929,761.672032207718,452.9Hz_+50c,1,451.43646500183877,755.499877973794,452.89290104651263,761.6720308371778,451.43646500183877,757.2052540587263,0.0,-3.9034790495208624,0,891.4902776809513,899.9999928844334,-8.509722319048706,-7.115566631910042e-06,-14.086080085685538,-3.1151542313176043e-06
encodec,12.0kbps,24000,20260826,900.0,452.8929,761.672032207718,452.9Hz_+50c,2,450.9960793104672,755.7703154231757,452.89290103939396,761.6720308363394,450.9960793104672,755.7703154231757,0.0,0.0,0,893.7995556153659,899.9999929097397,-6.200444384634125,-7.090260282893723e-06,-13.466481383143256,-3.1170597575425634e-06
encodec,12.0kbps,24000,20260826,900.0,452.8929,761.672032207718,452.9Hz_+50c,3,450.51580157518407,755.2787211652612,452.89290104441903,761.6720308353439,450.51580157518407,755.2787211652612,0.0,0.0,0,894.5177197270133,899.9999928882681,-5.4822802729867135,-7.111731861186854e-06,-14.592936881337858,-3.1193225939604037e-06
encodec,12.0kbps,24000,20260826,900.0,452.8929,761.672032207718,452.9Hz_+50c,4,450.79171301030624,756.8403318493819,452.89290104435327,761.6720308364279,450.79171301030624,755.3982565965813,0.0,3.301820962378873,0,897.0335726400011,899.9999928909833,-2.9664273599988746,-7.109016678441549e-06,-11.017140989507668,-3.116858710494822e-06
encodec,12.0kbps,24000,20260826,905.0,440.0,742.1291061843534,440Hz_ongrid,0,440.1451335224499,742.8917935075807,439.99999892145246,742.1291073577962,440.1451335224499,742.8917935075807,0.0,0.0,0,906.2073269998804,905.0000069810777,1.2073269998803653,6.981077717682638e-06,1.7782785132927474,2.7373997020993665e-06
encodec,12.0kbps,24000,20260826,905.0,440.0,742.1291061843534,440Hz_ongrid,1,440.28283645926007,743.2246555522325,439.9999989153136,742.1291073576316,440.28283645926007,743.2246555522325,0.0,0.0,0,906.4413087823636,905.0000070048476,1.4413087823636488,7.004847589087149e-06,2.5538060506460076,2.7370156753306965e-06
encodec,12.0kbps,24000,20260826,905.0,440.0,742.1291061843534,440Hz_ongrid,2,440.1949401276557,742.6142396025929,439.9999989173335,742.1291073577343,440.1949401276557,742.6142396025929,0.0,0.0,0,905.3645003860132,905.0000069971394,0.3645003860132192,6.997139394115948e-06,1.1313464030921228,2.7372551634957422e-06
encodec,12.0kbps,24000,20260826,905.0,440.0,742.1291061843534,440Hz_ongrid,3,440.1452078718685,742.8110453293629,439.9999989179634,742.129107356324,440.1452078718685,742.8110453293629,0.0,0.0,0,906.0188488846065,905.000006991371,1.018848884606541,6.991371037656791e-06,1.5900928384535562,2.7339653726185832e-06
encodec,12.0kbps,24000,20260826,905.0,440.0,742.1291061843534,440Hz_ongrid,4,440.1788449174871,742.8941535720472,439.99999890523793,742.129107354333,440.1788449174871,742.8941535720472,0.0,0.0,0,906.0802340723505,905.0000070367968,1.0802340723505495,7.036796773718379e-06,1.7837783956554747,2.7293209167436207e-06
encodec,12.0kbps,24000,20260826,905.0,452.8929,763.8750069869086,452.9Hz_+50c,0,451.4386903838323,759.618682822212,452.8929010502787,763.8750054127327,451.4386903838323,601.1543457997501,0.0,405.04792794051315,0,900.8943834517258,904.9999924175046,-4.105616548274156,-7.5824954137715395e-06,-9.673440118225537,-3.5676871101433343e-06
encodec,12.0kbps,24000,20260826,905.0,452.8929,763.8750069869086,452.9Hz_+50c,1,450.9360683498207,762.5693334003664,452.8929010418851,763.8750054120902,450.9360683498207,762.5693334003664,0.0,0.0,0,909.5347262446968,904.9999924481338,4.534726244696799,-7.551866247013095e-06,-2.961689544082682,-3.5691430674923196e-06
encodec,12.0kbps,24000,20260826,905.0,452.8929,763.8750069869086,452.9Hz_+50c,2,451.6339078984974,762.6079741215946,452.8929010482227,763.8750054113178,451.6339078984974,759.0545571346587,0.0,8.085639929252547,0,906.9453735259311,904.9999924221572,1.9453735259311316,-7.577842779937782e-06,-2.87396711082175,-3.570893676011734e-06
encodec,12.0kbps,24000,20260826,905.0,452.8929,763.8750069869086,452.9Hz_+50c,3,451.70966551139685,761.3458924955163,452.892901049203,763.8750054131905,451.70966551139685,758.7072477346294,0.0,6.010469135493239,0,903.7875112998325,904.9999924226543,-1.2124887001674551,-7.577345741083263e-06,-5.741454416246576,-3.5666493921595504e-06
encodec,12.0kbps,24000,20260826,905.0,452.8929,763.8750069869086,452.9Hz_+50c,4,451.46354200456665,761.3933871676317,452.8929010386749,763.8750054113751,451.46354200456665,758.7815792479952,0.0,5.948861610127794,0,904.8390630128848,904.9999924587846,-0.16093698711517845,-7.5412153819343075e-06,-5.633459049422972,-3.570763745032471e-06
encodec,12.0kbps,24000,20260826,910.0,440.0,744.2755571956747,440Hz_ongrid,0,440.1389375725175,744.4444053272862,439.99999891504905,744.2755558360063,440.1389375725175,744.4444053272862,0.0,0.0,0,909.8461266957693,910.0000011061945,-0.15387330423072854,1.106194531530491e-06,0.39270735017921254,-3.162678216821406e-06
encodec,12.0kbps,24000,20260826,910.0,440.0,744.2755571956747,440Hz_ongrid,1,440.167289397365,743.6207455402049,439.9999989155932,744.2755558351207,440.167289397365,743.6207455402049,0.0,0.0,0,907.8180988838328,910.0000011019936,-2.1819011161671824,1.101993575503002e-06,-1.5238055296975674,-3.164738276341244e-06
encodec,12.0kbps,24000,20260826,910.0,440.0,744.2755571956747,440Hz_ongrid,2,440.26974737678404,744.3437486564541,439.9999989144604,744.2755558347912,440.26974737678404,744.3437486564541,0.0,0.0,0,909.0975815864881,910.0000011056843,-0.9024184135118958,1.1056843050027965e-06,0.15861057071510154,-3.1655046000308872e-06
encodec,12.0kbps,24000,20260826,910.0,440.0,744.2755571956747,440Hz_ongrid,3,440.10915308589836,744.1838315111652,439.9999989059421,744.2755558357732,440.10915308589836,744.1838315111652,0.0,0.0,0,909.3572038954973,910.0000011414845,-0.6427961045027359,1.1414845175750088e-06,-0.21337314219326894,-3.163220620998023e-06
encodec,12.0kbps,24000,20260826,910.0,440.0,744.2755571956747,440Hz_ongrid,4,440.3515097651635,743.9761074975776,439.9999989072832,744.2755558354652,440.3515097651635,743.9761074975776,0.0,0.0,0,907.920813895487,910.0000011354914,-2.0791861045130418,1.135491402237676e-06,-0.6966799132475486,-3.163936971234115e-06
encodec,12.0kbps,24000,20260826,910.0,452.8929,766.0843534033295,452.9Hz_+50c,0,451.5680414899179,764.373410252996,452.89290103987804,766.0843512650355,451.5680414899179,761.6192412315488,0.0,6.2491996399364025,0,911.2010474954716,909.9999911927301,1.2010474954715846,-8.807269864519185e-06,-3.870795185817133,-4.832219031456798e-06
encodec,12.0kbps,24000,20260826,910.0,452.8929,766.0843534033295,452.9Hz_+50c,1,451.29993855622433,765.0334967074162,452.8929010495009,766.0843512645719,451.29993855622433,762.1257186617113,0.0,6.59269890480379,0,913.7236019097804,909.999991154898,3.7236019097804274,-8.845102001941996e-06,-2.3764064643126566,-4.8332667441320605e-06
encodec,12.0kbps,24000,20260826,910.0,452.8929,766.0843534033295,452.9Hz_+50c,2,451.42717610240055,765.0234031080461,452.89290104147267,766.0843512642824,451.42717610240055,765.0234031080461,0.0,0.0,0,913.2127326068539,909.9999911849328,3.2127326068539332,-8.81506718997116e-06,-2.3992479454491975,-4.833920819757435e-06
encodec,12.0kbps,24000,20260826,910.0,452.8929,766.0843534033295,452.9Hz_+50c,3,450.9251933949635,764.4041303221125,452.8929010383195,766.0843512642527,450.9251933949635,761.3975950957795,0.0,6.822672701699166,0,913.7369489160211,909.9999911969189,3.736948916021106,-8.803081072983332e-06,-3.8012185100225406,-4.833987899508612e-06
encodec,12.0kbps,24000,20260826,910.0,452.8929,766.0843534033295,452.9Hz_+50c,4,450.8493086002167,764.2646559141843,452.892901050256,766.0843512653796,450.8493086002167,761.6939799692495,0.0,5.832983713225117,0,913.7124048404862,909.9999911538368,3.712404840486215,-8.84616315488529e-06,-4.117131082873726,-4.831441367636561e-06
encodec,12.0kbps,24000,20260826,915.0,440.0,746.4282163612181,440Hz_ongrid,0,440.18487429036196,745.5531343026306,439.9999989178996,746.4282165965678,440.18487429036196,745.5531343026306,0.0,0.0,0,912.2419231804188,915.0000048035172,-2.7580768195812198,4.803517185791861e-06,-2.0308189892611153,5.458600320522023e-07
encodec,12.0kbps,24000,20260826,915.0,440.0,746.4282163612181,440Hz_ongrid,1,440.3147087667845,745.4516673660727,439.9999989147915,746.428216596496,440.3147087667845,745.4516673660727,0.0,0.0,0,911.4957329471698,915.0000048155797,-3.504267052830187,4.815579700334638e-06,-2.266449371535108,5.456935820111165e-07
encodec,12.0kbps,24000,20260826,915.0,440.0,746.4282163612181,440Hz_ongrid,2,440.18688504142347,745.2762379448681,439.99999891091716,746.4282165947956,440.18688504142347,745.2762379448681,0.0,0.0,0,911.5909200405454,915.0000048268798,-3.4090799594546297,4.826879830943653e-06,-2.673913922936479,5.417495233008583e-07
encodec,12.0kbps,24000,20260826,915.0,440.0,746.4282163612181,440Hz_ongrid,3,440.1665061974624,745.6469158371123,439.99999891756715,746.4282165953904,440.1665061974624,745.6469158371123,0.0,0.0,0,912.5319203858761,915.0000048020943,-2.4680796141238943,4.8020942813309375e-06,-1.8130644554317206,5.431291750270891e-07
encodec,12.0kbps,24000,20260826,915.0,440.0,746.4282163612181,440Hz_ongrid,4,440.2825445246291,744.9593416247251,439.9999989141342,746.4282165954723,440.2825445246291,744.9593416247251,0.0,0.0,0,910.4784481595699,915.0000048157916,-4.5215518404301065,4.815791612600151e-06,-3.4102024873035557,5.433194585613559e-07
encodec,12.0kbps,24000,20260826,915.0,452.8929,768.3000898855898,452.9Hz_+50c,0,451.38574201124464,771.8430572356718,452.8929010512388,768.300086720329,451.38574201124464,770.0291131506152,0.0,4.07344171880483,0,928.736013823396,914.9999888491425,13.736013823395979,-1.1150857517350232e-05,7.965125244828791,-7.1323788957084066e-06
encodec,12.0kbps,24000,20260826,915.0,452.8929,768.3000898855898,452.9Hz_+50c,1,451.01810254851824,773.1601134251772,452.8929010431531,768.3000867216064,451.01810254851824,772.9892693452955,0.0,0.3825905732944858,0,933.0982464431643,914.9999888829295,18.09824644316427,-1.1117070471300394e-05,10.916747759814617,-7.129500616982873e-06
encodec,12.0kbps,24000,20260826,915.0,452.8929,768.3000898855898,452.9Hz_+50c,2,451.7451304278282,773.5806561832916,452.8929010460769,768.3000867203625,451.7451304278282,772.4925258753606,0.0,2.4368944132953643,0,931.251204217439,914.99998886895,16.251204217438953,-1.1131049973300833e-05,11.858156914058986,-7.132303358911135e-06
encodec,12.0kbps,24000,20260826,915.0,452.8929,768.3000898855898,452.9Hz_+50c,3,451.10182223199035,774.6663129567427,452.89290103619913,768.3000867196856,451.10182223199035,773.1746939974103,0.0,3.3367023078111053,0,936.146268388657,914.9999889051837,21.14626838865695,-1.1094816272816388e-05,14.286098085356722,-7.133828702481476e-06
encodec,12.0kbps,24000,20260826,915.0,452.8929,768.3000898855898,452.9Hz_+50c,4,451.31403425635,771.2169251366483,452.89290103637,768.3000867216167,451.31403425635,764.5090829108599,0.0,15.123685667763645,0,927.6060856831843,914.9999889088817,12.606085683184347,-1.109111826735898e-05,6.5601490534696385,-7.129477360106359e-06
encodec,12.0kbps,24000,20260826,920.0,440.0,748.587101636753,440Hz_ongrid,0,440.1196767989448,746.811360156135,439.99999891165317,748.5871030766186,440.1196767989448,746.811360156135,0.0,0.0,0,915.4176004858621,920.0000076121665,-4.582399514137933,7.612166541548504e-06,-4.111580474511089,3.329932247852242e-06
encodec,12.0kbps,24000,20260826,920.0,440.0,748.587101636753,440Hz_ongrid,1,440.2152100216245,745.972230602805,439.9999989094373,748.5871030803635,440.2152100216245,745.972230602805,0.0,0.0,0,913.0955194903032,920.0000076295457,-6.904480509696782,7.62954573474417e-06,-6.057917259439788,3.3385930317312756e-06
encodec,12.0kbps,24000,20260826,920.0,440.0,748.587101636753,440Hz_ongrid,2,440.1931324058001,746.2661593938616,439.9999989100883,748.5871030798661,440.1931324058001,746.2661593938616,0.0,0.0,0,913.864354664136,920.0000076258339,-6.1356453358639556,7.625833859492559e-06,-5.375908887224923,3.337442489070384e-06
encodec,12.0kbps,24000,20260826,920.0,440.0,748.587101636753,440Hz_ongrid,3,440.17842619760916,746.2153328108834,439.99999890887995,748.587103077598,440.17842619760916,746.2153328108834,0.0,0.0,0,913.8042789827805,920.0000076253432,-6.195721017219512,7.6253431871009525e-06,-5.493823530110829,3.332197582934321e-06
encodec,12.0kbps,24000,20260826,920.0,440.0,748.587101636753,440Hz_ongrid,4,440.1690535194475,746.4337769470321,439.99999891508844,748.5871030780004,440.1690535194475,746.4337769470321,0.0,0.0,0,914.3478628500641,920.0000076018456,-5.652137149935925,7.601845595672785e-06,-4.9871030603805835,3.333127857989238e-06
encodec,12.0kbps,24000,20260826,920.0,452.8929,770.5222349155996,452.9Hz_+50c,0,451.4644705016193,776.4446480540544,452.8929010472069,770.5222376289815,451.4644705016193,776.0401956991055,0.0,0.9020399867620882,0,938.7247506413981,920.0000020934474,18.724750641398145,2.0934473923261976e-06,13.255789097071133,6.096513366114768e-06
encodec,12.0kbps,24000,20260826,920.0,452.8929,770.5222349155996,452.9Hz_+50c,1,451.4210527028386,776.0993081647042,452.8929010466724,770.5222376275108,451.4210527028386,775.4768907882021,0.0,1.3889749191295542,0,938.121079591765,920.0000020921858,18.12107959176501,2.092185809488001e-06,12.48561549598324,6.0932089676191866e-06
encodec,12.0kbps,24000,20260826,920.0,452.8929,770.5222349155996,452.9Hz_+50c,2,451.32335907522855,777.1537626798076,452.89290103416124,770.5222376291179,451.32335907522855,776.1279500653044,0.0,2.286670820634354,0,940.846343361413,920.0000021436223,20.846343361413005,2.1436222823467688e-06,14.836176231308515,6.096819741824514e-06
encodec,12.0kbps,24000,20260826,920.0,452.8929,770.5222349155996,452.9Hz_+50c,3,451.4918241979008,777.3953288334469,452.8929010355203,770.5222376282095,451.4918241979008,776.3532318149213,0.0,2.3222729302721654,0,940.7382910845809,920.0000021363861,20.73829108458085,2.136386115125788e-06,15.374219778381622,6.09477890287465e-06
encodec,12.0kbps,24000,20260826,920.0,452.8929,770.5222349155996,452.9Hz_+50c,4,451.0731396682968,775.5570785171733,452.8929010519539,770.5222376302662,451.0731396682968,775.0201008954419,0.0,1.19908120902929,0,938.2459000124948,920.0000020781878,18.245900012494758,2.0781877765330137e-06,11.27564855422007,6.099399909658659e-06
encodec,12.0kbps,24000,20260826,925.0,440.0,750.7522310299817,440Hz_ongrid,0,440.19893547153646,747.7540298637725,439.9999989129471,750.7522330496771,440.19893547153646,747.7540298637725,0.0,0.0,0,917.2897489067967,925.0000089345592,-7.710251093203283,8.934559218687355e-06,-6.92769193782143,4.657415914564217e-06
encodec,12.0kbps,24000,20260826,925.0,440.0,750.7522310299817,440Hz_ongrid,1,440.19011144894654,747.3363208543021,439.999998913055,750.7522330507696,440.19011144894654,747.3363208543021,0.0,0.0,0,916.3570836983642,925.0000089366541,-8.64291630163575,8.93665412604605e-06,-7.89506100453425,4.659935345434158e-06
encodec,12.0kbps,24000,20260826,925.0,440.0,750.7522310299817,440Hz_ongrid,2,440.1307884744051,747.5273303803982,439.99999891118824,750.7522330524313,440.1307884744051,747.5273303803982,0.0,0.0,0,917.0328367045564,925.0000089478308,-7.967163295443584,8.9478307927493e-06,-7.452636443872631,4.663767156070642e-06
encodec,12.0kbps,24000,20260826,925.0,440.0,750.7522310299817,440Hz_ongrid,3,440.1624798948194,747.8623259890616,439.9999989105494,750.7522330507596,440.1624798948194,747.8623259890616,0.0,0.0,0,917.6838429124414,925.0000089464896,-7.316157087558622,8.946489629124699e-06,-6.676977990924012,4.6599122807633915e-06
encodec,12.0kbps,24000,20260826,925.0,440.0,750.7522310299817,440Hz_ongrid,4,440.20417888615424,747.6597872349146,439.99999891755306,750.7522330499024,440.20417888615424,747.6597872349146,0.0,0.0,0,917.0509189337671,925.0000089169562,-7.949081066232907,8.916956176108215e-06,-7.1459004982918755,4.657935638478797e-06
encodec,12.0kbps,24000,20260826,925.0,452.8929,772.7508070287236,452.9Hz_+50c,0,451.3440519672445,779.2140699068326,452.89290105038253,772.750808441082,451.3440519672445,779.0179246829166,0.0,0.43584433277938417,0,945.3505593044608,924.999999148975,20.35055930446083,-8.510249926985125e-07,14.419766346503911,3.1641802977286102e-06
encodec,12.0kbps,24000,20260826,925.0,452.8929,772.7508070287236,452.9Hz_+50c,1,451.09246271101114,778.3438275215186,452.89290104255207,772.7508084404927,451.09246271101114,778.1826452921227,0.0,0.35854727755154386,0,944.3812984363087,924.9999991775878,19.381298436308725,-8.224121756938985e-07,12.485207884624918,3.16286022973733e-06
encodec,12.0kbps,24000,20260826,925.0,452.8929,772.7508070287236,452.9Hz_+50c,2,450.91383968421985,777.9779646507309,452.89290104216036,772.7508084407478,450.91383968421985,777.8564099427543,0.0,0.27051677625589615,0,944.2530029643846,924.9999991796567,19.253002964384564,-8.203433026210405e-07,11.67124476459331,3.1634318491616265e-06
encodec,12.0kbps,24000,20260826,925.0,452.8929,772.7508070287236,452.9Hz_+50c,3,451.55874038496495,777.9868633057112,452.8929010468847,772.7508084409947,451.55874038496495,777.9868633057112,0.0,0.0,0,941.7985487066558,924.9999991621504,16.798548706655765,-8.37849597701279e-07,11.691046824660866,3.163984632438115e-06
encodec,12.0kbps,24000,20260826,925.0,452.8929,772.7508070287236,452.9Hz_+50c,4,451.4085312848167,778.1887463807988,452.89290103616605,772.7508084403488,451.4085312848167,778.0083783138252,0.0,0.40131077914486923,0,942.8237190846488,924.9999992016766,17.823719084648815,-7.983234127095784e-07,12.140233733011197,3.1625377087575153e-06
encodec,12.0kbps,24000,20260826,930.0,440.0,752.92362260069,440Hz_ongrid,0,440.2801753787459,748.9998246114167,439.9999989128322,752.9236201581865,440.2801753787459,748.9998246114167,0.0,0.0,0,919.8521949141399,929.9999986614279,-10.147805085860114,-1.33857213313604e-06,-9.045771471243784,-5.616167590277865e-06
encodec,12.0kbps,24000,20260826,930.0,440.0,752.92362260069,440Hz_ongrid,1,440.1567077821211,748.6219044684302,439.9999989045219,752.9236201573987,440.1567077821211,748.6219044684302,0.0,0.0,0,919.4640093079345,929.9999986923143,-10.535990692065525,-1.3076856930638314e-06,-9.919514447256843,-5.61797912797165e-06
encodec,12.0kbps,24000,20260826,930.0,440.0,752.92362260069,440Hz_ongrid,2,440.2111826831489,748.928929461111,439.999998908368,752.9236201583434,440.2111826831489,748.928929461111,0.0,0.0,0,919.9596292483989,929.9999986793537,-10.040370751601131,-1.3206463336246088e-06,-9.209645885004527,-5.615806820383835e-06
encodec,12.0kbps,24000,20260826,930.0,440.0,752.92362260069,440Hz_ongrid,3,440.16293238853444,747.9988760537332,439.99999891379383,752.9236201570334,440.16293238853444,747.9988760537332,0.0,0.0,0,917.9981354473229,929.9999986549929,-12.001864552677148,-1.3450071492115967e-06,-11.36090572205914,-5.618819066403675e-06
encodec,12.0kbps,24000,20260826,930.0,440.0,752.92362260069,440Hz_ongrid,4,440.3066645238752,749.5506473165309,439.9999989067404,752.9236201577589,440.3066645238752,749.5506473165309,0.0,0.0,0,921.020740206345,929.9999986844134,-8.979259793655046,-1.3155865872249706e-06,-7.7730708409975025,-5.6171507218750744e-06
encodec,12.0kbps,24000,20260826,930.0,452.8929,774.9858248139365,452.9Hz_+50c,0,451.1986567434006,779.7923089835987,452.8929010397751,774.9858254321497,451.1986567434006,779.7923089835987,0.0,0.0,0,947.1925835108711,929.9999974063641,17.192583510871145,-2.5936359406841802e-06,10.704003842460251,1.3810209987369728e-06
encodec,12.0kbps,24000,20260826,930.0,452.8929,774.9858248139365,452.9Hz_+50c,1,451.30704730932536,780.036248195822,452.89290105189275,774.9858254310027,451.30704730932536,780.036248195822,0.0,0.0,0,947.3182326229281,929.9999973574808,17.31823262292812,-2.642519234541396e-06,11.245493958925717,1.3784588982212636e-06
encodec,12.0kbps,24000,20260826,930.0,452.8929,774.9858248139365,452.9Hz_+50c,2,450.5553003107711,781.076561913081,452.8929010473037,774.9858254328682,450.5553003107711,781.076561913081,0.0,0.0,0,952.511734966038,929.9999973791901,22.511734966038034,-2.6208099370705895e-06,13.552856737536995,1.3826262998252834e-06
encodec,12.0kbps,24000,20260826,930.0,452.8929,774.9858248139365,452.9Hz_+50c,3,451.4652876078749,779.2228797823093,452.8929010401704,774.9858254321142,451.4652876078749,779.2228797823093,0.0,0.0,0,944.9051679323587,929.9999974047737,14.905167932358722,-2.595226305857068e-06,9.439339748425999,1.3809418100338619e-06
encodec,12.0kbps,24000,20260826,930.0,452.8929,774.9858248139365,452.9Hz_+50c,4,451.89406673680224,780.8749577991285,452.8929010378687,774.9858254316487,451.89406673680224,780.8749577991285,0.0,0.0,0,946.9283183252032,929.9999974125324,16.928318325203236,-2.5874676339299185e-06,13.105949257964381,1.3799019777915527e-06
encodec,12.0kbps,24000,20260826,935.0,440.0,755.1012944608979,440Hz_ongrid,0,440.312057852742,750.3207732874529,439.99999890842645,755.1012924842736,440.312057852742,750.3207732874529,0.0,0.0,0,922.7773780239135,934.999999763089,-12.222621976086543,-2.3691097794653615e-07,-10.995227218158538,-4.531841287468266e-06
encodec,12.0kbps,24000,20260826,935.0,440.0,755.1012944608979,440Hz_ongrid,1,440.33956868538445,750.2940885204257,439.99999891017006,755.1012924847963,440.33956868538445,750.2940885204257,0.0,0.0,0,922.6076418366794,934.999999757427,-12.392358163320637,-2.425730372124235e-07,-11.056798749201564,-4.5306428856100525e-06
encodec,12.0kbps,24000,20260826,935.0,440.0,755.1012944608979,440Hz_ongrid,2,440.239996254625,750.9725904707348,439.99999891593956,755.1012924833884,440.239996254625,750.9725904707348,0.0,0.0,0,924.5640368273089,934.9999997314984,-10.435963172691118,-2.685015942915925e-07,-9.49192586532344,-4.533870786300807e-06
encodec,12.0kbps,24000,20260826,935.0,440.0,755.1012944608979,440Hz_ongrid,3,440.1808597985231,750.9948110051603,439.9999989065875,755.1012924833766,440.1808597985231,750.9948110051603,0.0,0.0,0,924.8478299949328,934.999999768268,-10.152170005067205,-2.3173197405412793e-07,-9.44070112402624,-4.5338978872891e-06
encodec,12.0kbps,24000,20260826,935.0,440.0,755.1012944608979,440Hz_ongrid,4,440.17140633472246,750.132008321226,439.99999891595877,755.1012924820021,440.17140633472246,750.132008321226,0.0,0.0,0,922.8948878672542,934.9999997282443,-12.10511213274583,-2.717556526476983e-07,-11.430824182665082,-4.5370490979491585e-06
encodec,12.0kbps,24000,20260826,935.0,452.8929,777.2273069139771,452.9Hz_+50c,0,450.87885760370153,781.1809567748514,452.8929010482504,777.227305556791,450.87885760370153,781.1809567748514,0.0,0.0,0,951.500302783554,934.9999929698821,16.500302783554048,-7.0301178993759095e-06,8.784229526404104,-3.0230627667079753e-06
encodec,12.0kbps,24000,20260826,935.0,452.8929,777.2273069139771,452.9Hz_+50c,1,451.16957556821507,781.5119625609018,452.8929010413364,777.2273055566741,451.16957556821507,781.5119625609018,0.0,0.0,0,951.1178078021438,934.9999929960512,16.11780780214383,-7.0039487809481216e-06,9.517641047923611,-3.0233232052831904e-06
encodec,12.0kbps,24000,20260826,935.0,452.8929,777.2273069139771,452.9Hz_+50c,2,451.3075095158423,781.8277524693074,452.89290104344013,777.227305556872,451.3075095158423,781.8277524693074,0.0,0.0,0,951.288014792682,934.9999929884506,16.28801479268202,-7.011549428170838e-06,10.217049172674672,-3.022882285658435e-06
encodec,12.0kbps,24000,20260826,935.0,452.8929,777.2273069139771,452.9Hz_+50c,3,451.6753993483542,781.4441780091084,452.8929010444537,777.2273055559499,451.6753993483542,781.4441780091084,0.0,0.0,0,949.0277757756703,934.999992982522,14.027775775670307,-7.017477969384345e-06,9.367475702789669,-3.0249361945992087e-06
encodec,12.0kbps,24000,20260826,935.0,452.8929,777.2273069139771,452.9Hz_+50c,4,451.1716926633526,782.1212434631644,452.8929010344727,777.2273055561936,451.1716926633526,782.1212434631644,0.0,0.0,0,952.4588596906875,934.9999930212184,17.458859690687518,-6.978781584621174e-06,10.866816663744478,-3.0243932138058634e-06
encodec,12.0kbps,24000,20260826,940.0,440.0,757.2852647750104,440Hz_ongrid,0,440.2106270173237,751.7033120307298,439.9999989175373,757.2852630611231,440.2106270173237,751.7033120307298,0.0,0.0,0,926.3632644177752,940.0000003409552,-13.636735582224787,3.4095523915311787e-07,-12.808196003602148,-3.918127298724946e-06
encodec,12.0kbps,24000,20260826,940.0,440.0,757.2852647750104,440Hz_ongrid,1,440.2278246120521,751.9390489966754,439.99999891937733,757.2852630608784,440.2278246120521,751.9390489966754,0.0,0.0,0,926.8384684158588,940.0000003331558,-13.161531584141244,3.331557536512264e-07,-12.265359653695596,-3.918686809199369e-06
encodec,12.0kbps,24000,20260826,940.0,440.0,757.2852647750104,440Hz_ongrid,2,440.1352983796198,752.3794987727211,439.99999890866866,757.2852630607357,440.1352983796198,752.3794987727211,0.0,0.0,0,928.2161509479967,940.0000003749643,-11.783849052003347,3.7496431559702614e-07,-11.251582788264775,-3.919012982086726e-06
encodec,12.0kbps,24000,20260826,940.0,440.0,757.2852647750104,440Hz_ongrid,3,440.17699169184806,751.6920982484153,439.99999891591114,757.2852630629397,440.17699169184806,751.6920982484153,0.0,0.0,0,926.4697220216306,940.0000003515065,-13.53027797836944,3.5150651456206106e-07,-12.83402245169324,-3.913974312527476e-06
encodec,12.0kbps,24000,20260826,940.0,440.0,757.2852647750104,440Hz_ongrid,4,440.14638825410947,751.7833411592355,439.99999890539374,757.2852630624386,440.14638825410947,751.7833411592355,0.0,0.0,0,926.800221022868,940.0000003917429,-13.199778977132041,3.9174290122900857e-07,-12.623892202802514,-3.915119857847831e-06
encodec,12.0kbps,24000,20260826,940.0,452.8929,779.4752720255053,452.9Hz_+50c,0,450.7165624264605,782.2529261955588,452.89290104218975,779.475270034998,450.7165624264605,782.2529261955588,0.0,0.0,0,954.4976215685875,939.999991595146,14.497621568587533,-8.404854042964871e-06,6.1582733177281135,-4.4209665314300915e-06
encodec,12.0kbps,24000,20260826,940.0,452.8929,779.4752720255053,452.9Hz_+50c,1,451.560750039491,781.9389588889494,452.8929010390916,779.4752700351897,451.560750039491,781.9389588889494,0.0,0.0,0,950.563077781078,939.9999916074148,10.56307778107805,-8.39258518681163e-06,5.46328070975148,-4.4205406038410566e-06
encodec,12.0kbps,24000,20260826,940.0,452.8929,779.4752720255053,452.9Hz_+50c,2,451.02427458968833,783.021079617597,452.89290104904376,779.4752700333815,451.02427458968833,783.021079617597,0.0,0.0,0,955.0152765144779,939.9999915653558,15.015276514477932,-8.43464420086093e-06,7.857469063595455,-4.424556739659149e-06
encodec,12.0kbps,24000,20260826,940.0,452.8929,779.4752720255053,452.9Hz_+50c,3,451.4455396893881,782.1460716472012,452.892901046251,779.4752700351476,451.4455396893881,782.1460716472012,0.0,0.0,0,951.4633304403328,939.9999915799538,11.463330440332811,-8.420046242463286e-06,5.921773252262976,-4.420634400169328e-06
encodec,12.0kbps,24000,20260826,940.0,452.8929,779.4752720255053,452.9Hz_+50c,4,451.7298602175488,782.4801804501022,452.89290103829325,779.475270035433,451.7298602175488,782.4801804501022,0.0,0.0,0,951.1127141079933,939.999991611007,11.11271410799327,-8.38899302380014e-06,6.661145410554976,-4.420000313925543e-06
encodec,12.0kbps,24000,20260826,945.0,440.0,759.4755517599697,440Hz_ongrid,0,440.1458400364805,754.0421257635081,439.9999989092827,759.4755503588492,440.1458400364805,754.0421257635081,0.0,0.0,0,931.9961900794004,945.0000010976897,-13.003809920599565,1.0976897328873747e-06,-12.430079459810708,-3.1938716465281004e-06
encodec,12.0kbps,24000,20260826,945.0,440.0,759.4755517599697,440Hz_ongrid,1,440.1246732796172,754.151390496545,439.99999891468696,759.4755503580903,440.1246732796172,754.151390496545,0.0,0.0,0,932.330294580867,945.000001074696,-12.669705419133038,1.0746960015239893e-06,-12.179232569823089,-3.195601496843352e-06
encodec,12.0kbps,24000,20260826,945.0,440.0,759.4755517599697,440Hz_ongrid,2,440.17411394700343,753.6081737708809,439.99999890386374,759.4755503603374,440.17411394700343,753.6081737708809,0.0,0.0,0,930.8883696191986,945.0000011224033,-14.111630380801444,1.1224033187318128e-06,-13.426693178888447,-3.1904794100598952e-06
encodec,12.0kbps,24000,20260826,945.0,440.0,759.4755517599697,440Hz_ongrid,3,440.1154995050831,753.4804105600923,439.99999891773956,759.475550358854,440.1154995050831,753.4804105600923,0.0,0.0,0,930.8253892468073,945.000001064426,-14.174610753192724,1.0644259873515693e-06,-13.720223398100087,-3.1938608830150273e-06
encodec,12.0kbps,24000,20260826,945.0,440.0,759.4755517599697,440Hz_ongrid,4,440.15309283302423,752.9623317849673,439.9999989216807,759.4755503591434,440.15309283302423,752.9623317849673,0.0,0.0,0,929.4867458405099,945.0000010495789,-15.513254159490089,1.0495789410924772e-06,-14.91099637040629,-3.193201041222554e-06
encodec,12.0kbps,24000,20260826,945.0,452.8929,781.7297388992563,452.9Hz_+50c,0,451.34625139744793,784.6869709695745,452.8929010418963,781.7297403465498,451.34625139744793,784.6869709695745,0.0,0.0,0,957.4591445032352,944.9999992224388,12.459144503235166,-7.775612402838306e-07,6.5367879457631,3.2052046588315996e-06
encodec,12.0kbps,24000,20260826,945.0,452.8929,781.7297388992563,452.9Hz_+50c,1,451.739266972765,783.9085806742354,452.89290104940386,781.7297403473965,451.739266972765,783.9085806742354,0.0,0.0,0,954.2341118540558,944.9999991956156,9.234111854055755,-8.043843990890309e-07,4.81859374082011,3.2070798165663997e-06
encodec,12.0kbps,24000,20260826,945.0,452.8929,781.7297388992563,452.9Hz_+50c,2,451.2545529171492,783.6981052193735,452.89290104304206,781.7297403472112,451.2545529171492,783.6981052193735,0.0,0.0,0,955.6278250333863,944.9999992195239,10.62782503338633,-7.804760571161751e-07,4.353703817322991,3.206669265426431e-06
encodec,12.0kbps,24000,20260826,945.0,452.8929,781.7297388992563,452.9Hz_+50c,3,451.4822255491933,784.5961725367462,452.8929010534609,781.729740346484,451.4822255491933,784.5961725367462,0.0,0.0,0,956.7373276555178,944.9999991780863,11.737327655517788,-8.219136589104892e-07,6.336450180917874,3.205058966994475e-06
encodec,12.0kbps,24000,20260826,945.0,452.8929,781.7297388992563,452.9Hz_+50c,4,451.3173625569115,784.4065211943755,452.892901042374,781.7297403473046,451.3173625569115,784.4065211943755,0.0,0.0,0,956.9510978126708,944.9999992222846,11.95109781267081,-7.777153996357811e-07,5.9179284482602394,3.206876463052314e-06
encodec,12.0kbps,24000,20260826,950.0,440.0,761.6721736854058,440Hz_ongrid,0,440.1820164754714,755.8221092948118,439.9999989151959,761.6721723123575,440.1820164754714,756.8992232136045,0.0,-2.465406636375304,0,935.9358184929771,950.0000011474405,-14.064181507022909,1.1474404573164065e-06,-13.34816341435407,-3.1208544725172886e-06
encodec,12.0kbps,24000,20260826,950.0,440.0,761.6721736854058,440Hz_ongrid,1,440.25680978945746,754.9141065308569,439.99999891037487,761.6721723099527,440.25680978945746,754.9141065308569,0.0,0.0,0,933.5606228304548,950.0000011609432,-16.439377169545196,1.1609431567194406e-06,-15.429222270856721,-3.1263206073076707e-06
encodec,12.0kbps,24000,20260826,950.0,440.0,761.6721736854058,440Hz_ongrid,2,440.19938586969494,755.486631789499,439.9999989169424,761.6721723088828,440.19938586969494,756.9551341114312,0.0,-3.361877563946671,0,935.0989138397193,950.0000011326707,-14.90108616028067,1.132670718106965e-06,-14.116755659795757,-3.1287523924396394e-06
encodec,12.0kbps,24000,20260826,950.0,440.0,761.6721736854058,440Hz_ongrid,3,440.27348959877327,755.5767706670129,439.9999989108201,761.6721723093527,440.27348959877327,757.0393964085988,0.0,-3.3480380934340848,0,935.0140454709424,950.0000011578278,-14.985954529057608,1.1578277963053552e-06,-13.910210396601652,-3.127684113767217e-06
encodec,12.0kbps,24000,20260826,950.0,440.0,761.6721736854058,440Hz_ongrid,4,440.2665703982783,755.218509055487,439.99999891335756,761.672172311315,440.2665703982783,756.8898568057801,0.0,-3.8271004602604473,0,934.2201827255118,950.000001152304,-15.77981727448821,1.1523039802341373e-06,-14.731280888808788,-3.123224175243494e-06
encodec,12.0kbps,24000,20260826,950.0,452.8929,783.990726340198,452.9Hz_+50c,0,451.12232215981174,785.6174987518601,452.8929010478519,783.9907253400673,451.12232215981174,785.6174987518601,0.0,0.0,0,960.3700680600839,949.9999937859467,10.370068060083895,-6.21405331457936e-06,3.5885703865836307,-2.2085212296362847e-06
encodec,12.0kbps,24000,20260826,950.0,452.8929,783.990726340198,452.9Hz_+50c,1,450.78770713224327,785.2805314289545,452.8929010499496,783.9907253416342,450.78770713224327,785.2805314289545,0.0,0.0,0,960.9119475905475,949.999993781388,10.91194759054747,-6.218612043085159e-06,2.845849598121436,-2.205061336802164e-06
encodec,12.0kbps,24000,20260826,950.0,452.8929,783.990726340198,452.9Hz_+50c,2,451.54940257886057,785.4869903839747,452.89290103435724,783.9907253410518,451.54940257886057,785.4869903839747,0.0,0.0,0,958.444252922984,949.9999938397054,8.444252922983992,-6.160294560686452e-06,3.300950394083414,-2.206347384408024e-06
encodec,12.0kbps,24000,20260826,950.0,452.8929,783.990726340198,452.9Hz_+50c,3,451.60714432879314,785.2823746652377,452.8929010352218,783.9907253406769,451.60714432879314,785.2823746652377,0.0,0.0,0,957.7718488291441,949.9999938355727,7.771848829144119,-6.1644273046113085e-06,2.8499132028351446,-2.207175213886195e-06
encodec,12.0kbps,24000,20260826,950.0,452.8929,783.990726340198,452.9Hz_+50c,4,450.9129663308745,785.2903935677992,452.8929010465162,783.990725341569,450.9129663308745,785.2903935677992,0.0,0.0,0,960.4527029375964,949.9999937943687,10.452702937596428,-6.205631279954105e-06,2.867591590531132,-2.2052051065838384e-06
encodec,12.0kbps,24000,20260826,955.0,440.0,763.8751488737905,440Hz_ongrid,0,440.28912312394283,759.5586774688854,439.9999989112354,763.8751472922888,440.28912312394283,758.3074784327614,0.0,2.8541632023314913,0,944.052258871283,955.0000006995884,-10.947741128716984,6.995884405114339e-07,-9.8105242725904,-3.584289444650419e-06
encodec,12.0kbps,24000,20260826,955.0,440.0,763.8751488737905,440Hz_ongrid,1,440.35702193828723,759.3540602966929,439.99999891847574,763.8751472919856,440.35702193828723,599.989078252016,0.0,407.80377795664407,0,943.318859466746,955.0000006704132,-11.681140533254052,6.70413214720611e-07,-10.276963468020982,-3.58497657963691e-06
encodec,12.0kbps,24000,20260826,955.0,440.0,763.8751488737905,440Hz_ongrid,2,440.20492092249964,761.4801643094503,439.99999891642034,763.8751472914511,440.20492092249964,761.4801643094503,0.0,0.0,0,948.7574206238983,955.000000677289,-6.24257937610173,6.772889946660143e-07,-5.436480531674963,-3.586188051474632e-06
encodec,12.0kbps,24000,20260826,955.0,440.0,763.8751488737905,440Hz_ongrid,3,440.1785754658456,761.1830572634937,439.9999989114165,763.875147292503,440.1785754658456,758.6453927971003,0.0,5.781304083185747,0,948.1854267556892,955.0000006993613,-6.81457324431085,6.993612942096661e-07,-6.112088681156981,-3.583803933328496e-06
encodec,12.0kbps,24000,20260826,955.0,440.0,763.8751488737905,440Hz_ongrid,4,440.11363354885435,757.1642298889914,439.9999989173794,763.8751472940135,440.11363354885435,601.1600655437705,0.0,399.42849706580375,0,939.2762319283486,955.0000006793229,-15.72376807165142,6.79322852192854e-07,-15.276720639394561,-3.5803807517594364e-06
encodec,12.0kbps,24000,20260826,955.0,452.8929,786.258253207688,452.9Hz_+50c,0,451.2356620055068,787.0922038253962,452.8929010424197,786.2582546819559,451.2356620055068,787.0922038253962,0.0,0.0,0,963.1818705885228,954.9999992613713,8.18187058852277,-7.386287279587123e-07,1.835273042152293,3.2461379144840186e-06
encodec,12.0kbps,24000,20260826,955.0,452.8929,786.258253207688,452.9Hz_+50c,1,451.3303816010441,786.9438558074248,452.89290104489896,786.2582546832823,451.3303816010441,786.9438558074248,0.0,0.0,0,962.4921757487956,954.9999992548146,7.492175748795603,-7.45185388950631e-07,1.508946159089733,3.2490586706276575e-06
encodec,12.0kbps,24000,20260826,955.0,452.8929,786.258253207688,452.9Hz_+50c,2,451.31139855469644,786.7463469808862,452.8929010459711,786.2582546818892,451.31139855469644,786.7463469808862,0.0,0.0,0,962.1304300270344,954.9999992476488,7.130430027034436,-7.523511840190622e-07,1.0743828547184004,3.245991069413359e-06
encodec,12.0kbps,24000,20260826,955.0,452.8929,786.258253207688,452.9Hz_+50c,3,451.15315682468,786.7241324074753,452.89290105274137,786.2582546838639,451.15315682468,786.7241324074753,0.0,0.0,0,962.6886691593915,954.9999992261168,7.688669159391452,-7.738832437098608e-07,1.0254990321354658,3.2503391442673593e-06
encodec,12.0kbps,24000,20260826,955.0,452.8929,786.258253207688,452.9Hz_+50c,4,451.1282126884027,787.4518845746603,452.8929010498973,786.2582546833756,451.1282126884027,787.4518845746603,0.0,0.0,0,964.3851136879058,954.9999992359133,9.3851136879058,-7.640867352165515e-07,2.6262214510772695,3.249263946197637e-06
encodec,12.0kbps,24000,20260826,960.0,440.0,766.0844957005893,440Hz_ongrid,0,440.14306696332955,764.8731478322575,439.99999891377115,766.0844935672189,440.14306696332955,761.6838059405297,0.0,7.233932932639406,0,956.6975490871137,959.9999994528094,-3.302450912886343,-5.471905524245813e-07,-2.739627868108941,-4.821091480985062e-06
encodec,12.0kbps,24000,20260826,960.0,440.0,766.0844957005893,440Hz_ongrid,1,440.10842615495415,764.9419777899614,439.9999989111603,766.0844935686979,440.10842615495415,764.9419777899614,0.0,0.0,0,956.9895931933531,959.9999994664245,-3.01040680664687,-5.335755304258782e-07,-2.583843336426015,-4.817749217967268e-06
encodec,12.0kbps,24000,20260826,960.0,440.0,766.0844957005893,440Hz_ongrid,2,440.2709782978458,765.5590540966977,439.99999891466484,766.084493567015,440.2709782978458,762.6661900546422,0.0,6.554309621663353,0,957.7463055429563,959.9999994488322,-2.253694457043707,-5.511677727554343e-07,-1.1878252368306579,-4.821552389991715e-06
encodec,12.0kbps,24000,20260826,960.0,440.0,766.0844957005893,440Hz_ongrid,3,440.1907744634465,763.5266483091027,439.99999890612514,766.0844935669045,440.1907744634465,761.2090214942326,0.0,5.263020501880555,0,953.4595209557571,959.9999994821832,-6.540479044242943,-5.178168294150964e-07,-5.790016163774681,-4.821802065054118e-06
encodec,12.0kbps,24000,20260826,960.0,440.0,766.0844957005893,440Hz_ongrid,4,440.1129646746611,764.8851897521422,439.9999989088654,766.0844935678957,440.1129646746611,762.26770930411,0.0,5.934540954633496,0,956.8432115742169,959.9999994736411,-3.156788425783134,-5.263589173409855e-07,-2.7123720837032153,-4.819561908893763e-06
encodec,12.0kbps,24000,20260826,960.0,452.8929,788.5323384156304,452.9Hz_+50c,0,451.2579135655185,789.2899916662974,452.89290104118487,788.5323391785689,451.2579135655185,789.2899916662974,0.0,0.0,0,967.9238680986631,959.999997694996,7.9238680986630925,-2.3050040454108967e-06,1.662639931948193,1.6750425027847683e-06
encodec,12.0kbps,24000,20260826,960.0,452.8929,788.5323384156304,452.9Hz_+50c,1,451.2190694586977,788.5506004012459,452.89290105155806,788.532339176939,451.2190694586977,788.5506004012459,0.0,0.0,0,966.4503525258376,959.9999976517649,6.450352525837616,-2.3482350570702692e-06,0.04009398684665688,1.6714640191093454e-06
encodec,12.0kbps,24000,20260826,960.0,452.8929,788.5323384156304,452.9Hz_+50c,2,450.991575228789,789.6089204657312,452.8929010468916,788.5323391769222,450.991575228789,789.6089204657312,0.0,0.0,0,969.6453660985087,959.999997669566,9.645366098508703,-2.3304339720198186e-06,2.362039241270073,1.671427115636057e-06
encodec,12.0kbps,24000,20260826,960.0,452.8929,788.5323384156304,452.9Hz_+50c,3,451.2672297771564,788.838083489978,452.892901047523,788.5323391770978,451.2672297771564,788.838083489978,0.0,0.0,0,966.8966248267213,959.999997667538,6.896624826721336,-2.3324620315179345e-06,0.6711375873707345,1.671812680049684e-06
encodec,12.0kbps,24000,20260826,960.0,452.8929,788.5323384156304,452.9Hz_+50c,4,451.56370132396574,788.5819660965379,452.89290104861936,788.5323391777636,451.56370132396574,788.5819660965379,0.0,0.0,0,965.1974370655661,959.9999976648088,5.197437065566078,-2.3351911977442796e-06,0.10895485602531593,1.6732742113563725e-06
encodec,12.0kbps,24000,20260826,965.0,440.0,768.3002325944143,440Hz_ongrid,0,440.1021402619244,775.0595165187674,439.9999989094881,768.3002294307712,440.1021402619244,773.8474072464849,0.0,2.7095821440638552,0,979.7624530894363,964.9999971620208,14.762453089436349,-2.837979195646767e-06,15.164289857985565,-7.128732371235564e-06
encodec,12.0kbps,24000,20260826,965.0,440.0,768.3002325944143,440Hz_ongrid,1,440.2437232790614,773.5370350334573,439.9999989154493,768.3002294302967,440.2437232790614,772.7064407096661,0.0,1.8599312917716846,0,975.8015169966898,964.9999971374966,10.80151699668977,-2.862503379219561e-06,11.76021068318804,-7.129801610938411e-06
encodec,12.0kbps,24000,20260826,965.0,440.0,768.3002325944143,440Hz_ongrid,2,440.3011532019522,772.6748938670903,439.99999891847307,768.3002294305167,440.3011532019522,771.0829763457403,0.0,3.5704858207591506,0,973.6450789021435,964.9999971260947,8.645078902143496,-2.873905259548337e-06,9.829597849205856,-7.129305912719168e-06
encodec,12.0kbps,24000,20260826,965.0,440.0,768.3002325944143,440Hz_ongrid,3,440.1365470792392,775.6673343307963,439.9999989148327,768.3002294309093,440.1365470792392,774.4022888057057,0.0,2.82579613226022,0,980.9842496621986,964.9999971413032,15.984249662198636,-2.858696802832128e-06,16.521427570696403,-7.128420998178111e-06
encodec,12.0kbps,24000,20260826,965.0,440.0,768.3002325944143,440Hz_ongrid,4,440.1872418219729,770.1998649172291,439.9999989060839,768.3002294313161,440.1872418219729,770.1998649172291,0.0,0.0,0,968.5386463897962,964.9999971766432,3.538646389796213,-2.8233567945790128e-06,4.275215626650082,-7.127504369714535e-06
encodec,12.0kbps,24000,20260826,965.0,452.8929,790.8130009326336,452.9Hz_+50c,0,451.4119819498557,791.1883101903323,452.892901039712,790.8129988929223,451.4119819498557,791.1883101903323,0.0,0.0,0,971.4916770597317,964.9999915602835,6.491677059731728,-8.439716452812718e-06,0.8214255872980102,-4.4653002885748885e-06
encodec,12.0kbps,24000,20260826,965.0,452.8929,790.8130009326336,452.9Hz_+50c,1,450.6822151586859,790.9549158892803,452.89290104067715,790.8129988904873,450.6822151586859,790.9549158892803,0.0,0.0,0,973.7819334304099,964.9999915512633,8.781933430409936,-8.448736707578064e-06,0.3106498786134845,-4.470631110633645e-06
encodec,12.0kbps,24000,20260826,965.0,452.8929,790.8130009326336,452.9Hz_+50c,2,451.83697705988584,791.4078954414592,452.8929010511644,790.812998891105,451.83697705988584,791.4078954414592,0.0,0.0,0,970.3429400576962,964.9999915125272,5.3429400576961825,-8.4874727690476e-06,1.3018430993712833,-4.469278752097303e-06
encodec,12.0kbps,24000,20260826,965.0,452.8929,790.8130009326336,452.9Hz_+50c,3,451.1321520378778,790.702860861391,452.89290105164594,790.8129988930914,451.1321520378778,790.702860861391,0.0,0.0,0,971.502641273276,964.9999915150349,6.502641273276026,-8.484965064781136e-06,-0.24113351805883357,-4.464930292812743e-06
encodec,12.0kbps,24000,20260826,965.0,452.8929,790.8130009326336,452.9Hz_+50c,4,451.01331388788077,790.9124525484887,452.8929010429117,790.8129988934677,451.01331388788077,790.9124525484887,0.0,0.0,0,972.4175841226746,964.999991549246,7.4175841226746115,-8.450753966826596e-06,0.2177040566061285,-4.4641064996508975e-06
encodec,12.0kbps,24000,20260826,970.0,440.0,770.522378037179,440Hz_ongrid,0,440.1267679338167,776.1779239286639,439.99999891447203,770.5223807274918,440.1267679338167,775.5312254978253,0.0,1.4430364197842018,0,982.1619399781757,970.0000103158233,12.161939978175724,1.0315823260498291e-05,12.660652147528634,6.044680131545954e-06
encodec,12.0kbps,24000,20260826,970.0,440.0,770.522378037179,440Hz_ongrid,1,440.2132275558532,777.0208854019739,439.99999890382435,770.5223807277587,440.2132275558532,776.4352313723995,0.0,1.3053529276553306,0,983.7010572168286,970.0000103583172,13.701057216828644,1.0358317240388715e-05,14.539824007775886,6.045279428574196e-06
encodec,12.0kbps,24000,20260826,970.0,440.0,770.522378037179,440Hz_ongrid,2,440.24462254241797,776.4242113022713,439.99999891213844,770.5223807273179,440.24462254241797,775.6917541202614,0.0,1.6339692849750485,0,982.2476692362065,970.0000103246141,12.247669236206548,1.0324614095225115e-05,13.209899222417292,6.044289185376794e-06
encodec,12.0kbps,24000,20260826,970.0,440.0,770.522378037179,440Hz_ongrid,3,440.1982824708712,776.2396352771059,439.9999989149288,770.5223807269114,440.1982824708712,775.9723667706028,0.0,0.5961870448930716,0,982.0183003857845,970.0000103127218,12.018300385784528,1.0312721769878408e-05,12.798291389057875,6.043375824415215e-06
encodec,12.0kbps,24000,20260826,970.0,440.0,770.522378037179,440Hz_ongrid,4,440.1706686739706,776.9114945372297,439.99999891557144,770.5223807278126,440.1706686739706,776.4055848659212,0.0,1.127713190441884,0,983.6246929052734,970.0000103122179,13.624692905273378,1.0312217909813626e-05,14.29607956630639,6.0454005180956175e-06
encodec,12.0kbps,24000,20260826,970.0,452.8929,793.1002597821689,452.9Hz_+50c,0,450.48274169557357,792.9235721323377,452.89290103976396,793.1002607648585,450.48274169557357,792.9235721323377,0.0,0.0,0,978.8519742037954,969.9999981704683,8.851974203795407,-1.8295316976946197e-06,-0.38572897903254477,2.1450828108156594e-06
encodec,12.0kbps,24000,20260826,970.0,452.8929,793.1002597821689,452.9Hz_+50c,1,451.2135707075016,792.8855512862071,452.8929010416289,793.1002607610692,451.2135707075016,792.8855512862071,0.0,0.0,0,975.9626122430225,969.9999981550678,5.962612243022477,-1.8449321714797406e-06,-0.4687439931802042,2.1368110510447983e-06
encodec,12.0kbps,24000,20260826,970.0,452.8929,793.1002597821689,452.9Hz_+50c,2,451.1354207281019,793.1783964517163,452.89290104023667,793.1002607617581,451.1354207281019,793.1783964517163,0.0,0.0,0,976.9017848536215,969.9999981618936,6.901784853621507,-1.8381064137429348e-06,0.17055372002745306,2.1383152519920724e-06
encodec,12.0kbps,24000,20260826,970.0,452.8929,793.1002597821689,452.9Hz_+50c,3,451.17200794555913,793.2916069119054,452.8929010495258,793.1002607613892,451.17200794555913,793.2916069119054,0.0,0.0,0,977.0084685861243,969.9999981255795,7.008468586124309,-1.8744204908216489e-06,0.4176353582646972,2.137509910570008e-06
encodec,12.0kbps,24000,20260826,970.0,452.8929,793.1002597821689,452.9Hz_+50c,4,450.80438526267903,793.4335031137196,452.892901048472,793.1002607609242,450.80438526267903,793.4335031137196,0.0,0.0,0,978.7293212036585,969.9999981285928,8.729321203658515,-1.8714072211878374e-06,0.7272737891645255,2.1364946806436717e-06
encodec,12.0kbps,24000,20260826,975.0,440.0,772.7509505642518,440Hz_ongrid,0,440.26460421440373,778.963443921003,439.9999989123063,772.7509519673574,440.26460421440373,778.809468812785,0.0,0.3422410914258852,0,987.8217171774312,975.0000074231148,12.821717177431196,7.4231147664249875e-06,13.862522037939264,3.1434505404490073e-06
encodec,12.0kbps,24000,20260826,975.0,440.0,772.7509505642518,440Hz_ongrid,1,440.14617477153655,778.5818038170439,439.9999989137542,772.7509519676838,440.14617477153655,778.5818038170439,0.0,0.0,0,987.4390779605336,975.000007418149,12.43907796053361,7.418149039040145e-06,13.014125040619097,3.14418169051291e-06
encodec,12.0kbps,24000,20260826,975.0,440.0,772.7509505642518,440Hz_ongrid,2,440.3188065743735,778.7152707981904,439.9999989119203,772.7509519685717,440.3188065743735,778.529310102108,0.0,0.41347582046518966,0,987.0569438705406,975.0000074273541,12.056943870540636,7.4273541486036265e-06,13.310873280269826,3.146171018368165e-06
encodec,12.0kbps,24000,20260826,975.0,440.0,772.7509505642518,440Hz_ongrid,3,440.1584249913594,778.8421262716021,439.99999891200184,772.7509519684045,440.1584249913594,778.6416634512092,0.0,0.4456522301451435,0,987.9696440678633,975.0000074266585,12.969644067863328,7.426658498843608e-06,13.592874464661978,3.1457962174679003e-06
encodec,12.0kbps,24000,20260826,975.0,440.0,772.7509505642518,440Hz_ongrid,4,440.2916082561896,778.3267614141471,439.99999891817765,772.7509519687794,440.2916082561896,778.0797949912651,0.0,0.5494151667486078,0,986.2999380821138,975.000007403199,11.29993808211384,7.403198992506077e-06,12.446926547835364,3.146636155895674e-06
encodec,12.0kbps,24000,20260826,975.0,452.8929,795.3941340427286,452.9Hz_+50c,0,450.6632275471681,794.9116198386545,452.8929010491032,795.3941315909108,450.6632275471681,794.9116198386545,0.0,0.0,0,982.493676933205,974.9999906531224,7.493676933205052,-9.346877618554572e-06,-1.0505464661069956,-5.3365626575868e-06
encodec,12.0kbps,24000,20260826,975.0,452.8929,795.3941340427286,452.9Hz_+50c,1,451.15452118521654,794.8081035386009,452.89290104249324,795.3941315894646,451.15452118521654,794.8081035386009,0.0,0.0,0,980.3819258219069,974.999990675242,5.3819258219068615,-9.324758025286428e-06,-1.2760087798771196,-5.339710408547684e-06
encodec,12.0kbps,24000,20260826,975.0,452.8929,795.3941340427286,452.9Hz_+50c,2,451.50248179125583,794.970331007399,452.89290104962583,795.3941315883226,451.50248179125583,794.970331007399,0.0,0.0,0,979.4005210881814,974.9999906454913,4.400521088181449,-9.354508733849798e-06,-0.9226844265597267,-5.342196011248194e-06
encodec,12.0kbps,24000,20260826,975.0,452.8929,795.3941340427286,452.9Hz_+50c,3,451.6854988620369,794.8805567543889,452.8929010423293,795.3941315898649,451.6854988620369,794.8805567543889,0.0,0.0,0,978.5033899898096,974.9999906767398,3.503389989809648,-9.323260201199446e-06,-1.1181999241479268,-5.338839140604489e-06
encodec,12.0kbps,24000,20260826,975.0,452.8929,795.3941340427286,452.9Hz_+50c,4,451.5505111787808,794.9468391273226,452.8929010519972,795.3941315900564,451.5505111787808,794.9468391273226,0.0,0.0,0,979.1652079253587,974.9999906402,4.165207925358686,-9.359799946651037e-06,-0.9738442522811792,-5.338422246677998e-06
encodec,12.0kbps,24000,20260826,980.0,440.0,774.9859687646107,440Hz_ongrid,0,440.0915010313345,780.5730881718213,439.99999891639345,774.9859693804844,440.0915010313345,780.5730881718213,0.0,0.0,0,992.0762554648177,980.0000056393781,12.076255464817677,5.639378059640876e-06,12.436240083135294,1.3757949287428103e-06
encodec,12.0kbps,24000,20260826,980.0,440.0,774.9859687646107,440Hz_ongrid,1,440.28441761814213,779.1789645748077,439.9999989112345,774.9859693801127,440.28441761814213,779.1789645748077,0.0,0.0,0,988.2227325392028,980.0000056588459,8.222732539202752,5.658845907419163e-06,9.341447063648005,1.374964216182501e-06
encodec,12.0kbps,24000,20260826,980.0,440.0,774.9859687646107,440Hz_ongrid,2,440.18831963178735,780.8292890656871,439.99999891398164,774.985969379485,440.18831963178735,780.8292890656871,0.0,0.0,0,992.2635669379522,980.0000056466349,12.263566937952191,5.646634917866322e-06,13.004375140835567,1.3735622686084843e-06
encodec,12.0kbps,24000,20260826,980.0,440.0,774.9859687646107,440Hz_ongrid,3,440.18958162695384,781.2183294443604,439.99999891560435,774.9859693804008,440.18958162695384,781.2183294443604,0.0,0.0,0,993.1209588208916,980.0000056422958,13.120958820891587,5.642295832331001e-06,13.866730367354746,1.3756077204980762e-06
encodec,12.0kbps,24000,20260826,980.0,440.0,774.9859687646107,440Hz_ongrid,4,440.10972782107643,780.009014609304,439.99999891256493,774.9859693794851,440.10972782107643,780.009014609304,0.0,0.0,0,990.7530445914715,980.0000056522093,10.753044591471507,5.652209324580326e-06,11.184728357612547,1.3735622686084843e-06
encodec,12.0kbps,24000,20260826,980.0,452.8929,797.6946428479862,452.9Hz_+50c,0,451.5418038663376,796.7167217175024,452.8929010514657,797.6946433842928,451.5418038663376,796.7167217175024,0.0,0.0,0,983.0487551180967,979.9999971445986,3.0487551180966648,-2.8554013624670915e-06,-2.1236810127158448,1.163944389703194e-06
encodec,12.0kbps,24000,20260826,980.0,452.8929,797.6946428479862,452.9Hz_+50c,1,451.39341413574704,796.6107985543564,452.8929010453926,797.6946433838078,451.39341413574704,796.6107985543564,0.0,0.0,0,983.3876001713581,979.999997166761,3.3876001713581445,-2.8332390229479643e-06,-2.3538631749647223,1.1628918718918077e-06
encodec,12.0kbps,24000,20260826,980.0,452.8929,797.6946428479862,452.9Hz_+50c,2,451.23408923257495,796.8197880597826,452.8929010527563,797.6946433848478,451.23408923257495,796.8197880597826,0.0,0.0,0,984.4528953425873,979.9999971408696,4.45289534258734,-2.8591304044311983e-06,-1.8997363961699703,1.1651491343419383e-06
encodec,12.0kbps,24000,20260826,980.0,452.8929,797.6946428479862,452.9Hz_+50c,3,451.2902582158434,796.354434067916,452.89290104613974,797.6946433841903,451.2902582158434,796.354434067916,0.0,0.0,0,983.2260467312076,979.9999971647351,3.226046731207589,-2.8352649223961635e-06,-2.911096845404814,1.1637218156298584e-06
encodec,12.0kbps,24000,20260826,980.0,452.8929,797.6946428479862,452.9Hz_+50c,4,451.4801395059206,796.8709539726874,452.89290104691617,797.6946433835982,451.4801395059206,796.8709539726874,0.0,0.0,0,983.6203037104534,979.9999971604822,3.6203037104534133,-2.8395178333084914e-06,-1.7885728331691648,1.1624371134656317e-06
encodec,12.0kbps,24000,20260826,985.0,440.0,777.2274512809981,440Hz_ongrid,0,440.1486223479868,780.8651329342728,439.9999989161922,777.2274499130215,440.1486223479868,780.8651329342728,0.0,0.0,0,992.4991712490252,985.0000012172773,7.499171249025153,1.2172772585472558e-06,8.083845394276281,-3.047097499191464e-06
encodec,12.0kbps,24000,20260826,985.0,440.0,777.2274512809981,440Hz_ongrid,1,440.16520659485667,781.3684588595356,439.99999890694846,777.2274499135976,440.16520659485667,781.3684588595356,0.0,0.0,0,993.5494919700891,985.0000012549314,8.549491970089093,1.2549313623821945e-06,9.19939560945628,-3.0458141424632474e-06
encodec,12.0kbps,24000,20260826,985.0,440.0,777.2274512809981,440Hz_ongrid,2,440.27199679660214,781.0657017339246,439.99999891477984,777.227449913446,440.27199679660214,781.0657017339246,0.0,0.0,0,992.4585895633851,985.0000012237799,7.45858956338509,1.2237799182912568e-06,8.528463720951635,-3.0461518476858736e-06
encodec,12.0kbps,24000,20260826,985.0,440.0,777.2274512809981,440Hz_ongrid,3,440.09077376961,780.6549264791457,439.99999891268595,777.227449913745,440.09077376961,780.6549264791457,0.0,0.0,0,992.2606161447483,985.0000012326846,7.260616144748269,1.23268455354264e-06,7.617739855056342,-3.0454858553145587e-06
encodec,12.0kbps,24000,20260826,985.0,440.0,777.2274512809981,440Hz_ongrid,4,440.3367449361058,782.0941300088357,439.9999989108046,777.2274499143327,440.3367449361058,782.0941300088357,0.0,0.0,0,994.4820205634629,985.0000012413961,9.482020563462925,1.241396148543572e-06,10.80647812137981,-3.0441767430372072e-06
encodec,12.0kbps,24000,20260826,985.0,452.8929,800.0018053869545,452.9Hz_+50c,0,450.7665752462689,796.9282145955481,452.8929010508159,800.0018081662199,450.7665752462689,796.9282145955481,0.0,0.0,0,986.4830798391887,985.000001997573,1.4830798391886901,1.9975730083388044e-06,-6.664176306975925,6.014435044384054e-06
encodec,12.0kbps,24000,20260826,985.0,452.8929,800.0018053869545,452.9Hz_+50c,1,451.6417274008651,797.8492304712495,452.89290104445223,800.0018081644617,451.6417274008651,797.8492304712495,0.0,0.0,0,985.1248351474259,985.0000020180942,0.12483514742586976,2.0180941646685824e-06,-4.664531496412765,6.010630142533097e-06
encodec,12.0kbps,24000,20260826,985.0,452.8929,800.0018053869545,452.9Hz_+50c,2,451.2633009272325,796.6252029288296,452.8929010382631,800.0018081676221,451.2633009272325,796.6252029288296,0.0,0.0,0,983.9180007212375,985.0000020485918,-1.0819992787625097,2.048591795755783e-06,-7.322559157831085,6.017469586232043e-06
encodec,12.0kbps,24000,20260826,985.0,452.8929,800.0018053869545,452.9Hz_+50c,3,451.5316515448057,797.8900373865603,452.8929010510935,800.0018081661051,451.5316515448057,797.8900373865603,0.0,0.0,0,985.6353732744034,985.0000019962637,0.6353732744033778,1.9962636770287645e-06,-4.575987806773931,6.014186714762341e-06
encodec,12.0kbps,24000,20260826,985.0,452.8929,800.0018053869545,452.9Hz_+50c,4,451.38207565037897,797.0827398428316,452.8929010439682,800.0018081668301,451.38207565037897,797.0827398428316,0.0,0.0,0,984.4564298247154,985.0000020250694,-0.5435701752845716,2.025069420596992e-06,-6.328520683492307,6.015755496784339e-06
encodec,12.0kbps,24000,20260826,990.0,440.0,779.4754168100773,440Hz_ongrid,0,440.1418318935188,783.1908360442981,439.9999989078003,779.4754148716713,440.1418318935188,783.1908360442981,0.0,0.0,0,997.6744676495339,989.9999999921464,7.674467649533881,-7.853600436646957e-09,8.232432733185666,-4.305247233485244e-06
encodec,12.0kbps,24000,20260826,990.0,440.0,779.4754168100773,440Hz_ongrid,1,440.32679927441546,781.8264078852158,439.9999989081407,779.4754148724165,440.32679927441546,781.8264078852158,0.0,0.0,0,993.9283956159559,989.9999999924623,3.9283956159558784,-7.537664714618586e-09,5.213750230932216,-4.3035921511436676e-06
encodec,12.0kbps,24000,20260826,990.0,440.0,779.4754168100773,440Hz_ongrid,2,440.19541309081404,782.9697766197219,439.99999891625004,779.4754148724893,440.19541309081404,782.9697766197219,0.0,0.0,0,996.9750084000358,989.9999999607167,6.97500840003579,-3.92833499063272e-08,7.743714523647768,-4.3034305062418835e-06
encodec,12.0kbps,24000,20260826,990.0,440.0,779.4754168100773,440Hz_ongrid,3,440.2215543547512,782.9595517246028,439.999998912541,779.4754148719943,440.2215543547512,782.9595517246028,0.0,0.0,0,996.8495925604462,989.9999999742112,6.84959256044624,-2.5788835955609102e-08,7.721105985371684,-4.304529922220726e-06
encodec,12.0kbps,24000,20260826,990.0,440.0,779.4754168100773,440Hz_ongrid,4,440.18494709473015,782.6419406066855,439.99999891031905,779.4754148707115,440.18494709473015,782.6419406066855,0.0,0.0,0,996.2911363384552,989.9999999801043,6.291136338455203,-1.9895651348633692e-08,7.0186805061713775,-4.307379177897366e-06
encodec,12.0kbps,24000,20260826,990.0,452.8929,802.3156409041469,452.9Hz_+50c,0,451.33317731646383,799.379528986111,452.89290104985605,802.3156394539469,451.33317731646383,799.379528986111,0.0,0.0,0,989.6253521050098,989.9999928575702,-0.3746478949901757,-7.14242980848212e-06,-6.347153582798566,-3.1292367505278923e-06
encodec,12.0kbps,24000,20260826,990.0,452.8929,802.3156409041469,452.9Hz_+50c,1,451.85866893405273,800.4547948625003,452.8929010345091,802.3156394560107,451.85866893405273,800.4547948625003,0.0,0.0,0,989.9379944059659,989.9999929206888,-0.06200559403407624,-7.079311217239592e-06,-4.0199911390871526,-3.1247835391998352e-06
encodec,12.0kbps,24000,20260826,990.0,452.8929,802.3156409041469,452.9Hz_+50c,2,451.10861191125247,798.4738984673585,452.8929010445552,802.3156394544324,451.10861191125247,798.4738984673585,0.0,0.0,0,988.5245035099255,989.9999928788809,-1.4754964900745335,-7.121119097064366e-06,-8.309609626495865,-3.1281892300592513e-06
encodec,12.0kbps,24000,20260826,990.0,452.8929,802.3156409041469,452.9Hz_+50c,3,450.85018792338593,799.1308303603638,452.89290103866284,802.3156394573055,450.85018792338593,799.1308303603638,0.0,0.0,0,990.9403098410953,989.9999929076045,0.9403098410953135,-7.092395549079811e-06,-6.885849537824752,-3.1219896387352274e-06
encodec,12.0kbps,24000,20260826,990.0,452.8929,802.3156409041469,452.9Hz_+50c,4,450.94514478158385,798.9826586141564,452.8929010420823,802.3156394578332,450.94514478158385,798.9826586141564,0.0,0.0,0,990.2546918779155,989.999992895672,0.2546918779155476,-7.104328005880234e-06,-7.206878018778988,-3.1208510128166586e-06
encodec,12.0kbps,24000,20260826,995.0,440.0,781.729884102587,440Hz_ongrid,0,440.2722781880162,784.3888068063131,439.9999989145685,781.7298855503261,440.2722781880162,784.3888068063131,0.0,0.0,0,999.8075290365773,995.0000074769547,4.807529036577307,7.476954692720028e-06,5.878509678873385,3.2061910579188274e-06
encodec,12.0kbps,24000,20260826,995.0,440.0,781.729884102587,440Hz_ongrid,1,440.1996580461743,783.882066803697,439.9999989148135,781.7298855520584,440.1996580461743,783.882066803697,0.0,0.0,0,998.9743153192402,995.000007479827,3.9743153192401905,7.479826990675065e-06,4.759716246122151,3.210027097081507e-06
encodec,12.0kbps,24000,20260826,995.0,440.0,781.729884102587,440Hz_ongrid,2,440.19464613015464,783.7806498230784,439.99999891142846,781.7298855517469,440.19464613015464,783.7806498230784,0.0,0.0,0,998.7700286476378,995.0000074924559,3.770028647637787,7.4924558930433705e-06,4.535718407323098,3.209337463425045e-06
encodec,12.0kbps,24000,20260826,995.0,440.0,781.729884102587,440Hz_ongrid,3,440.2534091786389,784.1612413924285,439.9999989149118,781.729885550415,440.2534091786389,784.1612413924285,0.0,0.0,0,999.3793918911059,995.0000074758005,4.379391891105911,7.475800543943478e-06,5.376174422024237,3.206387876442857e-06
encodec,12.0kbps,24000,20260826,995.0,440.0,781.729884102587,440Hz_ongrid,4,440.1810561356318,783.5193516280017,439.99999891537976,781.7298855503394,440.1810561356318,783.5193516280017,0.0,0.0,0,998.2462191982315,995.000007473792,3.246219198231529,7.4737920385814505e-06,3.9584602741653385,3.2062202731684885e-06
encodec,12.0kbps,24000,20260826,995.0,452.8929,804.6361686997375,452.9Hz_+50c,0,451.2432337529241,800.273774055205,452.89290103892466,804.6361696887275,451.2432337529241,800.273774055205,0.0,0.0,0,991.9059980589301,994.9999981564785,-3.094001941069905,-1.8435215451972908e-06,-9.411549573915492,2.1278850234455626e-06
encodec,12.0kbps,24000,20260826,995.0,452.8929,804.6361686997375,452.9Hz_+50c,1,451.21593992806686,800.635868923211,452.8929010398351,804.6361696857465,451.21593992806686,599.9943646608556,0.0,499.43676019939505,0,992.7938598479764,994.9999981465844,-2.206140152023636,-1.8534155969973654e-06,-8.628406093053064,2.121471122907496e-06
encodec,12.0kbps,24000,20260826,995.0,452.8929,804.6361686997375,452.9Hz_+50c,2,451.6372952002275,800.413110064102,452.8929010439842,804.636169684909,451.6372952002275,800.413110064102,0.0,0.0,0,990.6962063370745,994.9999981289221,-4.3037936629255,-1.871077870418958e-06,-9.11014991122547,2.119669003295717e-06
encodec,12.0kbps,24000,20260826,995.0,452.8929,804.6361686997375,452.9Hz_+50c,3,450.9646405041943,800.5918119100626,452.89290104500196,804.636169688088,450.9646405041943,599.9953617396641,0.0,499.3386150611599,0,993.6630507847038,994.9999981318714,-1.3369492152961584,-1.8681286064747837e-06,-8.723674245352727,2.1265088314212145e-06
encodec,12.0kbps,24000,20260826,995.0,452.8929,804.6361686997375,452.9Hz_+50c,4,451.7832594158904,800.453550168564,452.89290104892024,804.636169687336,451.7832594158904,800.453550168564,0.0,0.0,0,990.2242476231891,994.9999981152753,-4.775752376810942,-1.884724724732223e-06,-9.022683181426677,2.1248908447646543e-06
encodec,12.0kbps,24000,20260826,1000.0,440.0,783.9908719634985,440Hz_ongrid,0,440.21816216141013,785.2284103027463,439.9999989050814,783.9908709611234,440.21816216141013,785.2284103027463,0.0,0.0,0,1001.8724445856508,1000.0000020946144,1.8724445856507828,2.09461438771541e-06,2.730617675053235,-2.213477250786666e-06
encodec,12.0kbps,24000,20260826,1000.0,440.0,783.9908719634985,440Hz_ongrid,1,440.19508412254197,785.6249116145051,439.9999989060438,783.9908709602186,440.19508412254197,785.6249116145051,0.0,0.0,0,1002.837171838449,1000.0000020888295,2.837171838448967,2.0888295466647833e-06,3.604584170100229,-2.2154754201052417e-06
encodec,12.0kbps,24000,20260826,1000.0,440.0,783.9908719634985,440Hz_ongrid,2,440.1491525359065,785.9309524875579,439.9999989177733,783.9908709617822,440.1491525359065,785.9309524875579,0.0,0.0,0,1003.6920970593578,1000.0000020461312,3.6920970593578204,2.0461311578401364e-06,4.278856588453566,-2.2120224466723642e-06
encodec,12.0kbps,24000,20260826,1000.0,440.0,783.9908719634985,440Hz_ongrid,3,440.2677436464535,785.5718043138357,439.99999891419895,783.990870960945,440.2677436464535,785.5718043138357,0.0,0.0,0,1002.434400997949,1000.0000020583464,2.4344009979489556,2.058346353805973e-06,3.4875508714996455,-2.213871080041549e-06
encodec,12.0kbps,24000,20260826,1000.0,440.0,783.9908719634985,440Hz_ongrid,4,440.3233591137709,785.2819681601494,439.9999989035076,783.9908709612845,440.3233591137709,785.2819681601494,0.0,0.0,0,1001.5768665777175,1000.0000021011624,1.5768665777175102,2.101162408507662e-06,2.8486954510920275,-2.2131214782386975e-06
encodec,12.0kbps,24000,20260826,1000.0,452.8929,806.9634081297218,452.9Hz_+50c,0,451.17563325472526,801.7430058226273,452.89290103736874,806.9634103713003,451.17563325472526,599.9945316161155,0.0,501.82861330112354,0,995.3408510171512,1000.0000008435537,-4.659148982848819,8.435537210971233e-07,-11.236071255815997,4.809012307275084e-06
encodec,12.0kbps,24000,20260826,1000.0,452.8929,806.9634081297218,452.9Hz_+50c,1,451.36113310632413,802.2055435092511,452.8929010372641,806.9634103685503,451.36113310632413,599.9918881009477,0.0,502.834728117837,0,995.6276914573644,1000.0000008380539,-4.372308542635551,8.380538929486647e-07,-10.237584097870297,4.803112748904976e-06
encodec,12.0kbps,24000,20260826,1000.0,452.8929,806.9634081297218,452.9Hz_+50c,2,450.7437587182537,802.216849722562,452.89290103615923,806.9634103686569,450.7437587182537,599.9886579277721,0.0,502.8684482647633,0,998.0217041191585,1000.0000008425062,-1.9782958808415287,8.425062105743564e-07,-10.213184411687235,4.803341473556714e-06
encodec,12.0kbps,24000,20260826,1000.0,452.8929,806.9634081297218,452.9Hz_+50c,3,450.8984743762336,802.3124731061584,452.8929010451564,806.9634103690885,450.8984743762336,599.9981085289756,0.0,503.04752822718245,0,997.6339171359133,1000.0000008090395,-2.3660828640867066,8.090395340332179e-07,-10.006835477566883,4.8042671356766885e-06
encodec,12.0kbps,24000,20260826,1000.0,452.8929,806.9634081297218,452.9Hz_+50c,4,451.1547223985343,801.7582394739203,452.8929010382483,806.9634103710183,451.1547223985343,599.9782623887876,0.0,501.908451720505,0,995.4539855097956,1000.0000008395866,-4.546014490204357,8.395866188948276e-07,-11.20317696790931,4.808407628489904e-06
encodec,12.0kbps,24000,20260826,1005.0,440.0,786.2583992521731,440Hz_ongrid,0,440.1754449323995,786.7757810913623,439.99999890788877,786.2584007876718,440.1754449323995,786.7757810913623,0.0,0.0,0,1005.4486577369322,1005.0000076780051,0.4486577369322049,7.678005090383522e-06,1.1388297849660205,3.3809589878473102e-06
encodec,12.0kbps,24000,20260826,1005.0,440.0,786.2583992521731,440Hz_ongrid,1,440.22962072421024,786.9537782122896,439.9999989106603,786.258400786269,440.22962072421024,786.9537782122896,0.0,0.0,0,1005.6272179243553,1005.0000076640115,0.62721792435525,7.664011491215206e-06,1.5304532070175698,3.3778706284295406e-06
encodec,12.0kbps,24000,20260826,1005.0,440.0,786.2583992521731,440Hz_ongrid,2,440.28148413835265,787.5140551466789,439.999998905288,786.2584007880342,440.28148413835265,787.5140551466789,0.0,0.0,0,1006.6553983469896,1005.0000076890361,1.6553983469896139,7.68903612424765e-06,2.7625781524914568,3.381757025456382e-06
encodec,12.0kbps,24000,20260826,1005.0,440.0,786.2583992521731,440Hz_ongrid,3,440.33813596721467,787.3201836790305,439.9999989106527,786.258400785172,440.33813596721467,787.3201836790305,0.0,0.0,0,1006.0064011736245,1005.0000076616255,1.0064011736244538,7.661625545551942e-06,2.3363277200891317,3.375454988576256e-06
encodec,12.0kbps,24000,20260826,1005.0,440.0,786.2583992521731,440Hz_ongrid,4,440.165355451849,787.7316556780921,439.9999989086803,786.258400787348,440.165355451849,787.7316556780921,0.0,0.0,0,1007.5903857863012,1005.0000076741777,2.5903857863012263,7.674177709304786e-06,3.2408749018622727,3.3802462895201332e-06
encodec,12.0kbps,24000,20260826,1005.0,452.8929,809.2973786060785,452.9Hz_+50c,0,451.23643162839886,803.7742781561377,452.89290104148404,809.2973764724034,451.23643162839886,599.9906149152497,0.0,506.22057095161574,0,999.4882298189046,1004.9999914544916,-5.511770181095358,-8.545508421775594e-06,-11.855414955042287,-4.5643186505457435e-06
encodec,12.0kbps,24000,20260826,1005.0,452.8929,809.2973786060785,452.9Hz_+50c,1,451.4947315203185,805.6622300175513,452.8929010504723,809.2973764740145,451.4947315203185,599.9490237371373,0.0,510.40223891581667,0,1002.5591634868907,1004.9999914235796,-2.440836513109275,-8.57642044138629e-06,-7.793759800483402,-4.560872019892675e-06
encodec,12.0kbps,24000,20260826,1005.0,452.8929,809.2973786060785,452.9Hz_+50c,2,451.2527345780916,805.8628173768813,452.89290104803973,809.297376472624,451.2527345780916,599.9689645028782,0.0,510.77567329966394,0,1003.9183126752016,1004.999991429904,-1.081687324798395,-8.570096042603836e-06,-7.362784596419179,-4.563846593614897e-06
encodec,12.0kbps,24000,20260826,1005.0,452.8929,809.2973786060785,452.9Hz_+50c,3,451.0549200825164,803.5729450651164,452.8929010531378,809.2973764739088,451.0549200825164,599.993349075676,0.0,505.77897991158983,0,999.7510634900814,1004.9999914131643,-5.248936509918622,-8.586835747337318e-06,-12.289116770265855,-4.5610982458729705e-06
encodec,12.0kbps,24000,20260826,1005.0,452.8929,809.2973786060785,452.9Hz_+50c,4,451.49221429835035,805.7460141418572,452.8929010386543,809.2973764720193,451.49221429835035,600.0009614440622,0.0,510.4324009034539,0,1002.7488444544585,1004.999991464487,-2.251155545541451,-8.535512961316272e-06,-7.613731022020702,-4.565140137240548e-06
encodec,12.0kbps,24000,20260826,1010.0,440.0,788.5324848825181,440Hz_ongrid,0,440.170493750106,788.3429325728421,439.9999989153499,788.5324856316664,440.170493750106,788.3429325728421,0.0,0.0,0,1008.913086568558,1010.0000059124544,-1.0869134314419853,5.912454412282386e-06,-0.41621476311756983,1.6447655094185813e-06
encodec,12.0kbps,24000,20260826,1010.0,440.0,788.5324848825181,440Hz_ongrid,1,440.18260420167536,788.9032632201904,439.9999989095092,788.5324856328567,440.18260420167536,788.9032632201904,0.0,0.0,0,1010.095528058449,1010.0000059380488,0.09552805844896284,5.9380488437454915e-06,0.8138576743024195,1.6473787366208487e-06
encodec,12.0kbps,24000,20260826,1010.0,440.0,788.5324848825181,440Hz_ongrid,2,440.15208804410935,788.6937925185292,439.9999989087308,788.5324856339962,440.15208804410935,788.6937925185292,0.0,0.0,0,1009.7558112473921,1010.0000059436132,-0.24418875260789719,5.943613246017776e-06,0.35411694163575635,1.6498804845808855e-06
encodec,12.0kbps,24000,20260826,1010.0,440.0,788.5324848825181,440Hz_ongrid,3,440.3333792194958,788.6398425979372,439.9999989128954,788.5324856323505,440.3333792194958,788.6398425979372,0.0,0.0,0,1008.9244645055985,1010.0000059236138,-1.0755354944014925,5.9236137985863024e-06,0.23568931487329717,1.6462674038992024e-06
encodec,12.0kbps,24000,20260826,1010.0,440.0,788.5324848825181,440Hz_ongrid,4,440.21984059963347,788.5047316733027,439.9999989148258,788.532485633125,440.21984059963347,788.5047316733027,0.0,0.0,0,1009.0742925450683,1010.0000059177189,-0.9257074549317394,5.917718908676761e-06,-0.06093362954948331,1.6479680389599296e-06
encodec,12.0kbps,24000,20260826,1010.0,452.8929,811.6380995969314,452.9Hz_+50c,0,451.7906594565376,808.0364546153764,452.8929010445215,811.6380986229949,451.7906594565376,599.993793017889,0.0,515.3673668590642,0,1006.5191252086724,1009.9999939297804,-3.480874791327551,-6.070219569664914e-06,-7.699448862607828,-2.077418565201234e-06
encodec,12.0kbps,24000,20260826,1010.0,452.8929,811.6380995969314,452.9Hz_+50c,1,451.3876633657847,808.2414321258066,452.8929010491908,811.6380986218836,451.3876633657847,810.6902471539906,0.0,-5.23737381165436,0,1008.5031832821671,1009.9999939095612,-1.4968167178328713,-6.0904387737537036e-06,-7.26033619496186,-2.0797888445427823e-06
encodec,12.0kbps,24000,20260826,1010.0,452.8929,811.6380995969314,452.9Hz_+50c,2,451.3376186124116,807.0767181819562,452.8929010491332,811.6380986220516,451.3376186124116,599.9998263860551,0.0,513.2924817841591,0,1006.1985445235114,1009.9999939101399,-3.801455476488627,-6.0898601077497005e-06,-9.756925224281364,-2.0794305733221654e-06
encodec,12.0kbps,24000,20260826,1010.0,452.8929,811.6380995969314,452.9Hz_+50c,3,450.6677780465345,809.3409050506424,452.89290103625234,811.6380986212413,450.6677780465345,599.9942018865312,0.0,518.1587444292101,0,1013.6198510954155,1009.99999395765,3.61985109541547,-6.042350037205324e-06,-4.9068915351343705,-2.0811590781971707e-06
encodec,12.0kbps,24000,20260826,1010.0,452.8929,811.6380995969314,452.9Hz_+50c,4,451.0494752550084,807.8420105322568,452.892901047582,811.6380986210208,451.0494752550084,599.9964239568886,0.0,514.9431250938918,0,1008.9449793831332,1009.999993913871,-1.055020616866841,-6.086129019422515e-06,-8.116099280595959,-2.081629213071436e-06
encodec,12.0kbps,24000,20260826,1015.0,440.0,790.8131478231458,440Hz_ongrid,0,440.0966755220133,791.0468550320908,439.99999890965165,790.8131457718639,440.0966755220133,791.0468550320908,0.0,0.0,0,1015.1312121366219,1014.9999997994798,0.13121213662191167,-2.0052016225236002e-07,0.511552071424026,-4.490629717937539e-06
encodec,12.0kbps,24000,20260826,1015.0,440.0,790.8131478231458,440Hz_ongrid,1,440.1339665446863,791.0244397853177,439.9999989176102,790.8131457722166,440.1339665446863,791.0244397853177,0.0,0.0,0,1014.9354672166703,1014.999999768938,-0.06453278332969603,-2.3106201751943445e-07,0.4624948152037452,-4.489857628079587e-06
encodec,12.0kbps,24000,20260826,1015.0,440.0,790.8131478231458,440Hz_ongrid,2,440.17550663243253,791.1149368671895,439.9999989144404,790.8131457710381,440.17550663243253,791.1149368671895,0.0,0.0,0,1014.9701304488553,1014.99999977883,-0.029869551144656725,-2.2117001208243892e-07,0.6605451664694688,-4.492437603723923e-06
encodec,12.0kbps,24000,20260826,1015.0,440.0,790.8131478231458,440Hz_ongrid,3,440.29141730952244,791.0711363739401,439.99999890715924,790.8131457721305,440.29141730952244,791.0711363739401,0.0,0.0,0,1014.4184541721384,1014.9999998098702,-0.5815458278616461,-1.9012975371879293e-07,0.5646918321729825,-4.4900459895585e-06
encodec,12.0kbps,24000,20260826,1015.0,440.0,790.8131478231458,440Hz_ongrid,4,440.19102673718,791.0969277423961,439.99999892085384,790.8131457714876,440.19102673718,791.0969277423961,0.0,0.0,0,1014.8696794505378,1014.9999997545798,-0.13032054946222615,-2.4542021037632367e-07,0.6211345025310585,-4.491453511099397e-06
encodec,12.0kbps,24000,20260826,1015.0,452.8929,813.9855906267118,452.9Hz_+50c,0,450.96522384152627,815.2694048259331,452.89290104878785,813.9855912908301,450.96522384152627,599.9926684485091,0.0,530.7984036819249,0,1025.1128287266401,1014.9999974033778,10.112828726640146,-2.596622152850614e-06,2.728343102308872,1.412487360299139e-06
encodec,12.0kbps,24000,20260826,1015.0,452.8929,813.9855906267118,452.9Hz_+50c,1,451.32665239264196,814.4120832123573,452.8929010373597,813.9855912903391,451.32665239264196,599.9961324473454,0.0,528.9669183080422,0,1021.9043871292649,1014.9999974460188,6.904387129264933,-2.5539811758790165e-06,0.9068528095920395,1.4114429151226869e-06
encodec,12.0kbps,24000,20260826,1015.0,452.8929,813.9855906267118,452.9Hz_+50c,2,451.3859105991658,812.724275166219,452.89290105328257,813.9855912896054,451.3859105991658,599.9956620919452,0.0,525.3766996494261,0,1018.0855189635078,1014.9999973835913,3.0855189635077522,-2.616408664835035e-06,-2.684723017111007,1.40988259014248e-06
encodec,12.0kbps,24000,20260826,1015.0,452.8929,813.9855906267118,452.9Hz_+50c,3,451.1835241903335,815.5307267959314,452.892901052173,813.9855912897305,451.1835241903335,815.5307267959314,0.0,0.0,0,1024.8298181624014,1014.9999973880989,9.829818162401352,-2.6119010954062105e-06,3.2831744238548937,1.4101486026791402e-06
encodec,12.0kbps,24000,20260826,1015.0,452.8929,813.9855906267118,452.9Hz_+50c,4,451.15672283692425,815.0835379374234,452.8929010520211,813.9855912905791,451.15672283692425,599.9984547314398,0.0,530.3869723807371,0,1023.9830937405368,1014.9999973904846,8.983093740536788,-2.6095153771166224e-06,2.333607608004905,1.4119534131699185e-06
encodec,12.0kbps,24000,20260826,1020.0,440.0,793.1004070975306,440Hz_ongrid,0,440.346484649769,793.2870395346783,439.99999890222773,793.1004080807927,440.346484649769,793.2870395346783,0.0,0.0,0,1019.0445962500152,1020.0000064656518,-0.9554037499848391,6.465651836151665e-06,0.4073461776655938,2.146332147150599e-06
encodec,12.0kbps,24000,20260826,1020.0,440.0,793.1004070975306,440Hz_ongrid,1,440.1896026973771,793.1608472010092,439.99999891032087,793.1004080832306,440.1896026973771,793.1608472010092,0.0,0.0,0,1019.3860733678898,1020.00000643913,-0.6139266321101786,6.4391299474664265e-06,0.13192778281434211,2.1516535511150705e-06
encodec,12.0kbps,24000,20260826,1020.0,440.0,793.1004070975306,440Hz_ongrid,2,440.2670398642317,792.5948207235538,439.9999989067061,793.1004080826757,440.2670398642317,792.5948207235538,0.0,0.0,0,1017.8456369742155,1020.0000064521414,-2.1543630257845052,6.4521414060436655e-06,-1.1039805880430908,2.1504422714869532e-06
encodec,12.0kbps,24000,20260826,1020.0,440.0,793.1004070975306,440Hz_ongrid,3,440.1797118737399,792.9588193644771,439.9999989135369,793.1004080818865,440.1797118737399,792.9588193644771,0.0,0.0,0,1018.9839508990198,1020.0000064235422,-1.01604910098024,6.423542231459578e-06,-0.30909502111121545,2.1487197249894605e-06
encodec,12.0kbps,24000,20260826,1020.0,440.0,793.1004070975306,440Hz_ongrid,4,440.16768346899994,793.1807013933271,439.99999891871875,793.1004080796537,440.16768346899994,793.1807013933271,0.0,0.0,0,1019.5156175130262,1020.0000063982797,-0.48438248697380004,6.398279651875782e-06,0.17526303276685476,2.143845775638479e-06
encodec,12.0kbps,24000,20260826,1020.0,452.8929,816.3398712763209,452.9Hz_+50c,0,450.9381322821238,820.0635845177974,452.89290104100445,816.3398726158298,450.9381322821238,820.0635845177974,0.0,0.0,0,1035.3675150141182,1019.9999988613761,15.367515014118226,-1.1386239293642575e-06,7.879023057455735,2.840732886940572e-06
encodec,12.0kbps,24000,20260826,1020.0,452.8929,816.3398712763209,452.9Hz_+50c,1,451.42635379898877,818.3996901884808,452.89290104096483,816.3398726153031,451.42635379898877,600.0137895980062,0.0,537.3719299505113,0,1029.9779459066867,1019.9999988604103,9.977945906686728,-1.1395896990507026e-06,4.362811798202065,2.839615788051994e-06
encodec,12.0kbps,24000,20260826,1020.0,452.8929,816.3398712763209,452.9Hz_+50c,2,450.9293637621023,819.965707075189,452.89290104002356,816.3398726157421,450.9293637621023,819.965707075189,0.0,0.0,0,1035.1945381548408,1019.9999988649398,15.194538154840757,-1.135060188062198e-06,7.672381917143122,2.840546831929535e-06
encodec,12.0kbps,24000,20260826,1020.0,452.8929,816.3398712763209,452.9Hz_+50c,3,451.10132277858406,819.2919240917975,452.8929010403831,816.3398726158098,451.10132277858406,602.3893391818668,0.0,532.4176271131312,0,1033.1112929590279,1019.9999988637088,13.111292959027878,-1.1362911891410477e-06,6.249205857393459,2.840690217299611e-06
encodec,12.0kbps,24000,20260826,1020.0,452.8929,816.3398712763209,452.9Hz_+50c,4,451.3307188982281,819.6659910641548,452.89290103838096,816.3398726148996,451.3307188982281,819.6659910641548,0.0,0.0,0,1033.0213968065104,1019.9999988694319,13.021396806510438,-1.1305680800433038e-06,7.03946103653207,2.838760088765698e-06
encodec,12.0kbps,24000,20260826,1025.0,440.0,795.3942817841688,440Hz_ongrid,0,440.1594402238122,794.1260474406904,439.9999989144929,795.3942793087551,440.1594402238122,794.1260474406904,0.0,0.0,0,1021.6101682941169,1024.9999988831412,-3.3898317058831253,-1.1168588116561295e-06,-2.762608194643541,-5.387919607043851e-06
encodec,12.0kbps,24000,20260826,1025.0,440.0,795.3942817841688,440Hz_ongrid,1,440.1483357569675,794.7599436628393,439.9999989072061,795.3942793082049,440.1483357569675,794.7599436628393,0.0,0.0,0,1023.0352187600677,1024.9999989106145,-1.9647812399323357,-1.0893854778259993e-06,-1.3812343418588637,-5.389117240080295e-06
encodec,12.0kbps,24000,20260826,1025.0,440.0,795.3942817841688,440Hz_ongrid,2,440.15099250897515,794.8085070405206,439.99999891128044,795.3942793107079,440.15099250897515,794.8085070405206,0.0,0.0,0,1023.1305518882917,1024.9999989000314,-1.869448111708266,-1.0999685855495045e-06,-1.2754514509511103,-5.383669172608306e-06
encodec,12.0kbps,24000,20260826,1025.0,440.0,795.3942817841688,440Hz_ongrid,3,440.2571268320385,794.7925887652128,439.9999989120614,795.3942793092754,440.2571268320385,794.7925887652128,0.0,0.0,0,1022.6784737583101,1024.9999988938405,-2.3215262416898668,-1.1061595159844728e-06,-1.310124628125933,-5.386787323908288e-06
encodec,12.0kbps,24000,20260826,1025.0,440.0,795.3942817841688,440Hz_ongrid,4,440.1470485676761,794.4600167058671,439.99999890940813,795.3942793093217,440.1470485676761,794.4600167058671,0.0,0.0,0,1022.3868242717588,1024.999998904381,-2.613175728241231,-1.0956189271382755e-06,-2.034691735116757,-5.386686415973105e-06
encodec,12.0kbps,24000,20260826,1025.0,452.8929,818.7009611832941,452.9Hz_+50c,0,451.10516356211383,822.7451192729002,452.8929010502609,818.7009630722905,451.10516356211383,822.7451192729002,0.0,0.0,0,1040.3781156401208,1024.9999999797521,15.378115640120768,-2.0247853171895258e-08,8.530768612565698,3.994492684942363e-06
encodec,12.0kbps,24000,20260826,1025.0,452.8929,818.7009611832941,452.9Hz_+50c,1,451.48054844755075,822.8194025918355,452.8929010491944,818.7009630702921,451.48054844755075,822.8194025918355,0.0,0.0,0,1039.0943781869044,1024.999999979603,14.09437818690435,-2.039701030298602e-08,8.687069759554603,3.990266852845335e-06
encodec,12.0kbps,24000,20260826,1025.0,452.8929,818.7009611832941,452.9Hz_+50c,2,451.7176193035524,824.8513231252109,452.8929010390737,818.7009630718283,451.7176193035524,825.0907215635094,0.0,-0.5023870164633445,0,1042.4554969662993,1025.0000000215387,17.45549696629928,2.1538653527386487e-08,12.9570148896468,3.993515127312713e-06
encodec,12.0kbps,24000,20260826,1025.0,452.8929,818.7009611832941,452.9Hz_+50c,3,451.0605367438277,823.4576959502253,452.89290104618993,818.7009630702295,451.0605367438277,823.4576959502253,0.0,0.0,0,1042.048158024347,1024.9999999909555,17.048158024347003,-9.044470061780885e-09,10.02953543764503,3.990134230988383e-06
encodec,12.0kbps,24000,20260826,1025.0,452.8929,818.7009611832941,452.9Hz_+50c,4,450.9061743518297,824.5677881270819,452.8929010472129,818.7009630712423,450.9061743518297,824.5677881270819,0.0,0.0,0,1044.9730055763239,1024.999999989187,19.973005576323885,-1.0812982509378344e-08,12.361816926498413,3.992276170080956e-06
encodec,12.0kbps,24000,20260826,1030.0,440.0,797.6947910167371,440Hz_ongrid,0,440.11539218372644,796.6462286878859,439.9999989199019,797.6947915446086,440.11539218372644,796.6462286878859,0.0,0.0,0,1027.2688468671583,1030.000005395416,-2.731153132841655,5.3954161103320075e-06,-2.277187936045371,1.1456375760684636e-06
encodec,12.0kbps,24000,20260826,1030.0,440.0,797.6947910167371,440Hz_ongrid,1,440.1919717347484,796.5377169527111,439.9999989068658,797.6947915449268,440.1919717347484,796.5377169527111,0.0,0.0,0,1026.731811768747,1030.000005447399,-3.268188231252907,5.4473989621328656e-06,-2.513016587799459,1.1463283629592893e-06
encodec,12.0kbps,24000,20260826,1030.0,440.0,797.6947910167371,440Hz_ongrid,2,440.19629858765836,796.8923334987268,439.9999989188248,797.6947915417448,440.19629858765836,796.8923334987268,0.0,0.0,0,1027.4853641803122,1030.0000053934389,-2.5146358196877827,5.393438868850353e-06,-1.7424471501435514,1.139422416106924e-06
encodec,12.0kbps,24000,20260826,1030.0,440.0,797.6947910167371,440Hz_ongrid,3,440.13377291888696,796.5709361801086,439.9999989145645,797.6947915432639,440.13377291888696,796.5709361801086,0.0,0.0,0,1027.0329162152025,1030.0000054134985,-2.9670837847975235,5.4134984566189814e-06,-2.4408177990359397,1.1427191263883572e-06
encodec,12.0kbps,24000,20260826,1030.0,440.0,797.6947910167371,440Hz_ongrid,4,440.28896141363714,796.5325717744962,439.99999890374744,797.6947915454946,440.28896141363714,796.5325717744962,0.0,0.0,0,1026.33921958923,1030.0000054609006,-3.6607804107700304,5.46090063835436e-06,-2.5241994060055597,1.14756040079184e-06
encodec,12.0kbps,24000,20260826,1030.0,452.8929,821.0688800419637,452.9Hz_+50c,0,451.2428620628745,827.0122760914876,452.8929010457695,821.0688819631506,451.2428620628745,827.0122760914876,0.0,0.0,0,1048.805560464936,1030.000000053275,18.80556046493598,5.327501639840193e-08,12.48658681018866,4.05084659504417e-06
encodec,12.0kbps,24000,20260826,1030.0,452.8929,821.0688800419637,452.9Hz_+50c,1,451.1630592950107,828.2558271383613,452.8929010388065,821.0688819624685,451.1630592950107,828.2558271383613,0.0,0.0,0,1051.7130023289255,1030.000000078454,21.71300232892554,7.845392246963456e-08,15.087831061716214,4.049408512821442e-06
encodec,12.0kbps,24000,20260826,1030.0,452.8929,821.0688800419637,452.9Hz_+50c,2,450.95431433681455,827.6471928487333,452.8929010457484,821.068881962973,450.95431433681455,827.6471928487333,0.0,0.0,0,1051.2415531372478,1030.0000000529815,21.24155313724782,5.298147698340472e-08,13.81518593653081,4.05047217855528e-06
encodec,12.0kbps,24000,20260826,1030.0,452.8929,821.0688800419637,452.9Hz_+50c,3,452.058677779097,828.323522703494,452.89290104672614,821.0688819636151,452.058677779097,828.323522703494,0.0,0.0,0,1048.421172512205,1030.0000000505977,18.421172512204976,5.0597691370057873e-08,15.229323671056104,4.051826074729684e-06
encodec,12.0kbps,24000,20260826,1030.0,452.8929,821.0688800419637,452.9Hz_+50c,4,451.2217531116445,826.8925222589792,452.8929010456212,821.0688819626395,451.2217531116445,826.8925222589792,0.0,0.0,0,1048.6358427783805,1030.0000000527643,18.635842778380493,5.276433512335643e-08,12.235880828908337,4.049769090507868e-06
encodec,12.0kbps,24000,20260826,1035.0,440.0,800.0019539842522,440Hz_ongrid,0,440.18468033081314,797.1391725337639,439.99999891229595,800.0019567405086,440.18468033081314,797.1391725337639,0.0,0.0,0,1028.067228119354,1035.0000102443469,-6.932771880645987,1.0244346867693821e-05,-6.2062768876443695,5.964641495529266e-06
encodec,12.0kbps,24000,20260826,1035.0,440.0,800.0019539842522,440Hz_ongrid,1,440.2083207897924,796.9681334281167,439.9999989189098,800.0019567389841,440.2083207897924,796.9681334281167,0.0,0.0,0,1027.6027492205133,1035.0000102150248,-7.39725077948674,1.0215024758508662e-05,-6.577781018448068,5.9613424787899405e-06
encodec,12.0kbps,24000,20260826,1035.0,440.0,800.0019539842522,440Hz_ongrid,2,440.14767878431337,797.6266470018312,439.9999989091333,800.0019567407066,440.14767878431337,797.6266470018312,0.0,0.0,0,1029.2711381519512,1035.0000102572192,-5.728861848048837,1.0257219173581689e-05,-5.147899020354888,5.965070113994e-06
encodec,12.0kbps,24000,20260826,1035.0,440.0,800.0019539842522,440Hz_ongrid,3,440.16154449528096,797.9133791785538,439.99999891361267,800.0019567370252,440.16154449528096,797.9133791785538,0.0,0.0,0,1029.8388360837234,1035.000010231628,-5.161163916276564,1.0231628039036877e-05,-4.5256639093533,5.957103576717623e-06
encodec,12.0kbps,24000,20260826,1035.0,440.0,800.0019539842522,440Hz_ongrid,4,440.28729528031,798.106477385268,439.9999989060252,800.0019567383301,440.28729528031,798.106477385268,0.0,0.0,0,1029.7632212301537,1035.0000102643055,-5.236778769846296,1.0264305501550552e-05,-4.106749081278071,5.9599274612395476e-06
encodec,12.0kbps,24000,20260826,1035.0,452.8929,823.4436476036238,452.9Hz_+50c,0,451.0262854661587,829.2054618470199,452.8929010490747,823.4436497528685,451.0262854661587,829.2054618470199,0.0,0.0,0,1054.2217250328029,1035.000000508434,19.22172503280285,5.084339136374183e-07,12.071636213154814,4.5186400190861075e-06
encodec,12.0kbps,24000,20260826,1035.0,452.8929,823.4436476036238,452.9Hz_+50c,1,451.31946863115473,829.6693485099102,452.89290104819946,823.4436497525027,451.31946863115473,829.6693485099102,0.0,0.0,0,1054.0649691169665,1035.0000005110103,19.064969116966495,5.110102847538656e-07,13.039878544189431,4.517870812316019e-06
encodec,12.0kbps,24000,20260826,1035.0,452.8929,823.4436476036238,452.9Hz_+50c,2,450.6978229682996,830.0836789655616,452.89290104451345,823.4436497520604,450.6978229682996,830.0836789655616,0.0,0.0,0,1057.315556956972,1035.0000005241707,22.315556956971932,5.241706730885198e-07,13.90422763157178,4.516941306084097e-06
encodec,12.0kbps,24000,20260826,1035.0,452.8929,823.4436476036238,452.9Hz_+50c,3,450.75338709509236,829.7682847681544,452.8929010457889,823.4436497526926,450.75338709509236,829.6525965627519,0.0,0.2413894664650324,0,1056.4442200002286,1035.0000005206246,21.444220000228597,5.206245532463072e-07,13.246312116295586,4.518270215531472e-06
encodec,12.0kbps,24000,20260826,1035.0,452.8929,823.4436476036238,452.9Hz_+50c,4,451.2483707175757,828.88302869999,452.8929010423368,823.4436497527599,451.2483707175757,828.88302869999,0.0,0.0,0,1052.696161360699,1035.000000533962,17.69616136069908,5.339620656741317e-07,11.398322028894471,4.51841206325669e-06
encodec,12.0kbps,24000,20260826,1040.0,440.0,802.3157899312308,440Hz_ongrid,0,440.24245436490537,799.2780647210845,439.9999989074477,802.315788485738,440.24245436490537,799.2780647210845,0.0,0.0,0,1032.4790637368237,1040.0000011797024,-7.5209362631762815,1.179702394438209e-06,-6.567232518480566,-3.1190790694771452e-06
encodec,12.0kbps,24000,20260826,1040.0,440.0,802.3157899312308,440Hz_ongrid,1,440.152855097729,799.106034889188,439.99999890995383,802.3157884833986,440.152855097729,799.106034889188,0.0,0.0,0,1032.4587885269805,1040.0000011647937,-7.54121147301953,1.1647937299130717e-06,-6.93988875756238,-3.1241269649024283e-06
encodec,12.0kbps,24000,20260826,1040.0,440.0,802.3157899312308,440Hz_ongrid,2,440.1330466043637,799.1279905614878,439.99999891903013,802.315788482065,440.1330466043637,799.1279905614878,0.0,0.0,0,1032.5842676731581,1040.0000011262043,-7.415732326841862,1.1262043244641973e-06,-6.892323248566077,-3.1270044747989403e-06
encodec,12.0kbps,24000,20260826,1040.0,440.0,802.3157899312308,440Hz_ongrid,3,440.33907976804596,799.1981349052397,439.9999989139177,802.3157884845851,440.33907976804596,799.1981349052397,0.0,0.0,0,1031.9259938759399,1040.0000011517577,-8.074006124060134,1.151757714978885e-06,-6.740368932865577,-3.1215667864359614e-06
encodec,12.0kbps,24000,20260826,1040.0,440.0,802.3157899312308,440Hz_ongrid,4,440.1831959425047,799.1696328234167,439.9999989162778,802.3157884848306,440.1831959425047,799.1696328234167,0.0,0.0,0,1032.4772314370398,1040.000001143001,-7.522768562960209,1.1430010999902152e-06,-6.802111637545648,-3.1210370678283353e-06
encodec,12.0kbps,24000,20260826,1040.0,452.8929,825.8252836766952,452.9Hz_+50c,0,452.01367364012833,831.8879578159399,452.8929010450609,825.825285709154,452.01367364012833,831.8879578159399,0.0,0.0,0,1056.0273811677264,1040.0000002659194,16.02738116772639,2.659194251464214e-07,12.66317289611021,4.260782381645371e-06
encodec,12.0kbps,24000,20260826,1040.0,452.8929,825.8252836766952,452.9Hz_+50c,1,451.57121004676674,830.5344169894169,452.89290103965294,825.8252857107973,451.57121004676674,830.5344169894169,0.0,0.0,0,1054.9037330001038,1040.000000290037,14.903733000103784,2.9003695090068504e-07,9.844037977094464,4.2642274746361515e-06
encodec,12.0kbps,24000,20260826,1040.0,452.8929,825.8252836766952,452.9Hz_+50c,2,451.2513988596182,831.4787415808988,452.89290104948026,825.8252857082716,451.2513988596182,831.4787415808988,0.0,0.0,0,1058.097569157545,1040.000000247176,18.097569157544967,2.47176103584934e-07,11.811347385735651,4.25893259504956e-06
encodec,12.0kbps,24000,20260826,1040.0,452.8929,825.8252836766952,452.9Hz_+50c,3,451.78561916065223,830.9679772917005,452.89290103974514,825.8252857110942,451.78561916065223,830.9679772917005,0.0,0.0,0,1054.9854391017282,1040.000000290307,14.985439101728161,2.903070708271116e-07,10.747550818553139,4.264849836335779e-06
encodec,12.0kbps,24000,20260826,1040.0,452.8929,825.8252836766952,452.9Hz_+50c,4,451.29637927429894,831.5125584239139,452.89290103809617,825.8252857087379,451.29637927429894,831.1570903694421,0.0,0.740253373939553,0,1057.995418705298,1040.0000002916706,17.995418705298107,2.9167063075874466e-07,11.881756497398003,4.259910152679059e-06
encodec,12.0kbps,24000,20260826,1045.0,440.0,804.6363181578506,440Hz_ongrid,0,440.3191927006867,800.3564630737854,439.9999989212246,804.6363191449055,440.3191927006867,800.3564630737854,0.0,0.0,0,1034.5115533838127,1045.0000063682955,-10.488446616187275,6.36829554423457e-06,-9.23299904571308,2.1237210815439567e-06
encodec,12.0kbps,24000,20260826,1045.0,440.0,804.6363181578506,440Hz_ongrid,1,440.1963953492149,800.7676651356758,439.9999989165258,804.6363191501949,440.1963953492149,800.7676651356758,0.0,0.0,0,1035.8836657589761,1045.0000063981643,-9.116334241023878,6.398164259735495e-06,-8.343765021067725,2.1351015745274115e-06
encodec,12.0kbps,24000,20260826,1045.0,440.0,804.6363181578506,440Hz_ongrid,2,440.19687518472136,800.7157484994808,439.9999989070102,804.6363191447601,440.19687518472136,599.9838651097984,0.0,499.63977294799395,0,1035.7695328869731,1045.000006423911,-9.230467113026862,6.423910917874309e-06,-8.456010764682564,2.123408170843448e-06
encodec,12.0kbps,24000,20260826,1045.0,440.0,804.6363181578506,440Hz_ongrid,3,440.22286686652956,800.3604482871617,439.9999989110507,804.6363191491051,440.22286686652956,800.3604482871617,0.0,0.0,0,1034.898946206155,1045.0000064173619,-10.10105379384504,6.417361873900518e-06,-9.22437873684919,2.1327566663295097e-06
encodec,12.0kbps,24000,20260826,1045.0,440.0,804.6363181578506,440Hz_ongrid,4,440.2922607416031,800.5641403330344,439.99999891172723,804.6363191495248,440.2922607416031,599.98788668646,0.0,499.3003445682576,0,1035.0666108986552,1045.0000064156027,-9.933389101344801,6.4156026837736135e-06,-8.783835053844376,2.133659648191292e-06
encodec,12.0kbps,24000,20260826,1045.0,452.8929,828.2138081268901,452.9Hz_+50c,0,451.05321520751045,832.6871139644938,452.8929010466348,828.2138102113906,451.05321520751045,832.6871139644938,0.0,0.0,0,1061.372214668144,1045.0000003563996,16.372214668143897,3.563995960575994e-07,9.325490762873452,4.3572788135684285e-06
encodec,12.0kbps,24000,20260826,1045.0,452.8929,828.2138081268901,452.9Hz_+50c,1,451.49072894688817,832.5402062993019,452.89290104645505,828.213810212089,451.49072894688817,832.5402062993019,0.0,0.0,0,1059.3883001243018,1045.0000003585467,14.38830012430185,3.5854668567480985e-07,9.020029100535602,4.358738422816952e-06
encodec,12.0kbps,24000,20260826,1045.0,452.8929,828.2138081268901,452.9Hz_+50c,2,450.4625683741902,832.6786597810731,452.8929010499423,828.2138102154075,450.4625683741902,832.6786597810731,0.0,0.0,0,1063.623145924886,1045.000000352153,18.623145924886103,3.5215293792134617e-07,9.307913639065763,4.3656751225508346e-06
encodec,12.0kbps,24000,20260826,1045.0,452.8929,828.2138081268901,452.9Hz_+50c,3,451.2117033702923,832.1962252976895,452.89290103800045,828.2138102152786,451.2117033702923,832.1962252976895,0.0,0.0,0,1059.743107484513,1045.0000003975324,14.743107484513075,3.9753240343998186e-07,8.304586560328472,4.3654056503140134e-06
encodec,12.0kbps,24000,20260826,1045.0,452.8929,828.2138081268901,452.9Hz_+50c,4,451.19182120158393,832.6084831417512,452.8929010508877,828.2138102147551,451.19182120158393,832.6084831417512,0.0,0.0,0,1060.6768098519117,1045.0000003471753,15.676809851911685,3.4717527341854293e-07,9.162002241104835,4.364311616097188e-06
encodec,12.0kbps,24000,20260826,1050.0,440.0,806.9635580201107,440Hz_ongrid,0,440.29951496109726,801.8136024602547,439.9999989110835,806.9635602405458,440.29951496109726,599.983994480157,0.0,502.01145287603396,0,1037.7379649733284,1050.000009048127,-12.262035026671583,9.048126912603038e-06,-11.083957542694954,4.7636510192841144e-06
encodec,12.0kbps,24000,20260826,1050.0,440.0,806.9635580201107,440Hz_ongrid,1,440.2256952404197,801.7009484687262,439.99999891740583,806.9635602424839,440.2256952404197,599.9946597421668,0.0,501.73742518432994,0,1037.784990782416,1050.0000090274089,-12.215009217584111,9.027408850670327e-06,-11.327211245762758,4.7678091950116805e-06
encodec,12.0kbps,24000,20260826,1050.0,440.0,806.9635580201107,440Hz_ongrid,2,440.13854210024664,801.5315304327581,439.9999989117555,806.9635602400652,440.13854210024664,599.9833686066534,0.0,501.4041164739883,0,1037.7618750062713,1050.000009044452,-12.238124993728661,9.044452099260525e-06,-11.693099883057258,4.762620028500963e-06
encodec,12.0kbps,24000,20260826,1050.0,440.0,806.9635580201107,440Hz_ongrid,3,440.1207137675446,803.4414539923806,439.99999891396675,806.9635602408205,440.1207137675446,599.9981753736735,0.0,505.4817438143415,0,1041.9523534073894,1050.0000090373715,-8.04764659261059,9.037371455633547e-06,-7.572748586903701,4.764240321622135e-06
encodec,12.0kbps,24000,20260826,1050.0,440.0,806.9635580201107,440Hz_ongrid,4,440.2001847648897,801.814673559552,439.99999891581666,806.9635602428544,440.2001847648897,600.0019019695557,0.0,501.96209483655684,0,1038.1308826922668,1050.0000090344568,-11.869117307733177,9.03445675248804e-06,-11.081644882583973,4.768604157330677e-06
encodec,12.0kbps,24000,20260826,1050.0,452.8929,830.6092408773777,452.9Hz_+50c,0,451.27933113788924,834.7710489968856,452.89290104057864,830.6092423889395,451.27933113788924,834.7710489968856,0.0,0.0,0,1064.8318355450647,1049.9999991728107,14.831835545064678,-8.271892966149608e-07,8.65277314106143,3.1505394670149432e-06
encodec,12.0kbps,24000,20260826,1050.0,452.8929,830.6092408773777,452.9Hz_+50c,1,450.6926097108243,834.1826749454128,452.8929010402799,830.6092423894158,450.6926097108243,834.1826749454128,0.0,0.0,0,1065.8634670562049,1049.9999991749453,15.863467056204854,-8.250547125498997e-07,7.432112293389401,3.1515324010922588e-06
encodec,12.0kbps,24000,20260826,1050.0,452.8929,830.6092408773777,452.9Hz_+50c,2,451.078788408999,833.5625367107705,452.8929010465792,830.6092423896785,451.078788408999,833.5625367107705,0.0,0.0,0,1063.0931916277584,1049.999999151413,13.093191627758415,-8.485869784635724e-07,6.144620092640231,3.152079802612234e-06
encodec,12.0kbps,24000,20260826,1050.0,452.8929,830.6092408773777,452.9Hz_+50c,3,450.939033843405,833.9254566920789,452.8929010497313,830.6092423935903,450.939033843405,833.9254566920789,0.0,0.0,0,1064.3832387551572,1049.9999991475172,14.383238755157208,-8.524827990186168e-07,6.898208053854151,3.160233163734879e-06
encodec,12.0kbps,24000,20260826,1050.0,452.8929,830.6092408773777,452.9Hz_+50c,4,451.0828984189137,834.0878581613969,452.89290105118295,830.6092423888261,451.0828984189137,834.0878581613969,0.0,0.0,0,1064.1681190615654,1049.999999132038,14.168119061565449,-8.679619440954411e-07,7.235321614862522,3.150303054139392e-06
encodec,12.0kbps,24000,20260826,1055.0,440.0,809.2975289299935,440Hz_ongrid,0,440.2951908255077,805.4501160155278,439.9999989118677,809.2975268036,440.2951908255077,600.0103392873351,0.0,509.76945594327316,0,1045.5889857972766,1054.9999997326493,-9.411014202723436,-2.6735074243333656e-07,-8.249939071171195,-4.548740964033462e-06
encodec,12.0kbps,24000,20260826,1055.0,440.0,809.2975289299935,440Hz_ongrid,1,440.22586129687045,805.4898050264826,439.99999891058496,809.2975268007417,440.22586129687045,599.9960878291726,0.0,509.89588217629154,0,1045.9469153598207,1054.9999997315817,-9.05308464017935,-2.6841826183954254e-07,-8.164633633947558,-4.554855408285901e-06
encodec,12.0kbps,24000,20260826,1055.0,440.0,809.2975289299935,440Hz_ongrid,2,440.15411187961257,805.3262818709476,439.999998908392,809.2975268044801,440.15411187961257,599.9959027261136,0.0,509.54492132974565,0,1045.8776054675823,1054.9999997482073,-9.12239453241773,-2.517926986911334e-07,-8.516128578588807,-4.546858310272225e-06
encodec,12.0kbps,24000,20260826,1055.0,440.0,809.2975289299935,440Hz_ongrid,3,440.18800941593815,806.2247554027078,439.9999989136102,809.2975268019345,440.18800941593815,806.2247554027078,0.0,0.0,0,1047.6746821254096,1054.99999972223,-7.325317874590382,-2.7776991373684723e-07,-6.585729732317088,-4.552303879068901e-06
encodec,12.0kbps,24000,20260826,1055.0,440.0,809.2975289299935,440Hz_ongrid,4,440.2807441858434,805.6647924849541,439.99999891161184,809.2975268029337,440.2807441858434,599.9936248999652,0.0,510.27904731929505,0,1046.107154706251,1054.9999997322307,-8.892845293748906,-2.6776933736982755e-07,-7.7885750633739645,-4.550166360694345e-06
encodec,12.0kbps,24000,20260826,1055.0,452.8929,833.0116019089515,452.9Hz_+50c,0,451.6989130073854,835.9315979046621,452.8929010468012,833.0116029782777,451.6989130073854,835.9315979046621,0.0,0.0,0,1065.6281438101728,1054.9999982208471,10.628143810172787,-1.7791528534871759e-06,6.057967280955795,2.222362527970333e-06
encodec,12.0kbps,24000,20260826,1055.0,452.8929,833.0116019089515,452.9Hz_+50c,1,451.41797819336045,835.5944411908879,452.89290104208374,833.011602976749,451.41797819336045,835.5944411908879,0.0,0.0,0,1066.0068220380822,1054.9999982357033,11.006822038082191,-1.764296712281066e-06,5.359566924609302,2.219185753979105e-06
encodec,12.0kbps,24000,20260826,1055.0,452.8929,833.0116019089515,452.9Hz_+50c,2,451.6462864286997,835.5458731949552,452.89290104008484,833.0116029772933,451.6462864286997,835.5458731949552,0.0,0.0,0,1065.0308290064838,1054.9999982444754,10.030829006483827,-1.755524635882466e-06,5.258937949826953,2.2203166916705615e-06
encodec,12.0kbps,24000,20260826,1055.0,452.8929,833.0116019089515,452.9Hz_+50c,3,451.5509902722973,836.017419602667,452.8929010536792,833.0116029769632,451.5509902722973,836.017419602667,0.0,0.0,0,1066.3729122631462,1054.9999981918236,11.37291226314619,-1.8081764210364781e-06,6.23569691781602,2.219630902125504e-06
encodec,12.0kbps,24000,20260826,1055.0,452.8929,833.0116019089515,452.9Hz_+50c,4,451.57758772271126,835.5691384272097,452.89290103838766,833.011602979686,451.57758772271126,835.5691384272097,0.0,0.0,0,1065.3423868233676,1054.999998255936,10.342386823367633,-1.7440640931454254e-06,5.307142366591382,2.2252894346945786e-06
encodec,12.0kbps,24000,20260826,1060.0,440.0,811.6382503556265,440Hz_ongrid,0,440.25140404569834,807.7026346198946,439.9999989135999,811.6382493788633,440.25140404569834,600.003028845174,0.0,514.6253541189583,0,1050.5959682499392,1060.0000021911271,-9.404031750060767,2.19112712329661e-06,-8.415134137810554,-2.0834474779571883e-06
encodec,12.0kbps,24000,20260826,1060.0,440.0,811.6382503556265,440Hz_ongrid,1,440.1495867852029,808.162638584353,439.9999989095812,811.6382493787472,440.1495867852029,599.9988770192309,0.0,515.623027978917,0,1051.9820925473175,1060.0000022066915,-8.017907452682493,2.2066915335017256e-06,-7.429439896223008,-2.083695038757701e-06
encodec,12.0kbps,24000,20260826,1060.0,440.0,811.6382503556265,440Hz_ongrid,2,440.1702736827913,810.1818923558311,439.99999892077625,811.6382493766527,440.1702736827913,812.8152914147378,0.0,-5.618043163567864,0,1056.2209475905381,1060.0000021581757,-3.779052409461883,2.158175675504026e-06,-3.1092192878496587,-2.088162857707955e-06
encodec,12.0kbps,24000,20260826,1060.0,440.0,811.6382503556265,440Hz_ongrid,3,440.18887889762885,808.0035203553708,439.9999989059408,811.638249377457,440.18887889762885,599.9915737049291,0.0,515.3032067807574,0,1051.486658067043,1060.000002218263,-8.513341932957019,2.2182630345923826e-06,-7.770334172727183,-2.0864472306075035e-06
encodec,12.0kbps,24000,20260826,1060.0,440.0,811.6382503556265,440Hz_ongrid,4,440.20605332578305,809.1343268241441,439.99999890718857,811.6382493774219,440.20605332578305,599.9950044909706,0.0,517.7144876059249,0,1053.8402935747874,1060.0000022132785,-6.159706425212562,2.213278548879316e-06,-5.349154080820976,-2.086522190787783e-06
encodec,12.0kbps,24000,20260826,1060.0,452.8929,835.4209112601948,452.9Hz_+50c,0,451.59413126988187,836.6121411468057,452.8929010515597,835.4209108919364,451.59413126988187,836.6121411468057,0.0,0.0,0,1067.4386368287562,1059.9999952171565,7.438636828756216,-4.782843461725861e-06,2.4668149782358126,-7.631380729583488e-07
encodec,12.0kbps,24000,20260826,1060.0,452.8929,835.4209112601948,452.9Hz_+50c,1,451.3303354389054,836.5485738760243,452.89290104491806,835.4209108906499,451.3303354389054,836.5485738760243,0.0,0.0,0,1068.3186744148845,1059.9999952398794,8.318674414884526,-4.760120646096766e-06,2.3352677542927145,-7.658039644960007e-07
encodec,12.0kbps,24000,20260826,1060.0,452.8929,835.4209112601948,452.9Hz_+50c,2,451.94751241727135,836.8067455710957,452.89290103496313,835.4209108899219,451.94751241727135,836.8067455710957,0.0,0.0,0,1066.487098129983,1059.9999952764242,6.487098129982996,-4.723575784737477e-06,2.869470654734536,-7.673127783799656e-07
encodec,12.0kbps,24000,20260826,1060.0,452.8929,835.4209112601948,452.9Hz_+50c,3,451.0173937689767,836.332931529394,452.8929010444151,835.4209108892139,451.0173937689767,836.332931529394,0.0,0.0,0,1069.0731585576684,1059.999995238826,9.073158557668421,-4.7611740683350945e-06,1.8889392202413642,-7.687796914452434e-07
encodec,12.0kbps,24000,20260826,1060.0,452.8929,835.4209112601948,452.9Hz_+50c,4,451.0183040649507,836.254233867986,452.8929010360616,835.4209108917296,451.0183040649507,836.254233867986,0.0,0.0,0,1068.9067502169944,1059.9999952759715,8.906750216994396,-4.7240284857252846e-06,1.7260250547726894,-7.635664992191579e-07
encodec,12.0kbps,24000,20260826,1065.0,440.0,813.9857418214444,440Hz_ongrid,0,440.33627814181494,814.0432465898724,439.9999989139757,813.9857424799826,440.33627814181494,599.9728764670178,0.0,528.2497916720207,0,1063.7996779933917,1065.0000056737151,-1.2003220066083031,5.673715122611611e-06,0.12230029543240628,1.4006186651121474e-06
encodec,12.0kbps,24000,20260826,1065.0,440.0,813.9857418214444,440Hz_ongrid,1,440.34830525450474,814.8424513544755,439.9999989168473,813.985742479533,440.34830525450474,599.9987506825514,0.0,529.8739757986576,0,1065.4512357228516,1065.0000056614601,0.4512357228516066,5.661460136252572e-06,1.8211433921951294,1.3996626345071221e-06
encodec,12.0kbps,24000,20260826,1065.0,440.0,813.9857418214444,440Hz_ongrid,2,440.28205203778936,815.5809619817493,439.99999891241066,813.9857424792026,440.28205203778936,815.5809619817493,0.0,0.0,0,1067.2800775422493,1065.0000056782137,2.2800775422492734,5.6782137107802555e-06,3.3894903878463993,1.3989599308698132e-06
encodec,12.0kbps,24000,20260826,1065.0,440.0,813.9857418214444,440Hz_ongrid,3,440.0947799958983,814.9399101944316,439.999998918437,813.9857424800845,440.0947799958983,599.9904277289769,0.0,530.1050420178282,0,1066.6553110503712,1065.0000056563779,1.6553110503712105,5.656377879859065e-06,2.028194427101697,1.40083547301775e-06
encodec,12.0kbps,24000,20260826,1065.0,440.0,813.9857418214444,440Hz_ongrid,4,440.1853735393518,815.4720023887267,439.9999989155438,813.9857424785602,440.1853735393518,811.2401881319398,0.0,9.007466102966815,0,1067.428965002336,1065.0000056645197,2.428965002336099,5.664519676429336e-06,3.158186363005426,1.3975933491243896e-06
encodec,12.0kbps,24000,20260826,1065.0,452.8929,837.8371890276483,452.9Hz_+50c,0,451.1323418839215,837.7590388352162,452.89290104748324,837.8371875843424,451.1323418839215,837.7590388352162,0.0,0.0,0,1071.5815559447606,1064.9999930135555,6.5815559447605665,-6.986444532230962e-06,-0.16149030646873172,-2.9823221009100365e-06
encodec,12.0kbps,24000,20260826,1065.0,452.8929,837.8371890276483,452.9Hz_+50c,1,451.04365268517824,837.8323294968445,452.8929010520292,837.8371875836177,451.04365268517824,837.8323294968445,0.0,0.0,0,1072.0733858596373,1064.9999929946807,7.073385859637256,-7.005319275776856e-06,-0.010041341800303761,-2.983819382460499e-06
encodec,12.0kbps,24000,20260826,1065.0,452.8929,837.8371890276483,452.9Hz_+50c,2,451.20671803784717,837.9413967234949,452.8929010465156,837.837187582507,451.20671803784717,837.9413967234949,0.0,0.0,0,1071.672961377971,1064.999993013462,6.672961377970978,-6.986537982811569e-06,0.2153123485299774,-2.98611450941738e-06
encodec,12.0kbps,24000,20260826,1065.0,452.8929,837.8371890276483,452.9Hz_+50c,3,451.1080954414383,837.6531076750146,452.89290103636733,837.8371875833514,451.1080954414383,837.6531076750146,0.0,0.0,0,1071.455683688602,1064.9999930539996,6.455683688601994,-6.946000439711497e-06,-0.3804115217941548,-2.984369859271864e-06
encodec,12.0kbps,24000,20260826,1065.0,452.8929,837.8371890276483,452.9Hz_+50c,4,450.72087173017036,837.5319475343883,452.8929010506408,837.8371875844471,450.72087173017036,837.5319475343883,0.0,0.0,0,1072.6919565412327,1064.9999930017018,7.691956541232685,-6.998298204052844e-06,-0.6308394498076139,-2.9821056774150656e-06
encodec,12.0kbps,24000,20260826,1070.0,440.0,816.3400229083524,440Hz_ongrid,0,440.1423122150242,819.0330645485011,439.9999989124254,816.3400242372439,440.1423122150242,819.0330645485011,0.0,0.0,0,1075.1419510996395,1070.0000070974118,5.1419510996395275,7.097411753420602e-06,5.701805457226742,2.818215617670878e-06
encodec,12.0kbps,24000,20260826,1070.0,440.0,816.3400229083524,440Hz_ongrid,1,440.19442485862055,820.1907180658164,439.99999891261297,816.340024237471,440.19442485862055,820.1907180658164,0.0,0.0,0,1077.382252455482,1070.000007097155,7.382252455482103,7.097155048541026e-06,8.147071979889414,2.818697284879207e-06
encodec,12.0kbps,24000,20260826,1070.0,440.0,816.3400229083524,440Hz_ongrid,2,440.1094145704748,820.0719750243418,439.9999989112474,816.3400242365284,440.1094145704748,600.0061043184301,0.0,540.9280289570142,0,1077.4659630227136,1070.0000071005293,7.465963022713595,7.100529273884604e-06,7.8964145727366075,2.81669834674408e-06
encodec,12.0kbps,24000,20260826,1070.0,440.0,816.3400229083524,440Hz_ongrid,3,440.2034785689366,819.6556551813104,439.99999890939114,816.3400242368627,440.2034785689366,819.6556551813104,0.0,0.0,0,1076.2168823301217,1070.0000071085421,6.216882330121734,7.108542149580899e-06,7.017308689822625,2.81740758537087e-06
encodec,12.0kbps,24000,20260826,1070.0,440.0,816.3400229083524,440Hz_ongrid,4,440.26212207234266,818.2701407863351,439.99999891127027,816.3400242360894,440.26212207234266,818.4139420181435,0.0,-0.3042170349924548,0,1073.0573766905172,1070.0000070995084,3.0573766905172306,7.099508366081864e-06,4.0884211003257835,2.8157673028665257e-06
encodec,12.0kbps,24000,20260826,1070.0,452.8929,840.2604553659776,452.9Hz_+50c,0,451.17863545077785,838.5678765890417,452.89290103621545,840.2604522007641,451.17863545077785,838.5678765890417,0.0,0.0,0,1073.0745737693355,1069.9999895174897,3.0745737693355295,-1.0482510333531536e-05,-3.4908286289917294,-6.5214603441580245e-06
encodec,12.0kbps,24000,20260826,1070.0,452.8929,840.2604553659776,452.9Hz_+50c,1,451.6884752602228,838.5816464689239,452.8929010486825,840.260452201505,451.6884752602228,838.5816464689239,0.0,0.0,0,1071.1477811509837,1069.9999894713592,1.1477811509837466,-1.0528640814300161e-05,-3.462400770203468,-6.519933847354678e-06
encodec,12.0kbps,24000,20260826,1070.0,452.8929,840.2604553659776,452.9Hz_+50c,2,451.6892651847524,838.5381066419636,452.89290104246595,840.2604522016517,451.6892651847524,838.5381066419636,0.0,0.0,0,1071.0548641423632,1069.999989495425,1.054864142363158,-1.0504574902370223e-05,-3.552290154430283,-6.5196317001656996e-06
encodec,12.0kbps,24000,20260826,1070.0,452.8929,840.2604553659776,452.9Hz_+50c,3,451.4579069853346,838.6768365535236,452.89290103676757,840.260452201586,451.4579069853346,838.6768365535236,0.0,0.0,0,1072.2282368809524,1069.9999895170722,2.2282368809524087,-1.048292779159965e-05,-3.265894009393915,-6.519767205107322e-06
encodec,12.0kbps,24000,20260826,1070.0,452.8929,840.2604553659776,452.9Hz_+50c,4,451.5188823110874,838.7831369027375,452.8929010457576,840.2604522009732,451.5188823110874,838.7831369027375,0.0,0.0,0,1072.2138427574455,1069.9999894814443,2.213842757445491,-1.0518555654925876e-05,-3.0464780028778358,-6.521029611428699e-06
encodec,12.0kbps,24000,20260826,1075.0,440.0,818.701113253889,440Hz_ongrid,0,440.26401184177854,822.6207356730135,439.99999891678806,818.701115131818,440.26401184177854,822.6207356730135,0.0,0.0,0,1082.2302217067113,1075.000008233119,7.230221706711291,8.233118933276273e-06,8.268697203607914,3.971088579096393e-06
encodec,12.0kbps,24000,20260826,1075.0,440.0,818.701113253889,440Hz_ongrid,1,440.2011919619739,825.2943302962817,439.99999890937124,818.7011151325295,440.2011919619739,825.2943302962817,0.0,0.0,0,1088.0948129976011,1075.0000082638057,13.094812997601139,8.263805739261443e-06,13.886246556688633,3.972592780042073e-06
encodec,12.0kbps,24000,20260826,1075.0,440.0,818.701113253889,440Hz_ongrid,2,440.2412619906559,824.867525146385,439.99999891289434,818.7011151318018,440.2412619906559,825.073997799091,0.0,-0.4332910996669789,0,1087.0416837173686,1075.000008248405,12.041683717368642,8.248405038102646e-06,12.990698496529518,3.971053982090231e-06
encodec,12.0kbps,24000,20260826,1075.0,440.0,818.701113253889,440Hz_ongrid,3,440.306120284253,825.3749138422297,439.99999890710916,818.7011151321466,440.306120284253,825.3749138422297,0.0,0.0,0,1087.8512307235765,1075.0000082718966,12.851230723576464,8.271896604128415e-06,14.055279788689301,3.971783210097887e-06
encodec,12.0kbps,24000,20260826,1075.0,440.0,818.701113253889,440Hz_ongrid,4,440.1569407076437,822.8300408661568,439.99999891318333,818.7011151328692,440.1569407076437,822.81988968719,0.0,0.021358207890186755,0,1083.0917388663274,1075.000008249525,8.091738866327432,8.24952508082788e-06,8.709131258685185,3.9733112445367e-06
encodec,12.0kbps,24000,20260826,1075.0,452.8929,842.6907304881414,452.9Hz_+50c,0,451.34313860878854,839.4787952927006,452.89290104934923,842.6907321659837,451.34313860878854,839.4787952927006,0.0,0.0,0,1074.3230502903257,1074.999999435724,-0.676949709674318,-5.642759788315743e-07,-6.611246067866935,3.4469796859048413e-06
encodec,12.0kbps,24000,20260826,1075.0,452.8929,842.6907304881414,452.9Hz_+50c,1,451.31669765313546,839.6150605737417,452.89290103795656,842.6907321663797,451.31669765313546,839.6150605737417,0.0,0.0,0,1074.705467180074,1074.9999994800874,-0.29453281992596203,-5.199126462684944e-07,-6.330252728587377,3.44779309996107e-06
encodec,12.0kbps,24000,20260826,1075.0,452.8929,842.6907304881414,452.9Hz_+50c,2,451.5318635886572,839.5339446272511,452.892901044578,842.6907321668538,451.5318635886572,839.5339446272511,0.0,0.0,0,1073.713031229772,1074.99999945575,-1.2869687702279862,-5.442500423669117e-07,-6.497516846496059,3.44876681347923e-06
encodec,12.0kbps,24000,20260826,1075.0,452.8929,842.6907304881414,452.9Hz_+50c,3,451.4945105303686,839.3267209022213,452.8929010386745,842.690732165599,451.4945105303686,839.3267209022213,0.0,0.0,0,1073.4288773484898,1074.999999475739,-1.5711226515102226,-5.242609404376708e-07,-6.924893314042001,3.446189336519394e-06
encodec,12.0kbps,24000,20260826,1075.0,452.8929,842.6907304881414,452.9Hz_+50c,4,450.8091614319983,839.251690546084,452.89290105222324,842.6907321656911,450.8091614319983,839.251690546084,0.0,0.0,0,1075.904044174265,1074.9999994241366,0.9040441742649818,-5.758633960795123e-07,-7.079661308744016,3.4463784668198023e-06
encodec,12.0kbps,24000,20260826,1080.0,440.0,821.0690325523905,440Hz_ongrid,0,440.1594160780021,827.7259325897676,439.99999891985897,821.069034475465,440.1594160780021,827.7259325897676,0.0,0.0,0,1093.3524321330947,1080.0000083047735,13.35243213309468,8.304773473355453e-06,13.979560674089173,4.0548260195749534e-06
encodec,12.0kbps,24000,20260826,1080.0,440.0,821.0690325523905,440Hz_ongrid,1,440.2500264998711,827.8195306735589,439.99999891810774,821.0690344765854,440.2500264998711,827.8195306735589,0.0,0.0,0,1093.1918345411407,1080.0000083140264,13.191834541140679,8.314026445077616e-06,14.175315116785642,4.057188610684513e-06
encodec,12.0kbps,24000,20260826,1080.0,440.0,821.0690325523905,440Hz_ongrid,2,440.13404927291515,827.4492292791924,439.99999890947566,821.0690344766007,440.13404927291515,827.4492292791924,0.0,0.0,0,1092.8733708096834,1080.0000083480227,12.873370809683365,8.348022674908862e-06,13.40072381348929,4.057220516812415e-06
encodec,12.0kbps,24000,20260826,1080.0,440.0,821.0690325523905,440Hz_ongrid,3,440.24274399021033,826.5699370060287,439.99999891164794,821.0690344771482,440.24274399021033,826.5699370060287,0.0,0.0,0,1090.6052000829302,1080.0000083406298,10.605200082930196,8.3406298472255e-06,11.560042765998496,4.058374903584624e-06
encodec,12.0kbps,24000,20260826,1080.0,440.0,821.0690325523905,440Hz_ongrid,4,440.1273372907636,828.0105778678914,439.9999989136103,821.0690344757644,440.1273372907636,828.0105778678914,0.0,0.0,0,1094.073857766827,1080.000008329991,14.073857766826904,8.329991032951511e-06,14.574809494341013,4.055457222731787e-06
encodec,12.0kbps,24000,20260826,1080.0,452.8929,845.1280346655603,452.9Hz_+50c,0,451.0781174579518,839.702642043841,452.8929010504916,845.128034113263,451.0781174579518,839.702642043841,0.0,0.0,0,1075.8014720367914,1079.9999948530035,-4.198527963208562,-5.1469965001160745e-06,-11.149674600929403,-1.1313741921719092e-06
encodec,12.0kbps,24000,20260826,1080.0,452.8929,845.1280346655603,452.9Hz_+50c,1,451.5766423316356,840.2225186261671,452.89290104261704,845.1280341142486,451.5766423316356,840.2225186261671,0.0,0.0,0,1074.960703969599,1079.9999948851241,-5.039296030400919,-5.11487587573356e-06,-10.078164880808623,-1.129355072445236e-06
encodec,12.0kbps,24000,20260826,1080.0,452.8929,845.1280346655603,452.9Hz_+50c,2,451.0696259186989,840.1397135804633,452.892901052972,845.1280341140817,451.0696259186989,840.1397135804633,0.0,0.0,0,1076.7349486966853,1079.9999948451994,-3.265051303314749,-5.1548006467783125e-06,-10.248788704559656,-1.129696813984886e-06
encodec,12.0kbps,24000,20260826,1080.0,452.8929,845.1280346655603,452.9Hz_+50c,3,450.937106912559,839.9738357561914,452.892901033168,845.1280341128103,450.937106912559,839.9738357561914,0.0,0.0,0,1076.9017899215394,1079.9999949182977,-3.0982100784606246,-5.081702283860068e-06,-10.590638621086041,-1.1323015841453697e-06
encodec,12.0kbps,24000,20260826,1080.0,452.8929,845.1280346655603,452.9Hz_+50c,4,451.441068219849,839.7997285762365,452.89290104664855,845.1280341121286,451.441068219849,839.7997285762365,0.0,0.0,0,1074.6091841103405,1079.9999948653701,-5.390815889659507,-5.1346298732823925e-06,-10.949520658051785,-1.1336979577592964e-06
encodec,12.0kbps,24000,20260826,1085.0,440.0,823.4438005551548,440Hz_ongrid,0,440.32550412518555,829.5130011856895,439.9999989065799,823.4438026877868,440.32550412518555,829.5130011856895,0.0,0.0,0,1096.4330207722535,1085.0000087859082,11.433020772253485,8.785908221398131e-06,12.713283238065436,4.483712419320523e-06
encodec,12.0kbps,24000,20260826,1085.0,440.0,823.4438005551548,440Hz_ongrid,1,440.3389574638423,829.3290169377242,439.99999890888813,823.4438026878898,440.3389574638423,829.3290169377242,0.0,0.0,0,1095.9961002179612,1085.0000087770427,10.996100217961157,8.777042694418924e-06,12.329256558736592,4.483928842814561e-06
encodec,12.0kbps,24000,20260826,1085.0,440.0,823.4438005551548,440Hz_ongrid,2,440.11028868151715,829.7011555753293,439.999998907442,823.4438026893272,440.11028868151715,829.7011555753293,0.0,0.0,0,1097.6720360987233,1085.0000087857547,12.67203609872331,8.785754744167207e-06,13.105926087566948,4.48695108350749e-06
encodec,12.0kbps,24000,20260826,1085.0,440.0,823.4438005551548,440Hz_ongrid,3,440.16032568180276,830.3931321449625,439.99999891461454,823.4438026884641,440.16032568180276,830.3931321449625,0.0,0.0,0,1098.9184794492724,1085.000008755719,13.918479449272354,8.755718909014831e-06,14.549185638242115,4.485136278329251e-06
encodec,12.0kbps,24000,20260826,1085.0,440.0,823.4438005551548,440Hz_ongrid,4,440.3945924397039,828.9036645051191,439.9999989083941,823.4438026861804,440.3945924397039,828.9036645051191,0.0,0.0,0,1094.8892239187678,1085.0000087753926,9.889223918767811,8.775392643656232e-06,11.441100585728684,4.480334982697766e-06
encodec,12.0kbps,24000,20260826,1085.0,452.8929,847.5723882282855,452.9Hz_+50c,0,451.41016618455745,841.575951208492,452.89290103741956,847.5723863068883,451.41016618455745,841.575951208492,0.0,0.0,0,1078.3854829838879,1084.9999921097403,-6.614517016112131,-7.890259666964994e-06,-12.291732240412177,-3.924606549186238e-06
encodec,12.0kbps,24000,20260826,1085.0,452.8929,847.5723882282855,452.9Hz_+50c,1,451.53857256848096,841.2527060827589,452.8929010458199,847.572386308101,451.53857256848096,841.2527060827589,0.0,0.0,0,1077.2280067931752,1084.9999920801063,-7.771993206824845,-7.919893732832861e-06,-12.956818340915545,-3.922129595739345e-06
encodec,12.0kbps,24000,20260826,1085.0,452.8929,847.5723882282855,452.9Hz_+50c,2,451.6546650105567,841.6898120023288,452.89290103947343,847.5723863077096,451.6546650105567,841.6898120023288,0.0,0.0,0,1077.6822536456668,1084.9999921035667,-7.317746354333167,-7.896433317000628e-06,-12.057521234933397,-3.922928978790918e-06
encodec,12.0kbps,24000,20260826,1085.0,452.8929,847.5723882282855,452.9Hz_+50c,3,451.14950471122916,840.879397881104,452.89290104685176,847.5723863092142,451.14950471122916,840.879397881104,0.0,0.0,0,1077.9519559179657,1084.9999920784353,-7.0480440820342665,-7.921564701973693e-06,-13.725228715568027,-3.919855995807378e-06
encodec,12.0kbps,24000,20260826,1085.0,452.8929,847.5723882282855,452.9Hz_+50c,4,451.2495517241048,841.5019538928779,452.8929010403313,847.5723863078359,451.2495517241048,841.5019538928779,0.0,0.0,0,1078.8493470676922,1084.9999921005453,-6.150652932307821,-7.899454658399918e-06,-12.44396128699992,-3.922671038888247e-06
encodec,12.0kbps,24000,20260826,1090.0,440.0,825.825437070606,440Hz_ongrid,0,440.2586186482515,831.5524785143584,439.99999891927683,825.8254390926026,440.2586186482515,831.5524785143584,0.0,0.0,0,1100.9472798464362,1090.000008491087,10.947279846436231,8.491087100992445e-06,11.964547756056957,4.238849032975833e-06
encodec,12.0kbps,24000,20260826,1090.0,440.0,825.825437070606,440Hz_ongrid,1,440.17684892519867,831.8160489617735,439.99999891169784,825.8254390910756,440.17684892519867,831.7268896656735,0.0,0.18557454185625658,0,1101.8175020116034,1090.0000085177064,11.817502011603437,8.51770641929761e-06,12.513196031137483,4.235648041083995e-06
encodec,12.0kbps,24000,20260826,1090.0,440.0,825.825437070606,440Hz_ongrid,2,440.1244633907611,831.8737879847246,439.99999891172655,825.8254390929736,440.1244633907611,831.8737879847246,0.0,0.0,0,1102.1437151254647,1090.0000085215725,12.143715125464723,8.521572453901172e-06,12.633362375023244,4.239627081203174e-06
encodec,12.0kbps,24000,20260826,1090.0,440.0,825.825437070606,440Hz_ongrid,3,440.1689515336135,832.0706084631398,439.99999891816657,825.8254390929649,440.1689515336135,832.0706084631398,0.0,0.0,0,1102.3782891450069,1090.000008496215,12.378289145006875,8.496215059494716e-06,13.042922112839863,4.2396086294665575e-06
encodec,12.0kbps,24000,20260826,1090.0,440.0,825.825437070606,440Hz_ongrid,4,440.1245425842002,830.484669318636,439.99999891269283,825.825439094301,440.1245425842002,830.484669318636,0.0,0.0,0,1099.2500564187737,1090.0000085205531,9.250056418773738,8.52055313771416e-06,9.740015176501633,4.2424094493205114e-06
encodec,12.0kbps,24000,20260826,1090.0,452.8929,850.0238115651687,452.9Hz_+50c,0,451.3814546910473,841.3083472894339,452.89290104383366,850.0238129288603,451.3814546910473,841.3083472894339,0.0,0.0,0,1077.9450153832197,1089.9999987872436,-12.054984616780303,-1.212756387758418e-06,-17.84231675849883,2.7774153682765657e-06
encodec,12.0kbps,24000,20260826,1090.0,452.8929,850.0238115651687,452.9Hz_+50c,1,451.20234275858473,842.5343449299564,452.89290104896685,850.0238129245042,451.20234275858473,422.48635647667953,0.0,1194.9968935958152,0,1081.153126409029,1089.9999987587496,-8.846873590970972,-1.241250402017613e-06,-15.321310201038871,2.7685435426569905e-06
encodec,12.0kbps,24000,20260826,1090.0,452.8929,850.0238115651687,452.9Hz_+50c,2,451.07918960018594,842.5767464165202,452.8929010477675,850.0238129280948,451.07918960018594,842.5767464165202,0.0,0.0,0,1081.7128456729824,1089.9999987706472,-8.28715432701756,-1.2293528470763704e-06,-15.234186096684352,2.7758565809423093e-06
encodec,12.0kbps,24000,20260826,1090.0,452.8929,850.0238115651687,452.9Hz_+50c,3,451.37667031597687,845.5556975460312,452.89290104349635,850.0238129243565,451.37667031597687,424.54207747630596,0.0,1192.7906871523153,0,1086.6815226881008,1089.9999987793606,-3.318477311899187,-1.2206394330860348e-06,-9.124159602558171,2.7682429331143535e-06
encodec,12.0kbps,24000,20260826,1090.0,452.8929,850.0238115651687,452.9Hz_+50c,4,451.7699057719052,843.3650247305283,452.8929010448337,850.0238129254348,451.7699057719052,843.3650247305283,0.0,0.0,0,1080.6828270732276,1089.9999987764443,-9.3171729267724,-1.2235557278472697e-06,-13.615275669108378,2.7704386897736158e-06
encodec,12.0kbps,24000,20260826,1095.0,440.0,828.2139619644599,440Hz_ongrid,0,440.17658171087066,833.4154282234908,439.9999989108339,828.21396406105,440.17658171087066,833.4154282234908,0.0,0.0,0,1105.1440974729971,1095.0000086680063,10.144097472997146,8.668006330481148e-06,10.838740527028275,4.3825488512743966e-06
encodec,12.0kbps,24000,20260826,1095.0,440.0,828.2139619644599,440Hz_ongrid,1,440.1939318431088,832.643373901659,439.99999892019457,828.2139640605607,440.1939318431088,832.643373901659,0.0,0.0,0,1103.4713465905081,1095.000008630153,8.47134659050812,8.630152933619684e-06,9.23422714052097,4.381525933125787e-06
encodec,12.0kbps,24000,20260826,1095.0,440.0,828.2139619644599,440Hz_ongrid,2,440.1623475785857,832.3319310412244,439.99999891215464,828.2139640575407,440.1623475785857,832.3319310412244,0.0,0.0,0,1102.9478946070628,1095.0000086554744,7.947894607062835,8.655474402985419e-06,8.586553281321834,4.375213132736275e-06
encodec,12.0kbps,24000,20260826,1095.0,440.0,828.2139619644599,440Hz_ongrid,3,440.23886260157076,832.1879728128572,439.9999989191367,828.2139640596827,440.23886260157076,832.1879728128572,0.0,0.0,0,1102.347517863765,1095.0000086324799,7.347517863765006,8.63247987581417e-06,8.287097099828586,4.379690754154926e-06
encodec,12.0kbps,24000,20260826,1095.0,440.0,828.2139619644599,440Hz_ongrid,4,440.30019262930404,832.1763935576573,439.9999989140368,828.2139640588755,440.30019262930404,832.1763935576573,0.0,0.0,0,1102.0822661058573,1095.0000086508587,7.082266105857343,8.650858717373922e-06,8.26300814278262,4.378003189076984e-06
encodec,12.0kbps,24000,20260826,1095.0,452.8929,852.4823251240317,452.9Hz_+50c,0,450.55282336062527,844.6643611303124,452.89290103593623,852.4823238621103,450.55282336062527,844.6643611303124,0.0,0.0,0,1088.0183057958757,1094.999993477288,-6.981694204124324,-6.522712055812008e-06,-15.950090003974536,-2.5627292241336014e-06
encodec,12.0kbps,24000,20260826,1095.0,452.8929,852.4823251240317,452.9Hz_+50c,1,451.2847848507181,843.8720333744889,452.89290104944723,852.4823238618261,451.2847848507181,843.8720333744889,0.0,0.0,0,1083.5833240828213,1094.9999934250634,-11.416675917178736,-6.574936605829862e-06,-17.57481647601623,-2.5633064175219133e-06
encodec,12.0kbps,24000,20260826,1095.0,452.8929,852.4823251240317,452.9Hz_+50c,2,450.85094333058004,843.1064281116155,452.8929010407142,852.4823238615097,450.85094333058004,843.1064281116155,0.0,0.0,0,1083.6770623320197,1094.9999934578036,-11.32293766798034,-6.542196388181765e-06,-19.146196337097678,-2.5639487686054096e-06
encodec,12.0kbps,24000,20260826,1095.0,452.8929,852.4823251240317,452.9Hz_+50c,3,451.23583815656576,843.2716817592816,452.8929010389681,852.4823238629077,451.23583815656576,843.2716817592816,0.0,0.0,0,1082.539023832819,1094.9999934673176,-12.460976167180888,-6.5326823914801935e-06,-18.806897883431727,-2.5611096998279362e-06
encodec,12.0kbps,24000,20260826,1095.0,452.8929,852.4823251240317,452.9Hz_+50c,4,451.74543962725033,843.1862416839076,452.89290104534996,852.4823238610687,451.74543962725033,843.1862416839076,0.0,0.0,0,1080.409547381191,1094.9999934391876,-14.590452618808968,-6.560812380485004e-06,-18.982314969992437,-2.564844446657203e-06
encodec,12.0kbps,24000,20260826,1100.0,440.0,830.6093951598903,440Hz_ongrid,0,440.26148732567594,834.2109832438334,439.999998914786,830.609396671665,440.26148732567594,834.2109832438334,0.0,0.0,0,1106.4619913896745,1100.0000074208906,6.461991389674495,7.420890597131802e-06,7.490539795900015,3.1509826931052047e-06
encodec,12.0kbps,24000,20260826,1100.0,440.0,830.6093951598903,440Hz_ongrid,1,440.17913857051167,834.5107417103545,439.9999989121871,830.6093966698862,440.17913857051167,834.5107417103545,0.0,0.0,0,1107.4078160940876,1100.0000074274087,7.407816094087593,7.427408718285733e-06,8.112515361458813,3.147275431687613e-06
encodec,12.0kbps,24000,20260826,1100.0,440.0,830.6093951598903,440Hz_ongrid,2,440.0857700465708,833.5006166913732,439.9999989154619,830.6093966698649,440.0857700465708,833.5006166913732,0.0,0.0,0,1105.678251565691,1100.000007414479,5.678251565690971,7.414478886857978e-06,6.0156914619767425,3.147230839990761e-06
encodec,12.0kbps,24000,20260826,1100.0,440.0,830.6093951598903,440Hz_ongrid,3,440.2786065302185,834.2382567985793,439.9999989149678,830.6093966703517,440.2786065302185,834.2382567985793,0.0,0.0,0,1106.4512748434158,1100.000007417438,6.451274843415831,7.417437927870196e-06,7.547139547916696,3.1482453010941444e-06
encodec,12.0kbps,24000,20260826,1100.0,440.0,830.6093951598903,440Hz_ongrid,4,440.2019471093471,833.993294926132,439.9999989091416,830.6093966694543,440.2019471093471,416.6828819520048,0.0,1201.3031423770258,0,1106.2443099015998,1100.0000074384914,6.244309901599763,7.438491365974187e-06,7.038713320258582,3.1463751407046176e-06
encodec,12.0kbps,24000,20260826,1100.0,452.8929,854.9479494118378,452.9Hz_+50c,0,451.28288608226705,844.2210851004977,452.89290104134125,854.9479515322848,451.28288608226705,845.0260424386872,0.0,-1.649929882585179,0,1084.3065524217855,1100.0000003131727,-15.693447578214546,3.131726771243848e-07,-21.858872272523463,4.293817140767574e-06
encodec,12.0kbps,24000,20260826,1100.0,452.8929,854.9479494118378,452.9Hz_+50c,1,451.3488370244834,847.1554283452766,452.8929010486218,854.947951534229,451.3488370244834,847.6579375208394,0.0,-1.026615717950965,0,1090.060555567897,1100.000000289279,-9.939444432103073,2.892788870667573e-07,-15.851883298386683,4.297753895656873e-06
encodec,12.0kbps,24000,20260826,1100.0,452.8929,854.9479494118378,452.9Hz_+50c,2,451.0077629043672,846.5276179284369,452.8929010531847,854.9479515345561,451.0077629043672,847.393047235994,0.0,-1.7689858155396434,0,1090.0858450624653,1100.0000002724992,-9.914154937534704,2.7249916456639767e-07,-17.135342824256043,4.298416236119158e-06
encodec,12.0kbps,24000,20260826,1100.0,452.8929,854.9479494118378,452.9Hz_+50c,3,450.7288150947283,844.369565574681,452.8929010389587,854.9479515331208,450.7288150947283,842.1886651487077,0.0,4.477344583478173,0,1086.7378736100372,1100.0000003239732,-13.26212638996276,3.2397315408161376e-07,-21.554411919047684,4.2955097031909305e-06
encodec,12.0kbps,24000,20260826,1100.0,452.8929,854.9479494118378,452.9Hz_+50c,4,451.4016126108403,845.7008441444614,452.8929010334637,854.9479515339652,451.4016126108403,846.3926014088403,0.0,-1.4155173281332267,0,1086.8830154059972,1100.0000003466885,-13.116984594002815,3.4668846637941897e-07,-18.827004525571084,4.2972195641173636e-06
encodec,12.0kbps,24000,20260826,1105.0,440.0,833.0117566376935,440Hz_ongrid,0,440.11903024680316,835.1754832499822,439.99999891002506,833.0117577002144,440.11903024680316,835.1754832499822,0.0,0.0,0,1109.0227300090794,1105.0000064968592,4.022730009079396,6.496859214166761e-06,4.491005799760075,2.2082188874258474e-06
encodec,12.0kbps,24000,20260826,1105.0,440.0,833.0117566376935,440Hz_ongrid,1,440.18970912164923,834.9318053163532,439.99999890580716,833.0117577029274,440.18970912164923,834.9318053163532,0.0,0.0,0,1108.2395394869989,1105.0000065190934,3.239539486998865,6.519093403767329e-06,3.9858124608810503,2.2138574306136013e-06
encodec,12.0kbps,24000,20260826,1105.0,440.0,833.0117566376935,440Hz_ongrid,2,440.26220359455374,835.6869949789861,439.99999891299524,833.0117577009496,440.26220359455374,835.6869949789861,0.0,0.0,0,1109.5196281767755,1105.0000064867006,4.519628176775541,6.486700613095309e-06,5.550993154735705,2.2097469218662174e-06
encodec,12.0kbps,24000,20260826,1105.0,440.0,833.0117566376935,440Hz_ongrid,3,440.2403875841468,835.0872750666446,439.9999989125064,833.0117577018128,440.2403875841468,835.0872750666446,0.0,0.0,0,1108.3625733264826,1105.0000064904182,3.3625733264825612,6.4904181726888055e-06,4.308149527856623,2.2115409688431233e-06
encodec,12.0kbps,24000,20260826,1105.0,440.0,833.0117566376935,440Hz_ongrid,4,440.2797461392671,835.0870927746487,439.999998918211,833.0117576993857,440.2797461392671,835.0870927746487,0.0,0.0,0,1108.2074258220098,1105.0000064629285,3.2074258220097818,6.462928467954043e-06,4.307771615087278,2.2064967253395927e-06
encodec,12.0kbps,24000,20260826,1105.0,452.8929,857.4207049948619,452.9Hz_+50c,0,450.8852362691201,854.6326380224053,452.8929010387439,857.4207039019478,450.8852362691201,858.4776384936754,0.0,-7.771370008739774,0,1107.0529711241359,1104.9999938225615,2.0529711241358655,-6.177438535814872e-06,-5.638610222467512,-2.2067231463374006e-06
encodec,12.0kbps,24000,20260826,1105.0,452.8929,857.4207049948619,452.9Hz_+50c,1,451.29475190338263,859.5397383267951,452.8929010506466,857.4207039023103,451.29475190338263,859.5200551836766,0.0,0.03964507539494733,0,1115.3932061838834,1104.9999937777936,10.393206183883422,-6.222206366146565e-06,4.273301149428769,-2.205991227448876e-06
encodec,12.0kbps,24000,20260826,1105.0,452.8929,857.4207049948619,452.9Hz_+50c,2,451.4555471948919,849.5794359532139,452.89290103805615,857.4207039011378,451.4555471948919,851.7785212294726,0.0,-4.4754055560776775,0,1094.5978886263938,1104.9999938235549,-10.402111373606203,-6.1764451402268605e-06,-15.90529152453023,-2.2083586237067434e-06
encodec,12.0kbps,24000,20260826,1105.0,452.8929,857.4207049948619,452.9Hz_+50c,3,451.25943932369734,852.5988910024299,452.8929010432412,857.4207039023273,451.25943932369734,852.5988910024299,0.0,0.0,0,1101.492082235314,1104.9999938061362,-3.507917764685999,-6.193863782755216e-06,-9.763292427307274,-2.2059568226481814e-06
encodec,12.0kbps,24000,20260826,1105.0,452.8929,857.4207049948619,452.9Hz_+50c,4,450.98420768358915,855.3840745560645,452.8929010390799,857.4207039024336,450.98420768358915,855.3840745560645,0.0,0.0,0,1108.1945191989623,1104.9999938222577,3.1945191989623254,-6.177742307045264e-06,-4.117089892344499,-2.2057423212092125e-06
encodec,12.0kbps,24000,20260826,1110.0,440.0,835.421066436457,440Hz_ongrid,0,440.1979044462819,836.8349176782084,439.999998912997,835.4210660511905,440.1979044462819,836.8349176782084,0.0,0.0,0,1112.1489278948236,1110.0000034785633,2.1489278948236006,3.4785632578859804e-06,2.9274321832513204,-7.983835808768774e-07
encodec,12.0kbps,24000,20260826,1110.0,440.0,835.421066436457,440Hz_ongrid,1,440.16253837449426,836.5909875958309,439.9999989104509,835.4210660486984,440.16253837449426,836.5909875958309,0.0,0.0,0,1111.783309881617,1110.000003483417,1.783309881617015,3.483417003735667e-06,2.4227189887640113,-8.035477606775365e-07
encodec,12.0kbps,24000,20260826,1110.0,440.0,835.421066436457,440Hz_ongrid,2,440.1823205885168,836.3368704858103,439.9999989138532,835.4210660486085,440.1823205885168,836.3368704858103,0.0,0.0,0,1111.1795572202795,1110.0000034698442,1.1795572202795483,3.469844159553759e-06,1.8967713878839478,-8.03734200100145e-07
encodec,12.0kbps,24000,20260826,1110.0,440.0,835.421066436457,440Hz_ongrid,3,440.201000767593,836.7712434578547,439.9999989216184,835.4210660510776,440.201000767593,836.7712434578547,0.0,0.0,0,1112.0050170824634,1110.0000034444076,2.0050170824633824,3.444407639108249e-06,2.7956987074347754,-7.986174950802939e-07
encodec,12.0kbps,24000,20260826,1110.0,440.0,835.421066436457,440Hz_ongrid,4,440.110832274651,836.5575795492542,439.99999891167386,835.4210660488942,440.110832274651,836.5575795492542,0.0,0.0,0,1111.9175550043858,1110.000003479011,1.9175550043858038,3.479010956652928e-06,2.3535832898908917,-8.031420146763751e-07
encodec,12.0kbps,24000,20260826,1110.0,452.8929,859.9006124988629,452.9Hz_+50c,0,451.91268866880876,865.2924143976558,452.8929010500389,859.9006143286873,451.91268866880876,865.2924143976558,0.0,0.0,0,1124.5724282041278,1109.9999996700858,14.572428204127846,-3.2991420084726997e-07,10.821399437369832,3.683977250803762e-06
encodec,12.0kbps,24000,20260826,1110.0,452.8929,859.9006124988629,452.9Hz_+50c,1,451.31764048965823,865.6621641515517,452.8929010404748,859.9006143280322,451.31764048965823,865.6621641515517,0.0,0.0,0,1127.593121578623,1109.999999705327,17.593121578622913,-2.9467310014297254e-07,11.561018351982057,3.682658336046417e-06
encodec,12.0kbps,24000,20260826,1110.0,452.8929,859.9006124988629,452.9Hz_+50c,2,450.5256740501503,866.4332423378634,452.8929010428936,859.9006143276936,450.5256740501503,866.4332423378634,0.0,0.0,0,1132.1751271783312,1109.9999996953989,22.175127178331195,-3.0460114430752583e-07,13.102407924193063,3.6819767750249153e-06
encodec,12.0kbps,24000,20260826,1110.0,452.8929,859.9006124988629,452.9Hz_+50c,3,451.5596229794119,865.9405371917208,452.8929010427884,859.9006143275817,451.5596229794119,865.9405371917208,0.0,0.0,0,1127.2217640083836,1109.9999996955755,17.221764008383616,-3.0442447496170644e-07,12.11764590778415,3.6817515100736463e-06
encodec,12.0kbps,24000,20260826,1110.0,452.8929,859.9006124988629,452.9Hz_+50c,4,450.78608531820726,866.159145405746,452.8929010369466,859.9006143289593,450.78608531820726,866.159145405746,0.0,0.0,0,1130.626970357394,1109.9999997206799,20.62697035739393,-2.793201474560192e-07,12.554643835026077,3.684524652323569e-06
encodec,12.0kbps,24000,20260826,1115.0,440.0,837.8373446527248,440Hz_ongrid,0,440.1645264983581,837.5565941858416,439.99999891134297,837.8373432069686,440.1645264983581,837.5565941858416,0.0,0.0,0,1113.7725557742247,1115.0000012960702,-1.2274442257753435,1.2960701951669762e-06,-0.5802155073403249,-2.9873846039598032e-06
encodec,12.0kbps,24000,20260826,1115.0,440.0,837.8373446527248,440Hz_ongrid,1,440.12226606110096,837.7664668330674,439.99999891193625,837.8373432061683,440.12226606110096,837.7664668330674,0.0,0.0,0,1114.3725340477743,1115.0000012920823,-0.627465952225748,1.2920822882733773e-06,-0.1464619427893306,-2.9890383408609872e-06
encodec,12.0kbps,24000,20260826,1115.0,440.0,837.8373446527248,440Hz_ongrid,2,440.1662469541242,837.7337162341933,439.9999989052255,837.83734320644,440.1662469541242,837.7337162341933,0.0,0.0,0,1114.1318625070332,1115.000001319048,-0.8681374929667527,1.3190478966862429e-06,-0.21414197347926503,-2.988476908330959e-06
encodec,12.0kbps,24000,20260826,1115.0,440.0,837.8373446527248,440Hz_ongrid,3,440.3487510229801,837.7076081851028,439.9999989150168,837.8373432064603,440.3487510229801,837.7076081851028,0.0,0.0,0,1113.3602429038317,1115.000001280565,-1.639757096168296,1.2805649021174759e-06,-0.2680968842063027,-2.9884348153066266e-06
encodec,12.0kbps,24000,20260826,1115.0,440.0,837.8373446527248,440Hz_ongrid,4,440.1221730205901,837.8079704629212,439.99999891488085,837.8373432068015,440.1221730205901,837.8079704629212,0.0,0.0,0,1114.4586646391435,1115.0000012818048,-0.5413353608564648,1.2818047707696678e-06,-0.06069732908078432,-2.98772980520045e-06
encodec,12.0kbps,24000,20260826,1115.0,452.8929,862.3876926092546,452.9Hz_+50c,0,451.0900976713782,869.0905561617478,452.89290103873736,862.3876909061408,451.0900976713782,869.0905561617478,0.0,0.0,0,1135.3090706696469,1114.9999926103271,20.30907066964687,-7.389672873614472e-06,13.403903380460246,-3.418982642028524e-06
encodec,12.0kbps,24000,20260826,1115.0,452.8929,862.3876926092546,452.9Hz_+50c,1,451.4086936656715,869.4484093477735,452.89290104542516,862.387690905315,451.4086936656715,592.6443551411747,0.0,663.5205827207951,0,1134.799465130625,1114.9999925831044,19.799465130625094,-7.416895641654264e-06,14.116602539069719,-3.420640415247523e-06
encodec,12.0kbps,24000,20260826,1115.0,452.8929,862.3876926092546,452.9Hz_+50c,2,451.52775142905114,868.8407680734565,452.89290104775046,862.3876909062179,451.52775142905114,868.8407680734565,0.0,0.0,0,1133.1325670847948,1114.9999925760283,18.1325670847948,-7.423971737807733e-06,12.90625236232347,-3.418827916528084e-06
encodec,12.0kbps,24000,20260826,1115.0,452.8929,862.3876926092546,452.9Hz_+50c,3,451.4411642887875,869.2745072186051,452.89290104359634,862.38769090534,451.4411642887875,869.2745072186051,0.0,0.0,0,1134.3286326631903,1114.9999925901457,19.32863266319032,-7.409854333673138e-06,13.770296310104804,-3.420590249588374e-06
encodec,12.0kbps,24000,20260826,1115.0,452.8929,862.3876926092546,452.9Hz_+50c,4,451.1975914168779,864.3259982543436,452.89290104088656,862.3876909046502,451.1975914168779,864.3259982543436,0.0,0.0,0,1125.3794287861617,1114.999992599119,10.379428786161725,-7.400881031571771e-06,3.8867614909392048,-3.42197509086871e-06
encodec,12.0kbps,24000,20260826,1120.0,440.0,840.2606114411666,440Hz_ongrid,0,440.30149910452457,838.8618165068485,439.9999989079702,840.2606082763899,440.30149910452457,838.8618165068485,0.0,0.0,0,1115.9297071564997,1119.9999977761659,-4.070292843500283,-2.2238341443880927e-06,-2.88441383169266,-6.520559284347638e-06
encodec,12.0kbps,24000,20260826,1120.0,440.0,840.2606114411666,440Hz_ongrid,1,440.2166717272145,838.7056057020487,439.99999892132627,840.2606082766,440.2166717272145,838.7056057020487,0.0,0.0,0,1115.9408582693516,1119.999997724048,-4.0591417306484345,-2.275952056152164e-06,-3.2068300413818136,-6.520126437356812e-06
encodec,12.0kbps,24000,20260826,1120.0,440.0,840.2606114411666,440Hz_ongrid,2,440.26611332113924,838.5584003557481,439.9999989049987,840.260608276908,440.26611332113924,838.5584003557481,0.0,0.0,0,1115.4425468386614,1119.9999977889254,-4.557453161338572,-2.211074615843245e-06,-3.510714113840619,-6.519491966701077e-06
encodec,12.0kbps,24000,20260826,1120.0,440.0,840.2606114411666,440Hz_ongrid,3,440.1224455576689,838.7859932486174,439.9999989068348,840.260608276964,440.1224455576689,838.7859932486174,0.0,0.0,0,1116.4773858016163,1119.9999977818165,-3.522614198383735,-2.2181834538059775e-06,-3.0409041339920875,-6.519376451140915e-06
encodec,12.0kbps,24000,20260826,1120.0,440.0,840.2606114411666,440Hz_ongrid,4,440.1106800411467,838.5104611915773,439.9999989130218,840.2606082765126,440.1106800411467,838.5104611915773,0.0,0.0,0,1115.9548814694629,1119.9999977565428,-4.045118530537138,-2.24345717469987e-06,-3.609689075718218,-6.520306533995535e-06
encodec,12.0kbps,24000,20260826,1120.0,452.8929,864.8819660712799,452.9Hz_+50c,0,451.05409229587684,869.9560990570761,452.8929010498625,864.8819671249333,451.05409229587684,869.9560990570761,0.0,0.0,0,1137.1705699360343,1119.9999980958805,17.170569936034326,-1.9041194718738552e-06,10.127212471167285,2.1090980802572186e-06
encodec,12.0kbps,24000,20260826,1120.0,452.8929,864.8819660712799,452.9Hz_+50c,1,451.5336209760576,871.2582787725889,452.89290104573973,864.881967126385,451.5336209760576,871.2582787725889,0.0,0.0,0,1137.9204546925446,1119.9999981145463,17.92045469254458,-1.885453684735694e-06,12.71664466342123,2.1120038443667566e-06
encodec,12.0kbps,24000,20260826,1120.0,452.8929,864.8819660712799,452.9Hz_+50c,2,451.26283011213036,870.3377885721903,452.8929010484057,864.8819671276657,451.26283011213036,870.3377885721903,0.0,0.0,0,1137.1289835429027,1119.9999981069188,17.128983542902688,-1.8930811620521126e-06,10.88661741998674,2.1145670981149203e-06
encodec,12.0kbps,24000,20260826,1120.0,452.8929,864.8819660712799,452.9Hz_+50c,3,451.48620346003145,869.8713126616439,452.89290104946514,864.8819671274867,451.48620346003145,869.8713126616439,0.0,0.0,0,1135.344101253198,1119.9999981025107,15.344101253198005,-1.8974892554979306e-06,9.958477234789658,2.114209211306351e-06
encodec,12.0kbps,24000,20260826,1120.0,452.8929,864.8819660712799,452.9Hz_+50c,4,451.3598876481482,870.4308952018457,452.8929010387551,864.8819671251565,451.3598876481482,870.4308952018457,0.0,0.0,0,1136.941863364572,1119.9999981387866,16.9418633645721,-1.861213377196691e-06,11.071810741890305,2.1095447660483663e-06
encodec,12.0kbps,24000,20260826,1125.0,440.0,842.6908870147448,440Hz_ongrid,0,440.2983296681453,839.1760094287941,439.9999989167046,842.6908886799799,440.2983296681453,839.1760094287941,0.0,0.0,0,1116.5904757893097,1125.0000076834374,-8.409524210690279,7.683437388550374e-06,-7.2361072412245,3.421078445028153e-06
encodec,12.0kbps,24000,20260826,1125.0,440.0,842.6908870147448,440Hz_ongrid,1,440.3540027250391,839.433607727738,439.9999989085021,842.6908886792299,440.3540027250391,839.433607727738,0.0,0.0,0,1116.9029335899597,1125.0000077141704,-8.09706641004027,7.714170351391658e-06,-6.704759219556924,3.419537725019922e-06
encodec,12.0kbps,24000,20260826,1125.0,440.0,842.6908870147448,440Hz_ongrid,2,440.16788256221963,839.1575530870072,439.9999989111354,842.690888679947,440.16788256221963,839.1575530870072,0.0,0.0,0,1117.065388022461,1125.0000077052823,-7.934611977538907,7.705282314418582e-06,-7.2741833996684395,3.421010788660526e-06
encodec,12.0kbps,24000,20260826,1125.0,440.0,842.6908870147448,440Hz_ongrid,3,440.2566218473216,839.3805458441841,439.9999989118632,842.6908886793998,440.2566218473216,839.3805458441841,0.0,0.0,0,1117.1763875182535,1125.0000077012946,-7.8236124817465225,7.701294634898659e-06,-6.814196633282981,3.4198867703710882e-06
encodec,12.0kbps,24000,20260826,1125.0,440.0,842.6908870147448,440Hz_ongrid,4,440.1627268016803,839.405409641692,439.9999989127376,842.69088868,440.1627268016803,839.405409641692,0.0,0.0,0,1117.5969343122208,1125.000007699087,-7.40306568777919,7.69908706388378e-06,-6.762915464653505,3.421119577024381e-06
encodec,12.0kbps,24000,20260826,1125.0,452.8929,867.3834536901821,452.9Hz_+50c,0,451.0823255715339,872.6922782569765,452.8929010499671,867.3834566491245,451.0823255715339,872.6922782569765,0.0,0.0,0,1142.4987274577422,1125.0000018922156,17.498727457742234,1.8922155504697002e-06,10.563731449484157,5.905832735699727e-06
encodec,12.0kbps,24000,20260826,1125.0,452.8929,867.3834536901821,452.9Hz_+50c,1,450.7643212976604,873.8593794700248,452.89290103826687,867.383456649741,450.7643212976604,873.8593794700248,0.0,0.0,0,1146.0333755786364,1125.0000019381716,21.033375578636424,1.93817163562926e-06,12.877462796097063,5.907063235884175e-06
encodec,12.0kbps,24000,20260826,1125.0,452.8929,867.3834536901821,452.9Hz_+50c,2,451.06832792281466,873.5651582697278,452.8929010455471,867.3834566498545,451.06832792281466,873.5651582697278,0.0,0.0,0,1144.2831917105582,1125.0000019105685,19.283191710558185,1.9105684714304516e-06,12.294472510995732,5.907290038479871e-06
encodec,12.0kbps,24000,20260826,1125.0,452.8929,867.3834536901821,452.9Hz_+50c,3,451.27590394159006,873.4369901381632,452.89290104778456,867.3834566492018,451.27590394159006,873.4369901381632,0.0,0.0,0,1143.2326600282206,1125.000001900713,18.232660028220607,1.9007129594683647e-06,12.040449888332857,5.905987268993743e-06
encodec,12.0kbps,24000,20260826,1125.0,452.8929,867.3834536901821,452.9Hz_+50c,4,450.88823603797397,872.5275640593111,452.8929010428319,867.3834566519182,450.88823603797397,872.5275640593111,0.0,0.0,0,1142.9170063891033,1125.0000019250667,17.917006389103335,1.925066726471414e-06,10.23694301710994,5.9114090042644165e-06
encodec,12.0kbps,24000,20260826,1130.0,440.0,845.1281916448837,440Hz_ongrid,0,440.287778536866,840.3029572062279,439.99999891276144,845.1281910867859,440.287778536866,840.3029572062279,0.0,0.0,0,1118.9553151757138,1130.0000031346176,-11.04468482428615,3.134617600153433e-06,-9.91275494519678,-1.1432559573564843e-06
encodec,12.0kbps,24000,20260826,1130.0,440.0,845.1281916448837,440Hz_ongrid,1,440.2452311353632,840.5538850080102,439.99999891060725,845.1281910872148,440.2452311353632,840.5538850080102,0.0,0.0,0,1119.6395186123757,1130.000003143972,-10.360481387624304,3.143971980534843e-06,-9.395858149919514,-1.1423775778085585e-06
encodec,12.0kbps,24000,20260826,1130.0,440.0,845.1281916448837,440Hz_ongrid,2,440.26010594720964,840.2792389169375,439.9999989075513,845.1281910884304,440.26010594720964,840.2792389169375,0.0,0.0,0,1119.0152623403815,1130.0000031584862,-10.984737659618531,3.1584861517330864e-06,-9.961621237012224,-1.1398873621799117e-06
encodec,12.0kbps,24000,20260826,1130.0,440.0,845.1281916448837,440Hz_ongrid,3,440.1678506670437,840.1359580204048,439.9999989184869,845.128191085453,440.1678506670437,840.1359580204048,0.0,0.0,0,1119.082847682282,1130.0000031093598,-10.917152317718092,3.1093597954168217e-06,-10.256849187475261,-1.1459866221786717e-06
encodec,12.0kbps,24000,20260826,1130.0,440.0,845.1281916448837,440Hz_ongrid,4,440.24698694455606,840.324316531582,439.9999989108876,845.1281910870463,440.24698694455606,840.324316531582,0.0,0.0,0,1119.1597222199275,1130.0000031425238,-10.840277780072483,3.1425238375959452e-06,-9.868749957418705,-1.1427227790488376e-06
encodec,12.0kbps,24000,20260826,1130.0,452.8929,869.8921763313799,452.9Hz_+50c,0,451.6893917182338,876.1095138188917,452.89290105273443,869.8921747910596,451.6893917182338,876.1095138188917,0.0,0.0,0,1146.9362242202117,1129.9999929103037,16.93622422021167,-7.089696282491786e-06,12.32955490071904,-3.0655006078715985e-06
encodec,12.0kbps,24000,20260826,1130.0,452.8929,869.8921763313799,452.9Hz_+50c,1,451.4241480651373,876.1531654155067,452.89290104125337,869.8921747903678,451.4241480651373,876.1531654155067,0.0,0.0,0,1148.0394035687993,1129.9999929528144,18.039403568799344,-7.047185590636218e-06,12.415810382008692,-3.0668773765168467e-06
encodec,12.0kbps,24000,20260826,1130.0,452.8929,869.8921763313799,452.9Hz_+50c,2,450.8717382269049,875.1512986284077,452.8929010418602,869.8921747905061,450.8717382269049,875.1512986284077,0.0,0.0,0,1148.17844956866,1129.99999295077,18.17844956865997,-7.049229907352128e-06,10.435039911455107,-3.066602138111151e-06
encodec,12.0kbps,24000,20260826,1130.0,452.8929,869.8921763313799,452.9Hz_+50c,3,451.6353900754266,876.0487698275181,452.8929010443298,869.8921747897202,451.6353900754266,876.0487698275181,0.0,0.0,0,1147.0231767885527,1129.9999929397657,17.023176788552746,-7.06023433849623e-06,12.209517724665124,-3.0681661150016146e-06
encodec,12.0kbps,24000,20260826,1130.0,452.8929,869.8921763313799,452.9Hz_+50c,4,451.5309974577229,875.7049396626539,452.8929010481625,869.8921747887428,451.5309974577229,875.7049396626539,0.0,0.0,0,1146.7437814313914,1129.9999929231694,16.743781431391426,-7.0768305704405066e-06,11.529912489148018,-3.07011142778377e-06
encodec,12.0kbps,24000,20260826,1135.0,440.0,847.5725456616384,440Hz_ongrid,0,440.15289105312877,840.804766510232,439.99999890554767,847.572543738111,440.15289105312877,840.804766510232,0.0,0.0,0,1120.5193248918856,1135.0000003773002,-14.480675108114383,3.773002390516922e-07,-13.879210970855747,-3.928957122730938e-06
encodec,12.0kbps,24000,20260826,1135.0,440.0,847.5725456616384,440Hz_ongrid,1,440.20407003870014,841.3745018588205,439.99999891706943,847.5725437398116,440.20407003870014,841.3745018588205,0.0,0.0,0,1121.4907358920539,1135.00000033544,-13.509264107946137,3.3544006328156684e-07,-12.70651161509165,-3.9254833910908506e-06
encodec,12.0kbps,24000,20260826,1135.0,440.0,847.5725456616384,440Hz_ongrid,2,440.14024597636796,841.0665922764074,439.99999890632694,847.5725437414294,440.14024597636796,841.0665922764074,0.0,0.0,0,1121.1080825680842,1135.000000381012,-13.891917431915772,3.810118869296275e-07,-13.340190334563239,-3.922178992576145e-06
encodec,12.0kbps,24000,20260826,1135.0,440.0,847.5725456616384,440Hz_ongrid,3,440.1260196538496,840.6873266453612,439.9999989183576,847.572543740879,440.1260196538496,840.6873266453612,0.0,0.0,0,1120.3831922635002,1135.0000003325517,-14.616807736499823,3.3255173548241146e-07,-14.121038921091596,-3.9233032030759425e-06
encodec,12.0kbps,24000,20260826,1135.0,440.0,847.5725456616384,440Hz_ongrid,4,440.15127602256695,840.9170888246692,439.9999989094832,847.5725437417822,440.15127602256695,840.9170888246692,0.0,0.0,0,1120.756935707004,1135.000000369314,-14.243064292995996,3.693139660754241e-07,-13.647952496220391,-3.921458413816745e-06
encodec,12.0kbps,24000,20260826,1135.0,452.8929,872.4081549206405,452.9Hz_+50c,0,450.9826879161753,877.4058164633644,452.8929010483767,872.4081545573438,450.9826879161753,877.4058164633644,0.0,0.0,0,1152.2066605343462,1134.9999952715248,17.206660534346156,-4.728475232695928e-06,9.889217363969477,-7.209374135496046e-07
encodec,12.0kbps,24000,20260826,1135.0,452.8929,872.4081549206405,452.9Hz_+50c,1,451.5971016225635,877.1145846334591,452.8929010490991,872.4081545588958,451.5971016225635,877.1145846334591,0.0,0.0,0,1149.274919000774,1134.999995271843,14.274919000773934,-4.728156909550307e-06,9.314484275178625,-7.178575111704969e-07
encodec,12.0kbps,24000,20260826,1135.0,452.8929,872.4081549206405,452.9Hz_+50c,2,451.38645841247114,877.8561440624215,452.8929010360933,872.408154557106,451.38645841247114,877.8561440624215,0.0,0.0,0,1151.5456843582808,1134.9999953180077,16.545684358280823,-4.681992322730366e-06,10.777543445615146,-7.214094704794034e-07
encodec,12.0kbps,24000,20260826,1135.0,452.8929,872.4081549206405,452.9Hz_+50c,3,451.2068903169035,876.991367983821,452.89290104030727,872.4081545568791,451.2068903169035,436.8405704598624,0.0,1206.5469522186684,0,1150.5282522480336,1134.9999953014492,15.528252248033596,-4.6985508106445195e-06,9.071264235593114,-7.218594237663167e-07
encodec,12.0kbps,24000,20260826,1135.0,452.8929,872.4081549206405,452.9Hz_+50c,4,451.0703140676923,877.1070275577216,452.8929010418477,872.4081545580415,451.0703140676923,877.1070275577216,0.0,0.0,0,1151.2806644250868,1134.999995297867,16.280664425086798,-4.702133082901128e-06,9.299568181639192,-7.195529566826099e-07
encodec,12.0kbps,24000,20260826,1140.0,440.0,850.0239694538641,440Hz_ongrid,0,440.1622296963237,842.6487452708028,439.99999891414785,850.0239708181539,440.1622296963237,842.6487452708028,0.0,0.0,0,1124.2752263187367,1140.0000070510519,-15.724773681263287,7.051051852613455e-06,-15.086578658232401,2.778633182894302e-06
encodec,12.0kbps,24000,20260826,1140.0,440.0,850.0239694538641,440Hz_ongrid,1,440.18819581192884,842.4705053696987,439.9999989145307,850.0239708163311,440.18819581192884,422.48293723796905,0.0,1194.8797226818197,0,1123.8068649221468,1140.0000070458334,-16.193135077853185,7.045833399388357e-06,-15.452813851056016,2.774920924130575e-06
encodec,12.0kbps,24000,20260826,1140.0,440.0,850.0239694538641,440Hz_ongrid,2,440.15777080341485,842.3551487169672,439.999998917192,850.0239708151197,440.15777080341485,422.4416963966198,0.0,1194.8116577502544,0,1123.6894605240875,1140.000007032895,-16.310539475912492,7.032894927760935e-06,-15.689882137407114,2.77245377317835e-06
encodec,12.0kbps,24000,20260826,1140.0,440.0,850.0239694538641,440Hz_ongrid,3,440.21145396036127,842.2506701680849,439.99999891589505,850.0239708167329,440.21145396036127,842.2506701680849,0.0,0.0,0,1123.2635853101215,1140.0000070412834,-16.73641468987853,7.0412834247690625e-06,-15.904622962146362,2.7757393355324576e-06
encodec,12.0kbps,24000,20260826,1140.0,440.0,850.0239694538641,440Hz_ongrid,4,440.2640385870985,844.064291983898,439.9999989187734,850.0239708159869,440.2640385870985,842.5789178894272,0.0,3.0492885012117896,0,1126.780661865876,1140.0000070284389,-13.219338134123973,7.028438858469599e-06,-12.180757467588222,2.7742197581385436e-06
encodec,12.0kbps,24000,20260826,1140.0,452.8929,874.9314104442543,452.9Hz_+50c,0,451.6005262333069,878.8831975222556,452.89290104909344,874.9314118877454,451.6005262333069,878.8831975222556,0.0,0.0,0,1152.749134212806,1139.99999884597,12.749134212805984,-1.1540300874912646e-06,7.801827959963234,2.8562477221583206e-06
encodec,12.0kbps,24000,20260826,1140.0,452.8929,874.9314104442543,452.9Hz_+50c,1,451.1663371759784,878.9034851399357,452.8929010471446,874.931411887969,451.1663371759784,878.9034851399357,0.0,0.0,0,1154.4543834788553,1139.999998853862,14.454383478855334,-1.14613794721663e-06,7.841790277177306,2.8566901794262974e-06
encodec,12.0kbps,24000,20260826,1140.0,452.8929,874.9314104442543,452.9Hz_+50c,2,451.1667912638388,879.9672525589483,452.8929010462126,874.9314118873725,451.1667912638388,879.9672525589483,0.0,0.0,0,1156.546746714558,1139.9999988562447,16.546746714557912,-1.1437552984716604e-06,9.935895956641517,2.8555100371042387e-06
encodec,12.0kbps,24000,20260826,1140.0,452.8929,874.9314104442543,452.9Hz_+50c,3,451.21938719798516,879.0552317566397,452.89290104737324,874.9314118875108,451.21938719798516,879.0552317566397,0.0,0.0,0,1154.5497092158485,1139.9999988520815,14.549709215848452,-1.147918510469026e-06,8.140669776219212,2.855783353453094e-06
encodec,12.0kbps,24000,20260826,1140.0,452.8929,874.9314104442543,452.9Hz_+50c,4,451.34666262033306,878.5410176409348,452.8929010413421,874.9314118876355,451.34666262033306,878.5410176409348,0.0,0.0,0,1153.0484461450526,1139.999998875383,13.048446145052594,-1.124617028835928e-06,7.127666919250336,2.8560301454305407e-06
encodec,12.0kbps,24000,20260826,1145.0,440.0,852.4824834693868,440Hz_ongrid,0,440.3574540444004,842.5805840279016,439.9999989156843,852.4824821923669,440.3574540444004,842.5805840279016,0.0,0.0,0,1123.3675015565668,1145.0000016729825,-21.632498443433178,1.6729825347283622e-06,-20.22662258287845,-2.5933910131661162e-06
encodec,12.0kbps,24000,20260826,1145.0,440.0,852.4824834693868,440Hz_ongrid,1,440.1594725358835,844.2511795515989,439.9999989113566,852.4824821927554,440.1594725358835,844.2511795515989,0.0,0.0,0,1127.57516878616,1145.0000016907993,-17.42483121383998,1.6907993085624184e-06,-16.797480612844666,-2.592602009217045e-06
encodec,12.0kbps,24000,20260826,1145.0,440.0,852.4824834693868,440Hz_ongrid,2,440.1380456510567,842.8167807664455,439.9999989131176,852.4824821935971,440.1380456510567,423.0870736196476,0.0,1193.1173167218617,0,1124.7155458993761,1145.0000016855797,-20.28445410062386,1.6855797184689436e-06,-19.741381716523392,-2.59089272490058e-06
encodec,12.0kbps,24000,20260826,1145.0,440.0,852.4824834693868,440Hz_ongrid,3,440.38034475294086,845.0190241354693,439.999998918724,852.4824821931498,440.38034475294086,845.0190241354693,0.0,0.0,0,1128.2804906237766,1145.0000016626125,-16.719509376223414,1.6626124761387473e-06,-15.223642660057541,-2.591800896315771e-06
encodec,12.0kbps,24000,20260826,1145.0,440.0,852.4824834693868,440Hz_ongrid,4,440.1303290414881,842.158718576442,439.99999891946754,852.4824821952793,440.1303290414881,842.158718576442,0.0,0.0,0,1123.393641863033,1145.0000016640115,-21.606358136966946,1.6640115063637495e-06,-21.093638444415685,-2.5874762705291524e-06
encodec,12.0kbps,24000,20260826,1145.0,452.8929,877.4619639492106,452.9Hz_+50c,0,450.97590570241647,879.5402020068251,452.8929010426121,877.4619659285222,450.97590570241647,879.5402020068251,0.0,0.0,0,1156.4389982823836,1144.9999999196837,11.438998282383636,-8.031634024519008e-08,4.095519328389607,3.9051855108798034e-06
encodec,12.0kbps,24000,20260826,1145.0,452.8929,877.4619639492106,452.9Hz_+50c,1,451.2469201326345,880.2535002112705,452.89290104688473,877.4619659275526,451.2469201326345,880.2535002112705,0.0,0.0,0,1156.8023681856305,1144.9999999014378,11.802368185630485,-9.856216820480768e-08,5.498963612506735,3.90327229643898e-06
encodec,12.0kbps,24000,20260826,1145.0,452.8929,877.4619639492106,452.9Hz_+50c,2,451.14784782005114,880.5197795917996,452.8929010362316,877.4619659296042,451.14784782005114,880.5197795917996,0.0,0.0,0,1157.7061307945853,1144.9999999462084,12.706130794585306,-5.3791609389008954e-08,6.022588021098713,3.907320146160069e-06
encodec,12.0kbps,24000,20260826,1145.0,452.8929,877.4619639492106,452.9Hz_+50c,3,451.30973168205617,880.531645671843,452.8929010351135,877.4619659284957,451.30973168205617,880.531645671843,0.0,0.0,0,1157.1083596789008,1144.9999999482957,12.108359678900797,-5.1704319048440084e-08,6.045918358311796,3.905133230959379e-06
encodec,12.0kbps,24000,20260826,1145.0,452.8929,877.4619639492106,452.9Hz_+50c,4,451.7882713094147,880.8405383886699,452.8929010533187,877.4619659285146,451.7882713094147,880.8405383886699,0.0,0.0,0,1155.8808584472283,1144.9999998787414,10.88085844722832,-1.212586084875511e-07,6.653133118713689,3.905170518843799e-06
encodec,12.0kbps,24000,20260826,1150.0,440.0,854.9481082151732,440Hz_ongrid,0,440.16909384214324,849.6714010840329,439.9999989067673,854.948110344684,440.16909384214324,849.7916026616998,0.0,-0.24489743395035807,0,1138.616586409899,1150.0000086136283,-11.3834135901011,8.613628324383171e-06,-10.718220906887389,4.312170083710554e-06
encodec,12.0kbps,24000,20260826,1150.0,440.0,854.9481082151732,440Hz_ongrid,1,440.1548762342859,843.9996438663553,439.9999989081056,854.9481103421376,440.1548762342859,841.9673687738767,0.0,4.173682539276981,0,1127.0773673630074,1150.0000086032064,-22.922632636992603,8.603206424595555e-06,-22.31336029142172,4.3070135921487294e-06
encodec,12.0kbps,24000,20260826,1150.0,440.0,854.9481082151732,440Hz_ongrid,2,440.25378565844363,844.743221439453,439.9999989138114,854.9481103455838,440.25378565844363,845.4003892461907,0.0,-1.3462895497356016,0,1128.2129509182869,1150.0000085877346,-21.78704908171312,8.587734555476345e-06,-20.788786098027362,4.313992192701384e-06
encodec,12.0kbps,24000,20260826,1150.0,440.0,854.9481082151732,440Hz_ongrid,3,440.1173522165057,844.8196829773975,439.9999989072336,854.9481103445402,440.1173522165057,842.8210100715229,0.0,4.100602953646571,0,1128.9062335040692,1150.0000086115024,-21.093766495930822,8.611502380517777e-06,-20.632091348541667,4.311878700036492e-06
encodec,12.0kbps,24000,20260826,1150.0,440.0,854.9481082151732,440Hz_ongrid,4,440.0876048861662,844.1223293222984,439.99999890944906,854.948110342754,440.0876048861662,844.8830296735379,0.0,-1.5594390286974125,0,1127.5936191459978,1150.0000085991687,-22.406380854002236,8.599168722867034e-06,-22.061722978003516,4.30826177524857e-06
encodec,12.0kbps,24000,20260826,1150.0,452.8929,879.9998365433718,452.9Hz_+50c,0,451.0663855187223,881.8599445794754,452.89290104650826,879.9998344320475,451.0663855187223,881.8599445794754,0.0,0.0,0,1160.651724651017,1149.9999918459712,10.651724651017048,-8.154028819262749e-06,3.6555503429179783,-4.153633157075212e-06
encodec,12.0kbps,24000,20260826,1150.0,452.8929,879.9998365433718,452.9Hz_+50c,1,451.0333676269479,882.0255066574562,452.89290103940624,879.9998344311952,451.0333676269479,882.0255066574562,0.0,0.0,0,1161.103449673737,1149.9999918714427,11.103449673737032,-8.12855728327122e-06,3.980545038322303,-4.155309958648393e-06
encodec,12.0kbps,24000,20260826,1150.0,452.8929,879.9998365433718,452.9Hz_+50c,2,451.33822434791074,881.7768117655006,452.89290103763017,879.9998344343302,451.33822434791074,881.7768117655006,0.0,0.0,0,1159.4454857357632,1149.9999918843994,9.445485735763214,-8.115600621749763e-06,3.492339457528339,-4.1491424656543355e-06
encodec,12.0kbps,24000,20260826,1150.0,452.8929,879.9998365433718,452.9Hz_+50c,3,451.00238917754973,881.7181142608287,452.8929010502335,879.9998344318279,451.00238917754973,881.7181142608287,0.0,0.0,0,1160.6189075847567,1149.9999918312992,10.618907584756698,-8.16870078779175e-06,3.377092039210324,-4.154065043037492e-06
encodec,12.0kbps,24000,20260826,1150.0,452.8929,879.9998365433718,452.9Hz_+50c,4,451.6309556164694,881.0999440801272,452.892901050997,879.9998344323678,451.6309556164694,881.0999440801272,0.0,0.0,0,1156.9935604199886,1149.9999918294427,6.993560419988626,-8.170557293851743e-06,2.1629028564389023,-4.153002914943339e-06
encodec,12.0kbps,24000,20260826,1155.0,440.0,857.4208642575022,440Hz_ongrid,0,440.26743039923224,853.0896661413308,439.99999890313876,857.4208631643409,440.26743039923224,853.0896661413308,0.0,0.0,0,1145.1807185249038,1155.0000021085132,-9.819281475096204,2.108513172061066e-06,-8.76736336211883,-2.20722191984468e-06
encodec,12.0kbps,24000,20260826,1155.0,440.0,857.4208642575022,440Hz_ongrid,1,440.2437191262643,852.6734118621786,439.99999891385573,857.420863163687,440.2437191262643,852.6734118621786,0.0,0.0,0,1144.4290194369394,1155.000002065026,-10.57098056306063,2.065025910269469e-06,-9.612303207206791,-2.2085421800456464e-06
encodec,12.0kbps,24000,20260826,1155.0,440.0,857.4208642575022,440Hz_ongrid,2,440.29011986628467,860.0511055052451,439.99999891273666,857.4208631649115,440.29011986628467,859.7943778287995,0.0,0.5168553831243385,0,1159.161502733471,1155.0000020719012,4.161502733471025,2.0719012354675215e-06,5.3026388150259525,-2.2060698395353798e-06
encodec,12.0kbps,24000,20260826,1155.0,440.0,857.4208642575022,440Hz_ongrid,3,440.2006783536448,849.9346284443076,439.99999890817276,857.420863163633,440.2006783536448,852.2987904470662,0.0,-4.8088826631114285,0,1139.0286170031516,1155.0000020872772,-15.971382996848433,2.0872771528956946e-06,-15.181969370378507,-2.2086511606154452e-06
encodec,12.0kbps,24000,20260826,1155.0,440.0,857.4208642575022,440Hz_ongrid,4,440.2791034856841,848.348472253245,439.99999891582803,857.4208631633708,440.2791034856841,850.4300256565616,0.0,-4.242646036242594,0,1135.4863476981643,1155.000002056627,-19.51365230183569,2.0566269540722715e-06,-18.415833503439003,-2.2091806870172014e-06
encodec,12.0kbps,24000,20260826,1155.0,452.8929,882.5450493956512,452.9Hz_+50c,0,451.1457067292094,882.7315265193141,452.89290104000384,882.5450474808945,451.1457067292094,882.7315265193141,0.0,0.0,0,1162.0575210134348,1154.9999922684085,7.05752101343478,-7.731591495030443e-06,0.36576200178793883,-3.756059736890327e-06
encodec,12.0kbps,24000,20260826,1155.0,452.8929,882.5450493956512,452.9Hz_+50c,1,451.55018850246074,883.4778144269006,452.8929010375452,882.5450474813017,451.55018850246074,883.4778144269006,0.0,0.0,0,1161.9690705409269,1154.9999922786058,6.96907054092685,-7.721394240434165e-06,1.828781229416331,-3.7552609304556027e-06
encodec,12.0kbps,24000,20260826,1155.0,452.8929,882.5450493956512,452.9Hz_+50c,2,451.14109910892273,882.8910614796066,452.8929010420987,882.545047480284,451.14109910892273,882.8910614796066,0.0,0.0,0,1162.3880579480992,1154.999992259203,7.388057948099231,-7.740796945654438e-06,0.678617487330479,-3.757257369925642e-06
encodec,12.0kbps,24000,20260826,1155.0,452.8929,882.5450493956512,452.9Hz_+50c,3,451.88791715143816,884.0125676971379,452.8929010525425,882.5450474791276,451.88791715143816,884.0125676971379,0.0,0.0,0,1161.7222778019552,1154.9999922170118,6.722277801955215,-7.782988177496009e-06,2.8763491334857316,-3.759525780306448e-06
encodec,12.0kbps,24000,20260826,1155.0,452.8929,882.5450493956512,452.9Hz_+50c,4,450.8474700470723,882.8882881503871,452.89290104638224,882.545047480062,450.8474700470723,882.8882881503871,0.0,0.0,0,1163.5097752129573,1154.999992242393,8.509775212957265,-7.757606908853631e-06,0.6731793424400241,-3.7576929077940458e-06
encodec,12.0kbps,24000,20260826,1160.0,440.0,859.9007722221364,440Hz_ongrid,0,440.15546474468874,866.8331342193277,439.9999989102897,859.9007740403898,440.15546474468874,866.8331342193277,0.0,0.0,0,1173.2893452554613,1160.0000079482797,13.289345255461285,7.94827974459622e-06,13.900932351183414,3.6606807800838953e-06
encodec,12.0kbps,24000,20260826,1160.0,440.0,859.9007722221364,440Hz_ongrid,1,440.24221905353255,866.5555655619868,439.99999891533315,859.9007740413432,440.24221905353255,866.5555655619868,0.0,0.0,0,1172.3937066901512,1160.000007930355,12.393706690151248,7.930354968266329e-06,13.346485082996992,3.6626001451038618e-06
encodec,12.0kbps,24000,20260826,1160.0,440.0,859.9007722221364,440Hz_ongrid,2,440.2065645415764,864.540965955602,439.99999890892,859.9007740414604,440.2065645415764,864.540965955602,0.0,0.0,0,1168.5044011302273,1160.0000079558245,8.50440113022728,7.955824457894778e-06,9.316963973264569,3.662836173568163e-06
encodec,12.0kbps,24000,20260826,1160.0,440.0,859.9007722221364,440Hz_ongrid,3,440.1802276041366,865.9646143671099,439.99999890786694,859.9007740406695,440.1802276041366,865.9646143671099,0.0,0.0,0,1171.4564775741167,1160.0000079583756,11.456477574116661,7.958375590533251e-06,12.165460028932786,3.661243942462075e-06
encodec,12.0kbps,24000,20260826,1160.0,440.0,859.9007722221364,440Hz_ongrid,4,440.1721826483081,866.0572055079931,439.99999891454127,859.9007740406851,440.1721826483081,866.0572055079931,0.0,0.0,0,1171.6732168258138,1160.000007932146,11.673216825813824,7.932145990707795e-06,12.350558084918326,3.661275079767626e-06
encodec,12.0kbps,24000,20260826,1160.0,452.8929,885.0976237361882,452.9Hz_+50c,0,451.33004619081976,884.6934671494356,452.89290104428727,885.0976216862543,451.33004619081976,884.6934671494356,0.0,0.0,0,1165.1938130662666,1159.999991998463,5.193813066266557,-8.001537025847938e-06,-0.7907031060412142,-4.009631575302678e-06
encodec,12.0kbps,24000,20260826,1160.0,452.8929,885.0976237361882,452.9Hz_+50c,1,451.1217168302067,884.5812619411269,452.89290104725364,885.0976216865832,451.1217168302067,884.5812619411269,0.0,0.0,0,1165.7735321598911,1159.9999919877669,5.773532159891147,-8.012233138288138e-06,-1.0102885374875827,-4.008988263190692e-06
encodec,12.0kbps,24000,20260826,1160.0,452.8929,885.0976237361882,452.9Hz_+50c,2,451.2459364728784,885.0267386611937,452.89290104309134,885.0976216860846,451.2459364728784,885.0267386611937,0.0,0.0,0,1166.1685230375917,1159.9999920027024,6.16852303759174,-7.997297643669299e-06,-0.13865540531918988,-4.0099635143577725e-06
encodec,12.0kbps,24000,20260826,1160.0,452.8929,885.0976237361882,452.9Hz_+50c,3,451.51814612480786,884.8694587175131,452.89290103457927,885.0976216867904,451.51814612480786,884.8694587175131,0.0,0.0,0,1164.8167995291499,1159.9999920366213,4.8167995291498755,-7.963378720887704e-06,-0.4463439520883727,-4.008583093805552e-06
encodec,12.0kbps,24000,20260826,1160.0,452.8929,885.0976237361882,452.9Hz_+50c,4,451.2484536336655,885.1118387699786,452.89290104563577,885.097621683984,451.2484536336655,885.1118387699786,0.0,0.0,0,1166.3253253319936,1159.9999919888674,6.325325331993554,-8.011132649698993e-06,0.027804111353079947,-4.014072293269617e-06
encodec,12.0kbps,24000,20260826,1165.0,440.0,862.3878527944938,440Hz_ongrid,0,440.2089795291503,870.8570299767457,439.99999891874296,862.3878510780679,440.2089795291503,870.8570299767457,0.0,0.0,0,1181.0967774674518,1165.0000008086326,16.09677746745183,8.086326488410123e-07,16.918837890908158,-3.4457059463189796e-06
encodec,12.0kbps,24000,20260826,1165.0,440.0,862.3878527944938,440Hz_ongrid,1,440.1906914181108,870.4835767260067,439.9999989100502,862.3878510788162,440.1906914181108,870.4835767260067,0.0,0.0,0,1180.426130074807,1165.0000008443374,15.426130074806906,8.443373644695384e-07,16.176266344781336,-3.4442038596283525e-06
encodec,12.0kbps,24000,20260826,1165.0,440.0,862.3878527944938,440Hz_ongrid,2,440.15020068320234,870.7129316303166,439.99999891190384,862.3878510774093,440.15020068320234,870.7129316303166,0.0,0.0,0,1181.0414694033052,1165.0000008342197,16.0414694033052,8.342196906596655e-07,16.632351594266538,-3.4470281285767966e-06
encodec,12.0kbps,24000,20260826,1165.0,440.0,862.3878527944938,440Hz_ongrid,3,440.14124392318917,868.8537268060495,439.99999891761746,862.387851078532,440.14124392318917,868.8537268060495,0.0,0.0,0,1177.3760995146565,1165.0000008139925,12.376099514656516,8.139925284922356e-07,12.931751900762526,-3.4447743258212865e-06
encodec,12.0kbps,24000,20260826,1165.0,440.0,862.3878527944938,440Hz_ongrid,4,440.2835259143545,870.7228380428262,439.9999989100555,862.3878510764032,440.2835259143545,870.7228380428262,0.0,0.0,0,1180.536840082061,1165.0000008394722,15.536840082060962,8.394722499360796e-07,16.65204835132156,-3.4490478249229442e-06
encodec,12.0kbps,24000,20260826,1165.0,452.8929,887.657580856526,452.9Hz_+50c,0,451.2712045265241,887.1339428534909,452.8929010470924,887.6575790532193,451.2712045265241,887.1339428534909,0.0,0.0,0,1170.1886651758457,1164.9999924803103,5.188665175845699,-7.519689688706421e-06,-1.0215734686959814,-3.5170613108069965e-06
encodec,12.0kbps,24000,20260826,1165.0,452.8929,887.657580856526,452.9Hz_+50c,1,451.98475582764036,887.1602413615351,452.8929010484403,887.6575790539318,451.98475582764036,887.1602413615351,0.0,0.0,0,1167.5047155000295,1164.9999924765475,2.5047155000295334,-7.523452495661331e-06,-0.9702529233500354,-3.515671472181228e-06
encodec,12.0kbps,24000,20260826,1165.0,452.8929,887.657580856526,452.9Hz_+50c,2,451.0681222666965,886.7807124602168,452.8929010438876,887.6575790535469,451.0681222666965,886.7807124602168,0.0,0.0,0,1170.2784717929765,1164.9999924932001,5.278471792976461,-7.5067998750455445e-06,-1.711036730360842,-3.5164222272181874e-06
encodec,12.0kbps,24000,20260826,1165.0,452.8929,887.657580856526,452.9Hz_+50c,3,451.3300466660158,888.0150949624914,452.8929010429711,887.6575790536585,451.3300466660158,888.0150949624914,0.0,0.0,0,1171.681648016178,1164.999992496921,6.681648016178087,-7.503078904846916e-06,0.6971336666506921,-3.516204458284016e-06
encodec,12.0kbps,24000,20260826,1165.0,452.8929,887.657580856526,452.9Hz_+50c,4,451.6943457926034,886.4254882063789,452.8929010522611,887.6575790541447,451.6943457926034,886.4254882063789,0.0,0.0,0,1167.18301267234,1164.9999924623573,2.1830126723400554,-7.537642659372068e-06,-2.4046687865695504,-3.515256308105491e-06
encodec,12.0kbps,24000,20260826,1170.0,440.0,864.8821267198209,440Hz_ongrid,0,440.2092664251483,870.2996187909613,439.99999890293947,864.8821277743289,440.2092664251483,870.2996187909613,0.0,0.0,0,1179.9871799780421,1170.0000064273274,9.98717997804215,6.427327434721519e-06,10.810368692790602,2.110807941185811e-06
encodec,12.0kbps,24000,20260826,1170.0,440.0,864.8821267198209,440Hz_ongrid,1,440.1757783427078,871.2083839306457,439.999998919443,864.8821277724187,440.1757783427078,871.2083839306457,0.0,0.0,0,1181.925693323785,1170.0000063585685,11.925693323785026,6.358568498399109e-06,12.617176692261577,2.1069842031784553e-06
encodec,12.0kbps,24000,20260826,1170.0,440.0,864.8821267198209,440Hz_ongrid,2,440.3497840337221,871.3380845238626,439.99999891131364,864.8821277719757,440.3497840337221,871.3380845238626,0.0,0.0,0,1181.499172379479,1170.0000063896678,11.499172379478978,6.389667760231532e-06,12.874893875293127,2.1060973665862184e-06
encodec,12.0kbps,24000,20260826,1170.0,440.0,864.8821267198209,440Hz_ongrid,3,440.28403974606124,871.4602364815448,439.99999891224473,864.8821277723398,440.28403974606124,871.4602364815448,0.0,0.0,0,1182.0003480215917,1170.000006386733,12.000348021591662,6.386733048202586e-06,13.117576721721475,2.1068265945946595e-06
encodec,12.0kbps,24000,20260826,1170.0,440.0,864.8821267198209,440Hz_ongrid,4,440.3316238232697,871.9481665172973,439.9999989197738,864.8821277719203,440.3316238232697,871.9481665172973,0.0,0.0,0,1182.7822991105372,1170.0000063562693,12.782299110537224,6.356269295793027e-06,14.086622313172125,2.105986656166381e-06
encodec,12.0kbps,24000,20260826,1170.0,452.8929,890.224942109789,452.9Hz_+50c,0,451.2754887919542,887.9882043541098,452.8929010430195,890.2249400302048,451.2754887919542,887.9882043541098,0.0,0.0,0,1171.8385109426224,1169.9999919687414,1.8385109426224062,-8.031258630580851e-06,-4.355291840500002,-4.04419917416898e-06
encodec,12.0kbps,24000,20260826,1170.0,452.8929,890.224942109789,452.9Hz_+50c,1,451.33088362515014,887.4998985405036,452.89290103904113,890.2249400302832,451.33088362515014,887.4998985405036,0.0,0.0,0,1170.6737424635462,1169.9999919841016,0.6737424635462048,-8.015898401936283e-06,-5.307561439838253,-4.044046755135572e-06
encodec,12.0kbps,24000,20260826,1170.0,452.8929,890.224942109789,452.9Hz_+50c,2,451.1446379089419,887.9333868145844,452.89290105084046,890.2249400305607,451.1446379089419,887.9333868145844,0.0,0.0,0,1172.2336923547841,1169.9999919395368,2.233692354784125,-8.060463187575806e-06,-4.462168170417322,-4.04350723404254e-06
encodec,12.0kbps,24000,20260826,1170.0,452.8929,890.224942109789,452.9Hz_+50c,3,451.5669916117136,887.6576938501377,452.8929010532214,890.2249400306052,451.5669916117136,887.6576938501377,0.0,0.0,0,1170.0760881140118,1169.9999919305221,0.07608811401178173,-8.069477871686104e-06,-4.99977962405815,-4.043420549321144e-06
encodec,12.0kbps,24000,20260826,1170.0,452.8929,890.224942109789,452.9Hz_+50c,4,451.23156716440786,887.8662388804124,452.8929010476565,890.2249400305176,451.23156716440786,887.8662388804124,0.0,0.0,0,1171.7692143550794,1169.9999919516242,1.7692143550793844,-8.048375775615568e-06,-4.59309374145179,-4.0435910356800755e-06
encodec,12.0kbps,24000,20260826,1175.0,440.0,867.383614803365,440Hz_ongrid,0,440.1570983658497,873.6477938718433,439.9999989180756,867.383617739749,440.1570983658497,873.6477938718433,0.0,0.0,0,1186.8398981828234,1175.0000101177711,11.83989818282339,1.011777112580603e-05,12.457910679467465,5.86080665428572e-06
encodec,12.0kbps,24000,20260826,1175.0,440.0,867.383614803365,440Hz_ongrid,1,440.22844383930766,872.842413869423,439.9999989103772,867.3836177384709,440.22844383930766,872.842413869423,0.0,0.0,0,1184.962613979209,1175.0000101455107,9.962613979208982,1.0145510714210104e-05,10.861221072756859,5.8582557017008355e-06
encodec,12.0kbps,24000,20260826,1175.0,440.0,867.383614803365,440Hz_ongrid,2,440.1474420915573,872.3835969765842,439.99999891244676,867.3836177386348,440.1474420915573,872.3835969765842,0.0,0.0,0,1184.3709123479107,1175.0000101376947,9.37091234791069,1.0137694744116743e-05,9.9509441910999,5.8585832200254786e-06
encodec,12.0kbps,24000,20260826,1175.0,440.0,867.383614803365,440Hz_ongrid,3,440.0861423720659,873.5311919362148,439.99999891242237,867.3836177397714,440.0861423720659,873.5311919362148,0.0,0.0,0,1186.8879304800469,1175.0000101400592,11.887930480046862,1.0140059202967677e-05,12.22683505059767,5.860851630393681e-06
encodec,12.0kbps,24000,20260826,1175.0,440.0,867.383614803365,440Hz_ongrid,4,440.3250217137612,872.9730747029347,439.999998904486,867.3836177372982,440.3250217137612,872.9730747029347,0.0,0.0,0,1184.841994362629,1175.0000101663497,9.841994362629066,1.0166349738938152e-05,11.120360123541642,5.855915406442127e-06
encodec,12.0kbps,24000,20260826,1175.0,452.8929,892.7997289108612,452.9Hz_+50c,0,451.3097052190111,889.439223433912,452.8929010381649,892.7997269871407,451.3097052190111,889.439223433912,0.0,0.0,0,1174.5338690090116,1174.9999923011983,-0.46613099098840394,-7.6988017099211e-06,-6.528673824402767,-3.7302993826042015e-06
encodec,12.0kbps,24000,20260826,1175.0,452.8929,892.7997289108612,452.9Hz_+50c,1,451.7682903628051,888.9591961976572,452.8929010475722,892.7997269860497,451.7682903628051,888.9591961976572,0.0,0.0,0,1171.8410261830136,1174.999992263122,-3.1589738169864177,-7.736877932984498e-06,-7.463267003177936,-3.7324151817460018e-06
encodec,12.0kbps,24000,20260826,1175.0,452.8929,892.7997289108612,452.9Hz_+50c,2,451.0529629752123,888.6398101991786,452.8929010472874,892.799726987806,451.0529629752123,888.6398101991786,0.0,0.0,0,1173.962314050992,1174.9999922676166,-1.0376859490079369,-7.732383437542012e-06,-8.085377973449237,-3.729009298679806e-06
encodec,12.0kbps,24000,20260826,1175.0,452.8929,892.7997289108612,452.9Hz_+50c,3,451.4311557757137,888.5727009808481,452.892901041372,892.7997269865699,451.4311557757137,888.5727009808481,0.0,0.0,0,1172.3805944468554,1174.999992287832,-2.6194055531445883,-7.712168098805705e-06,-8.216124030101733,-3.7314062946007155e-06
encodec,12.0kbps,24000,20260826,1175.0,452.8929,892.7997289108612,452.9Hz_+50c,4,451.3228229331788,889.0821492548893,452.89290103885173,892.7997269871263,451.3228229331788,889.0821492548893,0.0,0.0,0,1173.7883893056094,1174.999992298545,-1.2116106943906289,-7.701454933339846e-06,-7.223834416302999,-3.7303274446204357e-06
encodec,12.0kbps,24000,20260826,1180.0,440.0,869.8923379105486,440Hz_ongrid,0,440.31656898932556,876.2248844562621,439.99999891618404,869.8923363634523,440.31656898932556,876.2248844562621,0.0,0.0,0,1191.3120644767714,1180.0000011854215,11.312064476771411,1.1854215244966326e-06,12.557196185362798,-3.078985367694807e-06
encodec,12.0kbps,24000,20260826,1180.0,440.0,869.8923379105486,440Hz_ongrid,1,440.22478223476156,875.1537437195248,439.9999989093108,869.8923363638343,440.22478223476156,875.1537437195248,0.0,0.0,0,1189.5553477641622,1180.0000012132252,9.555347764162207,1.213225232277182e-06,10.439555241065621,-3.0782251945841e-06
encodec,12.0kbps,24000,20260826,1180.0,440.0,869.8923379105486,440Hz_ongrid,2,440.1190615948789,875.2610273864391,439.9999989089256,869.892336364925,440.1190615948789,875.2610273864391,0.0,0.0,0,1190.1833722857398,1180.0000012169116,10.183372285739779,1.216911641677143e-06,10.65177138591243,-3.0760544246441964e-06
encodec,12.0kbps,24000,20260826,1180.0,440.0,869.8923379105486,440Hz_ongrid,3,440.28838901026734,875.1234653990715,439.99999890520354,869.8923363654271,440.28838901026734,875.1234653990715,0.0,0.0,0,1189.2453271713475,1180.000001232556,9.245327171347526,1.2325560874160146e-06,10.379657461389188,-3.075055147778822e-06
encodec,12.0kbps,24000,20260826,1180.0,440.0,869.8923379105486,440Hz_ongrid,4,440.25773674916826,875.6566045895133,439.99999891623025,869.8923363652787,440.25773674916826,875.6566045895133,0.0,0.0,0,1190.4202317486668,1180.0000011888746,10.420231748666765,1.188874648505589e-06,11.434031752867421,-3.0753505677715278e-06
encodec,12.0kbps,24000,20260826,1180.0,452.8929,895.3819627365643,452.9Hz_+50c,0,451.5994853252127,891.5624207736005,452.89290104033785,895.3819610977595,451.5994853252127,892.0817086966822,0.0,-1.0080586640068652,0,1177.5503598944065,1179.9999928545387,-2.4496401055935166,-7.145461268009967e-06,-7.400936738222571,-3.1686531198101867e-06
encodec,12.0kbps,24000,20260826,1180.0,452.8929,895.3819627365643,452.9Hz_+50c,1,451.63758353531404,891.8257719831406,452.89290104212535,895.3819610979001,451.63758353531404,892.2445570439627,0.0,-0.812765010499688,0,1177.9156135717903,1179.9999928479776,-2.0843864282096547,-7.152022362788557e-06,-6.889637419336804,-3.1683811488995154e-06
encodec,12.0kbps,24000,20260826,1180.0,452.8929,895.3819627365643,452.9Hz_+50c,2,451.4087604283115,890.9551459144238,452.8929010410302,895.3819610983851,451.4087604283115,891.6275609899614,0.0,-1.3060913522624507,0,1177.10206296993,1179.9999928531017,-2.8979370300698974,-7.146898269638768e-06,-8.580543574834984,-3.1674433778230726e-06
encodec,12.0kbps,24000,20260826,1180.0,452.8929,895.3819627365643,452.9Hz_+50c,3,451.0108163172907,891.041260168461,452.8929010456472,895.3819610960743,451.0108163172907,891.952515333458,0.0,-1.769603604976015,0,1178.7962459177118,1179.9999928309846,-1.203754082288242,-7.1690153617964825e-06,-8.413221207285574,-3.1719113889817136e-06
encodec,12.0kbps,24000,20260826,1180.0,452.8929,895.3819627365643,452.9Hz_+50c,4,451.2265365146446,890.1913677660351,452.89290103915573,895.381961098644,451.2265365146446,890.1913677660351,0.0,0.0,0,1176.3163154593722,1179.9999928607674,-3.683684540627837,-7.139232593544875e-06,-10.065293770638311,-3.1669428744652007e-06
encodec,12.0kbps,24000,20260826,1185.0,440.0,872.4083169671427,440Hz_ongrid,0,440.15280529513865,877.1569617738546,439.999998913956,872.4083165852606,440.15280529513865,437.1863865046567,0.0,1205.5038591149248,0,1193.796677144073,1185.000003515355,8.7966771440731,3.5153550470568007e-06,9.397803973160007,-7.578185910408371e-07
encodec,12.0kbps,24000,20260826,1185.0,440.0,872.4083169671427,440Hz_ongrid,1,440.18721981947715,876.968184746426,439.99999890856634,872.4083165849925,440.18721981947715,876.968184746426,0.0,0.0,0,1193.288694244393,1185.0000035360292,8.2886942443929,3.536029225870152e-06,9.025176946546893,-7.58350808320414e-07
encodec,12.0kbps,24000,20260826,1185.0,440.0,872.4083169671427,440Hz_ongrid,2,440.12891486675954,877.1879780056511,439.99999891375154,872.408316584708,440.12891486675954,437.2682557876211,0.0,1205.2409068859636,0,1193.9518621640389,1185.0000035150629,8.951862164038857,3.515062871883856e-06,9.459019251122536,-7.589151239335733e-07
encodec,12.0kbps,24000,20260826,1185.0,440.0,872.4083169671427,440Hz_ongrid,3,440.1101685416344,876.8794095021796,439.99999891257903,872.4083165858391,440.1101685416344,876.8794095021796,0.0,0.0,0,1193.4164983345254,1185.000003521921,8.416498334525386,3.521920916682575e-06,8.849915736634655,-7.56670739255488e-07
encodec,12.0kbps,24000,20260826,1185.0,440.0,872.4083169671427,440Hz_ongrid,4,440.31583132342604,876.7933877914951,439.9999989025918,872.4083165855973,440.31583132342604,436.8244975702497,0.0,1206.2197825297544,0,1192.4378423044318,1185.000003560737,7.437842304431797,3.5607370136858663e-06,8.68007366022752,-7.571504844089093e-07
encodec,12.0kbps,24000,20260826,1185.0,452.8929,897.9716651258374,452.9Hz_+50c,0,451.12260754596474,893.2120606397737,452.8929010390003,897.971667051519,451.12260754596474,894.1605939563049,0.0,-1.8374828821366476,0,1182.5797731648677,1184.9999997409,-2.4202268351323255,-2.59100033872528e-07,-9.200629306634179,3.712595509894168e-06
encodec,12.0kbps,24000,20260826,1185.0,452.8929,897.9716651258374,452.9Hz_+50c,1,451.26491073916617,893.9507460250773,452.8929010402867,897.9716670509051,451.26491073916617,894.7202425201726,0.0,-1.489573681983053,0,1183.4648916232989,1184.9999997347993,-1.535108376701146,-2.6520069695834536e-07,-7.769492357451817,3.7114119078720766e-06
encodec,12.0kbps,24000,20260826,1185.0,452.8929,897.9716651258374,452.9Hz_+50c,2,451.18593388047,893.7970292066989,452.89290103642327,897.9716670526049,451.18593388047,894.0907691064505,0.0,-0.5688640205215384,0,1183.4701900547225,1184.9999997528444,-1.5298099452775205,-2.4715563995414414e-07,-8.067207498517709,3.7146890131784504e-06
encodec,12.0kbps,24000,20260826,1185.0,452.8929,897.9716651258374,452.9Hz_+50c,3,451.5666818740144,891.9414962183179,452.89290104652014,897.9716670519553,451.5666818740144,892.9951673792101,0.0,-2.043939865593525,0,1178.4120499508922,1184.9999997129958,-6.587950049107803,-2.870042408176232e-07,-11.665005271305441,3.713436601555206e-06
encodec,12.0kbps,24000,20260826,1185.0,452.8929,897.9716651258374,452.9Hz_+50c,4,451.4687073952417,893.9100712495584,452.89290103873003,897.9716670489469,451.4687073952417,894.7142097963884,0.0,-1.5566736301064914,0,1182.604449043264,1184.9999997369744,-2.3955509567360878,-2.630256403790554e-07,-7.848265330882569,3.70763660567689e-06
encodec,12.0kbps,24000,20260826,1190.0,440.0,874.9315729594417,440Hz_ongrid,0,440.3775308513279,879.400507191308,439.9999989156303,874.9315744002232,440.3775308513279,879.400507191308,0.0,0.0,0,1197.335404442946,1190.0000071174718,7.335404442945901,7.117471795936581e-06,8.820209044498677,2.850885955022133e-06
encodec,12.0kbps,24000,20260826,1190.0,440.0,874.9315729594417,440Hz_ongrid,1,440.23180766123284,879.5048341927233,439.9999989062482,874.931574400291,440.23180766123284,879.5048341927233,0.0,0.0,0,1198.1137449343778,1190.0000071545207,8.113744934377792,7.154520744734327e-06,9.025580479844763,2.8510197301127122e-06
encodec,12.0kbps,24000,20260826,1190.0,440.0,874.9315729594417,440Hz_ongrid,2,440.3277064282591,878.3909448008341,439.9999989148924,874.931574399815,440.3277064282591,878.3909448008341,0.0,0.0,0,1195.5426685038033,1190.0000071195673,5.54266850380327,7.1195672717294656e-06,6.831589774287796,2.850077922722141e-06
encodec,12.0kbps,24000,20260826,1190.0,440.0,874.9315729594417,440Hz_ongrid,3,440.1526819191203,878.815272745776,439.9999989136231,874.9315743992543,440.1526819191203,878.815272745776,0.0,0.0,0,1197.067060667891,1190.000007123452,7.067060667890928,7.123451950974413e-06,7.66770222733681,2.8489685120571665e-06
encodec,12.0kbps,24000,20260826,1190.0,440.0,874.9315729594417,440Hz_ongrid,4,440.12410550311165,878.9878485879372,439.9999989160201,874.9315743999784,440.12410550311165,878.9878485879372,0.0,0.0,0,1197.5193974747003,1190.0000071154536,7.519397474700327,7.115453627193347e-06,8.007636968980727,2.850401596935554e-06
encodec,12.0kbps,24000,20260826,1190.0,452.8929,900.5688576799163,452.9Hz_+50c,0,451.50500023336707,896.4278561105731,452.8929010483412,900.5688589864493,451.50500023336707,896.4278561105731,0.0,0.0,0,1187.3346187451434,1189.9999985042489,-2.665381254856584,-1.4957511211832752e-06,-7.978930121518524,2.511650777017137e-06
encodec,12.0kbps,24000,20260826,1190.0,452.8929,900.5688576799163,452.9Hz_+50c,1,451.2713649972323,898.3111469774111,452.8929010532356,900.5688589870152,451.2713649972323,898.3111469774111,0.0,0.0,0,1191.8639994312834,1189.9999984866272,1.863999431283446,-1.5133728084038012e-06,-4.345623591650655,2.5127386606562538e-06
encodec,12.0kbps,24000,20260826,1190.0,452.8929,900.5688576799163,452.9Hz_+50c,2,451.25903113651333,894.7624672172909,452.8929010449366,900.5688589863742,451.25903113651333,894.7624672172909,0.0,0.0,0,1185.0587224967273,1189.999998517119,-4.941277503272659,-1.482881089032162e-06,-11.198218156119337,2.5115062384134948e-06
encodec,12.0kbps,24000,20260826,1190.0,452.8929,900.5688576799163,452.9Hz_+50c,3,451.3819123293644,896.5255159060554,452.8929010390216,900.568858986671,451.3819123293644,896.5255159060554,0.0,0.0,0,1187.9952428409913,1189.9999985403003,-2.0047571590087045,-1.4596996606996981e-06,-7.790334069920279,2.5120770890156462e-06
encodec,12.0kbps,24000,20260826,1190.0,452.8929,900.5688576799163,452.9Hz_+50c,4,451.44398732219656,896.6891518501171,452.8929010326246,900.5688589848526,451.44398732219656,896.6891518501171,0.0,0.0,0,1188.0731363247837,1189.9999985612578,-1.926863675216282,-1.4387421742867446e-06,-7.4743739967721705,2.508581253745632e-06
encodec,12.0kbps,24000,20260826,1195.0,440.0,877.4621269344385,440Hz_ongrid,0,440.2049346545662,880.2704010932066,439.9999989073463,877.4621289066102,440.2049346545662,880.2704010932066,0.0,0.0,0,1199.725728596228,1195.0000081902779,4.725728596228009,8.190277867470286e-06,5.531881446004493,3.891097609970108e-06
encodec,12.0kbps,24000,20260826,1195.0,440.0,877.4621269344385,440Hz_ongrid,1,440.1643180648936,879.5420122841679,439.99999892184303,877.4621289075629,440.1643180648936,879.5420122841679,0.0,0.0,0,1198.4523520779615,1195.0000081351184,3.45235207796145,8.13511837804981e-06,4.098760995675724,3.89297738063832e-06
encodec,12.0kbps,24000,20260826,1195.0,440.0,877.4621269344385,440Hz_ongrid,2,440.1410114645951,880.0098232707912,439.99999891604983,877.4621289065456,440.1410114645951,880.0098232707912,0.0,0.0,0,1199.4645872824578,1195.000008155905,4.464587282457842,8.155905106832506e-06,5.019325324941279,3.890969985458482e-06
encodec,12.0kbps,24000,20260826,1195.0,440.0,877.4621269344385,440Hz_ongrid,3,440.15847366071404,880.3138258854681,439.9999989119218,877.462128906332,440.15847366071404,880.3138258854681,0.0,0.0,0,1199.9938613634406,1195.0000081717262,4.993861363440601,8.171726221917197e-06,5.617283186858534,3.890548670805647e-06
encodec,12.0kbps,24000,20260826,1195.0,440.0,877.4621269344385,440Hz_ongrid,4,440.3808679981963,880.5309257713604,439.9999989143662,877.4621289066654,440.3808679981963,880.5309257713604,0.0,0.0,0,1199.5462576647144,1195.000008162766,4.546257664714403,8.162766107489006e-06,6.044181374283935,3.891206398333932e-06
encodec,12.0kbps,24000,20260826,1195.0,452.8929,903.1735620625135,452.9Hz_+50c,0,451.3658691373764,898.600562530551,452.8929010531693,903.1735614793316,451.3658691373764,898.600562530551,0.0,0.0,0,1192.0591612696596,1194.999994856279,-2.9408387303403742,-5.143720954947639e-06,-8.787948930611968,-1.117863100197992e-06
encodec,12.0kbps,24000,20260826,1195.0,452.8929,903.1735620625135,452.9Hz_+50c,1,451.0589252406896,898.6611716047353,452.8929010411972,903.1735614788571,451.0589252406896,898.6611716047353,0.0,0.0,0,1193.353623687733,1194.999994901134,-1.6463763122669661,-5.098866040498251e-06,-8.67118408667509,-1.1187726170515425e-06
encodec,12.0kbps,24000,20260826,1195.0,452.8929,903.1735620625135,452.9Hz_+50c,2,451.07441228456577,899.0766073919278,452.8929010475339,903.1735614783502,451.07441228456577,899.0766073919278,0.0,0.0,0,1194.0943181829293,1194.9999948759396,-0.905681817070672,-5.124060407979414e-06,-7.871048937718647,-1.1197442163107778e-06
encodec,12.0kbps,24000,20260826,1195.0,452.8929,903.1735620625135,452.9Hz_+50c,3,451.0560981823212,898.2207976079857,452.89290103676944,903.173561478608,451.0560981823212,898.2207976079857,0.0,0.0,0,1192.5159039574246,1194.9999949175822,-2.484096042575402,-5.082417828816688e-06,-9.519754539073029,-1.1192500557379798e-06
encodec,12.0kbps,24000,20260826,1195.0,452.8929,903.1735620625135,452.9Hz_+50c,4,450.89346562074877,898.5125283341532,452.8929010429076,903.173561478972,450.89346562074877,898.5125283341532,0.0,0.0,0,1193.702420978575,1194.999994894816,-1.2975790214250082,-5.105184072817792e-06,-8.957562962341758,-1.1185523494449979e-06
encodec,12.0kbps,24000,20260826,1200.0,440.0,880.0,440Hz_ongrid,0,440.1551931595824,882.227937825319,439.9999989069619,879.999997947214,440.1551931595824,882.227937825319,0.0,0.0,0,1203.7669895997142,1200.0000002622232,3.7669895997141793,2.6222323867841624e-07,4.377508487573367,-4.038469525510882e-06
encodec,12.0kbps,24000,20260826,1200.0,440.0,880.0,440Hz_ongrid,1,440.19484977886447,881.6922263210876,439.9999989147443,879.9999979458498,440.19484977886447,881.6922263210876,0.0,0.0,0,1202.5594486387338,1200.0000002289187,2.559448638733784,2.2891867956786882e-07,3.3259393247866504,-4.0411530999679195e-06
encodec,12.0kbps,24000,20260826,1200.0,440.0,880.0,440Hz_ongrid,2,440.27150672920527,881.6413549127849,439.99999891128135,879.9999979478654,440.27150672920527,881.6413549127849,0.0,0.0,0,1202.158101505921,1200.0000002465094,2.1581015059209676,2.4650944396853447e-07,3.226048623289094,-4.037187898632246e-06
encodec,12.0kbps,24000,20260826,1200.0,440.0,880.0,440Hz_ongrid,3,440.17018845205547,881.7800668507907,439.9999989118643,879.9999979456442,440.17018845205547,881.7800668507907,0.0,0.0,0,1202.8289108377494,1200.000000239846,2.8289108377493903,2.398460310359951e-07,3.4984087382553835,-4.041557692736296e-06
encodec,12.0kbps,24000,20260826,1200.0,440.0,880.0,440Hz_ongrid,4,440.34053776665894,881.8067991560443,439.9999989145957,879.9999979459811,440.34053776665894,881.8067991560443,0.0,0.0,0,1202.2115231072053,1200.0000002297618,2.2115231072052666,2.2976178115641233e-07,3.550892546068649,-4.040894775654049e-06
encodec,12.0kbps,24000,20260826,1200.0,452.8929,905.7858,452.9Hz_+50c,0,451.33518589374654,901.7796950009553,452.89290104342194,905.7857981467973,451.33518589374654,601.8466238951415,0.0,700.0549823734599,0,1198.2909251597735,1199.9999924693643,-1.709074840226549,-7.530635684815934e-06,-7.673875998833438,-3.5420378506913915e-06
encodec,12.0kbps,24000,20260826,1200.0,452.8929,905.7858,452.9Hz_+50c,1,451.0014011463499,901.6317951970755,452.89290105204606,905.7857981464168,451.0014011463499,601.9346298238045,0.0,699.5178876730314,0,1199.2877713408877,1199.9999924356705,-0.7122286591122702,-7.56432950765884e-06,-7.957836901037701,-3.5427651566463056e-06
encodec,12.0kbps,24000,20260826,1200.0,452.8929,905.7858,452.9Hz_+50c,2,451.31278890109695,901.12222547992,452.8929010444671,905.7857981472835,451.31278890109695,901.12222547992,0.0,0.0,0,1197.1141693689342,1199.9999924662984,-2.885830631065801,-7.5337015914556105e-06,-8.936544431948075,-3.5411087288663243e-06
encodec,12.0kbps,24000,20260826,1200.0,452.8929,905.7858,452.9Hz_+50c,3,451.16652461051603,900.7284987487393,452.89290103969904,905.7857981468213,451.16652461051603,601.9152941930125,0.0,697.838200324113,0,1196.9187373026796,1199.9999924836413,-3.081262697320426,-7.516358664361178e-06,-9.693136667620905,-3.5419919135552326e-06
encodec,12.0kbps,24000,20260826,1200.0,452.8929,905.7858,452.9Hz_+50c,4,451.3189771888517,900.3823189276851,452.8929010479198,905.7857981468313,451.3189771888517,601.63864711512,0.0,697.9685794575402,0,1195.6683405190706,1199.9999924522358,-4.331659480929375,-7.5477641985344235e-06,-10.358635197535964,-3.541972885201761e-06
