codec,rate_label,sample_rate,seed,theta_cents,f1_nominal,f2_nominal,reference_label,rep,f1_hat_coded,f2_hat_coded,f1_hat_uncoded,f2_hat_uncoded,f1_crosscheck_coded,f2_crosscheck_coded,disagreement_f1_cents,disagreement_f2_cents,octave_flag,interval_coded_cents,interval_uncoded_cents,residual_coded_cents,residual_uncoded_cents,abs_residual_f2_coded_cents,abs_residual_f2_uncoded_cents
mimi,Q8,24000,20260826,0.0,220.0,220.0,220Hz_ongrid,0,219.5027545173939,219.58110063720878,220.0000009415277,220.00000094930158,219.5027545173939,109.81959083670431,0.0,1199.5421346777005,0,0.6178112453141108,6.117442643461098e-08,0.6178112453141108,6.117442643461098e-08,-3.299564328271691,7.470287440445793e-06
mimi,Q8,24000,20260826,0.0,220.0,220.0,220Hz_ongrid,1,219.68881832069474,219.8654088884804,220.00000095285736,220.00000093404702,219.68881832069474,219.8654088884804,0.0,0.0,0,1.3910439314103462,-1.4802309900371682e-07,1.3910439314103462,-1.4802309900371682e-07,-1.0594546310204058,7.350245439582157e-06
mimi,Q8,24000,20260826,0.0,220.0,220.0,220Hz_ongrid,2,219.8988926835381,219.94657830857082,220.00000093426038,220.0000009512554,219.8988926835381,219.94657830857082,0.0,0.0,0,0.3753817350666149,1.3373780290964094e-07,0.3753817350666149,1.3373780290964094e-07,-0.42043946322319525,7.485662349952971e-06
mimi,Q8,24000,20260826,0.0,220.0,220.0,220Hz_ongrid,3,220.10002922796625,219.3557947909615,220.000000948024,220.00000093736406,220.10002922796625,219.3557947909615,0.0,0.0,0,-5.86382138632375,-8.388563118476058e-08,-5.86382138632375,-8.388563118476058e-08,-5.076845713348409,7.376348111857763e-06
mimi,Q8,24000,20260826,0.0,226.4,226.4,226.4Hz_+49.6c,0,226.54042385382007,226.374417411951,226.4000035450309,226.40000335414413,113.26853568696204,113.18436421798653,1200.0256200204424,1200.0435078874552,0,-1.2690951640927028,-1.4596717196304068e-06,-1.2690951640927028,-1.4596717196304068e-06,-0.19563582144942013,2.5648447332869764e-05
mimi,Q8,24000,20260826,0.0,226.4,226.4,226.4Hz_+49.6c,1,226.3203740415748,226.35915563573084,226.40000342669546,226.40000335359736,226.3203740415748,226.35915563573084,0.0,0.0,0,0.2966337642530894,-5.589661470150224e-07,0.2966337642530894,-5.589661470150224e-07,-0.31235659598226734,2.5644266092521868e-05
mimi,Q8,24000,20260826,0.0,226.4,226.4,226.4Hz_+49.6c,2,226.37272316720507,226.4259342600897,226.40000353488222,226.40000352080105,226.37272316720507,226.42851512496082,0.0,-0.019732967831423243,0,0.4068954476914226,-1.0767568591106803e-07,0.4068954476914226,-1.0767568591106803e-07,0.1983025739331392,2.6922838417516966e-05
mimi,Q8,24000,20260826,0.0,226.4,226.4,226.4Hz_+49.6c,3,226.40705333003368,226.24695143080527,226.40000343863628,226.40000361366464,113.20472027485692,226.24640240821907,1199.981746088984,0.004201107427732054,0,-1.2246610784728174,1.3384055597160729e-06,-1.2246610784728174,1.3384055597160729e-06,-1.1707265603383634,2.763294695677426e-05
mimi,Q8,24000,20260826,5.0,220.0,220.63630333126076,220Hz_ongrid,0,219.828558137069,220.55665217719306,220.00000091715776,220.6363010186206,219.828558137069,220.55665217719306,0.0,0.0,0,5.72454438598901,4.9999746364107605,0.7245443859890104,-2.5363589239546513e-05,-0.6250996972908621,-1.8146249612694326e-05
mimi,Q8,24000,20260826,5.0,220.0,220.63630333126076,220Hz_ongrid,1,219.95159673487032,220.60176051678113,220.0000009475864,220.6363010452354,219.95159673487032,220.60176051678113,0.0,0.0,0,5.109875911033774,4.9999746057948515,0.10987591103377436,-2.5394205148465687e-05,-0.27106318153228015,-1.793741516144485e-05
mimi,Q8,24000,20260826,5.0,220.0,220.63630333126076,220Hz_ongrid,2,219.67500491494584,220.44311773591676,220.0000009407585,220.63630106877162,219.67500491494584,220.44311773591676,0.0,0.0,0,6.042852365626618,4.9999748442032965,1.0428523656266178,-2.5155796703479893e-05,-1.5165046740351535,-1.7752736916842478e-05
mimi,Q8,24000,20260826,5.0,220.0,220.63630333126076,220Hz_ongrid,3,220.05940217518793,219.83198224949214,220.00000095391775,220.6363010511495,220.05940217518793,109.9135945454328,0.0,1200.0377477826376,0,-1.790065310750438,4.999974602376942,-6.790065310750438,-2.539762305797666e-05,-6.322678097159564,-1.789100981208216e-05
mimi,Q8,24000,20260826,5.0,226.4,227.05481397362473,226.4Hz_+49.6c,0,226.33652923142427,226.9375788206496,226.40000343701462,227.05481563978256,226.33652923142427,226.93755219583218,0.0,0.00020311220995587723,0,4.59129743102181,4.999986421880607,-0.4087025689781898,-1.3578119393287125e-05,-0.8941184755994123,1.2704021029568348e-05
mimi,Q8,24000,20260826,5.0,226.4,227.05481397362473,226.4Hz_+49.6c,1,226.39012745137794,226.94432982147325,226.40000348469286,227.05481553686081,226.39012745137794,226.94432982147325,0.0,0.0,0,4.232876966496282,4.999985272543274,-0.7671230335037178,-1.4727456726149057e-05,-0.8426180202189495,1.1919269443737708e-05
mimi,Q8,24000,20260826,5.0,226.4,227.05481397362473,226.4Hz_+49.6c,2,226.34103136613135,227.16587164878777,226.4000035129149,227.05481567588382,226.34103136613135,227.16587164878777,0.0,0.0,0,6.297558636962097,4.999986116749535,1.2975586369620968,-1.3883250464807873e-05,0.8465789364934139,1.2979283650638697e-05
mimi,Q8,24000,20260826,5.0,226.4,227.05481397362473,226.4Hz_+49.6c,3,226.35455537256752,227.09486509228074,226.4000034530656,227.05481582044024,226.35455537256752,227.09486509228074,0.0,0.0,0,5.652893021811023,4.999987676609661,0.6528930218110229,-1.2323390339297191e-05,0.3053524584357211,1.4081488905659141e-05
mimi,Q8,24000,20260826,10.0,220.0,221.27444703492776,220Hz_ongrid,0,219.09638402522518,221.258302367688,220.00000093781878,221.27444986358478,219.09638402522518,221.258302367688,0.0,0.0,0,16.999100192696012,10.000014751265672,6.999100192696012,1.4751265672074965e-05,-0.12631922806362314,2.2131192330935997e-05
mimi,Q8,24000,20260826,10.0,220.0,221.27444703492776,220Hz_ongrid,1,219.3537582134025,220.64297306119087,220.00000092914954,221.2744498883169,219.3537582134025,110.3320481386722,0.0,1199.8342685463274,0,10.145252769655137,10.000015012988534,0.14525276965513712,1.501298853412436e-05,-4.947666413667252,2.2324694153180955e-05
mimi,Q8,24000,20260826,10.0,220.0,221.27444703492776,220Hz_ongrid,2,219.9704186882588,220.55013551717792,220.00000094957875,221.27444987667718,219.9704186882588,220.55013551717792,0.0,0.0,0,4.556546035471532,10.000014761157695,-5.443453964528468,1.4761157695275529e-05,-5.676252225521936,2.2233625992468913e-05
mimi,Q8,24000,20260826,10.0,220.0,221.27444703492776,220Hz_ongrid,3,219.58004319856855,221.3503571984663,220.00000095181687,221.27444977578324,109.7911366910103,221.3503571984663,1199.982416662896,0.0,0,13.901714827250256,10.000013954159154,3.901714827250256,1.3954159154394574e-05,0.5938133598462165,2.144423994982376e-05
mimi,Q8,24000,20260826,10.0,226.4,227.71152185776202,226.4Hz_+49.6c,0,226.40787847770093,227.66204021213392,226.40000352933617,227.71151920809885,226.40787847770093,227.66204021213392,0.0,0.0,0,9.563518435149662,9.999952867165481,-0.43648156485033773,-4.71328345188482e-05,-0.3762375209619756,-2.0144729939459844e-05
mimi,Q8,24000,20260826,10.0,226.4,227.71152185776202,226.4Hz_+49.6c,1,226.28966704177301,227.6985218642062,226.4000034290362,227.71151916298874,226.28966704177301,227.6985218642062,0.0,0.0,0,10.745060458042548,9.999953291177672,0.7450604580425484,-4.670882232815643e-05,-0.09883853813876997,-2.0487691027381505e-05
mimi,Q8,24000,20260826,10.0,226.4,227.71152185776202,226.4Hz_+49.6c,2,226.3863733249169,227.70116054211735,226.40000343150717,227.7115193424772,226.38629711815565,113.85037039036956,0.0005827725409846322,1200.0031914894882,0,10.025427209110962,9.99995463688885,0.025427209110961968,-4.53631111501096e-05,-0.07877629733870276,-1.912308475429928e-05
mimi,Q8,24000,20260826,10.0,226.4,227.71152185776202,226.4Hz_+49.6c,3,226.27827163965424,227.9182819916808,226.40000356123045,227.71151928714607,226.27827163965424,227.9182819916808,0.0,0.0,0,12.50231459854207,9.999953224252657,2.5023145985420694,-4.67757473430197e-05,1.5712326339319906,-1.954375360199564e-05
mimi,Q8,24000,20260826,15.0,220.0,221.91443643388777,220Hz_ongrid,0,219.98103414940715,221.87256008080732,220.00000094501706,221.91443377640647,219.98103414940715,221.87256008080732,0.0,0.0,0,14.822530105051351,14.99997183146442,-0.17746989494864884,-2.816853558051946e-05,-0.32672326628840576,-2.0731964153883456e-05
mimi,Q8,24000,20260826,15.0,220.0,221.91443643388777,220Hz_ongrid,1,220.03816470163966,221.8516281196344,220.00000092610313,221.9144337585213,220.03816470163966,221.8516281196344,0.0,0.0,0,14.209639110510606,14.999971840774187,-0.7903608894893939,-2.8159225813340072e-05,-0.4900595228496984,-2.087149272849719e-05
mimi,Q8,24000,20260826,15.0,220.0,221.91443643388777,220Hz_ongrid,2,219.9953683535324,221.8312810743364,220.0000009506448,221.91443378667765,219.9953683535324,221.8312810743364,0.0,0.0,0,14.38760161142337,14.999971867307538,-0.6123983885766293,-2.813269246182415e-05,-0.6488463361911545,-2.065183498779845e-05
mimi,Q8,24000,20260826,15.0,220.0,221.91443643388777,220Hz_ongrid,3,220.12515307842224,222.60224170122225,220.0000009496729,221.9144337520984,220.12515307842224,222.60224170122225,0.0,0.0,0,19.372936787140983,14.999971605190462,4.372936787140983,-2.8394809538312415e-05,5.3575170822435405,-2.0921600149857906e-05
mimi,Q8,24000,20260826,15.0,226.4,228.37012913014632,226.4Hz_+49.6c,0,226.23830178139795,228.40854571628893,226.4000035417808,228.3701268116946,226.23830178139795,228.40854571628893,0.0,0.0,0,16.52811958628257,14.999955340956173,1.5281195862825712,-4.4659043826555944e-05,0.29120493489844984,-1.7575777456636152e-05
mimi,Q8,24000,20260826,15.0,226.4,228.37012913014632,226.4Hz_+49.6c,1,226.6255553229089,228.46541783636894,226.40000340178258,228.37012673952475,226.6255553229089,228.46541783636894,0.0,0.0,0,13.998299991520586,14.9999558643866,-1.001700008479414,-4.413561340044225e-05,0.7222163695096688,-1.8122884524284587e-05
mimi,Q8,24000,20260826,15.0,226.4,228.37012913014632,226.4Hz_+49.6c,2,226.42366831327152,228.31639772525622,226.40000348492723,228.3701267967967,226.42366831327152,114.15490156761074,0.0,1200.0500049221316,0,14.41164643674294,14.99995566276529,-0.5883535632570602,-4.4337234710312146e-05,-0.4073763188053244,-1.768871592496018e-05
mimi,Q8,24000,20260826,15.0,226.4,228.37012913014632,226.4Hz_+49.6c,3,226.28299166282622,228.32583421633572,226.400003514192,228.3701268481411,226.28299166282622,228.32583421633572,0.0,0.0,0,15.559145310079385,14.999955828216502,0.5591453100793853,-4.417178349847006e-05,-0.33582457207602057,-1.729948307113272e-05
mimi,Q8,24000,20260826,20.0,220.0,222.55627686642296,220Hz_ongrid,0,220.13549759440582,222.59920278842122,220.00000091876598,222.55627976239754,220.13549759440582,222.59920278842122,0.0,0.0,0,19.26794688700663,20.00001529738467,-0.7320531129933698,1.5297384670986958e-05,0.3338825258937607,2.2527379558385945e-05
mimi,Q8,24000,20260826,20.0,220.0,222.55627686642296,220Hz_ongrid,1,219.82183795771098,222.48631751268533,220.00000094514218,222.55627980262108,219.82183795771098,222.48631751268533,0.0,0.0,0,20.858279329403242,20.000015402717235,0.858279329403242,1.5402717234991314e-05,-0.544289547870813,2.284027295667572e-05
mimi,Q8,24000,20260826,20.0,220.0,222.55627686642296,220Hz_ongrid,2,219.50659652810896,222.54381239305644,220.00000094505177,222.55627980370988,109.74880330280757,222.54381239305644,1200.0709043777297,0.0,0,23.790111518713374,20.000015411898314,3.790111518713374,1.5411898313999473e-05,-0.09696210457897565,2.2848742688102985e-05
mimi,Q8,24000,20260826,20.0,220.0,222.55627686642296,220Hz_ongrid,3,220.48053043918495,222.63375056388062,220.00000095076865,222.55627973426456,220.48053043918495,222.63375056388062,0.0,0.0,0,16.82526380120883,20.000014826705485,-3.1747361987911695,1.4826705484694003e-05,0.6025521509274432,2.2308537351474583e-05
mimi,Q8,24000,20260826,20.0,226.4,229.03064128435526,226.4Hz_+49.6c,0,226.34550773890538,229.01483612770642,226.40000358101383,229.0306432748154,226.34550773890538,114.50862024149588,0.0,1199.9818244094743,0,20.297266512605088,19.99998766254052,0.29726651260508774,-1.2337459480704638e-05,-0.11947471027000818,1.504581355897504e-05
mimi,Q8,24000,20260826,20.0,226.4,229.03064128435526,226.4Hz_+49.6c,1,226.34370512714938,229.0350651907279,226.40000346066117,229.0306432502525,226.34370512714938,229.0350651907279,0.0,0.0,0,20.463968615970412,19.999988397182683,0.46396861597041195,-1.1602817316713754e-05,0.03343981980827645,1.486014372923995e-05
mimi,Q8,24000,20260826,20.0,226.4,229.03064128435526,226.4Hz_+49.6c,2,226.4657052375004,229.12096812534872,226.40000345491686,229.03064325501327,113.22705561914059,229.12096812534872,1200.0886334644122,0.0,0,20.180281118050654,19.99998847709467,0.1802811180506545,-1.1522905328575916e-05,0.6826426077609947,1.4896129997178062e-05
mimi,Q8,24000,20260826,20.0,226.4,229.03064128435526,226.4Hz_+49.6c,3,226.48754439585912,229.22855860891673,226.40000341146185,229.03064325528405,226.48754439585912,229.22855860891673,0.0,0.0,0,20.826099094427615,19.99998881143287,0.8260990944276152,-1.1188567128783689e-05,1.4954036168394058,1.4898176986696387e-05
mimi,Q8,24000,20260826,25.0,220.0,223.19997368625522,220Hz_ongrid,0,220.26991059364974,223.26526806921444,220.00000094443092,223.199971468589,220.26991059364974,111.6317472012447,0.0,1200.0137533457378,0,23.3836860678178,24.999975366877404,-1.6163139321822015,-2.4633122595929535e-05,0.5063769773128005,-1.7201163567966487e-05
mimi,Q8,24000,20260826,25.0,220.0,223.19997368625522,220Hz_ongrid,1,219.92187764595752,223.1337250557441,220.00000092361324,223.19997151499584,219.92187764595752,223.1337250557441,0.0,0.0,0,25.100944309182616,24.99997589064824,0.10094430918261565,-2.4109351759449282e-05,-0.5139288653777905,-1.684121246738225e-05
mimi,Q8,24000,20260826,25.0,220.0,223.19997368625522,220Hz_ongrid,2,219.47324364932572,222.71287468677156,220.0000009444911,223.19997143174558,109.73367020584998,111.34505112110458,1200.0465661474432,1200.1770281452232,0,25.367869671246613,24.999975080630605,0.36786967124661274,-2.4919369394638125e-05,-3.7822758938992296,-1.7486936956643268e-05
mimi,Q8,24000,20260826,25.0,220.0,223.19997368625522,220Hz_ongrid,3,219.98939961934198,223.175140112862,220.00000094940793,223.1999715004619,219.98939961934198,223.175140112862,0.0,0.0,0,24.890788522022067,24.999975574932126,-0.10921147797793296,-2.4425067874034312e-05,-0.1926304873797634,-1.6953943738030068e-05
mimi,Q8,24000,20260826,25.0,226.4,229.6930638298554,226.4Hz_+49.6c,0,226.3029956487961,229.73867097820573,226.40000341176528,229.69306828614143,226.3029956487961,229.73867097820573,0.0,0.0,0,26.085645585663805,25.000007498689413,1.085645585663805,7.49868941340992e-06,0.3437143861960813,3.358775358164941e-05
mimi,Q8,24000,20260826,25.0,226.4,229.6930638298554,226.4Hz_+49.6c,1,226.34234716798238,229.70536436741386,226.40000339080584,229.6930683150198,113.17439366496366,229.70536436741386,1199.9507415684043,0.0,0,25.53362411683282,25.000007876623172,0.5336241168328186,7.876623172364816e-06,0.09270867352201394,3.38054144916005e-05
mimi,Q8,24000,20260826,25.0,226.4,229.6930638298554,226.4Hz_+49.6c,2,226.42643152733308,229.7244108791801,226.40000356372272,229.69306835311386,226.42643152733308,229.7244108791801,0.0,0.0,0,25.034147063703656,25.000006841484414,0.0341470637036565,6.8414844136555075e-06,0.23625169785840933,3.409253580958823e-05
mimi,Q8,24000,20260826,25.0,226.4,229.6930638298554,226.4Hz_+49.6c,3,226.33836567930905,229.6030187688057,226.4000036101863,229.69306838798119,226.33836567930905,229.6030187688057,0.0,0.0,0,24.792551725608547,25.000006748987737,-0.20744827439145297,6.748987736671097e-06,-0.678817362232942,3.435533658585711e-05
mimi,Q8,24000,20260826,30.0,220.0,223.84553226259098,220Hz_ongrid,0,219.9872466315702,223.8934994361666,220.00000092407362,223.84553297091043,219.9872466315702,223.8934994361666,0.0,0.0,0,30.4713033983395,29.999998206420095,0.47130339833950075,-1.7935799050405876e-06,0.3709410999271088,5.478182602658907e-06
mimi,Q8,24000,20260826,30.0,220.0,223.84553226259098,220Hz_ongrid,1,219.43886784879854,223.77144629352418,220.00000093864057,223.84553301004883,219.43886784879854,223.77144629352418,0.0,0.0,0,33.84824774605362,29.999998394488,3.848247746053623,-1.6055120006797097e-06,-0.5730799300395688,5.7808814195583875e-06
mimi,Q8,24000,20260826,30.0,220.0,223.84553226259098,220Hz_ongrid,2,219.97150288218245,223.701907795617,220.00000093792517,223.84553298718112,219.97150288218245,111.88339701947783,0.0,1199.4979167297702,0,29.11310905859666,29.999998223257453,-0.8868909414033403,-1.7767425468662168e-06,-1.1111562877349024,5.604021139823719e-06
mimi,Q8,24000,20260826,30.0,220.0,223.84553226259098,220Hz_ongrid,3,219.98336910780216,223.7817889090139,220.00000093870798,223.845532964475,219.98336910780216,223.7817889090139,0.0,0.0,0,29.637812602512962,29.999998041486837,-0.36218739748703754,-1.958513163202724e-06,-0.4930649209322174,5.428410965225912e-06
mimi,Q8,24000,20260826,30.0,226.4,230.3574022920482,226.4Hz_+49.6c,0,226.45203472108028,230.36926739327686,226.40000351363864,230.3574066065843,226.45203472108028,230.36926739327686,0.0,0.0,0,29.69131594735404,30.000005557508235,-0.30868405264596177,5.557508234943498e-06,0.08916899584397968,3.2425577120731225e-05
mimi,Q8,24000,20260826,30.0,226.4,230.3574022920482,226.4Hz_+49.6c,1,226.43069417922848,230.39532042380185,226.40000352039817,230.35740645222353,226.43069417922848,230.39532042380185,0.0,0.0,0,30.0502513270674,30.000004345732737,0.0502513270674001,4.345732737220942e-06,0.2849474682655389,3.1265490318172104e-05
mimi,Q8,24000,20260826,30.0,226.4,230.3574022920482,226.4Hz_+49.6c,2,226.3043947785851,230.4657975721158,226.40000362020655,230.35740640000077,113.14560508859446,230.4657975721158,1200.1008654552406,0.0,0,31.545672909565347,30.00000319004235,1.5456729095653472,3.1900423493880226e-06,0.8144451196355874,3.0873014198191804e-05
mimi,Q8,24000,20260826,30.0,226.4,230.3574022920482,226.4Hz_+49.6c,3,226.52435045668642,230.2656231249326,226.40000349349958,230.35740634896803,226.52435045668642,230.2656231249326,0.0,0.0,0,28.359481778784243,30.00000377541157,-1.640518221215757,3.775411570927645e-06,-0.6898969979380994,3.04894814040784e-05
mimi,Q8,24000,20260826,35.0,220.0,224.4929579801661,220Hz_ongrid,0,219.93696000555065,224.21272077170894,220.00000092192306,224.4929601333673,219.93696000555065,224.21272077170894,0.0,0.0,0,33.33367840045216,35.00000935011455,-1.6663215995478424,9.350114552830746e-06,-2.162469891290687,1.660495377094278e-05
mimi,Q8,24000,20260826,35.0,220.0,224.4929579801661,220Hz_ongrid,1,219.9892100084956,224.54106485150575,220.00000095069305,224.49296019649978,219.9892100084956,224.54106485150575,0.0,0.0,0,35.45585970017956,35.00000961057864,0.455859700179559,9.610578636909395e-06,0.370948523903598,1.7091815908010953e-05
mimi,Q8,24000,20260826,35.0,220.0,224.4929579801661,220Hz_ongrid,2,220.10279231655704,224.55146357031424,220.00000095617102,224.4929602153128,220.10279231655704,224.55146357031424,0.0,0.0,0,34.64241275091633,35.00000971255234,-0.35758724908367157,9.712552341056835e-06,0.451121828653684,1.7236897299011476e-05
mimi,Q8,24000,20260826,35.0,220.0,224.4929579801661,220Hz_ongrid,3,220.07146144619156,224.60790020248123,220.00000093665267,224.4929602002298,220.07146144619156,224.60790020248123,0.0,0.0,0,35.32392271868389,35.00000974983081,0.3239227186838889,9.749830809369087e-06,0.8861790827903696,1.7120581011949204e-05
mimi,Q8,24000,20260826,35.0,226.4,231.0236622123164,226.4Hz_+49.6c,0,226.41591247533304,230.93352899981113,226.40000335857636,231.02366403545852,226.41591247533304,230.93352899981113,0.0,0.0,0,34.202757120319326,34.99998797983538,-0.7972428796806739,-1.202016461832045e-05,-0.6755677425934147,1.3662175115431515e-05
mimi,Q8,24000,20260826,35.0,226.4,231.0236622123164,226.4Hz_+49.6c,1,226.43580678893971,231.0185188534569,226.40000352397595,231.02366417224343,226.43580678893971,231.0185188534569,0.0,0.0,0,34.68767104377184,34.999987740091136,-0.31232895622815704,-1.2259908864109548e-05,-0.038543485202827535,1.4687207135318456e-05
mimi,Q8,24000,20260826,35.0,226.4,231.0236622123164,226.4Hz_+49.6c,2,226.3488951408804,231.01154103883886,226.4000033744968,231.02366429575588,226.3488951408804,231.01154103883886,0.0,0.0,0,35.299996965374625,34.99998980869862,0.29999696537462484,-1.0191301377915352e-05,-0.09083545191416315,1.561277891313375e-05
mimi,Q8,24000,20260826,35.0,226.4,231.0236622123164,226.4Hz_+49.6c,3,226.58063022633627,230.9205208254103,226.4000035449937,231.02366410402354,113.28713134820568,230.9205208254103,1200.0486530534586,0.0,0,32.84622009911841,34.99998706814965,-2.153779900881588,-1.2931850349673368e-05,-0.7730885695879195,1.417598409244573e-05
mimi,Q8,24000,20260826,40.0,220.0,225.1422562392905,220Hz_ongrid,0,220.01230700799331,225.28528062915098,220.000000946607,225.1422533989918,220.01230700799331,225.28580663953767,0.0,-0.004042190532553653,0,41.00259440211937,39.99997071040664,1.002594402119371,-2.9289593356907062e-05,1.0994385628228647,-2.1840510677981006e-05
mimi,Q8,24000,20260826,40.0,220.0,225.1422562392905,220Hz_ongrid,1,220.06891167919184,225.09812905496025,220.0000009555753,225.14225342013185,220.06891167919184,225.09812905496025,0.0,0.0,0,39.11845221562486,39.999970802389335,-0.8815477843751367,-2.919761066522142e-05,-0.3393497640007054,-2.1677953951235347e-05
mimi,Q8,24000,20260826,40.0,220.0,225.1422562392905,220Hz_ongrid,2,220.05193696810565,225.1109000960936,220.00000095138725,225.14225345548147,220.05193696810565,225.11073742144643,0.0,0.0012510633191241422,0,39.35021324682514,39.9999711071675,-0.6497867531748582,-2.8892832503402133e-05,-0.24113022673512768,-2.140613276583393e-05
mimi,Q8,24000,20260826,40.0,220.0,225.1422562392905,220Hz_ongrid,3,219.9314684484227,225.16687335892718,220.0000009073638,225.14225349149453,219.9314684484227,225.16687335892718,0.0,0.0,0,40.72865891544351,39.9999717305215,0.7286589154435106,-2.8269478498543776e-05,0.18928328539745526,-2.1129209867431475e-05
mimi,Q8,24000,20260826,40.0,226.4,231.69184914806985,226.4Hz_+49.6c,0,226.3626887852097,231.737649008929,226.40000347182604,231.69185047578105,226.3626887852097,231.737649008929,0.0,0.0,0,40.62752384236906,39.99998337250804,0.6275238423690581,-1.6627491959297913e-05,0.342189174989184,9.92084450688852e-06
mimi,Q8,24000,20260826,40.0,226.4,231.69184914806985,226.4Hz_+49.6c,1,226.42081876704194,231.6903527450111,226.40000350791632,231.6918501567452,226.42081876704194,231.6903527450111,0.0,0.0,0,39.82962913651733,39.99998071265247,-0.17037086348266683,-1.9287347527097154e-05,-0.011181370004585823,7.536963943818383e-06
mimi,Q8,24000,20260826,40.0,226.4,231.69184914806985,226.4Hz_+49.6c,2,226.39090353621276,231.77236324868863,226.4000034887997,231.69185019925752,113.18690576025013,231.77236324868863,1200.1307093004323,0.0,0,40.671068341980416,39.999981176491296,0.6710683419804155,-1.882350870374694e-05,0.6015081643634148,7.854621736966425e-06
mimi,Q8,24000,20260826,40.0,226.4,231.69184914806985,226.4Hz_+49.6c,3,226.4015225191702,231.69311934165103,226.40000352280097,231.6918503162712,226.4015225191702,231.69311934165103,0.0,0.0,0,39.99784868833044,39.99998179083315,-0.0021513116695572876,-1.820916685346674e-05,0.009491038882120915,8.7289645783188e-06
mimi,Q8,24000,20260826,45.0,220.0,225.79343245589328,220Hz_ongrid,0,219.96313560569823,225.76020899541265,220.00000096400208,225.793433414828,219.96313560569823,225.76020899541265,0.0,0.0,0,45.03536511518408,44.999999766504814,0.03536511518407792,-2.3349518585291662e-07,-0.25475416799129724,7.352474255596987e-06
mimi,Q8,24000,20260826,45.0,220.0,225.79343245589328,220Hz_ongrid,1,219.83033641583202,225.82376323085398,220.0000009409329,225.79343340655976,219.83033641583202,225.82376323085398,0.0,0.0,0,46.56818012984592,44.9999998846466,1.5681801298459206,-1.1535340149748663e-07,0.23254061593305542,7.289079086039866e-06
mimi,Q8,24000,20260826,45.0,220.0,225.79343245589328,220Hz_ongrid,2,219.93579377697077,225.76935692024958,220.000000948564,225.79343338967698,219.93579377697077,225.76935692024958,0.0,0.0,0,45.32072322939338,44.9999996951497,0.32072322939337994,-3.0485030322324747e-07,-0.18460505637761646,7.159633234495042e-06
mimi,Q8,24000,20260826,45.0,220.0,225.79343245589328,220Hz_ongrid,3,219.99897143127407,225.8245623332695,220.00000095054108,225.79343334102276,219.99897143127407,225.8245623332695,0.0,0.0,0,45.24676084758068,44.9999993065435,0.2467608475806813,-6.934564993343884e-07,0.23866676865946343,6.7865848656229775e-06
mimi,Q8,24000,20260826,45.0,226.4,232.36196867279202,226.4Hz_+49.6c,0,226.67117971016108,232.37992839751692,226.40000343870707,232.3619694898943,226.67117971016108,232.37992839751692,0.0,0.0,0,43.06139106220347,44.99997979281229,-1.9386089377965305,-2.0207187709786467e-05,0.13380539678959133,6.0878952518904125e-06
mimi,Q8,24000,20260826,45.0,226.4,232.36196867279202,226.4Hz_+49.6c,1,226.40109927674266,232.3099670001462,226.40000336188672,232.36196911726225,226.40109927674266,232.3099670001462,0.0,0.0,0,44.60410751071845,44.99997760391266,-0.3958924892815503,-2.2396087338449888e-05,-0.3874865674351736,3.311565850507559e-06
mimi,Q8,24000,20260826,45.0,226.4,232.36196867279202,226.4Hz_+49.6c,2,226.85484325395572,232.27205652345828,226.40000358360206,232.36196937038952,226.85484325395572,116.13549954379314,0.0,1200.0078815901527,0,40.85536836158542,44.99997779444893,-4.14463163841458,-2.2205551069021112e-05,-0.6700283141278557,5.197514005981357e-06
mimi,Q8,24000,20260826,45.0,226.4,232.36196867279202,226.4Hz_+49.6c,3,226.49532551717004,232.32103956964238,226.40000336298402,232.3619690883007,226.49532551717004,232.32103956964238,0.0,0.0,0,43.966245992354985,44.99997737974124,-1.0337540076450153,-2.262025876120788e-05,-0.30497287784051397,3.095785476214034e-06
mimi,Q8,24000,20260826,50.0,220.0,226.44649206156825,220Hz_ongrid,0,219.71616098284466,226.43297956201448,220.00000093990081,226.44649289854786,219.71616098284466,226.43297956201448,0.0,0.0,0,52.131731906912044,49.99999900258575,2.1317319069120444,-9.974142471946834e-07,-0.10330916187726996,6.398896196916967e-06
mimi,Q8,24000,20260826,50.0,220.0,226.44649206156825,220Hz_ongrid,1,220.06862661591865,226.4482435177801,220.00000093060297,226.4464929447186,220.06862661591865,226.4482435177801,0.0,0.0,0,49.47343473402622,49.99999942873859,-0.5265652659737796,-5.712614097319602e-07,0.013390222456624796,6.751881762031662e-06
mimi,Q8,24000,20260826,50.0,220.0,226.44649206156825,220Hz_ongrid,2,220.02733794393598,226.31392544974432,220.00000094512524,226.44649276589527,220.02733794393598,226.31392544974432,0.0,0.0,0,48.77108620974544,49.99999794731493,-1.228913790254559,-2.052685069031668e-06,-1.0137981583238644,5.384737626739312e-06
mimi,Q8,24000,20260826,50.0,220.0,226.44649206156825,220Hz_ongrid,3,219.96363816786268,226.42753800482294,220.0000009468136,226.44649290675207,219.96363816786268,226.42753800482294,0.0,0.0,0,50.14124977427309,49.99999901091035,0.14124977427309204,-9.890896492947832e-07,-0.14491406548431185,6.461619031354574e-06
mimi,Q8,24000,20260826,50.0,226.4,233.03402637608662,226.4Hz_+49.6c,0,226.31978490304982,233.00594015577445,226.40000338684573,233.03402731177084,226.31978490304982,233.00594015577445,0.0,0.0,0,50.40482894125124,49.99998105278603,0.4048289412512389,-1.8947213966669096e-05,-0.2086680304897237,6.951295445516114e-06
mimi,Q8,24000,20260826,50.0,226.4,233.03402637608662,226.4Hz_+49.6c,1,226.2781477701156,233.11675230077503,226.40000337753327,233.0340271686557,226.2781477701156,233.11675230077503,0.0,0.0,0,51.54650012789684,49.99998006077915,1.5465001278968415,-1.9939220848641526e-05,0.614470448686862,5.888078320979579e-06
mimi,Q8,24000,20260826,50.0,226.4,233.03402637608662,226.4Hz_+49.6c,2,226.30262114941692,232.94751344339622,226.40000341906526,233.03402698655856,226.30262114941692,232.94751344339622,0.0,0.0,0,50.10196323082435,49.99997839037407,0.10196323082435299,-2.1609625932228482e-05,-0.6428329179610984,4.535259652018561e-06
mimi,Q8,24000,20260826,50.0,226.4,233.03402637608662,226.4Hz_+49.6c,3,226.38243486510984,233.07967738018945,226.40000347910262,233.03402723934076,226.38243486510984,233.07967738018945,0.0,0.0,0,50.47343501869929,49.999979809225835,0.4734350186992913,-2.019077416548498e-05,0.33911284861505536,6.413204749823022e-06
mimi,Q8,24000,20260826,55.0,220.0,227.10144050361865,220Hz_ongrid,0,220.02755562819453,227.0688296735394,220.0000009382263,227.10143907364593,220.02755562819453,227.0688296735394,0.0,0.0,0,54.534555652075845,54.999981715934545,-0.465444347924155,-1.8284065454565734e-05,-0.24861591876773534,-1.0900932395927718e-05
mimi,Q8,24000,20260826,55.0,220.0,227.10144050361865,220Hz_ongrid,1,219.6148565931965,227.07453902184673,220.00000095634542,227.10143926929314,219.6148565931965,227.07453902184673,0.0,0.0,0,57.828357263514505,54.99998306480361,2.828357263514505,-1.6935196391898444e-05,-0.20508685341306365,-9.409479473819637e-06
mimi,Q8,24000,20260826,55.0,220.0,227.10144050361865,220Hz_ongrid,2,220.06827919572393,227.15735867634925,220.00000092794912,227.10143937881182,220.06827919572393,227.15735867634925,0.0,0.0,0,54.88899914752511,54.99998412314091,-0.11100085247488778,-1.5876859087882167e-05,0.4262215514878297,-8.574599506906638e-06
mimi,Q8,24000,20260826,55.0,220.0,227.10144050361865,220Hz_ongrid,3,220.06617798052676,227.0548531322498,220.0000009576547,227.1014392929851,220.06617798052676,227.0548531322498,0.0,0.0,0,54.12412740151934,54.999983235108296,-0.8758725984806617,-1.6764891704212914e-05,-0.3551801218363047,-9.228871567932948e-06
mimi,Q8,24000,20260826,55.0,226.4,233.70802786372394,226.4Hz_+49.6c,0,226.72245008984098,233.69384974820488,226.4000034871331,233.7080296703531,226.72245008984098,233.69384974820488,0.0,0.0,0,52.43101486070842,54.99998671754248,-2.568985139291577,-1.328245752318935e-05,-0.10503011443227803,1.3382928841437458e-05
mimi,Q8,24000,20260826,55.0,226.4,233.70802786372394,226.4Hz_+49.6c,1,226.36362893432238,233.73682160143514,226.4000034577118,233.70802968537606,226.36362893432238,233.73682160143514,0.0,0.0,0,55.49142599895582,54.99998705380642,0.49142599895581895,-1.2946193578500242e-05,0.2132816277496415,1.3494213955260243e-05
mimi,Q8,24000,20260826,55.0,226.4,233.70802786372394,226.4Hz_+49.6c,2,226.33053084867407,233.71970975623088,226.4000034245843,233.70802956616103,226.33053084867407,233.71970975623088,0.0,0.0,0,55.617831318642224,54.99998642401893,0.6178313186422244,-1.3575981071767274e-05,0.08653354707935484,1.2611107310286296e-05
mimi,Q8,24000,20260826,55.0,226.4,233.70802786372394,226.4Hz_+49.6c,3,226.37365098578323,233.74350406310433,226.40000349286075,233.70802960925073,226.37365098578323,233.74350406310433,0.0,0.0,0,55.464273549479046,54.999986221117766,0.46427354947904576,-1.3778882234305456e-05,0.2627763531486381,1.2930301978391294e-05
mimi,Q8,24000,20260826,60.0,220.0,227.75828324510306,220Hz_ongrid,0,219.02698150113255,227.63054631646173,220.00000092404608,227.7582813595689,109.51436438080664,227.63054631646173,1199.9861893509617,0.0,0,66.70267918989133,59.99997839615059,6.702679189891327,-2.160384941163329e-05,-0.9712250790159664,-1.4332303863110608e-05
mimi,Q8,24000,20260826,60.0,220.0,227.75828324510306,220Hz_ongrid,1,220.05017987500855,228.05017577398718,220.0000009220909,227.7582814446172,220.05017987500855,114.01541455271196,0.0,1200.1468757129303,0,61.82247737933089,59.99997905800483,1.8224773793308913,-2.094199516733397e-05,2.2173101167876625,-1.3685835539386154e-05
mimi,Q8,24000,20260826,60.0,220.0,227.75828324510306,220Hz_ongrid,2,219.3850239296661,227.76056817757373,220.00000092272234,227.7582813886505,219.3850239296661,113.88327761694438,0.0,1199.954492300396,0,64.86354242916431,59.99997862762201,4.863542429164312,-2.137237798649494e-05,0.017368119368748255,-1.4111249365205974e-05
mimi,Q8,24000,20260826,60.0,220.0,227.75828324510306,220Hz_ongrid,3,220.07598883998284,227.83202096120465,220.0000009550773,227.75828135882628,220.07598883998284,113.91005164586001,0.0,1200.0905615231613,0,59.962532096384585,59.99997814631347,-0.037467903615414855,-2.1853686533290784e-05,0.5604036993394065,-1.4337948749136782e-05
mimi,Q8,24000,20260826,60.0,226.4,234.38397875768788,226.4Hz_+49.6c,0,226.60716815542733,234.36768665734382,226.40000342912234,234.38398220343365,226.60716815542733,234.36768665734382,0.0,0.0,0,58.2962094762456,59.99999922957548,-1.7037905237543995,-7.704245206241467e-07,-0.12034277822917891,2.545136548972534e-05
mimi,Q8,24000,20260826,60.0,226.4,234.38397875768788,226.4Hz_+49.6c,1,226.42388552104174,234.43981313272423,226.40000345384126,234.38398246695297,226.42386507458443,234.43981313272423,0.00015633335049961965,0.0,0,60.22972319093235,60.000000986991914,0.22972319093234717,9.869919139759986e-07,0.4123612039332321,2.73978026414255e-05
mimi,Q8,24000,20260826,60.0,226.4,234.38397875768788,226.4Hz_+49.6c,2,226.30177149245955,234.32914521175059,226.40000344660754,234.38398213441846,226.30177149245955,234.32914521175059,0.0,0.0,0,60.34623084599867,59.99999858610179,0.3462308459986687,-1.4138982109557219e-06,-0.4050652620385587,2.494159783073945e-05
mimi,Q8,24000,20260826,60.0,226.4,234.38397875768788,226.4Hz_+49.6c,3,226.44908063764646,234.35338159936018,226.40000344815775,234.38398230787556,226.44908063764646,234.35338159936018,0.0,0.0,0,59.39871615233442,59.99999985545655,-0.6012838476655773,-1.4454344920977746e-07,-0.22601502187275227,2.622280644808915e-05
mimi,Q8,24000,20260826,65.0,220.0,228.41702576488072,220Hz_ongrid,0,219.75147637691472,228.42234566659127,220.0000009292704,228.4170293650014,219.75147637691472,228.42234566659127,0.0,0.0,0,66.99711940246588,65.00001997362504,1.9971194024658843,1.9973625043689935e-05,0.04032049580375037,2.7286282268857714e-05
mimi,Q8,24000,20260826,65.0,220.0,228.41702576488072,220Hz_ongrid,1,220.1324277263132,228.50555613389716,220.0000009379455,228.41702934350033,220.1324277263132,114.25102634543275,0.0,1200.0265434524429,0,64.62907267539254,65.0000197423965,-0.37092732460746447,1.9742396503374948e-05,0.6708654691509566,2.7123319992920593e-05
mimi,Q8,24000,20260826,65.0,220.0,228.41702576488072,220Hz_ongrid,2,220.45983625996917,228.60081982239237,220.00000093533146,228.41702940554399,110.22592785480131,114.29939915414155,1200.0626710553518,1200.0153093481179,0,62.77767636827001,65.00002023321255,-2.222323631729992,2.023321255251176e-05,1.39246443265401,2.759356556960922e-05
mimi,Q8,24000,20260826,65.0,220.0,228.41702576488072,220Hz_ongrid,3,219.99481302753105,228.33559305215869,220.0000009531136,228.41702930969524,219.99481302753105,228.33559305215869,0.0,0.0,0,64.42350757376038,65.00001936681687,-0.5764924262396249,1.936681687197961e-05,-0.617310468109024,2.6867101872505906e-05
mimi,Q8,24000,20260826,65.0,226.4,235.0618846962227,226.4Hz_+49.6c,0,226.41231206220675,235.0257689094664,226.4000034609614,235.0618888640238,226.41231206220675,235.0257689094664,0.0,0.0,0,64.63984105478039,65.00000423065575,-0.36015894521960945,4.230655747505807e-06,-0.266013707804569,3.069591289521464e-05
mimi,Q8,24000,20260826,65.0,226.4,235.0618846962227,226.4Hz_+49.6c,1,226.5641049786004,235.1414069590207,226.40000341642914,235.06188895732146,113.27678317860277,235.1414069590207,1200.0805301640012,0.0,0,64.33116121627712,65.00000525832313,-0.668838783722876,5.258323128032316e-06,0.585583524278294,3.138305132766378e-05
mimi,Q8,24000,20260826,65.0,226.4,235.0618846962227,226.4Hz_+49.6c,2,226.36438670874145,235.04392016543213,226.40000347401593,235.06188883510046,226.36438670874145,235.04392016543213,0.0,0.0,0,65.14003483021594,65.00000391780947,0.14003483021593865,3.917809465292521e-06,-0.13231407514512603,3.048289182773903e-05
mimi,Q8,24000,20260826,65.0,226.4,235.0618846962227,226.4Hz_+49.6c,3,226.3820577113456,235.07689046192073,226.40000349420535,235.06188898135497,226.3820577113456,235.07689046192073,0.0,0.0,0,65.24772055878141,65.00000484059174,0.24772055878140975,4.840591742549805e-06,0.1105141455681124,3.156005844983316e-05
mimi,Q8,24000,20260826,70.0,220.0,229.07767355765742,220Hz_ongrid,0,220.00382318589,229.12643639512473,220.00000095591122,229.07767784860815,220.00382318589,229.12643639512473,0.0,0.0,0,70.33839624221271,70.00002490617615,0.3383962422127098,2.490617615080737e-05,0.3684815698397503,3.242847634979993e-05
mimi,Q8,24000,20260826,70.0,220.0,229.07767355765742,220Hz_ongrid,1,220.15253759542264,229.0960915857849,220.0000009315588,229.07767777391132,220.15253759542264,114.54922252498861,0.0,1199.9822154259064,0,68.93924713584018,70.00002453329705,-1.0607528641598236,2.4533297050766123e-05,0.13918700656373037,3.1863961622378544e-05
mimi,Q8,24000,20260826,70.0,220.0,229.07767355765742,220Hz_ongrid,2,219.93005225678385,229.27745153501237,220.00000094018742,229.07767778349086,219.93005225678385,114.63597405136206,0.0,1200.0415559561181,0,72.0596697461042,70.00002453779253,2.0596697461042055,2.4537792526757585e-05,1.5091462476051032,3.1936358163071345e-05
mimi,Q8,24000,20260826,70.0,220.0,229.07767355765742,220Hz_ongrid,3,220.17456911026997,229.04053447373212,220.00000095643358,229.07767776689406,220.17456911026997,229.04053447373212,0.0,0.0,0,68.3461194560354,70.00002428451863,-1.653880543964604,2.4284518630679486e-05,-0.28069806288536037,3.181092941013139e-05
mimi,Q8,24000,20260826,70.0,226.4,235.7417513338802,226.4Hz_+49.6c,0,226.4155137911696,235.80279156820978,226.4000033701111,235.74175488951525,75.46358963576921,235.80279156820978,1902.144217257304,0.0,0,70.3295809436706,70.00000034123518,0.32958094367060653,3.4123517878015264e-07,0.4482076368619434,2.611177850616041e-05
mimi,Q8,24000,20260826,70.0,226.4,235.7417513338802,226.4Hz_+49.6c,1,226.4524613554305,235.70549213145028,226.40000351901077,235.74175486531226,226.4524613554305,235.70549213145028,0.0,0.0,0,69.33258546582336,69.99999902488932,-0.6674145341766433,-9.751106802013965e-07,-0.2662998536209901,2.5934037542501483e-05
mimi,Q8,24000,20260826,70.0,226.4,235.7417513338802,226.4Hz_+49.6c,2,226.22892911102463,235.7206228334627,226.40000344102572,235.7417548836449,113.11038949298127,235.7206228334627,1200.062370574058,0.0,0,71.15346835978117,69.9999997558553,1.1534683597811721,-2.44144700900506e-07,-0.15516987720426442,2.60686679461553e-05
mimi,Q8,24000,20260826,70.0,226.4,235.7417513338802,226.4Hz_+49.6c,3,226.1114464311461,235.76371562982263,226.40000364097182,235.74175487086293,226.1114464311461,235.76371562982263,0.0,0.0,0,72.36921018547461,69.99999813304105,2.369210185474614,-1.8669589536557396e-06,0.16129330279761803,2.5974800119054937e-05
mimi,Q8,24000,20260826,75.0,220.0,229.74023213403103,220Hz_ongrid,0,220.16947686027734,229.75272128821044,220.00000095745582,229.74023345675877,220.16947686027734,229.75272128821044,0.0,0.0,0,73.76096928183847,75.00000243311243,-1.2390307181615299,2.4331124279797223e-06,0.09411090552630395,9.967567763548883e-06
mimi,Q8,24000,20260826,75.0,220.0,229.74023213403103,220Hz_ongrid,1,220.034888486653,229.7551577604733,220.00000095819857,229.74023349639253,220.034888486653,229.7551577604733,0.0,0.0,0,74.83794582244178,75.00000272593228,-0.16205417755821827,2.7259322763484306e-06,0.11247012822260662,1.0266232568759616e-05
mimi,Q8,24000,20260826,75.0,220.0,229.74023213403103,220Hz_ongrid,2,220.07625187682785,229.54452223784568,220.00000096002327,229.74023342354647,220.07625187682785,229.54452223784568,0.0,0.0,0,72.92463616158008,75.00000216263335,-2.075363838419918,2.1626333506219453e-06,-1.475423049851021,9.71729263741172e-06
mimi,Q8,24000,20260826,75.0,220.0,229.74023213403103,220Hz_ongrid,3,220.02525594740004,229.78682504187006,220.00000094884498,229.74023344011,220.02525594740004,229.78682504187006,0.0,0.0,0,75.15233679104864,75.00000237541433,0.15233679104863995,2.375414325683778e-06,0.35107063887865253,9.8421086405342e-06
mimi,Q8,24000,20260826,75.0,226.4,236.42358434156648,226.4Hz_+49.6c,0,226.3942683567962,236.39673709684521,226.40000356868325,236.4235814292186,226.3942683567962,236.39673709684521,0.0,0.0,0,74.84722659617698,74.9999513850733,-0.1527734038230193,-4.861492669760992e-05,-0.19660265063742038,-2.1325942862750457e-05
mimi,Q8,24000,20260826,75.0,226.4,236.42358434156648,226.4Hz_+49.6c,1,226.21515566868734,236.4015131101865,226.40000351586147,236.42358139059345,226.2144775903736,236.4015131101865,0.005189369477027499,0.0,0,76.25241753558873,74.99995150615428,1.2524175355887337,-4.8493845724806306e-05,-0.1616262229037729,-2.1608779158447164e-05
mimi,Q8,24000,20260826,75.0,226.4,236.42358434156648,226.4Hz_+49.6c,2,226.307696328699,236.41151989088334,226.40000343573277,236.42358144142395,226.3072733223658,236.41151989088334,0.0032359644117072647,0.0,0,75.61762570172098,74.99995249109288,0.6176257017209821,-4.7508907115911825e-05,-0.08834533486847057,-2.123656803101774e-05
mimi,Q8,24000,20260826,75.0,226.4,236.42358434156648,226.4Hz_+49.6c,3,226.3465790252476,236.41789685415785,226.40000344285397,236.42358134696872,226.3465790252476,236.41789685415785,0.0,0.0,0,75.36689969941648,74.99995174498147,0.3668996994164786,-4.825501852678826e-05,-0.04164766522188355,-2.192822543004107e-05
mimi,Q8,24000,20260826,80.0,220.0,230.40470702053787,220Hz_ongrid,0,220.023795600705,230.41267683716325,220.00000093452735,230.4047061618265,220.023795600705,115.20724465877437,0.0,1199.9863817587716,0,79.87263993338681,79.99998619371767,-0.12736006661319266,-1.3806282325390384e-05,0.05988323527449834,-6.4522569133423994e-06
mimi,Q8,24000,20260826,80.0,220.0,230.40470702053787,220Hz_ongrid,1,219.21957528931864,230.29607863458713,220.00000093508007,230.4047060996852,219.21957528931864,230.29607863458713,0.0,0.0,0,85.33585901223938,79.99998572244593,5.335859012239382,-1.427755407235054e-05,-0.8164134717975863,-6.9191794568159525e-06
mimi,Q8,24000,20260826,80.0,220.0,230.40470702053787,220Hz_ongrid,2,220.0062973511551,230.43676777506536,220.0000009453449,230.40470623668477,220.0062973511551,230.43676777506536,0.0,0.0,0,80.19132931046978,79.99998667106816,0.19132931046978285,-1.3328931842693237e-05,0.24088400459588172,-5.889780513718305e-06
mimi,Q8,24000,20260826,80.0,220.0,230.40470702053787,220Hz_ongrid,3,219.98267780642402,230.50012801896327,220.00000094475394,230.4047062307119,219.98267780642402,230.50012801896327,0.0,0.0,0,80.853151770849,79.99998663083892,0.8531517708489957,-1.3369161081300263e-05,0.7168338072045782,-5.934660134778837e-06
mimi,Q8,24000,20260826,80.0,226.4,237.1073894065899,226.4Hz_+49.6c,0,226.30940058222987,237.2185557137262,226.4000034944012,237.10738414152533,226.30940058222987,237.2185557137262,0.0,0.0,0,81.5044216671092,79.99993483628985,1.5044216671091988,-6.516371014697597e-05,0.8114879716235097,-3.8442746069535363e-05
mimi,Q8,24000,20260826,80.0,226.4,237.1073894065899,226.4Hz_+49.6c,1,226.3817597656637,237.07037438863176,226.40000343349777,237.10738409404496,226.3817597656637,237.07037438863176,0.0,0.0,0,79.86919954013568,79.9999349553288,-0.13080045986431799,-6.504467120294066e-05,-0.2702853842542481,-3.8789422879635454e-05
mimi,Q8,24000,20260826,80.0,226.4,237.1073894065899,226.4Hz_+49.6c,2,226.39985895411013,237.04838117623956,226.40000352791168,237.10738434597982,226.39985895411013,237.04838117623956,0.0,0.0,0,79.5701777168596,79.99993607286206,-0.42982228314039617,-6.392713794411975e-05,-0.43090083227089654,-3.69499263497188e-05
mimi,Q8,24000,20260826,80.0,226.4,237.1073894065899,226.4Hz_+49.6c,3,226.65110910172743,237.10398548417663,226.40000347025642,237.1073842364891,226.65110910172743,237.10398548417663,0.0,0.0,0,78.05603080057331,79.99993571429576,-1.9439691994266894,-6.428570424077407e-05,-0.024853838158953364,-3.774937015369449e-05
mimi,Q8,24000,20260826,85.0,220.0,231.07110375969845,220Hz_ongrid,0,219.99724256749784,231.10790623989664,220.00000095571755,231.0711005589424,219.99724256749784,231.10790623989664,0.0,0.0,0,85.29740913425587,84.9999684984759,0.29740913425587223,-3.1501524105692624e-05,0.27571008447121853,-2.3980748015519182e-05
mimi,Q8,24000,20260826,85.0,220.0,231.07110375969845,220Hz_ongrid,1,219.05413791787913,230.99447935186816,220.00000093427093,231.0711008498081,219.05413791787913,230.99447935186816,0.0,0.0,0,91.88508607279913,84.99997084647255,6.885086072799126,-2.9153527449921057e-05,-0.5741816308760158,-2.1801520043661312e-05
mimi,Q8,24000,20260826,85.0,220.0,231.07110375969845,220Hz_ongrid,2,219.9277965884082,231.14847027169913,220.00000094914702,231.07110061799693,219.9277965884082,231.14847027169913,0.0,0.0,0,86.14782905522347,84.99996899263007,1.1478290552234682,-3.100736992678321e-05,0.579549411617118,-2.3538298813374866e-05
mimi,Q8,24000,20260826,85.0,220.0,231.07110375969845,220Hz_ongrid,3,220.1679183554495,231.10595236278147,220.0000009269118,231.07110048781303,220.1679183554495,231.10595236278147,0.0,0.0,0,83.94018672577172,84.99996819223873,-1.0598132742282758,-3.180776127464924e-05,0.2610734891959072,-2.451366435405854e-05
mimi,Q8,24000,20260826,85.0,226.4,237.79317223270786,226.4Hz_+49.6c,0,226.51763500309957,237.85636274054133,226.4000034239572,237.7931718184223,113.2598158785011,237.85636274054133,1199.984739231858,0.0,0,84.56069532472893,84.9999708015337,-0.43930467527107453,-2.9198466293678393e-05,0.4599922898646423,-3.016172580697432e-06
mimi,Q8,24000,20260826,85.0,226.4,237.79317223270786,226.4Hz_+49.6c,1,226.38570223096076,237.7536848968192,226.40000354824224,237.79317172459272,226.38570223096076,237.7536848968192,0.0,0.0,0,84.82182729737143,84.99996916803306,-0.1781727026285722,-3.08319669386492e-05,-0.28750824247736395,-3.6992914312828097e-06
mimi,Q8,24000,20260826,85.0,226.4,237.79317223270786,226.4Hz_+49.6c,2,226.48035521985778,713.3159808751969,226.40000350267812,237.79317188511334,226.48035521985778,237.77103119405925,0.0,1901.9620084051523,1,1986.1864540954539,84.9999706851098,1901.1864540954539,-2.9314890198861576e-05,1901.8008048505462,-2.5306339658076068e-06
mimi,Q8,24000,20260826,85.0,226.4,237.79317223270786,226.4Hz_+49.6c,3,226.42594016598468,237.6861669818758,226.4000034627482,237.7931717980649,226.42594016598468,237.6861669818758,0.0,0.0,0,84.02243382032518,84.99997035669638,-0.9775661796748238,-2.9643303619764083e-05,-0.7792184497557211,-3.164383080409852e-06
mimi,Q8,24000,20260826,90.0,220.0,231.73942791006388,220Hz_ongrid,0,219.86714021848903,231.71143757850624,220.0000009443904,231.73942456444067,219.86714021848903,231.71143757850624,0.0,0.0,0,90.83670470458814,89.99996757452575,0.8367047045881435,-3.242547424520126e-05,-0.20911737879743061,-2.4993834288489895e-05
mimi,Q8,24000,20260826,90.0,220.0,231.73942791006388,220Hz_ongrid,1,219.338145661538,231.76580301341912,220.0000009278822,231.73942437661685,219.338145661538,231.76580301341912,0.0,0.0,0,95.41317133541773,89.99996630127481,5.413171335417729,-3.369872518987904e-05,0.19702680349288032,-2.639699220304715e-05
mimi,Q8,24000,20260826,90.0,220.0,231.73942791006388,220Hz_ongrid,2,219.99909944724544,231.7337191159654,220.00000093005735,231.73942454824922,219.99909944724544,231.7337191159654,0.0,0.0,0,89.96443800643344,89.99996756635589,-0.03556199356656009,-3.243364410820959e-05,-0.04264867894206458,-2.5114794265516808e-05
mimi,Q8,24000,20260826,90.0,220.0,231.73942791006388,220Hz_ongrid,3,219.97019671530694,231.74806351164057,220.00000092910128,231.7394244780503,219.97019671530694,231.74806351164057,0.0,0.0,0,90.29905723472977,89.99996704945079,0.29905723472977286,-3.2950549211818725e-05,0.06451197826129229,-2.5639222805415024e-05
mimi,Q8,24000,20260826,90.0,226.4,238.48093854017483,226.4Hz_+49.6c,0,226.3011895215509,238.49899251423665,226.4000034754362,238.48094350639678,226.3011895215509,238.49899251423665,0.0,0.0,0,90.88680473357253,90.00000947596368,0.8868047335725322,9.475963679506094e-06,0.13105647678989507,3.605190646547029e-05
mimi,Q8,24000,20260826,90.0,226.4,238.48093854017483,226.4Hz_+49.6c,1,226.48689694389685,238.54634432768538,226.40000346569337,238.4809433423849,226.48689694389685,238.54634432768538,0.0,0.0,0,89.8103876926892,90.00000835983339,-0.1896123073107958,8.35983338731694e-06,0.47474319025584066,3.486127473796849e-05
mimi,Q8,24000,20260826,90.0,226.4,238.48093854017483,226.4Hz_+49.6c,2,226.42695187965725,238.50831100947627,226.40000336773585,238.48094356852837,226.42695187965725,238.50831100947627,0.0,0.0,0,89.99261374294957,90.00001075056524,-0.007386257050427503,1.0750565238026866e-05,0.1986969348195749,3.650294570432955e-05
mimi,Q8,24000,20260826,90.0,226.4,238.48093854017483,226.4Hz_+49.6c,3,226.31219783878223,715.7433214648862,226.4000035132692,238.48094299824504,226.31219783878223,238.57878605439114,0.0,1901.9718437241313,1,1993.3535497767873,90.0000054977739,1903.3535497767873,5.497773898355263e-06,1902.6820145554548,3.2363017661982935e-05
mimi,Q8,24000,20260826,95.0,220.0,232.40968504626224,220Hz_ongrid,0,219.83024722038977,232.45862423000207,220.00000092962753,232.4096817337059,219.83024722038977,232.45862423000207,0.0,0.0,0,96.70085457168855,94.99996800909616,1.7008545716885521,-3.199090383532166e-05,0.36451261506228577,-2.4675436305634373e-05
mimi,Q8,24000,20260826,95.0,220.0,232.40968504626224,220Hz_ongrid,1,219.88966139435325,232.40523631017948,220.00000095230604,232.40968159074617,219.88966139435325,232.40523631017948,0.0,0.0,0,95.83536018089822,94.99996676571767,0.8353601808982205,-3.323428232704373e-05,-0.03313922607978648,-2.5740351970420204e-05
mimi,Q8,24000,20260826,95.0,220.0,232.40968504626224,220Hz_ongrid,2,219.28800167044068,232.42754363749648,220.00000094177747,232.40968177421107,109.64697447577568,232.42754363749648,1199.953048065274,0.0,0,100.74500049410246,94.99996821521098,5.745000494102456,-3.178478901588733e-05,0.13302463451927599,-2.4373710812585284e-05
mimi,Q8,24000,20260826,95.0,220.0,232.40968504626224,220Hz_ongrid,3,219.99793678857455,232.43278860169417,220.00000094315791,232.4096816840295,219.99793678857455,232.43278860169417,0.0,0.0,0,95.18832724664837,94.99996753258004,0.1883272466483703,-3.2467419956105914e-05,0.17209125292415142,-2.504547877809722e-05
mimi,Q8,24000,20260826,95.0,226.4,239.17069406578986,226.4Hz_+49.6c,0,226.58326981820503,239.23489758866288,226.40000351033595,239.17069091574822,226.58326981820503,239.23489758866288,0.0,0.0,0,94.06381448661448,94.99995035564936,-0.9361855133855244,-4.964435063925521e-05,0.4646740233560816,-2.280153671946021e-05
mimi,Q8,24000,20260826,95.0,226.4,239.17069406578986,226.4Hz_+49.6c,1,226.30735787004588,239.20922595040992,226.400003599795,239.17069115184734,226.30735787004588,239.20922595040992,0.0,0.0,0,95.98745031300047,94.99995138057483,0.9874503130004655,-4.8619425172091724e-05,0.2788900954325635,-2.1092536271546237e-05
mimi,Q8,24000,20260826,95.0,226.4,239.17069406578986,226.4Hz_+49.6c,2,226.5109199433398,239.21167347033415,226.40000347851404,239.1706908987631,226.5109199433398,239.21167347033415,0.0,0.0,0,94.44862929770095,94.99995047603826,-0.551370702299053,-4.952396173507623e-05,0.2966034931281616,-2.2924483333340866e-05
mimi,Q8,24000,20260826,95.0,226.4,239.17069406578986,226.4Hz_+49.6c,3,226.85518869122896,239.09823892865126,226.40000352418681,239.17069134010111,226.85518869122896,239.09823892865126,0.0,0.0,0,90.9982154333943,94.9999533214075,-4.001784566605707,-4.667859249707362e-05,-0.5245450530036481,-1.9729863586246998e-05
mimi,Q8,24000,20260826,100.0,220.0,233.08188075904496,220Hz_ongrid,0,220.05235426354014,233.0567855854124,220.0000009576205,233.08187690361774,220.05235426354014,233.0567855854124,0.0,0.0,0,99.4016540353155,99.99996382775926,-0.5983459646844977,-3.6172240740484085e-05,-0.18640641611058417,-2.8636489896408032e-05
mimi,Q8,24000,20260826,100.0,220.0,233.08188075904496,220Hz_ongrid,1,219.83832068027894,233.113226485121,220.00000094549208,233.0818764198371,219.83832068027894,233.113226485121,0.0,0.0,0,101.50556922355926,99.99996032988163,1.505569223559263,-3.967011836891743e-05,0.23280719816281914,-3.222980883473234e-05
mimi,Q8,24000,20260826,100.0,220.0,233.08188075904496,220Hz_ongrid,2,219.98821021074522,233.1579857329364,220.00000094545126,233.08187639689325,219.98821021074522,233.1579857329364,0.0,0.0,0,100.65796266331881,99.99996015978564,0.6579626633188127,-3.984021435599061e-05,0.5651834291464133,-3.2400226194639463e-05
mimi,Q8,24000,20260826,100.0,220.0,233.08188075904496,220Hz_ongrid,3,219.87630414969138,233.12474530798295,220.00000094183653,233.08187696443275,219.87630414969138,233.12474530798295,0.0,0.0,0,101.29201733034502,99.99996440367518,1.2920173303450184,-3.5596324821085545e-05,0.3183505453558436,-2.8184781573024988e-05
mimi,Q8,24000,20260826,100.0,226.4,239.86244456294446,226.4Hz_+49.6c,0,226.5034105590104,239.88447419157714,226.4000034695753,239.86244216828752,226.5034105590104,239.88447419157714,0.0,0.0,0,99.3684153580211,99.99995618516965,-0.631584641978904,-4.38148303487651e-05,0.15899401002102825,-1.7283704721867644e-05
mimi,Q8,24000,20260826,100.0,226.4,239.86244456294446,226.4Hz_+49.6c,1,226.08832696021733,239.9178529690149,226.40000330975462,239.86244225425116,75.43907703286199,239.9178529690149,1900.203091919645,0.0,0,102.78481155564963,99.99995802773753,2.7848115556496253,-4.1972262465606036e-05,0.39987019105846,-1.6663252384956738e-05
mimi,Q8,24000,20260826,100.0,226.4,239.86244456294446,226.4Hz_+49.6c,2,226.4923435097339,239.85523176490733,226.4000034807282,239.86244216885606,226.4923435097339,239.85523176490733,0.0,0.0,0,99.24195225814499,99.99995610398949,-0.7580477418550089,-4.389601051002501e-05,-0.05205996013097367,-1.7279601132475295e-05
mimi,Q8,24000,20260826,100.0,226.4,239.86244456294446,226.4Hz_+49.6c,3,226.40675470503632,239.83283006469193,226.40000340069605,239.86244209553,226.40675470503632,239.83283006469193,0.0,0.0,0,99.73458978298574,99.99995618673964,-0.2654102170142636,-4.381326036195787e-05,-0.21375915293606343,-1.7808840191561784e-05
mimi,Q8,24000,20260826,105.0,220.0,233.7560206553336,220Hz_ongrid,0,219.65252794136262,233.7414303374134,220.00000095073102,233.7560172973508,109.83673269608634,233.7414303374134,1199.834985280541,0.0,0,107.62844303383861,104.99996764871227,2.6284430338386073,-3.235128772871576e-05,-0.10806157391756913,-2.486975173940771e-05
mimi,Q8,24000,20260826,105.0,220.0,233.7560206553336,220Hz_ongrid,1,219.5438932577018,233.72828077473773,220.00000092977396,233.7560176668409,219.5438932577018,233.72828077473773,0.0,0.0,0,108.38748363156115,104.99997055013085,3.387483631561153,-2.9449869145992125e-05,-0.20545813287880677,-2.2133249598102535e-05
mimi,Q8,24000,20260826,105.0,220.0,233.7560206553336,220Hz_ongrid,2,219.73571499234853,233.74289030168592,220.00000094125687,233.75601741162095,219.73571499234853,233.74289030168592,0.0,0.0,0,106.98372563025143,104.99996856956953,1.9837256302514277,-3.143043046804905e-05,-0.09724820650641162,-2.4023448986653216e-05
mimi,Q8,24000,20260826,105.0,220.0,233.7560206553336,220Hz_ongrid,3,219.91634093114502,233.84687962698732,220.00000092191056,233.75601741099246,219.91634093114502,116.92298589608718,0.0,1200.006720968834,0,106.33124413519498,104.99996871715574,1.3312441351949786,-3.128284426168193e-05,0.672785165681231,-2.4028103629496387e-05
mimi,Q8,24000,20260826,105.0,226.4,240.55619580167058,226.4Hz_+49.6c,0,226.76713369922751,240.4680790347965,226.40000345425537,240.55620066536446,113.3736236733072,120.23448797954735,1200.1518272946416,1199.9935426648108,0,101.56060357634836,105.00000858903853,-3.439396423651644,8.589038529294157e-06,-0.6342746376545384,3.5003015978800426e-05
mimi,Q8,24000,20260826,105.0,226.4,240.55619580167058,226.4Hz_+49.6c,1,226.40133962905875,240.5441197743597,226.40000341984933,240.55620040232967,226.40133962905875,240.5441197743597,0.0,0.0,0,104.90284526787258,105.00000695912647,-0.09715473212742154,6.95912646619945e-06,-0.08691089565141998,3.311000814460167e-05
mimi,Q8,24000,20260826,105.0,226.4,240.55619580167058,226.4Hz_+49.6c,2,226.40985740272038,240.65762825635971,226.40000355339146,240.5562006051119,226.40985740272038,240.65762825635971,0.0,0.0,0,105.65445901891037,105.00000739733993,0.654459018910373,7.397339928161273e-06,0.7298349010761556,3.45693905656775e-05
mimi,Q8,24000,20260826,105.0,226.4,240.55619580167058,226.4Hz_+49.6c,3,226.34551705937204,240.46891307297562,226.40000342140658,240.5562004685796,226.34551705937204,120.23403664586908,0.0,1200.0060459391282,0,104.78839988873824,105.00000742400599,-0.2116001112617596,7.424005985967597e-06,-0.6282700452957944,3.358679524459512e-05
mimi,Q8,24000,20260826,110.0,220.0,234.43211035826653,220Hz_ongrid,0,219.7748059365072,234.42014805617507,220.00000095815722,234.43210894978264,219.7748059365072,234.42014805617507,0.0,0.0,0,111.68467355082817,109.99998205865492,1.6846735508281654,-1.7941345078043014e-05,-0.08834145221141285,-1.0401370651084729e-05
mimi,Q8,24000,20260826,110.0,220.0,234.43211035826653,220Hz_ongrid,1,220.0503014894578,234.4174870543147,220.00000095953197,234.43210907904864,220.0503014894578,234.4174870543147,0.0,0.0,0,109.4962169362635,109.99998300243983,-0.5037830637365062,-1.6997560166487347e-05,-0.1079935308003754,-9.446767166321518e-06
mimi,Q8,24000,20260826,110.0,220.0,234.43211035826653,220Hz_ongrid,2,220.09890340413733,234.48583923060548,220.0000009253581,234.43210880788098,220.09890340413733,234.48583923060548,0.0,0.0,0,109.61861117717781,109.99998126884361,-0.38138882282218844,-1.8731156387730152e-05,0.3967314695451276,-1.1449285914727635e-05
mimi,Q8,24000,20260826,110.0,220.0,234.43211035826653,220Hz_ongrid,3,220.73133421964326,234.41809923221575,220.0000009405464,234.4321092287647,110.37124121830227,234.41809923221575,1199.9125648132883,0.0,0,104.15102336315911,109.99998425746492,-5.848976636840888,-1.5742535083518305e-05,-0.10347244384621257,-8.341144289407005e-06
mimi,Q8,24000,20260826,110.0,226.4,241.25195356868883,226.4Hz_+49.6c,0,226.34966357691204,241.21418683486198,226.40000347229486,241.25194919595447,226.34966357691204,241.21418683486198,0.0,0.0,0,110.11391816153377,109.99994206915444,0.11391816153377476,-5.7930845557052635e-05,-0.2710368673828095,-3.13789238970258e-05
mimi,Q8,24000,20260826,110.0,226.4,241.25195356868883,226.4Hz_+49.6c,1,226.31707383353498,241.1811402801391,226.40000350981038,241.25194889326505,113.15580279633498,241.1811402801391,1200.04183033557,0.0,0,110.12600173659033,109.99993961016925,0.1260017365903252,-6.0389830750295914e-05,-0.5082336958524597,-3.355103585323447e-05
mimi,Q8,24000,20260826,110.0,226.4,241.25195356868883,226.4Hz_+49.6c,2,226.3520404448397,241.27045787129722,226.40000353239782,241.25194919911232,226.3520404448397,241.27045787129722,0.0,0.0,0,110.49955821685504,109.99994163222026,0.49955821685503565,-5.836777974366214e-05,0.1327825526279688,-3.135626304973282e-05
mimi,Q8,24000,20260826,110.0,226.4,241.25195356868883,226.4Hz_+49.6c,3,226.36123695354667,241.2326588755275,226.4000035002785,241.25194864042203,226.36123695354667,241.2326588755275,0.0,0.0,0,110.15797333240026,109.99993786864523,0.15797333240026035,-6.213135476684783e-05,-0.13846505742755075,-3.536544781965189e-05
mimi,Q8,24000,20260826,115.0,220.0,235.1101555072459,220Hz_ongrid,0,219.8983467574099,235.10708085925512,220.00000095026306,235.1101565571374,219.8983467574099,117.55275393343757,0.0,1200.011582922416,0,115.77747888172107,115.0000002530247,0.7774788817210663,2.5302469452981313e-07,-0.02264032399889971,7.730877856478165e-06
mimi,Q8,24000,20260826,115.0,220.0,235.1101555072459,220Hz_ongrid,1,218.71581724326415,235.09793102976604,220.00000094174047,235.11015673514353,218.71581724326415,235.09793102976604,0.0,0.0,0,125.04514161400164,115.00000163083953,10.045141614001636,1.630839534527695e-06,-0.09001730193894396,9.041626179161815e-06
mimi,Q8,24000,20260826,115.0,220.0,235.1101555072459,220Hz_ongrid,2,219.97218583907366,235.2529930135938,220.00000095411983,235.1101564440722,219.97218583907366,235.2529930135938,0.0,0.0,0,116.27035516720761,114.9999993901188,1.2703551672076117,-6.098811979882157e-07,1.051464864338619,6.8983220474161995e-06
mimi,Q8,24000,20260826,115.0,220.0,235.1101555072459,220Hz_ongrid,3,219.9340215389229,235.09791396575264,220.00000094057688,235.1101565299122,109.9624249615582,235.09791396575264,1200.0721968549533,0.0,0,115.42913563053534,115.00000012877443,0.42913563053534176,1.2877443111847242e-07,-0.09014295937003801,7.530405120285954e-06
mimi,Q8,24000,20260826,115.0,226.4,241.9497236674567,226.4Hz_+49.6c,0,226.46983404384667,241.8491628749181,226.40000345830526,241.94972617947792,226.46983404384667,241.8491628749181,0.0,0.0,0,113.74637896530962,114.99999152943555,-1.2536210346903829,-8.470564452522922e-06,-0.7196968632789226,1.7974381299762812e-05
mimi,Q8,24000,20260826,115.0,226.4,241.9497236674567,226.4Hz_+49.6c,1,226.56607311053523,241.95595494233993,226.40000351386416,241.94972618327623,226.56607311053523,241.95595494233993,0.0,0.0,0,113.77512511502655,114.9999911317665,-1.2248748849734454,-8.86823349333099e-06,0.0445863552522001,1.800155955434997e-05
mimi,Q8,24000,20260826,115.0,226.4,241.9497236674567,226.4Hz_+49.6c,2,226.43797637699905,242.03044411167085,226.40000338997834,241.94972621668296,226.43797637699905,242.03044411167085,0.0,0.0,0,115.2871132416693,114.9999923181327,0.28711324166930297,-7.681867302267165e-06,0.5774864016283642,1.8240596418547282e-05
mimi,Q8,24000,20260826,115.0,226.4,241.9497236674567,226.4Hz_+49.6c,3,226.53172907749556,725.8356820952475,226.4000033687679,241.94972618116512,226.5316052379699,241.94803235552968,0.0009464248692729975,1901.9349299308499,1,2015.9158158448274,114.99999222618185,1900.9158158448274,-7.773818154532819e-06,1901.9228279660888,1.7986454117170883e-05
mimi,Q8,24000,20260826,120.0,220.0,235.7901617579845,220Hz_ongrid,0,219.30197563794982,235.7579903789962,220.00000093635512,235.79016538504956,219.30197563794982,235.7579903789962,0.0,0.0,0,125.26543081835794,120.00001926246706,5.265430818357942,1.9262467063185795e-05,-0.23622693268542103,2.6630875824007957e-05
mimi,Q8,24000,20260826,120.0,220.0,235.7901617579845,220Hz_ongrid,1,219.91469292918757,235.77209705677075,220.0000009328918,235.79016535262306,219.91469292918757,235.77209705677075,0.0,0.0,0,120.53879156414615,120.00001905163715,0.5387915641461518,1.905163715321123e-05,-0.13264091965867006,2.6392791916270943e-05
mimi,Q8,24000,20260826,120.0,220.0,235.7901617579845,220Hz_ongrid,2,219.9219018994442,235.72269910699092,220.00000094104067,235.79016534818913,219.9219018994442,235.72269910699092,0.0,0.0,0,120.11928265901982,120.00001895495633,0.1192826590198166,1.895495633164046e-05,-0.4953995911080427,2.636023651830516e-05
mimi,Q8,24000,20260826,120.0,220.0,235.7901617579845,220Hz_ongrid,3,219.92379641870548,235.77612172016586,220.00000093709284,235.79016535420723,219.92379641870548,235.77612172016586,0.0,0.0,0,120.49667982338168,120.00001903020924,0.49667982338168315,1.903020924487464e-05,-0.10308875922895563,2.6404423045180697e-05
mimi,Q8,24000,20260826,120.0,226.4,242.64951191821677,226.4Hz_+49.6c,0,226.3583268714155,242.70697761137615,226.4000036485471,242.64950910025019,226.3583268714155,242.70697761137615,0.0,0.0,0,120.72864769005012,119.99995199493766,0.7286476900501242,-4.800506233948454e-05,0.40995254936011755,-2.010537622881418e-05
mimi,Q8,24000,20260826,120.0,226.4,242.64951191821677,226.4Hz_+49.6c,1,226.58894724621777,242.7005469137078,226.40000355926523,242.64950918782355,226.58894724621777,242.7005469137078,0.0,0.0,0,118.91984364020009,119.99995330246841,-1.0801563597999149,-4.669753158736967e-05,0.3640816380090657,-1.9480565629084535e-05
mimi,Q8,24000,20260826,120.0,226.4,242.64951191821677,226.4Hz_+49.6c,2,226.33752442011624,242.7065083286365,226.400003391975,242.64950911522124,226.33752442011624,242.7065083286365,0.0,0.0,0,120.88440892921591,119.9999540637057,0.8844089292159083,-4.593629429905377e-05,0.40660514233055756,-1.999856219933029e-05
mimi,Q8,24000,20260826,120.0,226.4,242.64951191821677,226.4Hz_+49.6c,3,226.52272695704104,727.77379209876,226.40000347226803,242.6495092803829,226.52272695704104,242.57945631737073,0.0,1902.0392677774134,1,2020.601155744377,119.99995462810223,1900.601155744377,-4.537189776954165e-05,1901.5393691716224,-1.882018161855374e-05
mimi,Q8,24000,20260826,125.0,220.0,236.4721347825532,220Hz_ongrid,0,219.97702535772973,236.50128521817763,220.00000093636518,236.47213899906333,219.97702535772973,236.50128521817763,0.0,0.0,0,125.3942023880659,125.00002350096679,0.39420238806590646,2.3500966790379607e-05,0.21339984290012384,3.0869454550724235e-05
mimi,Q8,24000,20260826,125.0,220.0,236.4721347825532,220Hz_ongrid,1,220.0385206171162,236.4566769786743,220.0000009401991,236.47213894302567,220.0385206171162,236.4566769786743,0.0,0.0,0,124.5837266452108,125.00002306053989,-0.41627335478919747,2.306053988831991e-05,-0.1131716898737837,3.045919787622618e-05
mimi,Q8,24000,20260826,125.0,220.0,236.4721347825532,220Hz_ongrid,2,219.92687528417574,236.3652654571263,220.00000094160958,236.47213896561388,109.94740574185757,236.3652654571263,1200.2524202187763,0.0,0,124.7929550885163,125.00002321481101,-0.20704491148370607,2.3214811008642755e-05,-0.7825769198312202,3.062456810344109e-05
mimi,Q8,24000,20260826,125.0,220.0,236.4721347825532,220Hz_ongrid,3,219.9104208453597,236.4344983859956,220.0000009348263,236.4721389496065,219.9104208453597,236.4344983859956,0.0,0.0,0,125.42950250988424,125.00002315099874,0.42950250988424443,2.3150998742949014e-05,-0.27556141856461447,3.0507376513035818e-05
mimi,Q8,24000,20260826,125.0,226.4,243.35132415804568,226.4Hz_+49.6c,0,226.33784480289515,243.35675409223757,226.4000034895384,243.3513259476092,226.33784480289515,243.35675409223757,0.0,0.0,0,125.51398206258969,124.99998604741633,0.5139820625896903,-1.3952583671539287e-05,0.03862885116425313,1.2731195440126467e-05
mimi,Q8,24000,20260826,125.0,226.4,243.35132415804568,226.4Hz_+49.6c,1,226.39143171139864,730.1257775202552,226.4000035059834,243.35132595710053,226.39143171139864,81.1251548236016,0.0,3803.9085413618086,1,2027.1907905839905,124.99998598918745,1902.1907905839905,-1.4010812549258844e-05,1902.1252694105242,1.2798718032298372e-05
mimi,Q8,24000,20260826,125.0,226.4,243.35132415804568,226.4Hz_+49.6c,2,226.31615837863862,243.38504855032684,226.40000350902122,243.35132595666607,226.31615837863862,243.38504855032684,0.0,0.0,0,125.88114154566675,124.99998596286702,0.8811415456667504,-1.403713298486764e-05,0.23990323948784764,1.2795627366430338e-05
mimi,Q8,24000,20260826,125.0,226.4,243.35132415804568,226.4Hz_+49.6c,3,226.53348665158458,243.35015458324287,226.4000034388288,243.35132592680824,226.53348665158458,243.35015458324287,0.0,0.0,0,123.97123540757812,124.9999862872013,-1.0287645924218793,-1.3712798704546003e-05,-0.008320532441442222,1.2583214819646419e-05
mimi,Q8,24000,20260826,130.0,220.0,237.15608026942812,220Hz_ongrid,0,219.96496030600673,237.18082480307982,220.00000092302471,237.15607721653626,219.96496030600673,237.18082480307982,0.0,0.0,0,130.45638303714006,129.9999704504497,0.456383037140057,-2.9549550305318917e-05,0.18062511589065428,-2.2286041896370413e-05
mimi,Q8,24000,20260826,130.0,220.0,237.15608026942812,220Hz_ongrid,1,219.84588694007442,237.09508096113794,220.00000093977076,237.156077400842,219.84588694007442,237.09508096113794,0.0,0.0,0,130.76782764953708,129.99997166409867,0.7678276495370824,-2.8335901333775837e-05,-0.44535085497659516,-2.0940614088101183e-05
mimi,Q8,24000,20260826,130.0,220.0,237.15608026942812,220Hz_ongrid,2,219.9652052872007,237.2868467188798,220.0000009226488,237.15607739096694,109.99448720917482,237.2868467188798,1199.8129353869108,0.0,0,131.22815885478354,129.99997172674802,1.228158854783544,-2.8273251984956005e-05,0.954329056757067,-2.101270194882353e-05
mimi,Q8,24000,20260826,130.0,220.0,237.15608026942812,220Hz_ongrid,3,220.04051907919074,237.12684776651759,220.00000094344713,237.15607721797969,110.01261074511349,237.12684776651759,1200.1203625024712,0.0,0,129.46776500414555,129.99997030027757,-0.5322349958544521,-2.9699722432496856e-05,-0.2134097664101947,-2.2275504993572867e-05
mimi,Q8,24000,20260826,130.0,226.4,244.0551662409024,226.4Hz_+49.6c,0,226.44912074390854,244.05958388219705,226.40000341292716,244.05516237875614,226.44912074390854,244.05958388219705,0.0,0.0,0,129.65576133130517,129.99994650546176,-0.3442386686948282,-5.34945382355545e-05,0.03133677490438406,-2.739658929669043e-05
mimi,Q8,24000,20260826,130.0,226.4,244.0551662409024,226.4Hz_+49.6c,1,226.60862453685732,244.05502038852657,226.40000343449853,244.05516241126432,226.60862453685732,81.3507983083273,0.0,1901.9736250113872,0,128.40439120218167,129.9999465711105,-1.595608797818329,-5.342888948689506e-05,-0.00103462130519061,-2.716598871412354e-05
mimi,Q8,24000,20260826,130.0,226.4,244.0551662409024,226.4Hz_+49.6c,2,226.29914349722446,731.9769335669604,226.40000362680942,244.05516240221164,226.29914349722446,244.01171354338322,0.0,1901.817337998368,1,2032.280474414979,129.99994503633238,1902.280474414979,-5.496366762258731e-05,1901.5090737305652,-2.7230204987239048e-05
mimi,Q8,24000,20260826,130.0,226.4,244.0551662409024,226.4Hz_+49.6c,3,226.45792357522302,244.08576011381325,226.40000335004277,244.0551623854194,226.45792357522302,244.08576011381325,0.0,0.0,0,129.77413466986633,129.99994703359226,-0.22586533013367216,-5.29664077362213e-05,0.21700763728593525,-2.7349322673810772e-05
mimi,Q8,24000,20260826,135.0,220.0,237.84200392353804,220Hz_ongrid,0,219.9752319597809,237.87717728137326,220.00000091083714,237.8419992007464,219.9752319597809,237.87717728137326,0.0,0.0,0,135.45092206135175,134.99995845555353,0.45092206135174706,-4.1544446474972574e-05,0.25600529564975844,-3.437684545800362e-05
mimi,Q8,24000,20260826,135.0,220.0,237.84200392353804,220Hz_ongrid,1,220.10582667143026,237.84372674086015,220.00000093490098,237.84199932987312,220.10582667143026,237.84372674086015,0.0,0.0,0,134.17996436656844,134.99995920609297,-0.8200356334315586,-4.079390703282115e-05,0.012540212228651187,-3.343694165163928e-05
mimi,Q8,24000,20260826,135.0,220.0,237.84200392353804,220Hz_ongrid,2,220.0388503065106,237.89021679578158,220.0000009541083,237.8419991841179,220.0388503065106,237.89021679578158,0.0,0.0,0,135.0452066889945,134.99995799400443,0.045206688994511524,-4.2005995567251375e-05,0.35090230462388294,-3.449788289454053e-05
mimi,Q8,24000,20260826,135.0,220.0,237.84200392353804,220Hz_ongrid,3,219.29261494971723,237.8609829088193,220.00000094920986,237.8419992886769,109.6485302621063,237.8609829088193,1199.9649041901134,0.0,0,140.7136964378585,134.99995879362876,5.713696437858488,-4.120637123605775e-05,0.13814109418078524,-3.373680582729589e-05
mimi,Q8,24000,20260826,135.0,226.4,244.76104403767732,226.4Hz_+49.6c,0,226.2937016137306,244.7584259756464,226.40000352060255,244.76104753995838,226.2936427155172,244.7584259756464,0.00045059409534240803,0.0,0,135.79451461938362,134.99999785087377,0.7945146193836194,-2.149126231643095e-06,-0.018518070917422268,2.477219436093405e-05
mimi,Q8,24000,20260826,135.0,226.4,244.76104403767732,226.4Hz_+49.6c,1,226.46705824810005,244.7129757323239,226.40000346849402,244.76104756073917,226.46705824810005,244.7129757323239,0.0,0.0,0,134.1472671411805,134.99999839632304,-0.8527328588195076,-1.6036769636684767e-06,-0.34002820911870074,2.4919180124251516e-05
mimi,Q8,24000,20260826,135.0,226.4,244.76104403767732,226.4Hz_+49.6c,2,226.6929272281429,244.72947653770711,226.40000344321695,244.76104742666735,226.6929272281429,244.72947653770711,0.0,0.0,0,132.53819742559233,134.99999764130015,-2.4618025744076704,-2.3586998452174157e-06,-0.2232963809140251,2.3970868892757917e-05
mimi,Q8,24000,20260826,135.0,226.4,244.76104403767732,226.4Hz_+49.6c,3,226.44017905304824,244.74686122041825,226.40000343517215,244.761047306199,226.44017905304824,244.74686122041825,0.0,0.0,0,134.5924660942578,134.99999685072518,-0.4075339057422127,-3.1492748178152397e-06,-0.10032024363131649,2.3118776931164766e-05
mimi,Q8,24000,20260826,140.0,220.0,238.52991146631206,220Hz_ongrid,0,219.8420718180236,238.48980693710953,220.00000093895673,238.52991279416995,219.8420718180236,238.48980693710953,0.0,0.0,0,140.9521214965125,140.00000224862208,0.9521214965124898,2.2486220814244007e-06,-0.2911004470555939,9.637503100008374e-06
mimi,Q8,24000,20260826,140.0,220.0,238.52991146631206,220Hz_ongrid,1,219.92904904183652,238.51798996462648,220.00000091278366,238.52991278214347,219.92904904183652,238.51798996462648,0.0,0.0,0,140.4718929527673,140.00000236729696,0.47189295276729126,2.367296957572762e-06,-0.08652761945482819,9.550216006979078e-06
mimi,Q8,24000,20260826,140.0,220.0,238.52991146631206,220Hz_ongrid,2,219.85175975114507,238.48620719317248,220.00000092623563,238.5299131457393,219.85175975114507,238.48620719317248,0.0,0.0,0,140.84970039536952,140.0000049003943,0.8497003953695241,4.900394287687959e-06,-0.31723173704606134,1.2189169913414388e-05
mimi,Q8,24000,20260826,140.0,220.0,238.52991146631206,220Hz_ongrid,3,219.87498810078537,238.45911289048377,220.00000093285232,238.52991329088337,109.95784492930063,238.45911289048377,1199.6795554216114,0.0,0,140.47010138055546,140.00000590177194,0.47010138055546236,5.901771942262712e-06,-0.513927573762265,1.3242615686359896e-05
mimi,Q8,24000,20260826,140.0,226.4,245.46896343624113,226.4Hz_+49.6c,0,226.2588384634822,245.43261815573754,226.4000036095749,245.46895900187235,226.2588384634822,245.43261815573754,0.0,0.0,0,140.82341620312002,139.99994112378099,0.8234162031200185,-5.8876219014791786e-05,-0.2563535731198046,-3.127454549612973e-05
mimi,Q8,24000,20260826,140.0,226.4,245.46896343624113,226.4Hz_+49.6c,1,226.46846050712765,245.43532743543028,226.40000338909346,245.46895873369328,226.46846050712765,81.8124408872444,0.0,1901.94092713889,0,139.2393328278177,139.9999409183537,-0.7606671721823091,-5.908164629886414e-05,-0.23724294552779873,-3.316594848609015e-05
mimi,Q8,24000,20260826,140.0,226.4,245.46896343624113,226.4Hz_+49.6c,2,226.26979514590045,245.36377239234776,226.4000035589998,245.46895850680093,226.26979514590045,245.36377239234776,0.0,0.0,0,140.25388969778115,139.9999380188976,0.25388969778114756,-6.198110239097332e-05,-0.7420463483379398,-3.4766166345832676e-05
mimi,Q8,24000,20260826,140.0,226.4,245.46896343624113,226.4Hz_+49.6c,3,226.82702277244886,245.46866048129212,226.4000035072043,245.46895881443265,113.40990650335766,245.46866048129212,1200.0550286740272,0.0,0,136.7355839641627,139.99994058462025,-3.264416035837286,-5.941537975218125e-05,-0.0021366703121233083,-3.259651308205593e-05
mimi,Q8,24000,20260826,145.0,220.0,239.21980863572728,220Hz_ongrid,0,220.10058109712367,239.22588975665414,220.0000009524416,239.21981236376016,220.10058109712367,239.22588975665414,0.0,0.0,0,144.2526920324226,145.00001948478146,-0.7473079675773988,1.9484781461187595e-05,0.04400852026071891,2.697977816950232e-05
mimi,Q8,24000,20260826,145.0,220.0,239.21980863572728,220Hz_ongrid,1,220.07371067708925,239.2874340200147,220.00000092697934,239.21981280129145,220.07371067708925,239.2874340200147,0.0,0.0,0,144.9093855501769,145.0000228515648,-0.09061444982310718,2.2851564807524483e-05,0.4893358269323928,3.0146193000073018e-05
mimi,Q8,24000,20260826,145.0,220.0,239.21980863572728,220Hz_ongrid,2,219.78581686962045,239.15941092184755,220.00000094171415,239.21981233729446,219.78581686962045,239.15941092184755,0.0,0.0,0,146.24912713594335,145.00001937766623,1.249127135943354,1.9377666234277058e-05,-0.43715351769106536,2.6788246070635847e-05
mimi,Q8,24000,20260826,145.0,220.0,239.21980863572728,220Hz_ongrid,3,219.0104730112978,239.1968475647218,220.00000094796502,239.2198128682228,109.50654890565981,239.1968475647218,1199.9792516043767,0.0,0,152.6382183917032,145.0000231708053,7.638218391703191,2.3170805292238583e-05,-0.16617727431956814,3.0630574912440655e-05
mimi,Q8,24000,20260826,145.0,226.4,246.1789303414939,226.4Hz_+49.6c,0,226.25851660985643,246.15697858632458,226.40000343585461,246.17893386263265,226.25851660985643,246.15697858632458,0.0,0.0,0,145.92785157937334,144.99999848886205,0.9278515793733391,-1.5111379525478696e-06,-0.15438088232816696,2.4762132398429515e-05
mimi,Q8,24000,20260826,145.0,226.4,246.1789303414939,226.4Hz_+49.6c,1,226.70362455428435,246.16057202801272,226.40000341498367,246.1789339034091,226.70365554274275,246.16057202801272,-0.00023664496214588677,0.0,0,142.5506929743199,144.99999893521496,-2.449307025680099,-1.0647850388068036e-06,-0.12910821595178565,2.5048889680534422e-05
mimi,Q8,24000,20260826,145.0,226.4,246.1789303414939,226.4Hz_+49.6c,2,226.3791658550681,369.2443380146561,226.40000351566283,246.17893372592204,226.3791658550681,246.16867557026026,0.0,701.9143262570376,1,847.0015306142353,144.99999691717844,702.0015306142353,-3.082821564248661e-06,701.8422088793374,2.3800725815756502e-05
mimi,Q8,24000,20260826,145.0,226.4,246.1789303414939,226.4Hz_+49.6c,3,226.26518637744255,246.21768538744533,226.4000033554697,246.178933795864,226.26518637744255,246.21752804109212,0.0,0.0011063520917044768,0,146.30371936112329,144.99999863400362,1.3037193611232851,-1.365996382673984e-06,0.27252037532173107,2.429258721813277e-05
mimi,Q8,24000,20260826,150.0,220.0,239.91170118635668,220Hz_ongrid,0,220.52525728305915,239.87806123774874,220.0000009515144,239.91169646306008,220.52525728305915,239.87806123774874,0.0,0.0,0,145.62878057858563,149.99995842837617,-4.3712194214143665,-4.1571623825120696e-05,-0.24276726639646215,-3.40839231716751e-05
mimi,Q8,24000,20260826,150.0,220.0,239.91170118635668,220Hz_ongrid,1,219.72938096100827,239.88579760371292,220.00000094517463,239.911696356875,109.84621339133894,239.88579760371292,1200.291184146095,0.0,0,151.94394483980332,149.99995771202032,1.9439448398033221,-4.2287979681532306e-05,-0.1869337144205642,-3.4850168455292027e-05
mimi,Q8,24000,20260826,150.0,220.0,239.91170118635668,220Hz_ongrid,2,219.78116970470404,239.9590483916587,220.00000092823632,239.9116963462273,219.78116970470404,239.9590483916587,0.0,0.0,0,152.06451624434547,149.99995776847675,2.0645162443454694,-4.22315232526671e-05,0.3416298838180804,-3.4927003602562394e-05
mimi,Q8,24000,20260826,150.0,220.0,239.91170118635668,220Hz_ongrid,3,219.97169549638846,239.81264978192777,220.00000094991836,239.91169644030188,219.97169549638846,239.81264978192777,0.0,0.0,0,149.50783400853103,149.99995827670983,-0.49216599146896556,-4.172329016682852e-05,-0.7149154135951209,-3.42481492051698e-05
mimi,Q8,24000,20260826,150.0,226.4,246.89095067541436,226.4Hz_+49.6c,0,226.27784489751002,246.86316960325456,226.4000034211098,246.89095198039817,226.27784489751002,246.86316960325456,0.0,0.0,0,150.73953118843605,149.99998299021,0.7395311884360467,-1.7009790013844395e-05,-0.19481574378047334,9.150729759826099e-06
mimi,Q8,24000,20260826,150.0,226.4,246.89095067541436,226.4Hz_+49.6c,1,226.33324567820733,740.5810028558313,226.40000357269503,246.89095193692583,226.33324567820733,246.8619497111375,0.0,1901.9436719043747,1,2052.250832905165,149.99998152623485,1902.2508329051652,-1.847376515229371e-05,1901.740301121822,8.84589592383047e-06
mimi,Q8,24000,20260826,150.0,226.4,246.89095067541436,226.4Hz_+49.6c,2,226.64683635831824,246.87607543520937,226.4000034809716,246.89095214295676,226.64683635831824,246.87607543520937,0.0,0.0,0,148.00921111681367,149.99998367234303,-1.990788883186326,-1.632765696513161e-05,-0.10431041757315429,1.029061346332422e-05
mimi,Q8,24000,20260826,150.0,226.4,246.89095067541436,226.4Hz_+49.6c,3,226.31810235793628,246.90892204432666,226.40000354828052,246.89095177004384,226.31810235793628,246.90892204432666,0.0,0.0,0,150.75238083340724,149.99998054272768,0.7523808334072442,-1.9457272316003582e-05,0.12601317862528252,7.675695631768988e-06
mimi,Q8,24000,20260826,155.0,220.0,240.60559488941718,220Hz_ongrid,0,219.95052975676055,240.6533098702407,220.00000093603657,240.60559707284924,219.95052975676055,240.6533098702407,0.0,0.0,0,155.7326277515115,155.00000834458857,0.732627751511501,8.344588565023514e-06,0.34329047797733764,1.5710490468154464e-05
mimi,Q8,24000,20260826,155.0,220.0,240.60559488941718,220Hz_ongrid,1,220.02838219034334,240.5923447527681,220.00000093832887,240.6055971633927,110.01950651668713,240.5923447527681,1199.9163560962309,0.0,0,154.68132638956337,155.0000089780389,-0.3186736104366332,8.978038891882534e-06,-0.09534158747452488,1.6361979767246597e-05
mimi,Q8,24000,20260826,155.0,220.0,240.60559488941718,220Hz_ongrid,2,220.51812554017346,721.5561871152555,220.00000095279873,240.60559697220518,220.5180031126126,240.54829943657145,0.0009611492036318173,1901.7421686521566,1,2052.2573970030994,155.00000748851676,1897.2573970030994,7.488516757803154e-06,1901.329860488545,1.4986324391670462e-05
mimi,Q8,24000,20260826,155.0,220.0,240.60559488941718,220Hz_ongrid,3,219.97094090377323,240.49381630196703,220.00000092373605,240.60559706152867,219.97094090377323,240.49381630196703,0.0,0.0,0,154.42421877668622,155.00000835992932,-0.5757812233137827,8.359929324797122e-06,-0.8044694943740381,1.5629035277397447e-05
mimi,Q8,24000,20260826,155.0,226.4,247.60503037710933,226.4Hz_+49.6c,0,226.62737190290068,247.5252747999056,226.40000350310822,247.60502563854388,113.31059028141058,247.5252747999056,1200.0472970457263,0.0,0,152.70447221128444,154.99994008079406,-2.2955277887155603,-5.991920593828581e-05,-0.5577342796779399,-3.31316609301927e-05
mimi,Q8,24000,20260826,155.0,226.4,247.60503037710933,226.4Hz_+49.6c,1,226.3758014688885,743.0022737382261,226.40000354013063,247.60502568304994,226.3758014688885,247.66828597648458,0.0,1901.9489795755198,1,2057.576252109808,154.9999401088739,1902.5762521098081,-5.989112611359815e-05,1902.3912010496513,-3.2820478151628894e-05
mimi,Q8,24000,20260826,155.0,226.4,247.60503037710933,226.4Hz_+49.6c,2,226.30199736579334,247.6672708688655,226.40000358845114,247.60502603607506,226.30199736579334,247.6672708688655,0.0,0.0,0,156.18469387563024,154.99994220769983,1.184693875630245,-5.779230016855763e-05,0.43512572318349513,-3.0352155657343877e-05
mimi,Q8,24000,20260826,155.0,226.4,247.60503037710933,226.4Hz_+49.6c,3,226.33520383538604,247.58405526961945,226.40000336186404,247.60502587611748,226.33520383538604,247.58405526961945,0.0,0.0,0,155.34889136618995,154.99994282195428,0.348891366189946,-5.717804572213936e-05,-0.14666244205921283,-3.147056579426008e-05
mimi,Q8,24000,20260826,160.0,220.0,241.30149553281768,220Hz_ongrid,0,219.89166780292655,241.3437208955182,220.00000093714888,241.301496173483,219.89166780292655,241.3437208955182,0.0,0.0,0,161.15562487757165,159.9999972218421,1.155624877571654,-2.7781578921803884e-06,0.3029222432527889,4.5964971217263434e-06
mimi,Q8,24000,20260826,160.0,220.0,241.30149553281768,220Hz_ongrid,1,220.0412984878624,241.32749468980916,220.0000009516625,241.30149639733503,220.0412984878624,241.32749468980916,0.0,0.0,0,159.86156523053901,159.99999871367226,-0.13843476946098576,-1.2863277447650034e-06,0.1865226780241637,6.202538582242579e-06
mimi,Q8,24000,20260826,160.0,220.0,241.30149553281768,220Hz_ongrid,2,220.5285236366864,241.2790180778842,220.0000009437637,241.30149606139892,220.5285236366864,241.2790180778842,0.0,0.0,0,155.68463197201703,159.99999636563373,-4.31536802798297,-3.6343662657145615e-06,-0.16127354606256633,3.792341993518466e-06
mimi,Q8,24000,20260826,160.0,220.0,241.30149553281768,220Hz_ongrid,3,219.98201885363818,241.28392424704364,220.00000093449708,241.3014966509733,219.98201885363818,241.28392424704364,0.0,0.0,0,160.01543286180456,160.0000006684963,0.015432861804555387,6.684963125280774e-07,-0.12607097928985767,8.022283825787829e-06
mimi,Q8,24000,20260826,160.0,226.4,248.3211754028633,226.4Hz_+49.6c,0,226.42522584946255,248.30099730155973,226.40000335538633,248.32117598317285,226.42522584946255,248.30099730155973,0.0,0.0,0,159.6664314175481,159.9999783878289,-0.33356858245190324,-2.161217111051883e-05,-0.1406824663154027,4.04577505835225e-06
mimi,Q8,24000,20260826,160.0,226.4,248.3211754028633,226.4Hz_+49.6c,1,226.35149964838655,248.29578580910737,226.4000034768495,248.32117593955752,226.35149964838655,248.29578580910737,0.0,0.0,0,160.1938928626444,159.9999771549499,0.19389286264438965,-2.2845050096975683e-05,-0.17701904152949344,3.74169966471515e-06
mimi,Q8,24000,20260826,160.0,226.4,248.3211754028633,226.4Hz_+49.6c,2,226.37864961328037,248.3207721998894,226.4000034293673,248.3211757636339,226.37864961328037,248.3207721998894,0.0,0.0,0,160.16045866298475,159.99997629154026,0.16045866298475175,-2.3708459735871656e-05,-0.0028110340676935274,2.5152038895529496e-06
mimi,Q8,24000,20260826,160.0,226.4,248.3211754028633,226.4Hz_+49.6c,3,226.35841320845427,248.2797428034149,226.40000352204865,248.3211757328333,226.35841320845427,248.2797428034149,0.0,0.0,0,160.02915284254746,159.99997536809087,0.029152842547460978,-2.463190912749269e-05,-0.2888819752163547,2.3004694979808028e-06
mimi,Q8,24000,20260826,165.0,220.0,241.99940892120742,220Hz_ongrid,0,220.1451611497255,242.03142536602567,220.00000091671438,241.9994069558234,220.1451611497255,242.03142536602567,0.0,0.0,0,164.08709450953893,164.99997872603345,-0.9129054904610712,-2.1273966552826096e-05,0.22902656423496837,-1.4060115950593396e-05
mimi,Q8,24000,20260826,165.0,220.0,241.99940892120742,220Hz_ongrid,1,220.51554432992552,241.99541052742728,220.00000094226135,241.99940695787024,220.51554432992552,241.99541052742728,0.0,0.0,0,160.91919683127787,164.99997853964075,-4.080803168722127,-2.1460359249658723e-05,-0.028604254325748108,-1.404547315199413e-05
mimi,Q8,24000,20260826,165.0,220.0,241.99940892120742,220Hz_ongrid,2,219.49546976287354,726.1430796484566,220.00000093557713,241.99940695572056,109.74358996134164,242.0968147640749,1200.065385971909,1901.6036970905982,1,2071.275218237307,164.999978576862,1906.275218237307,-2.142313800845841e-05,1902.300386326231,-1.4060851713598768e-05
mimi,Q8,24000,20260826,165.0,220.0,241.99940892120742,220Hz_ongrid,3,220.0135110499769,725.9182561694706,220.00000093822388,241.99940694905158,220.0135110499769,241.9776387212682,0.0,1901.920038767571,1,2066.6579719184283,164.99997850832514,1901.6579719184283,-2.149167485754333e-05,1901.7642904253769,-1.410856079338794e-05
mimi,Q8,24000,20260826,165.0,226.4,249.039391726188,226.4Hz_+49.6c,0,226.33134692039684,249.0898018554003,226.40000344491202,249.03939718347482,226.33134692039684,249.0898018554003,0.0,0.0,0,165.87545351870628,165.00001159460297,0.87545351870628,1.1594602966624734e-05,0.35039798322442905,3.793713342991913e-05
mimi,Q8,24000,20260826,165.0,226.4,249.039391726188,226.4Hz_+49.6c,1,226.31188282267593,249.04561622735656,226.40000348556495,249.03939695053472,226.31188282267593,249.04561622735656,0.0,0.0,0,165.71721501753694,165.00000966442082,0.7172150175369438,9.664420815624908e-06,0.04326999684763741,3.631781597459289e-05
mimi,Q8,24000,20260826,165.0,226.4,249.039391726188,226.4Hz_+49.6c,2,226.39516351690017,249.0478382397582,226.40000348130457,249.03939637347383,226.39516351690017,249.0478382397582,0.0,0.0,0,165.09570017127533,165.00000568547546,0.09570017127532537,5.685475457539724e-06,0.05871618869238921,3.2306292411609336e-05
mimi,Q8,24000,20260826,165.0,226.4,249.039391726188,226.4Hz_+49.6c,3,226.38345383685996,249.0081001203704,226.40000349207844,249.03939712679377,226.38345383685996,249.0081001203704,0.0,0.0,0,164.90898783785363,165.0000108399045,-0.0910121621463702,1.0839904490467234e-05,-0.21754187863427804,3.754310698119414e-05
mimi,Q8,24000,20260826,170.0,220.0,242.69934087602422,220Hz_ongrid,0,220.0163307628143,727.7296673640548,220.00000095739955,242.69934452273085,220.0163307628143,242.5769367597235,0.0,1901.9522819271629,1,2070.9504170104647,170.00001847884215,1900.9504170104647,1.847884215067097e-05,1901.0789230256635,2.6012854518881803e-05
mimi,Q8,24000,20260826,170.0,220.0,242.69934087602422,220Hz_ongrid,1,220.14851573772359,242.72760197377818,220.00000094857265,242.699344456681,220.14851573772359,242.72760197377818,0.0,0.0,0,169.03326909571663,170.00001807715333,-0.9667309042833665,1.8077153328022177e-05,0.20158161993929913,2.5541704422269547e-05
mimi,Q8,24000,20260826,170.0,220.0,242.69934087602422,220Hz_ongrid,2,219.924332985769,727.8779965927678,220.00000093687703,242.69934443601,219.924332985769,242.61936638962626,0.0,1902.0023268852997,1,2072.0272999515846,170.00001802173773,1902.0272999515846,1.8021737730578025e-05,1901.4317552049206,2.5394253137072228e-05
mimi,Q8,24000,20260826,170.0,220.0,242.69934087602422,220Hz_ongrid,3,219.90782413394345,242.73384462123013,220.00000095033346,242.69934452842705,219.90782413394345,242.73384462123013,0.0,0.0,0,170.97161273420875,170.00001857507954,0.9716127342087475,1.857507953673121e-05,0.2461062012488305,2.605348678004519e-05
mimi,Q8,24000,20260826,170.0,226.4,249.75968533787218,226.4Hz_+49.6c,0,226.85919130413555,249.70778288689934,226.4000034581278,249.75968719742042,226.8591855070527,124.85349253361278,4.4239368528939124e-05,1200.0055313245537,0,166.1324106380229,169.9999864460541,-3.8675893619771102,-1.3553945905186993e-05,-0.3598043772379904,1.2889643192548651e-05
mimi,Q8,24000,20260826,170.0,226.4,249.75968533787218,226.4Hz_+49.6c,1,226.52716337435484,249.801622851466,226.4000034544931,249.75968704563175,226.52716337435484,249.801622851466,0.0,0.0,0,169.31855055277182,169.99998542170965,-0.6814494472281751,-1.4578290347344591e-05,0.2906696353264934,1.1837504801804158e-05
mimi,Q8,24000,20260826,170.0,226.4,249.75968533787218,226.4Hz_+49.6c,2,226.36574151718352,249.71441898952799,226.40000350633014,249.75968746558215,226.36574151718352,124.8574184093238,0.0,1199.997103253403,0,169.94819074252183,169.9999879362503,-0.051809257478169,-1.2063749693425052e-05,-0.31379662355261184,1.474843268792065e-05
mimi,Q8,24000,20260826,170.0,226.4,249.75968533787218,226.4Hz_+49.6c,3,226.4011705169941,249.78280268125079,226.4000035053569,249.75968726548044,226.4011705169941,249.78280268125079,0.0,0.0,0,170.15128206623146,169.9999865566678,0.15128206623145957,-1.3443332193219248e-05,0.16023274483916577,1.3361407966076938e-05
mimi,Q8,24000,20260826,175.0,220.0,243.40129723554335,220Hz_ongrid,0,219.23377366758606,730.3076345880826,220.00000094357137,243.401294626023,219.23377366758606,243.44376781458394,0.0,1901.8988934622864,1,2083.2410943149494,174.99997401413788,1908.2410943149494,-2.5985862123434345e-05,1902.200946488941,-1.856066735767528e-05
mimi,Q8,24000,20260826,175.0,220.0,243.40129723554335,220Hz_ongrid,1,220.07743791773748,243.40392251161242,220.00000094343952,243.40129456432706,110.0390422296911,243.40392251161242,1199.994914002653,0.0,0,174.4094018548714,174.99997357635223,-0.5905981451286095,-2.6423647767614966e-05,0.01867263182327992,-1.8999490407842413e-05
mimi,Q8,24000,20260826,175.0,220.0,243.40129723554335,220Hz_ongrid,2,219.75680093631797,243.3879231990099,220.00000092412193,243.40129457116942,219.75680093631797,243.3879231990099,0.0,0.0,0,176.81972398869027,174.9999737770347,1.8197239886902707,-2.622296528898005e-05,-0.09512777380464885,-1.8950822990835088e-05
mimi,Q8,24000,20260826,175.0,220.0,243.40129723554335,220Hz_ongrid,3,219.7686844338407,730.174139952211,220.00000095156622,243.40129462150526,219.7686844338407,243.40293030351154,0.0,1901.8728458119065,1,2078.705697895269,174.99997391909113,1903.7056978952692,-2.6080908867243124e-05,1901.884461252821,-1.8592800673005728e-05
mimi,Q8,24000,20260826,175.0,226.4,250.4820622460319,226.4Hz_+49.6c,0,226.39012221725497,250.58600919420314,226.40000347280682,250.48205971100793,113.1947779180134,250.58613529824194,1200.0043311946827,-0.000871220031250372,0,175.79382663339547,174.99995592306956,0.7938266333954687,-4.4076930436176553e-05,0.7182916206772881,-1.7521094196839382e-05
mimi,Q8,24000,20260826,175.0,226.4,250.4820622460319,226.4Hz_+49.6c,1,226.643868354047,250.44692568175876,226.40000339330004,250.48205951055138,226.667249126074,250.44692568175876,-0.17858634876435764,0.0,0,172.89332545646835,174.999955145564,-2.1066745435316534,-4.485443599833161e-05,-0.24286722470688343,-1.890657149731286e-05
mimi,Q8,24000,20260826,175.0,226.4,250.4820622460319,226.4Hz_+49.6c,2,226.44479332076713,250.44211054018967,226.4000034665888,250.48205956272824,113.21908855033884,125.22147584140293,1200.0505835999315,1199.994185433557,0,174.38135601662725,174.99995494576618,-0.6186439833727491,-4.5054233822838796e-05,-0.2761525890607078,-1.8545945370333926e-05
mimi,Q8,24000,20260826,175.0,226.4,250.4820622460319,226.4Hz_+49.6c,3,226.4185490379395,250.42411276107313,226.40000357090491,250.48206014070703,226.4185490379395,250.42411276107313,0.0,0.0,0,174.4575946336508,174.99995814284577,-0.5424053663491861,-4.1857154229774096e-05,-0.40057051375997743,-1.4551182017127011e-05
mimi,Q8,24000,20260826,180.0,220.0,244.10528385492591,220Hz_ongrid,0,220.00981983803894,732.4028920351943,220.00000095453007,244.1052867822847,220.00981983803894,244.13795791626953,0.0,1901.929042783844,1,2082.083483996569,180.00001324986917,1902.0834839965692,1.3249869169840167e-05,1902.1607569900602,2.0761300821114804e-05
mimi,Q8,24000,20260826,180.0,220.0,244.10528385492591,220Hz_ongrid,1,219.8960355011355,732.0530032471192,220.00000094573596,244.10528679586272,219.8960355011355,244.01860262931945,0.0,1901.948368175687,1,2082.151817318641,180.00001341536975,1902.151817318641,1.341536975019153e-05,1901.3335017660831,2.0857598127129067e-05
mimi,Q8,24000,20260826,180.0,220.0,244.10528385492591,220Hz_ongrid,2,220.07852123750882,244.15600828443607,220.0000009502321,244.1052867678584,220.07852123750882,244.15600828443607,0.0,0.0,0,179.74191579859553,180.00001318137726,-0.25808420140447197,1.3181377255477855e-05,0.359708464369952,2.0658986711370465e-05
mimi,Q8,24000,20260826,180.0,220.0,244.10528385492591,220Hz_ongrid,3,219.93515245510022,732.1630604286834,220.0000009232162,244.10528680324774,219.93515245510022,244.07016347312887,0.0,1901.8428540503435,1,2082.1041332035174,180.0000136449588,1902.1041332035174,1.3644958812619734e-05,1901.593756717731,2.0909973765423455e-05
mimi,Q8,24000,20260826,180.0,226.4,251.20652847616012,226.4Hz_+49.6c,0,226.31503855577978,251.28384316879402,226.40000353395524,251.20652352186806,226.31503855577978,251.28384316879402,0.0,0.0,0,181.1825504012666,179.99993883319746,1.1825504012666102,-6.116680253853701e-05,0.5327458474439669,-3.4143376782632995e-05
mimi,Q8,24000,20260826,180.0,226.4,251.20652847616012,226.4Hz_+49.6c,1,226.3919444743413,251.21069785455273,226.40000358052902,251.20652412134476,226.3919444743413,125.60563389698987,0.0,1199.996072231672,0,180.09033380447988,179.99994260845656,0.09033380447988293,-5.739154343586961e-05,0.028733767309941795,-3.0011977512257205e-05
mimi,Q8,24000,20260826,180.0,226.4,251.20652847616012,226.4Hz_+49.6c,2,226.97442163983825,251.25173516021724,226.4000035535061,251.20652407805082,113.4818890189964,125.62636829040859,1200.0811853504993,1199.9930997890065,0,175.9246010277536,179.99994251672751,-4.075398972246404,-5.748327248511487e-05,0.31152179816818804,-3.0310345366774458e-05
mimi,Q8,24000,20260826,180.0,226.4,251.20652847616012,226.4Hz_+49.6c,3,226.38988955875718,251.2035493333929,226.40000346257085,251.20652369224692,226.38988955875718,251.2035493333929,0.0,0.0,0,180.05678277375046,179.99994055325487,0.05678277375045582,-5.944674512647907e-05,-0.02053140899632383,-3.29691808924188e-05
mimi,Q8,24000,20260826,185.0,220.0,244.81130660626792,220Hz_ongrid,0,219.81383606496618,244.84214974519756,220.0000009492835,244.8113060875264,219.81383606496618,244.84214974519756,0.0,0.0,0,186.68368984981572,184.99998886146625,1.6836898498157211,-1.1138533750454371e-05,0.2180999303612128,-3.6683886164200505e-06
mimi,Q8,24000,20260826,185.0,220.0,244.81130660626792,220Hz_ongrid,1,219.66621187831097,244.78680585136044,220.00000092737977,244.8113061374782,219.66621187831097,81.5989406333827,0.0,1901.8841646538895,0,187.45538450856463,184.99998938707674,2.4553845085646344,-1.0612923261987817e-05,-0.17327085248011287,-3.315143956116589e-06
mimi,Q8,24000,20260826,185.0,220.0,244.81130660626792,220Hz_ongrid,2,219.69751092454973,244.80135683250256,220.00000094507612,244.8113061480745,219.69751092454973,244.80135683250256,0.0,0.0,0,187.31163546649924,184.99998932275366,2.31163546649924,-1.0677246336854296e-05,-0.0703633235484424,-3.2402101079513114e-06
mimi,Q8,24000,20260826,185.0,220.0,244.81130660626792,220Hz_ongrid,3,219.95554843664388,244.78276547805703,220.00000095327508,244.81130595110824,219.95554843664388,244.78276547805703,0.0,0.0,0,185.14798932868558,184.9999878653465,0.14798932868558268,-1.2134653502471338e-05,-0.20184628789763268,-4.633097883547131e-06
mimi,Q8,24000,20260826,185.0,226.4,251.93309007117753,226.4Hz_+49.6c,0,226.40230723909025,251.94858391659963,226.40000346499409,251.93308530026442,226.40230723909025,251.94868837807496,0.0,-0.0007177941729735732,0,185.08882445696077,184.99994071914045,0.08882445696076502,-5.9280859545651765e-05,0.10646734794655348,-3.278476558346534e-05
mimi,Q8,24000,20260826,185.0,226.4,251.93309007117753,226.4Hz_+49.6c,1,226.3121392757565,251.91168485235767,226.40000339562545,251.93308528501524,226.3121392757565,125.95480072980432,0.0,1200.0143179359932,0,185.52488456223045,184.9999411447987,0.5248845622304543,-5.885520130277655e-05,-0.14709865226480884,-3.288955492001218e-05
mimi,Q8,24000,20260826,185.0,226.4,251.93309007117753,226.4Hz_+49.6c,2,226.40260745465056,251.9610961686141,226.40000350060967,251.93308522108373,226.40260745465056,251.9610961686141,0.0,0.0,0,185.1725030784871,184.99993990268146,0.17250307848709667,-6.009731853851008e-05,0.19244163095191935,-3.332887963041147e-05
mimi,Q8,24000,20260826,185.0,226.4,251.93309007117753,226.4Hz_+49.6c,3,226.43061771955323,251.97578523442553,226.40000349492405,251.93308521895327,226.43061771955323,251.97578523442553,0.0,0.0,0,185.0592562567393,184.999939931518,0.059256256739303126,-6.006848198580883e-05,0.2933678057463989,-3.334351973829552e-05
mimi,Q8,24000,20260826,190.0,220.0,245.51937137864914,220Hz_ongrid,0,219.93762751702107,245.49989387817715,220.00000095073273,245.51936752983605,109.97841199446171,245.49989387817715,1199.8489020005295,0.0,0,190.3535465729575,189.99996537926285,0.35354657295749803,-3.462073715354563e-05,-0.1373474094051812,-2.713918775840727e-05
mimi,Q8,24000,20260826,190.0,220.0,245.51937137864914,220Hz_ongrid,1,219.82884464526074,245.49719097449335,220.00000093203417,245.5193675481427,219.82884464526074,245.49719097449335,0.0,0.0,0,191.19097967548439,189.99996565549228,1.1909796754843853,-3.434450772488162e-05,-0.15640804757653085,-2.7010101905374012e-05
mimi,Q8,24000,20260826,190.0,220.0,245.51937137864914,220Hz_ongrid,2,219.24690297789246,245.54138871366374,220.00000093191176,245.51936752187646,109.63410125189564,245.54138871366374,1199.8318212347394,0.0,0,196.09171623445488,189.99996547124414,6.0917162344548785,-3.452875586162918e-05,0.15524417005073818,-2.719531332927958e-05
mimi,Q8,24000,20260826,190.0,220.0,245.51937137864914,220Hz_ongrid,3,219.96366421514648,245.53849517073465,220.00000093919414,245.5193676558507,219.96366421514648,81.84641863807741,0.0,1901.9496370506242,0,190.42080143456934,189.99996635863172,0.4208014345693414,-3.3641368275993955e-05,0.1348426011583677,-2.625061899461065e-05
mimi,Q8,24000,20260826,190.0,226.4,252.66175309148255,226.4Hz_+49.6c,0,226.44984823187545,252.68985540902605,226.40000355505975,252.66174950641448,226.44984823187545,252.68985540902605,0.0,0.0,0,189.8114087174287,189.99994825036651,-0.1885912825713092,-5.174963348508754e-05,0.19254589565261276,-2.456482583099644e-05
mimi,Q8,24000,20260826,190.0,226.4,252.66175309148255,226.4Hz_+49.6c,1,226.4436018989713,252.6864021250973,226.4000034862074,252.6617493999876,113.22510414048357,252.6864021250973,1199.9494928250463,0.0,0,189.8355039064715,189.9999480476311,-0.16449609352849848,-5.195236889221633e-05,0.16888652254405448,-2.5294060962432556e-05
mimi,Q8,24000,20260826,190.0,226.4,252.66175309148255,226.4Hz_+49.6c,2,226.32531894581828,252.6495463253963,226.40000354076656,252.66174905982817,226.32531894581828,126.3250242256858,0.0,1199.9965592785177,0,190.48752223343882,189.9999452996617,0.48752223343882406,-5.470033829624299e-05,-0.08364257480887062,-2.762482767254643e-05
mimi,Q8,24000,20260826,190.0,226.4,252.66175309148255,226.4Hz_+49.6c,3,226.35602362965534,252.63822854753982,226.40000347862116,252.66174919519025,226.35602362965534,126.31893763218211,0.0,1200.0024209174271,0,190.17511360621674,189.99994670237345,0.17511360621674044,-5.3297626550374844e-05,-0.1611972807113433,-2.6697329011038044e-05
mimi,Q8,24000,20260826,195.0,220.0,246.22948407818222,220Hz_ongrid,0,219.61062563829736,246.21435935460738,220.0000009277246,246.22948838099117,219.61062563829736,82.07268454873663,0.0,1901.9290249822377,0,197.96045238828435,195.00002295246145,2.9604523882843523,2.2952461449676775e-05,-0.10634486263936084,3.0252953977714503e-05
mimi,Q8,24000,20260826,195.0,220.0,246.22948407818222,220Hz_ongrid,1,220.019262860081,246.28154076866284,220.0000009186538,246.22948805879412,220.019262860081,246.28154076866284,0.0,0.0,0,195.21439321068613,195.00002075848147,0.2143932106861257,2.075848146887438e-05,0.36597075326543493,2.7987593942654575e-05
mimi,Q8,24000,20260826,195.0,220.0,246.22948407818222,220Hz_ongrid,2,219.93130445092933,246.24062608212887,220.00000093596972,246.22948811090365,219.93130445092933,246.24062608212887,0.0,0.0,0,195.61900397981597,195.00002098859926,0.6190039798159717,2.0988599260363117e-05,0.07833741058651345,2.8353974695142395e-05
mimi,Q8,24000,20260826,195.0,220.0,246.22948407818222,220Hz_ongrid,3,220.53375214335173,246.19592461586137,220.00000093052748,246.2294882855548,220.53375214335173,246.19592461586137,0.0,0.0,0,190.5688882913982,195.0000222593937,-4.431111708601804,2.225939368827312e-05,-0.23597191738039303,2.9581943131206244e-05
mimi,Q8,24000,20260826,195.0,226.4,253.39252361500206,226.4Hz_+49.6c,0,226.24640787025706,253.36587935154944,226.400003441827,253.39252043683197,226.24592509368043,253.36587935154944,0.0036942029141780013,0.0,0,195.99283677014316,194.99995196709514,0.9928367701431569,-4.8032904857109315e-05,-0.1820491021912951,-2.1713964630043968e-05
mimi,Q8,24000,20260826,195.0,226.4,253.39252361500206,226.4Hz_+49.6c,1,226.5685402983297,253.3420562861159,226.40000346312482,253.39252055989422,226.5685402983297,253.3420562861159,0.0,0.0,0,193.3668482648352,194.9999526450238,-1.6331517351648017,-4.735497620345086e-05,-0.3448383508348972,-2.087317606507671e-05
mimi,Q8,24000,20260826,195.0,226.4,253.39252361500206,226.4Hz_+49.6c,2,226.76150970824756,253.3219935342386,226.40000360615124,253.39252073498713,113.37565432825127,253.3219935342386,1200.077882729683,0.0,0,191.755870352375,194.99995274760388,-3.2441296476249875,-4.7252396115027295e-05,-0.4819442662768726,-1.9676902296284617e-05
mimi,Q8,24000,20260826,195.0,226.4,253.39252361500206,226.4Hz_+49.6c,3,226.33906321849216,253.4583269372835,226.40000346830442,253.39252023406704,226.33906321849216,253.4583269372835,0.0,0.0,0,195.9155582651867,194.99995037929278,0.9155582651866894,-4.962070721603595e-05,0.44952455970524097,-2.3099299893939855e-05
mimi,Q8,24000,20260826,200.0,220.0,246.94165062806206,220Hz_ongrid,0,220.00090852077818,246.9008318083575,220.0000009258145,246.94164793538476,220.00090852077818,246.9008318083575,0.0,0.0,0,199.70665845198315,199.99997383698314,-0.29334154801685486,-2.6163016855207388e-05,-0.28619218957237447,-1.8877555180067313e-05
mimi,Q8,24000,20260826,200.0,220.0,246.94165062806206,220Hz_ongrid,1,219.85281779586927,246.88757367680364,220.00000094063358,246.94164832665726,219.85281779586927,246.88757367680364,0.0,0.0,0,200.7794416775332,199.99997646346264,0.7794416775332138,-2.3536537355539622e-05,-0.37915884704590613,-1.6134460780838674e-05
mimi,Q8,24000,20260826,200.0,220.0,246.94165062806206,220Hz_ongrid,2,220.5995248641701,246.92746999469853,220.00000094753798,246.94164805153886,220.5995248641701,246.92746999469853,0.0,0.0,0,195.1891891464317,199.99997448035717,-4.810810853568313,-2.5519642832705358e-05,-0.0994190334965237,-1.8063233518733636e-05
mimi,Q8,24000,20260826,200.0,220.0,246.94165062806206,220Hz_ongrid,3,220.14109479990702,246.92359873364217,220.0000009453622,246.94164773196457,220.14109479990702,246.92359873364217,0.0,0.0,0,198.76348518833956,199.99997225703947,-1.2365148116604416,-2.774296052621139e-05,-0.12656105820030467,-2.030367339312845e-05
mimi,Q8,24000,20260826,200.0,226.4,254.12540773724206,226.4Hz_+49.6c,0,226.51878034096964,254.14649183612488,226.40000338320297,254.1254043399942,226.51878034096964,254.14658900924113,0.0,-0.0006619386092050353,0,199.23557929920653,199.99995098553174,-0.7644207007934654,-4.9014468260111244e-05,0.14362985611224957,-2.3143814132614607e-05
mimi,Q8,24000,20260826,200.0,226.4,254.12540773724206,226.4Hz_+49.6c,1,226.61479010711943,254.17290373025727,226.40000338263374,254.1254043351548,113.29748466875954,254.17290373025727,1200.1514282979022,0.0,0,198.68186012575836,199.99995095691585,-1.3181398742416377,-4.9043084146660476e-05,0.323537098929624,-2.317678258133085e-05
mimi,Q8,24000,20260826,200.0,226.4,254.12540773724206,226.4Hz_+49.6c,2,226.43217650801864,254.1130915032094,226.40000342727024,254.1254043105231,226.43217650801864,254.1130915032094,0.0,0.0,0,199.6700637644266,199.99995044778584,-0.329936235573399,-4.9552214164805264e-05,-0.08390660585400025,-2.3344586520901243e-05
mimi,Q8,24000,20260826,200.0,226.4,254.12540773724206,226.4Hz_+49.6c,3,226.31279581310267,254.14038815040544,226.40000360015793,254.1254043399763,113.15170366530381,254.14038815040544,1200.0718209399217,0.0,0,200.7690122015848,199.9999493264001,0.7690122015847862,-5.067359990107434e-05,0.10205133438029955,-2.3143935990960443e-05
mimi,Q8,24000,20260826,205.0,220.0,247.65587696861508,220Hz_ongrid,0,218.98926790482494,247.61032543183705,220.00000094407764,247.65587376462582,109.49333322758436,247.61032543183705,1200.0205660533766,0.0,0,212.65356940899298,204.9999701733904,7.653569408992979,-2.9826609591054876e-05,-0.3184565039873571,-2.2397430611307658e-05
mimi,Q8,24000,20260826,205.0,220.0,247.65587696861508,220Hz_ongrid,1,219.7856402463987,247.58316535161984,220.00000094500143,247.65587337007287,109.90011860776123,247.58316535161984,1199.8850246504032,0.0,0,206.1793079900167,204.99996740800538,1.1793079900166958,-3.259199462490869e-05,-0.5083639101618147,-2.5155546079759982e-05
mimi,Q8,24000,20260826,205.0,220.0,247.65587696861508,220Hz_ongrid,2,219.79567265910558,247.77270689070104,220.00000093598675,247.6558735547986,109.89681472620533,247.77270689070104,1200.0160935172107,0.0,0,207.42515412382673,204.99996877026607,2.4251541238267293,-3.122973393487882e-05,0.8165049389709005,-2.3864224143655128e-05
mimi,Q8,24000,20260826,205.0,220.0,247.65587696861508,220Hz_ongrid,3,219.95246113422587,247.66256412558917,220.00000094996457,247.65587321089174,219.95246113422587,247.66256412558917,0.0,0.0,0,205.42088126015668,204.99996625619636,0.42088126015667626,-3.37438036410731e-05,0.0467458220216333,-2.6268299026096022e-05
mimi,Q8,24000,20260826,205.0,226.4,254.86041157133843,226.4Hz_+49.6c,0,226.42184508420266,254.83954849725947,226.4000034140009,254.86040710038316,226.42184508420266,254.83954849725947,0.0,0.0,0,204.69123722635376,204.99994352321488,-0.3087627736462366,-5.64767851187753e-05,-0.14172598416136659,-3.037062526944965e-05
mimi,Q8,24000,20260826,205.0,226.4,254.86041157133843,226.4Hz_+49.6c,1,226.4773800042988,254.83311835885527,226.4000033556085,254.8604073073058,226.4773800042988,254.83311835885527,0.0,0.0,0,204.22298296563974,204.99994537532862,-0.7770170343602558,-5.462467137817839e-05,-0.18540921565505394,-2.896502634063503e-05
mimi,Q8,24000,20260826,205.0,226.4,254.86041157133843,226.4Hz_+49.6c,2,226.44405067698912,254.8661651250323,226.40000348524396,254.86040705485743,226.44405067698912,254.8661651250323,0.0,0.0,0,204.7022690455512,204.9999426691838,-0.29773095444880937,-5.7330816190415135e-05,0.03908271027537882,-3.067987580474029e-05
mimi,Q8,24000,20260826,205.0,226.4,254.86041157133843,226.4Hz_+49.6c,3,226.34890511470005,254.87407450598587,226.4000036330637,254.86040715522745,226.34890511470005,254.87407450598587,0.0,0.0,0,205.48356420525403,204.99994222063734,0.48356420525402655,-5.777936266326833e-05,0.09280807292258794,-2.9998075089469412e-05
mimi,Q8,24000,20260826,210.0,220.0,248.37216905734886,220Hz_ongrid,0,220.58619721490066,248.4155262940145,220.00000095318515,248.3721735613462,220.58619721490066,248.4155262940145,0.0,0.0,0,205.69539239201129,210.00002389346426,-4.304607607988714,2.3893464259572283e-05,0.30218753516652225,3.139431226857994e-05
mimi,Q8,24000,20260826,210.0,220.0,248.37216905734886,220Hz_ongrid,1,220.41681649011116,248.39018040155452,220.00000094803005,248.37217345267825,220.41681649011116,248.39018040155452,0.0,0.0,0,206.84861224581235,210.0000231765805,-3.1513877541876525,2.3176580498329713e-05,0.12554032086326228,3.06368619571858e-05
mimi,Q8,24000,20260826,210.0,220.0,248.37216905734886,220Hz_ongrid,2,219.67286748988786,248.41976027424283,220.00000094831694,248.37217372337315,219.67286748988786,248.41976027424283,0.0,0.0,0,212.90789626777098,210.00002506115356,2.9078962677709796,2.5061153564820415e-05,0.331694339262936,3.2523692690946086e-05
mimi,Q8,24000,20260826,210.0,220.0,248.37216905734886,220Hz_ongrid,3,219.9747831349875,248.39899683110443,220.00000095014425,248.3721734922499,110.00499141281522,248.39899683110443,1199.7229953952854,0.0,0,210.38543720856995,210.00002343577034,0.3854372085699538,2.343577034480404e-05,0.18698812902456058,3.091268927541887e-05
mimi,Q8,24000,20260826,210.0,226.4,255.5975412481081,226.4Hz_+49.6c,0,226.27348111253878,255.56223423853513,226.40000354271916,255.5975362151253,113.14151011618316,255.56223423853513,1199.92701707302,0.0,0,210.7285734041098,209.99993881974962,0.7285734041097953,-6.118025038404085e-05,-0.23916082670027924,-3.408980850696379e-05
mimi,Q8,24000,20260826,210.0,226.4,255.5975412481081,226.4Hz_+49.6c,1,226.48446545136892,255.48732814604836,226.40000343947582,255.59753621239904,226.48446545136892,85.16418052450015,0.0,1901.9196739820695,0,208.60756525366156,209.9999395907642,-1.392434746338438,-6.0409235800307215e-05,-0.7466653361228335,-3.4108274274997556e-05
mimi,Q8,24000,20260826,210.0,226.4,255.5975412481081,226.4Hz_+49.6c,2,226.5045471902564,255.64343168740075,226.40000343945712,255.5975361558405,226.5045471902564,255.64343168740075,0.0,0.0,0,209.51153470826281,209.99993920782038,-0.4884652917371852,-6.0792179624513665e-05,0.31080095473300473,-3.449136135873412e-05
mimi,Q8,24000,20260826,210.0,226.4,255.5975412481081,226.4Hz_+49.6c,3,226.3731512794687,255.59765180610455,226.40000341387915,255.5975360368745,226.3731512794687,255.59765180610455,0.0,0.0,0,210.20606763656372,209.99993859761966,0.2060676365637164,-6.14023803393593e-05,0.0007488402490143574,-3.529715140588206e-05
mimi,Q8,24000,20260826,215.0,220.0,249.09053286900183,220Hz_ongrid,0,220.07322476359425,249.03540008945473,220.00000093036945,249.09053540963026,220.07322476359425,249.03540008945473,0.0,0.0,0,214.0406448496023,215.000010336621,-0.9593551503976983,1.0336620988482537e-05,-0.38322736981199873,1.7657926715454172e-05
mimi,Q8,24000,20260826,215.0,220.0,249.09053286900183,220Hz_ongrid,1,220.0131848415642,249.07871604773877,220.0000009316376,249.0905350993566,220.0131848415642,249.07871604773877,0.0,0.0,0,214.81411689363992,215.00000817017147,-0.18588310636008032,8.170171469146226e-06,-0.08213145781547439,1.5501456511562974e-05
mimi,Q8,24000,20260826,215.0,220.0,249.09053286900183,220Hz_ongrid,2,219.73674224286052,249.10663536452878,220.00000094193,249.09053565508336,219.73674224286052,249.10663536452878,0.0,0.0,0,217.18479271861125,215.00001195160132,2.1847927186112486,1.1951601322834904e-05,0.11191227216238468,1.9363880088240475e-05
mimi,Q8,24000,20260826,215.0,220.0,249.09053286900183,220Hz_ongrid,3,219.9517733782554,249.11768371365415,220.00000092700424,249.09053547114644,219.9517733782554,249.11768371365415,0.0,0.0,0,215.56824280190182,215.00001079065396,0.5682428019018175,1.0790653959702468e-05,0.18869406487109394,1.8085477667402825e-05
mimi,Q8,24000,20260826,215.0,226.4,256.3368029161001,226.4Hz_+49.6c,0,226.30463253898984,256.3360723380539,226.40000364474932,256.3367985952159,226.30463253898984,256.3360723380539,0.0,0.0,0,215.72447477138036,214.99994294719392,0.7244747713803577,-5.705280608481189e-05,-0.004934146705068896,-2.918216138397427e-05
mimi,Q8,24000,20260826,215.0,226.4,256.3368029161001,226.4Hz_+49.6c,1,226.61413248710036,256.29780745208245,226.40000356610815,256.33679869479244,113.30123951055627,256.29780745208245,1200.0890297336853,0.0,0,213.09996139921157,214.99994422106124,-1.9000386007884345,-5.577893875852169e-05,-0.26338555310668404,-2.8509646505921254e-05
mimi,Q8,24000,20260826,215.0,226.4,256.3368029161001,226.4Hz_+49.6c,2,226.38014645236697,256.27530836040216,226.40000344891118,256.3367985557947,226.38014645236697,256.27530836040216,0.0,0.0,0,214.73645410752448,214.99994417848683,-0.26354589247551985,-5.58215131718498e-05,-0.4153685284653425,-2.944840207339496e-05
mimi,Q8,24000,20260826,215.0,226.4,256.3368029161001,226.4Hz_+49.6c,3,226.40014441938942,256.35156581672294,226.40000345418153,256.3367985479033,226.40014441938942,256.35156581672294,0.0,0.0,0,215.0985976877107,214.99994408488914,0.09859768771070776,-5.591511086322498e-05,0.09970203260695164,-2.950169876241693e-05
mimi,Q8,24000,20260826,220.0,220.0,249.810974395593,220Hz_ongrid,0,220.07999214327833,249.79867732142773,220.00000092903937,249.81097250348066,220.07999214327833,124.8994812662134,0.0,1199.9980233413717,0,219.28541359650242,219.99997957648884,-0.7145864034975773,-2.0423511159606278e-05,-0.08522298730602924,-1.31126719298974e-05
mimi,Q8,24000,20260826,220.0,220.0,249.810974395593,220Hz_ongrid,1,219.86713689765705,249.79449530908508,220.00000095407475,249.8109724268526,219.86713689765705,249.79449530908508,0.0,0.0,0,220.93164149290143,219.9999788484335,0.9316414929014343,-2.115156650006611e-05,-0.11420673871828778,-1.3643717720272447e-05
mimi,Q8,24000,20260826,220.0,220.0,249.810974395593,220Hz_ongrid,2,219.98955875449377,249.8102161204418,220.000000937793,249.81097243997016,219.98955875449377,124.90576621319026,0.0,1199.9908777643618,0,220.07691168758737,219.9999790674654,0.07691168758736922,-2.09325345963407e-05,-0.005254988320110889,-1.3552810818164613e-05
mimi,Q8,24000,20260826,220.0,220.0,249.810974395593,220Hz_ongrid,3,220.12956190539003,249.8390853760969,220.00000091607214,249.8109724362159,220.12956190539003,249.8390853760969,0.0,0.0,0,219.1755487205575,219.99997921237483,-0.8244512794425134,-2.0787625174989444e-05,0.194803085481767,-1.3578828535884231e-05
mimi,Q8,24000,20260826,220.0,226.4,257.07820274164663,226.4Hz_+49.6c,0,226.33265826209518,257.02563351453483,226.40000358337335,257.0782016783126,226.33265826209518,85.67791245361997,0.0,1901.9004170741664,0,220.16097338964985,219.99996543790564,0.16097338964985397,-3.4562094356260786e-05,-0.35405157405172993,-7.160778617221092e-06
mimi,Q8,24000,20260826,220.0,226.4,257.07820274164663,226.4Hz_+49.6c,1,226.37190647829914,257.10324990377035,226.40000340399712,257.0782016173458,226.37190647829914,257.10324990377035,0.0,0.0,0,220.38350482698596,219.9999663989918,0.38350482698595556,-3.3601008198047566e-05,0.1686661380422811,-7.571345328349701e-06
mimi,Q8,24000,20260826,220.0,226.4,257.07820274164663,226.4Hz_+49.6c,2,226.32854091329094,257.07406026758747,226.40000351408855,257.07820187832414,226.32854091329094,85.69043606579709,0.0,1901.973534447216,0,220.51862237010087,219.99996731464384,0.5186223701008714,-3.2685356160300216e-05,-0.027896763876070863,-5.81384681195786e-06
mimi,Q8,24000,20260826,220.0,226.4,257.07820274164663,226.4Hz_+49.6c,3,226.7971071947539,257.0691155094028,226.40000353236903,257.07820179312597,113.38730190855804,257.0691155094028,1200.1717859058301,0.0,0,216.90486632139934,219.99996660110938,-3.0951336786006607,-3.339889062203838e-05,-0.061196957819191836,-6.387594339615446e-06
mimi,Q8,24000,20260826,225.0,220.0,250.53349964647214,220Hz_ongrid,0,220.1847363804745,250.52511486844884,220.00000093444808,250.53349543248663,220.1847363804745,250.52511486844884,0.0,0.0,0,223.4889326762308,224.99996352715806,-1.511067323769197,-3.647284194130407e-05,-0.05794137766971353,-2.9119440085892302e-05
mimi,Q8,24000,20260826,225.0,220.0,250.53349964647214,220Hz_ongrid,1,219.94252335488378,250.49803603838217,220.00000094164363,250.53349507952245,219.94252335488378,125.24917582866556,0.0,1199.9978187057457,0,225.20727932341177,224.99996103148493,0.20727932341176825,-3.896851507079191e-05,-0.2450776111196802,-3.1558489666494044e-05
mimi,Q8,24000,20260826,225.0,220.0,250.53349964647214,220Hz_ongrid,2,219.98308561590292,250.44761426858926,220.00000093843425,250.53349516790766,219.98308561590292,250.44761426858926,0.0,0.0,0,224.53952254408455,224.99996166749906,-0.4604774559154521,-3.833250093521201e-05,-0.593586016855937,-3.094773121358369e-05
mimi,Q8,24000,20260826,225.0,220.0,250.53349964647214,220Hz_ongrid,3,220.09928744580668,250.5104651616046,220.00000095319172,250.53349519391674,220.09928744580668,250.5104651616046,0.0,0.0,0,224.05967896850117,224.99996173109665,-0.9403210314988257,-3.826890335290045e-05,-0.15917998153611954,-3.076800341486336e-05
mimi,Q8,24000,20260826,225.0,226.4,257.821746908915,226.4Hz_+49.6c,0,226.35844012511336,257.83136085806865,226.40000346535163,257.82175044107385,113.17583520751288,257.83136085806865,1200.0517768538145,0.0,0,225.38238396521808,224.9999972190843,0.38238396521808227,-2.7809157074898394e-06,0.0645550113907865,2.3717912500698182e-05
mimi,Q8,24000,20260826,225.0,226.4,257.821746908915,226.4Hz_+49.6c,1,226.3959364368821,257.90408657236105,226.40000353165118,257.8217504501745,226.3959364368821,257.90408657236105,0.0,0.0,0,225.58388362773024,224.99999677321486,0.5838836277302448,-3.226785139531785e-06,0.5528101208175035,2.3779021960806096e-05
mimi,Q8,24000,20260826,225.0,226.4,257.821746908915,226.4Hz_+49.6c,2,226.4280458797506,257.78050106522625,226.40000347919602,257.8217504151221,226.4280458797506,257.78050106522625,0.0,0.0,0,224.50857047099956,224.99999693895722,-0.4914295290004418,-3.061042775698297e-06,-0.2769817602978933,2.3543650457929314e-05
mimi,Q8,24000,20260826,225.0,226.4,257.821746908915,226.4Hz_+49.6c,3,226.2638092197938,257.85665303087274,226.40000344984028,257.82175049276407,226.2638092197938,257.85665303087274,0.0,0.0,0,226.27610959844625,224.99999768478853,1.2761095984462543,-2.315211474979151e-06,0.23437346591782426,2.4065004654555994e-05
mimi,Q8,24000,20260826,230.0,220.0,251.25811464836974,220Hz_ongrid,0,219.22248159115782,251.26179447401472,220.00000094639773,251.25811107366906,219.22248159115782,251.26179447401472,0.0,0.0,0,236.15467558839188,229.99996792194196,6.154675588391882,-3.2078058040951873e-05,0.025354774350870534,-2.463062184178403e-05
mimi,Q8,24000,20260826,230.0,220.0,251.25811464836974,220Hz_ongrid,1,219.90980358073406,251.2013176548298,220.00000093172764,251.25811083406424,219.90980358073406,251.2013176548298,0.0,0.0,0,230.31853295901016,229.99996638644478,0.318532959010156,-3.3613555217471e-05,-0.3913903618806636,-2.6281561596434285e-05
mimi,Q8,24000,20260826,230.0,220.0,251.25811464836974,220Hz_ongrid,2,219.5472340946157,251.28365281625102,220.0000009376273,251.25811102450973,109.78711670743965,251.28365281625102,1199.787110646783,0.0,0,233.7425531870458,229.99996765223804,3.742553187045786,-3.23477619588175e-05,0.17595570632072105,-2.496934229859597e-05
mimi,Q8,24000,20260826,230.0,220.0,251.25811464836974,220Hz_ongrid,3,219.09742093757762,251.26538035292936,220.00000094514735,251.25811051274042,109.54562824594296,125.63262226216703,1200.048710059504,1200.000935867696,0,237.1672879477944,229.99996406683658,7.167287947794392,-3.59331634172122e-05,0.05006187869847809,-2.849556667738282e-05
mimi,Q8,24000,20260826,230.0,226.4,258.5674416199587,226.4Hz_+49.6c,0,226.3431897011905,258.5768440099311,226.40000358244825,258.56744510403263,226.3431897011905,258.5768440099311,0.0,0.0,0,230.49742353950745,229.99999593331785,0.49742353950745155,-4.066682151915302e-06,0.06295240271231488,2.3327559481927884e-05
mimi,Q8,24000,20260826,230.0,226.4,258.5674416199587,226.4Hz_+49.6c,1,226.57160385270438,258.75154240838856,226.40000349811774,258.56744505684173,226.57160385270438,258.75154240838856,0.0,0.0,0,229.92048301629126,229.99999626221006,-0.07951698370874283,-3.7377899388957303e-06,1.2322051835910106,2.30115938696128e-05
mimi,Q8,24000,20260826,230.0,226.4,258.5674416199587,226.4Hz_+49.6c,2,226.83427380556205,258.5214705538391,226.40000350460056,258.56744496065886,113.40590176620819,258.5214705538391,1200.1715050738308,0.0,0,226.3745528688313,229.99999556864628,-3.6254471311686984,-4.431353715972364e-06,-0.307825881677673,2.2367602897412164e-05
mimi,Q8,24000,20260826,230.0,226.4,258.5674416199587,226.4Hz_+49.6c,3,226.2811549029505,258.53402027915536,226.40000345913748,258.56744504349433,113.13663452093232,86.22903759732287,1200.0603342736126,1900.9301433658268,0,230.68523602498868,229.9999964709168,0.6852360249886829,-3.5290831874590367e-06,-0.2237865003601521,2.292222634397672e-05
mimi,Q8,24000,20260826,235.0,220.0,251.98482544544726,220Hz_ongrid,0,219.22310218602638,252.0070939609495,220.00000093082696,251.98482452826315,109.5969887950189,252.0070939609495,1200.2300160949053,0.0,0,241.27740651528967,234.9999863736814,6.27740651528967,-1.362631860502006e-05,0.152986628555988,-6.301412620136011e-06
mimi,Q8,24000,20260826,235.0,220.0,251.98482544544726,220Hz_ongrid,1,220.07553228657542,252.04444020710312,220.0000009557638,251.9848245554929,220.07553228657542,252.04444020710312,0.0,0.0,0,234.8152481178963,234.99998636452642,-0.1847518821037113,-1.3635473578688106e-05,0.4095282267123165,-6.11433353673887e-06
mimi,Q8,24000,20260826,235.0,220.0,251.98482544544726,220Hz_ongrid,2,219.9725045621893,251.99605267520272,220.00000094591098,251.98482452526122,219.9725045621893,251.99605267520272,0.0,0.0,0,235.29351560682613,234.9999862343569,0.29351560682613353,-1.3765643103624825e-05,0.0771337297757689,-6.322037048865124e-06
mimi,Q8,24000,20260826,235.0,220.0,251.98482544544726,220Hz_ongrid,3,219.82068609774217,251.99595687394444,220.00000094392712,251.98482452574785,219.82068609774217,251.99595687394444,0.0,0.0,0,236.48811608352494,234.9999862533119,1.4881160835249432,-1.37466880971715e-05,0.07647556695912153,-6.318693632610886e-06
mimi,Q8,24000,20260826,235.0,226.4,259.3152930947694,226.4Hz_+49.6c,0,226.29526015694134,259.3452996281799,226.40000353816117,259.31528995203865,226.29526015694134,259.3452996281799,0.0,0.0,0,236.0014265272628,234.9999519629949,1.0014265272627938,-4.803700508659858e-05,0.2003172522511001,-2.098141779775609e-05
mimi,Q8,24000,20260826,235.0,226.4,259.3152930947694,226.4Hz_+49.6c,1,226.3027430183311,259.30345270900665,226.40000361606408,259.31528977745756,226.3027430183311,259.30345270900665,0.0,0.0,0,235.66481355985582,234.9999502017536,0.6648135598558156,-4.979824640827246e-05,-0.07905028175691083,-2.2146951550394002e-05
mimi,Q8,24000,20260826,235.0,226.4,259.3152930947694,226.4Hz_+49.6c,2,226.7700454951764,259.42159416919475,226.4000033827257,259.31528986026916,113.37935265713838,259.42159416919475,1200.0865766823606,0.0,0,232.8821875641355,234.99995253890847,-2.1178124358644936,-4.7461091526201926e-05,0.7095390614853971,-2.1594086962946745e-05
mimi,Q8,24000,20260826,235.0,226.4,259.3152930947694,226.4Hz_+49.6c,3,226.39083147696917,259.23245172762216,226.4000035065587,259.3152897720784,226.39083147696917,259.23245172762216,0.0,0.0,0,234.51695947029202,234.99995100320635,-0.48304052970797784,-4.899679365166776e-05,-0.5531517517091061,-2.218286362774333e-05
mimi,Q8,24000,20260826,240.0,220.0,252.71363809934772,220Hz_ongrid,0,219.26412172495722,252.75337817818635,220.0000009437859,252.71363995000866,109.63641741744857,252.75337817818635,1199.93120564925,0.0,0,246.07273446193346,240.00000525121095,6.0727344619334644,5.2512109505187254e-06,0.2722210372756199,1.2678093648870076e-05
mimi,Q8,24000,20260826,240.0,220.0,252.71363809934772,220Hz_ongrid,1,219.96481441347612,252.8178177881156,220.0000009540267,252.71363950445874,219.96481441347612,126.40971580489689,0.0,1199.9889489825298,0,240.9904500040583,240.00000211835004,0.9904500040582889,2.1183500393817667e-06,0.7135438353790756,9.625820075476899e-06
mimi,Q8,24000,20260826,240.0,220.0,252.71363809934772,220Hz_ongrid,2,219.95932520498124,252.7691216870906,220.00000092872193,252.71363990179316,219.95932520498124,126.38431202243636,0.0,1200.003408391002,0,240.70016237745378,240.00000503944884,0.7001623774537791,5.039448836896554e-06,0.3800528298580429,1.2347789882093796e-05
mimi,Q8,24000,20260826,240.0,220.0,252.71363809934772,220Hz_ongrid,3,219.9233771214017,252.73383838208147,220.00000095007198,252.71363992895513,219.9233771214017,126.36532340257375,0.0,1200.0218625316725,0,240.7414473293885,240.0000050575152,0.7414473293885067,5.057515210182828e-06,0.1383780468407381,1.2533864881479597e-05
mimi,Q8,24000,20260826,240.0,226.4,260.06530757132873,226.4Hz_+49.6c,0,226.3519695775646,260.0453430705473,226.40000361493043,260.06530790861103,226.3519695775646,260.0453430705473,0.0,0.0,0,240.23441049266856,239.99997460263504,0.23441049266855885,-2.5397364964874214e-05,-0.1329071938818961,2.245261517549476e-06
mimi,Q8,24000,20260826,240.0,226.4,260.06530757132873,226.4Hz_+49.6c,1,226.31667834569373,260.1675440079738,226.4000034072901,260.06530792747674,226.31667834569373,260.1675440079738,0.0,0.0,0,241.31770683775892,239.9999763160054,1.3177068377589194,-2.368399461261106e-05,0.6804460806978427,2.3708490344487856e-06
mimi,Q8,24000,20260826,240.0,226.4,260.06530757132873,226.4Hz_+49.6c,2,226.49829981991925,259.9403498398254,226.40000343337118,260.0653079366481,226.49829981991925,259.9403498398254,0.0,0.0,0,238.4164511356383,239.9999761776215,-1.5835488643616884,-2.3822378494742225e-05,-0.8320335771487767,2.4319019868667664e-06
mimi,Q8,24000,20260826,240.0,226.4,260.06530757132873,226.4Hz_+49.6c,3,226.37309317461282,260.1574974639676,226.4000035640146,260.0653079076246,226.37309317461282,260.1574974639676,0.0,0.0,0,240.81935519217424,239.999974985411,0.8193551921742426,-2.501458899928366e-05,0.6135920272703764,2.2386946213622202e-06
mimi,Q8,24000,20260826,245.0,220.0,253.44455868924607,220Hz_ongrid,0,220.02425394213085,253.44088242531592,220.0000009230751,253.44456126992827,110.01531144970212,253.44088242531592,1199.9498873605553,0.0,0,244.78403821296783,245.00001036426977,-0.21596178703217106,1.036426976952498e-05,-0.02511207769290797,1.7628174443623485e-05
mimi,Q8,24000,20260826,245.0,220.0,253.44455868924607,220Hz_ongrid,1,219.98037319964624,253.32095924078047,220.00000094346208,253.44456119303797,219.98037319964624,253.32095924078047,0.0,0.0,0,244.30996353646296,245.0000096786157,-0.6900364635370408,9.67861569733941e-06,-0.8444914671642573,1.7102950762154126e-05
mimi,Q8,24000,20260826,245.0,220.0,253.44455868924607,220Hz_ongrid,2,219.9520076392243,253.4748761809686,220.00000095813698,253.4445608971168,219.9520076392243,253.4748761809686,0.0,0.0,0,245.5847858067429,245.00000754175113,0.5847858067429001,7.541751131157071e-06,0.20708093004299577,1.5081566489324786e-05
mimi,Q8,24000,20260826,245.0,220.0,253.44455868924607,220Hz_ongrid,3,219.99276893602385,253.50533028707,220.00000091920808,253.44456090099325,219.99276893602385,253.50533028707,0.0,0.0,0,245.47197401196954,245.0000078745718,0.4719740119695359,7.874571792854113e-06,0.41507005785271506,1.5108045884437383e-05
mimi,Q8,24000,20260826,245.0,226.4,260.8174913056605,226.4Hz_+49.6c,0,226.2917718950449,260.78779102578756,226.40000360268482,260.8174922668411,226.2917718950449,260.78779102578756,0.0,0.0,0,245.63064241283928,244.9999788310632,0.6306424128392791,-2.1168936797266724e-05,-0.19715343222215864,6.380049670042221e-06
mimi,Q8,24000,20260826,245.0,226.4,260.8174913056605,226.4Hz_+49.6c,1,226.44277997474305,260.8301174761658,226.40000353730662,260.8174922926551,226.44277997474305,260.8301174761658,0.0,0.0,0,244.75670825356445,244.99997950234317,-0.24329174643554552,-2.0497656834095324e-05,0.08380698358200483,6.551395955745999e-06
mimi,Q8,24000,20260826,245.0,226.4,260.8174913056605,226.4Hz_+49.6c,2,226.6132592241843,260.8293695582766,226.40000368511076,260.8174923076669,226.6132592241843,260.8293695582766,0.0,0.0,0,243.4488610621165,244.9999784717593,-1.5511389378835077,-2.152824069412418e-05,0.0788427456149954,6.65103994627488e-06
mimi,Q8,24000,20260826,245.0,226.4,260.8174913056605,226.4Hz_+49.6c,3,226.46595195021564,260.7813663720642,226.40000361021671,260.8174923470496,226.46595195021564,260.7813663720642,0.0,0.0,0,244.2559486166214,244.9999793058702,-0.7440513833786042,-2.0694129801768213e-05,-0.23980388086208973,6.912451464708748e-06
mimi,Q8,24000,20260826,250.0,220.0,254.17759331190004,220Hz_ongrid,0,220.0479334967903,254.156278872353,220.0000009383354,254.17759523928416,220.0479334967903,254.156278872353,0.0,0.0,0,249.47765933434337,250.00000574365214,-0.5223406656566283,5.743652138789912e-06,-0.14518128939030672,1.3127644069328305e-05
mimi,Q8,24000,20260826,250.0,220.0,254.17759331190004,220Hz_ongrid,1,220.01652314007424,254.2074159336207,220.00000094559888,254.177595187567,220.01652314007424,254.2074159336207,0.0,0.0,0,250.0730937690266,250.00000533424213,0.07309376902659892,5.334242132448708e-06,0.2031135351180736,1.2775392346451659e-05
mimi,Q8,24000,20260826,250.0,220.0,254.17759331190004,220Hz_ongrid,2,220.1497672193981,254.14101835576534,220.00000092132908,254.17759526972952,220.1497672193981,254.14101835576534,0.0,0.0,0,248.57271159627084,250.00000608484618,-1.4272884037291647,6.084846177145664e-06,-0.24913433448781336,1.3335011219340788e-05
mimi,Q8,24000,20260826,250.0,220.0,254.17759331190004,220Hz_ongrid,3,220.0883499425167,254.18942942131812,220.00000093736875,254.17759528385665,220.0883499425167,254.18942942131812,0.0,0.0,0,249.38550744454017,250.00000605484763,-0.6144925554598331,6.054847631276061e-06,0.08061528274025569,1.3431232796766165e-05
mimi,Q8,24000,20260826,250.0,226.4,261.5718505718826,226.4Hz_+49.6c,0,226.35210041354478,261.5150432528285,226.40000356054617,261.57185008797796,226.35210041354478,261.5150432528285,0.0,0.0,0,249.9902924165571,249.99996957047753,-0.009707583442889245,-3.0429522468011783e-05,-0.37602458226455926,-3.202761155092609e-06
mimi,Q8,24000,20260826,250.0,226.4,261.5718505718826,226.4Hz_+49.6c,1,226.47249748236504,261.46249168095824,226.40000342624643,261.5718500077549,226.47249748236504,261.46249168095824,0.0,0.0,0,248.7217636201548,249.99997006647746,-1.2782363798451968,-2.9933522540659396e-05,-0.7239518440789963,-3.7337237174071013e-06
mimi,Q8,24000,20260826,250.0,226.4,261.5718505718826,226.4Hz_+49.6c,2,226.33349049469518,261.7978577734349,226.4000035066145,261.5718500102937,226.33349049469518,261.7978577734349,0.0,0.0,0,252.00385990870384,249.99996946872253,2.003859908703845,-3.053127747421058e-05,1.4952007376196594,-3.716920528056363e-06
mimi,Q8,24000,20260826,250.0,226.4,261.5718505718826,226.4Hz_+49.6c,3,226.63340948508403,261.54069032402333,226.4000035781695,261.57185002907653,226.63340948508403,87.17979792780825,0.0,1901.9635831658743,0,248.0098364227223,249.9999690458719,-1.9901635772777126,-3.0954128106941425e-05,-0.20624885820064284,-3.592604835117728e-06
mimi,Q8,24000,20260826,255.0,220.0,254.91274808170098,220Hz_ongrid,0,220.04488964438906,254.9072554146678,220.00000094897402,254.91274824969835,220.04488964438906,254.9072554146678,0.0,0.0,0,254.60948467065796,254.9999936732407,-0.3905153293420369,-6.326759290686823e-06,-0.03730372336597004,1.1409504505482372e-06
mimi,Q8,24000,20260826,255.0,220.0,254.91274808170098,220Hz_ongrid,1,219.7940423649637,254.93957463420008,220.0000009476138,254.91274804068507,219.7940423649637,254.93957463420008,0.0,0.0,0,256.8036726703743,254.9999922644353,1.803672670374283,-7.735564707900267e-06,0.18218232644690424,-2.78558564595802e-07
mimi,Q8,24000,20260826,255.0,220.0,254.91274808170098,220Hz_ongrid,2,219.61266921130226,254.9280304055102,220.0000009548725,254.9127480986574,109.81707206098514,254.9280304055102,1199.830718878543,0.0,0,258.1544738738494,254.99999260103283,3.1544738738493834,-7.3989671705021465e-06,0.10378643863611019,1.1515921055945144e-07
mimi,Q8,24000,20260826,255.0,220.0,254.91274808170098,220Hz_ongrid,3,220.03045584572078,254.85802984912667,220.00000092580038,254.91274799779237,220.03045584572078,254.85802984912667,0.0,0.0,0,254.38869455032187,254.9999921447859,-0.6113054496781274,-7.855214107621578e-06,-0.371657504911288,-5.698634351621926e-07
mimi,Q8,24000,20260826,255.0,226.4,262.32839166225955,226.4Hz_+49.6c,0,226.60176412044402,262.37117203709994,226.4000034348575,262.3283895980765,113.29310766919602,262.37117203709994,1200.1187965353918,0.0,0,253.74014421876882,254.99996011179508,-1.259855781231181,-3.988820492395462e-05,0.28230571109115865,-1.3622558959911067e-05
mimi,Q8,24000,20260826,255.0,226.4,262.32839166225955,226.4Hz_+49.6c,1,226.3581246694409,262.1709550958007,226.40000351895483,262.3283895281916,226.3581246694409,87.40022018483039,0.0,1901.7588533240323,0,254.2809284023116,254.99995900751534,-0.7190715976884121,-4.099248465649907e-05,-1.039313220472918,-1.4083763581168244e-05
mimi,Q8,24000,20260826,255.0,226.4,262.32839166225955,226.4Hz_+49.6c,2,226.39781040746493,262.34563149591287,226.4000033173535,262.32838949719405,226.39781040746493,262.34563149591287,0.0,0.0,0,255.13051384404065,254.99996034455094,0.13051384404064947,-3.965544905781826e-05,0.11377040110328657,-1.4288331836636932e-05
mimi,Q8,24000,20260826,255.0,226.4,262.32839166225955,226.4Hz_+49.6c,3,226.90976405377754,262.21818241015177,226.4000034973818,262.3283894863719,113.4435659394247,262.21818241015177,1200.1726833842351,0.0,0,250.37884354993278,254.9999588964914,-4.621156450067218,-4.1103508607420736e-05,-0.7274778714018787,-1.4359752551473062e-05
mimi,Q8,24000,20260826,260.0,220.0,255.65002913072473,220Hz_ongrid,0,220.02182635876372,255.64398435598906,220.00000093300417,255.65002635281184,220.02182635876372,255.64398435598906,0.0,0.0,0,259.78731650251194,259.99997384623833,-0.21268349748805804,-2.615376166659189e-05,-0.040935037633043236,-1.881172245823024e-05
mimi,Q8,24000,20260826,260.0,220.0,255.65002913072473,220Hz_ongrid,1,219.88247592048648,255.6681148997208,220.00000092748945,255.6500262903494,219.88247592048648,255.6681148997208,0.0,0.0,0,261.047543482359,259.99997346664617,1.0475434823590035,-2.653335383229205e-05,0.12247051847510691,-1.923471141955637e-05
mimi,Q8,24000,20260826,260.0,220.0,255.65002913072473,220Hz_ongrid,2,220.2494093226868,255.6912419331896,220.0000009550537,255.65002617306283,110.13416837000487,255.6912419331896,1199.8512305592978,0.0,0,258.3175145397779,259.9999724554846,-1.6824854602220967,-2.7544515376121126e-05,0.2790660995959726,-2.0028963165682653e-05
mimi,Q8,24000,20260826,260.0,220.0,255.65002913072473,220Hz_ongrid,3,219.9071911537706,255.55813990091602,220.0000009452609,255.65002617765543,219.9071911537706,85.19099475456261,0.0,1901.8544432391366,0,260.1081140276448,259.9999725636475,0.10811402764477407,-2.7436352525000984e-05,-0.6223756768284494,-1.9997862570973773e-05
mimi,Q8,24000,20260826,260.0,226.4,263.0871208872549,226.4Hz_+49.6c,0,226.47599782541752,263.14641964263086,226.40000344697273,263.0871237775239,226.4757338316028,263.14641964263086,0.002018029952462445,0.0,0,259.80912690601906,259.9999926610085,-0.1908730939809402,-7.338991508731851e-06,0.3901690671608817,1.9019296985187428e-05
mimi,Q8,24000,20260826,260.0,226.4,263.0871208872549,226.4Hz_+49.6c,1,226.350000670108,263.089680584775,226.40000346246563,263.08712383787326,226.350000670108,263.089680584775,0.0,0.0,0,260.39922067854104,259.9999929396639,0.3992206785410417,-7.0603360882159905e-06,0.016843902998990634,1.9416423329852853e-05
mimi,Q8,24000,20260826,260.0,226.4,263.0871208872549,226.4Hz_+49.6c,2,226.34442483725635,263.10433437037585,226.40000352342912,263.08712385216955,226.34442483725635,263.10433437037585,0.0,0.0,0,260.5382928783879,259.9999925675652,0.5382928783878924,-7.4324348133814055e-06,0.11326891683596123,1.951049950816627e-05
mimi,Q8,24000,20260826,260.0,226.4,263.0871208872549,226.4Hz_+49.6c,3,226.3167126614311,263.1113609851534,226.40000348505384,263.0871238255524,226.3167126614311,263.1113609851534,0.0,0.0,0,260.79650188087595,259.9999926858596,0.796501880875951,-7.314140418657189e-06,0.15950362576101426,1.9335346399867548e-05
mimi,Q8,24000,20260826,265.0,220.0,256.3894426087829,220Hz_ongrid,0,220.08569856323416,256.34110563119805,220.00000095108098,256.3894386290302,220.08569856323416,256.34110563119805,0.0,0.0,0,263.99932877822323,264.9999656429839,-1.00067122177677,-3.4357016090780235e-05,-0.326419488594912,-2.6872726417320697e-05
mimi,Q8,24000,20260826,265.0,220.0,256.3894426087829,220Hz_ongrid,1,219.93236112762858,256.3957696022456,220.00000095773103,256.3894385609037,219.93236112762858,256.3957696022456,0.0,0.0,0,265.5750703595829,264.9999651306383,0.5750703595829236,-3.486936168428656e-05,0.04272161618765798,-2.7332741097279856e-05
mimi,Q8,24000,20260826,265.0,220.0,256.3894426087829,220Hz_ongrid,2,220.03679949959826,256.42930643359136,220.00000095321573,256.38943859820233,220.03679949959826,85.47982118078319,0.0,1901.8864284213082,0,264.97959392211396,264.9999654180238,-0.020406077886036655,-3.458197619465864e-05,0.26915400851629107,-2.7080887381249328e-05
mimi,Q8,24000,20260826,265.0,220.0,256.3894426087829,220Hz_ongrid,3,219.995515141401,256.49898680399116,220.00000095139032,256.38943859821563,219.995515141401,256.49898680399116,0.0,0.0,0,265.7748167829557,264.99996543247823,0.7748167829557246,-3.4567521765893616e-05,0.7395239690749682,-2.7080797621237282e-05
mimi,Q8,24000,20260826,265.0,226.4,263.8480445755838,226.4Hz_+49.6c,0,226.34493570108654,263.9396042992442,226.40000349492237,263.8480418498005,226.34493570108654,263.9396042992442,0.0,0.0,0,266.02177975047147,264.9999553898739,1.0217797504714667,-4.4610126110455894e-05,0.6006632138969301,-1.7885176756769624e-05
mimi,Q8,24000,20260826,265.0,226.4,263.8480445755838,226.4Hz_+49.6c,1,226.40177866333738,263.9662197128451,226.4000033621098,263.84804177251846,226.40177866333738,131.97472109015385,0.0,1200.1100396813147,0,265.76162935634505,264.9999558983793,0.761629356345054,-4.410162068779755e-05,0.7752303741707687,-1.839226143065359e-05
mimi,Q8,24000,20260826,265.0,226.4,263.8480445755838,226.4Hz_+49.6c,2,226.37248266776004,263.6953425573869,226.40000348106733,263.8480418012626,226.37248266776004,263.6953425573869,0.0,0.0,0,264.2081906351989,264.99995517734,-0.7918093648011109,-4.482266001559765e-05,-1.0022415107268343,-1.8203657194575396e-05
mimi,Q8,24000,20260826,265.0,226.4,263.8480445755838,226.4Hz_+49.6c,3,226.36273645111677,263.898680721403,226.40000343592658,263.8480418506922,226.36273066267597,263.898680721403,4.427029863613929e-05,0.0,0,265.6171863698212,264.9999558468532,0.6171863698211837,-4.415314680272786e-05,0.3322162538306883,-1.787932582633703e-05
mimi,Q8,24000,20260826,270.0,220.0,257.130994683474,220Hz_ongrid,0,219.25839066133184,257.2084448990074,220.00000094550805,257.13099261405966,219.25839066133184,257.2084448990074,0.0,0.0,0,276.3671495878889,269.99997862643073,6.367149587888889,-2.137356926823486e-05,0.5213850657120064,-1.3933133788737335e-05
mimi,Q8,24000,20260826,270.0,220.0,257.130994683474,220Hz_ongrid,1,219.89771049368915,257.158754270918,220.0000009492638,257.1309924381417,219.89771049368915,257.158754270918,0.0,0.0,0,270.9920205330435,269.99997741244,0.992020533043501,-2.258756001083384e-05,0.18689208997626014,-1.5117569995566088e-05
mimi,Q8,24000,20260826,270.0,220.0,257.130994683474,220Hz_ongrid,2,219.97185777442135,257.20478735220087,220.00000095793865,257.13099221269704,219.97185777442135,257.20478735220087,0.0,0.0,0,270.7182387075219,269.99997582628214,0.7182387075218912,-2.4173717861231125e-05,0.49676645495036376,-1.6635463300454193e-05
mimi,Q8,24000,20260826,270.0,220.0,257.130994683474,220Hz_ongrid,3,220.02596063195796,257.22447443299296,220.00000094602373,257.13099229044,220.02596063195796,85.74587608708525,0.0,1901.8664720690006,0,270.42499571561996,269.9999764434783,0.4249957156199571,-2.355652168262168e-05,0.629274253952235,-1.6112028466194145e-05
mimi,Q8,24000,20260826,270.0,226.4,264.611169074266,226.4Hz_+49.6c,0,226.34821607853308,264.7950035833353,226.40000354837608,264.61117005199895,226.34821607853308,264.7950035833353,0.0,0.0,0,271.5983566720238,269.9999792631761,1.5983566720237832,-2.0736823898914736e-05,1.2023304250064326,6.396874962937591e-06
mimi,Q8,24000,20260826,270.0,226.4,264.611169074266,226.4Hz_+49.6c,1,226.56358397269452,264.6087126688545,226.40000345792004,264.6111701251553,113.27974807220235,264.6087126688545,1200.0312364910674,0.0,0,268.73348758478323,269.99998043350433,-1.2665124152167664,-1.95664956663677e-05,-0.016071250659661702,6.875504553068535e-06
mimi,Q8,24000,20260826,270.0,226.4,264.611169074266,226.4Hz_+49.6c,2,226.2601590796095,264.5732534304743,226.40000338102388,264.611169992096,226.2605106817927,264.5732534304743,-0.002690288916929508,0.0,0,270.8215819354706,269.9999801509652,0.82158193547059,-1.9849034799790388e-05,-0.24808309105583623,6.0049562335292305e-06
mimi,Q8,24000,20260826,270.0,226.4,264.611169074266,226.4Hz_+49.6c,3,226.4326182507867,264.63607380439873,226.4000033816598,264.6111700551948,226.43293463402668,264.63607380439873,-0.0024189671044456767,0.0,0,269.9135259239052,269.99998055893013,-0.08647407609481661,-1.9441069866843463e-05,0.16293298604966988,6.417784240198846e-06
mimi,Q8,24000,20260826,275.0,220.0,257.87469154023535,220Hz_ongrid,0,219.90164347373116,257.87321074450057,220.00000094823224,257.87469288788816,219.90164347373116,257.87321074450057,0.0,0.0,0,275.7642234304611,275.00000158555474,0.7642234304610724,1.585554741723172e-06,-0.009941306535191692,9.047426943844617e-06
mimi,Q8,24000,20260826,275.0,220.0,257.87469154023535,220Hz_ongrid,1,219.62056055065426,257.9024665874245,220.00000093568744,257.87469288118155,219.62056055065426,257.9024665874245,0.0,0.0,0,278.1749370505082,275.000001639248,3.1749370505082197,1.6392480119975517e-06,0.1864569095277019,9.002402400157032e-06
mimi,Q8,24000,20260826,275.0,220.0,257.87469154023535,220Hz_ongrid,2,219.94444402858608,257.8473084787185,220.00000096457615,257.8746929318097,219.94444402858608,257.8473084787185,0.0,0.0,0,275.25339366973463,275.0000017518066,0.25339366973463484,1.7518066215416184e-06,-0.18384512783411547,9.34229299794931e-06
mimi,Q8,24000,20260826,275.0,220.0,257.87469154023535,220Hz_ongrid,3,220.07960531227957,257.88654080328524,220.00000094611065,257.87469288980196,220.07960531227957,257.88654080328524,0.0,0.0,0,274.45322739465297,275.00000161509826,-0.5467726053470301,1.615098256024794e-06,0.07954784642790913,9.060275118661867e-06
mimi,Q8,24000,20260826,275.0,226.4,265.37650074867855,226.4Hz_+49.6c,0,226.32586351636635,265.4830487289035,226.40000338453208,265.3765029077187,75.4567246853361,132.73716758661922,1901.616089503949,1200.0568226555067,0,276.26194572348436,274.99998820409104,1.2619457234843594,-1.1795908960721135e-05,0.6949465028298093,1.4084908627492676e-05
mimi,Q8,24000,20260826,275.0,226.4,265.37650074867855,226.4Hz_+49.6c,1,226.33532320615194,264.23077114598493,226.40000366310514,265.3765028900036,113.16454740733836,264.23077114598493,1200.0476414887685,0.0,0,268.00407443584226,274.9999859583328,-6.995925564157744,-1.404166721385991e-05,-7.490566307729686,1.3969341173192118e-05
mimi,Q8,24000,20260826,275.0,226.4,265.37650074867855,226.4Hz_+49.6c,2,226.4124434978977,265.45645255845614,226.40000348311887,265.37650301531136,226.4124434978977,265.45645255845614,0.0,0.0,0,275.4263520310218,274.99998815211956,0.42635203102179275,-1.1847880443838221e-05,0.5215022750781617,1.478680999338311e-05
mimi,Q8,24000,20260826,275.0,226.4,265.37650074867855,226.4Hz_+49.6c,3,226.39655661456672,265.2733081338056,226.40000342705156,265.37650285323997,226.39655661456672,265.2733081338056,0.0,0.0,0,274.3530034967784,274.9999875235511,-0.646996503221601,-1.2476448887355218e-05,-0.6733275608202768,1.3729506270800761e-05
mimi,Q8,24000,20260826,280.0,220.0,258.62053938239393,220Hz_ongrid,0,220.12768711108177,258.4967844935489,220.0000009563123,258.6205413952968,220.12768711108177,258.4967844935489,0.0,0.0,0,278.1668632585042,280.00000594913456,-1.8331367414958208,5.949134560978564e-06,-0.8286269730488209,1.3474590917884257e-05
mimi,Q8,24000,20260826,280.0,220.0,258.62053938239393,220Hz_ongrid,1,220.0392080858711,258.6207814720235,220.00000091885246,258.6205414691015,220.0392080858711,258.6207814720235,0.0,0.0,0,279.6931100036534,280.000006737972,-0.3068899963466265,6.73797200079207e-06,0.0016205735804442703,1.396864769542817e-05
mimi,Q8,24000,20260826,280.0,220.0,258.62053938239393,220Hz_ongrid,2,220.05260408277346,258.5317243957062,220.00000095006598,258.6205416441756,220.05260408277346,258.5317243957062,0.0,0.0,0,278.99145572952216,280.0000076643103,-1.0085442704778416,7.664310317068157e-06,-0.5946393018164761,1.5140612814950077e-05
mimi,Q8,24000,20260826,280.0,220.0,258.62053938239393,220Hz_ongrid,3,219.96205760021093,258.4914464058155,220.00000092422258,258.62054161331014,219.96205760021093,258.4914464058155,0.0,0.0,0,279.4342256255469,280.0000076610615,-0.565774374453099,7.661061488306586e-06,-0.8643781901515533,1.493399603577165e-05
mimi,Q8,24000,20260826,280.0,226.4,266.14404598260904,226.4Hz_+49.6c,0,226.36108595295684,266.18411880447496,226.4000033835557,266.1440459496719,226.36108595295684,133.0992563858872,0.0,1199.9063856526564,0,280.5582423780329,279.9999739123967,0.5582423780329009,-2.6087603316682362e-05,0.2606491197596921,-2.1425195585258734e-07
mimi,Q8,24000,20260826,280.0,226.4,266.14404598260904,226.4Hz_+49.6c,1,226.3144116433778,266.1466913742664,226.40000345084982,266.14404591497913,226.3144116433778,266.1466913742664,0.0,0.0,0,280.6718080893236,279.9999731721402,0.6718080893235765,-2.6827859812783572e-05,0.01720785949859125,-4.3992419128918445e-07
mimi,Q8,24000,20260826,280.0,226.4,266.14404598260904,226.4Hz_+49.6c,2,226.4501886628591,266.1276240422249,226.40000341919296,266.14404591372517,226.4501886628591,266.1276240422249,0.0,0.0,0,279.50943420771256,279.9999734060567,-0.4905657922874411,-2.6593943289299204e-05,-0.10682598362768729,-4.4808101212941027e-07
mimi,Q8,24000,20260826,280.0,226.4,266.14404598260904,226.4Hz_+49.6c,3,226.37297955401888,266.1594109521407,226.40000360040517,266.14404592095633,226.37297955401888,133.0845422588816,0.0,1199.9370794299914,0,280.3065764400407,279.99997206740215,0.3065764400407147,-2.7932597845392593e-05,0.09994433842946739,-4.0104330684351826e-07
mimi,Q8,24000,20260826,285.0,220.0,259.36854443121877,220Hz_ongrid,0,219.78732875993694,259.3708883920979,220.00000094809957,259.3685447139927,219.78732875993694,259.3708883920979,0.0,0.0,0,286.6900170715172,284.999994426632,1.690017071517218,-5.573368014211155e-06,0.015645407412475255,1.887460432663579e-06
mimi,Q8,24000,20260826,285.0,220.0,259.36854443121877,220Hz_ongrid,1,219.98507128872183,259.3557281235874,220.00000093078015,259.3685443973977,219.98507128872183,259.3557281235874,0.0,0.0,0,285.0319332350328,284.9999924497136,0.03193323503279544,-7.550286397872696e-06,-0.0855484477329212,-2.257487332335897e-07
mimi,Q8,24000,20260826,285.0,220.0,259.36854443121877,220Hz_ongrid,2,219.97357728140796,259.2856627137479,220.00000093364977,259.3685445390181,219.97357728140796,259.2856627137479,0.0,0.0,0,284.6546317696981,284.99999337241974,-0.345368230301915,-6.627580262374977e-06,-0.5533075817196506,7.195393097866415e-07
mimi,Q8,24000,20260826,285.0,220.0,259.36854443121877,220Hz_ongrid,3,220.04629149771318,259.3354059285097,220.00000092716732,259.3685447665079,220.04629149771318,259.3354059285097,0.0,0.0,0,284.41455202828865,284.9999949418815,-0.5854479717113463,-5.058118517808907e-06,-0.22120712311247298,2.2379892268469924e-06
mimi,Q8,24000,20260826,285.0,226.4,266.9138111783088,226.4Hz_+49.6c,0,226.37764169089388,263.6350669233902,226.40000362426298,266.9138093777915,226.37764169089388,131.74384849000114,0.0,1200.9680168944333,0,263.7729645893941,284.9999606076448,-21.22703541060588,-3.939235517691486e-05,-21.398013226078408,-1.167836480353295e-05
mimi,Q8,24000,20260826,285.0,226.4,266.9138111783088,226.4Hz_+49.6c,1,226.4666895084945,266.7735302970776,226.40000347630206,266.9138093394623,226.4666895084945,266.7735302970776,0.0,0.0,0,283.5799968839984,284.99996149046405,-1.4200031160016238,-3.8509535954744933e-05,-0.9101173092927317,-1.1926972164881443e-05
mimi,Q8,24000,20260826,285.0,226.4,266.9138111783088,226.4Hz_+49.6c,2,226.54115150866141,268.1353451219972,226.4000034707211,266.91380933267857,75.44689003035604,268.1353451219972,1903.4877639945787,0.0,0,291.82591649054297,284.9999614891403,6.825916490542966,-3.8510859724283364e-05,7.90493660151502,-1.19709724455171e-05
mimi,Q8,24000,20260826,285.0,226.4,266.9138111783088,226.4Hz_+49.6c,3,226.30985635614897,266.85951792179833,226.40000346961213,266.9138093548885,226.30985635614897,266.85951792179833,0.0,0.0,0,285.33725889231414,284.9999616416764,0.3372588923141393,-3.835832359300184e-05,-0.3521882023901113,-1.1826916276706334e-05
mimi,Q8,24000,20260826,290.0,220.0,260.1187129259726,220Hz_ongrid,0,220.13938506754675,259.982431398567,220.00000094862065,260.1187116727543,220.13938506754675,259.982431398567,0.0,0.0,0,287.99622527385526,289.99998419420933,-2.0037747261447407,-1.5805790667400288e-05,-0.9072667056312228,-8.340861939393598e-06
mimi,Q8,24000,20260826,290.0,220.0,260.1187129259726,220Hz_ongrid,1,219.916763126347,260.16897083135564,220.0000009390279,260.1187116290894,219.916763126347,260.16897083135564,0.0,0.0,0,290.9895972267595,289.9999839790829,0.9895972267594857,-1.6020917087189446e-05,0.33446187569202435,-8.63147583221627e-06
mimi,Q8,24000,20260826,290.0,220.0,260.1187129259726,220Hz_ongrid,2,220.00174881894483,260.15735421491604,220.00000092521807,260.1187116996262,220.00174881894483,260.15735421491604,0.0,0.0,0,290.24339824000185,289.99998455721743,0.24339824000185217,-1.544278256915277e-05,0.25716007122643364,-8.162014252422004e-06
mimi,Q8,24000,20260826,290.0,220.0,260.1187129259726,220Hz_ongrid,3,220.06395095502964,260.1149702495483,220.0000009283167,260.11871165691736,220.06395095502964,260.1149702495483,0.0,0.0,0,289.47191758973634,289.9999842485825,-0.5280824102636643,-1.5751417492992914e-05,-0.02490976293921852,-8.44626537132466e-06
mimi,Q8,24000,20260826,290.0,226.4,267.68580275654637,226.4Hz_+49.6c,0,226.4242613325129,267.79924742112007,226.40000353116952,267.68579926171526,226.4242613325129,267.79924742112007,0.0,0.0,0,290.54802636265276,289.9999503953678,0.548026362652763,-4.960463218139921e-05,0.733537822831923,-2.2602508596990655e-05
mimi,Q8,24000,20260826,290.0,226.4,267.68580275654637,226.4Hz_+49.6c,1,226.33279844717015,267.75572635772085,226.40000347463302,267.685799227168,226.33279844717015,267.75572635772085,0.0,0.0,0,290.96611827778156,289.9999506042591,0.9661182777815611,-4.9395740916224895e-05,0.4521655990150654,-2.282593991033961e-05
mimi,Q8,24000,20260826,290.0,226.4,267.68580275654637,226.4Hz_+49.6c,2,226.28685984520453,267.6459650253442,226.4000035540928,267.6857992177175,113.14059039483139,267.6459650253442,1200.043448822887,0.0,0,290.6077095017751,289.9999499355265,0.6077095017751049,-5.006447349842347e-05,-0.2576661463894076,-2.2887060135605794e-05
mimi,Q8,24000,20260826,290.0,226.4,267.68580275654637,226.4Hz_+49.6c,3,226.3836560590606,267.80373312120963,226.40000353318112,267.6857992534884,226.3836560590606,267.80373312120963,0.0,0.0,0,290.88751940834163,289.999950326779,0.8875194083416318,-4.967322098536897e-05,0.7625361555944579,-2.265571494917328e-05
mimi,Q8,24000,20260826,295.0,220.0,260.87105112396375,220Hz_ongrid,0,220.0450334584041,260.8001016293354,220.0000009421539,260.87105102487584,220.0450334584041,260.8001016293354,0.0,0.0,0,294.17474653272143,294.9999919283764,-0.8252534672785714,-8.071623597061262e-06,-0.470910384726836,-6.575829912843133e-07
mimi,Q8,24000,20260826,295.0,220.0,260.87105112396375,220Hz_ongrid,1,219.91574834677226,260.96237598131967,220.00000094706746,260.8710509205533,109.95889148767924,260.96237598131967,1199.9839829479345,0.0,0,296.2690824564144,294.9999911973884,1.2690824564144236,-8.80261160318696e-06,0.6059585146621366,-1.3499050290175185e-06
mimi,Q8,24000,20260826,295.0,220.0,260.87105112396375,220Hz_ongrid,2,219.26635428523593,260.85658574041054,220.00000095000166,260.8710509603373,109.63231314479914,260.85658574041054,1200.0136435737363,0.0,0,300.68688584115495,294.9999914383197,5.686885841154947,-8.561680317598075e-06,-0.09600014558191489,-1.0858839340753548e-06
mimi,Q8,24000,20260826,295.0,220.0,260.87105112396375,220Hz_ongrid,3,219.80883412543352,260.8864215328204,220.00000094333163,260.87105076756467,219.80883412543352,260.8864215328204,0.0,0.0,0,296.6069857468423,294.99999021149927,1.6069857468423265,-9.788500733520777e-06,0.10200055222160125,-2.365192427167386e-06
mimi,Q8,24000,20260826,295.0,226.4,268.4600271566609,226.4Hz_+49.6c,0,226.41795489229995,268.47920007117904,226.40000357789725,268.4600257215772,113.20754547740825,268.47920007117904,1200.0218983403765,0.0,0,294.98634518266795,294.9999633860497,-0.013654817332053426,-3.6613950271657814e-05,0.12363709248510171,-9.254508910722486e-06
mimi,Q8,24000,20260826,295.0,226.4,268.4600271566609,226.4Hz_+49.6c,1,226.51501565938938,268.6277636476457,226.40000348424718,268.4600257471654,226.51501565938938,268.6277636476457,0.0,0.0,0,295.20207677035796,294.9999642671847,0.20207677035796223,-3.573281531998873e-05,1.081354441031759,-9.08949695093613e-06
mimi,Q8,24000,20260826,295.0,226.4,268.4600271566609,226.4Hz_+49.6c,2,226.47973020416035,268.61746682266937,226.40000357247567,268.4600257608908,113.23763209074367,268.61746682266937,1200.0341390672872,0.0,0,295.40541980948757,294.99996368103143,0.4054198094875687,-3.6318968568593846e-05,1.014992887731916,-9.000985122939732e-06
mimi,Q8,24000,20260826,295.0,226.4,268.4600271566609,226.4Hz_+49.6c,3,226.5616856282181,268.0488255554349,226.40000337878456,268.460025712258,226.5616856282181,268.0488255554349,0.0,0.0,0,291.1102916683123,294.9999648485261,-3.8897083316877,-3.51514739236336e-05,-2.653772995054684,-9.314606217352836e-06
mimi,Q8,24000,20260826,300.0,220.0,261.6255653005986,220Hz_ongrid,0,219.79405763711281,261.60759593923905,220.0000009393041,261.6255675052448,219.79405763711281,261.60759593923905,0.0,0.0,0,301.5024587413343,300.00000719701507,1.5024587413342942,7.197015065685264e-06,-0.11891130968914944,1.4588629886268891e-05
mimi,Q8,24000,20260826,300.0,220.0,261.6255653005986,220Hz_ongrid,1,219.9785685650371,261.69829780398015,220.00000092040844,261.62556733985616,219.9785685650371,261.69829780398015,0.0,0.0,0,300.6498775659793,300.0000062512965,0.6498775659792955,6.251296497339354e-06,0.48122012396569097,1.3494216646138486e-05
mimi,Q8,24000,20260826,300.0,220.0,261.6255653005986,220Hz_ongrid,2,219.86510074374442,261.6748933600763,220.00000094899943,261.62556745166495,219.86510074374442,261.6748933600763,0.0,0.0,0,301.3882648612302,300.0000067661703,1.3882648612301978,6.766170315586351e-06,0.3263838774904498,1.4234080153671631e-05
mimi,Q8,24000,20260826,300.0,220.0,261.6255653005986,220Hz_ongrid,3,219.97448036830434,261.76852876992956,220.0000009299269,261.6255674944033,219.97448036830434,261.76852876992956,0.0,0.0,0,301.1465943178984,300.0000071990661,1.1465943178984048,7.1990660899245995e-06,0.9457624181767738,1.451688915031901e-05
mimi,Q8,24000,20260826,300.0,226.4,269.23649083661604,226.4Hz_+49.6c,0,226.31953057960084,269.12899134415204,226.40000346445328,269.23648964841715,226.31953057960084,269.1288287933093,0.0,0.0010456459454164246,0,299.9240653166357,299.99996586773096,-0.07593468336432352,-3.413226903603572e-05,-0.6913771043813489,-7.640310424277124e-06
mimi,Q8,24000,20260826,300.0,226.4,269.23649083661604,226.4Hz_+49.6c,1,226.3866037342846,270.1245645570579,226.40000358090842,269.23648979769524,226.3866037342846,270.1245645570579,0.0,0.0,0,305.8035014456444,299.9999659371046,5.803501445644372,-3.406289539498175e-05,5.701059937205826,-6.680428206685939e-06
mimi,Q8,24000,20260826,300.0,226.4,269.23649083661604,226.4Hz_+49.6c,2,226.3238906309506,269.26724375266707,226.40000347784866,269.23648976312415,113.15882248385398,269.26724375266707,1200.0477760170684,0.0,0,300.77982539180346,299.9999665028836,0.7798253918034561,-3.349711641931208e-05,0.1977349162644475,-6.902725889404317e-06
mimi,Q8,24000,20260826,300.0,226.4,269.23649083661604,226.4Hz_+49.6c,3,226.5812857631997,269.2395670984903,226.40000337273975,269.23648969687594,226.5812857631997,269.2395670984903,0.0,0.0,0,298.63408066397176,299.9999668806432,-1.3659193360282416,-3.311935677174915e-05,0.019780746876787922,-7.32871267842423e-06
mimi,Q8,24000,20260826,305.0,220.0,262.3822617494339,220Hz_ongrid,0,219.4849071647813,262.42831911005635,220.00000093269296,262.38225871093084,109.73781329137437,262.42831911005635,1200.073204119173,0.0,0,309.36201074900373,304.9999726119514,4.36201074900373,-2.7388048579268798e-05,0.30386609581654184,-2.0048458771130814e-05
mimi,Q8,24000,20260826,305.0,220.0,262.3822617494339,220Hz_ongrid,1,220.48667938107891,262.20787784248495,220.0000009521678,262.3822586869991,110.24314001144776,262.20787784248495,1200.0031357137448,0.0,0,300.0234388526503,304.9999723007939,-4.976561147349685,-2.7699206100351148e-05,-1.150991395585082,-2.0206363930180045e-05
mimi,Q8,24000,20260826,305.0,220.0,262.3822617494339,220Hz_ongrid,2,219.88462675363374,262.31050548235146,220.00000094393127,262.38225866835694,109.9492086369577,262.31050548235146,1199.8914254717272,0.0,0,305.4346161491576,304.99997224260585,0.4346161491575913,-2.775739415028511e-05,-0.4735224166970051,-2.0329367244526183e-05
mimi,Q8,24000,20260826,305.0,220.0,262.3822617494339,220Hz_ongrid,3,220.02690020210144,262.3380937575109,220.00000094877663,262.38225869367307,220.02690020210144,262.3380937575109,0.0,0.0,0,304.4968776586514,304.99997237151587,-0.5031223413486146,-2.76284841334018e-05,-0.29145098288689014,-2.0162328091300474e-05
mimi,Q8,24000,20260826,305.0,226.4,270.0152002730538,226.4Hz_+49.6c,0,226.39458711995684,269.83571860594276,226.4000034340932,270.01519808502644,226.39458711995684,269.83571860594276,0.0,0.0,0,303.8902413295471,304.9999597114054,-1.1097586704528908,-4.028859461868706e-05,-1.1511503412074258,-1.4028793358533235e-05
mimi,Q8,24000,20260826,305.0,226.4,270.0152002730538,226.4Hz_+49.6c,1,226.28123097732194,270.0148905206459,226.40000352596283,270.0151980762982,226.28123097732194,270.0148905206459,0.0,0.0,0,305.90645447996565,304.9999589529353,0.906454479965646,-4.104706471252939e-05,-0.001986014944059205,-1.4084755554227484e-05
mimi,Q8,24000,20260826,305.0,226.4,270.0152002730538,226.4Hz_+49.6c,2,226.3683930876746,269.91032911630793,226.4000035852373,270.0151980677877,226.3683930876746,269.91032911630793,0.0,0.0,0,304.56918410330155,304.99995844510954,-0.4308158966984479,-4.155489045842842e-05,-0.6725243009416002,-1.4139321568504719e-05
mimi,Q8,24000,20260826,305.0,226.4,270.0152002730538,226.4Hz_+49.6c,3,226.32718833686417,269.9809991704997,226.40000361860456,270.0151980937007,226.32718833686417,269.9809991704997,0.0,0.0,0,305.33756704360025,304.9999583561011,0.33756704360024514,-4.164389889638187e-05,-0.2192982594968974,-1.3973177325111588e-05
mimi,Q8,24000,20260826,310.0,220.0,263.1411467822288,220Hz_ongrid,0,219.79811495124335,263.1991402676167,220.00000095058755,263.14115054750374,219.79811495124335,131.60811657379153,0.0,1199.8875725242872,0,311.9709157995654,310.00001729174335,1.9709157995653754,1.7291743347414013e-05,0.38150337112377947,2.4772150538060105e-05
mimi,Q8,24000,20260826,310.0,220.0,263.1411467822288,220Hz_ongrid,1,219.8414426934778,263.276137001335,220.00000094646282,263.1411505108123,109.93221448966626,263.276137001335,1199.818994271702,0.0,0,312.1360637643994,310.000017082805,2.1360637643994096,1.708280501588888e-05,0.8878875216648627,2.453075339015006e-05
mimi,Q8,24000,20260826,310.0,220.0,263.1411467822288,220Hz_ongrid,2,219.99112846790803,263.13729020202123,220.00000094057776,263.14115054044765,219.99112846790803,263.13729020202123,0.0,0.0,0,310.04444062920265,310.00001732409015,0.044440629202654236,1.7324090151760174e-05,-0.025373043998235423,2.4725727891338117e-05
mimi,Q8,24000,20260826,310.0,220.0,263.1411467822288,220Hz_ongrid,3,219.96608743538218,263.41279575451085,220.00000095827002,263.14115055045085,219.96608743538218,263.41279575451085,0.0,0.0,0,312.0531729643858,310.0000172506777,2.0531729643857943,1.7250677672109305e-05,1.7862860912814205,2.4791539853313667e-05
mimi,Q8,24000,20260826,310.0,226.4,270.7961619613482,226.4Hz_+49.6c,0,226.56810231121466,270.9149556864792,226.40000353125205,270.7961590833315,226.56810231121466,270.9149556864792,0.0,0.0,0,309.47433007276675,309.99995459772055,-0.5256699272332526,-4.5402279454265226e-05,0.7592967482444488,-1.8399524495574337e-05
mimi,Q8,24000,20260826,310.0,226.4,270.7961619613482,226.4Hz_+49.6c,1,226.13959082820367,270.8089228683923,226.40000348592335,270.7961590953051,226.13959082820367,270.8089228683923,0.0,0.0,0,312.0740214204048,309.99995502088854,2.07402142040479,-4.4979111464726884e-05,0.08158016752281323,-1.8322975735369958e-05
mimi,Q8,24000,20260826,310.0,226.4,270.7961619613482,226.4Hz_+49.6c,2,226.67964034287237,270.6981701864525,226.40000353352613,270.79615908576017,226.67964034287237,270.6981701864525,0.0,0.0,0,307.23638039601803,309.9999545958581,-2.763619603981965,-4.540414187204078e-05,-0.6265871644747469,-1.8383997551213925e-05
mimi,Q8,24000,20260826,310.0,226.4,270.7961619613482,226.4Hz_+49.6c,3,226.41755835456024,270.8496626456713,226.4000035169478,270.7961590827453,226.41755835456024,270.8496626456713,0.0,0.0,0,310.2077429401499,309.9999547033547,0.2077429401498989,-4.529664528263311e-05,0.34200284555634586,-1.840327192800686e-05
mimi,Q8,24000,20260826,315.0,220.0,263.90222672899847,220Hz_ongrid,0,219.93566687241352,264.03162213883314,220.00000094385925,263.9022262363967,109.9695285294768,264.03162213883314,1199.9733141912836,0.0,0,316.3549704523238,314.9999893410062,1.354970452323812,-1.0658993801371253e-05,0.84864323158977,-3.2315337553865723e-06
mimi,Q8,24000,20260826,315.0,220.0,263.90222672899847,220Hz_ongrid,1,220.10990415574568,264.0643621854246,220.00000094591232,263.9022262057497,220.10990415574568,264.0643621854246,0.0,0.0,0,315.19865692032704,314.9999891238017,0.1986569203270392,-1.0876198302867124e-05,1.0633037674859465,-3.432582340797671e-06
mimi,Q8,24000,20260826,315.0,220.0,263.90222672899847,220Hz_ongrid,2,220.1523940778431,263.87226972350607,220.00000091808758,263.902226235047,220.1523940778431,263.87226972350607,0.0,0.0,0,313.6046555880132,314.9999895349558,-1.3953444119867981,-1.0465044226748432e-05,-0.1965331342109636,-3.240387898122606e-06
mimi,Q8,24000,20260826,315.0,220.0,263.90222672899847,220Hz_ongrid,3,219.9201797199062,263.829120107456,220.000000952473,263.90222621979785,219.9201797199062,263.829120107456,0.0,0.0,0,315.14858367372875,314.9999891643321,0.14858367372875136,-1.0835667922037828e-05,-0.47965569600865116,-3.340424373036809e-06
mimi,Q8,24000,20260826,315.0,226.4,271.57938241566023,226.4Hz_+49.6c,0,226.427349032434,271.90625214005394,226.4000033390184,271.5793792415464,226.427349032434,271.90625214005394,0.0,0.0,0,316.8733200514725,314.99995423322815,1.87332005147249,-4.576677184786604e-05,2.0824398244606397,-2.0233988102341563e-05
mimi,Q8,24000,20260826,315.0,226.4,271.57938241566023,226.4Hz_+49.6c,1,226.4194096449596,271.3965391195473,226.40000349902516,271.57937935715705,226.4194096449596,271.3965391195473,0.0,0.0,0,313.68562316065027,314.99995374667145,-1.314376839349734,-4.6253328548573336e-05,-1.1659616542267015,-1.949700612663543e-05
mimi,Q8,24000,20260826,315.0,226.4,271.57938241566023,226.4Hz_+49.6c,2,226.22876681026068,271.9122431706341,226.40000342082485,271.57937927109987,226.22876681026068,271.9122431706341,0.0,0.0,0,318.4304647052316,314.9999537960654,3.4304647052316,-4.6203934573441074e-05,2.120584448886901,-2.0045593946775282e-05
mimi,Q8,24000,20260826,315.0,226.4,271.57938241566023,226.4Hz_+49.6c,3,226.33989955774746,271.313055641137,226.4000035897088,271.57937925054534,113.16688352244417,271.313055641137,1200.0469071468121,0.0,0,313.7610533718622,314.99995237361605,-1.2389466281377963,-4.762638394595342e-05,-1.6985833100578012,-2.0176622613417923e-05
mimi,Q8,24000,20260826,320.0,220.0,264.6655079380657,220Hz_ongrid,0,220.5111620889191,264.5084485274207,220.00000095050913,264.6655066507967,110.25711778120392,264.5084485274207,1199.9758703150385,0.0,0,314.9545413769485,319.9999840999069,-5.045458623051502,-1.5900093103482504e-05,-1.027664359127919,-8.420303393303614e-06
mimi,Q8,24000,20260826,320.0,220.0,264.6655079380657,220Hz_ongrid,1,219.97988274738452,264.70897490158035,220.0000009307104,264.6655065089123,219.97988274738452,264.70897490158035,0.0,0.0,0,320.44261825953595,319.99998332761146,0.4426182595359478,-1.6672388539973326e-05,0.28430341791912167,-9.348399804409032e-06
mimi,Q8,24000,20260826,320.0,220.0,264.6655079380657,220Hz_ongrid,2,220.78260371838027,264.819968310191,220.00000093901915,264.66550664423943,110.42399575056726,264.819968310191,1199.4873473081363,0.0,0,314.8624907757843,319.99998414743163,-5.137509224215705,-1.5852568367336062e-05,1.0100638262448498,-8.463195993028246e-06
mimi,Q8,24000,20260826,320.0,220.0,264.6655079380657,220Hz_ongrid,3,220.05272047147818,264.7551512366109,220.00000094606324,264.66550653547915,220.05272047147818,264.7551512366109,0.0,0.0,0,320.17145618655803,319.9999833805757,0.1714561865580322,-1.6619424286545836e-05,0.5862768273429333,-9.174620386568947e-06
mimi,Q8,24000,20260826,320.0,226.4,272.3648681689912,226.4Hz_+49.6c,0,226.5441227432569,272.56471323076613,226.40000351829244,272.3648671632156,226.5441227432569,272.56471323076613,0.0,0.0,0,320.16808405267807,319.9999667033285,0.16808405267806847,-3.329667151774629e-05,1.269810275686243,-6.3930162671302265e-06
mimi,Q8,24000,20260826,320.0,226.4,272.3648681689912,226.4Hz_+49.6c,1,226.47743223942723,272.1731400900085,226.40000345347121,272.36486712480814,226.47743223942723,272.1731400900085,0.0,0.0,0,318.18888168706405,319.99996695487323,-1.811118312935946,-3.304512677004823e-05,-1.2191111995085788,-6.637145621861408e-06
mimi,Q8,24000,20260826,320.0,226.4,272.3648681689912,226.4Hz_+49.6c,2,226.47498724624114,271.98920768190305,226.40000330731934,272.36486720937245,226.47498724624114,271.98920768190305,0.0,0.0,0,317.0372222759481,319.999968609983,-2.9627777240518753,-3.13900169999215e-05,-2.3894606772693203,-6.09962923241772e-06
mimi,Q8,24000,20260826,320.0,226.4,272.3648681689912,226.4Hz_+49.6c,3,226.63059435540706,271.2462900987932,226.40000337478537,272.36486726259307,113.3162404883541,271.2462900987932,1199.985588135403,0.0,0,311.1129268787795,319.9999684323708,-8.88707312122051,-3.1567629207529535e-05,-7.1246630806891815,-5.76134277952187e-06
mimi,Q8,24000,20260826,325.0,220.0,265.4309967761148,220Hz_ongrid,0,220.01963452756524,265.4401939429934,220.00000092487673,265.43099747098125,220.01963452756524,265.44028054388025,0.0,-0.0005648216922242892,0,324.9054840818376,324.9999972540804,-0.09451591816241489,-2.7459195734991226e-06,0.0599861086273075,4.532162835556903e-06
mimi,Q8,24000,20260826,325.0,220.0,265.4309967761148,220Hz_ongrid,1,220.27591404329482,265.7436046722314,220.00000093628972,265.43099732669583,220.27591404329482,265.7436046722314,0.0,0.0,0,324.8678636098115,324.9999962231887,-0.13213639018852064,-3.776811297484528e-06,2.037738607121786,3.5910827515965975e-06
mimi,Q8,24000,20260826,325.0,220.0,265.4309967761148,220Hz_ongrid,2,220.1430887549595,265.313642999082,220.00000094744078,265.43099751018366,110.08687121567161,265.313642999082,1199.7589522606831,0.0,0,323.1087737054879,324.9999973322104,-1.8912262945120801,-2.667789601673576e-06,-0.7655917466554202,4.787854700372511e-06
mimi,Q8,24000,20260826,325.0,220.0,265.4309967761148,220Hz_ongrid,3,219.87640642415383,265.50404659557574,220.00000095426415,265.4309974800496,219.87640642415383,265.50404659557574,0.0,0.0,0,326.4492524997552,324.9999970819706,1.4492524997551754,-2.918029395004851e-06,0.4763909902193204,4.5913094928598305e-06
mimi,Q8,24000,20260826,325.0,226.4,273.1526257732381,226.4Hz_+49.6c,0,226.12880590410828,272.87438672734385,226.40000345299816,273.1526274679035,226.12880590410828,272.87438672734385,0.0,0.0,0,325.31063786787155,324.9999843363803,0.3106378678715487,-1.566361970617436e-05,-1.764370409144359,1.074074396087012e-05
mimi,Q8,24000,20260826,325.0,226.4,273.1526257732381,226.4Hz_+49.6c,1,226.34194074851175,272.7306831306366,226.40000340049298,273.15262749011293,226.34194074851175,272.7306831306366,0.0,0.0,0,322.7676952267199,324.9999848786392,-2.2323047732800774,-1.5121360775083303e-05,-2.6763288167543466,1.0881506492817584e-05
mimi,Q8,24000,20260826,325.0,226.4,273.1526257732381,226.4Hz_+49.6c,2,226.17882438261296,273.90813062602183,226.40000343354194,273.152627507438,226.17882438261296,273.90813062602183,0.0,0.0,0,331.47387070537724,324.9999847357264,6.473870705377237,-1.5264273599768785e-05,4.78175976470679,1.0991312392588155e-05
mimi,Q8,24000,20260826,325.0,226.4,273.1526257732381,226.4Hz_+49.6c,3,226.29525162795827,272.57132617865216,226.40000349391312,273.15262741897556,226.29489702492017,272.57132617865216,0.0027128334775315954,0.0,0,322.1129873820645,324.99998371340774,-2.887012617935511,-1.6286592256165022e-05,-3.6881871425070014,1.0430639847902143e-05
mimi,Q8,24000,20260826,330.0,220.0,266.19869962824436,220Hz_ongrid,0,219.60567713872624,266.32484137063034,220.00000092768434,266.19870245782766,219.60567713872624,266.32484137063034,0.0,0.0,0,333.9259813249754,330.0000111021338,3.925981324975396,1.1102133782969759e-05,0.8201736325197773,1.840230974340851e-05
mimi,Q8,24000,20260826,330.0,220.0,266.19869962824436,220Hz_ongrid,1,219.9566603730339,266.35934318832926,220.00000094184935,266.198702446305,219.9566603730339,133.19610663957806,0.0,1199.7863701388883,0,331.3855205712028,330.0000109157277,1.3855205712027896,1.09157277279337e-05,1.0444368014669407,1.8327371475451473e-05
mimi,Q8,24000,20260826,330.0,220.0,266.19869962824436,220Hz_ongrid,2,218.99798966999086,266.22997476921665,220.00000093738544,266.1987024144864,109.50113153148912,133.10005028499143,1199.9662180859536,1200.1942761438615,0,338.1064639996544,330.0000107439215,8.106463999654409,1.0743921507128107e-05,0.20338720135282404,1.8120437941843993e-05
mimi,Q8,24000,20260826,330.0,220.0,266.19869962824436,220Hz_ongrid,3,220.0086457586587,265.92916221106384,220.00000092913567,266.19870241565025,220.0086457586587,132.95744646280477,0.0,1200.0928974296196,0,328.1781301374758,330.0000108164104,-1.8218698625241814,1.0816410394909326e-05,-1.7538356003968913,1.812800738231914e-05
mimi,Q8,24000,20260826,330.0,226.4,273.94266179924784,226.4Hz_+49.6c,0,226.6049466837277,274.5058815184187,226.4000035618441,273.9426649127675,226.6049466837277,274.5058815184187,0.0,0.0,0,331.989246752752,329.9999924398082,1.989246752752024,-7.560191818356543e-06,3.5557228096590676,1.967649440458816e-05
mimi,Q8,24000,20260826,330.0,226.4,273.94266179924784,226.4Hz_+49.6c,1,226.27980093334588,273.1406036433281,226.4000034266143,273.9426649164986,113.12846633210526,136.66181540407754,1200.1749706632181,1198.840316157858,0,325.84318390487164,329.9999934974619,-4.156816095128363,-6.5025380990846315e-06,-5.076197615218898,1.970007341730693e-05
mimi,Q8,24000,20260826,330.0,226.4,273.94266179924784,226.4Hz_+49.6c,2,226.3833073185888,274.62491420765446,226.40000342703308,273.9426649209232,226.3833073185888,274.62724499605116,0.0,-0.014693215733284899,0,334.4339171337896,329.9999935222219,4.433917133789578,-6.477778072166984e-06,4.306266940086663,1.9728035870666194e-05
mimi,Q8,24000,20260826,330.0,226.4,273.94266179924784,226.4Hz_+49.6c,3,226.50888843981318,272.99754638410866,226.4000033708444,273.94266489749253,226.50888843981318,272.99754638410866,0.0,0.0,0,323.18438460951563,329.9999938038102,-6.815615390484368,-6.196189815455e-06,-5.983168145583502,1.9579961070046066e-05
mimi,Q8,24000,20260826,335.0,220.0,266.96862289802044,220Hz_ongrid,0,220.19808378234805,267.3706202691071,220.0000009340616,266.9686232135685,220.19808378234805,267.3706202691071,0.0,0.0,0,336.0468370654467,334.99999469590114,1.0468370654467094,-5.304098863234685e-06,2.6049056911381214,2.0462610755414588e-06
mimi,Q8,24000,20260826,335.0,220.0,266.96862289802044,220Hz_ongrid,1,219.96674274847817,266.5979408295814,220.00000092206227,266.9686231777285,219.96674274847817,266.5979408295814,0.0,0.0,0,332.8562654864877,334.9999945579118,-2.1437345135122996,-5.442088195195538e-06,-2.405463779515239,1.8138464605069648e-06
mimi,Q8,24000,20260826,335.0,220.0,266.96862289802044,220Hz_ongrid,2,219.99878022427703,267.0231346798324,220.00000094991393,266.96862327630924,219.99878022427703,133.515075067653,0.0,1199.9545161663393,0,335.36305982670314,334.9999949780154,0.36305982670313597,-5.021984577524563e-06,0.35346108525738235,2.453121483998099e-06
mimi,Q8,24000,20260826,335.0,220.0,266.96862289802044,220Hz_ongrid,3,220.1419612695128,267.7278039820202,220.00000092189498,266.96862335756157,220.1419612695128,267.7278039820202,0.0,0.0,0,338.7993713420176,334.9999957254075,3.7993713420175936,-4.2745925270537555e-06,4.916139174117678,2.9800254311788284e-06
mimi,Q8,24000,20260826,335.0,226.4,274.73498283687195,226.4Hz_+49.6c,0,226.45538723872386,275.3189812069109,226.40000337179833,274.73497973977896,226.45538723872386,275.3189812069109,0.0,0.0,0,338.25265903255683,334.9999547003183,3.252659032556835,-4.5299681687538396e-05,3.6761420107559086,-1.9516236296154506e-05
mimi,Q8,24000,20260826,335.0,226.4,274.73498283687195,226.4Hz_+49.6c,1,226.62825976260177,274.80376493955225,226.400003445313,274.73497974768287,226.62825976260177,274.80376493955225,0.0,0.0,0,333.688798094666,334.99995418797306,-1.3112019053339736,-4.581202693998421e-05,0.43337405862712497,-1.9466430060997742e-05
mimi,Q8,24000,20260826,335.0,226.4,274.73498283687195,226.4Hz_+49.6c,2,226.51764886705968,272.7322040375146,226.40000347140813,274.7349797358409,226.51764886705968,90.90627832399802,0.0,1902.0398663428828,0,321.4339226118494,334.9999539138074,-13.566077388150575,-4.608619258306135e-05,-12.66667446323359,-1.9541051960188886e-05
mimi,Q8,24000,20260826,335.0,226.4,274.73498283687195,226.4Hz_+49.6c,3,226.34280024582216,275.0179298970229,226.40000347085518,274.73497974716975,226.34280024582216,275.0179298970229,0.0,0.0,0,337.2195146647626,334.9999539894239,2.2195146647625847,-4.601057611353099e-05,1.7820646931491688,-1.9469663535678526e-05
mimi,Q8,24000,20260826,340.0,220.0,267.74077300753004,220Hz_ongrid,0,219.86250124184164,267.7339502553889,220.00000094726786,267.7407709893279,109.93065053316577,267.7339502553889,1200.0094504081746,0.0,0,341.0382327313551,339.99997949585423,1.0382327313550945,-2.050414576615367e-05,-0.04411704344788578,-1.304986241003104e-05
mimi,Q8,24000,20260826,340.0,220.0,267.74077300753004,220Hz_ongrid,1,219.50016184986902,267.72824445190923,220.00000093726172,267.7407709936679,109.74083975162291,267.72824445190923,1200.145779459583,0.0,0,343.856811674611,339.999979602658,3.856811674610981,-2.039734198433507e-05,-0.0810125754173585,-1.3021799624823954e-05
mimi,Q8,24000,20260826,340.0,220.0,267.74077300753004,220Hz_ongrid,2,219.98082183643646,267.71424883008234,220.00000094719786,267.7407709014398,219.98082183643646,267.71424883008234,0.0,0.0,0,339.9794082314937,339.9999789281134,-0.02059176850627864,-2.1071886578738486e-05,-0.1715160276241183,-1.3618154184365137e-05
mimi,Q8,24000,20260826,340.0,220.0,267.74077300753004,220Hz_ongrid,3,220.00597184326213,267.53440443066154,220.00000095267433,267.74077097778263,220.00597184326213,267.53440443066154,0.0,0.0,0,338.61809587263537,339.9999793786569,-1.3819041273646349,-2.0621343082893873e-05,-1.3349108633942262,-1.3124515254045866e-05
mimi,Q8,24000,20260826,340.0,226.4,275.5295954950218,226.4Hz_+49.6c,0,226.46121869486933,275.5299215657391,226.40000354819492,275.52959610339934,226.46121268903397,275.5299215657391,4.5912968678209596e-05,0.0,0,339.53398535895224,339.99997669030284,-0.4660146410477637,-2.33096971555824e-05,0.0020487976732504174,3.822616295968837e-06
mimi,Q8,24000,20260826,340.0,226.4,275.5295954950218,226.4Hz_+49.6c,1,226.32607714657163,275.66180489055415,226.40000353702055,275.52959613088126,226.32607714657163,275.66180489055415,0.0,0.0,0,341.39587664808107,339.99997694842773,1.395876648081071,-2.3051572270560428e-05,0.8305115478272689,3.995293413429409e-06
mimi,Q8,24000,20260826,340.0,226.4,275.5295954950218,226.4Hz_+49.6c,2,226.46420143802638,275.47503901846295,226.40000345930866,275.5295959916637,226.46767059082558,275.47503901846295,-0.026520171435998004,0.0,0,339.16630601443967,339.9999766679294,-0.8336939855603305,-2.3332070611559175e-05,-0.3428284417528829,3.1205480911811262e-06
mimi,Q8,24000,20260826,340.0,226.4,275.5295954950218,226.4Hz_+49.6c,3,226.49341605327038,275.3694198300739,226.4000035026516,275.5295961539757,226.49341605327038,275.3694198300739,0.0,0.0,0,338.27909027079215,339.99997735634935,-1.7209097292078468,-2.2643650652298675e-05,-1.0067237918010945,4.140402483132377e-06
mimi,Q8,24000,20260826,345.0,220.0,268.5151563974347,220Hz_ongrid,0,220.00451768381268,268.1438904329086,220.00000096548243,268.5151545317548,220.00451768381268,268.1438904329086,0.0,0.0,0,342.56908000709944,344.9999803735315,-2.430919992900556,-1.9626468485967052e-05,-2.395369594096401,-1.2028850162070362e-05
mimi,Q8,24000,20260826,345.0,220.0,268.5151563974347,220Hz_ongrid,1,219.61287408940302,269.98463132215727,220.00000093600298,268.51515449543626,219.61287408940302,269.98463132215727,0.0,0.0,0,357.49758615946007,344.9999803713514,12.49758615946007,-1.962864860161062e-05,9.448513803102509,-1.226301135120519e-05
mimi,Q8,24000,20260826,345.0,220.0,268.5151563974347,220Hz_ongrid,2,220.1338503235499,268.62826761482523,220.00000093723074,268.51515449387585,220.1338503235499,134.3265503922432,0.0,1199.83996456448,0,344.6761428852309,344.9999803516292,-0.32385711476911183,-1.964837082368831e-05,0.7291236754223756,-1.2273071968485835e-05
mimi,Q8,24000,20260826,345.0,220.0,268.5151563974347,220Hz_ongrid,3,219.96406679485523,269.4029164107427,220.0000009255077,268.51515453839943,219.96406679485523,134.9198430710534,0.0,1197.1955079501618,0,350.9971242826734,344.9999807309436,5.997124282673383,-1.9269056394932704e-05,5.714333968317737,-1.1986009265561519e-05
mimi,Q8,24000,20260826,345.0,226.4,276.3265064017237,226.4Hz_+49.6c,0,226.389994760508,276.057455258219,226.40000357474872,276.32650858909716,226.389994760508,276.057455258219,0.0,0.0,0,343.39003589829076,344.9999863689137,-1.609964101709238,-1.3631086289933592e-05,-1.686473792651681,1.3704278518460742e-05
mimi,Q8,24000,20260826,345.0,226.4,276.3265064017237,226.4Hz_+49.6c,1,226.3712801921233,276.49651035967383,226.40000339606416,276.3265085158382,226.3712801921233,276.49651035967383,0.0,0.0,0,346.28440549071274,344.99998727629753,1.284405490712743,-1.272370246852006e-05,1.0647771197415994,1.3245298491967786e-05
mimi,Q8,24000,20260826,345.0,226.4,276.3265064017237,226.4Hz_+49.6c,2,226.4906261367688,276.4449588886482,226.400003362894,276.3265085074171,226.4906261367688,276.4449588886482,0.0,0.0,0,345.04910590793247,344.9999874771828,0.04910590793247138,-1.2522817200988356e-05,0.7419665976843915,1.3192538442263988e-05
mimi,Q8,24000,20260826,345.0,226.4,276.3265064017237,226.4Hz_+49.6c,3,226.8907899755803,276.29655239195625,226.40000352497842,276.3265085410927,226.8907899755803,276.29655239195625,0.0,0.0,0,341.06341507879085,344.9999864487406,-3.936584921209146,-1.3551259428368212e-05,-0.18767729953014056,1.3403522132626449e-05
mimi,Q8,24000,20260826,350.0,220.0,269.2917795270242,220Hz_ongrid,0,219.8045717817959,269.2827034946496,220.00000094278454,269.2917770348281,219.8045717817959,269.2827034946496,0.0,0.0,0,351.4802067671818,349.99997655906435,1.4802067671818122,-2.3440935649432504e-05,-0.05834935287199658,-1.6021932479349383e-05
mimi,Q8,24000,20260826,350.0,220.0,269.2917795270242,220Hz_ongrid,1,219.07548674803292,269.25191062743806,220.00000094115452,269.2917771397781,219.07548674803292,269.25191062743806,0.0,0.0,0,357.03422153157,349.99997724659835,7.034221531569983,-2.275340165169837e-05,-0.25632979403612566,-1.5347225693838185e-05
mimi,Q8,24000,20260826,350.0,220.0,269.2917795270242,220Hz_ongrid,2,220.1614356947727,268.2238860408166,220.00000094365274,269.2917772077144,220.1614356947727,268.2238860408166,0.0,0.0,0,341.8511227197922,349.999977663691,-8.148877280207785,-2.233630897308103e-05,-6.8789660095134835,-1.4910474044260542e-05
mimi,Q8,24000,20260826,350.0,220.0,269.2917795270242,220Hz_ongrid,3,219.96163381311632,269.16709205933586,220.0000009415655,269.29177705782064,109.97912120308955,269.16709205933586,1200.0266926751049,0.0,0,349.5001577323566,349.99997671647264,-0.49984226764337336,-2.3283527355033584e-05,-0.8017815465692485,-1.5874117153233364e-05
mimi,Q8,24000,20260826,350.0,226.4,277.125722204174,226.4Hz_+49.6c,0,226.4141776052051,277.0698299349942,226.40000336520737,277.12572104284203,226.4141776052051,277.0698299349942,0.0,0.0,0,349.5423899714434,349.9999670119895,-0.45761002855658717,-3.298801050277689e-05,-0.34920020356817344,-7.254965122993096e-06
mimi,Q8,24000,20260826,350.0,226.4,277.125722204174,226.4Hz_+49.6c,1,226.4259746705213,277.0991209362121,226.40000351873084,277.12572108441174,226.4259746705213,92.36969737217144,0.0,1901.8927049757058,0,349.63519950665125,349.99996609771756,-0.36480049334875275,-3.3902282439157716e-05,-0.16618894461094516,-6.995274611321324e-06
mimi,Q8,24000,20260826,350.0,226.4,277.125722204174,226.4Hz_+49.6c,2,226.79438745817356,277.216784930764,226.40000343985778,277.1257209668623,226.79438745817356,277.216784930764,0.0,0.0,0,347.55560940756686,349.9999659664996,-2.4443905924331375,-3.403350041253361e-05,0.5687851545295113,-7.729618752173421e-06
mimi,Q8,24000,20260826,350.0,226.4,277.125722204174,226.4Hz_+49.6c,3,226.34410284177838,277.10211697099425,226.40000344256924,277.12572105010196,226.34410284177838,277.10211697099425,0.0,0.0,0,350.28001610173123,349.99996646577296,0.2800161017312348,-3.353422704321929e-05,-0.14747069906302807,-7.209611522910859e-06
mimi,Q8,24000,20260826,355.0,220.0,270.07064887427043,220Hz_ongrid,0,220.05330210460434,270.01764582353377,220.00000093570964,270.07064570735906,220.05330210460434,270.01764582353377,0.0,0.0,0,354.2408046137288,354.99997233581695,-0.7591953862711875,-2.76641830510016e-05,-0.33979883413563733,-2.0300854121497906e-05
mimi,Q8,24000,20260826,355.0,220.0,270.07064887427043,220Hz_ongrid,1,220.5254002949231,269.8958092668704,220.0000009320164,270.07064572790495,220.5254002949231,269.8958092668704,0.0,0.0,0,349.7492877431477,354.99997249658526,-5.250712256852296,-2.750341474211382e-05,-1.1211373872251564,-2.0169148698954784e-05
mimi,Q8,24000,20260826,355.0,220.0,270.07064887427043,220Hz_ongrid,2,219.69105247120987,269.9260457984549,220.0000009503524,270.070645707703,109.83401976163235,269.9260457984549,1200.1813587100596,0.0,0,356.5056952371504,354.99997222279455,1.5056952371504053,-2.7777205446000153e-05,-0.9271974325223437,-2.029864913894095e-05
mimi,Q8,24000,20260826,355.0,220.0,270.07064887427043,220Hz_ongrid,3,220.06793402779076,269.6967131606938,220.0000009425709,270.07064573262085,220.06793402779076,269.6967131606938,0.0,0.0,0,352.06679164236397,354.99997244375976,-2.9332083576360333,-2.755624024075587e-05,-2.398701324326723,-2.013891841116607e-05
mimi,Q8,24000,20260826,355.0,226.4,277.92724956879465,226.4Hz_+49.6c,0,226.37760052536137,278.2432126368251,226.40000354331988,277.92725108865085,113.17905459471923,278.2432126368251,1200.1490673861517,0.0,0,357.1383373326446,354.9999823722867,2.1383373326445962,-1.76277133050462e-05,1.9670447017270312,9.467321964891635e-06
mimi,Q8,24000,20260826,355.0,226.4,277.92724956879465,226.4Hz_+49.6c,1,226.38420949039266,277.9243409103188,226.40000335521137,277.9272511183831,226.38420949039266,277.9243409103188,0.0,0.0,0,355.1026325849675,354.99998399591857,0.10263258496752314,-1.6004081430764927e-05,-0.01811839230771613,9.652527042090504e-06
mimi,Q8,24000,20260826,355.0,226.4,277.92724956879465,226.4Hz_+49.6c,2,226.35723532502942,277.72697163327007,226.40000352795877,277.92725112311336,226.35723532502942,277.72697163327007,0.0,0.0,0,354.0790443830811,354.9999827044202,-0.9209556169188886,-1.7295579823439766e-05,-1.2479991442226157,9.68199215890806e-06
mimi,Q8,24000,20260826,355.0,226.4,277.92724956879465,226.4Hz_+49.6c,3,226.33126548842762,277.9535498680886,226.40000346484013,277.92725108304097,226.33126548842762,277.9535498680886,0.0,0.0,0,355.689497617003,354.9999829374607,0.689497617002985,-1.7062539313883462e-05,0.16381919907455827,9.43237783554522e-06
mimi,Q8,24000,20260826,360.0,220.0,270.8517709358816,220Hz_ongrid,0,219.99955125271933,270.968086062895,220.00000091344202,270.8517686134388,219.99955125271933,270.968086062895,0.0,0.0,0,360.746836332029,359.9999779672789,0.7468363320289768,-2.203272111955812e-05,0.74330502582906,-1.4844621333192767e-05
mimi,Q8,24000,20260826,360.0,220.0,270.8517709358816,220Hz_ongrid,1,219.76957630554787,270.8740215210569,220.00000095053207,270.8517686365053,219.76957630554787,270.8740215210569,0.0,0.0,0,361.95642666480285,359.999977822845,1.9564266648028479,-2.2177155017288896e-05,0.14221575278549076,-1.4697184652193236e-05
mimi,Q8,24000,20260826,360.0,220.0,270.8517709358816,220Hz_ongrid,2,220.19934304358765,270.97432456772003,220.00000094838364,270.85176864456827,110.0962091365777,270.97432456772003,1200.0544442444582,0.0,0,359.2151936913479,359.9999778912884,-0.7848063086520938,-2.2108711618784582e-05,0.7831628105563438,-1.464564779802605e-05
mimi,Q8,24000,20260826,360.0,220.0,270.8517709358816,220Hz_ongrid,3,220.03299637953114,270.3286953456341,220.00000091081913,270.851768639615,220.03299637953114,270.3286953456341,0.0,0.0,0,356.3937285583548,359.9999781552323,-3.6062714416452195,-2.184476767297383e-05,-3.346634294807042,-1.4677308287527861e-05
mimi,Q8,24000,20260826,360.0,226.4,278.73109518128905,226.4Hz_+49.6c,0,226.51509286716475,278.51764741853657,226.4000034309893,278.73109489742467,226.51509286716475,278.51764741853657,0.0,0.0,0,357.7938733356645,359.99997200081583,-2.2061266643354998,-2.7999184169402724e-05,-1.3262589016259134,-1.763117448720257e-06
mimi,Q8,24000,20260826,360.0,226.4,278.73109518128905,226.4Hz_+49.6c,1,226.38949564075713,278.6390012923217,226.40000344510946,278.73109486160877,226.38949564075713,278.6390012923217,0.0,0.0,0,359.50822523180767,359.9999716703849,-0.4917747681923288,-2.832961507692744e-05,-0.5721012976866117,-1.985574661447305e-06
mimi,Q8,24000,20260826,360.0,226.4,278.73109518128905,226.4Hz_+49.6c,2,226.38091240684074,278.6224436813113,226.40000337945372,278.7310948823185,113.18830976910039,278.6224436813113,1200.032829759125,0.0,0,359.4709852776935,359.9999723010713,-0.5290147223064992,-2.7698928704467107e-05,-0.6749797588448212,-1.8569439531277205e-06
mimi,Q8,24000,20260826,360.0,226.4,278.73109518128905,226.4Hz_+49.6c,3,226.42743524787724,278.7660795111936,226.40000347560635,278.73109486441246,226.42743524787724,278.7660795111936,0.0,0.0,0,360.00749949295295,359.99997145459565,0.007499492952945275,-2.8545404347823933e-05,0.2172784578773144,-1.9681606427470918e-06
mimi,Q8,24000,20260826,365.0,220.0,271.635152227356,220Hz_ongrid,0,219.96364252573366,271.68516441071796,220.00000094180675,271.6351518692545,219.96364252573366,271.68516441071796,0.0,0.0,0,365.6048468511351,364.9999903063742,0.6048468511351075,-9.693625827367214e-06,0.31871731020355987,-2.28231683625007e-06
mimi,Q8,24000,20260826,365.0,220.0,271.635152227356,220Hz_ongrid,1,220.01140443469185,270.70724246610814,220.00000091506385,271.6351519805473,220.01140443469185,270.70724246610814,0.0,0.0,0,358.98621241973126,364.9999912261317,-6.01378758026874,-8.773868273692642e-06,-5.924045607881913,-1.573005746008141e-06
mimi,Q8,24000,20260826,365.0,220.0,271.635152227356,220Hz_ongrid,2,219.8140634540345,272.73406626751,220.000000936976,271.63515180114587,219.8140634540345,272.73406626751,0.0,0.0,0,373.45346678289326,364.9999899103066,8.453466782893258,-1.0089693375903153e-05,6.98966775841142,-2.7163991314006215e-06
mimi,Q8,24000,20260826,365.0,220.0,271.635152227356,220Hz_ongrid,3,219.94170643719076,271.6496481553961,220.00000094835522,271.63515180346906,219.94170643719076,271.6496481553961,0.0,0.0,0,365.55117274534973,364.999989835567,0.5511727453497315,-1.0164432978854165e-05,0.0923855929122446,-2.7015925737341694e-06
mimi,Q8,24000,20260826,365.0,226.4,279.5372657466973,226.4Hz_+49.6c,0,226.68162423582336,279.71141208237464,226.40000346416267,279.5372633157544,226.68165235453412,279.71141208237464,-0.00021475082781242672,0.0,0,363.9260055986196,364.9999584549145,-1.0739944013803893,-4.15450854802657e-05,1.0781896767634391,-1.505534920135498e-05
mimi,Q8,24000,20260826,365.0,226.4,279.5372657466973,226.4Hz_+49.6c,1,226.40728106186725,279.3662135243117,226.40000356679514,279.53726334102373,226.40728106186725,279.3662135243117,0.0,0.0,0,363.88463688541174,364.99995782660363,-1.1153631145882628,-4.2173396366251836e-05,-1.0596872332752458,-1.4898850795502563e-05
mimi,Q8,24000,20260826,365.0,226.4,279.5372657466973,226.4Hz_+49.6c,2,226.44886895318572,279.4430373800639,226.40000345721293,279.5372633147133,226.44886895318572,279.4430373800639,0.0,0.0,0,364.04267473172257,364.99995850160997,-0.9573252682774296,-4.1498390032757015e-05,-0.5836747997607166,-1.5061796930140882e-05
mimi,Q8,24000,20260826,365.0,226.4,279.5372657466973,226.4Hz_+49.6c,3,226.66107796317422,279.40224003039157,226.40000361915705,279.53726348311767,113.32549971168406,279.401985850005,1200.0769814533983,0.001574954946541935,0,362.16829578430674,364.9999583062211,-2.8317042156932644,-4.169377888274539e-05,-0.8364451598047365,-1.4018832688150117e-05
mimi,Q8,24000,20260826,370.0,220.0,272.4207992830369,220Hz_ongrid,0,220.2771568119653,272.4145438390647,220.0000009206382,272.42080122454655,220.2771568119653,272.4145438390647,0.0,0.0,0,367.780603828215,370.00000509356477,-2.219396171784979,5.093564766411873e-06,-0.03975379987310397,1.2338293003948298e-05
mimi,Q8,24000,20260826,370.0,220.0,272.4207992830369,220Hz_ongrid,1,220.09529802462094,271.104254697799,220.00000095673133,272.42080132724965,220.09529802462094,271.104254697799,0.0,0.0,0,360.86331624021847,370.0000054622173,-9.136683759781533,5.462217302465433e-06,-8.386922567822596,1.2990970903670498e-05
mimi,Q8,24000,20260826,370.0,220.0,272.4207992830369,220Hz_ongrid,2,219.9217133108219,273.67267710253833,220.0000009535314,272.4208012741282,219.9217133108219,273.67267710253833,0.0,0.0,0,378.553625877205,370.00000514981167,8.55362587720498,5.149811670435156e-06,7.937459049227429,1.2653384467193383e-05
mimi,Q8,24000,20260826,370.0,220.0,272.4207992830369,220Hz_ongrid,3,219.94071871011428,272.33374206765797,220.00000094614393,272.42080132057447,219.94071871011428,272.3335360532768,0.0,0.0013096403089303784,0,369.91322491557344,370.0000055031113,-0.0867750844265629,5.503111310645181e-06,-0.5533369814240454,1.2948550361402418e-05
mimi,Q8,24000,20260826,370.0,226.4,280.34576798945255,226.4Hz_+49.6c,0,226.44724469223144,280.2645892636269,226.4000034601343,280.34577180978647,226.44724469223144,280.2647842157066,0.0,-0.0012042461797482583,0,369.13738740956137,369.99999713297814,-0.8626125904386299,-2.8670218625848065e-06,-0.5013798741792556,2.35919098212782e-05
mimi,Q8,24000,20260826,370.0,226.4,280.34576798945255,226.4Hz_+49.6c,1,226.22943582090522,280.48472730130135,226.40000357185187,280.34577175351825,226.22943582090522,280.48472730130135,0.0,0.0,0,372.16267079067677,369.99999593122084,2.1626707906767706,-4.068779162480496e-06,0.8579101851650498,2.324443364056142e-05
mimi,Q8,24000,20260826,370.0,226.4,280.34576798945255,226.4Hz_+49.6c,2,226.42724529600795,280.24375639463545,226.40000351350224,280.3457718402888,226.42724529600795,280.24375639463545,0.0,0.0,0,369.1616011437589,369.99999691324706,-0.8383988562410991,-3.086752940362203e-06,-0.6300722386504285,2.3780272834770126e-05
mimi,Q8,24000,20260826,370.0,226.4,280.34576798945255,226.4Hz_+49.6c,3,226.44382429806603,280.4056894486161,226.40000354272894,280.34577177646855,226.44382429806603,280.40580417588245,0.0,-0.0007083298118558372,0,370.0349136880345,369.99999629564394,0.03491368803452133,-3.7043560610072745e-06,0.36999661576453463,2.3386159890308627e-05
mimi,Q8,24000,20260826,375.0,220.0,273.20871865616647,220Hz_ongrid,0,219.25759314037626,272.0531760144176,220.0000009294675,273.20872172785647,109.62894919642369,272.0531760144176,1199.9975897614484,0.0,0,373.5142381886018,375.0000121500838,-1.4857618113982198,1.215008381905136e-05,-7.337823460631561,1.946429213156183e-05
mimi,Q8,24000,20260826,375.0,220.0,273.20871865616647,220Hz_ongrid,1,219.848471319187,273.45953833739816,220.0000009479594,273.20872183463536,219.848471319187,273.45953833739816,0.0,0.0,0,377.7814602032046,375.00001268118945,2.781460203204574,1.2681189446084318e-05,1.588632949651775,2.0140915000749827e-05
mimi,Q8,24000,20260826,375.0,220.0,273.20871865616647,220Hz_ongrid,2,219.88875254131338,273.3729165118661,220.00000094757743,273.20872180658716,219.88875254131338,273.3729165118661,0.0,0.0,0,376.9158104256529,375.00001250646295,1.9158104256529214,1.250646295147817e-05,1.0401554272299827,1.9963182493523757e-05
mimi,Q8,24000,20260826,375.0,220.0,273.20871865616647,220Hz_ongrid,3,219.45625208948718,271.6008234426207,220.00000094749294,273.20872177719497,109.74355720255369,271.6008234426207,1199.7565522306465,0.0,0,369.0653782142048,375.00001232087914,-5.934621785795173,1.2320879136495932e-05,-10.21880421672238,1.9776933741084888e-05
mimi,Q8,24000,20260826,375.0,226.4,281.15660865343676,226.4Hz_+49.6c,0,226.41336617824186,281.0382706178563,226.4000035364226,281.15660813823683,226.41336617824186,281.0382706178563,0.0,0.0,0,374.1689696188571,374.99996978534097,-0.8310303811429094,-3.0214659034299984e-05,-0.7288249931691685,-3.1723659552034384e-06
mimi,Q8,24000,20260826,375.0,226.4,281.15660865343676,226.4Hz_+49.6c,1,226.43371908475476,281.18869863298187,226.40000358627802,281.1566081590039,226.43371908475476,281.18869863298187,0.0,0.0,0,374.93976049048837,374.99996953198064,-0.06023950951163215,-3.046801936079646e-05,0.19758416959390052,-3.044491960205737e-06
mimi,Q8,24000,20260826,375.0,226.4,281.15660865343676,226.4Hz_+49.6c,2,226.4403952184427,281.24528895604175,226.40000355232817,281.1566080929285,226.4403952184427,281.24528895604175,0.0,0.0,0,375.23710038320024,374.99996938472594,0.23710038320024296,-3.061527405634479e-05,0.545966723356753,-3.451354099804697e-06
mimi,Q8,24000,20260826,375.0,226.4,281.15660865343676,226.4Hz_+49.6c,3,226.4079930863781,281.16113028132446,226.40000341667124,281.15660810938203,226.4079930863781,281.16113028132446,0.0,0.0,0,374.9667214944869,374.9999705233801,-0.033278505513123946,-2.9476619886281696e-05,0.02784189654544267,-3.3500406109401323e-06
mimi,Q8,24000,20260826,380.0,220.0,273.99891691894106,220Hz_ongrid,0,219.01431888338797,273.98876115414527,220.00000094616908,273.998914719166,109.51560624331438,273.98876115414527,1199.86646693523,0.0,0,387.70982573487146,379.99997865531026,7.709825734871458,-2.134468974190895e-05,-0.06416934728390648,-1.389905304643754e-05
mimi,Q8,24000,20260826,380.0,220.0,273.99891691894106,220Hz_ongrid,1,220.0795646088716,273.94563694197853,220.0000009434129,273.99891474640907,220.0795646088716,273.94563694197853,0.0,0.0,0,379.03732293365897,379.99997884913165,-0.9626770663410298,-2.1150868349195662e-05,-0.33667680385467164,-1.3726920637856396e-05
mimi,Q8,24000,20260826,380.0,220.0,273.99891691894106,220Hz_ongrid,2,219.95260410860655,274.10406740505584,220.00000095785978,273.9989147339228,219.95260410860655,274.10406740505584,0.0,0.0,0,381.03726520480063,379.99997865655223,1.037265204800633,-2.134344777005026e-05,0.6642551099976588,-1.3805813921665862e-05
mimi,Q8,24000,20260826,380.0,220.0,273.99891691894106,220Hz_ongrid,3,220.0364888046956,273.81909771165624,220.00000095462238,273.9989147498371,220.0364888046956,273.81909771165624,0.0,0.0,0,378.576342241916,379.9999787825813,-1.4236577580840049,-2.1217418691321654e-05,-1.1365421990304685,-1.3705260797516307e-05
mimi,Q8,24000,20260826,380.0,226.4,281.96979450203753,226.4Hz_+49.6c,0,226.41334180172186,281.9880590784447,226.4000034763739,281.9697905527737,226.41334180172186,281.9880590784447,0.0,0.0,0,380.0101179524117,379.9999491692542,0.010117952411690112,-5.08307458062518e-05,0.11213694916449234,-2.4247632785081844e-05
mimi,Q8,24000,20260826,380.0,226.4,281.96979450203753,226.4Hz_+49.6c,1,226.5202789710908,282.08267438831274,226.40000355042312,281.9697905935404,226.5202789710908,282.08267438831274,0.0,0.0,0,379.77341537373445,379.9999488533137,-0.22658462626554865,-5.114668630312735e-05,0.6929195986595648,-2.3997334204952223e-05
mimi,Q8,24000,20260826,380.0,226.4,281.96979450203753,226.4Hz_+49.6c,2,226.3612241401282,281.8264512072627,226.40000336723173,281.9697905466711,226.3612241401282,281.8264512072627,0.0,0.0,0,379.4162155280936,379.9999499663731,-0.5837844719064265,-5.003362690558788e-05,-0.8803208600812856,-2.4285101535571843e-05
mimi,Q8,24000,20260826,380.0,226.4,281.96979450203753,226.4Hz_+49.6c,3,226.4518023773247,281.91240618080053,226.4000034245992,281.9697905654276,226.4518023773247,281.91240618080053,0.0,0.0,0,379.25153538629905,379.9999496428571,-0.7484646137009463,-5.0357142924895015e-05,-0.3523878425919634,-2.416994059354665e-05
mimi,Q8,24000,20260826,385.0,220.0,274.7914006625654,220Hz_ongrid,0,220.44107768181394,274.67930583009826,220.00000094902398,274.79139912684457,110.23413430175552,274.67930583009826,1199.7864692598432,0.0,0,380.8261649667386,384.9999828565862,-4.173835033261412,-1.7143413799658447e-05,-0.706361198479447,-9.675310954495671e-06
mimi,Q8,24000,20260826,385.0,220.0,274.7914006625654,220Hz_ongrid,1,220.13144037728972,274.47644958475706,220.00000095741075,274.79139912670297,220.13144037728972,274.47644958475706,0.0,0.0,0,381.9805871905396,384.9999827896965,-3.019412809460391,-1.721030349699504e-05,-1.9853850510439608,-9.676202980644908e-06
mimi,Q8,24000,20260826,385.0,220.0,274.7914006625654,220Hz_ongrid,2,220.03527540194753,274.9003644387267,220.0000009405676,274.7913991237954,220.03527540194753,274.9003644387267,0.0,0.0,0,385.4087862886408,384.99998290392136,0.40878628864078337,-1.7096078636313905e-05,0.6863548404853613,-9.694521326729745e-06
mimi,Q8,24000,20260826,385.0,220.0,274.7914006625654,220Hz_ongrid,3,219.9914658009519,274.8017068330899,220.0000009350555,274.7913991315206,219.9914658009519,274.8017068330899,0.0,0.0,0,385.1320884769928,384.9999829959675,0.13208847699280568,-1.700403248605653e-05,0.06492946540346448,-9.645851026900126e-06
mimi,Q8,24000,20260826,385.0,226.4,282.7853323182037,226.4Hz_+49.6c,0,226.42491776275185,282.851300067721,226.4000034215536,282.7853315685143,226.42491776275185,282.851300067721,0.0,0.0,0,385.2132821516119,384.99996924642903,0.21328215161190656,-3.0753570968045096e-05,0.4038126531540169,-4.589657305778199e-06
mimi,Q8,24000,20260826,385.0,226.4,282.7853323182037,226.4Hz_+49.6c,1,226.4588162285551,282.7124504425926,226.40000353255775,282.78533157129783,226.45949516149008,282.7124504425926,-0.005190303789972063,0.0,0,384.1040567730422,384.9999684146442,-0.8959432269577974,-3.158535582770128e-05,-0.4462460832306792,-4.572616550309002e-06
mimi,Q8,24000,20260826,385.0,226.4,282.7853323182037,226.4Hz_+49.6c,2,226.39986972382022,283.36626319550686,226.40000343093953,282.78533158524783,226.39986972382022,283.36626319550686,0.0,0.0,0,388.5538526241931,384.9999692771006,3.553852624193098,-3.072289939609618e-05,3.5528564288612747,-4.487213455767953e-06
mimi,Q8,24000,20260826,385.0,226.4,282.7853323182037,226.4Hz_+49.6c,3,226.33453612586757,282.71836910814966,226.40000338765566,282.78533155480477,226.33453612586757,282.71836910814966,0.0,0.0,0,385.0906585288992,384.99996942170867,0.09065852889921189,-3.0578291330130014e-05,-0.41000258541122137,-4.673588297704764e-06
mimi,Q8,24000,20260826,390.0,220.0,275.58617649730814,220Hz_ongrid,0,220.03630649917707,275.6718846153036,220.00000094807453,275.5861800053577,220.03630649917707,275.6718846153036,0.0,0.0,0,390.252654025284,390.000014576957,0.25265402528401637,1.4576957028111792e-05,0.5383352147316297,2.2037588594099752e-05
mimi,Q8,24000,20260826,390.0,220.0,275.58617649730814,220Hz_ongrid,1,219.45872322661378,275.5494514799446,220.0000009302215,275.586180189549,219.45872322661378,275.5494514799446,0.0,0.0,0,394.03396621651706,390.0000158745383,4.033966216517058,1.5874538291882345e-05,-0.2307221575922519,2.319467968655325e-05
mimi,Q8,24000,20260826,390.0,220.0,275.58617649730814,220Hz_ongrid,2,220.0252448554151,275.5386114414763,220.00000094128708,275.58618014016065,220.0252448554151,275.5386114414763,0.0,0.0,0,389.50252366643224,390.0000154772023,-0.4974763335677608,1.5477202282454527e-05,-0.2988297612752835,2.2884421426934738e-05
mimi,Q8,24000,20260826,390.0,220.0,275.58617649730814,220Hz_ongrid,3,219.88534736298297,275.6061586190868,220.00000095292475,275.58618008002986,219.88534736298297,275.6061586190868,0.0,0.0,0,391.0279882085411,390.0000150078808,1.0279882085411032,1.5007880790562922e-05,0.12552326078198675,2.2506679785409882e-05
mimi,Q8,24000,20260826,390.0,226.4,283.60322890450254,226.4Hz_+49.6c,0,226.40454132846338,283.6316795088514,226.40000332874104,283.60322962269964,226.40454132846338,283.6316795088514,0.0,0.0,0,390.138939557618,389.9999789299836,0.13893955761801635,-2.1070016373414546e-05,0.17366581032308745,4.384178754675411e-06
mimi,Q8,24000,20260826,390.0,226.4,283.60322890450254,226.4Hz_+49.6c,1,226.36579867330968,283.58157732782416,226.40000356926026,283.6032296099143,226.36579867330968,283.58157732782416,0.0,0.0,0,390.1293748125812,389.99997701273554,0.12937481258120442,-2.2987264458151913e-05,-0.13217542630878557,4.3061317529029525e-06
mimi,Q8,24000,20260826,390.0,226.4,283.60322890450254,226.4Hz_+49.6c,2,226.32118052903374,283.57426528144657,226.4000035084226,283.60322961201575,226.32118052903374,283.57426528144657,0.0,0.0,0,390.42600592518113,389.99997749077687,0.4260059251811299,-2.250922312896364e-05,-0.17681523324340048,4.318959938374055e-06
mimi,Q8,24000,20260826,390.0,226.4,283.60322890450254,226.4Hz_+49.6c,3,226.35564495330397,283.56323685028434,226.40000342119518,283.60322962197677,226.35564495330397,283.56323685028434,0.0,0.0,0,390.0950614852335,389.9999782185931,0.09506148523348656,-2.1781406871923537e-05,-0.2441456265483125,4.379766098746104e-06
mimi,Q8,24000,20260826,395.0,220.0,276.38325105255655,220Hz_ongrid,0,219.89200953822916,276.7209725490984,220.00000096242172,276.3832479745314,219.89200953822916,276.7209725490984,0.0,0.0,0,397.9641707163367,394.99997314605866,2.964170716336696,-2.6853941335502896e-05,2.11415860384509,-1.928040849134719e-05
mimi,Q8,24000,20260826,395.0,220.0,276.38325105255655,220Hz_ongrid,1,219.98096816215536,276.47400407713565,220.00000094551143,276.383248011074,219.98096816215536,276.47400407713565,0.0,0.0,0,395.7181462623018,394.99997350802846,0.7181462623017865,-2.6491971539144288e-05,0.5683735762188484,-1.905150969817599e-05
mimi,Q8,24000,20260826,395.0,220.0,276.38325105255655,220Hz_ongrid,2,219.83951283517226,276.35911058280897,220.00000095296016,276.3832479423511,219.83951283517226,138.16873436134608,0.0,1200.1355793632217,0,396.11215396077654,394.99997301894007,1.1121539607765385,-2.6981059932040807e-05,-0.15121983084623125,-1.9481982376506055e-05
mimi,Q8,24000,20260826,395.0,220.0,276.38325105255655,220Hz_ongrid,3,219.26947253797857,276.5248120722224,220.0000009498473,276.3832480027546,109.63395462863606,276.5248120722224,1200.0123428692723,0.0,0,401.6447612897228,394.9999734217968,6.644761289722794,-2.657820317608639e-05,0.8864955277955865,-1.910362143940105e-05
mimi,Q8,24000,20260826,395.0,226.4,284.42349108317643,226.4Hz_+49.6c,0,226.31418275253614,284.5130778132549,226.40000357566757,284.42349382060826,226.31418275253614,284.5130778132549,0.0,0.0,0,396.2015634423423,394.99998931985857,1.2015634423423194,-1.0680141429020296e-05,0.5452122687036628,1.666224948801716e-05
mimi,Q8,24000,20260826,395.0,226.4,284.42349108317643,226.4Hz_+49.6c,1,226.4145266438769,284.3597613439251,226.4000033881346,284.4234938081402,226.4145266438769,284.3597613439251,0.0,0.0,0,394.5009665227453,394.99999067799376,-0.49903347725472713,-9.322006235379376e-06,-0.38795479480452705,1.658635864908875e-05
mimi,Q8,24000,20260826,395.0,226.4,284.42349108317643,226.4Hz_+49.6c,2,226.39369610324115,284.52105947929675,226.4000035602384,284.42349382799114,226.39369610324115,284.52105947929675,0.0,0.0,0,395.64198450689435,394.9999894827804,0.6419845068943459,-1.0517219607208972e-05,0.5937792389968383,1.6707187538990767e-05
mimi,Q8,24000,20260826,395.0,226.4,284.42349108317643,226.4Hz_+49.6c,3,226.44460737870534,284.4709719539326,226.40000339209945,284.4234938588466,226.44460737870534,284.4709719539326,0.0,0.0,0,394.94791348796326,394.9999909563157,-0.05208651203673753,-9.043684315201972e-06,0.2889833024017599,1.6894999307604376e-05
mimi,Q8,24000,20260826,400.0,220.0,277.1826309768721,220Hz_ongrid,0,220.03669480098614,276.99575122821165,220.00000093474424,277.1826333306625,220.03669480098614,276.99575122821165,0.0,0.0,0,398.54365192186856,400.00000734562957,-1.456348078131441,7.345629569499579e-06,-1.1676117532348813,1.4701361539273952e-05
mimi,Q8,24000,20260826,400.0,220.0,277.1826309768721,220Hz_ongrid,1,219.83989594504328,277.06992456988115,220.00000092819693,277.18263344227086,219.83989594504328,277.06992456988115,0.0,0.0,0,400.55626922139373,400.0000080942382,0.5562692213937339,8.094238182820845e-06,-0.7040875863085234,1.539844777051088e-05
mimi,Q8,24000,20260826,400.0,220.0,277.1826309768721,220Hz_ongrid,2,219.8630144186783,277.2248092945927,220.00000093094155,277.18263338037707,219.8630144186783,277.2248092945927,0.0,0.0,0,401.34172726538395,400.00000768606225,1.3417272653839518,7.68606224710311e-06,0.263418325971251,1.5011870052035281e-05
mimi,Q8,24000,20260826,400.0,220.0,277.1826309768721,220Hz_ongrid,3,220.0681695268383,277.28822807632673,220.0000009558915,277.18263339883157,220.0681695268383,277.28822807632673,0.0,0.0,0,400.12305568439467,400.00000760498847,0.12305568439467152,7.604988468301599e-06,0.659415344499658,1.5127133821436335e-05
mimi,Q8,24000,20260826,400.0,226.4,285.2461256961993,226.4Hz_+49.6c,0,226.44419398673074,285.36044855772695,226.40000356333638,285.24612728556946,226.44419398673074,285.36044855772695,0.0,0.0,0,400.3558073126258,399.9999823982098,0.35580731262581367,-1.760179020493524e-05,0.6937166238244753,9.646307269225365e-06
mimi,Q8,24000,20260826,400.0,226.4,285.2461256961993,226.4Hz_+49.6c,1,226.66261836961183,285.2351364277085,226.40000351422174,285.2461273382097,226.66261836961183,285.2351364277085,0.0,0.0,0,397.926277325191,399.99998309326696,-2.073722674809005,-1.6906733037558297e-05,-0.06669805671481374,9.965794859194816e-06
mimi,Q8,24000,20260826,400.0,226.4,285.2461256961993,226.4Hz_+49.6c,2,226.37524162722036,285.1842412148876,226.40000347805423,285.2461273161437,226.37524162722036,285.1842412148876,0.0,0.0,0,399.8136985119531,399.999983235908,-0.18630148804692226,-1.676409198125839e-05,-0.3756340047465191,9.83187061762324e-06
mimi,Q8,24000,20260826,400.0,226.4,285.2461256961993,226.4Hz_+49.6c,3,226.42819692415978,285.3689810104442,226.4000034947776,285.2461272987753,226.42819692415978,285.3690533936817,0.0,-0.00043912379348199406,0,400.529878180891,399.99998300261467,0.5298781808909894,-1.6997385330341785e-05,0.7454808115531176,9.72645699990237e-06
mimi,Q8,24000,20260826,405.0,220.0,277.98432293804575,220Hz_ongrid,0,219.84534136023936,276.5087996186383,220.00000094329334,277.98432030278747,219.84534136023936,276.5087996186383,0.0,0.0,0,397.0037185586254,404.99997616510024,-7.996281441374606,-2.3834899764096917e-05,-9.213756262604148,-1.6411892831055527e-05
mimi,Q8,24000,20260826,405.0,220.0,277.98432293804575,220Hz_ongrid,1,219.96263921907686,278.0492680320171,220.0000009463388,277.98432028562104,219.96263921907686,278.0492680320171,0.0,0.0,0,405.6984447136329,404.9999760342256,0.6984447136329095,-2.3965774403222895e-05,0.40441858312264584,-1.6518802002086202e-05
mimi,Q8,24000,20260826,405.0,220.0,277.98432293804575,220Hz_ongrid,2,219.88718429181858,277.9519001263439,220.00000095686292,277.98432028032886,219.88718429181858,277.9519001263439,0.0,0.0,0,405.68606728041254,404.99997591845,0.6860672804125443,-2.408155000921397e-05,-0.2019349462028129,-1.6551760648191086e-05
mimi,Q8,24000,20260826,405.0,220.0,277.98432293804575,220Hz_ongrid,3,219.9963731541987,277.9350823250614,220.00000093767082,277.9843203024673,219.9963731541987,277.9350823250614,0.0,0.0,0,404.7218523415313,404.9999762073514,-0.27814765846869705,-2.3792648619291867e-05,-0.3066884343713561,-1.6413886579661875e-05
mimi,Q8,24000,20260826,405.0,226.4,286.07113960533434,226.4Hz_+49.6c,0,226.47038367267075,285.99125809511554,226.40000342626004,286.0711421436613,226.47038367267075,143.01720539602346,0.0,1199.738796972088,0,403.978382948671,404.9999891614439,-1.021617051328974,-1.0838556079306727e-05,-0.4834912828964881,1.536134709458095e-05
mimi,Q8,24000,20260826,405.0,226.4,286.07113960533434,226.4Hz_+49.6c,1,226.3502278169411,286.0975277452928,226.40000345661895,286.0711421365196,113.1807764920708,286.0975277452928,1199.9133819091771,0.0,0,405.54032678836376,404.99998888607587,0.5403267883637568,-1.111392413122303e-05,0.15968734055826544,1.5318126977122672e-05
mimi,Q8,24000,20260826,405.0,226.4,286.07113960533434,226.4Hz_+49.6c,2,226.48761922371054,286.01041977072293,226.40000345035824,286.07114213801526,226.48761922371054,286.01041977072293,0.0,0.0,0,403.96262260028635,404.99998894300165,-1.0373773997136482,-1.1056998346248292e-05,-0.367500905438619,1.53271787071088e-05
mimi,Q8,24000,20260826,405.0,226.4,286.07113960533434,226.4Hz_+49.6c,3,226.44916904720804,286.0484469977412,226.40000348168738,286.07114215329847,226.44916904720804,286.0484469977412,0.0,0.0,0,404.4867195956998,404.9999887959244,-0.5132804043001897,-1.1204075576642936e-05,-0.13733567550513012,1.541966880512799e-05
mimi,Q8,24000,20260826,410.0,220.0,278.7883336231537,220Hz_ongrid,0,219.95987986052282,278.8090802437479,220.0000009454279,278.7883363613822,219.95987986052282,278.8090802437479,0.0,0.0,0,410.4445726571635,410.0000095641872,0.4445726571635191,9.564187223531917e-06,0.1288286319095682,1.7003991408532495e-05
mimi,Q8,24000,20260826,410.0,220.0,278.7883336231537,220Hz_ongrid,1,219.54346347624957,278.7724906093718,220.00000094965904,278.7883363456347,219.54346347624957,278.7724906093718,0.0,0.0,0,413.4979452972572,410.0000094331015,3.4979452972572176,9.43310152479171e-06,-0.09838555262252752,1.6906201818115914e-05
mimi,Q8,24000,20260826,410.0,220.0,278.7883336231537,220Hz_ongrid,2,219.03046616109697,278.6776064882013,220.0000009468687,278.78833638249233,109.49453546909236,278.6776064882013,1200.3272220233023,0.0,0,416.9586254148276,410.00000968393954,6.9586254148276225,9.683939538263076e-06,-0.6877356082697563,1.7135082154766145e-05
mimi,Q8,24000,20260826,410.0,220.0,278.7883336231537,220Hz_ongrid,3,219.88368262584183,278.68856458113066,220.0000009351839,278.7883363916811,219.88368262584183,278.68856458113066,0.0,0.0,0,410.2959102703767,410.00000983295143,0.2959102703766803,9.832951434418646e-06,-0.6196617832718331,1.719214338100523e-05
mimi,Q8,24000,20260826,410.0,226.4,286.8985396921909,226.4Hz_+49.6c,0,226.76601245212308,287.0680484596988,226.40000350488634,286.89853963924276,113.37551019114512,287.0680484596988,1200.1144600087355,0.0,0,408.2260042969015,409.9999728793527,-1.7739957030984783,-2.7120647303036094e-05,1.0225659977929449,-3.195054669284677e-07
mimi,Q8,24000,20260826,410.0,226.4,286.8985396921909,226.4Hz_+49.6c,1,226.41993147055052,286.6597362587868,226.40000348879133,286.898539567858,113.20402260040736,286.6597362587868,1200.09088623472,0.0,0,408.4059814317373,409.99997257167047,-1.5940185682626975,-2.7428329531176132e-05,-1.4416134372640528,-7.502631814912388e-07
mimi,Q8,24000,20260826,410.0,226.4,286.8985396921909,226.4Hz_+49.6c,2,226.34612718505002,287.07784669798855,226.40000354260786,286.898539647059,226.34612718505002,287.07784669798855,0.0,0.0,0,411.4936589730999,409.9999726380699,1.4936589730999117,-2.7361930108327215e-05,1.0816556608658654,-2.723397527229566e-07
mimi,Q8,24000,20260826,410.0,226.4,286.8985396921909,226.4Hz_+49.6c,3,226.50584086030793,286.8645229419738,226.40000342534302,286.8985396140211,226.50584086030793,286.8645229419738,0.0,0.0,0,408.98556621447335,409.99997333540887,-1.0144337855266485,-2.666459113243036e-05,-0.20527970557427844,-4.717007727077331e-07
mimi,Q8,24000,20260826,415.0,220.0,279.594669738613,220Hz_ongrid,0,219.87193844811958,278.74509302239676,220.00000093601818,279.59466673688286,219.87193844811958,278.74509302239676,0.0,0.0,0,410.7395027119406,414.99997404770335,-4.260497288059412,-2.5952296653031226e-05,-5.268538519503567,-1.8586539768042387e-05
mimi,Q8,24000,20260826,415.0,220.0,279.594669738613,220Hz_ongrid,1,219.91981870366612,279.5721180590837,220.00000094644167,279.59466678326197,219.91981870366612,279.5721180590837,0.0,0.0,0,415.49143699951117,414.99997425285505,0.4914369995111656,-2.5747144945853506e-05,-0.13964432916213973,-1.8299362893949407e-05
mimi,Q8,24000,20260826,415.0,220.0,279.594669738613,220Hz_ongrid,2,220.03502207923825,279.55412838888697,220.00000094806546,279.5946667436901,220.03502207923825,279.55412838888697,0.0,0.0,0,414.473376690552,414.99997399505025,-0.5266233094479844,-2.6004949745583872e-05,-0.2510478978005479,-1.854438985047554e-05
mimi,Q8,24000,20260826,415.0,220.0,279.594669738613,220Hz_ongrid,3,219.99355578779364,279.52164843283555,220.00000095004242,279.59466670910024,219.99355578779364,279.52164843283555,0.0,0.0,0,414.59850907009906,414.99997376531456,-0.4014909299009446,-2.6234685435611027e-05,-0.4522027616773129,-1.8758568193881267e-05
mimi,Q8,24000,20260826,415.0,226.4,287.72833285828176,226.4Hz_+49.6c,0,226.4521749139045,287.85678108974645,226.40000344091393,287.7283327696509,226.4521749139045,287.85678108974645,0.0,0.0,0,415.37376352105105,414.9999731547584,0.37376352105104615,-2.6845241620776505e-05,0.7726883484539971,-5.332836360405358e-07
mimi,Q8,24000,20260826,415.0,226.4,287.72833285828176,226.4Hz_+49.6c,1,226.4636193855058,287.8916633991247,226.40000353460206,287.72833278969324,113.23142665335097,287.8916633991247,1200.0058564106516,0.0,0,415.49604956137665,414.9999725589378,0.4960495613766511,-2.744106217278386e-05,0.9824655258221545,-4.1269058120294614e-07
mimi,Q8,24000,20260826,415.0,226.4,287.72833285828176,226.4Hz_+49.6c,2,226.28178695109068,287.7528163080305,226.40000350428699,287.72833279064344,226.28178695109068,287.7528163080305,0.0,0.0,0,416.05149517635687,414.99997279646794,1.051495176356866,-2.720353205631909e-05,0.14730832427996973,-4.0697342592023426e-07
mimi,Q8,24000,20260826,415.0,226.4,287.72833285828176,226.4Hz_+49.6c,3,226.4264246584432,287.83637288375627,226.40000342551528,287.7283327718835,226.4264246584432,287.83637288375627,0.0,0.0,0,415.4478924386081,414.9999732859425,0.44789243860810757,-2.671405752607825e-05,0.6499445539115125,-5.198500029241719e-07
mimi,Q8,24000,20260826,420.0,220.0,280.4033380102377,220Hz_ongrid,0,219.98791478992482,280.4032792397702,220.00000095051956,280.4033382429237,219.98791478992482,280.4031893804248,0.0,0.0005547994436947048,0,420.09474124543556,419.9999939567515,0.09474124543555718,-6.043248504283838e-06,-0.00036285390096908884,1.4366233850666818e-06
mimi,Q8,24000,20260826,420.0,220.0,280.4033380102377,220Hz_ongrid,1,220.07661006111377,280.49054118629687,220.00000095268217,280.40333823213393,220.07661006111377,280.49054118629687,0.0,0.0,0,419.93555767162997,419.99999387311635,-0.06444232837003483,-6.126883647539216e-06,0.5383161214491893,1.3700064651920673e-06
mimi,Q8,24000,20260826,420.0,220.0,280.4033380102377,220Hz_ongrid,2,220.02111122935335,280.29374272971245,220.00000091128288,280.4033382451394,220.02111122935335,140.14550117201898,0.0,1200.0169260723876,0,419.15709567171825,419.9999942791945,-0.8429043282817474,-5.720805518194538e-06,-0.6767828483367432,1.450303425734227e-06
mimi,Q8,24000,20260826,420.0,220.0,280.4033380102377,220Hz_ongrid,3,220.02642684307517,280.5845420046261,220.00000091795923,280.4033382092802,220.02642684307517,280.5845420046261,0.0,0.0,0,420.9104607028779,419.9999940052589,0.9104607028779128,-5.994741115955549e-06,1.1184075342730702,1.2289052662215017e-06
mimi,Q8,24000,20260826,420.0,226.4,288.560526025081,226.4Hz_+49.6c,0,226.41531386550227,288.4059974209181,226.40000359492646,288.5605218417188,113.20492619318857,288.4059974209181,1200.0417604820793,0.0,0,418.9555511793933,419.9999474120386,-1.0444488206067035,-5.2587961420158535e-05,-0.92735081363315,-2.5098301680196858e-05
mimi,Q8,24000,20260826,420.0,226.4,288.560526025081,226.4Hz_+49.6c,1,226.41685322883373,288.3994272271035,226.4000035978969,288.5605218281169,226.41685322883373,288.3994272271035,0.0,0.0,0,418.9043410291583,419.99994730771897,-1.0956589708417255,-5.269228103088608e-05,-0.9667906065171367,-2.5179906985442097e-05
mimi,Q8,24000,20260826,420.0,226.4,288.560526025081,226.4Hz_+49.6c,2,226.05336029485716,288.4172823023957,226.40000353211752,288.5605218872567,113.02559562005695,288.4172823023957,1200.0166118275656,0.0,0,421.7931019178056,419.99994816553254,1.7931019178055863,-5.1834467456046696e-05,-0.8596116229904007,-2.4825094691932992e-05
mimi,Q8,24000,20260826,420.0,226.4,288.560526025081,226.4Hz_+49.6c,3,226.43032725053757,288.4925475259048,226.4000035241636,288.5605218668531,226.43032725053757,288.4925475259048,0.0,0.0,0,419.3602206817112,419.9999481039422,-0.6397793182887881,-5.189605781197315e-05,-0.4078886269455281,-2.4947507166614407e-05
mimi,Q8,24000,20260826,425.0,220.0,281.2143451832947,220Hz_ongrid,0,220.12899353908773,281.1800568483735,220.00000094456337,281.21434774038727,220.12899353908773,281.1800568483735,0.0,0.0,0,423.77411418631567,425.0000083091746,-1.2258858136843287,8.309174575060752e-06,-0.21110143614701316,1.574217594382705e-05
mimi,Q8,24000,20260826,425.0,220.0,281.2143451832947,220Hz_ongrid,1,219.49929764533692,281.1691320349684,220.00000094541363,281.21434758487476,219.49929764533692,281.1691320349684,0.0,0.0,0,428.66627324047226,425.00000734510513,3.6662732404722647,7.345105132117169e-06,-0.2783671469290477,1.47847976008706e-05
mimi,Q8,24000,20260826,425.0,220.0,281.2143451832947,220Hz_ongrid,2,219.1624092563989,281.040282832981,220.00000093061777,281.214347645711,109.5915788199651,281.040282832981,1199.836109632345,0.0,0,430.53187818540755,425.00000783606214,5.53187818540755,7.8360621387219e-06,-1.071908214303818,1.5159322106939234e-05
mimi,Q8,24000,20260826,425.0,220.0,281.2143451832947,220Hz_ongrid,3,218.34868800932298,281.36345670730014,220.000000958482,281.21434774346375,109.1746981937045,281.36345670730014,1199.9943834502328,0.0,0,438.9613224838179,425.0000082185854,13.961322483817924,8.218585378472198e-06,0.9177288995194407,1.5761115498104702e-05
mimi,Q8,24000,20260826,425.0,226.4,289.3951261340815,226.4Hz_+49.6c,0,226.49596611073184,289.3084367528088,226.40000341861412,289.3951257717891,226.49596611073184,289.3084367528088,0.0,0.0,0,423.74764719482437,424.99997169124026,-1.252352805175633,-2.830875973813818e-05,-0.518675257244871,-2.1673240755801487e-06
mimi,Q8,24000,20260826,425.0,226.4,289.3951261340815,226.4Hz_+49.6c,1,226.36380324020678,289.3520471352732,226.40000356424656,289.39512567844014,226.36380324020678,289.3520471352732,0.0,0.0,0,425.0190827444834,424.9999700191823,0.019082744483398528,-2.998081771465877e-05,-0.25772853197041123,-2.725760696893024e-06
mimi,Q8,24000,20260826,425.0,226.4,289.3951261340815,226.4Hz_+49.6c,2,226.43771440181004,289.3834606287243,226.40000354538188,289.3951257570166,226.43771440181004,289.3834606287243,0.0,0.0,0,424.64184239715735,424.99997063350094,-0.3581576028426525,-2.9366499063598894e-05,-0.06978737824308984,-2.2556965541740693e-06
mimi,Q8,24000,20260826,425.0,226.4,289.3951261340815,226.4Hz_+49.6c,3,226.5992991972843,289.44478401231834,226.40000338216439,289.39512571714954,75.45822483217954,289.44478401231834,1903.6720000072894,0.0,0,423.77371095325356,424.99997164309656,-1.2262890467464445,-2.8356903442272596e-05,0.29704036750723883,-2.4941914014361417e-06
mimi,Q8,24000,20260826,430.0,220.0,282.02769802256034,220Hz_ongrid,0,219.94714063042503,282.2640416954712,220.00000095520065,282.0276979626528,219.94714063042503,282.2640416954712,0.0,0.0,0,431.86620731039267,429.99999211554723,1.8662073103926673,-7.884452770667849e-06,1.450193965109382,-3.677440727401491e-07
mimi,Q8,24000,20260826,430.0,220.0,282.02769802256034,220Hz_ongrid,1,219.99971000715382,282.0868901760322,220.00000095726605,282.02769793258864,219.99971000715382,282.0868901760322,0.0,0.0,0,430.36559640990856,429.99999191474456,0.36559640990856224,-8.085255444711947e-06,0.36331438345325845,-5.522935377424945e-07
mimi,Q8,24000,20260826,430.0,220.0,282.02769802256034,220Hz_ongrid,2,220.01194186172233,282.0927518557664,220.00000092730622,282.0276979334811,220.01194186172233,282.0927518557664,0.0,0.0,0,430.30531763304725,429.99999215598416,0.30531763304725246,-7.84401584041916e-06,0.3992885263851584,-5.468152940080516e-07
mimi,Q8,24000,20260826,430.0,220.0,282.02769802256034,220Hz_ongrid,3,220.6182907852527,281.9892282873351,220.00000094110004,282.0276979736819,220.6182907852527,281.9892282873351,0.0,0.0,0,424.90517859887404,429.9999922942109,-5.094821401125955,-7.705789073497726e-06,-0.23616353508939894,-3.000415756248657e-07
mimi,Q8,24000,20260826,430.0,226.4,290.232140146853,226.4Hz_+49.6c,0,226.45548438793375,290.54477013810595,226.4000034593461,290.23214380822714,226.45548438793375,290.54477013810595,0.0,0.0,0,431.4396078484535,429.99999538718293,1.439607848453477,-4.612817065208219e-06,1.8638335247440423,2.184008812677403e-05
mimi,Q8,24000,20260826,430.0,226.4,290.232140146853,226.4Hz_+49.6c,1,226.13873345999036,290.22571794393895,226.4000034611315,290.2321437578488,226.13873345999036,290.22571794393895,0.0,0.0,0,431.96069608317816,429.9999950730238,1.9606960831781635,-4.926976203023514e-06,-0.038308849472161344,2.153958160961731e-05
mimi,Q8,24000,20260826,430.0,226.4,290.232140146853,226.4Hz_+49.6c,2,226.38737687791658,290.29081145758676,226.40000357876514,290.23214382034126,226.38737687791658,290.29081145758676,0.0,0.0,0,430.44646796328686,429.99999454627107,0.4464679632868638,-5.453728931570367e-06,0.34993886429720134,2.1912348970741027e-05
mimi,Q8,24000,20260826,430.0,226.4,290.232140146853,226.4Hz_+49.6c,3,226.234791215914,290.30507316877254,226.40000347415108,290.23214379939793,226.234791215914,290.30507316877254,0.0,0.0,0,431.698769271244,429.99999522130616,1.6987692712439753,-4.778693835305603e-06,0.4349906556086027,2.1787421873659016e-05
mimi,Q8,24000,20260826,435.0,220.0,282.8434033123765,220Hz_ongrid,0,219.99282492691938,283.01523331468775,220.0000009348452,282.8434008773848,219.99282492691938,283.01523331468775,0.0,0.0,0,436.10788480367876,434.9999777393231,1.1078848036787576,-2.2260676871610485e-05,1.051421470101378,-1.4904150095876378e-05
mimi,Q8,24000,20260826,435.0,220.0,282.8434033123765,220Hz_ongrid,1,220.04872086889839,282.9793031815965,220.00000096119237,282.84340081876815,220.04872086889839,282.9793031815965,0.0,0.0,0,435.44826506141595,434.9999771732087,0.44826506141595246,-2.2826791280294856e-05,0.8316191014649033,-1.5262932201647787e-05
mimi,Q8,24000,20260826,435.0,220.0,282.8434033123765,220Hz_ongrid,2,220.00280543846984,282.6899927445025,220.00000094401764,282.8434007690837,220.00280543846984,282.6899927445025,0.0,0.0,0,434.038669976372,434.99997700425104,-0.9613300236280224,-2.2995748963694496e-05,-0.9392534798350481,-1.5567041811271657e-05
mimi,Q8,24000,20260826,435.0,220.0,282.8434033123765,220Hz_ongrid,3,219.95135887488448,282.9338558651007,220.0000009519375,282.8434008596719,219.95135887488448,282.9338558651007,0.0,0.0,0,435.93636672631817,434.99997749640187,0.9363667263181696,-2.250359813160685e-05,0.5535554421646722,-1.5012567888504733e-05
mimi,Q8,24000,20260826,435.0,226.4,291.0715750451002,226.4Hz_+49.6c,0,226.27539658535738,291.3063191026783,226.40000354020944,291.0715742333412,226.27539658535738,291.3063191026783,0.0,0.0,0,437.34872569546803,434.9999681005735,2.3487256954680333,-3.1899426517156826e-05,1.3956468176026193,-4.828175986855052e-06
mimi,Q8,24000,20260826,435.0,226.4,291.0715750451002,226.4Hz_+49.6c,1,226.3657233294619,291.0928924216501,226.4000034471907,291.0715741861769,226.3657233294619,291.0928924216501,0.0,0.0,0,435.3889132071113,434.99996853134513,0.38891320711127264,-3.146865486769457e-05,0.12678674223149844,-5.108699469982424e-06
mimi,Q8,24000,20260826,435.0,226.4,291.0715750451002,226.4Hz_+49.6c,2,226.43901371511774,291.0980991264423,226.40000344180532,291.07157423958955,226.43901371511774,291.0980991264423,0.0,0.0,0,434.85944848812954,434.9999688902133,-0.14055151187045567,-3.110978667564268e-05,0.1577526099648086,-4.7910120748530985e-06
mimi,Q8,24000,20260826,435.0,226.4,291.0715750451002,226.4Hz_+49.6c,3,226.41235195554773,291.0959221905694,226.4000034485363,291.0715742397375,226.41235195554773,291.0959221905694,0.0,0.0,0,435.05035549617,434.9999688396229,0.050355496170027436,-3.1160377091055125e-05,0.14480577311055565,-4.790132157658596e-06
mimi,Q8,24000,20260826,440.0,220.0,283.6614678567074,220Hz_ongrid,0,219.95882239341802,283.8007432024263,220.00000093805744,283.66146600244105,109.98386584486573,283.8007432024263,1199.929878853686,0.0,0,441.17387948016045,439.9999813012933,1.1738794801604513,-1.8698706696795853e-05,0.8498124486406193,-1.131690219932555e-05
mimi,Q8,24000,20260826,440.0,220.0,283.6614678567074,220Hz_ongrid,1,218.73516011904115,283.63479233170636,220.0000009342086,283.6614660304811,109.37470364304859,283.63479233170636,1199.8872409106216,0.0,0,449.81924521665115,439.9999815027141,9.819245216651154,-1.8497285907415062e-05,-0.1628129089984598,-1.1145768875665587e-05
mimi,Q8,24000,20260826,440.0,220.0,283.6614678567074,220Hz_ongrid,2,219.9150020466219,283.7239088822567,220.00000093459818,283.66146605553536,219.9150020466219,283.7239088822567,0.0,0.0,0,441.0500452528004,439.99998165255886,1.0500452528003734,-1.8347441141486343e-05,0.38104623191830855,-1.0992858564147758e-05
mimi,Q8,24000,20260826,440.0,220.0,283.6614678567074,220Hz_ongrid,3,219.88212926321725,283.33857820769293,220.00000095488573,283.6614660536898,219.88212926321725,283.33857820769293,0.0,0.0,0,438.9560296234491,439.99998148164724,-1.0439703765508739,-1.8518352760565904e-05,-1.971772731843989,-1.1004122196217908e-05
mimi,Q8,24000,20260826,440.0,226.4,291.91343783072074,226.4Hz_+49.6c,0,226.33406596713232,291.8059906141795,226.40000345020178,291.91343811475457,226.33409848112356,291.8059906141795,-0.0002487001876382561,0.0,0,439.8669091018206,439.9999753015228,-0.13309089817937547,-2.4698477204765368e-05,-0.6373482628465443,1.6845028619266553e-06
mimi,Q8,24000,20260826,440.0,226.4,291.91343783072074,226.4Hz_+49.6c,1,226.2979259610361,291.8837173584852,226.4000034167697,291.9134381246402,226.2979259610361,291.8837173584852,0.0,0.0,0,440.6044446569783,439.9999756157991,0.6044446569782735,-2.43842009126638e-05,-0.17627044967779268,1.7431309486449564e-06
mimi,Q8,24000,20260826,440.0,226.4,291.91343783072074,226.4Hz_+49.6c,2,226.49245134136893,292.009834081684,226.40000345282527,291.91343818004293,226.49245134136893,292.009834081684,0.0,0.0,0,439.864785256112,439.9999756686633,-0.1352147438880138,-2.4331336703653506e-05,0.5715972677008581,2.0717048671345185e-06
mimi,Q8,24000,20260826,440.0,226.4,291.91343783072074,226.4Hz_+49.6c,3,226.26955012585051,291.9597642179851,226.40000344586994,291.9134381907264,226.26955012585051,291.9597642179851,0.0,0.0,0,441.2725341551854,439.99997578520924,1.272534155185383,-2.421479075565003e-05,0.27472341216964535,2.135064671054133e-06
mimi,Q8,24000,20260826,445.0,220.0,284.4818984791963,220Hz_ongrid,0,220.04658169661536,284.39764671389685,220.0000009534122,284.4818961818204,220.04658169661536,284.39764671389685,0.0,0.0,0,444.1206801689126,444.9999785165271,-0.8793198310874004,-2.1483472892214195e-05,-0.5127958179522268,-1.398083806338319e-05
mimi,Q8,24000,20260826,445.0,220.0,284.4818984791963,220Hz_ongrid,1,220.13632369128987,284.60362842528707,220.0000009277301,284.48189615847645,110.0703673530059,284.60362842528707,1199.9653104846952,0.0,0,444.6682050791514,444.9999785765649,-0.3317949208486084,-2.1423435100587085e-05,0.7406374638410675,-1.4122899330535926e-05
mimi,Q8,24000,20260826,445.0,220.0,284.4818984791963,220Hz_ongrid,2,220.09101065914908,284.27530124640344,220.00000094818577,284.48189613749344,220.09101065914908,284.27530124640344,0.0,0.0,0,443.0262445239113,444.99997828790055,-1.9737554760886837,-2.1712099453452538e-05,-1.2577183366026994,-1.42505928453012e-05
mimi,Q8,24000,20260826,445.0,220.0,284.4818984791963,220Hz_ongrid,3,220.0043245412793,284.52789639223494,220.00000094662414,284.48189613660594,220.0043245412793,284.52789639223494,0.0,0.0,0,445.2458702743291,444.99997829478855,0.2458702743290928,-2.170521145217208e-05,0.27990081763011937,-1.4255993822431097e-05
mimi,Q8,24000,20260826,445.0,226.4,292.7577355258638,226.4Hz_+49.6c,0,226.25876819611997,292.7417306599078,226.40000346067396,292.7577334067491,226.25876819611997,292.7417306599078,0.0,0.0,0,445.98565945833377,444.99996100547554,0.985659458333771,-3.89945244592127e-05,-0.09464797322947845,-1.2531465669822631e-05
mimi,Q8,24000,20260826,445.0,226.4,292.7577355258638,226.4Hz_+49.6c,1,226.4746394010223,292.8017049759333,226.40000339977257,292.75773339266806,226.4746394010223,292.8017049759333,0.0,0.0,0,444.68933747328504,444.99996138790704,-0.31066252671496386,-3.861209296474044e-05,0.25999549817490475,-1.2614734321665464e-05
mimi,Q8,24000,20260826,445.0,226.4,292.7577355258638,226.4Hz_+49.6c,2,226.35783138583528,292.8465460952827,226.40000338095808,292.7577333757116,226.35783138583528,292.8465460952827,0.0,0.0,0,445.847589768579,444.999961431505,0.8475897685789846,-3.85684949719689e-05,0.5251050502847111,-1.2715007017793474e-05
mimi,Q8,24000,20260826,445.0,226.4,292.7577355258638,226.4Hz_+49.6c,3,226.33255025956316,292.8003927206499,226.4000035427443,292.75773338914814,226.33255025956316,292.8003927206499,0.0,0.0,0,445.7680876570554,444.9999602738166,0.7680876570553892,-3.972618338821121e-05,0.2522365743710368,-1.263554961062228e-05
mimi,Q8,24000,20260826,450.0,220.0,285.30470202322215,220Hz_ongrid,0,219.90840001832672,285.14221411503416,220.00000093742688,285.30470200231554,219.90840001832672,285.14221411503416,0.0,0.0,0,449.734712446218,449.99999249629616,-0.2652875537820023,-7.503703841393872e-06,-0.9862604174599072,-1.2686164792901595e-07
mimi,Q8,24000,20260826,450.0,220.0,285.30470202322215,220Hz_ongrid,1,219.76012271283867,285.31788660198674,220.00000093616384,285.30470212544844,219.76012271283867,285.31788660198674,0.0,0.0,0,451.96868556832175,449.9999932534077,1.968685568321746,-6.746592305262311e-06,0.08000241188817703,6.203108674022895e-07
mimi,Q8,24000,20260826,450.0,220.0,285.30470202322215,220Hz_ongrid,2,219.86567542008729,285.3031706724325,220.00000093283074,285.3047021110361,219.86567542008729,285.3031706724325,0.0,0.0,0,451.04806365667196,449.99999319218244,1.0480636566719568,-6.807817555909423e-06,-0.009292288995680659,5.328565550549078e-07
mimi,Q8,24000,20260826,450.0,220.0,285.30470202322215,220Hz_ongrid,3,219.98150024373683,285.28301689991645,220.00000095412628,285.30470204560925,219.98150024373683,285.28301689991645,0.0,0.0,0,450.01399453008855,449.9999926275913,0.013994530088552892,-7.372408674655162e-06,-0.13159071812461773,1.3584514500074648e-07
mimi,Q8,24000,20260826,450.0,226.4,293.6044751729886,226.4Hz_+49.6c,0,226.47136293914676,293.5909159368553,226.4000034004791,293.60447454854267,226.47136293914676,293.5909159368553,0.0,0.0,0,449.37443466322713,449.99997031520354,-0.6255653367728655,-2.9684796459150675e-05,-0.07995366323670444,-3.682035405560863e-06
mimi,Q8,24000,20260826,450.0,226.4,293.6044751729886,226.4Hz_+49.6c,1,226.3242180684647,293.47368960948324,226.4000035318149,293.6044746017387,226.3242180684647,293.47368960948324,0.0,0.0,0,449.80823901371974,449.9999696245751,-0.19176098628025784,-3.0375424898920755e-05,-0.7713467745690399,-3.3683660685648837e-06
mimi,Q8,24000,20260826,450.0,226.4,293.6044751729886,226.4Hz_+49.6c,2,226.32265089627066,293.5384670372574,226.40000340530585,293.60447464637684,226.32149953497122,293.5384670372574,0.008807253479047716,0.0,0,450.2023140193218,449.9999708551718,0.20231401932181825,-2.9144828204152873e-05,-0.3892596652682669,-3.105157810757431e-06
mimi,Q8,24000,20260826,450.0,226.4,293.6044751729886,226.4Hz_+49.6c,3,226.048753757987,293.4989168120279,226.4000035001202,293.60447456658443,75.44737613678281,293.4989168120279,1899.7095963777197,0.0,0,452.06545806524446,449.9999696596516,2.0654580652444565,-3.034034841675748e-05,-0.6225350870826732,-3.5756524942300336e-06
mimi,Q8,24000,20260826,455.0,220.0,286.1298853519573,220Hz_ongrid,0,220.0039967432615,286.15678277221775,220.00000092878,286.1298832917118,220.0039967432615,286.1568247111827,0.0,-0.0002537285962515077,0,455.1312846102646,454.9999802256495,0.13128461026457217,-1.9774350505485927e-05,0.16273567921422266,-1.2465552606289582e-05
mimi,Q8,24000,20260826,455.0,220.0,286.1298853519573,220Hz_ongrid,1,219.8688385021913,286.2241864418635,220.00000092738344,286.129883274299,219.8688385021913,286.2241864418635,0.0,0.0,0,456.6029262965855,454.99998013128277,1.6029262965855082,-1.9868717231474875e-05,0.5704764488713999,-1.2570909140307413e-05
mimi,Q8,24000,20260826,455.0,220.0,286.1298853519573,220Hz_ongrid,2,220.12428502910163,286.0465811143598,220.00000093938007,286.12988327342333,220.12428502910163,286.0465811143598,0.0,0.0,0,453.51813954416906,454.99998003158015,-1.4818604558309403,-1.9968419849192287e-05,-0.5041071838202638,-1.2576207287440552e-05
mimi,Q8,24000,20260826,455.0,220.0,286.1298853519573,220Hz_ongrid,3,219.06396682012286,286.0735103294581,220.00000094360692,286.1298832717731,109.5299603698934,286.0735103294581,1200.0319759421575,0.0,0,462.0404577236811,454.9999799883334,7.040457723681072,-2.0011666606478684e-05,-0.34113170078997496,-1.2586191983514323e-05
mimi,Q8,24000,20260826,455.0,226.4,294.4536638349233,226.4Hz_+49.6c,0,226.44064411302588,294.46388791858107,226.4000035670593,294.45366761399765,226.44064411302588,294.46388791858107,0.0,0.0,0,454.74934199358677,454.99999494242144,-0.2506580064132322,-5.057578562173148e-06,0.06011123865443898,2.221898723049384e-05
mimi,Q8,24000,20260826,455.0,226.4,294.4536638349233,226.4Hz_+49.6c,1,226.43235017318935,294.3581836771334,226.40000341739957,294.45366763623633,226.43235017318935,294.3581836771334,0.0,0.0,0,454.1911779866117,454.9999962175901,-0.8088220133882942,-3.7824099194949667e-06,-0.5614645911878461,2.2349738925675817e-05
mimi,Q8,24000,20260826,455.0,226.4,294.4536638349233,226.4Hz_+49.6c,2,226.33487301817536,294.48357052713556,226.40000344411928,294.45366762551976,113.16987493751591,294.48357052713556,1199.9626973538357,0.0,0,455.67391105657765,454.9999959502624,0.6739110565776514,-4.049737583500246e-06,0.17582683137152383,2.2286730858721612e-05
mimi,Q8,24000,20260826,455.0,226.4,294.4536638349233,226.4Hz_+49.6c,3,226.1486776276845,294.2988483911886,226.4000035011289,294.4536676219985,226.1486776276845,294.2988483911886,0.0,0.0,0,456.01240427868737,454.9999954936181,1.0124042786873702,-4.506381912960933e-06,-0.9104734778251542,2.2266027626042096e-05
mimi,Q8,24000,20260826,460.0,220.0,286.9574553484241,220Hz_ongrid,0,220.01633864438463,287.0092985536615,220.0000009548398,286.95745455603793,220.01633864438463,287.0092985536615,0.0,0.0,0,460.1841773372372,459.9999877056105,0.18417733723720175,-1.2294389478029188e-05,0.31274536984472834,-4.780520340475861e-06
mimi,Q8,24000,20260826,460.0,220.0,286.9574553484241,220Hz_ongrid,1,219.92894635011118,286.9517852340527,220.00000092799328,286.95745456976806,219.92894635011118,286.9517852340527,0.0,0.0,0,460.5250204118794,459.9999879997071,0.5250204118793818,-1.2000292883840302e-05,-0.03420852764882024,-4.6976854970281615e-06
mimi,Q8,24000,20260826,460.0,220.0,286.9574553484241,220Hz_ongrid,2,219.6982755525506,286.9839339253893,220.00000092314363,286.9574544311081,109.84574164238529,286.9839339253893,1200.0535242572935,0.0,0,462.5357131752049,459.99998720132527,2.535713175204876,-1.279867473158447e-05,0.15973970479271976,-5.5342305391050094e-06
mimi,Q8,24000,20260826,460.0,220.0,286.9574553484241,220Hz_ongrid,3,220.4046932432317,287.0337673280235,220.00000093891123,286.9574545595804,220.4046932432317,287.0337673280235,0.0,0.0,0,457.2786291559383,459.99998785232845,-2.7213708440617097,-1.2147671554885164e-05,0.4603342106749088,-4.7591482320170655e-06
mimi,Q8,24000,20260826,460.0,226.4,295.30530859492376,226.4Hz_+49.6c,0,226.730140741843,295.195058513158,226.4000034765327,295.3053080774315,113.35353869519005,295.195058513158,1200.1761128455094,0.0,0,456.8308565014931,459.9999703818626,-3.1691434985069122,-2.9618137375564402e-05,-0.6464642811919996,-3.0338101345100144e-06
mimi,Q8,24000,20260826,460.0,226.4,295.30530859492376,226.4Hz_+49.6c,1,226.3936345610681,295.22902428088685,226.40000336849144,295.3053080303208,226.3936345610681,295.22902428088685,0.0,0.0,0,459.60139959188984,459.9999709318443,-0.3986004081101555,-2.9068155697586917e-05,-0.44727628946433606,-3.3099974592227725e-06
mimi,Q8,24000,20260826,460.0,226.4,295.30530859492376,226.4Hz_+49.6c,2,226.37952265185743,295.29407943187147,226.40000360560566,295.30530811620315,226.37952265185743,295.29407943187147,0.0,0.0,0,460.09076066060635,459.9999696221679,0.09076066060634957,-3.0377832104022673e-05,-0.06583247397500723,-2.806510301794598e-06
mimi,Q8,24000,20260826,460.0,226.4,295.30530859492376,226.4Hz_+49.6c,3,226.18174537203336,295.34371886670704,226.40000350959372,295.3053081184075,226.18174537203336,295.34371886670704,0.0,0.0,0,461.8949194835185,459.9999703692745,1.8949194835184926,-2.9630725521201384e-05,0.22516644351265314,-2.793587358914657e-06
mimi,Q8,24000,20260826,465.0,220.0,287.78741891555285,220Hz_ongrid,0,220.02204840545434,287.7973509342651,220.00000095709646,287.78741707461813,220.02204840545434,287.7973509342651,0.0,0.0,0,464.88625108721857,464.99998139391766,-0.11374891278143195,-1.8606082335281826e-05,0.05974671281456415,-1.1074455219476488e-05
mimi,Q8,24000,20260826,465.0,220.0,287.78741891555285,220Hz_ongrid,1,219.9297605661025,287.82828007222196,220.00000094455027,287.78741708475224,219.9297605661025,287.82828007222196,0.0,0.0,0,465.79860938811515,464.9999815536103,0.7986093881151533,-1.8446389674409147e-05,0.24578977242277233,-1.1013491834389968e-05
mimi,Q8,24000,20260826,465.0,220.0,287.78741891555285,220Hz_ongrid,2,220.1344398408545,287.8797301098343,220.00000094917038,287.7874170706316,220.1344398408545,287.8797301098343,0.0,0.0,0,464.49760758978516,464.99998143230835,-0.5023924102148385,-1.856769165442529e-05,0.5552246095351118,-1.1098436903328512e-05
mimi,Q8,24000,20260826,465.0,220.0,287.78741891555285,220Hz_ongrid,3,219.872848143407,287.82360999460394,220.00000093121767,287.78741706995,219.872848143407,287.82360999460394,0.0,0.0,0,466.2185783496168,464.99998156948226,1.2185783496167915,-1.8430517741307995e-05,0.21769988850587904,-1.1102537225211157e-05
mimi,Q8,24000,20260826,465.0,226.4,296.1594165567326,226.4Hz_+49.6c,0,226.41122481512497,296.1294700033776,226.40000346885353,296.1594162740285,226.41122481512497,296.1294700033776,0.0,0.0,0,464.73910339950413,464.9999718218144,-0.2608966004958688,-2.81781855733243e-05,-0.17506488485925403,-1.6525794370538039e-06
mimi,Q8,24000,20260826,465.0,226.4,296.1594165567326,226.4Hz_+49.6c,1,226.39400958838962,296.1690028119988,226.40000354255042,296.15941634074227,226.39400958838962,296.1690028119988,0.0,0.0,0,465.10184470120663,464.9999716482526,0.10184470120663036,-2.8351747403121408e-05,0.05603665459426443,-1.2625964084125276e-06
mimi,Q8,24000,20260826,465.0,226.4,296.1594165567326,226.4Hz_+49.6c,2,226.31672953817912,296.0425374667712,226.40000341447265,296.1594162867511,226.31672953817912,296.0425374667712,0.0,0.0,0,464.9535040916793,464.9999723120252,-0.04649590832070771,-2.7687974807122373e-05,-0.683365062940509,-1.5782081747236012e-06
mimi,Q8,24000,20260826,465.0,226.4,296.1594165567326,226.4Hz_+49.6c,3,226.32131056403708,296.245874496337,226.4000034536792,296.15941628341375,226.32131056403708,296.245874496337,0.0,0.0,0,466.10715256917285,464.99997199271183,1.1071525691728539,-2.8007288165099453e-05,0.5053261075774607,-1.597716849944138e-06
mimi,Q8,24000,20260826,470.0,220.0,288.61978297623875,220Hz_ongrid,0,220.07944514013346,288.5606098904076,220.00000095579543,288.6197833485944,220.07944514013346,288.5606098904076,0.0,0.0,0,469.01996398493475,469.99999471211964,-0.9800360150652523,-5.287880355808738e-06,-0.35497554180371593,2.2335085301333625e-06
mimi,Q8,24000,20260826,470.0,220.0,288.61978297623875,220Hz_ongrid,1,219.86534313333493,288.54075729690703,220.00000095233048,288.61978334977124,219.86534313333493,288.54075729690703,0.0,0.0,0,470.58588610807845,469.9999947464451,0.585886108078455,-5.253554888895451e-06,-0.47408628316801843,2.240567857042168e-06
mimi,Q8,24000,20260826,470.0,220.0,288.61978297623875,220Hz_ongrid,2,219.9456580714419,288.68280101180744,220.00000096126104,288.6197832924252,219.9456580714419,288.68280101180744,0.0,0.0,0,470.8056439421243,469.99999433218875,0.8056439421242771,-5.66781125144189e-06,0.3779611328307161,1.8965878917223937e-06
mimi,Q8,24000,20260826,470.0,220.0,288.61978297623875,220Hz_ongrid,3,219.96080238236428,288.68976912114124,220.0000009228062,288.61978334308617,219.96080238236428,288.68976912114124,0.0,0.0,0,470.72823162497394,469.9999949386797,0.7282316249739438,-5.061320280219661e-06,0.41974845963136836,2.2004683892153263e-06
mimi,Q8,24000,20260826,470.0,226.4,297.0159948446384,226.4Hz_+49.6c,0,226.39715880328288,296.9639649282365,226.40000350412484,297.01599808534854,226.39735127750396,296.9639649282365,-0.001471828468325582,0.0,0,469.7184298774254,469.9999920939928,-0.28157012257457836,-7.906007226665679e-06,-0.303296303497638,1.8889311805639388e-05
mimi,Q8,24000,20260826,470.0,226.4,297.0159948446384,226.4Hz_+49.6c,1,226.60397021711816,297.22239609256417,226.4000034574345,297.0159980811478,113.30102117638704,297.22239609256417,1200.0147287736786,0.0,0,469.64362893585053,469.999992426539,-0.35637106414947084,-7.573461004994897e-06,1.2026448913380015,1.8864826735767106e-05
mimi,Q8,24000,20260826,470.0,226.4,297.0159948446384,226.4Hz_+49.6c,2,226.53304803767335,296.87146636544514,226.4000035467918,297.01599807965096,226.53304803767335,296.87146636544514,0.0,0.0,0,468.14028154863354,469.9999917345176,-1.8597184513664615,-8.265482392744161e-06,-0.8426264082722811,1.8856102139710484e-05
mimi,Q8,24000,20260826,470.0,226.4,297.0159948446384,226.4Hz_+49.6c,3,226.3512349658185,296.99039612683754,226.400003533363,297.01599806567623,226.3512349658185,296.99039612683754,0.0,0.0,0,470.2237211770203,469.9999917557496,0.22372117702030891,-8.244250409461529e-06,-0.14921513495589955,1.8774646564690293e-05
mimi,Q8,24000,20260826,475.0,220.0,289.45455447340026,220Hz_ongrid,0,220.09665220382396,289.5170774884964,220.0000009482688,289.4545549805147,220.09665220382396,289.5170774884964,0.0,0.0,0,474.61349823133395,474.99999557090223,-0.3865017686660508,-4.429097771208035e-06,0.3739111453135801,3.033062257243303e-06
mimi,Q8,24000,20260826,475.0,220.0,289.45455447340026,220Hz_ongrid,1,219.97049760876297,289.4992723140535,220.00000095020124,289.4545549296492,219.97049760876297,289.4992723140535,0.0,0.0,0,475.4996148623647,474.99999525146785,0.49961486236469455,-4.74853214882387e-06,0.2674377296135122,2.7288350210122874e-06
mimi,Q8,24000,20260826,475.0,220.0,289.45455447340026,220Hz_ongrid,2,220.45432873985385,289.3870138802484,220.00000094990108,289.45455487542245,110.23310335339902,289.3870138802484,1199.9067245040353,0.0,0,471.0244531974421,474.9999949294986,-3.975546802557915,-5.070501401860383e-06,-0.4040089084200565,2.4045034644290886e-06
mimi,Q8,24000,20260826,475.0,220.0,289.45455447340026,220Hz_ongrid,3,219.44677373461,289.6293418549665,220.000000955875,289.454554933852,109.71541309529029,289.6293418549665,1200.1258160873995,0.0,0,480.4040480155746,474.99999523195663,5.404048015574574,-4.768043368130748e-06,1.0450916608890957,2.7539720524737985e-06
mimi,Q8,24000,20260826,475.0,226.4,297.87505060353556,226.4Hz_+49.6c,0,226.5138857224403,297.80320724533243,226.4000034498501,297.8750499797236,226.5138857224403,297.80320724533243,0.0,0.0,0,473.7117581960084,474.9999699941468,-1.288241803991582,-3.0005853204784216e-05,-0.4176001621170265,-3.625562135537392e-06
mimi,Q8,24000,20260826,475.0,226.4,297.87505060353556,226.4Hz_+49.6c,1,226.66582756254533,297.81376637079313,226.40000340555395,297.87504994922983,113.33170186702125,297.81376637079313,1200.0185128782507,0.0,0,472.6122465862686,474.99997015564213,-2.3877534137313887,-2.9844357868569205e-05,-0.35621736633516843,-3.8027902977335145e-06
mimi,Q8,24000,20260826,475.0,226.4,297.87505060353556,226.4Hz_+49.6c,2,226.43219535425695,297.88882269869475,226.40000342678533,297.8750499715116,226.43219535425695,297.88882269869475,0.0,0.0,0,474.83386711626554,474.9999701227906,-0.16613288373446267,-2.987720938563143e-05,0.08004083879314679,-3.6732898589812795e-06
mimi,Q8,24000,20260826,475.0,226.4,297.87505060353556,226.4Hz_+49.6c,3,226.31769923907714,297.93884286660403,226.40000346330513,297.87504992270715,226.31769923907714,297.93884286660403,0.0,0.0,0,476.00016890610823,474.99996955988246,1.0001689061082288,-3.0440117541274958e-05,0.3707175664199859,-3.956938797031369e-06
mimi,Q8,24000,20260826,480.0,220.0,290.29174037003673,220Hz_ongrid,0,220.28209738587566,290.3286771734333,220.00000093495936,290.2917403028752,220.28209738587566,290.3286771734333,0.0,0.0,0,478.0017970897128,479.9999922420391,-1.9982029102872048,-7.757960872822878e-06,0.22026869830229998,-4.005360762907868e-07
mimi,Q8,24000,20260826,480.0,220.0,290.29174037003673,220Hz_ongrid,1,219.71612965037713,290.34589399290576,220.00000094492555,290.2917403038301,219.71612965037713,290.34589399290576,0.0,0.0,0,482.5582177450261,479.9999921693077,2.558217745026127,-7.830692311472376e-06,0.32292979481379464,-3.948412168565867e-07
mimi,Q8,24000,20260826,480.0,220.0,290.29174037003673,220Hz_ongrid,2,219.96925436368667,290.34425892357604,220.000000937106,290.2917402965052,219.96925436368667,290.34425892357604,0.0,0.0,0,480.55514227723467,479.9999921871574,0.5551422772346655,-7.8128426252988e-06,0.3131804037418455,-4.385253190031436e-07
mimi,Q8,24000,20260826,480.0,220.0,290.29174037003673,220Hz_ongrid,3,219.8871681755446,290.1304087795546,220.00000094676415,290.2917402874817,219.8871681755446,290.1304087795546,0.0,0.0,0,479.9257166696832,479.9999920573408,-0.07428333031680268,-7.942659181026102e-06,-0.9624124449242885,-4.92339616786668e-07
mimi,Q8,24000,20260826,480.0,226.4,298.7365909989833,226.4Hz_+49.6c,0,226.38182768620172,298.71722974301036,226.40000349106228,298.73659101548543,226.38169300580284,298.71722974301036,0.00102995617635674,0.0,0,480.02675979658284,479.99997340020104,0.026759796582837225,-2.6599798957249732e-05,-0.11220571170869832,9.563304464928673e-08
mimi,Q8,24000,20260826,480.0,226.4,298.7365909989833,226.4Hz_+49.6c,1,226.35512720687126,299.3718834975421,226.40000356295002,298.73659098553395,226.35512720687126,299.3718834975421,0.0,0.0,0,484.02089591637946,479.99997267691606,4.020895916379459,-2.7323083941155346e-05,3.6777289242135445,-7.794128889547371e-08
mimi,Q8,24000,20260826,480.0,226.4,298.7365909989833,226.4Hz_+49.6c,2,226.32328628085557,298.5654396929835,226.40000338464554,298.73659097727455,226.32328628085557,298.5654396929835,0.0,0.0,0,479.59457552506564,479.9999739925086,-0.40542447493436384,-2.6007491385371395e-05,-0.9921378511142505,-1.258060548274018e-07
mimi,Q8,24000,20260826,480.0,226.4,298.7365909989833,226.4Hz_+49.6c,3,226.7981508812867,298.7264053597097,226.4000033888817,298.73659102573504,226.7981508812867,298.7264053597097,0.0,0.0,0,476.89906773775226,479.9999742409533,-3.1009322622477384,-2.5759046707207744e-05,-0.05902867836526934,1.5503149142696344e-07
mimi,Q8,24000,20260826,485.0,220.0,291.13134764928645,220Hz_ongrid,0,219.9099521612831,291.18227316022535,220.00000093962373,291.13134496427915,219.9099521612831,291.18227316022535,0.0,0.0,0,486.01155945177294,484.9999766392759,1.0115594517729392,-2.3360724071608274e-05,0.3028058268867311,-1.596659418294415e-05
mimi,Q8,24000,20260826,485.0,220.0,291.13134764928645,220Hz_ongrid,1,220.0072895401904,291.12572214804135,220.00000095229308,291.13134500660374,110.00174982406833,291.12572214804135,1200.0298228603804,0.0,0,484.9091849860762,484.9999767912638,-0.09081501392381597,-2.3208736195101665e-05,-0.033452781611746925,-1.5714907879637736e-05
mimi,Q8,24000,20260826,485.0,220.0,291.13134764928645,220Hz_ongrid,2,220.14506554858082,291.0997348881356,220.00000093481827,291.13134498266436,220.14506554858082,291.0997348881356,0.0,0.0,0,483.67082193343236,484.99997678642023,-1.3291780665676356,-2.3213579765979375e-05,-0.1879978248659184,-1.5857265143544426e-05
mimi,Q8,24000,20260826,485.0,220.0,291.13134764928645,220Hz_ongrid,3,219.93545488756587,291.1436529949916,220.00000094550447,291.13134505040233,219.93545488756587,291.1436529949916,0.0,0.0,0,485.5811689705028,484.9999771051367,0.5811689705028016,-2.2894863320743752e-05,0.07317310016726748,-1.5454456424758436e-05
mimi,Q8,24000,20260826,485.0,226.4,299.6006232172657,226.4Hz_+49.6c,0,226.3966406470087,299.5551281091765,226.40000339173713,299.60062332670077,226.3966406470087,299.5551281091765,0.0,0.0,0,484.76277626260566,484.9999746964542,-0.23722373739434488,-2.5303545783117443e-05,-0.2629122066074592,6.323675396618056e-07
mimi,Q8,24000,20260826,485.0,226.4,299.6006232172657,226.4Hz_+49.6c,1,226.16381276673326,299.5061925002105,226.40000352302303,299.60062332941294,226.16381276673326,299.5061925002105,0.0,0.0,0,486.26126639133525,484.9999737082103,1.2612663913352549,-2.6291789708920987e-05,-0.5457513408585212,6.480395990720938e-07
mimi,Q8,24000,20260826,485.0,226.4,299.6006232172657,226.4Hz_+49.6c,2,226.31789537869895,299.73598435111825,226.4000034573233,299.60062334815336,226.31789537869895,299.73598435111825,0.0,0.0,0,486.40995494104436,484.99997431889375,1.4099549410443615,-2.568110625134068e-05,0.7820039853100265,7.563309194413937e-07
mimi,Q8,24000,20260826,485.0,226.4,299.6006232172657,226.4Hz_+49.6c,3,226.36837272850744,299.554135833463,226.40000347691293,299.6006233080693,113.18067443987728,299.554135833463,1200.053718258542,0.0,0,484.9732171831888,484.9999739374712,-0.02678281681119188,-2.6062528775128158e-05,-0.2686469251459017,5.247062692093311e-07
mimi,Q8,24000,20260826,490.0,220.0,291.973383314485,220Hz_ongrid,0,220.0022776775156,291.9926220506876,220.000000951587,291.9733843414264,220.0022776775156,291.9926220506876,0.0,0.0,0,490.09614735899424,489.9999986008997,0.09614735899424431,-1.3991003129376622e-06,0.11407087015691957,6.0891714970050436e-06
mimi,Q8,24000,20260826,490.0,220.0,291.973383314485,220Hz_ongrid,1,220.48196832239614,291.8774838199556,220.00000094809414,291.9733842791399,220.48196832239614,291.8774838199556,0.0,0.0,0,485.64269910229643,489.9999982590625,-4.357300897703567,-1.7409374777344055e-06,-0.568722189368086,5.719848456639827e-06
mimi,Q8,24000,20260826,490.0,220.0,291.973383314485,220Hz_ongrid,2,219.22149159174626,291.99675870956,220.00000095108143,291.97338428945557,109.61867670619158,291.99675870956,1199.874740700106,0.0,0,496.27573609671254,489.99999829672095,6.275736096712535,-1.7032790537996334e-06,0.13859708561705752,5.781014041415202e-06
mimi,Q8,24000,20260826,490.0,220.0,291.973383314485,220Hz_ongrid,3,219.85303962133383,292.1165552449548,220.00000095038854,291.9733843065896,219.85303962133383,292.1165552449548,0.0,0.0,0,492.00557279743526,489.99999840376825,2.0055727974352635,-1.5962317547746352e-06,0.8487190396582558,5.882609303133798e-06
mimi,Q8,24000,20260826,490.0,226.4,300.4671544654518,226.4Hz_+49.6c,0,226.41878840197384,300.38652205125067,226.40000345370115,300.46715185356163,226.41878840197384,100.17281653341394,0.0,1901.1948225368064,0,489.39168409429396,489.99995854105094,-0.6083159057060357,-4.145894905605019e-05,-0.4646508366919333,-1.504920977033851e-05
mimi,Q8,24000,20260826,490.0,226.4,300.4671544654518,226.4Hz_+49.6c,1,226.45562653855922,300.5765044521281,226.40000354933446,300.4671518822781,226.45562653855922,300.5765044521281,0.0,0.0,0,490.20462659909083,489.9999579752215,0.2046265990908296,-4.202477850867581e-05,0.6299390051919848,-1.48837511242043e-05
mimi,Q8,24000,20260826,490.0,226.4,300.4671544654518,226.4Hz_+49.6c,2,226.3823422782104,300.43673810103496,226.40000333407843,300.4671518883227,226.38253330612324,300.43673810103496,-0.0014608643244819915,0.0,0,489.95976809570556,489.9999596560678,-0.04023190429444412,-4.034393219853882e-05,-0.1752621223581968,-1.4848923278750163e-05
mimi,Q8,24000,20260826,490.0,226.4,300.4671544654518,226.4Hz_+49.6c,3,226.1694089151607,300.62631297465646,226.40000349818192,300.4671518531588,113.08586301106365,300.62631297465646,1199.9822635875178,0.0,0,492.6809789562843,489.99995819859447,2.6809789562843207,-4.180140552989542e-05,0.9167979746861058,-1.5051530845066291e-05
mimi,Q8,24000,20260826,495.0,220.0,292.8178543892235,220Hz_ongrid,0,219.1258049948788,292.9444247906585,220.00000094418237,292.8178555112409,219.1258049948788,292.9444247906585,0.0,0.0,0,502.6411228780016,494.99999920372744,7.6411228780016245,-7.962725590004993e-07,0.7481635460902606,6.63373067970764e-06
mimi,Q8,24000,20260826,495.0,220.0,292.8178543892235,220Hz_ongrid,1,219.9531504868219,292.78738055196646,220.00000095318748,292.81785554545894,219.9531504868219,292.78738055196646,0.0,0.0,0,495.18852901173875,494.99999933517216,0.18852901173875125,-6.648278372267669e-07,-0.18018057751147423,6.836038594971943e-06
mimi,Q8,24000,20260826,495.0,220.0,292.8178543892235,220Hz_ongrid,2,220.04999308876862,292.7937490702192,220.00000095246753,292.8178555461172,220.04999308876862,292.7937490702192,0.0,0.0,0,494.46411247047524,494.9999993447294,-0.5358875295247572,-6.552705826834426e-07,-0.14252432431636902,6.839930373747525e-06
mimi,Q8,24000,20260826,495.0,220.0,292.8178543892235,220Hz_ongrid,3,219.2424578425734,292.7209127480064,220.00000094781856,292.8178555687856,109.62078719065062,292.7209127480064,1200.0069762094995,0.0,0,500.39832714062044,494.9999995153361,5.398327140620438,-4.846638717026508e-07,-0.5732452947611857,6.973953409223532e-06
mimi,Q8,24000,20260826,495.0,226.4,301.33619197145543,226.4Hz_+49.6c,0,226.36195655520925,301.2816272399568,226.4000035680369,301.3361914497339,226.36195655520925,301.2816272399568,0.0,0.0,0,494.97742160808133,494.9999697185688,-0.02257839191867106,-3.0281431179446372e-05,-0.3135132028801055,-2.9973898659764624e-06
mimi,Q8,24000,20260826,495.0,226.4,301.33619197145543,226.4Hz_+49.6c,1,226.47930426933146,301.3934523126682,226.40000351158616,301.3361914597899,226.47930426933146,301.3934523126682,0.0,0.0,0,494.7226231724957,494.9999702080096,-0.2773768275043267,-2.9791990414196334e-05,0.3289403586071307,-2.9396163251552175e-06
mimi,Q8,24000,20260826,495.0,226.4,301.33619197145543,226.4Hz_+49.6c,2,226.42015173445864,301.33765814333367,226.400003440263,301.33619144430963,226.42015173445864,301.33765814333367,0.0,0.0,0,494.85433412279906,494.9999706644658,-0.14566587720094049,-2.9335534179608658e-05,0.008423417332348112,-3.0285535038136405e-06
mimi,Q8,24000,20260826,495.0,226.4,301.33619197145543,226.4Hz_+49.6c,3,226.1147310500349,301.3800678445644,226.40000346602682,301.3361914480416,226.1147310500349,100.45039512281276,0.0,1902.1209200071696,0,497.43482514177595,494.99997048889605,2.4348251417759457,-2.9511103946333606e-05,0.2520569317844578,-3.0071127779806423e-06
mimi,Q8,24000,20260826,500.0,220.0,293.6647679174076,220Hz_ongrid,0,219.99503914240037,293.6073453931139,220.0000009559281,293.66476741834873,109.99395247524673,293.6073453931139,1200.056142885122,0.0,0,499.70048407512525,499.9999895354789,-0.2995159248747541,-1.0464521096764656e-05,-0.3385545722475164,-2.9420882812553507e-06
mimi,Q8,24000,20260826,500.0,220.0,293.6647679174076,220Hz_ongrid,1,219.9935421637679,293.74038176442536,220.00000093194626,293.66476738608367,109.99811439710425,293.74038176442536,1199.9788577535066,0.0,0,500.4965259563038,499.9999895339863,0.4965259563037989,-1.0466013691257103e-05,0.4457069105780374,-3.132299546613728e-06
mimi,Q8,24000,20260826,500.0,220.0,293.6647679174076,220Hz_ongrid,2,219.9739321496037,293.6639193751255,220.00000094401858,293.6647674156487,219.9739321496037,293.6639193751255,0.0,0.0,0,500.2001440773818,499.9999896132804,0.20014407738182172,-1.0386719623056706e-05,-0.005002395839293096,-2.95800559503169e-06
mimi,Q8,24000,20260826,500.0,220.0,293.6647679174076,220Hz_ongrid,3,220.11569594058852,293.7147528815171,220.00000093247215,293.6647673748519,220.11569594058852,293.7147528815171,0.0,0.0,0,499.38444947750435,499.99998946363377,-0.6155505224956528,-1.0536366232827277e-05,0.2946499459123146,-3.198513795951879e-06
mimi,Q8,24000,20260826,500.0,226.4,302.2077429840958,226.4Hz_+49.6c,0,226.27285750166084,302.3834387247812,226.4000035408563,302.20774172225396,226.27285750166084,302.3834387247812,0.0,0.0,0,501.97870762327574,499.9999656951878,1.9787076232757386,-3.430481217492343e-05,1.0062020959460092,-7.228615274107215e-06
mimi,Q8,24000,20260826,500.0,226.4,302.2077429840958,226.4Hz_+49.6c,1,226.1703503769439,302.259683370895,226.40000351837506,302.2077417301903,226.1703503769439,302.259683370895,0.0,0.0,0,502.0544957899332,499.9999659125618,2.054495789933185,-3.408743822319593e-05,0.297521297093081,-7.183150963605237e-06
mimi,Q8,24000,20260826,500.0,226.4,302.2077429840958,226.4Hz_+49.6c,2,226.47965672474987,302.3698331251014,226.40000357840577,302.20774174261453,226.47965672474987,302.3698331251014,0.0,0.0,0,500.31929289287825,499.99996552469304,0.31929289287825213,-3.447530696121248e-05,0.9283042869585661,-7.111977233249629e-06
mimi,Q8,24000,20260826,500.0,226.4,302.2077429840958,226.4Hz_+49.6c,3,226.46091195592268,302.1490733936693,226.40000346515026,302.2077417038825,226.46091195592268,302.1490733936693,0.0,0.0,0,499.1981529391641,499.99996616885306,-0.8018470608358825,-3.3831146936336154e-05,-0.3361285590156334,-7.333858406507629e-06
mimi,Q8,24000,20260826,505.0,220.0,294.5141309633156,220Hz_ongrid,0,220.53115830979166,294.66139423304577,220.00000093096355,294.5141302185485,220.53115830979166,294.66139423304577,0.0,0.0,0,501.69065958501386,504.99998829607586,-3.3093404149861385,-1.1703924144512712e-05,0.8654371444161466,-4.3779434242095145e-06
mimi,Q8,24000,20260826,505.0,220.0,294.5141309633156,220Hz_ongrid,1,219.2625286295875,294.45380956536764,220.00000094290917,294.5141302306257,109.63417421164672,294.45380956536764,1199.9540491876396,0.0,0,510.4584701258218,504.999988273066,5.458470125821805,-1.1726934019407054e-05,-0.35462187733422307,-4.306950175018907e-06
mimi,Q8,24000,20260826,505.0,220.0,294.5141309633156,220Hz_ongrid,2,219.89664350040226,294.3882271088048,220.00000095604204,294.5141302049334,219.89664350040226,294.3882271088048,0.0,0.0,0,505.07327351073184,504.999988018694,0.07327351073183763,-1.1981305988228996e-05,-0.7402552907833164,-4.457976678951523e-06
mimi,Q8,24000,20260826,505.0,220.0,294.5141309633156,220Hz_ongrid,3,219.88410302051173,294.509683736535,220.00000095479166,294.51413023208926,219.88410302051173,294.509683736535,0.0,0.0,0,505.88611991364024,504.999988188163,0.8861199136402433,-1.1811836998276704e-05,-0.026142204218225606,-4.298347052778881e-06
mimi,Q8,24000,20260826,505.0,226.4,303.08181477315753,226.4Hz_+49.6c,0,226.38042287907456,303.1268051000328,226.40000349404085,303.0818145305506,226.38042287907456,303.1268051000328,0.0,0.0,0,505.40667890945946,504.9999718959964,0.4066789094594583,-2.810400360431231e-05,0.2569702355085906,-1.3857953867037268e-06
mimi,Q8,24000,20260826,505.0,226.4,303.08181477315753,226.4Hz_+49.6c,1,226.4915926114248,303.1224574445318,226.40000345296986,303.08181453700934,226.4915926114248,303.1224574445318,0.0,0.0,0,504.53189134545653,504.99997224695073,-0.46810865454347095,-2.7753049266721064e-05,0.23213949441863208,-1.3489024846581031e-06
mimi,Q8,24000,20260826,505.0,226.4,303.08181477315753,226.4Hz_+49.6c,2,226.4210081971171,303.05916632656067,226.40000356746984,303.0818145486563,226.4210081971171,303.05916632656067,0.0,0.0,0,504.70998705086186,504.99997143792166,-0.2900129491381449,-2.856207834156521e-05,-0.12937505678643932,-1.2823735948392567e-06
mimi,Q8,24000,20260826,505.0,226.4,303.08181477315753,226.4Hz_+49.6c,3,226.45334960025005,303.0555603055297,226.40000345947283,303.0818145526582,226.45334960025005,303.0555603055297,0.0,0.0,0,504.4421200052243,504.9999722866117,-0.5578799947757034,-2.7713388305983244e-05,-0.14997467635110825,-1.2595143917709624e-06
mimi,Q8,24000,20260826,510.0,220.0,295.365950611658,220Hz_ongrid,0,219.99786506528807,295.3700214706468,220.00000094569512,295.36595429712764,219.99786506528807,295.3700214706468,0.0,0.0,0,510.0406608458554,510.0000141598062,0.0406608458554274,1.415980619867696e-05,0.02386043858378662,2.16017132191182e-05
mimi,Q8,24000,20260826,510.0,220.0,295.365950611658,220Hz_ongrid,1,220.16315663160162,295.3624114304402,220.00000093598172,295.365954169944,220.16315663160162,295.3624114304402,0.0,0.0,0,508.6958118433659,510.0000134907793,-1.3041881566340976,1.3490779281255527e-05,-0.02074439428957549,2.0856249228313092e-05
mimi,Q8,24000,20260826,510.0,220.0,295.365950611658,220Hz_ongrid,2,219.98191170459384,295.3854021258258,220.00000094446187,295.3659541824509,219.98191170459384,295.3854021258258,0.0,0.0,0,510.256354867353,510.0000134973536,0.25635486735302493,1.3497353620550712e-05,0.11400777497780513,2.092955605513053e-05
mimi,Q8,24000,20260826,510.0,220.0,295.365950611658,220Hz_ongrid,3,219.6276375777835,295.3809567584288,220.00000092476157,295.36595428521247,219.6276375777835,295.3809567584288,0.0,0.0,0,513.0206475357722,510.0000142546986,3.020647535772241,1.4254698612603534e-05,0.08795357848321242,2.1531874549956184e-05
mimi,Q8,24000,20260826,510.0,226.4,303.9584146294517,226.4Hz_+49.6c,0,226.37019441558905,304.0841491151163,226.40000366580432,303.9584160678144,226.37019441558905,304.0841491151163,0.0,0.0,0,510.9439209303239,509.9999801607308,0.943920930323884,-1.983926921411694e-05,0.7159887771231019,8.19237923735378e-06
mimi,Q8,24000,20260826,510.0,226.4,303.9584146294517,226.4Hz_+49.6c,1,226.56830677113274,304.1214260520996,226.40000358306483,303.95841602207474,113.28259940761515,304.1214260520996,1200.0237484053378,0.0,0,509.64167456797094,509.9999805329063,-0.3583254320290621,-1.9467093693492643e-05,0.928203545504431,7.931863012748362e-06
mimi,Q8,24000,20260826,510.0,226.4,303.9584146294517,226.4Hz_+49.6c,2,226.3092442548628,303.96404193182894,226.4000035256567,303.9584160767368,226.3092442548628,303.96404193182894,0.0,0.0,0,510.7261803017054,509.99998128322926,0.7261803017054262,-1.8716770739501953e-05,0.03205072415071322,8.243197626346715e-06
mimi,Q8,24000,20260826,510.0,226.4,303.9584146294517,226.4Hz_+49.6c,3,226.6447304906224,304.02733217392074,226.4000036262397,303.95841606982685,226.6447304906224,304.02733217392074,0.0,0.0,0,508.5220914080958,509.99998047473525,-1.4779085919042245,-1.9525264747244364e-05,0.39248420115507704,8.203841225467212e-06
mimi,Q8,24000,20260826,515.0,220.0,296.2202339676361,220Hz_ongrid,0,219.9776518336277,296.1334097849534,220.0000009625719,296.22023347197694,219.9776518336277,296.1334097849534,0.0,0.0,0,514.668361187188,514.999989528447,-0.33163881281200247,-1.0471552968738251e-05,-0.507510957362777,-2.8968378956882247e-06
mimi,Q8,24000,20260826,515.0,220.0,296.2202339676361,220Hz_ongrid,1,220.09307694155018,296.1323418802642,220.00000094240048,296.2202333932709,220.09307694155018,296.1323418802642,0.0,0.0,0,513.7539554997683,514.9999892271903,-1.2460445002317329,-1.0772809673653683e-05,-0.513754076955224,-3.3568285435778045e-06
mimi,Q8,24000,20260826,515.0,220.0,296.2202339676361,220Hz_ongrid,2,220.05574262708956,295.9447252942059,220.00000092961446,296.22023345874027,220.05574262708956,295.9447252942059,0.0,0.0,0,512.9504667797154,514.9999897104367,-2.0495332202846157,-1.0289563306287164e-05,-1.6109363555239244,-2.9741985316250367e-06
mimi,Q8,24000,20260826,515.0,220.0,296.2202339676361,220Hz_ongrid,3,220.02914274018852,296.18166267274535,220.00000094978654,296.22023341586265,220.02914274018852,296.18166267274535,0.0,0.0,0,514.5452424643752,514.999989301103,-0.4547575356248217,-1.0698896971916838e-05,-0.22544134144246522,-3.224793105324676e-06
mimi,Q8,24000,20260826,515.0,226.4,304.83754986487645,226.4Hz_+49.6c,0,226.6101659861256,304.8149767117485,226.40000352707764,304.83754778765666,113.30180619366398,304.8149767117485,1200.0500682632548,0.0,0,513.2654473259207,514.9999612322147,-1.734552674079282,-3.876778532685421e-05,-0.12820224506311192,-1.1796951040574022e-05
mimi,Q8,24000,20260826,515.0,226.4,304.83754986487645,226.4Hz_+49.6c,1,226.2484981435016,304.5969665661476,226.40000335979144,304.83754778097415,226.2484818140299,304.5969665661476,0.00012495171760768662,0.0,0,514.7920305888572,514.9999624734663,-0.20796941114281253,-3.752653367428138e-05,-1.3668606185002299,-1.183490241903492e-05
mimi,Q8,24000,20260826,515.0,226.4,304.83754986487645,226.4Hz_+49.6c,2,226.26270340770756,305.0391343124863,226.40000337294086,304.8375477796684,226.26270340770756,305.0391343124863,0.0,0.0,0,517.194657609478,514.9999623654999,2.1946576094779857,-3.763450013138936e-05,1.144460449884184,-1.1842317902962251e-05
mimi,Q8,24000,20260826,515.0,226.4,304.83754986487645,226.4Hz_+49.6c,3,226.55026121898248,304.9983655631093,226.40000360746274,304.83754777299765,226.55026121898248,304.9983655631093,0.0,0.0,0,514.7644286468584,514.999960534275,-0.2355713531416086,-3.946572496715817e-05,0.9130640285861018,-1.1880202393878287e-05
mimi,Q8,24000,20260826,520.0,220.0,297.07698815700184,220Hz_ongrid,0,219.97859212430157,296.9747127432267,220.00000093015836,297.0769877267843,219.97859212430157,296.9747127432267,0.0,0.0,0,519.5723532743581,519.9999901732369,-0.42764672564192097,-9.826763061937527e-06,-0.5961187559636419,-2.507118572836839e-06
mimi,Q8,24000,20260826,520.0,220.0,297.07698815700184,220Hz_ongrid,1,220.03968564718429,296.948097941856,220.0000009516054,297.0769877275021,220.03968564718429,296.948097941856,0.0,0.0,0,518.9364535742276,519.9999900086482,-1.0635464257724152,-9.991351817006944e-06,-0.7512784822577862,-2.5029354103650446e-06
mimi,Q8,24000,20260826,520.0,220.0,297.07698815700184,220Hz_ongrid,2,220.07633957419853,296.7659337100427,220.00000094912,297.07698772737155,220.07633957419853,296.7659337100427,0.0,0.0,0,517.5857311553972,519.9999900274453,-2.414268844602816,-9.972554721571214e-06,-1.8136381831262336,-2.503696352297861e-06
mimi,Q8,24000,20260826,520.0,220.0,297.07698815700184,220Hz_ongrid,3,219.9020452137269,297.0579821837539,220.00000091726287,297.0769877525052,219.9020452137269,297.0579821837539,0.0,0.0,0,520.6602399377034,519.9999904246048,0.6602399377034089,-9.575395210958959e-06,-0.11076199744590992,-2.3572285807309797e-06
mimi,Q8,24000,20260826,520.0,226.4,305.7192278124782,226.4Hz_+49.6c,0,226.38834878866936,305.81488533088105,226.4000035925742,305.7192288632485,226.38834878866936,305.81488533088105,0.0,0.0,0,520.6307036213868,519.9999784786537,0.6307036213868287,-2.15213462979591e-05,0.5416069216733502,5.950326792040638e-06
mimi,Q8,24000,20260826,520.0,226.4,305.7192278124782,226.4Hz_+49.6c,1,226.2623048450824,305.76434660465145,226.40000345952305,305.719228870609,226.2623048450824,305.76434660465145,0.0,0.0,0,521.3087276457221,519.9999795377499,1.308727645722115,-2.0462250063246756e-05,0.255480907984529,5.9920081117827345e-06
mimi,Q8,24000,20260826,520.0,226.4,305.7192278124782,226.4Hz_+49.6c,2,226.41288360630125,305.9175008454768,226.40000338920345,305.7192288653368,113.2052787839282,305.9175008454768,1200.0177858149073,0.0,0,521.0239057989825,519.9999800456137,1.0239057989824687,-1.9954386289100512e-05,1.1224212728876946,5.962152433144375e-06
mimi,Q8,24000,20260826,520.0,226.4,305.7192278124782,226.4Hz_+49.6c,3,226.25331240711162,305.6594612352087,226.40000350247126,305.71922886305003,226.25331240711162,305.6594612352087,0.0,0.0,0,520.7835725990212,519.9999791665286,0.7835725990212268,-2.0833471353398636e-05,-0.33848066917711334,5.949202773752843e-06
mimi,Q8,24000,20260826,525.0,220.0,297.93622032611637,220Hz_ongrid,0,219.9359559354498,298.0272992078994,220.00000094076816,297.9362235137484,219.9359559354498,298.0272992078994,0.0,0.0,0,526.0332079375714,525.0000111194092,1.033207937571433,1.1119409236926003e-05,0.529156088763872,1.852254510232751e-05
mimi,Q8,24000,20260826,525.0,220.0,297.93622032611637,220Hz_ongrid,1,220.1765086456638,298.0189847713093,220.0000009526912,297.936223569744,220.1765086456638,298.0189847713093,0.0,0.0,0,524.0924240419621,525.0000113509604,-0.9075759580379099,1.1350960448908154e-05,0.48085703511165984,1.884792186987942e-05
mimi,Q8,24000,20260826,525.0,220.0,297.93622032611637,220Hz_ongrid,2,220.30065187512574,297.9175225142502,220.00000094600802,297.93622350027937,220.30065187512574,297.9175225142502,0.0,0.0,0,522.5270598887315,525.0000109999103,-2.4729401112684855,1.0999910273312707e-05,-0.10865179230751648,1.844427975564426e-05
mimi,Q8,24000,20260826,525.0,220.0,297.93622032611637,220Hz_ongrid,3,220.27802469184024,297.93663510945134,220.00000093894968,297.9362235491384,110.13819966432519,297.93663510945134,1200.0127742859588,0.0,0,522.8159468768462,525.0000113393617,-2.1840531231538307,1.1339361662976444e-05,0.0024102021963954418,1.8728187783156914e-05
mimi,Q8,24000,20260826,525.0,226.4,306.6034558265125,226.4Hz_+49.6c,0,226.5355930983301,306.5308496224825,226.40000343039384,306.6034544974703,226.5355930983301,306.5308496224825,0.0,0.0,0,523.553439022073,524.9999662640602,-1.4465609779269926,-3.373593983724277e-05,-0.4100189210119989,-7.504426645353061e-06
mimi,Q8,24000,20260826,525.0,226.4,306.6034558265125,226.4Hz_+49.6c,1,226.63444809788987,306.58127029778484,226.40000355022713,306.6034544973171,226.6331222039807,306.58127029778484,0.010128378165246091,0.0,0,523.0828764716357,524.999965346855,-1.9171235283643,-3.465314500772365e-05,-0.12527494932697647,-7.505291762718431e-06
mimi,Q8,24000,20260826,525.0,226.4,306.6034558265125,226.4Hz_+49.6c,2,226.37468655985583,306.78866793773756,226.40000343968924,306.60345450044343,226.37468655985583,306.78866793773756,0.0,0.0,0,526.2390604851083,524.9999662097679,1.2390604851083253,-3.37902321234651e-05,1.0454830134733923,-7.487638832413009e-06
mimi,Q8,24000,20260826,525.0,226.4,306.6034558265125,226.4Hz_+49.6c,3,226.5029096287099,306.5543521513188,226.4000034539184,306.6034544910371,226.5029096287099,306.5543521513188,0.0,0.0,0,523.9359643858787,524.9999660478478,-1.0640356141212806,-3.395215219370584e-05,-0.2772857280956779,-7.540751580008259e-06
mimi,Q8,24000,20260826,530.0,220.0,298.79793764201065,220Hz_ongrid,0,220.0358619988419,298.7272151214303,220.00000094584502,298.7979347451425,220.0358619988419,298.7272151214303,0.0,0.0,0,529.3080016180029,529.9999757724707,-0.6919983819971094,-2.4227529252129898e-05,-0.40981450126433155,-1.6784442431495334e-05
mimi,Q8,24000,20260826,530.0,220.0,298.79793764201065,220Hz_ongrid,1,220.0573557556839,298.85123816943906,220.00000095670342,298.79793475414164,220.0573557556839,298.85123816943906,0.0,0.0,0,529.8575077925237,529.9999757391639,-0.14249220747626623,-2.42608360849772e-05,0.3087955004259134,-1.6732301475090086e-05
mimi,Q8,24000,20260826,530.0,220.0,298.79793764201065,220Hz_ongrid,2,220.02406026105095,298.7513993754762,220.00000093850255,298.7979347173381,220.02406026105095,298.7513993754762,0.0,0.0,0,529.5410107173658,529.9999756691514,-0.4589892826342066,-2.4330848646059167e-05,-0.26966352995747184,-1.6945541278365355e-05
mimi,Q8,24000,20260826,530.0,220.0,298.79793764201065,220Hz_ongrid,3,219.6691164042522,298.7902965272986,220.0000009459937,298.7979347396983,109.82315176567133,298.7902965272986,1200.1797998457662,0.0,0,532.5614911992676,529.9999757397569,2.561491199267607,-2.4260243094431644e-05,-0.044273154010296994,-1.6815986252241856e-05
mimi,Q8,24000,20260826,530.0,226.4,307.49024128250556,226.4Hz_+49.6c,0,226.43636100881815,307.4503343384256,226.40000348769738,307.49024115129623,226.43636100881815,307.4503343384256,0.0,0.0,0,529.4972782179578,529.9999725915627,-0.5027217820421583,-2.740843729043263e-05,-0.22469898140210784,-7.387358434178938e-07
mimi,Q8,24000,20260826,530.0,226.4,307.49024128250556,226.4Hz_+49.6c,1,226.4813800407458,307.5318309688475,226.400003555619,307.49024114319775,226.4813800407458,307.5318309688475,0.0,0.0,0,529.6119582043581,529.9999720265839,-0.3880417956419251,-2.7973416081295e-05,0.23414275501163956,-7.843320067855906e-07
mimi,Q8,24000,20260826,530.0,226.4,307.49024128250556,226.4Hz_+49.6c,2,226.41585309727304,307.52503377280556,226.40000349530084,307.4902411570103,226.41585309727304,307.52503377280556,0.0,0.0,0,530.0746567621771,529.9999725655922,0.0746567621771419,-2.743440779795492e-05,0.19587787935195466,-7.065644717119525e-07
mimi,Q8,24000,20260826,530.0,226.4,307.49024128250556,226.4Hz_+49.6c,3,226.33763971507182,307.3602367545007,226.40000346313334,307.49024114692486,226.33763971507182,307.3602367545007,0.0,0.0,0,529.7448145840085,529.999972754787,-0.255185415991491,-2.7245213004789548e-05,-0.732107323027494,-7.633475770517906e-07
mimi,Q8,24000,20260826,535.0,220.0,299.66214729244456,220Hz_ongrid,0,219.94423375514586,299.4576619080375,220.00000092523277,299.66214804905434,219.94423375514586,299.4576619080375,0.0,0.0,0,534.25712001961,534.9999970902674,-0.7428799803899437,-2.909732643274765e-06,-1.1817738900705184,4.371151444213818e-06
mimi,Q8,24000,20260826,535.0,220.0,299.66214729244456,220Hz_ongrid,1,219.43327876480754,299.7092326926362,220.00000093515297,299.6621480290833,219.43327876480754,299.7092326926362,0.0,0.0,0,539.7374270528097,534.9999968968245,4.737427052809721,-3.1031754588184413e-06,0.2720044730711473,4.255773119565147e-06
mimi,Q8,24000,20260826,535.0,220.0,299.66214729244456,220Hz_ongrid,2,219.98301529755025,299.6702373398859,220.00000093030707,299.66214805930275,219.98301529755025,299.6702373398859,0.0,0.0,0,535.1803998461577,534.9999971095443,0.1803998461576839,-2.8904556756970123e-06,0.04673789018900951,4.430359222899782e-06
mimi,Q8,24000,20260826,535.0,220.0,299.66214729244456,220Hz_ongrid,3,219.96725093176892,299.8565524828412,220.00000094670855,299.6621480235317,219.96725093176892,299.8565524828412,0.0,0.0,0,536.3804999519267,534.9999967738175,1.3804999519267085,-3.226182457183313e-06,1.1227703050883375,4.223699772802197e-06
mimi,Q8,24000,20260826,535.0,226.4,308.3795915773157,226.4Hz_+49.6c,0,226.50269806571762,308.39696066138896,226.40000339918353,308.37959508941367,113.256174573662,308.39682924190805,1199.9262352048015,0.0007377437445406674,0,534.3123739445845,534.9999937239612,-0.6876260554155351,-6.2760387891103164e-06,0.09750678636384713,1.971681567725881e-05
mimi,Q8,24000,20260826,535.0,226.4,308.3795915773157,226.4Hz_+49.6c,1,226.67187355952643,308.2639594642644,226.40000350713717,308.3795950717202,226.67187355952643,308.2639594642644,0.0,0.0,0,532.2730092457634,534.9999927991315,-2.7269907542365672,-7.200868481049838e-06,-0.6492770524825714,1.961748498259048e-05
mimi,Q8,24000,20260826,535.0,226.4,308.3795915773157,226.4Hz_+49.6c,2,226.40548330692394,308.63029428439546,226.40000347617834,308.3795951042657,226.40548330692394,308.63029428439546,0.0,0.0,0,536.364936699718,534.999993218577,1.3649366997179868,-6.781423053325852e-06,1.4068659077274244,1.9800194461348513e-05
mimi,Q8,24000,20260826,535.0,226.4,308.3795915773157,226.4Hz_+49.6c,3,226.44113171394554,308.51644051502603,226.4000035612729,308.37959508843096,226.44113171394554,308.51644051502603,0.0,0.0,0,535.4535983813497,534.9999924789804,0.45359838134970687,-7.521019597334089e-06,0.7680955367001328,1.9711298608059708e-05
mimi,Q8,24000,20260826,540.0,220.0,300.528856485967,220Hz_ongrid,0,220.00743309057032,300.7142005132286,220.00000094757021,300.52885744559933,220.00743309057032,300.7142005132286,0.0,0.0,0,541.0088765093099,539.9999980714191,1.0088765093098573,-1.9285809003122267e-06,1.067368337031841,5.528081864601974e-06
mimi,Q8,24000,20260826,540.0,220.0,300.528856485967,220Hz_ongrid,1,220.50239518957338,300.5370952987341,220.00000095177313,300.52885743728183,110.24964670310683,300.5370952987341,1200.024353253532,0.0,0,536.0984961278932,539.9999979904312,-3.9015038721067867,-2.0095687887078384e-06,0.04746006039679714,5.480167701988507e-06
mimi,Q8,24000,20260826,540.0,220.0,300.528856485967,220Hz_ongrid,2,220.00716420401895,300.4616416527822,220.0000009426654,300.52885748418225,220.00716420401895,300.4616416527822,0.0,0.0,0,539.5563812808058,539.9999983322781,-0.44361871919420537,-1.6677219036864699e-06,-0.3872427556092699,5.750343795484521e-06
mimi,Q8,24000,20260826,540.0,220.0,300.528856485967,220Hz_ongrid,3,219.91359522339647,300.40812703427304,220.00000094640356,300.5288574431013,109.95929354344604,100.15940173475258,1199.960702811664,1901.5511916654948,0,539.984457140881,539.9999980662095,-0.015542859119022978,-1.933790485963982e-06,-0.6956168318529167,5.513691432107427e-06
mimi,Q8,24000,20260826,540.0,226.4,309.2715141291951,226.4Hz_+49.6c,0,226.286551003142,309.0502868065922,226.4000035807349,309.2715165329528,226.286551003142,309.0502868065922,0.0,0.0,0,539.628913361414,539.9999860745673,-0.3710866385860072,-1.3925432654104952e-05,-1.238825120631373,1.3455707872024678e-05
mimi,Q8,24000,20260826,540.0,226.4,309.2715141291951,226.4Hz_+49.6c,1,226.6691109369939,309.57893860720134,226.40000350834345,309.2715164943811,75.48441430852431,309.57893860720134,1903.6045247812278,0.0,0,539.6634262970496,539.9999864122142,-0.33657370295043165,-1.3587785815616371e-05,1.7200400040683508,1.323979180184985e-05
mimi,Q8,24000,20260826,540.0,226.4,309.2715141291951,226.4Hz_+49.6c,2,226.0862355889639,309.40738858711853,226.4000035988538,309.2715164856636,226.0862355889639,309.40738858711853,0.0,0.0,0,543.1613841290508,539.9999856713015,3.1613841290508162,-1.432869851214491e-05,0.760428360187299,1.3190993109330322e-05
mimi,Q8,24000,20260826,540.0,226.4,309.2715141291951,226.4Hz_+49.6c,3,226.2070485621067,309.2024791895687,226.4000034998139,309.27151650433035,226.2070485621067,309.2024791895687,0.0,0.0,0,541.0896033207906,539.9999865331316,1.0896033207906157,-1.3466868381328823e-05,-0.38648557528367894,1.3295485677658935e-05
mimi,Q8,24000,20260826,545.0,220.0,301.39807245197613,220Hz_ongrid,0,219.76084055588052,301.3336119050388,220.00000094864754,301.3980748111429,219.76084055588052,301.3336119050388,0.0,0.0,0,546.512726381835,545.000006085941,1.512726381835023,6.085940981392923e-06,-0.37030173458972326,1.3551081438385896e-05
mimi,Q8,24000,20260826,545.0,220.0,301.39807245197613,220Hz_ongrid,1,220.2425264420807,301.448531387329,220.0000009519975,301.3980748231232,220.2425264420807,301.448531387329,0.0,0.0,0,543.3823634851539,545.0000061283941,-1.61763651484614,6.128394147708605e-06,0.2898124551426375,1.3619896420904355e-05
mimi,Q8,24000,20260826,545.0,220.0,301.39807245197613,220Hz_ongrid,2,219.95885761348384,301.54158996270917,220.0000009487109,301.3980748074919,219.95885761348384,301.54158996270917,0.0,0.0,0,546.1479598744758,545.000006064471,1.1479598744757595,6.064470994715521e-06,0.8241700501697055,1.3530110271011224e-05
mimi,Q8,24000,20260826,545.0,220.0,301.39807245197613,220Hz_ongrid,3,219.75519011957846,301.96478433876575,220.0000009383489,301.3980747982243,219.75519011957846,301.96478433876575,0.0,0.0,0,550.1796849398602,545.0000060927788,5.179684939860181,6.092778789934528e-06,3.252143190092908,1.3476876626745465e-05
mimi,Q8,24000,20260826,545.0,226.4,310.1660163778518,226.4Hz_+49.6c,0,226.44529916499192,310.05600285572046,226.40000348457593,310.1660140871298,226.44529916499192,310.05600285572046,0.0,0.0,0,544.0394768397656,544.9999605681893,-0.960523160234402,-3.943181070553692e-05,-0.6141644490607528,-1.2785978355891426e-05
mimi,Q8,24000,20260826,545.0,226.4,310.1660163778518,226.4Hz_+49.6c,1,226.37451105785803,310.13332954654544,226.40000358269546,310.16601411426245,226.37451105785803,310.13332954654544,0.0,0.0,0,545.012464015272,544.9999599693343,0.012464015272030338,-4.00306656729299e-05,-0.18245563448639565,-1.2634533611864915e-05
mimi,Q8,24000,20260826,545.0,226.4,310.1660163778518,226.4Hz_+49.6c,2,226.51738566920372,310.21250807617736,226.40000347855957,310.16601411530775,226.51738566920372,310.21250807617736,0.0,0.0,0,544.3620889779012,544.9999607714742,-0.6379110220988196,-3.9228525793078006e-05,0.2594803273104122,-1.2628699211130947e-05
mimi,Q8,24000,20260826,545.0,226.4,310.1660163778518,226.4Hz_+49.6c,3,226.27759507426464,310.1528923284477,226.40000339620147,310.1660141215376,226.27759507426464,310.1527292079691,0.0,0.0009105180311755214,0,545.8630030844671,544.9999614360224,0.8630030844670955,-3.8563977568628616e-05,-0.07325522686634105,-1.259392633652138e-05
mimi,Q8,24000,20260826,550.0,220.0,302.2698024407796,220Hz_ongrid,0,219.98718972725774,302.00877415895104,220.0000009466894,302.26980239368686,219.98718972725774,302.00877415895104,0.0,0.0,0,548.6051387679195,549.9999922805474,-1.3948612320805296,-7.719452582932718e-06,-1.4956713505262185,-2.697211437612682e-07
mimi,Q8,24000,20260826,550.0,220.0,302.2698024407796,220Hz_ongrid,1,220.12545865680272,302.2744343835577,220.00000092241228,302.26980238447845,220.12545865680272,302.2744343835577,0.0,0.0,0,549.0395454024732,549.9999924188494,-0.9604545975267911,-7.5811506121681305e-06,0.026529000071506267,-3.2246178111232646e-07
mimi,Q8,24000,20260826,550.0,220.0,302.2698024407796,220Hz_ongrid,2,220.0204692913331,302.34992925287065,220.00000091544743,302.2698023866793,220.0204692913331,302.34992925287065,0.0,0.0,0,550.2977908051979,549.9999924862627,0.2977908051979057,-7.513737273256993e-06,0.45886119448572543,-3.0985636188604287e-07
mimi,Q8,24000,20260826,550.0,220.0,302.2698024407796,220Hz_ongrid,3,219.8345452352051,302.23932773689603,220.00000095241765,302.2698024131803,219.8345452352051,302.23932773689603,0.0,0.0,0,551.1279430076111,549.9999923471179,1.1279430076110657,-7.652882118236448e-06,-0.17455102796427557,-1.5807352931767423e-07
mimi,Q8,24000,20260826,550.0,226.4,311.0631057845114,226.4Hz_+49.6c,0,226.30170993774,310.9504451518654,226.40000346756577,311.0631023680546,226.30170993774,310.9504451518654,0.0,0.0,0,550.124636216827,549.9999544698152,0.12463621682695702,-4.553018482056359e-05,-0.6271307918142774,-1.9014425743395123e-05
mimi,Q8,24000,20260826,550.0,226.4,311.0631057845114,226.4Hz_+49.6c,1,226.3380917377668,311.13176021659274,226.40000356905696,311.0631023875566,226.3380917377668,311.13176021659274,0.0,0.0,0,550.8555212377385,549.9999538022721,0.8555212377384578,-4.619772789737908e-05,0.3820568037946785,-1.8905886476581803e-05
mimi,Q8,24000,20260826,550.0,226.4,311.0631057845114,226.4Hz_+49.6c,2,226.50582908637523,311.0526917488748,226.40000342810922,311.0631023440618,226.50582908637523,311.0526917488748,0.0,0.0,0,549.1329752123198,549.9999546379983,-0.8670247876801795,-4.536200174243277e-05,-0.05796069849197306,-1.9147958656622508e-05
mimi,Q8,24000,20260826,550.0,226.4,311.0631057845114,226.4Hz_+49.6c,3,226.2185430869215,311.0567051347365,226.40000345002858,311.0631023934468,226.2185430869215,311.0567051347365,0.0,0.0,0,551.3524964625252,549.9999547452397,1.3524964625252096,-4.525476026628894e-05,-0.03562343661885466,-1.8873104467371447e-05
mimi,Q8,24000,20260826,555.0,220.0,303.1440537236551,220Hz_ongrid,0,220.08014535356284,303.0517167591446,220.0000009514711,303.14405331427787,220.08014535356284,303.0517167591446,0.0,0.0,0,553.8420212327594,554.9999901747165,-1.1579787672405928,-9.825283541431418e-06,-0.5274101403149289,-2.337924027838983e-06
mimi,Q8,24000,20260826,555.0,220.0,303.1440537236551,220Hz_ongrid,1,220.0115506399403,303.2983774604888,220.00000093419905,303.1440533201809,220.0115506399403,303.2983774604888,0.0,0.0,0,555.7902151494668,554.9999903443462,0.7902151494668033,-9.655653798290587e-06,0.8811075868524507,-2.304212320501179e-06
mimi,Q8,24000,20260826,555.0,220.0,303.1440537236551,220Hz_ongrid,2,219.2509906575145,303.21424242848457,220.00000093082593,303.1440533109346,109.62392912383157,303.21424242848457,1200.0247340881463,0.0,0,561.3049912038507,554.9999903180851,6.3049912038507046,-9.681914889370091e-06,0.40079628488484914,-2.3570169623758497e-06
mimi,Q8,24000,20260826,555.0,220.0,303.1440537236551,220Hz_ongrid,3,219.9404766459167,303.2406717096444,220.00000094922834,303.14405330016496,219.9404766459167,303.2406717096444,0.0,0.0,0,556.0201577817921,554.9999901117674,1.0201577817921361,-9.888232625598903e-06,0.5516905076819877,-2.4185217903059744e-06
mimi,Q8,24000,20260826,555.0,226.4,311.9627898319796,226.4Hz_+49.6c,0,226.5377668767556,311.94457538616643,226.4000034502281,311.96278984975896,226.5377668767556,311.94457538616643,0.0,0.0,0,553.845761720999,554.9999737154851,-1.1542382790009924,-2.628451488817518e-05,-0.1010838164236934,9.866643327410894e-08
mimi,Q8,24000,20260826,555.0,226.4,311.9627898319796,226.4Hz_+49.6c,1,226.47484141484182,311.96908871439217,226.40000338967678,311.96278985135683,226.47484141484182,311.96908871439217,0.0,0.0,0,554.4627529522778,554.9999741873758,-0.5372470477221896,-2.5812624244281324e-05,0.03495522533499006,1.0753364597320071e-07
mimi,Q8,24000,20260826,555.0,226.4,311.9627898319796,226.4Hz_+49.6c,2,226.4184590836837,312.0600376069723,226.40000339871935,311.96278984685466,226.4184590836837,312.0600376069723,0.0,0.0,0,555.3984443049999,554.9999740932444,0.3984443049998845,-2.590675558167277e-05,0.5395913521857234,8.25492257118987e-08
mimi,Q8,24000,20260826,555.0,226.4,311.9627898319796,226.4Hz_+49.6c,3,226.39649106730008,311.9279118262575,226.40000352698289,311.9627898520382,226.39649106730008,311.9279118262575,0.0,0.0,0,554.8332663643034,554.9999731412056,-0.1667336356965734,-2.6858794399231556e-05,-0.19356592740362294,1.1131509875512499e-07
mimi,Q8,24000,20260826,560.0,220.0,304.0208335929107,220Hz_ongrid,0,219.2977023122421,304.13122480008855,220.00000094291548,304.02083235778247,219.2977023122421,304.13122480008855,0.0,0.0,0,566.1638970241974,559.9999855465796,6.163897024197354,-1.4453420362769975e-05,0.6285040592900147,-7.033386673551047e-06
mimi,Q8,24000,20260826,560.0,220.0,304.0208335929107,220Hz_ongrid,1,219.92333331109367,303.96616960839793,220.00000094275438,304.02083237675316,109.9649165147946,303.96616960839793,1199.948835043916,0.0,0,560.2921043721799,559.9999856558752,0.2921043721798924,-1.4344124792842194e-05,-0.3113097845937356,-6.92535886656652e-06
mimi,Q8,24000,20260826,560.0,220.0,304.0208335929107,220Hz_ongrid,2,219.79224530448934,304.1084893507366,220.00000093697025,304.0208323829677,219.79224530448934,304.1084893507366,0.0,0.0,0,562.1347253027163,559.9999857367802,2.1347253027163333,-1.4263219782151282e-05,0.49908013927481026,-6.889970549769146e-06
mimi,Q8,24000,20260826,560.0,220.0,304.0208335929107,220Hz_ongrid,3,219.49716425689832,304.11341631498834,220.00000094236952,304.02083235808226,109.75185080132225,304.11341631498834,1199.9484389374722,0.0,0,564.4885951416491,559.9999855525831,4.488595141649057,-1.444741690193041e-05,0.5271282190689872,-7.0316795034917e-06
mimi,Q8,24000,20260826,560.0,226.4,312.8650760247045,226.4Hz_+49.6c,0,226.3267406761985,312.91678959176073,226.40000347092325,312.86507863743145,113.16516502356671,312.91678959176073,1199.9725441550377,0.0,0,560.8464221513934,559.9999879160509,0.8464221513934262,-1.2083949059160659e-05,0.28613257497336175,1.4457484169044074e-05
mimi,Q8,24000,20260826,560.0,226.4,312.8650760247045,226.4Hz_+49.6c,1,226.363822167474,312.8338435544926,226.40000361014333,312.86507864046416,226.363822167474,312.8338435544926,0.0,0.0,0,560.1038335036997,559.9999868682452,0.10383350369966138,-1.3131754826645192e-05,-0.17283301671195883,1.4474265638986735e-05
mimi,Q8,24000,20260826,560.0,226.4,312.8650760247045,226.4Hz_+49.6c,2,226.48768261059936,312.74265277500655,226.40000338722464,312.86507863485133,226.48768261059936,312.74265277500655,0.0,0.0,0,558.6520792598171,559.9999885417997,-1.3479207401828717,-1.1458200333436253e-05,-0.6775597270399216,1.444320713792104e-05
mimi,Q8,24000,20260826,560.0,226.4,312.8650760247045,226.4Hz_+49.6c,3,226.24745332291744,312.91329722499546,226.4000034944183,312.86507863943007,226.24745332291744,312.91329722499546,0.0,0.0,0,561.4336968065504,559.9999877474481,1.4336968065504152,-1.2252551869096351e-05,0.2668107034838056,1.4468543294202272e-05
mimi,Q8,24000,20260826,565.0,220.0,304.9001493619464,220Hz_ongrid,0,220.0691174451375,304.9498629756415,220.00000095827582,304.90015238887764,220.0691174451375,304.9498629756415,0.0,0.0,0,564.7384359470416,565.000009646117,-0.2615640529584198,9.646116950534633e-06,0.2822526823992762,1.7187024946188256e-05
mimi,Q8,24000,20260826,565.0,220.0,304.9001493619464,220Hz_ongrid,1,219.7603829726612,304.99823918425625,220.00000093897947,304.9001523998937,109.87562382919195,304.99823918425625,1200.0719679117724,0.0,0,567.4435008532946,565.0000098605144,2.4435008532946085,9.86051441032032e-06,0.5568679796602407,1.7249574410794348e-05
mimi,Q8,24000,20260826,565.0,220.0,304.9001493619464,220Hz_ongrid,2,220.08185412696588,305.0737152097131,220.00000093768895,304.90015242111735,220.08185412696588,305.0737152097131,0.0,0.0,0,565.3412223127608,565.0000099911784,0.34122231276080583,9.991178444579418e-06,0.9852327483887753,1.737008308613997e-05
mimi,Q8,24000,20260826,565.0,220.0,304.9001493619464,220Hz_ongrid,3,219.95101989266294,304.82791200456876,220.00000095832402,304.90015241480666,219.95101989266294,304.82791200456876,0.0,0.0,0,564.9752644926866,565.0000097929635,-0.024735507313380367,9.79296351033554e-06,-0.4102149178161462,1.7334250582723927e-05
mimi,Q8,24000,20260826,565.0,226.4,313.7699718888394,226.4Hz_+49.6c,0,226.93957291257883,313.6814736046807,226.40000354892953,313.76997335900523,226.93957291257883,313.6814736046807,0.0,0.0,0,560.3905457765417,564.9999809737476,-4.609454223458329,-1.902625240290945e-05,-0.48836047772571695,8.111678645386738e-06
mimi,Q8,24000,20260826,565.0,226.4,313.7699718888394,226.4Hz_+49.6c,1,226.7184079649824,313.9064212979135,226.40000346558554,313.76997336426956,113.35463183300075,313.9064212979135,1200.0698277707477,0.0,0,563.3196101259688,564.9999816401081,-1.6803898740312206,-1.835989189657994e-05,0.7526995415135878,8.14072475404579e-06
mimi,Q8,24000,20260826,565.0,226.4,313.7699718888394,226.4Hz_+49.6c,2,226.39177848126172,313.85074626293397,226.40000356441433,313.76997338179825,226.39177848126172,313.85074626293397,0.0,0.0,0,565.5084867695357,564.9999809810995,0.5084867695356934,-1.9018900502487668e-05,0.4456173719325434,8.237439531302046e-06
mimi,Q8,24000,20260826,565.0,226.4,313.7699718888394,226.4Hz_+49.6c,3,226.406334364515,313.8027269582199,226.4000034035555,313.76997336987324,226.406334364515,313.8027269582199,0.0,0.0,0,565.1322806219782,564.9999821453573,0.1322806219782251,-1.7854642692327616e-05,0.18071752180050893,8.171642945144348e-06
mimi,Q8,24000,20260826,570.0,220.0,305.78200836531414,220Hz_ongrid,0,219.33046310126412,305.90617435890897,220.00000092589806,305.7820066699308,219.33046310126412,305.90617435890897,0.0,0.0,0,575.9796270400946,569.999983115195,5.979627040094556,-1.6884804949768295e-05,0.7028430657025794,-9.59868550464612e-06
mimi,Q8,24000,20260826,570.0,220.0,305.78200836531414,220Hz_ongrid,1,220.5602033932791,305.82542270722803,220.00000094703165,305.7820066703676,220.5602033932791,305.82542270722803,0.0,0.0,0,565.843004895915,569.9999829513627,-4.156995104085013,-1.704863734630635e-05,0.24577983604147818,-9.596212587508524e-06
mimi,Q8,24000,20260826,570.0,220.0,305.78200836531414,220Hz_ongrid,2,219.8000557057435,305.663682206355,220.00000092257838,305.7820066687429,219.8000557057435,305.663682206355,0.0,0.0,0,570.904073952585,569.9999831345929,0.9040739525850086,-1.6865407133082044e-05,-0.6700522417648841,-9.605411162696711e-06
mimi,Q8,24000,20260826,570.0,220.0,305.78200836531414,220Hz_ongrid,3,219.9807783854738,305.63587667595647,220.00000094439358,305.78200667437306,219.9807783854738,305.63587667595647,0.0,0.0,0,569.3237203836118,569.9999829947998,-0.6762796163882285,-1.7005200220410188e-05,-0.8275458316491717,-9.573535018614226e-06
mimi,Q8,24000,20260826,570.0,226.4,314.6774849723051,226.4Hz_+49.6c,0,226.30587839480677,314.6797741371719,226.40000354377207,314.6774860353561,226.30587839480677,314.6797741371719,0.0,0.0,0,570.7324721830599,569.9999787500032,0.7324721830599401,-2.124999684838258e-05,0.012594055614522176,5.8484962706843715e-06
mimi,Q8,24000,20260826,570.0,226.4,314.6774849723051,226.4Hz_+49.6c,1,226.52629192386385,314.6834224458756,226.40000340650823,314.6774859638154,226.52629192386385,314.6834224458756,0.0,0.0,0,569.0672063708167,569.9999794060419,-0.9327936291832657,-2.0593958083736652e-05,0.03266537940260378,5.454906890166863e-06
mimi,Q8,24000,20260826,570.0,226.4,314.6774849723051,226.4Hz_+49.6c,2,226.36258504199503,314.7130694395862,226.40000359267395,314.67748599296306,226.36258504199503,314.7130694395862,0.0,0.0,0,570.4818890354179,569.9999781428304,0.4818890354179075,-2.1857169599570625e-05,0.19576093415708162,5.615266320049213e-06
mimi,Q8,24000,20260826,570.0,226.4,314.6774849723051,226.4Hz_+49.6c,3,226.3095680972916,314.7618562358221,226.40000346916435,314.67748595683344,226.3095680972916,314.7618562358221,0.0,0.0,0,571.1557681360007,569.9999788885116,1.1557681360006882,-2.111148842232069e-05,0.4641159059359283,5.416494987491404e-06
mimi,Q8,24000,20260826,575.0,220.0,306.66641795877985,220Hz_ongrid,0,219.53473595107528,306.7943976960999,220.0000009447201,306.6664169855874,219.53473595107528,306.7943976960999,0.0,0.0,0,579.3874915942399,574.9999870717697,4.387491594239918,-1.2928230262332363e-05,0.7223375198524539,-5.493995566157473e-06
mimi,Q8,24000,20260826,575.0,220.0,306.66641795877985,220Hz_ongrid,1,220.02785471758264,306.7491942140078,220.0000009466545,306.6664169724416,220.02785471758264,306.7491942140078,0.0,0.0,0,575.2480547284716,574.9999869823353,0.24805472847162946,-1.3017664741710178e-05,0.4672364691441437,-5.568207874632262e-06
mimi,Q8,24000,20260826,575.0,220.0,306.66641795877985,220Hz_ongrid,2,220.13568769195277,306.6210438517338,220.00000092141943,306.6664169574753,220.13568769195277,306.6210438517338,0.0,0.0,0,573.6763984625265,574.9999870964266,-1.3236015374734507,-1.2903573406219948e-05,-0.25617089570202106,-5.652697608258887e-06
mimi,Q8,24000,20260826,575.0,220.0,306.66641795877985,220Hz_ongrid,3,220.08976139441677,306.6959351532382,220.00000092060844,306.6664169513224,220.08976139441677,306.6959351532382,0.0,0.0,0,574.4604159673445,574.9999870680732,-0.5395840326555117,-1.2931926789860881e-05,0.16662637300595473,-5.687432810433226e-06
mimi,Q8,24000,20260826,575.0,226.4,315.58762284485346,226.4Hz_+49.6c,0,226.4145243091313,315.5514515755932,226.40000347579192,315.58762343121805,226.41451323042546,315.5514515755932,8.471114366321171e-05,0.0,0,574.6905013434238,574.9999766379855,-0.3094986565762383,-2.3362014530903252e-05,-0.19843782629793102,3.216648195241423e-06
mimi,Q8,24000,20260826,575.0,226.4,315.58762284485346,226.4Hz_+49.6c,1,226.29922295249528,315.5065475983306,226.40000359070282,315.587623430766,226.29920052095463,315.5065475983306,0.00017160575461662995,0.0,0,575.3259773559619,574.9999757568054,0.32597735596186794,-2.424319461624691e-05,-0.4448154797260504,3.2141683587208956e-06
mimi,Q8,24000,20260826,575.0,226.4,315.58762284485346,226.4Hz_+49.6c,2,226.5606879250145,315.58160322525595,226.40000337737774,315.58762348602374,226.5606879250145,315.58160322525595,0.0,0.0,0,573.7386660371461,574.9999776911886,-1.2613339628538824,-2.2308811367111048e-05,-0.033022428786055026,3.5172984853598265e-06
mimi,Q8,24000,20260826,575.0,226.4,315.58762284485346,226.4Hz_+49.6c,3,226.5018755077337,315.4777575940646,226.40000342433137,315.58762339226155,226.5018755077337,315.4777575940646,0.0,0.0,0,573.6183562795302,574.9999768177881,-1.3816437204698104,-2.3182211862149416e-05,-0.6027979692508234,3.0029424880734005e-06
mimi,Q8,24000,20260826,580.0,220.0,307.5533855193843,220Hz_ongrid,0,219.71886946790576,307.4401265373885,220.0000009467057,307.5533873683735,109.86537778113146,307.4401265373885,1199.906348258847,0.0,0,581.5760417961567,580.0000029581968,1.5760417961566873,2.9581967737613013e-06,-0.6376581357896922,1.0408056460008526e-05
mimi,Q8,24000,20260826,580.0,220.0,307.5533855193843,220Hz_ongrid,1,220.7990373036978,307.33053370336825,220.00000092868837,307.5533873639705,110.40291114994382,307.33074877514963,1199.9468012356651,-0.0012115277194761646,0,572.4686710242119,580.0000030751951,-7.531328975788142,3.0751950816920726e-06,-1.2548991984164486,1.0383271933708516e-05
mimi,Q8,24000,20260826,580.0,220.0,307.5533855193843,220Hz_ongrid,2,220.08422276267237,307.5109115779082,220.00000094526035,307.55338736318765,220.08422276267237,307.5109115779082,0.0,0.0,0,579.0982526779322,580.0000029403793,-0.901747322067763,2.9403793178062188e-06,-0.2391045428757872,1.0378865428373351e-05
mimi,Q8,24000,20260826,580.0,220.0,307.5533855193843,220Hz_ongrid,3,219.80741830367157,307.50965880662517,220.0000009424599,307.5533873379009,219.80741830367157,307.50965880662517,0.0,0.0,0,581.2699789232763,580.0000028200764,1.2699789232763123,2.8200763608765556e-06,-0.24615744616180385,1.023652488849857e-05
mimi,Q8,24000,20260826,580.0,226.4,316.50039309813,226.4Hz_+49.6c,0,226.38811419551544,316.4475836339724,226.40000349124026,316.5003933729361,226.38811419551544,316.4475836339724,0.0,0.0,0,579.802002662182,579.9999748063763,-0.19799733781803752,-2.5193623741870397e-05,-0.2888880161900303,1.5031691888704097e-06
mimi,Q8,24000,20260826,580.0,226.4,316.50039309813,226.4Hz_+49.6c,1,226.3485929233891,316.5396080824066,226.400003443862,316.5003933207423,226.3485929233891,316.5396080824066,0.0,0.0,0,580.6076337495011,579.9999748831718,0.607633749501133,-2.5116828169302607e-05,0.2144898141459292,1.217673155947642e-06
mimi,Q8,24000,20260826,580.0,226.4,316.50039309813,226.4Hz_+49.6c,2,226.36999213856052,316.48679114887386,226.40000353788082,316.5003933552007,226.36999213856052,316.48679114887386,0.0,0.0,0,580.1550758597938,579.9999743527139,0.1550758597937829,-2.5647286065577646e-05,-0.07440326842504622,1.4061576458068736e-06
mimi,Q8,24000,20260826,580.0,226.4,316.50039309813,226.4Hz_+49.6c,3,226.33971516536377,316.489888221055,226.40000346318206,316.50039326620345,226.33971516536377,316.489888221055,0.0,0.0,0,580.4035852029176,579.9999744371116,0.40358520291761124,-2.556288836785825e-05,-0.05746186446108204,9.193493218927764e-07
mimi,Q8,24000,20260826,585.0,220.0,308.44291844550474,220Hz_ongrid,0,219.92117408153933,308.6297115813741,220.0000009424837,308.4429188756872,219.92117408153933,308.6297115813741,0.0,0.0,0,586.6685302593625,584.9999949979001,1.6685302593624556,-5.0020998969557695e-06,1.0481185879608208,2.4145358274027133e-06
mimi,Q8,24000,20260826,585.0,220.0,308.44291844550474,220Hz_ongrid,1,219.8326686784586,308.4020707674216,220.0000009270917,308.44291887778945,219.8326686784586,308.4020707674216,0.0,0.0,0,586.0879865222197,584.9999951308231,1.087986522219694,-4.869176905231143e-06,-0.22928577669548286,2.426335328570368e-06
mimi,Q8,24000,20260826,585.0,220.0,308.44291844550474,220Hz_ongrid,2,219.25028185213213,308.46427769136864,220.00000094513263,308.442918911047,109.62363889083268,308.46427769136864,1200.0237207663472,0.0,0,591.0296731613006,584.9999951755233,6.029673161300593,-4.824476718567894e-06,0.11988141473572575,2.613004244295448e-06
mimi,Q8,24000,20260826,585.0,220.0,308.44291844550474,220Hz_ongrid,3,220.34397383599347,308.63201834339446,220.00000093355067,308.44291890571657,110.16391460669443,308.63201834339446,1200.126852320396,0.0,0,583.3563573901398,584.9999952367458,-1.6436426098601942,-4.763254196404887e-06,1.061058139399077,2.5830851377541372e-06
mimi,Q8,24000,20260826,585.0,226.4,317.41580334573763,226.4Hz_+49.6c,0,226.2334981211032,317.4301837521016,226.40000344013472,317.4158035682749,113.11576510030719,317.4301837521016,1200.0150594222441,0.0,0,586.352105039651,584.9999749077524,1.3521050396509509,-2.5092247597058304e-05,0.07843114596901785,1.213752161909726e-06
mimi,Q8,24000,20260826,585.0,226.4,317.41580334573763,226.4Hz_+49.6c,1,226.468354959663,317.43974110601056,226.40000342241223,317.4158035261157,226.468354959663,317.43974110601056,0.0,0.0,0,584.6079378902518,584.9999748133303,-0.39206210974816713,-2.518666974538064e-05,0.1305552610345357,9.838096950635905e-07
mimi,Q8,24000,20260826,585.0,226.4,317.41580334573763,226.4Hz_+49.6c,2,226.61882621418889,317.4595369308905,226.40000344649422,317.41580358300547,226.61882621418889,317.4595369308905,0.0,0.0,0,583.5660024684894,584.9999749394656,-1.433997531510613,-2.5060534426302183e-05,0.2385131915541379,1.2940948673895733e-06
mimi,Q8,24000,20260826,585.0,226.4,317.41580334573763,226.4Hz_+49.6c,3,226.46619055563505,317.45121629262104,226.4000035505658,317.4158035481682,226.46619055563505,317.45121629262104,0.0,0.0,0,584.6870652860679,584.9999739536439,-0.3129347139321226,-2.6046356083497813e-05,0.19313682263981094,1.104086956010959e-06
mimi,Q8,24000,20260826,590.0,220.0,309.33502415691686,220Hz_ongrid,0,219.78643419643123,309.3056917402434,220.0000009396603,309.3350233852647,109.8648084765438,309.3056917402434,1200.4476011583254,0.0,0,591.5172475278019,589.9999882869295,1.517247527801942,-1.171307053482451e-05,-0.16417050226301325,-4.318652420203555e-06
mimi,Q8,24000,20260826,590.0,220.0,309.33502415691686,220Hz_ongrid,1,220.0605288264959,309.45902667908103,220.00000093361075,309.3350233990309,220.0605288264959,309.45902667908103,0.0,0.0,0,590.2176066281478,589.9999884115794,0.21760662814779153,-1.1588420647967723e-05,0.6938573217514664,-4.241608346814549e-06
mimi,Q8,24000,20260826,590.0,220.0,309.33502415691686,220Hz_ongrid,2,219.99455099330285,309.3703346915844,220.00000093561573,309.33502339649283,219.99455099330285,309.37112625269435,0.0,-0.004429564307547913,0,590.2404888653391,589.999988381597,0.24048886533910263,-1.161840305030637e-05,0.19760876190662374,-4.255812916584095e-06
mimi,Q8,24000,20260826,590.0,220.0,309.33502415691686,220Hz_ongrid,3,220.02507651076357,309.0971271330337,220.00000093918825,309.335023387976,220.02507651076357,309.0971271330337,0.0,0.0,0,588.4707438802011,589.9999883058183,-1.5292561197989016,-1.1694181694110739e-05,-1.3319341414385308,-4.3034785576395594e-06
mimi,Q8,24000,20260826,590.0,226.4,318.33386122329995,226.4Hz_+49.6c,0,226.4886389744397,318.28976061322487,226.40000351070063,318.33386180185596,226.4886389744397,318.28976061322487,0.0,0.0,0,589.0824743498462,589.9999763008298,-0.9175256501538342,-2.3699170242252876e-05,-0.2398543668501835,3.146432033559222e-06
mimi,Q8,24000,20260826,590.0,226.4,318.33386122329995,226.4Hz_+49.6c,1,226.33110325635533,318.3450387021985,226.40000332931584,318.333861783224,226.33110325635533,318.3450387021985,0.0,0.0,0,590.5877061363794,589.9999775865134,0.5877061363794382,-2.2413486590266984e-05,0.060786786105650005,3.0451035530388254e-06
mimi,Q8,24000,20260826,590.0,226.4,318.33386122329995,226.4Hz_+49.6c,2,226.3554937270118,318.33738364450795,226.40000353607687,318.33386176958317,226.3554937270118,318.33738364450795,0.0,0.0,0,590.3595200439377,589.9999759312697,0.359520043937664,-2.4068730340331967e-05,0.019156308941719814,2.970919114740615e-06
mimi,Q8,24000,20260826,590.0,226.4,318.33386122329995,226.4Hz_+49.6c,3,226.37475561715826,318.35233132516714,226.40000339580425,318.3338618024899,226.37475561715826,318.35233132516714,0.0,0.0,0,590.2934946502679,589.9999771828662,0.29349465026791677,-2.281713375396066e-05,0.10044530453297629,3.1498794330192983e-06
mimi,Q8,24000,20260826,595.0,220.0,310.22971009485633,220Hz_ongrid,0,219.9116006982412,310.18166223756924,220.0000009496412,310.2297103994303,219.9116006982412,310.18166223756924,0.0,0.0,0,595.4276242267388,594.9999942267126,0.42762422673877154,-5.773287398369575e-06,-0.26815139243390856,1.6996721115038738e-06
mimi,Q8,24000,20260826,595.0,220.0,310.22971009485633,220Hz_ongrid,1,220.38112425267067,310.2184440916207,220.00000093718592,310.22971040794823,110.20514302677196,310.2184440916207,1199.7709306420356,0.0,0,591.9405635035961,594.9999943722605,-3.0594364964039187,-5.627739483315963e-06,-0.0628709692144777,1.7472064759760615e-06
mimi,Q8,24000,20260826,595.0,220.0,310.22971009485633,220Hz_ongrid,2,220.05948162469542,310.1670604511062,220.00000092757602,310.2297103723312,220.05948162469542,310.1667466450169,0.0,0.001751546604037456,0,594.1823366793108,594.9999942491227,-0.8176633206892348,-5.750877335231053e-06,-0.3496510682845391,1.5484462908983651e-06
mimi,Q8,24000,20260826,595.0,220.0,310.22971009485633,220Hz_ongrid,3,219.79194262008323,310.17146160401296,220.00000095003162,310.2297103942641,219.79194262008323,310.17136990420903,0.0,0.0005118260895530166,0,596.3129436262195,594.9999941948104,1.3129436262195213,-5.805189630336827e-06,-0.3250856882651045,1.670842426231145e-06
mimi,Q8,24000,20260826,595.0,226.4,319.2545743885249,226.4Hz_+49.6c,0,226.393881708975,319.2965018470217,226.40000340806867,319.2545757204833,226.393881708975,319.2965018470217,0.0,0.0,0,595.2741326523394,594.999981162065,0.27413265233940365,-1.8837935044757614e-05,0.22734671209965826,7.222861954016459e-06
mimi,Q8,24000,20260826,595.0,226.4,319.2545743885249,226.4Hz_+49.6c,1,226.51525451983244,319.26782525610867,226.4000033863506,319.2545758411399,226.51525451983244,319.26782525610867,0.0,0.0,0,594.1907512389267,594.9999819824282,-0.8092487610732633,-1.8017571846939973e-05,0.07185449768643012,7.877151307328331e-06
mimi,Q8,24000,20260826,595.0,226.4,319.2545743885249,226.4Hz_+49.6c,2,226.41006687139875,319.1738439233329,226.40000356164586,319.2545757250966,226.41006687139875,319.1738439233329,0.0,0.0,0,594.4851868681659,594.9999800127088,-0.5148131318341029,-1.9987291238976468e-05,-0.4378355564177406,7.247878664713739e-06
mimi,Q8,24000,20260826,595.0,226.4,319.2545743885249,226.4Hz_+49.6c,3,226.80773694645663,319.20899642435387,226.40000350134855,319.2545757286971,226.80773694645663,319.20899642435387,0.0,0.0,0,591.6377489645887,594.9999804933143,-3.3622510354113047,-1.9506685703163384e-05,-0.24717502204101538,7.26740329289852e-06
mimi,Q8,24000,20260826,600.0,220.0,311.1269837220809,220Hz_ongrid,0,220.05274728123968,311.2857865449764,220.0000009356668,311.1269878479933,220.05274728123968,311.2857865449764,0.0,0.0,0,600.4683849516905,600.0000155952223,0.46838495169049565,1.5595222293995903e-05,0.8834165145172018,2.295821414939195e-05
mimi,Q8,24000,20260826,600.0,220.0,311.1269837220809,220Hz_ongrid,1,220.03515323332695,311.2014661360994,220.00000095235848,311.12698784088633,220.03515323332695,311.2014661360994,0.0,0.0,0,600.1377927881291,600.0000154243254,0.13779278812910434,1.5424325397361827e-05,0.4144001189420281,2.2918668234137512e-05
mimi,Q8,24000,20260826,600.0,220.0,311.1269837220809,220Hz_ongrid,2,220.08428671568433,311.0166492004891,220.0000009526417,311.12698786409226,220.08428671568433,311.0166492004891,0.0,0.0,0,598.7228001856344,600.0000155512237,-1.2771998143656447,1.5551223668808234e-05,-0.6140539658744673,2.3047795023228486e-05
mimi,Q8,24000,20260826,600.0,220.0,311.1269837220809,220Hz_ongrid,3,220.01318577503017,310.9589601235381,220.0000009364562,311.12698786366104,220.01318577503017,310.9589601235381,0.0,0.0,0,598.9610384516704,600.0000156761921,-1.038961548329553,1.5676192106184317e-05,-0.9352025545523891,2.3045395913083185e-05
mimi,Q8,24000,20260826,600.0,226.4,320.17795052126877,226.4Hz_+49.6c,0,226.38318677623846,320.14464443014697,226.4000036165012,320.17795330262777,226.38318677623846,320.14464443014697,0.0,0.0,0,599.9484733069563,599.9999873844474,-0.051526693043683736,-1.2615552577699418e-05,-0.1800987174214884,1.5039084825730771e-05
mimi,Q8,24000,20260826,600.0,226.4,320.17795052126877,226.4Hz_+49.6c,1,226.4212879562076,320.0937944745462,226.40000350591203,320.1779532168912,226.4212879562076,320.0937944745462,0.0,0.0,0,599.3821231137279,599.9999877665138,-0.6178768862721427,-1.2233486245349923e-05,-0.4550999337349489,1.4575498784866235e-05
mimi,Q8,24000,20260826,600.0,226.4,320.17795052126877,226.4Hz_+49.6c,2,226.39655482016948,320.1073125653638,226.40000342658428,320.17795320880583,226.3960904595806,320.1073125653638,0.003550927210955784,0.0,0,599.6443561814048,599.9999883293984,-0.3556438185952402,-1.1670601566038385e-05,-0.3819885977876054,1.453178047050265e-05
mimi,Q8,24000,20260826,600.0,226.4,320.17795052126877,226.4Hz_+49.6c,3,226.47716863597134,320.19050358376967,226.4000034773655,320.1779532555396,226.47716863597134,160.0933945058864,0.0,1200.0200843896032,0,599.4778822476962,599.999988193779,-0.5221177523037568,-1.1806220982180093e-05,0.06787432792812095,1.4784474311070596e-05
mimi,Q8,24000,20260826,605.0,220.0,312.02685252293304,220Hz_ongrid,0,219.855482464581,312.0712968276816,220.00000094517208,312.0268557557055,109.93729559841036,312.0712968276816,1199.849536386569,0.0,0,606.3841926594175,605.0000104987605,1.384192659417522,1.0498760502741789e-05,0.2465749782397332,1.793655178029749e-05
mimi,Q8,24000,20260826,605.0,220.0,312.02685252293304,220Hz_ongrid,1,220.0056435744406,312.08846342841804,220.0000009312018,312.02685575640226,110.00899330197188,312.08846342841804,1199.902874884508,0.0,0,605.2973949917592,605.0000106125614,0.29739499175923356,1.061256136836164e-05,0.34180509591696795,1.794041741908812e-05
mimi,Q8,24000,20260826,605.0,220.0,312.02685252293304,220Hz_ongrid,2,220.04051499132123,312.0669690523967,220.00000093323882,312.02685575069677,110.01781847736291,312.0669690523967,1200.0383798258983,0.0,0,604.9037731544818,605.0000105648757,-0.09622684551823113,1.0564875651652983e-05,0.22256622139981785,1.7908761543116357e-05
mimi,Q8,24000,20260826,605.0,220.0,312.02685252293304,220Hz_ongrid,3,219.18120899341156,311.9971502216773,220.0000009482241,312.02685574999595,109.5899379536224,311.9971502216773,1200.0105296032962,0.0,0,611.2904810319299,605.0000104430645,6.290481031929858,1.0443064525134105e-05,-0.1648065942406993,1.7904872839655065e-05
mimi,Q8,24000,20260826,605.0,226.4,321.1039973236002,226.4Hz_+49.6c,0,226.35313002145676,321.0974389034932,226.40000351995602,321.10400134928483,226.35313002145676,321.0974389034932,0.0,0.0,0,605.3230820306993,604.999994788125,0.32308203069931096,-5.211874963606533e-06,-0.03536012085071668,2.1704501692197562e-05
mimi,Q8,24000,20260826,605.0,226.4,321.1039973236002,226.4Hz_+49.6c,1,226.5995681859366,321.13427053506916,226.40000352467393,321.10400132958125,226.5995681859366,321.13427053506916,0.0,0.0,0,603.6378259956899,604.9999946458164,-1.3621740043100772,-5.354183599592943e-06,0.16321050031255835,2.1598269663806627e-05
mimi,Q8,24000,20260826,605.0,226.4,321.1039973236002,226.4Hz_+49.6c,2,226.29735913083607,321.07457819785094,226.40000360633087,321.10400122153186,226.29735913083607,321.07457819785094,0.0,0.0,0,605.6264308485083,604.9999934388536,0.6264308485083347,-6.56114639241423e-06,-0.1586206521610471,2.1015721051363956e-05
mimi,Q8,24000,20260826,605.0,226.4,321.1039973236002,226.4Hz_+49.6c,3,226.30925857027137,321.145485763516,226.4000033820178,321.1040012142613,226.30925857027137,321.145485763516,0.0,0.0,0,605.9176907797532,604.9999951149302,0.9176907797532294,-4.885069756710436e-06,0.22367071306795097,2.097652149053454e-05
mimi,Q8,24000,20260826,610.0,220.0,312.9293240034019,220Hz_ongrid,0,220.04626722328857,312.97513360796404,220.0000009592992,312.92932495577764,220.04626722328857,312.97513360796404,0.0,0.0,0,609.8893662774477,609.9999977199133,-0.11063372255227932,-2.2800867327532615e-06,0.2534161448108208,5.26887417524993e-06
mimi,Q8,24000,20260826,610.0,220.0,312.9293240034019,220Hz_ongrid,1,220.07837967559925,313.01713477219977,220.0000009430042,312.9293249334925,220.07837967559925,313.01713477219977,0.0,0.0,0,609.8690525428527,609.9999977248536,-0.13094745714727196,-2.275146357533231e-06,0.4857316202798851,5.145585437413157e-06
mimi,Q8,24000,20260826,610.0,220.0,312.9293240034019,220Hz_ongrid,2,219.1923221154966,312.82349464760523,220.00000095105844,312.92932487353244,109.59787287285003,312.82349464760523,1199.9729595506162,0.0,0,615.7819273778551,609.9999973297528,5.7819273778551405,-2.670247226888023e-06,-0.5855838932945597,4.8138651140036965e-06
mimi,Q8,24000,20260826,610.0,220.0,312.9293240034019,220Hz_ongrid,3,219.95740936859187,312.8992146228096,220.0000009557382,312.92932493090507,219.95740936859187,312.8992146228096,0.0,0.0,0,610.168604990149,609.999997610332,0.16860499014899233,-2.3896679977042368e-06,-0.16658359822433616,5.131270733917758e-06
mimi,Q8,24000,20260826,610.0,226.4,322.03272251986454,226.4Hz_+49.6c,0,226.5734252568469,322.1144429761498,226.40000356247816,322.0327242839787,226.5734252568469,322.1144429761498,0.0,0.0,0,609.1136304569786,609.9999822422674,-0.8863695430213738,-1.775773262124858e-05,0.43926992079939026,9.48380205651884e-06
mimi,Q8,24000,20260826,610.0,226.4,322.03272251986454,226.4Hz_+49.6c,1,226.35666841976783,322.02291388166896,226.4000036461832,322.0327243554682,226.35666841976783,322.02291388166896,0.0,0.0,0,610.2786477395659,609.9999819865164,0.27864773956594036,-1.8013483554568666e-05,-0.05273161963257967,9.868126357901836e-06
mimi,Q8,24000,20260826,610.0,226.4,322.03272251986454,226.4Hz_+49.6c,2,226.6663953910668,322.01443393897597,226.40000357044565,322.03272432683667,226.66630655583327,107.33690000644748,0.0006785064494724064,1901.9750755129912,0,607.8658055676074,609.9999824117441,-2.1341944323926327,-1.758825590059132e-05,-0.09832141523911425,9.714204278005255e-06
mimi,Q8,24000,20260826,610.0,226.4,322.03272251986454,226.4Hz_+49.6c,3,226.34423468633156,322.0078166537778,226.400003401785,322.0327243144438,226.34423468633156,322.0078166537778,0.0,0.0,0,610.292580322563,609.9999836348334,0.29258032256302613,-1.6365166629839223e-05,-0.13389804147312542,9.647580823459125e-06
mimi,Q8,24000,20260826,615.0,220.0,313.8344056911862,220Hz_ongrid,0,219.9958677331122,313.8712297622799,220.00000093388502,313.83440248542894,219.9958677331122,313.8712297622799,0.0,0.0,0,615.2356422753952,614.9999749668111,0.23564227539520743,-2.5033188876477652e-05,0.20312414665419143,-1.7684218314102878e-05
mimi,Q8,24000,20260826,615.0,220.0,313.8344056911862,220Hz_ongrid,1,220.00458257197317,313.85492606845554,220.00000093699242,313.8344024571401,220.00458257197317,313.85492606845554,0.0,0.0,0,615.0771337642924,614.9999747863056,0.07713376429239815,-2.5213694357262284e-05,0.11319477341285221,-1.784027080323316e-05
mimi,Q8,24000,20260826,615.0,220.0,313.8344056911862,220Hz_ongrid,2,219.99375823872367,313.8387000564443,220.00000092407106,313.8344024697924,219.99375823872367,313.8387000564443,0.0,0.0,0,615.0728078958927,614.999974957782,0.07280789589265169,-2.504221799881634e-05,0.02368924615678835,-1.7770475570946692e-05
mimi,Q8,24000,20260826,615.0,220.0,313.8344056911862,220Hz_ongrid,3,219.8953824055597,313.8131489523255,220.0000009495202,313.83440248685054,219.8953824055597,313.8131489523255,0.0,0.0,0,615.7061928539416,614.999974851616,0.7061928539416158,-2.514838399747532e-05,-0.11726450562767646,-1.767637613373586e-05
mimi,Q8,24000,20260826,615.0,226.4,322.96413385674794,226.4Hz_+49.6c,0,226.3284411842847,322.98259808418794,226.40000345093912,322.96412891361535,226.3284411842847,322.98259808418794,0.0,0.0,0,615.6462557755813,614.9999471139512,0.6462557755812668,-5.288604882025538e-05,0.0989737935403754,-2.6497429812372367e-05
mimi,Q8,24000,20260826,615.0,226.4,322.96413385674794,226.4Hz_+49.6c,1,226.53471663648546,322.8970361116512,226.40000340281517,322.96412879093253,226.53471663648546,322.8970361116512,0.0,0.0,0,613.6104443931126,614.9999468243097,-1.3895556068873702,-5.3175690254647634e-05,-0.35971167410708277,-2.7155065478053874e-05
mimi,Q8,24000,20260826,615.0,226.4,322.96413385674794,226.4Hz_+49.6c,2,226.37562011833845,322.93814747447345,226.40000334672968,322.96412876897244,226.37536388539615,322.93814747447345,0.001959572523759047,0.0,0,615.0471335747935,614.9999471354679,0.04713357479351998,-5.2864532108287676e-05,-0.13930438436361883,-2.7272781409228802e-05
mimi,Q8,24000,20260826,615.0,226.4,322.96413385674794,226.4Hz_+49.6c,3,226.35415026914055,322.98359962394454,226.40000349661304,322.96412886595454,226.35415026914055,322.98359962394454,0.0,0.0,0,615.4549811153846,614.9999465092088,0.45498111538461217,-5.3490791174226615e-05,0.1043421850576266,-2.6752913523151172e-05
mimi,Q8,24000,20260826,620.0,220.0,314.74210513575684,220Hz_ongrid,0,220.0628109323047,314.8002017286417,220.0000009494329,314.7421006244051,220.0628109323047,314.8002017286417,0.0,0.0,0,619.8253258031716,619.9999677140594,-0.17467419682839136,-3.2285940619658504e-05,0.31952991538735076,-2.4814620063732117e-05
mimi,Q8,24000,20260826,620.0,220.0,314.74210513575684,220Hz_ongrid,1,219.9435932009308,314.80322042318494,220.0000009576111,314.7421006318636,219.9435932009308,314.80322042318494,0.0,0.0,0,620.7800669273573,619.9999676907282,0.7800669273573249,-3.230927177355625e-05,0.3361310537965586,-2.4773594933143756e-05
mimi,Q8,24000,20260826,620.0,220.0,314.74210513575684,220Hz_ongrid,2,219.3310316132953,314.7422509584242,220.00000092830527,314.74210061356894,219.3310316132953,314.7422509584242,0.0,0.0,0,625.2730986577089,619.9999678207134,5.2730986577089425,-3.2179286563405185e-05,0.0008020951258572161,-2.4874224363556596e-05
mimi,Q8,24000,20260826,620.0,220.0,314.74210513575684,220Hz_ongrid,3,219.80767366093298,314.73354940364453,220.0000009456184,314.7421006330722,219.80767366093298,314.73354940364453,0.0,0.0,0,621.4670638300846,619.9999677917494,1.4670638300846122,-3.220825055905152e-05,-0.04706131092331967,-2.47669469260938e-05
mimi,Q8,24000,20260826,620.0,226.4,323.8982391033425,226.4Hz_+49.6c,0,226.44519791689342,323.9182026829924,226.4000035214257,323.89823348015483,113.2201509093498,323.9182026829924,1200.0374323837084,0.0,0,619.7611172767091,619.9999430164821,-0.23888272329088522,-5.698351787941647e-05,0.10670191928688688,-3.0055903025376612e-05
mimi,Q8,24000,20260826,620.0,226.4,323.8982391033425,226.4Hz_+49.6c,1,226.3624008304848,323.82021821693075,226.40000345896,323.89823342885427,226.3624008304848,323.82021821693075,0.0,0.0,0,619.8704655810402,619.9999432199432,-0.12953441895979267,-5.678005675235909e-05,-0.4170713810025811,-3.033010429400163e-05
mimi,Q8,24000,20260826,620.0,226.4,323.8982391033425,226.4Hz_+49.6c,2,226.39285252183598,323.9989844108464,226.40000355496792,323.89823351972814,226.39285252183598,323.9989844108464,0.0,0.0,0,620.5930554592394,619.9999429715108,0.5930554592393946,-5.702848920918768e-05,0.5383993068965729,-2.9844384037165493e-05
